ISO-10303-21;
HEADER;
FILE_DESCRIPTION (( 'STEP AP214' ),
    '1' );
FILE_NAME ('Screw_DIN_912_M2.5x10F_A2.STEP',
    '2024-07-15T23:21:57',
    ( '' ),
    ( '' ),
    'SwSTEP 2.0',
    'SolidWorks 2023',
    '' );
FILE_SCHEMA (( 'AUTOMOTIVE_DESIGN' ));
ENDSEC;

DATA;
#1 = CARTESIAN_POINT ( 'NONE',  ( -0.5032151781249993849, 7.909375000614511819, 0.8715942556523227358 ) ) ;
#2 = AXIS2_PLACEMENT_3D ( 'NONE', #299, #5539, #5209 ) ;
#3 = CARTESIAN_POINT ( 'NONE',  ( -1.062732146793064491E-15, 1.871875000614513951, -1.162125674203096537 ) ) ;
#4 = CARTESIAN_POINT ( 'NONE',  ( -1.006430356250000324, 7.684375000614513063, -0.5810628371015467142 ) ) ;
#5 = PRESENTATION_LAYER_ASSIGNMENT (  '', '', ( #2055 ) ) ;
#6 = CARTESIAN_POINT ( 'NONE',  ( 1.249999999999999556, 2.837499999999996803, -0.7216878364870316087 ) ) ;
#7 = CARTESIAN_POINT ( 'NONE',  ( -1.140708133015879033, 0.2823032828416957019, 0.2261588030754556333 ) ) ;
#8 = ORIENTED_EDGE ( 'NONE', *, *, #5292, .T. ) ;
#9 = VECTOR ( 'NONE', #1253, 1000.000000000000000 ) ;
#10 = CARTESIAN_POINT ( 'NONE',  ( 1.249999999999999334, 9.099999999999997868, 0.000000000000000000 ) ) ;
#11 = CARTESIAN_POINT ( 'NONE',  ( -1.252801084755457817, 3.117132794191443068, 0.7233050435246216603 ) ) ;
#12 = CARTESIAN_POINT ( 'NONE',  ( -1.006430356249999436, 1.421875000614513773, 1.644310252063557226E-15 ) ) ;
#13 = CARTESIAN_POINT ( 'NONE',  ( -1.006430356250000102, 6.784375000614514484, -0.5810628371015466032 ) ) ;
#14 = ADVANCED_FACE ( 'NONE', ( #1401 ), #5401, .F. ) ;
#15 = CARTESIAN_POINT ( 'NONE',  ( -1.006430356249999658, 4.684375000614513951, 8.587269508238524180E-16 ) ) ;
#16 = CARTESIAN_POINT ( 'NONE',  ( 1.006430356249999658, 1.721875000614514040, 0.5810628371015478244 ) ) ;
#17 = DIRECTION ( 'NONE',  ( -0.000000000000000000, -1.000000000000000000, -0.000000000000000000 ) ) ;
#18 = ORIENTED_EDGE ( 'NONE', *, *, #4041, .T. ) ;
#19 = CARTESIAN_POINT ( 'NONE',  ( 1.149999999999997247, 12.50000000000000000, 0.6639528095680693465 ) ) ;
#20 = CARTESIAN_POINT ( 'NONE',  ( 0.6250000000000012212, 6.831250001229030033, 1.082531754730547080 ) ) ;
#21 = CARTESIAN_POINT ( 'NONE',  ( -1.006430356249998992, 10.12187500061451395, 0.5810628371015487126 ) ) ;
#22 = CARTESIAN_POINT ( 'NONE',  ( 1.006430356249998104, 7.084375000614513418, -0.5810628371015496008 ) ) ;
#23 = DIRECTION ( 'NONE',  ( 1.000000000000000000, -0.000000000000000000, 1.224646799147353207E-16 ) ) ;
#24 = AXIS2_PLACEMENT_3D ( 'NONE', #2769, #5485, #4085 ) ;
#25 = ORIENTED_EDGE ( 'NONE', *, *, #3134, .F. ) ;
#26 = LINE ( 'NONE', #5412, #1223 ) ;
#27 = CARTESIAN_POINT ( 'NONE',  ( -1.252801084755457817, 7.617132794191443068, 0.7233050435246216603 ) ) ;
#28 = FACE_OUTER_BOUND ( 'NONE', #3565, .T. ) ;
#29 = DIRECTION ( 'NONE',  ( 0.000000000000000000, 0.000000000000000000, -1.000000000000000000 ) ) ;
#30 = CARTESIAN_POINT ( 'NONE',  ( 1.006430356249998104, -0.1156249993854859826, -0.5810628371015496008 ) ) ;
#31 = CARTESIAN_POINT ( 'NONE',  ( 9.204127980810867663E-16, 7.946875000614515017, 1.162125674203096537 ) ) ;
#32 =( BOUNDED_CURVE ( )  B_SPLINE_CURVE ( 2, ( #4868, #46, #4778, #3149, #3116, #805, #4344, #4004, #486 ),
 .UNSPECIFIED., .F., .F. ) 
 B_SPLINE_CURVE_WITH_KNOTS ( ( 3, 2, 2, 2, 3 ),
 ( 0.9057002386505257352, 0.9088784688839336434, 0.9152342623726176241, 0.9215900558613016047, 0.9247680525546347896 ),
 .UNSPECIFIED. ) 
 CURVE ( )  GEOMETRIC_REPRESENTATION_ITEM ( )  RATIONAL_B_SPLINE_CURVE ( ( 0.9330127026299130932, 0.9330056722328972096, 1.000000000000000000, 0.8660254037844387076, 1.000000000000000000, 0.8660254037844387076, 1.000000000000000000, 0.9330105950544578253, 0.9330127019584821824 ) ) 
 REPRESENTATION_ITEM ( '' )  );
#33 = CARTESIAN_POINT ( 'NONE',  ( -1.006430356249999658, 1.984375000614513773, 8.587269508238524180E-16 ) ) ;
#34 = CARTESIAN_POINT ( 'NONE',  ( -0.5032151781250009392, 8.546875000614512885, -0.8715942556523212925 ) ) ;
#35 = CARTESIAN_POINT ( 'NONE',  ( 8.838126989374219771E-17, 2.912499999999996980, -1.443375672974063439 ) ) ;
#36 = CARTESIAN_POINT ( 'NONE',  ( 5.099224419178628731E-05, 4.994574862039252494, 1.249999998066108731 ) ) ;
#37 = CARTESIAN_POINT ( 'NONE',  ( 0.6249999999999987788, 9.924999999999997158, 1.082531754730548412 ) ) ;
#38 = CARTESIAN_POINT ( 'NONE',  ( 0.6264005423777272430, 4.279632794191443601, -1.084957565286930325 ) ) ;
#39 = CARTESIAN_POINT ( 'NONE',  ( 0.5032151781249982747, 1.721875000614513818, -0.8715942556523229579 ) ) ;
#40 = CARTESIAN_POINT ( 'NONE',  ( 0.5032151781250004952, 4.721875000614513596, 0.8715942556523216256 ) ) ;
#41 = CARTESIAN_POINT ( 'NONE',  ( -1.062732146793064491E-15, 6.371875000614513063, -1.162125674203096537 ) ) ;
#42 = CARTESIAN_POINT ( 'NONE',  ( 1.006430356249999658, 0.8593750006145139952, -9.819791222584819450E-16 ) ) ;
#43 = CARTESIAN_POINT ( 'NONE',  ( -0.1620184727601960417, 0.02812500184355221783, -1.006430356254393255 ) ) ;
#44 = EDGE_LOOP ( 'NONE', ( #1926, #3887, #4480, #3960 ) ) ;
#45 = CARTESIAN_POINT ( 'NONE',  ( 1.250000000000000444, 7.768750001229030921, 0.7216878364870297213 ) ) ;
#46 = CARTESIAN_POINT ( 'NONE',  ( 0.3349038655306442180, 9.513844233160867248, 1.250018836057301463 ) ) ;
#47 = CARTESIAN_POINT ( 'NONE',  ( 1.250000000000000444, 5.518750001229031810, 0.7216878364870298324 ) ) ;
#48 = CARTESIAN_POINT ( 'NONE',  ( 1.006430356249999880, 7.009375000614513240, 0.5810628371015469362 ) ) ;
#49 = CARTESIAN_POINT ( 'NONE',  ( 0.9768404724119258420, 10.00000000000000888, -0.6773645739452388570 ) ) ;
#50 = VERTEX_POINT ( 'NONE', #4488 ) ;
#51 = CARTESIAN_POINT ( 'NONE',  ( 0.6250000000000012212, 9.081250001229030033, 1.082531754730547080 ) ) ;
#52 = CARTESIAN_POINT ( 'NONE',  ( 0.6264005423777310178, 9.529632794191440937, 1.084957565286928327 ) ) ;
#53 = CARTESIAN_POINT ( 'NONE',  ( -0.6250000000000002220, 6.699999999999996625, 1.082531754730547746 ) ) ;
#54 = CARTESIAN_POINT ( 'NONE',  ( 1.006430356249998104, -0.5656249993854859381, -0.5810628371015496008 ) ) ;
#56 = ORIENTED_EDGE ( 'NONE', *, *, #4959, .T. ) ;
#55 = CARTESIAN_POINT ( 'NONE',  ( -0.5032151781249993849, 10.15937500061451360, 0.8715942556523227358 ) ) ;
#57 = ADVANCED_FACE ( 'NONE', ( #2292 ), #70, .T. ) ;
#58 = CARTESIAN_POINT ( 'NONE',  ( -1.006430356249999214, 4.271875000614513418, 0.5810628371015488236 ) ) ;
#59 = CARTESIAN_POINT ( 'NONE',  ( -0.5032151781250009392, 9.446875000614511464, -0.8715942556523212925 ) ) ;
#60 = CARTESIAN_POINT ( 'NONE',  ( -2.651438096812265438E-16, 1.337499999999996803, 1.443375672974063439 ) ) ;
#61 = CARTESIAN_POINT ( 'NONE',  ( -0.8278717520672417285, 9.999999999999996447, -0.6306288551252435814 ) ) ;
#62 = EDGE_CURVE ( 'NONE', #3451, #4507, #3967, .T. ) ;
#63 = CARTESIAN_POINT ( 'NONE',  ( 8.838126989374219771E-17, 9.212499999999995026, -1.443375672974063439 ) ) ;
#64 = DIRECTION ( 'NONE',  ( -0.000000000000000000, -1.000000000000000000, -0.000000000000000000 ) ) ;
#65 = CARTESIAN_POINT ( 'NONE',  ( -1.252801084755458927, 3.079632794191442979, 2.607410558300822600E-15 ) ) ;
#66 = CARTESIAN_POINT ( 'NONE',  ( -1.006430356249999436, 0.07187500061451397582, 1.644310252063557226E-15 ) ) ;
#67 = CARTESIAN_POINT ( 'NONE',  ( -0.5032151781250009392, 5.846875000614513596, -0.8715942556523212925 ) ) ;
#68 = CARTESIAN_POINT ( 'NONE',  ( 1.006430356249998770, 4.496875000614513951, -0.5810628371015489346 ) ) ;
#69 = DIRECTION ( 'NONE',  ( -0.000000000000000000, -1.000000000000000000, -0.000000000000000000 ) ) ;
#70 = CYLINDRICAL_SURFACE ( 'NONE', #3439, 1.249999999999999334 ) ;
#71 = CARTESIAN_POINT ( 'NONE',  ( 1.530808498934190831E-16, 10.00000000000000000, 1.249999999999999334 ) ) ;
#72 = CARTESIAN_POINT ( 'NONE',  ( -1.250000000000000444, 6.643750001229030033, -0.7216878364870296103 ) ) ;
#73 = CARTESIAN_POINT ( 'NONE',  ( -0.5032151781250009392, 8.096875000614511819, -0.8715942556523212925 ) ) ;
#74 = CARTESIAN_POINT ( 'NONE',  ( -0.6249999999999993339, 7.449999999999995737, -1.082531754730547968 ) ) ;
#75 = ORIENTED_EDGE ( 'NONE', *, *, #1725, .T. ) ;
#76 = CARTESIAN_POINT ( 'NONE',  ( 0.000000000000000000, 12.50000000000000000, 0.000000000000000000 ) ) ;
#77 = CARTESIAN_POINT ( 'NONE',  ( -0.6264005423777315729, 10.20463279419144342, -1.084957565286927883 ) ) ;
#78 = CARTESIAN_POINT ( 'NONE',  ( -0.5032151781249986078, 1.046875000614513995, 0.8715942556523228468 ) ) ;
#79 = CARTESIAN_POINT ( 'NONE',  ( -0.3349364905389057845, 5.182596189432331357, -1.249999999999997780 ) ) ;
#80 = EDGE_CURVE ( 'NONE', #4367, #840, #2890, .T. ) ;
#81 = CARTESIAN_POINT ( 'NONE',  ( 9.204127980810867663E-16, 9.746875000614513951, 1.162125674203096537 ) ) ;
#82 = VECTOR ( 'NONE', #241, 1000.000000000000000 ) ;
#83 = CARTESIAN_POINT ( 'NONE',  ( 1.006430356249999658, 3.521875000614512974, 0.5810628371015478244 ) ) ;
#84 = CARTESIAN_POINT ( 'NONE',  ( -0.5032151781249986078, 7.346875000614513596, 0.8715942556523228468 ) ) ;
#85 = CARTESIAN_POINT ( 'NONE',  ( -2.651438096812265438E-16, 3.137499999999997069, 1.443375672974063439 ) ) ;
#86 = CARTESIAN_POINT ( 'NONE',  ( -1.249999999999998002, 4.918750001229031277, 0.7216878364870340512 ) ) ;
#87 = VECTOR ( 'NONE', #1402, 1000.000000000000000 ) ;
#88 = ORIENTED_EDGE ( 'NONE', *, *, #5091, .F. ) ;
#89 = ORIENTED_EDGE ( 'NONE', *, *, #3617, .F. ) ;
#90 = CARTESIAN_POINT ( 'NONE',  ( -1.249999999999999778, 9.362499999999997158, 0.7216878364870313867 ) ) ;
#91 = AXIS2_PLACEMENT_3D ( 'NONE', #3759, #4997, #1955 ) ;
#92 = CARTESIAN_POINT ( 'NONE',  ( -1.252801084755457817, 2.667132794191443335, 0.7233050435246216603 ) ) ;
#93 = CARTESIAN_POINT ( 'NONE',  ( 1.006430356249999880, 1.159375000614513818, 0.5810628371015469362 ) ) ;
#94 = CARTESIAN_POINT ( 'NONE',  ( 0.5032151781249982747, 6.221875000614513596, -0.8715942556523229579 ) ) ;
#95 = CARTESIAN_POINT ( 'NONE',  ( -1.062732146793064491E-15, 8.621875000614513951, -1.162125674203096537 ) ) ;
#96 = CARTESIAN_POINT ( 'NONE',  ( -1.249999999999999556, 8.912499999999996092, 0.7216878364870313867 ) ) ;
#97 = CARTESIAN_POINT ( 'NONE',  ( 1.530808498934190831E-16, 10.00000000000000000, 1.249999999999999334 ) ) ;
#98 = CARTESIAN_POINT ( 'NONE',  ( 0.3349485061199704017, 7.898653090861832204, -1.249993062801034727 ) ) ;
#99 = CARTESIAN_POINT ( 'NONE',  ( -0.6249999999999978906, 5.856250001229030389, 1.082531754730548856 ) ) ;
#100 = CARTESIAN_POINT ( 'NONE',  ( 1.249999999999999334, -0.8000000000000029310, 0.000000000000000000 ) ) ;
#101 = CARTESIAN_POINT ( 'NONE',  ( -1.006430356249998548, 7.759375000614514128, 0.5810628371015493787 ) ) ;
#102 = CARTESIAN_POINT ( 'NONE',  ( -0.3349364905389035640, 3.117403810567662248, 1.249999999999999112 ) ) ;
#103 = CARTESIAN_POINT ( 'NONE',  ( 1.249999999999999112, 2.762499999999996625, 0.7216878364870324969 ) ) ;
#104 = ORIENTED_EDGE ( 'NONE', *, *, #4658, .T. ) ;
#105 = CARTESIAN_POINT ( 'NONE',  ( 1.250000000000000444, 9.118750001229029678, 0.7216878364870297213 ) ) ;
#106 = CARTESIAN_POINT ( 'NONE',  ( -0.6250000000000017764, -0.5937499987709687899, -1.082531754730546636 ) ) ;
#107 = CARTESIAN_POINT ( 'NONE',  ( -1.006430356249998548, 1.009375000614513684, 0.5810628371015494897 ) ) ;
#108 = VECTOR ( 'NONE', #4033, 1000.000000000000000 ) ;
#109 = CARTESIAN_POINT ( 'NONE',  ( 1.006430356249998104, 2.584375000614512974, -0.5810628371015496008 ) ) ;
#111 = EDGE_LOOP ( 'NONE', ( #255, #2599, #4531, #2121 ) ) ;
#110 = CARTESIAN_POINT ( 'NONE',  ( 0.000000000000000000, 10.00000000000000000, 0.000000000000000000 ) ) ;
#112 = CARTESIAN_POINT ( 'NONE',  ( 1.006430356249999658, 4.009375000614513240, -9.819791222584817478E-16 ) ) ;
#113 = EDGE_CURVE ( 'NONE', #5553, #1272, #4743, .T. ) ;
#114 = CARTESIAN_POINT ( 'NONE',  ( 0.5032151781249982747, 10.72187500061451182, -0.8715942556523229579 ) ) ;
#115 = CARTESIAN_POINT ( 'NONE',  ( -5.106939308632853767E-05, 5.442952440393713509, 1.249999998184823102 ) ) ;
#116 = ORIENTED_EDGE ( 'NONE', *, *, #5603, .F. ) ;
#117 = VERTEX_POINT ( 'NONE', #3247 ) ;
#118 = CARTESIAN_POINT ( 'NONE',  ( -0.6249999999999993339, 8.799999999999995381, -1.082531754730547968 ) ) ;
#119 = CARTESIAN_POINT ( 'NONE',  ( 0.3349464151386601363, 4.113846786137349554, 1.249994270029658683 ) ) ;
#120 = CARTESIAN_POINT ( 'NONE',  ( -1.249999999999999334, 1.674999999999996714, -1.530808498934190831E-16 ) ) ;
#121 = DIRECTION ( 'NONE',  ( -2.601674134635989577E-15, 0.6546536707079763096, -0.7559289460184551723 ) ) ;
#122 = CARTESIAN_POINT ( 'NONE',  ( -1.252801084755457817, 5.817132794191443246, 0.7233050435246216603 ) ) ;
#123 = CARTESIAN_POINT ( 'NONE',  ( -0.5032151781250009392, -0.003124999385486007530, -0.8715942556523212925 ) ) ;
#124 = CARTESIAN_POINT ( 'NONE',  ( 1.827526258964323273E-15, 7.834375000614512530, 1.162125674203096093 ) ) ;
#125 = CARTESIAN_POINT ( 'NONE',  ( -2.845041995311513319E-05, 2.293292321606522410, 1.249999999404362461 ) ) ;
#126 = EDGE_CURVE ( 'NONE', #3361, #337, #5006, .T. ) ;
#127 = CARTESIAN_POINT ( 'NONE',  ( 1.249999999999999334, 8.256250001229030744, -2.749541545756668106E-15 ) ) ;
#128 = CARTESIAN_POINT ( 'NONE',  ( 1.249999999999999334, 5.556250001229030566, -2.749541545756668106E-15 ) ) ;
#129 = CARTESIAN_POINT ( 'NONE',  ( 1.006430356249999880, 9.259375000614511464, 0.5810628371015469362 ) ) ;
#130 = CARTESIAN_POINT ( 'NONE',  ( -1.249999999999999334, 5.724999999999996980, -1.530808498934190831E-16 ) ) ;
#131 = CARTESIAN_POINT ( 'NONE',  ( 0.000000000000000000, 0.4500000000000000111, 0.000000000000000000 ) ) ;
#132 = CARTESIAN_POINT ( 'NONE',  ( 7.846973004653627780E-15, 11.40000000000000036, 1.154700538379251906 ) ) ;
#133 = ORIENTED_EDGE ( 'NONE', *, *, #382, .T. ) ;
#134 = ORIENTED_EDGE ( 'NONE', *, *, #265, .T. ) ;
#135 = EDGE_CURVE ( 'NONE', #3641, #4066, #4156, .T. ) ;
#136 = CARTESIAN_POINT ( 'NONE',  ( 6.186289793360068902E-10, 2.743750001268222771, 1.249999999999999334 ) ) ;
#137 = CARTESIAN_POINT ( 'NONE',  ( 1.249999999999999334, -0.7437499987709687010, -2.749541545756668106E-15 ) ) ;
#138 = CARTESIAN_POINT ( 'NONE',  ( 1.743066579297358255E-16, 7.412499999999995204, -1.249999999999999112 ) ) ;
#139 = CARTESIAN_POINT ( 'NONE',  ( 0.5032151781249982747, 1.721875000614513818, -0.8715942556523229579 ) ) ;
#140 = CARTESIAN_POINT ( 'NONE',  ( -1.006430356249999436, 1.421875000614513773, 1.644310252063557226E-15 ) ) ;
#141 = CARTESIAN_POINT ( 'NONE',  ( -1.006430356249999880, 10.49687500061451395, -0.5810628371015476024 ) ) ;
#142 = CARTESIAN_POINT ( 'NONE',  ( -1.062732146793064491E-15, 3.671875000614513773, -1.162125674203096537 ) ) ;
#143 =( BOUNDED_CURVE ( )  B_SPLINE_CURVE ( 2, ( #145, #3299, #1925, #5059, #377, #3850, #350, #3389, #2511 ),
 .UNSPECIFIED., .F., .F. ) 
 B_SPLINE_CURVE_WITH_KNOTS ( ( 3, 2, 2, 2, 3 ),
 ( 0.4351851851851851749, 0.4382716049382716084, 0.4444444444444444198, 0.4506172839506172867, 0.4537037037037037202 ),
 .UNSPECIFIED. ) 
 CURVE ( )  GEOMETRIC_REPRESENTATION_ITEM ( )  RATIONAL_B_SPLINE_CURVE ( ( 0.9330127018922194093, 0.9330127018922194093, 1.000000000000000000, 0.8660254037844387076, 1.000000000000000000, 0.8660254037844387076, 1.000000000000000000, 0.9330127018922187432, 0.9330127018922194093 ) ) 
 REPRESENTATION_ITEM ( '' )  );
#144 = CARTESIAN_POINT ( 'NONE',  ( -1.006430356250000324, 9.934375000614512174, -0.5810628371015467142 ) ) ;
#145 = CARTESIAN_POINT ( 'NONE',  ( -4.938688641342514686E-16, 4.487499999999997158, 1.249999999999999334 ) ) ;
#146 = ORIENTED_EDGE ( 'NONE', *, *, #670, .F. ) ;
#147 = ORIENTED_EDGE ( 'NONE', *, *, #1058, .T. ) ;
#148 = CARTESIAN_POINT ( 'NONE',  ( -1.249999999999999778, 10.71249999999999503, 0.7216878364870313867 ) ) ;
#149 = CARTESIAN_POINT ( 'NONE',  ( -0.3349364905389057845, 4.282596189432331002, -1.249999999999997780 ) ) ;
#150 = CARTESIAN_POINT ( 'NONE',  ( 1.530808498934190831E-16, 10.00000000000000000, 1.249999999999999334 ) ) ;
#151 = CARTESIAN_POINT ( 'NONE',  ( -0.6264005423777275761, 6.304632794191443956, 1.084957565286930325 ) ) ;
#152 = CARTESIAN_POINT ( 'NONE',  ( 1.006430356249999436, 4.346875000614513596, -1.767562423498186358E-15 ) ) ;
#153 = CARTESIAN_POINT ( 'NONE',  ( -1.969845607676301195E-15, 7.159375000614513596, -1.162125674203096093 ) ) ;
#154 = CARTESIAN_POINT ( 'NONE',  ( 6.087752649517117051E-05, 9.268746348646185851, -1.249999998517570265 ) ) ;
#155 = ORIENTED_EDGE ( 'NONE', *, *, #628, .T. ) ;
#156 = CARTESIAN_POINT ( 'NONE',  ( 0.3349235864516442174, 3.213845416416128753, 1.250007450178252322 ) ) ;
#157 = CARTESIAN_POINT ( 'NONE',  ( 0.6250000000000012212, 8.631250001229030744, 1.082531754730547080 ) ) ;
#158 = CARTESIAN_POINT ( 'NONE',  ( -0.6249999999999993339, -0.2000000000000030087, -1.082531754730547968 ) ) ;
#159 = EDGE_CURVE ( 'NONE', #4696, #3027, #2131, .T. ) ;
#160 = CARTESIAN_POINT ( 'NONE',  ( 1.006430356249999880, 9.709375000614512530, 0.5810628371015469362 ) ) ;
#161 = CARTESIAN_POINT ( 'NONE',  ( 1.249999999999999112, 7.712499999999996803, 0.7216878364870323859 ) ) ;
#162 = CARTESIAN_POINT ( 'NONE',  ( 1.250000000000000444, 1.468750001229031099, 0.7216878364870297213 ) ) ;
#163 = CARTESIAN_POINT ( 'NONE',  ( 0.6249999999999997780, 7.824999999999994849, -1.082531754730547746 ) ) ;
#164 = B_SPLINE_CURVE_WITH_KNOTS ( 'NONE', 3,
 ( #4378, #4910, #402, #5762, #937, #2719, #4470, #494, #2275, #1839, #3645, #5438 ),
 .UNSPECIFIED., .F., .F.,
 ( 4, 2, 2, 2, 2, 4 ),
 ( 0.005784540518410043533, 0.006547682821400175289, 0.007310825124390307045, 0.008073967427380439668, 0.008455538578875505112, 0.008837109730370572291 ),
 .UNSPECIFIED. ) ;
#165 = ORIENTED_EDGE ( 'NONE', *, *, #3270, .T. ) ;
#166 = APPLICATION_CONTEXT ( 'automotive_design' ) ;
#167 = CARTESIAN_POINT ( 'NONE',  ( 2.922199054809748253E-15, 10.39213279419144342, 1.446610087049238658 ) ) ;
#168 = CARTESIAN_POINT ( 'NONE',  ( -0.3349241165514667551, 1.188845448222119128, -1.250007144124977598 ) ) ;
#169 = ADVANCED_FACE ( 'NONE', ( #3254 ), #4986, .T. ) ;
#170 = CARTESIAN_POINT ( 'NONE',  ( -0.5032151781250009392, 1.796875000614513773, -0.8715942556523212925 ) ) ;
#171 = EDGE_CURVE ( 'NONE', #5213, #475, #2042, .T. ) ;
#172 = CARTESIAN_POINT ( 'NONE',  ( -1.006430356249998548, 1.909375000614514040, 0.5810628371015493787 ) ) ;
#173 = CARTESIAN_POINT ( 'NONE',  ( -1.249999999999998002, 8.968750001229031099, 0.7216878364870340512 ) ) ;
#174 = CARTESIAN_POINT ( 'NONE',  ( -0.5032151781250003841, 4.609375000614513773, -0.8715942556523218476 ) ) ;
#175 = DIRECTION ( 'NONE',  ( 0.000000000000000000, 0.000000000000000000, -1.000000000000000000 ) ) ;
#176 = CARTESIAN_POINT ( 'NONE',  ( -0.8709572474840850953, 0.09281166967856949168, 0.5828738603229935977 ) ) ;
#177 = CARTESIAN_POINT ( 'NONE',  ( -0.5032151781249993849, 3.409375000614513596, 0.8715942556523227358 ) ) ;
#178 = ORIENTED_EDGE ( 'NONE', *, *, #1269, .T. ) ;
#179 = CARTESIAN_POINT ( 'NONE',  ( 0.4341045301213572460, 10.98645372819271238, -1.192745305652061827 ) ) ;
#180 = DIRECTION ( 'NONE',  ( 0.000000000000000000, 0.000000000000000000, -1.000000000000000000 ) ) ;
#181 =( BOUNDED_CURVE ( )  B_SPLINE_CURVE ( 2, ( #1407, #2777, #5020, #969, #3181, #5464, #1053, #4123, #3643 ),
 .UNSPECIFIED., .F., .F. ) 
 B_SPLINE_CURVE_WITH_KNOTS ( ( 3, 2, 2, 2, 3 ),
 ( 0.7722287860537669912, 0.7754068056212646276, 0.7817625991099638183, 0.7881183925986628980, 0.7912958058519019566 ),
 .UNSPECIFIED. ) 
 CURVE ( )  GEOMETRIC_REPRESENTATION_ITEM ( )  RATIONAL_B_SPLINE_CURVE ( ( 0.9330127019922822562, 0.9330101128871350902, 1.000000000000000000, 0.8660254037844387076, 1.000000000000000000, 0.8660254037844387076, 1.000000000000000000, 0.9330228934641184857, 0.9330127034427840860 ) ) 
 REPRESENTATION_ITEM ( '' )  );
#182 = FACE_OUTER_BOUND ( 'NONE', #3318, .T. ) ;
#183 = CARTESIAN_POINT ( 'NONE',  ( 1.252801084755458927, 5.554632794191443068, -2.760834442142232968E-15 ) ) ;
#184 = CARTESIAN_POINT ( 'NONE',  ( 1.006430356249999880, 4.309375000614513063, 0.5810628371015469362 ) ) ;
#185 = CARTESIAN_POINT ( 'NONE',  ( 0.5032151781249982747, 7.121875000614513951, -0.8715942556523229579 ) ) ;
#186 = CARTESIAN_POINT ( 'NONE',  ( 1.006430356249998770, 8.096875000614511819, -0.5810628371015489346 ) ) ;
#187 = CARTESIAN_POINT ( 'NONE',  ( 0.3349364905389032865, 6.492403810567662248, -1.249999999999999112 ) ) ;
#188 = CARTESIAN_POINT ( 'NONE',  ( 1.250000000000000444, 0.5687500012290309659, 0.7216878364870297213 ) ) ;
#189 = ADVANCED_FACE ( 'NONE', ( #3342 ), #2970, .T. ) ;
#190 = CARTESIAN_POINT ( 'NONE',  ( -1.249999999999998224, 8.968750001229031099, 0.7216878364870340512 ) ) ;
#191 = CARTESIAN_POINT ( 'NONE',  ( 0.5032151781249990519, 10.38437500061451324, -0.8715942556523228468 ) ) ;
#192 = AXIS2_PLACEMENT_3D ( 'NONE', #5354, #1785, #496 ) ;
#193 = CARTESIAN_POINT ( 'NONE',  ( 1.006430356249998104, 9.784375000614513596, -0.5810628371015496008 ) ) ;
#194 = CARTESIAN_POINT ( 'NONE',  ( -0.6250000000000002220, 6.699999999999996625, 1.082531754730547746 ) ) ;
#195 = CARTESIAN_POINT ( 'NONE',  ( -1.250000000000000444, 3.943750001229031188, -0.7216878364870294993 ) ) ;
#196 = DIRECTION ( 'NONE',  ( 0.000000000000000000, -0.000000000000000000, 1.000000000000000000 ) ) ;
#197 = ORIENTED_EDGE ( 'NONE', *, *, #4496, .F. ) ;
#198 = AXIS2_PLACEMENT_3D ( 'NONE', #3494, #2149, #2506 ) ;
#199 = CARTESIAN_POINT ( 'NONE',  ( -4.314676713613304281E-05, 6.793065799235231239, 1.249999998666917245 ) ) ;
#200 = CARTESIAN_POINT ( 'NONE',  ( 1.250000000000000444, 1.018750001229030921, 0.7216878364870298324 ) ) ;
#201 = CARTESIAN_POINT ( 'NONE',  ( -0.3349364905389030089, 5.632596189432329759, -1.249999999999999334 ) ) ;
#202 = CARTESIAN_POINT ( 'NONE',  ( -1.006430356250000102, 0.9343750006145138398, -0.5810628371015466032 ) ) ;
#203 = CARTESIAN_POINT ( 'NONE',  ( -1.969845607676301195E-15, 0.8593750006145139952, -1.162125674203096093 ) ) ;
#204 = CARTESIAN_POINT ( 'NONE',  ( 5.390449220144183424E-08, 8.818749997994768108, -1.249999999999998002 ) ) ;
#205 = CARTESIAN_POINT ( 'NONE',  ( -1.006430356249999214, 6.071875000614513240, 0.5810628371015488236 ) ) ;
#206 = AXIS2_PLACEMENT_3D ( 'NONE', #4700, #4323, #4347 ) ;
#207 = DIRECTION ( 'NONE',  ( 0.8660254037844385966, 0.000000000000000000, 0.5000000000000001110 ) ) ;
#208 = CARTESIAN_POINT ( 'NONE',  ( 0.6249999999999987788, 4.074999999999996625, 1.082531754730548412 ) ) ;
#209 = CARTESIAN_POINT ( 'NONE',  ( -0.9202011031610239922, 0.1977762081862560473, -0.6286664662636818335 ) ) ;
#210 = CARTESIAN_POINT ( 'NONE',  ( -1.006430356249999880, 4.646875000614513418, -0.5810628371015476024 ) ) ;
#211 = ORIENTED_EDGE ( 'NONE', *, *, #3028, .T. ) ;
#212 = CARTESIAN_POINT ( 'NONE',  ( -0.6250000000000002220, 10.74999999999999645, 1.082531754730547746 ) ) ;
#213 = CARTESIAN_POINT ( 'NONE',  ( -0.5032151781249993849, 0.7093750006145137510, 0.8715942556523227358 ) ) ;
#214 = CARTESIAN_POINT ( 'NONE',  ( 0.6249999999999974465, 2.031250001229030655, -1.082531754730548856 ) ) ;
#215 = CARTESIAN_POINT ( 'NONE',  ( -0.6264005423777275761, 5.854632794191442891, 1.084957565286930325 ) ) ;
#216 = CARTESIAN_POINT ( 'NONE',  ( 1.006430356249999880, 2.959375000614514306, 0.5810628371015469362 ) ) ;
#217 = CARTESIAN_POINT ( 'NONE',  ( 1.006430356249999436, 8.396875000614512530, -1.767562423498186358E-15 ) ) ;
#218 =( BOUNDED_CURVE ( )  B_SPLINE_CURVE ( 2, ( #2368, #149, #4002, #5478, #4136, #5314, #4589, #1501, #1333 ),
 .UNSPECIFIED., .F., .F. ) 
 B_SPLINE_CURVE_WITH_KNOTS ( ( 3, 2, 2, 2, 3 ),
 ( 0.4166666666666666852, 0.4197530864197530631, 0.4259259259259259300, 0.4320987654320987414, 0.4351851851851851749 ),
 .UNSPECIFIED. ) 
 CURVE ( )  GEOMETRIC_REPRESENTATION_ITEM ( )  RATIONAL_B_SPLINE_CURVE ( ( 0.9330127018922194093, 0.9330127018922199644, 1.000000000000000000, 0.8660254037844387076, 1.000000000000000000, 0.8660254037844387076, 1.000000000000000000, 0.9330127018922194093, 0.9330127018922194093 ) ) 
 REPRESENTATION_ITEM ( '' )  );
#219 = CARTESIAN_POINT ( 'NONE',  ( 0.3349260778141319728, 3.398654436560182290, -1.250006011789448257 ) ) ;
#220 = CARTESIAN_POINT ( 'NONE',  ( 1.249999999999998002, 8.743750001229029678, -0.7216878364870344953 ) ) ;
#221 = CARTESIAN_POINT ( 'NONE',  ( -1.249999999999999334, 0.7374999999999968248, -0.7216878364870322748 ) ) ;
#222 = CARTESIAN_POINT ( 'NONE',  ( 1.006430356249998770, -0.4531249993854860048, -0.5810628371015489346 ) ) ;
#223 = CARTESIAN_POINT ( 'NONE',  ( -2.651438096812265438E-16, 7.187499999999997335, 1.443375672974063439 ) ) ;
#224 = CARTESIAN_POINT ( 'NONE',  ( 9.204127980810863719E-16, -0.6031249993854860270, 1.162125674203096537 ) ) ;
#225 = CARTESIAN_POINT ( 'NONE',  ( -1.250000000000000444, 5.293750001229030389, -0.7216878364870294993 ) ) ;
#226 = VERTEX_POINT ( 'NONE', #2408 ) ;
#227 = FACE_OUTER_BOUND ( 'NONE', #1224, .T. ) ;
#228 = CARTESIAN_POINT ( 'NONE',  ( 1.249999999999998002, 1.093750001229030877, -0.7216878364870344953 ) ) ;
#229 = CARTESIAN_POINT ( 'NONE',  ( -0.6249999999999993339, 5.649999999999995914, -1.082531754730547968 ) ) ;
#230 = CARTESIAN_POINT ( 'NONE',  ( 1.006430356249999436, 2.996875000614513951, -1.767562423498186358E-15 ) ) ;
#231 = CARTESIAN_POINT ( 'NONE',  ( -0.5032151781250009392, 4.046875000614513773, -0.8715942556523212925 ) ) ;
#232 = DIRECTION ( 'NONE',  ( 0.000000000000000000, 0.000000000000000000, 1.000000000000000000 ) ) ;
#233 = CARTESIAN_POINT ( 'NONE',  ( 1.006430356249999658, 7.159375000614513596, -9.819791222584817478E-16 ) ) ;
#234 = LINE ( 'NONE', #5620, #2424 ) ;
#235 = DIRECTION ( 'NONE',  ( -0.000000000000000000, -1.000000000000000000, -0.000000000000000000 ) ) ;
#236 = CARTESIAN_POINT ( 'NONE',  ( -9.668033514238626795E-06, 6.568750581310993653, -1.249999999962611019 ) ) ;
#237 = EDGE_CURVE ( 'NONE', #3120, #1263, #4558, .T. ) ;
#238 = CARTESIAN_POINT ( 'NONE',  ( -1.006430356249999880, 5.096875000614512707, -0.5810628371015476024 ) ) ;
#239 = ORIENTED_EDGE ( 'NONE', *, *, #3176, .F. ) ;
#240 = CARTESIAN_POINT ( 'NONE',  ( -1.062732146793064491E-15, 0.9718750006145139286, -1.162125674203096537 ) ) ;
#241 = DIRECTION ( 'NONE',  ( -0.000000000000000000, -1.000000000000000000, -0.000000000000000000 ) ) ;
#242 = CARTESIAN_POINT ( 'NONE',  ( -1.252801084755460259, 5.742132794191443956, -0.7233050435246171084 ) ) ;
#243 = CARTESIAN_POINT ( 'NONE',  ( 1.006430356249998104, 3.934375000614513951, -0.5810628371015496008 ) ) ;
#244 = CARTESIAN_POINT ( 'NONE',  ( -1.006430356250000102, 9.034375000614511819, -0.5810628371015466032 ) ) ;
#245 = EDGE_CURVE ( 'NONE', #3648, #2722, #1197, .T. ) ;
#246 = DIRECTION ( 'NONE',  ( -1.000000000000000000, 0.000000000000000000, 0.000000000000000000 ) ) ;
#247 = CARTESIAN_POINT ( 'NONE',  ( 0.6250000000000012212, 0.5312500012290309881, 1.082531754730547080 ) ) ;
#248 = CARTESIAN_POINT ( 'NONE',  ( -3.086515833287601756E-15, 7.018750001229030033, -1.443375672974063439 ) ) ;
#249 = CARTESIAN_POINT ( 'NONE',  ( -1.249999999999999778, 0.3624999999999969358, 0.7216878364870313867 ) ) ;
#250 = CARTESIAN_POINT ( 'NONE',  ( 0.5032151781249990519, 3.184375000614513507, -0.8715942556523228468 ) ) ;
#251 = CARTESIAN_POINT ( 'NONE',  ( -1.062732146793064886E-15, 0.5218750006145138620, -1.162125674203096537 ) ) ;
#252 = CARTESIAN_POINT ( 'NONE',  ( 0.6249999999999987788, 6.774999999999995914, 1.082531754730548412 ) ) ;
#253 = CARTESIAN_POINT ( 'NONE',  ( 1.249999999999999112, 1.412499999999996758, 0.7216878364870324969 ) ) ;
#254 = CARTESIAN_POINT ( 'NONE',  ( -4.938688641342514686E-16, 8.087499999999995026, 1.249999999999999334 ) ) ;
#255 = ORIENTED_EDGE ( 'NONE', *, *, #5424, .F. ) ;
#256 = CARTESIAN_POINT ( 'NONE',  ( -3.659182332138577465E-16, 12.35000000000000320, 1.154700538379252350 ) ) ;
#257 = CARTESIAN_POINT ( 'NONE',  ( 1.249999999999998002, 1.993750001229030788, -0.7216878364870344953 ) ) ;
#258 = CARTESIAN_POINT ( 'NONE',  ( 1.249999999999999334, 9.999999999999994671, 0.000000000000000000 ) ) ;
#259 = CARTESIAN_POINT ( 'NONE',  ( -1.006430356250000102, 4.534375000614513596, -0.5810628371015466032 ) ) ;
#260 = CARTESIAN_POINT ( 'NONE',  ( -1.006430356250000324, 3.184375000614514395, -0.5810628371015467142 ) ) ;
#261 = CYLINDRICAL_SURFACE ( 'NONE', #198, 1.249999999999999334 ) ;
#262 = ORIENTED_EDGE ( 'NONE', *, *, #126, .T. ) ;
#263 = CARTESIAN_POINT ( 'NONE',  ( 1.006430356249999658, 6.259375000614514128, -9.819791222584817478E-16 ) ) ;
#264 = CARTESIAN_POINT ( 'NONE',  ( 0.6249999999999987788, 1.824999999999996847, 1.082531754730548412 ) ) ;
#265 = EDGE_CURVE ( 'NONE', #3087, #1172, #2061, .T. ) ;
#266 = DIRECTION ( 'NONE',  ( 0.000000000000000000, 0.000000000000000000, -1.000000000000000000 ) ) ;
#267 = CYLINDRICAL_SURFACE ( 'NONE', #2905, 1.249999999999999334 ) ;
#268 = CARTESIAN_POINT ( 'NONE',  ( 9.204127980810867663E-16, 3.896875000614513862, 1.162125674203096537 ) ) ;
#269 = LINE ( 'NONE', #2047, #3727 ) ;
#270 = CARTESIAN_POINT ( 'NONE',  ( 1.252801084755460037, 8.667132794191442002, 0.7233050435246172194 ) ) ;
#271 = CARTESIAN_POINT ( 'NONE',  ( 1.006430356249999436, 3.446875000614514128, -1.767562423498186358E-15 ) ) ;
#272 = CARTESIAN_POINT ( 'NONE',  ( 0.6249999999999987788, 4.524999999999996803, 1.082531754730548412 ) ) ;
#273 = FACE_OUTER_BOUND ( 'NONE', #2561, .T. ) ;
#274 = APPLICATION_PROTOCOL_DEFINITION ( 'draft international standard', 'automotive_design', 1998, #166 ) ;
#275 = EDGE_LOOP ( 'NONE', ( #4246, #2617, #950, #3792 ) ) ;
#276 = VECTOR ( 'NONE', #1491, 1000.000000000000000 ) ;
#277 = CARTESIAN_POINT ( 'NONE',  ( 2.922199054809748253E-15, -0.4078672058085562879, 1.446610087049238658 ) ) ;
#278 = CARTESIAN_POINT ( 'NONE',  ( -1.249999999999998224, 8.068750001229030744, 0.7216878364870340512 ) ) ;
#279 = CARTESIAN_POINT ( 'NONE',  ( -2.651438096812265438E-16, -0.01250000000000306768, 1.443375672974063439 ) ) ;
#280 = DIRECTION ( 'NONE',  ( 0.000000000000000000, -0.6546536707079742001, -0.7559289460184569487 ) ) ;
#281 = CARTESIAN_POINT ( 'NONE',  ( -1.006430356249999658, 3.784375000614513151, 8.587269508238524180E-16 ) ) ;
#282 = CARTESIAN_POINT ( 'NONE',  ( -1.969845607676301195E-15, 10.30937500061451395, -1.162125674203096093 ) ) ;
#283 = CARTESIAN_POINT ( 'NONE',  ( 8.838126989374219771E-17, 7.862499999999998046, -1.443375672974063439 ) ) ;
#284 = CARTESIAN_POINT ( 'NONE',  ( 1.006430356249999658, -0.5281249993854860714, 0.5810628371015478244 ) ) ;
#285 = CARTESIAN_POINT ( 'NONE',  ( 0.6249999999999987788, 3.624999999999996447, 1.082531754730548412 ) ) ;
#286 = ORIENTED_EDGE ( 'NONE', *, *, #1636, .F. ) ;
#287 = CARTESIAN_POINT ( 'NONE',  ( -0.6642492923195032484, 0.4538950436898607776, 1.059871165244380187 ) ) ;
#288 = CARTESIAN_POINT ( 'NONE',  ( -0.6249999999999978906, 9.456250001229030033, 1.082531754730548856 ) ) ;
#289 = CARTESIAN_POINT ( 'NONE',  ( 1.249999999999999334, 1.506250001229030966, -2.749541545756668106E-15 ) ) ;
#290 = AXIS2_PLACEMENT_3D ( 'NONE', #3800, #5574, #3742 ) ;
#291 = CARTESIAN_POINT ( 'NONE',  ( -1.006430356249998548, 4.609375000614513773, 0.5810628371015493787 ) ) ;
#292 = VECTOR ( 'NONE', #705, 1000.000000000000000 ) ;
#293 = ORIENTED_EDGE ( 'NONE', *, *, #2264, .F. ) ;
#294 = CARTESIAN_POINT ( 'NONE',  ( -0.5032151781249993849, 7.009375000614512352, 0.8715942556523227358 ) ) ;
#295 = CARTESIAN_POINT ( 'NONE',  ( -0.6249999999999978906, 2.706250001229030921, 1.082531754730548856 ) ) ;
#296 = CARTESIAN_POINT ( 'NONE',  ( 1.530808498934190831E-16, 10.00000000000000000, 1.249999999999999334 ) ) ;
#297 = CARTESIAN_POINT ( 'NONE',  ( 1.006430356249998770, 7.646875000614513418, -0.5810628371015489346 ) ) ;
#298 = ADVANCED_FACE ( 'NONE', ( #3717 ), #5350, .F. ) ;
#299 = CARTESIAN_POINT ( 'NONE',  ( 2.162577587529268681E-16, 11.40000000000000036, -1.154700538379252128 ) ) ;
#300 = CARTESIAN_POINT ( 'NONE',  ( -0.5032151781250009392, 4.946875000614513240, -0.8715942556523212925 ) ) ;
#301 = CARTESIAN_POINT ( 'NONE',  ( 1.249999999999999334, 9.999999999999994671, 0.000000000000000000 ) ) ;
#302 = AXIS2_PLACEMENT_3D ( 'NONE', #3604, #3485, #2267 ) ;
#303 = ORIENTED_EDGE ( 'NONE', *, *, #2127, .F. ) ;
#304 = CARTESIAN_POINT ( 'NONE',  ( -0.6264005423777275761, 0.004632794191443682930, 1.084957565286930325 ) ) ;
#305 = CARTESIAN_POINT ( 'NONE',  ( 1.249999999999999334, 10.50625000122902897, -2.749541545756668106E-15 ) ) ;
#306 = CARTESIAN_POINT ( 'NONE',  ( -0.5032151781249993849, 3.859375000614513773, 0.8715942556523227358 ) ) ;
#307 = CARTESIAN_POINT ( 'NONE',  ( -0.5032151781250003841, -0.3406249993854860159, -0.8715942556523218476 ) ) ;
#308 = CARTESIAN_POINT ( 'NONE',  ( -1.249999999999999334, 7.937499999999996447, -0.7216878364870322748 ) ) ;
#309 = CARTESIAN_POINT ( 'NONE',  ( -0.07499999999999860945, 12.50000000000000000, -1.284604348946916330 ) ) ;
#310 = CARTESIAN_POINT ( 'NONE',  ( 1.121797670324569784, 0.2378574439748346869, -0.1852991382825074085 ) ) ;
#311 = VERTEX_POINT ( 'NONE', #1530 ) ;
#312 = LINE ( 'NONE', #2143, #4090 ) ;
#313 = CARTESIAN_POINT ( 'NONE',  ( 0.000000000000000000, 10.00000000000000000, 0.000000000000000000 ) ) ;
#314 = CARTESIAN_POINT ( 'NONE',  ( 0.000000000000000000, 10.00000000000000000, 0.000000000000000000 ) ) ;
#315 = CARTESIAN_POINT ( 'NONE',  ( 0.6250000000000012212, 1.431250001229031010, 1.082531754730547080 ) ) ;
#316 = CARTESIAN_POINT ( 'NONE',  ( 0.5032151781249982747, 3.521875000614513418, -0.8715942556523229579 ) ) ;
#317 = ADVANCED_FACE ( 'NONE', ( #3302 ), #4913, .T. ) ;
#318 = CARTESIAN_POINT ( 'NONE',  ( -1.249999999999999334, 1.224999999999996980, -1.530808498934190831E-16 ) ) ;
#319 = VERTEX_POINT ( 'NONE', #5538 ) ;
#320 = CARTESIAN_POINT ( 'NONE',  ( 1.006430356249999658, 6.671875000614513773, 0.5810628371015478244 ) ) ;
#321 = CARTESIAN_POINT ( 'NONE',  ( -1.000000000000000444, 12.35000000000000320, -0.5773502691896266192 ) ) ;
#322 = CYLINDRICAL_SURFACE ( 'NONE', #192, 1.249999999999999334 ) ;
#323 = CARTESIAN_POINT ( 'NONE',  ( -1.191095495853194869E-14, 6.962499999999996803, -1.249999999999999334 ) ) ;
#324 = CARTESIAN_POINT ( 'NONE',  ( 0.5032151781249999400, 5.734375000614513773, 0.8715942556523221807 ) ) ;
#325 = CARTESIAN_POINT ( 'NONE',  ( 0.6249999999999987788, 2.274999999999996803, 1.082531754730548412 ) ) ;
#326 = CARTESIAN_POINT ( 'NONE',  ( -1.006430356249998548, 5.059375000614513951, 0.5810628371015493787 ) ) ;
#327 = CARTESIAN_POINT ( 'NONE',  ( 0.5032151781249982747, 9.821875000614513240, -0.8715942556523229579 ) ) ;
#328 = ORIENTED_EDGE ( 'NONE', *, *, #3450, .T. ) ;
#329 = CARTESIAN_POINT ( 'NONE',  ( -1.252801084755460259, -0.1078672058085562990, -0.7233050435246171084 ) ) ;
#330 = CARTESIAN_POINT ( 'NONE',  ( -1.006430356249998548, -0.7906249993854860270, 0.5810628371015493787 ) ) ;
#331 =( BOUNDED_CURVE ( )  B_SPLINE_CURVE ( 2, ( #5430, #3225, #4115, #3635, #127, #1428, #3204, #1909, #3684 ),
 .UNSPECIFIED., .F., .F. ) 
 B_SPLINE_CURVE_WITH_KNOTS ( ( 3, 2, 2, 2, 3 ),
 ( 0.7912958058519019566, 0.7944741860873618666, 0.8008299795760605022, 0.8071857730647590268, 0.8103637093733859764 ),
 .UNSPECIFIED. ) 
 CURVE ( )  GEOMETRIC_REPRESENTATION_ITEM ( )  RATIONAL_B_SPLINE_CURVE ( ( 0.9330127034427840860, 0.9330025103203203329, 1.000000000000000000, 0.8660254037844387076, 1.000000000000000000, 0.8660254037844387076, 1.000000000000000000, 0.9330118679116731206, 0.9330127019026022150 ) ) 
 REPRESENTATION_ITEM ( '' )  );
#332 = EDGE_CURVE ( 'NONE', #2165, #3088, #1675, .T. ) ;
#333 = CARTESIAN_POINT ( 'NONE',  ( -1.006430356249999880, 3.746875000614513951, -0.5810628371015476024 ) ) ;
#334 = CARTESIAN_POINT ( 'NONE',  ( 0.5032151781249990519, -0.4156249993854860270, -0.8715942556523228468 ) ) ;
#335 = CARTESIAN_POINT ( 'NONE',  ( 9.204127980810863719E-16, 1.646875000614513862, 1.162125674203096537 ) ) ;
#336 = DIRECTION ( 'NONE',  ( 0.000000000000000000, 0.000000000000000000, -1.000000000000000000 ) ) ;
#337 = VERTEX_POINT ( 'NONE', #4222 ) ;
#338 = CARTESIAN_POINT ( 'NONE',  ( -0.6249999999999993339, 4.749999999999996447, -1.082531754730547968 ) ) ;
#339 = CARTESIAN_POINT ( 'NONE',  ( -0.3349364905389035640, 9.417403810567659406, 1.249999999999999112 ) ) ;
#340 = ADVANCED_FACE ( 'NONE', ( #2018 ), #5566, .T. ) ;
#341 = CARTESIAN_POINT ( 'NONE',  ( -0.6249999999999978906, 2.256250001229030744, 1.082531754730548856 ) ) ;
#342 = CARTESIAN_POINT ( 'NONE',  ( -1.969845607676301195E-15, 4.009375000614513240, -1.162125674203096093 ) ) ;
#343 = CARTESIAN_POINT ( 'NONE',  ( -1.249999999999999112, 1.187499999999996891, -0.7216878364870322748 ) ) ;
#344 = ORIENTED_EDGE ( 'NONE', *, *, #3760, .F. ) ;
#345 = EDGE_LOOP ( 'NONE', ( #5185, #2089, #4588, #2053 ) ) ;
#346 = CARTESIAN_POINT ( 'NONE',  ( 1.006430356249999658, 9.371875000614512174, 0.5810628371015478244 ) ) ;
#347 = EDGE_CURVE ( 'NONE', #1034, #1339, #1901, .T. ) ;
#348 = CARTESIAN_POINT ( 'NONE',  ( -0.6249999999999993339, 6.099999999999996092, -1.082531754730547968 ) ) ;
#349 = CARTESIAN_POINT ( 'NONE',  ( 0.9999999999999935607, 11.40000000000000036, -0.5773502691896372774 ) ) ;
#350 = CARTESIAN_POINT ( 'NONE',  ( 0.6249999999999997780, 4.674999999999997158, -1.082531754730547746 ) ) ;
#351 = CARTESIAN_POINT ( 'NONE',  ( -1.006430356249999880, 6.896875000614513418, -0.5810628371015476024 ) ) ;
#352 = CARTESIAN_POINT ( 'NONE',  ( -0.5032151781249993849, 2.059375000614513507, 0.8715942556523227358 ) ) ;
#353 = CARTESIAN_POINT ( 'NONE',  ( 1.006430356249999436, 7.046875000614513773, -1.767562423498186358E-15 ) ) ;
#354 = ORIENTED_EDGE ( 'NONE', *, *, #3450, .F. ) ;
#355 = CARTESIAN_POINT ( 'NONE',  ( -1.252801084755457817, 0.8671327941914434012, 0.7233050435246216603 ) ) ;
#356 = CARTESIAN_POINT ( 'NONE',  ( 0.2170374254473700915, 10.60572775570218873, -1.231013710709663922 ) ) ;
#357 = CARTESIAN_POINT ( 'NONE',  ( 1.006430356249999436, 4.346875000614513596, -1.767562423498186358E-15 ) ) ;
#358 = CARTESIAN_POINT ( 'NONE',  ( 9.204127980810863719E-16, 3.896875000614513862, 1.162125674203096537 ) ) ;
#359 = CARTESIAN_POINT ( 'NONE',  ( 0.5032151781249990519, 2.284375000614513596, -0.8715942556523228468 ) ) ;
#360 = CARTESIAN_POINT ( 'NONE',  ( -0.5032151781249993849, 1.609375000614513773, 0.8715942556523227358 ) ) ;
#361 = CARTESIAN_POINT ( 'NONE',  ( 0.3349364905389005109, 3.792403810567661626, -1.250000000000000888 ) ) ;
#362 = ORIENTED_EDGE ( 'NONE', *, *, #412, .F. ) ;
#363 = AXIS2_PLACEMENT_3D ( 'NONE', #4540, #3202, #1365 ) ;
#364 = CARTESIAN_POINT ( 'NONE',  ( -1.249999999999999556, 9.362499999999997158, 0.7216878364870313867 ) ) ;
#365 = CARTESIAN_POINT ( 'NONE',  ( 0.000000000000000000, 10.00000000000000000, -1.249999999999999334 ) ) ;
#366 =( BOUNDED_CURVE ( )  B_SPLINE_CURVE ( 2, ( #1539, #156, #4624, #653, #3310, #5519, #1509, #219, #4229 ),
 .UNSPECIFIED., .F., .T. ) 
 B_SPLINE_CURVE_WITH_KNOTS ( ( 3, 2, 2, 2, 3 ),
 ( 0.3718137871841948328, 0.3749918158332339324, 0.3813476093219317908, 0.3877034028106297048, 0.3908814059931944307 ),
 .UNSPECIFIED. ) 
 CURVE ( )  GEOMETRIC_REPRESENTATION_ITEM ( )  RATIONAL_B_SPLINE_CURVE ( ( 0.9330127020076266486, 0.9330099214561283771, 1.000000000000000000, 0.8660254037844387076, 1.000000000000000000, 0.8660254037844387076, 1.000000000000000000, 0.9330104582672481550, 0.9330127019673657429 ) ) 
 REPRESENTATION_ITEM ( '' )  );
#367 = CARTESIAN_POINT ( 'NONE',  ( 1.249999999999998002, 4.243750001229030566, -0.7216878364870344953 ) ) ;
#368 = CARTESIAN_POINT ( 'NONE',  ( 1.006430356249998104, 7.534375000614513596, -0.5810628371015496008 ) ) ;
#369 = CARTESIAN_POINT ( 'NONE',  ( 0.6250000000000012212, 2.331250001229030921, 1.082531754730547080 ) ) ;
#370 = ORIENTED_EDGE ( 'NONE', *, *, #4981, .F. ) ;
#371 = ORIENTED_EDGE ( 'NONE', *, *, #3901, .F. ) ;
#372 = TOROIDAL_SURFACE ( 'NONE', #3266, 2.100000000000000089, 0.1499999999999999944 ) ;
#373 = CARTESIAN_POINT ( 'NONE',  ( -0.5032151781249993849, 9.259375000614511464, 0.8715942556523227358 ) ) ;
#374 = CARTESIAN_POINT ( 'NONE',  ( 0.6264005423777272430, 8.779632794191444489, -1.084957565286930325 ) ) ;
#375 = CARTESIAN_POINT ( 'NONE',  ( 0.3348925363366794805, 7.263843553409230047, 1.250025376970485658 ) ) ;
#376 = CARTESIAN_POINT ( 'NONE',  ( 0.000000000000000000, 0.000000000000000000, 0.000000000000000000 ) ) ;
#377 = CARTESIAN_POINT ( 'NONE',  ( 1.249999999999999334, 4.599999999999996092, 0.000000000000000000 ) ) ;
#378 = CARTESIAN_POINT ( 'NONE',  ( -1.006430356249999658, 6.484375000614513773, 8.587269508238526152E-16 ) ) ;
#379 = CARTESIAN_POINT ( 'NONE',  ( 0.5032151781249990519, 2.734375000614513773, -0.8715942556523228468 ) ) ;
#380 = CARTESIAN_POINT ( 'NONE',  ( -1.006430356249999436, 6.371875000614513951, 1.644310252063557226E-15 ) ) ;
#381 = CARTESIAN_POINT ( 'NONE',  ( 0.6249999999999997780, 5.574999999999996625, -1.082531754730547746 ) ) ;
#382 = EDGE_CURVE ( 'NONE', #3431, #1697, #2378, .T. ) ;
#383 = AXIS2_PLACEMENT_3D ( 'NONE', #2033, #1164, #4774 ) ;
#384 = ORIENTED_EDGE ( 'NONE', *, *, #237, .F. ) ;
#385 = CARTESIAN_POINT ( 'NONE',  ( 0.6264005423777272430, 0.6796327941914437343, -1.084957565286930325 ) ) ;
#386 = CARTESIAN_POINT ( 'NONE',  ( 1.827526258964323273E-15, -0.2656249993854860603, 1.162125674203096093 ) ) ;
#387 = CARTESIAN_POINT ( 'NONE',  ( -1.006430356250000102, 4.084375000614514306, -0.5810628371015466032 ) ) ;
#388 = CARTESIAN_POINT ( 'NONE',  ( -0.5032151781250003841, 5.959375000614513418, -0.8715942556523218476 ) ) ;
#389 = CARTESIAN_POINT ( 'NONE',  ( 1.006430356249999658, 2.659375000614514040, -9.819791222584819450E-16 ) ) ;
#390 = CARTESIAN_POINT ( 'NONE',  ( -0.5032151781249993849, 1.159375000614513818, 0.8715942556523227358 ) ) ;
#391 = CARTESIAN_POINT ( 'NONE',  ( -0.5375874847081889563, 0.02812500184331041472, -0.8546257061285206236 ) ) ;
#392 = CARTESIAN_POINT ( 'NONE',  ( -4.938688641342514686E-16, 9.887499999999997513, 1.249999999999999334 ) ) ;
#393 = PLANE ( 'NONE',  #1775 ) ;
#394 = CARTESIAN_POINT ( 'NONE',  ( 0.6249999999999974465, 2.481250001229031277, -1.082531754730548856 ) ) ;
#395 = CARTESIAN_POINT ( 'NONE',  ( -1.006430356249999658, 9.634375000614513240, 8.587269508238524180E-16 ) ) ;
#396 = CARTESIAN_POINT ( 'NONE',  ( -1.006430356249998548, 5.959375000614513418, 0.5810628371015493787 ) ) ;
#397 = EDGE_CURVE ( 'NONE', #475, #226, #3420, .T. ) ;
#398 = CARTESIAN_POINT ( 'NONE',  ( -0.6250000000000017764, 6.606250001229031277, -1.082531754730546636 ) ) ;
#399 = ORIENTED_EDGE ( 'NONE', *, *, #2559, .T. ) ;
#400 = LINE ( 'NONE', #2184, #5669 ) ;
#401 = CARTESIAN_POINT ( 'NONE',  ( 0.6264005423777272430, 9.229632794191443779, -1.084957565286930325 ) ) ;
#402 = CARTESIAN_POINT ( 'NONE',  ( -0.5094391635321369183, 0.3372443975611882916, -1.099926097669470693 ) ) ;
#403 = FACE_OUTER_BOUND ( 'NONE', #1239, .T. ) ;
#404 = CARTESIAN_POINT ( 'NONE',  ( 1.006430356249999880, -0.6406249993854860048, 0.5810628371015469362 ) ) ;
#405 = CARTESIAN_POINT ( 'NONE',  ( -0.5032151781249993849, 8.359375000614514661, 0.8715942556523227358 ) ) ;
#406 = CARTESIAN_POINT ( 'NONE',  ( 1.006430356249998992, 2.696875000614513684, -0.5810628371015489346 ) ) ;
#407 = CARTESIAN_POINT ( 'NONE',  ( -1.006430356249998548, 6.409375000614512707, 0.5810628371015493787 ) ) ;
#408 = CARTESIAN_POINT ( 'NONE',  ( 0.6249999999999997780, 2.424999999999996714, -1.082531754730547746 ) ) ;
#409 = CARTESIAN_POINT ( 'NONE',  ( 0.6250000000000012212, 8.631250001229030744, 1.082531754730547080 ) ) ;
#410 = ORIENTED_EDGE ( 'NONE', *, *, #4502, .F. ) ;
#411 = CARTESIAN_POINT ( 'NONE',  ( 0.6264005423777272430, -0.2203672058085562324, -1.084957565286930325 ) ) ;
#412 = EDGE_CURVE ( 'NONE', #853, #3070, #2983, .T. ) ;
#413 = CARTESIAN_POINT ( 'NONE',  ( -0.6249999999999978906, 9.906250001229029323, 1.082531754730548856 ) ) ;
#414 = CARTESIAN_POINT ( 'NONE',  ( 1.827526258964323273E-15, 4.234375000614513773, 1.162125674203096093 ) ) ;
#415 = CARTESIAN_POINT ( 'NONE',  ( 0.3349364905389026204, 4.057596189432331357, 1.249999999999999556 ) ) ;
#416 = CARTESIAN_POINT ( 'NONE',  ( -1.006430356249999880, 6.896875000614513418, -0.5810628371015476024 ) ) ;
#417 = CARTESIAN_POINT ( 'NONE',  ( -1.062732146793064886E-15, 2.771875000614513418, -1.162125674203096537 ) ) ;
#418 = CARTESIAN_POINT ( 'NONE',  ( -1.006430356249999880, 0.1468750006145139730, -0.5810628371015476024 ) ) ;
#419 = CARTESIAN_POINT ( 'NONE',  ( 0.6249999999999997780, 6.024999999999996803, -1.082531754730547746 ) ) ;
#420 = CARTESIAN_POINT ( 'NONE',  ( -0.6249999999999978906, 7.656250001229029323, 1.082531754730548856 ) ) ;
#421 = CARTESIAN_POINT ( 'NONE',  ( -0.6249999999999993339, 2.499999999999996447, -1.082531754730547968 ) ) ;
#422 = CYLINDRICAL_SURFACE ( 'NONE', #463, 1.249999999999999334 ) ;
#423 = CARTESIAN_POINT ( 'NONE',  ( -1.249999999999999334, 4.431250001229031454, 2.596460695863248776E-15 ) ) ;
#424 = CARTESIAN_POINT ( 'NONE',  ( -1.006430356249998992, 9.671875000614512885, 0.5810628371015487126 ) ) ;
#425 = CARTESIAN_POINT ( 'NONE',  ( 1.827526258964323273E-15, 6.484375000614513773, 1.162125674203096093 ) ) ;
#426 = CARTESIAN_POINT ( 'NONE',  ( 0.3417740200165367837, 10.00000000000000000, -1.057552552122757783 ) ) ;
#427 = EDGE_LOOP ( 'NONE', ( #4078, #5663, #1165, #4775 ) ) ;
#428 = ORIENTED_EDGE ( 'NONE', *, *, #474, .T. ) ;
#429 = CARTESIAN_POINT ( 'NONE',  ( 0.3349364905389026204, 4.957596189432329936, 1.249999999999999556 ) ) ;
#430 = CARTESIAN_POINT ( 'NONE',  ( -3.099357696081660789E-15, 8.367132794191444845, -1.446610087049238658 ) ) ;
#431 = CARTESIAN_POINT ( 'NONE',  ( -1.249999999999999334, 6.624999999999996447, -1.530808498934190831E-16 ) ) ;
#432 = DIRECTION ( 'NONE',  ( 0.000000000000000000, 0.000000000000000000, -1.000000000000000000 ) ) ;
#433 = CARTESIAN_POINT ( 'NONE',  ( 1.827526258964323273E-15, -0.2656249993854860603, 1.162125674203096093 ) ) ;
#434 = CARTESIAN_POINT ( 'NONE',  ( -1.006430356249998992, 9.221875000614513596, 0.5810628371015487126 ) ) ;
#435 = CARTESIAN_POINT ( 'NONE',  ( 1.249999999999999334, 2.349999999999996536, 0.000000000000000000 ) ) ;
#436 = CARTESIAN_POINT ( 'NONE',  ( 9.204127980810865691E-16, 1.646875000614513862, 1.162125674203096537 ) ) ;
#437 = EDGE_CURVE ( 'NONE', #4208, #3154, #4807, .T. ) ;
#438 = CARTESIAN_POINT ( 'NONE',  ( 1.827526258964323273E-15, 7.384375000614512352, 1.162125674203096093 ) ) ;
#439 = CARTESIAN_POINT ( 'NONE',  ( -0.6250000000000002220, 2.649999999999996358, 1.082531754730547746 ) ) ;
#440 = CARTESIAN_POINT ( 'NONE',  ( -0.9932604060588023920, 0.3252335032086600686, 0.6506332144617107405 ) ) ;
#441 = VERTEX_POINT ( 'NONE', #5144 ) ;
#442 = ORIENTED_EDGE ( 'NONE', *, *, #5584, .F. ) ;
#443 = CARTESIAN_POINT ( 'NONE',  ( 0.6264005423777272430, 3.379632794191443246, -1.084957565286930325 ) ) ;
#444 = CARTESIAN_POINT ( 'NONE',  ( 0.5032151781249982747, 0.8218750006145140174, -0.8715942556523229579 ) ) ;
#445 = CARTESIAN_POINT ( 'NONE',  ( -1.969845607676301195E-15, 4.909375000614512707, -1.162125674203096093 ) ) ;
#446 = CARTESIAN_POINT ( 'NONE',  ( -1.006430356249999880, 5.546875000614512885, -0.5810628371015476024 ) ) ;
#447 = CARTESIAN_POINT ( 'NONE',  ( 1.006430356249998770, 2.246875000614513507, -0.5810628371015489346 ) ) ;
#448 = DIRECTION ( 'NONE',  ( -0.000000000000000000, -1.000000000000000000, -0.000000000000000000 ) ) ;
#449 = VERTEX_POINT ( 'NONE', #2923 ) ;
#450 = CARTESIAN_POINT ( 'NONE',  ( -0.3774113753479410582, 9.999999999999998224, -0.9329859140091431025 ) ) ;
#451 = DIRECTION ( 'NONE',  ( -0.000000000000000000, -1.000000000000000000, -0.000000000000000000 ) ) ;
#452 = CARTESIAN_POINT ( 'NONE',  ( -1.250000000000000444, 3.943750001229030744, -0.7216878364870296103 ) ) ;
#453 = CARTESIAN_POINT ( 'NONE',  ( -0.5032151781250003841, 10.00937500061451324, -0.8715942556523218476 ) ) ;
#454 = CARTESIAN_POINT ( 'NONE',  ( 0.5032151781250004952, 6.071875000614513240, 0.8715942556523216256 ) ) ;
#455 = CARTESIAN_POINT ( 'NONE',  ( -1.249999999999999334, 5.274999999999996803, -1.530808498934190831E-16 ) ) ;
#456 = DIRECTION ( 'NONE',  ( 1.224646799147353207E-16, 0.000000000000000000, -1.000000000000000000 ) ) ;
#457 = ORIENTED_EDGE ( 'NONE', *, *, #2311, .T. ) ;
#458 = ORIENTED_EDGE ( 'NONE', *, *, #1774, .T. ) ;
#459 = ORIENTED_EDGE ( 'NONE', *, *, #2151, .F. ) ;
#460 = CARTESIAN_POINT ( 'NONE',  ( 9.204127980810865691E-16, 8.396875000614514306, 1.162125674203096537 ) ) ;
#461 = CARTESIAN_POINT ( 'NONE',  ( 0.6264005423777310178, 7.729632794191442891, 1.084957565286928327 ) ) ;
#462 = CARTESIAN_POINT ( 'NONE',  ( -1.249999999999998002, 1.768750001229031144, 0.7216878364870340512 ) ) ;
#463 = AXIS2_PLACEMENT_3D ( 'NONE', #4570, #1626, #654 ) ;
#464 = PLANE ( 'NONE',  #1037 ) ;
#465 = CARTESIAN_POINT ( 'NONE',  ( 0.6249999999999974465, 6.081250001229030921, -1.082531754730548856 ) ) ;
#466 = CARTESIAN_POINT ( 'NONE',  ( -0.5032151781249986078, 0.1468750006145139453, 0.8715942556523228468 ) ) ;
#468 = ORIENTED_EDGE ( 'NONE', *, *, #347, .F. ) ;
#467 = CARTESIAN_POINT ( 'NONE',  ( -1.006430356249999880, 9.146875000614516082, -0.5810628371015476024 ) ) ;
#469 = ORIENTED_EDGE ( 'NONE', *, *, #397, .T. ) ;
#470 = CARTESIAN_POINT ( 'NONE',  ( -0.5032151781249993849, 1.609375000614513773, 0.8715942556523227358 ) ) ;
#471 = CARTESIAN_POINT ( 'NONE',  ( 0.5032151781249982747, 7.571875000614513240, -0.8715942556523229579 ) ) ;
#472 = CARTESIAN_POINT ( 'NONE',  ( 1.249999999999999112, 3.212499999999996803, 0.7216878364870323859 ) ) ;
#473 = CARTESIAN_POINT ( 'NONE',  ( -0.6250000000000017764, 4.806250001229030566, -1.082531754730546636 ) ) ;
#474 = EDGE_CURVE ( 'NONE', #1339, #602, #1457, .T. ) ;
#475 = VERTEX_POINT ( 'NONE', #4579 ) ;
#476 = VECTOR ( 'NONE', #2117, 1000.000000000000000 ) ;
#477 = CARTESIAN_POINT ( 'NONE',  ( 1.249999999999999556, 9.137499999999997513, -0.7216878364870316087 ) ) ;
#478 = CARTESIAN_POINT ( 'NONE',  ( 1.252801084755460037, 4.167132794191442891, 0.7233050435246172194 ) ) ;
#479 = CARTESIAN_POINT ( 'NONE',  ( -1.006430356250000324, 1.834375000614513862, -0.5810628371015467142 ) ) ;
#480 = CARTESIAN_POINT ( 'NONE',  ( -1.006430356249999436, 5.921875000614513773, 1.644310252063557226E-15 ) ) ;
#481 = CARTESIAN_POINT ( 'NONE',  ( 0.5032151781249999400, 6.184375000614513063, 0.8715942556523221807 ) ) ;
#482 = CARTESIAN_POINT ( 'NONE',  ( 9.204127980810867663E-16, 2.096875000614513596, 1.162125674203096537 ) ) ;
#483 = CARTESIAN_POINT ( 'NONE',  ( 0.000000000000000000, 0.4500000000000000111, 1.250000000000000000 ) ) ;
#484 = EDGE_LOOP ( 'NONE', ( #751, #5048, #1474, #4104 ) ) ;
#485 = DIRECTION ( 'NONE',  ( -0.000000000000000000, 1.000000000000000000, -0.000000000000000000 ) ) ;
#486 = CARTESIAN_POINT ( 'NONE',  ( -2.107232234328416948E-05, 9.718751190558878150, -1.249999999822381858 ) ) ;
#487 = CARTESIAN_POINT ( 'NONE',  ( 1.250000000000000444, 5.068750001229031632, 0.7216878364870298324 ) ) ;
#488 = EDGE_CURVE ( 'NONE', #1916, #3451, #697, .T. ) ;
#489 = CARTESIAN_POINT ( 'NONE',  ( -1.006430356249999436, 5.471875000614513596, 1.644310252063557226E-15 ) ) ;
#490 = CARTESIAN_POINT ( 'NONE',  ( 0.3348986653718545869, 6.813843921151341299, 1.250021838370377614 ) ) ;
#491 =( GEOMETRIC_REPRESENTATION_CONTEXT ( 3 ) GLOBAL_UNCERTAINTY_ASSIGNED_CONTEXT ( ( #5026 ) ) GLOBAL_UNIT_ASSIGNED_CONTEXT ( ( #5130, #2940, #5097 ) ) REPRESENTATION_CONTEXT ( 'NONE', 'WORKASPACE' ) );
#492 = ORIENTED_EDGE ( 'NONE', *, *, #2306, .T. ) ;
#493 = CARTESIAN_POINT ( 'NONE',  ( 1.252801084755458927, 10.05463279419144307, -2.760834442142232968E-15 ) ) ;
#494 = CARTESIAN_POINT ( 'NONE',  ( -1.122626680090138995, 0.4217992512579081255, 0.5271308802834403506 ) ) ;
#495 = ADVANCED_FACE ( 'NONE', ( #664 ), #2475, .T. ) ;
#496 = DIRECTION ( 'NONE',  ( 0.000000000000000000, 0.000000000000000000, -1.000000000000000000 ) ) ;
#497 = CARTESIAN_POINT ( 'NONE',  ( -0.6249999999999993339, 1.599999999999996758, -1.082531754730547968 ) ) ;
#498 = CARTESIAN_POINT ( 'NONE',  ( -0.5032151781249986078, -0.7531249993854860492, 0.8715942556523228468 ) ) ;
#500 = ORIENTED_EDGE ( 'NONE', *, *, #245, .T. ) ;
#499 = CARTESIAN_POINT ( 'NONE',  ( -1.006430356249999658, 7.834375000614512530, 8.587269508238526152E-16 ) ) ;
#501 = CARTESIAN_POINT ( 'NONE',  ( 0.5032151781249990519, 4.084375000614514306, -0.8715942556523228468 ) ) ;
#502 = CARTESIAN_POINT ( 'NONE',  ( 1.006430356249998104, 7.984375000614511109, -0.5810628371015496008 ) ) ;
#503 = CARTESIAN_POINT ( 'NONE',  ( -2.651438096812265438E-16, 1.787499999999996980, 1.443375672974063439 ) ) ;
#504 = CARTESIAN_POINT ( 'NONE',  ( -1.118404748241985436, 0.2428074363513078870, -0.2228698077455349424 ) ) ;
#505 = VERTEX_POINT ( 'NONE', #2858 ) ;
#506 = CARTESIAN_POINT ( 'NONE',  ( 0.6249999999999997780, 9.624999999999994671, -1.082531754730547746 ) ) ;
#507 = DIRECTION ( 'NONE',  ( -0.3535533905932734533, 0.7071067811865483499, 0.6123724356957939152 ) ) ;
#508 = CARTESIAN_POINT ( 'NONE',  ( -0.6264005423777315729, 2.104632794191443335, -1.084957565286927883 ) ) ;
#509 = CARTESIAN_POINT ( 'NONE',  ( 0.5032151781250004952, 2.021875000614513862, 0.8715942556523216256 ) ) ;
#510 = CARTESIAN_POINT ( 'NONE',  ( 1.006430356249999436, 5.246875000614513063, -1.767562423498186358E-15 ) ) ;
#511 = CARTESIAN_POINT ( 'NONE',  ( 1.006430356249999658, 5.809375000614513063, -9.819791222584817478E-16 ) ) ;
#512 = CARTESIAN_POINT ( 'NONE',  ( -1.062732146793064886E-15, 3.671875000614513773, -1.162125674203096537 ) ) ;
#513 = CARTESIAN_POINT ( 'NONE',  ( 1.648059826524912020E-05, 6.343750990079669805, 1.249999999891355351 ) ) ;
#514 = PLANE ( 'NONE',  #1706 ) ;
#515 = VERTEX_POINT ( 'NONE', #138 ) ;
#516 = LINE ( 'NONE', #4003, #1307 ) ;
#517 = CARTESIAN_POINT ( 'NONE',  ( -1.249999999999998224, 5.818750001229030744, 0.7216878364870340512 ) ) ;
#518 = CARTESIAN_POINT ( 'NONE',  ( 1.006430356249998770, 8.996875000614513951, -0.5810628371015489346 ) ) ;
#519 = CARTESIAN_POINT ( 'NONE',  ( -1.006430356249999436, 9.971875000614511819, 1.644310252063557226E-15 ) ) ;
#520 = CARTESIAN_POINT ( 'NONE',  ( -1.249999999999999334, 5.237499999999995381, -0.7216878364870322748 ) ) ;
#521 = CARTESIAN_POINT ( 'NONE',  ( 1.222584486621276056, 10.00000000000000888, -0.1831582850344257440 ) ) ;
#522 = VERTEX_POINT ( 'NONE', #3692 ) ;
#523 = FACE_OUTER_BOUND ( 'NONE', #802, .T. ) ;
#524 = CARTESIAN_POINT ( 'NONE',  ( -1.250000000000000444, -1.006249998770968768, -0.7216878364870296103 ) ) ;
#525 = CARTESIAN_POINT ( 'NONE',  ( -1.249999999999999334, 1.731250001229030833, 2.596460695863248776E-15 ) ) ;
#526 = CARTESIAN_POINT ( 'NONE',  ( 1.006430356249999880, 1.159375000614513596, 0.5810628371015468252 ) ) ;
#527 = CARTESIAN_POINT ( 'NONE',  ( -1.249999999999999112, 5.237499999999997158, -0.7216878364870322748 ) ) ;
#528 =( BOUNDED_CURVE ( )  B_SPLINE_CURVE ( 2, ( #4342, #5225, #338, #1662, #781, #1194, #2610, #3888, #1688 ),
 .UNSPECIFIED., .F., .F. ) 
 B_SPLINE_CURVE_WITH_KNOTS ( ( 3, 2, 2, 2, 3 ),
 ( 0.4537037037037037202, 0.4567901234567900981, 0.4629629629629629650, 0.4691358024691357764, 0.4722222222222222099 ),
 .UNSPECIFIED. ) 
 CURVE ( )  GEOMETRIC_REPRESENTATION_ITEM ( )  RATIONAL_B_SPLINE_CURVE ( ( 0.9330127018922194093, 0.9330127018922199644, 1.000000000000000000, 0.8660254037844387076, 1.000000000000000000, 0.8660254037844387076, 1.000000000000000000, 0.9330127018922194093, 0.9330127018922194093 ) ) 
 REPRESENTATION_ITEM ( '' )  );
#529 = CARTESIAN_POINT ( 'NONE',  ( -1.006430356249999658, 9.184375000614513951, 8.587269508238526152E-16 ) ) ;
#530 = ADVANCED_FACE ( 'NONE', ( #1919 ), #3259, .F. ) ;
#531 = CARTESIAN_POINT ( 'NONE',  ( -1.006430356249999214, 5.621875000614513951, 0.5810628371015488236 ) ) ;
#532 = CARTESIAN_POINT ( 'NONE',  ( 1.006430356249998104, 7.534375000614513596, -0.5810628371015496008 ) ) ;
#533 = FACE_OUTER_BOUND ( 'NONE', #5537, .T. ) ;
#534 = VERTEX_POINT ( 'NONE', #3811 ) ;
#535 = ORIENTED_EDGE ( 'NONE', *, *, #1206, .F. ) ;
#536 = CARTESIAN_POINT ( 'NONE',  ( 1.249999999999999334, 9.587499999999995026, -0.7216878364870317197 ) ) ;
#537 = CARTESIAN_POINT ( 'NONE',  ( 1.252801084755460037, 3.267132794191442979, 0.7233050435246172194 ) ) ;
#538 = CARTESIAN_POINT ( 'NONE',  ( -1.006430356249998548, 1.009375000614513684, 0.5810628371015493787 ) ) ;
#539 = CARTESIAN_POINT ( 'NONE',  ( 1.006430356249998326, 6.184375000614513063, -0.5810628371015497118 ) ) ;
#540 = CARTESIAN_POINT ( 'NONE',  ( 1.006430356249998770, 8.546875000614514661, -0.5810628371015489346 ) ) ;
#541 = CYLINDRICAL_SURFACE ( 'NONE', #2262, 1.249999999999999334 ) ;
#542 = CARTESIAN_POINT ( 'NONE',  ( 1.743066579297358255E-16, 8.312499999999996447, -1.249999999999999112 ) ) ;
#543 = CARTESIAN_POINT ( 'NONE',  ( -3.086515833287601756E-15, 5.668750001229030389, -1.443375672974063439 ) ) ;
#544 = CARTESIAN_POINT ( 'NONE',  ( 0.5032151781250004952, 9.221875000614513596, 0.8715942556523216256 ) ) ;
#545 = CARTESIAN_POINT ( 'NONE',  ( -0.3349805795297055577, 5.423651166457247541, 1.249974545209290522 ) ) ;
#546 = ORIENTED_EDGE ( 'NONE', *, *, #3693, .F. ) ;
#547 = EDGE_LOOP ( 'NONE', ( #2731, #4318, #5732, #5618 ) ) ;
#548 = EDGE_CURVE ( 'NONE', #5336, #3087, #2007, .T. ) ;
#549 = CARTESIAN_POINT ( 'NONE',  ( 0.000000000000000000, 10.00000000000000000, 0.000000000000000000 ) ) ;
#550 = CARTESIAN_POINT ( 'NONE',  ( 1.249999999999998002, -0.7062499987709688343, -0.7216878364870344953 ) ) ;
#551 = CARTESIAN_POINT ( 'NONE',  ( 1.827526258964323273E-15, 1.534375000614514040, 1.162125674203096093 ) ) ;
#552 = CARTESIAN_POINT ( 'NONE',  ( 1.006430356249999880, 0.7093750006145138620, 0.5810628371015469362 ) ) ;
#554 = VERTEX_POINT ( 'NONE', #1547 ) ;
#553 = DIRECTION ( 'NONE',  ( -0.000000000000000000, -1.000000000000000000, -0.000000000000000000 ) ) ;
#555 = CARTESIAN_POINT ( 'NONE',  ( 1.006430356249999658, 5.809375000614513063, -9.819791222584817478E-16 ) ) ;
#556 =( BOUNDED_CURVE ( )  B_SPLINE_CURVE ( 2, ( #2597, #4257, #3422, #1211, #3068, #2990, #381, #3017, #4334 ),
 .UNSPECIFIED., .F., .F. ) 
 B_SPLINE_CURVE_WITH_KNOTS ( ( 3, 2, 2, 2, 3 ),
 ( 0.5092592592592593004, 0.5123456790123457338, 0.5185185185185184897, 0.5246913580246913567, 0.5277777777777777901 ),
 .UNSPECIFIED. ) 
 CURVE ( )  GEOMETRIC_REPRESENTATION_ITEM ( )  RATIONAL_B_SPLINE_CURVE ( ( 0.9330127018922194093, 0.9330127018922194093, 1.000000000000000000, 0.8660254037844387076, 1.000000000000000000, 0.8660254037844387076, 1.000000000000000000, 0.9330127018922194093, 0.9330127018922194093 ) ) 
 REPRESENTATION_ITEM ( '' )  );
#557 = CARTESIAN_POINT ( 'NONE',  ( -0.5032151781250009392, 8.996875000614513951, -0.8715942556523212925 ) ) ;
#558 = CARTESIAN_POINT ( 'NONE',  ( 0.3349364905388977354, 6.942403810567663314, -1.250000000000002665 ) ) ;
#559 = VECTOR ( 'NONE', #451, 1000.000000000000000 ) ;
#560 = ORIENTED_EDGE ( 'NONE', *, *, #171, .F. ) ;
#561 = CARTESIAN_POINT ( 'NONE',  ( 0.000000000000000000, 0.4500000000000000111, 0.000000000000000000 ) ) ;
#562 = CARTESIAN_POINT ( 'NONE',  ( 1.252801084755460037, 2.367132794191443512, 0.7233050435246172194 ) ) ;
#563 = CARTESIAN_POINT ( 'NONE',  ( 0.5032151781249982747, 1.271875000614513862, -0.8715942556523229579 ) ) ;
#564 = CARTESIAN_POINT ( 'NONE',  ( 1.006430356249999880, 6.559375000614513951, 0.5810628371015468252 ) ) ;
#565 = EDGE_CURVE ( 'NONE', #3040, #1332, #1606, .T. ) ;
#566 = CARTESIAN_POINT ( 'NONE',  ( 1.006430356249999658, 8.509375000614511464, -9.819791222584817478E-16 ) ) ;
#567 = CARTESIAN_POINT ( 'NONE',  ( 1.249999999999999334, 6.399999999999996803, 0.000000000000000000 ) ) ;
#568 = LINE ( 'NONE', #71, #1502 ) ;
#569 = CARTESIAN_POINT ( 'NONE',  ( 1.250000000000000444, 5.968750001229031099, 0.7216878364870298324 ) ) ;
#570 = CARTESIAN_POINT ( 'NONE',  ( -1.006430356250000324, 8.134375000614513240, -0.5810628371015467142 ) ) ;
#571 = CARTESIAN_POINT ( 'NONE',  ( -0.6249999999999993339, 7.449999999999995737, -1.082531754730547968 ) ) ;
#572 = CARTESIAN_POINT ( 'NONE',  ( 1.249999999999999334, 1.506250001229030966, -2.749541545756668106E-15 ) ) ;
#573 = CARTESIAN_POINT ( 'NONE',  ( 1.249999999999999334, 8.649999999999995026, 0.000000000000000000 ) ) ;
#574 = ORIENTED_EDGE ( 'NONE', *, *, #2929, .T. ) ;
#575 = CARTESIAN_POINT ( 'NONE',  ( 0.000000000000000000, 10.00000000000000000, 0.000000000000000000 ) ) ;
#576 = CARTESIAN_POINT ( 'NONE',  ( -1.252801084755458927, 9.829632794191443423, 2.607410558300822600E-15 ) ) ;
#577 = CARTESIAN_POINT ( 'NONE',  ( -1.006430356249998548, 0.1093750006145139675, 0.5810628371015494897 ) ) ;
#578 = CARTESIAN_POINT ( 'NONE',  ( 0.5032151781249982747, 1.721875000614513818, -0.8715942556523229579 ) ) ;
#580 = VERTEX_POINT ( 'NONE', #5588 ) ;
#579 = CARTESIAN_POINT ( 'NONE',  ( -0.3349364655217445530, 8.838846189160335598, -1.250000014443663598 ) ) ;
#581 = CARTESIAN_POINT ( 'NONE',  ( -1.006430356249999214, 3.821875000614514128, 0.5810628371015488236 ) ) ;
#582 = CARTESIAN_POINT ( 'NONE',  ( 0.5032151781250004952, 10.12187500061451217, 0.8715942556523216256 ) ) ;
#583 = CARTESIAN_POINT ( 'NONE',  ( -0.6249999999999993339, 3.849999999999996536, -1.082531754730547968 ) ) ;
#584 = CARTESIAN_POINT ( 'NONE',  ( 1.249999999999999334, 6.456250001229030921, -2.749541545756668106E-15 ) ) ;
#585 = EDGE_LOOP ( 'NONE', ( #2588, #980, #5231, #3908, #4018, #1418, #4833, #2659, #4162, #2553, #3180, #469, #3486, #3624, #3683, #1716, #2927, #5477, #399, #3865, #5335, #4810, #178, #1874, #104, #889, #3078, #5509, #2813, #2195, #1282, #5378, #661, #2211, #5049, #1677, #328, #4415, #4302, #4874, #5565, #5644, #3146, #1052, #3424, #2182, #147, #5417, #2678, #5612 ) ) ;
#586 = ORIENTED_EDGE ( 'NONE', *, *, #4114, .F. ) ;
#587 = CARTESIAN_POINT ( 'NONE',  ( -4.938688641342514686E-16, 6.737499999999995381, 1.249999999999999334 ) ) ;
#588 = CARTESIAN_POINT ( 'NONE',  ( -0.6264005423777315729, 6.154632794191443601, -1.084957565286927883 ) ) ;
#589 = CARTESIAN_POINT ( 'NONE',  ( 1.827526258964323273E-15, 3.784375000614514040, 1.162125674203096093 ) ) ;
#590 = CARTESIAN_POINT ( 'NONE',  ( -0.5032151781250009392, 7.196875000614513240, -0.8715942556523212925 ) ) ;
#591 = CARTESIAN_POINT ( 'NONE',  ( 9.204127980810863719E-16, 7.946875000614515017, 1.162125674203096537 ) ) ;
#592 = CARTESIAN_POINT ( 'NONE',  ( 0.000000000000000000, 10.00000000000000000, -1.249999999999999334 ) ) ;
#593 = B_SPLINE_CURVE_WITH_KNOTS ( 'NONE', 3,
 ( #3968, #43, #1800, #391, #1768, #2740, #5312, #3077 ),
 .UNSPECIFIED., .F., .F.,
 ( 4, 2, 2, 4 ),
 ( 0.0006218714022726208905, 0.001108609597416111790, 0.001351978694987857402, 0.001595347792559602797 ),
 .UNSPECIFIED. ) ;
#594 = EDGE_CURVE ( 'NONE', #1263, #441, #3381, .T. ) ;
#595 = EDGE_CURVE ( 'NONE', #5328, #5213, #1043, .T. ) ;
#596 = CARTESIAN_POINT ( 'NONE',  ( 1.252801084755458927, -0.7453672058085561991, -2.760834442142232968E-15 ) ) ;
#597 = CARTESIAN_POINT ( 'NONE',  ( 1.249999999999998002, 6.493750001229030566, -0.7216878364870344953 ) ) ;
#598 = CARTESIAN_POINT ( 'NONE',  ( 8.838126989374219771E-17, -0.2375000000000029865, -1.443375672974063439 ) ) ;
#599 = CARTESIAN_POINT ( 'NONE',  ( -1.006430356249998548, 9.559375000614512174, 0.5810628371015493787 ) ) ;
#600 = CARTESIAN_POINT ( 'NONE',  ( -0.6250000000000002220, 7.599999999999996092, 1.082531754730547746 ) ) ;
#601 = CARTESIAN_POINT ( 'NONE',  ( -0.3349258702072227534, 5.238845553441464631, -1.250006131651354213 ) ) ;
#602 = VERTEX_POINT ( 'NONE', #2504 ) ;
#603 = EDGE_LOOP ( 'NONE', ( #586, #4434, #861, #2041 ) ) ;
#604 = CARTESIAN_POINT ( 'NONE',  ( 0.8919339343237300266, 10.00000000000000000, 0.8757640346605912729 ) ) ;
#605 = CARTESIAN_POINT ( 'NONE',  ( 0.6249999999999974465, -0.6687499987709687455, -1.082531754730548856 ) ) ;
#606 = CARTESIAN_POINT ( 'NONE',  ( 0.000000000000000000, 12.50000000000000000, -2.250000000000000000 ) ) ;
#607 = CARTESIAN_POINT ( 'NONE',  ( 1.827526258964323273E-15, 0.1843750006145139508, 1.162125674203096093 ) ) ;
#608 = CARTESIAN_POINT ( 'NONE',  ( 1.006430356249999436, 0.7468750006145140619, -1.767562423498186358E-15 ) ) ;
#609 = DIRECTION ( 'NONE',  ( -0.000000000000000000, -1.000000000000000000, -0.000000000000000000 ) ) ;
#610 = CARTESIAN_POINT ( 'NONE',  ( 1.006430356249999658, 4.459375000614513418, -9.819791222584817478E-16 ) ) ;
#611 = CYLINDRICAL_SURFACE ( 'NONE', #3360, 1.249999999999999334 ) ;
#612 = CARTESIAN_POINT ( 'NONE',  ( 0.6249999999999987788, 6.774999999999995914, 1.082531754730548412 ) ) ;
#613 = CARTESIAN_POINT ( 'NONE',  ( -0.5032151781249993849, 3.859375000614513773, 0.8715942556523227358 ) ) ;
#614 = ORIENTED_EDGE ( 'NONE', *, *, #397, .F. ) ;
#615 = EDGE_CURVE ( 'NONE', #5139, #968, #1342, .T. ) ;
#616 = CYLINDRICAL_SURFACE ( 'NONE', #837, 1.249999999999999334 ) ;
#617 = CARTESIAN_POINT ( 'NONE',  ( 1.249999999999997780, 1.993750001229031232, -0.7216878364870343843 ) ) ;
#618 = CARTESIAN_POINT ( 'NONE',  ( -1.252801084755458927, 6.679632794191443956, 2.607410558300822600E-15 ) ) ;
#619 = CARTESIAN_POINT ( 'NONE',  ( -1.006430356250000324, 4.534375000614513596, -0.5810628371015467142 ) ) ;
#620 = CARTESIAN_POINT ( 'NONE',  ( 1.006430356249998326, 7.084375000614513418, -0.5810628371015497118 ) ) ;
#621 = CARTESIAN_POINT ( 'NONE',  ( -0.5032151781249993849, 7.459375000614513418, 0.8715942556523227358 ) ) ;
#622 = CARTESIAN_POINT ( 'NONE',  ( -1.249999999999999112, 0.7374999999999968248, -0.7216878364870322748 ) ) ;
#623 = CARTESIAN_POINT ( 'NONE',  ( -0.6249999999999993339, 8.799999999999995381, -1.082531754730547968 ) ) ;
#624 = CARTESIAN_POINT ( 'NONE',  ( -0.3349426995696350717, 2.988846563203209072, -1.249996415214435830 ) ) ;
#625 = CARTESIAN_POINT ( 'NONE',  ( -3.086515833287601756E-15, 8.368750001229031454, -1.443375672974063439 ) ) ;
#626 = CARTESIAN_POINT ( 'NONE',  ( -1.006430356249998548, 8.659375000614511819, 0.5810628371015493787 ) ) ;
#627 = CARTESIAN_POINT ( 'NONE',  ( -1.249999999999999334, 6.137499999999996625, -0.7216878364870322748 ) ) ;
#628 = EDGE_CURVE ( 'NONE', #3703, #4794, #2428, .T. ) ;
#629 = CARTESIAN_POINT ( 'NONE',  ( -0.5032151781249993849, -0.6406249993854860048, 0.8715942556523227358 ) ) ;
#630 = CARTESIAN_POINT ( 'NONE',  ( 2.527446539981169803E-15, 1.787499999999997202, 1.249999999999999556 ) ) ;
#631 = ORIENTED_EDGE ( 'NONE', *, *, #3028, .F. ) ;
#632 = CARTESIAN_POINT ( 'NONE',  ( -0.6249999999999978906, 0.4562500012290310325, 1.082531754730548856 ) ) ;
#633 = CARTESIAN_POINT ( 'NONE',  ( 0.6250000000000012212, 0.9812500012290311657, 1.082531754730547080 ) ) ;
#634 = DIRECTION ( 'NONE',  ( -0.8660254037844388186, 0.000000000000000000, 0.4999999999999996669 ) ) ;
#635 = CARTESIAN_POINT ( 'NONE',  ( 0.5032151781250004952, 0.2218750006145139286, 0.8715942556523216256 ) ) ;
#636 = CARTESIAN_POINT ( 'NONE',  ( 0.5032151781250004952, 0.6718750006145137732, 0.8715942556523216256 ) ) ;
#637 = ADVANCED_FACE ( 'NONE', ( #881 ), #1359, .T. ) ;
#638 = DIRECTION ( 'NONE',  ( -0.8660254037844389297, 0.000000000000000000, 0.4999999999999995559 ) ) ;
#639 = CARTESIAN_POINT ( 'NONE',  ( -1.062732146793064491E-15, 6.371875000614513951, -1.162125674203096537 ) ) ;
#640 = CARTESIAN_POINT ( 'NONE',  ( 1.006430356249999436, 10.19687500061451324, -1.767562423498186358E-15 ) ) ;
#641 = CARTESIAN_POINT ( 'NONE',  ( -0.1487221287092252986, 0.1097711966026391206, -1.053568808772467280 ) ) ;
#642 = CARTESIAN_POINT ( 'NONE',  ( 1.006430356249999658, 4.459375000614513418, -9.819791222584819450E-16 ) ) ;
#643 = ORIENTED_EDGE ( 'NONE', *, *, #2994, .F. ) ;
#644 = CARTESIAN_POINT ( 'NONE',  ( 0.6249999999999997780, 10.52499999999999680, -1.082531754730547746 ) ) ;
#645 = CARTESIAN_POINT ( 'NONE',  ( -1.006430356249999658, 0.6343750006145137954, 8.587269508238524180E-16 ) ) ;
#646 = CARTESIAN_POINT ( 'NONE',  ( -1.250000000000000444, 7.093750001229031099, -0.7216878364870294993 ) ) ;
#647 = CARTESIAN_POINT ( 'NONE',  ( -1.252801084755460259, 5.292132794191442002, -0.7233050435246171084 ) ) ;
#648 = CARTESIAN_POINT ( 'NONE',  ( 0.5032151781249982747, 2.621875000614513507, -0.8715942556523229579 ) ) ;
#649 = VECTOR ( 'NONE', #3432, 999.9999999999998863 ) ;
#650 = CARTESIAN_POINT ( 'NONE',  ( 0.5032151781249982747, 8.921875000614512885, -0.8715942556523229579 ) ) ;
#651 = EDGE_CURVE ( 'NONE', #3344, #4843, #4079, .T. ) ;
#652 =( GEOMETRIC_REPRESENTATION_CONTEXT ( 3 ) GLOBAL_UNCERTAINTY_ASSIGNED_CONTEXT ( ( #4789 ) ) GLOBAL_UNIT_ASSIGNED_CONTEXT ( ( #730, #762, #3819 ) ) REPRESENTATION_CONTEXT ( 'NONE', 'WORKASPACE' ) );
#653 = CARTESIAN_POINT ( 'NONE',  ( 1.250000000000000444, 3.268750001229030921, 0.7216878364870297213 ) ) ;
#654 = DIRECTION ( 'NONE',  ( 0.000000000000000000, 0.000000000000000000, -1.000000000000000000 ) ) ;
#655 = CARTESIAN_POINT ( 'NONE',  ( -1.250000000000000444, 7.993750001229031454, -0.7216878364870296103 ) ) ;
#656 = CARTESIAN_POINT ( 'NONE',  ( 1.006430356249999658, 10.72187500061451537, 0.5810628371015478244 ) ) ;
#657 = CARTESIAN_POINT ( 'NONE',  ( -0.6545821396221778166, 10.80815498838692790, -1.137376659050821415 ) ) ;
#658 = CARTESIAN_POINT ( 'NONE',  ( 1.249999999999999334, 6.849999999999996980, 0.000000000000000000 ) ) ;
#659 = CARTESIAN_POINT ( 'NONE',  ( 1.249999999999999334, 1.487499999999996714, -0.7216878364870317197 ) ) ;
#660 = CARTESIAN_POINT ( 'NONE',  ( -1.249999999999999334, 5.331250001229030921, 2.596460695863248776E-15 ) ) ;
#661 = ORIENTED_EDGE ( 'NONE', *, *, #3889, .T. ) ;
#662 = CARTESIAN_POINT ( 'NONE',  ( -0.3349499510949168202, 0.9236530041633358445, 1.249992228544360762 ) ) ;
#663 = CARTESIAN_POINT ( 'NONE',  ( -0.6249999999999978906, 1.806250001229030788, 1.082531754730548856 ) ) ;
#664 = FACE_OUTER_BOUND ( 'NONE', #5090, .T. ) ;
#665 = CARTESIAN_POINT ( 'NONE',  ( 0.5032151781250004952, 2.471875000614513596, 0.8715942556523216256 ) ) ;
#666 = CARTESIAN_POINT ( 'NONE',  ( -0.5032151781249986078, 2.396875000614513418, 0.8715942556523228468 ) ) ;
#667 = LINE ( 'NONE', #3697, #5497 ) ;
#668 = CARTESIAN_POINT ( 'NONE',  ( 0.5032151781249990519, 5.884375000614513240, -0.8715942556523228468 ) ) ;
#669 = PRODUCT_RELATED_PRODUCT_CATEGORY ( 'part', '', ( #1438 ) ) ;
#670 = EDGE_CURVE ( 'NONE', #534, #1778, #2698, .T. ) ;
#671 = CYLINDRICAL_SURFACE ( 'NONE', #1228, 1.249999999999999334 ) ;
#672 = CARTESIAN_POINT ( 'NONE',  ( 0.6249999999999997780, 4.224999999999996980, -1.082531754730547746 ) ) ;
#673 = CARTESIAN_POINT ( 'NONE',  ( 1.648059826524912020E-05, 6.343750990079669805, 1.249999999891355351 ) ) ;
#674 = CARTESIAN_POINT ( 'NONE',  ( -1.006430356249998992, 5.171875000614514661, 0.5810628371015487126 ) ) ;
#675 = ORIENTED_EDGE ( 'NONE', *, *, #4714, .F. ) ;
#676 = CIRCLE ( 'NONE', #2350, 2.100000000000000089 ) ;
#677 = CARTESIAN_POINT ( 'NONE',  ( 1.006430356249999658, 0.8593750006145139952, -9.819791222584817478E-16 ) ) ;
#678 = CARTESIAN_POINT ( 'NONE',  ( 1.249999999999999334, 0.9999999999999970024, 0.000000000000000000 ) ) ;
#679 = CARTESIAN_POINT ( 'NONE',  ( -1.252801084755460259, 4.842132794191442713, -0.7233050435246171084 ) ) ;
#680 = CARTESIAN_POINT ( 'NONE',  ( 1.006430356249998104, 3.034375000614514040, -0.5810628371015496008 ) ) ;
#681 = CARTESIAN_POINT ( 'NONE',  ( -1.006430356249998548, 9.109375000614512885, 0.5810628371015494897 ) ) ;
#682 = DIRECTION ( 'NONE',  ( 0.000000000000000000, 0.000000000000000000, 1.000000000000000000 ) ) ;
#683 = ADVANCED_FACE ( 'NONE', ( #1849 ), #2733, .T. ) ;
#684 = CARTESIAN_POINT ( 'NONE',  ( 1.249999999999999334, 0.6062500012290311657, -2.749541545756668106E-15 ) ) ;
#685 = CARTESIAN_POINT ( 'NONE',  ( -1.250000000000000444, 8.893750001229030033, -0.7216878364870296103 ) ) ;
#686 = CARTESIAN_POINT ( 'NONE',  ( 0.6249999999999997780, 0.6249999999999968914, -1.082531754730547746 ) ) ;
#687 = CARTESIAN_POINT ( 'NONE',  ( 1.006430356249999658, 3.109375000614513773, -9.819791222584817478E-16 ) ) ;
#688 = CARTESIAN_POINT ( 'NONE',  ( 1.006430356249999880, 10.15937500061451004, 0.5810628371015469362 ) ) ;
#689 = CARTESIAN_POINT ( 'NONE',  ( 1.249999999999999556, 6.887499999999995737, -0.7216878364870316087 ) ) ;
#690 = CARTESIAN_POINT ( 'NONE',  ( -6.674927033655420065E-06, 1.618750401724595722, -1.249999999982177368 ) ) ;
#691 = LINE ( 'NONE', #1632, #2257 ) ;
#692 = ORIENTED_EDGE ( 'NONE', *, *, #848, .F. ) ;
#693 = EDGE_CURVE ( 'NONE', #1653, #2855, #1641, .T. ) ;
#694 = LINE ( 'NONE', #256, #649 ) ;
#695 = CARTESIAN_POINT ( 'NONE',  ( -0.8773821906381225055, 10.00000000000000000, 0.5713501930669807605 ) ) ;
#696 = CARTESIAN_POINT ( 'NONE',  ( 1.249999999999999334, 1.956250001229030921, -2.749541545756668106E-15 ) ) ;
#697 = LINE ( 'NONE', #5080, #276 ) ;
#698 = CARTESIAN_POINT ( 'NONE',  ( -1.006430356249998548, 3.709375000614513862, 0.5810628371015494897 ) ) ;
#699 = CARTESIAN_POINT ( 'NONE',  ( -0.5032151781249986078, 4.196875000614514128, 0.8715942556523228468 ) ) ;
#700 = CARTESIAN_POINT ( 'NONE',  ( 1.249999999999999334, 2.406250001229031099, -2.749541545756668106E-15 ) ) ;
#701 = ORIENTED_EDGE ( 'NONE', *, *, #3367, .T. ) ;
#702 = CARTESIAN_POINT ( 'NONE',  ( -0.5032151781249993849, 7.459375000614513418, 0.8715942556523227358 ) ) ;
#703 = SURFACE_STYLE_FILL_AREA ( #4248 ) ;
#704 = CARTESIAN_POINT ( 'NONE',  ( -0.5032151781249986078, 9.596875000614513596, 0.8715942556523228468 ) ) ;
#705 = DIRECTION ( 'NONE',  ( 0.000000000000000000, 0.000000000000000000, 1.000000000000000000 ) ) ;
#706 = CARTESIAN_POINT ( 'NONE',  ( 9.204127980810867663E-16, 4.346875000614513596, 1.162125674203096537 ) ) ;
#707 = VERTEX_POINT ( 'NONE', #5035 ) ;
#708 = CARTESIAN_POINT ( 'NONE',  ( 0.5032151781249999400, 0.3343750006145139175, 0.8715942556523221807 ) ) ;
#709 = CARTESIAN_POINT ( 'NONE',  ( -1.252801084755457817, 8.067132794191444134, 0.7233050435246216603 ) ) ;
#710 = CARTESIAN_POINT ( 'NONE',  ( 0.5032151781249982747, 3.071875000614513684, -0.8715942556523229579 ) ) ;
#711 = CARTESIAN_POINT ( 'NONE',  ( 1.827526258964323273E-15, 9.184375000614512174, 1.162125674203096093 ) ) ;
#712 =( BOUNDED_CURVE ( )  B_SPLINE_CURVE ( 2, ( #2216, #3557, #5325, #5763, #1345, #3126, #2684, #4439, #392 ),
 .UNSPECIFIED., .F., .T. ) 
 B_SPLINE_CURVE_WITH_KNOTS ( ( 3, 2, 2, 2, 3 ),
 ( 0.8611111111111111605, 0.8641975308641974829, 0.8703703703703703498, 0.8765432098765432167, 0.8796296296296296502 ),
 .UNSPECIFIED. ) 
 CURVE ( )  GEOMETRIC_REPRESENTATION_ITEM ( )  RATIONAL_B_SPLINE_CURVE ( ( 0.9330127018922192983, 0.9330127018922205195, 1.000000000000000000, 0.8660254037844387076, 1.000000000000000000, 0.8660254037844387076, 1.000000000000000000, 0.9330127018922194093, 0.9330127018922194093 ) ) 
 REPRESENTATION_ITEM ( '' )  );
#713 = ORIENTED_EDGE ( 'NONE', *, *, #2401, .T. ) ;
#714 = CARTESIAN_POINT ( 'NONE',  ( -3.099357696081660789E-15, -0.6328672058085562657, -1.446610087049238658 ) ) ;
#715 = CARTESIAN_POINT ( 'NONE',  ( 0.6249999999999974465, 7.881250001229029856, -1.082531754730548856 ) ) ;
#716 = CARTESIAN_POINT ( 'NONE',  ( -0.6250000000000002220, -0.05000000000000305589, 1.082531754730547746 ) ) ;
#717 = CARTESIAN_POINT ( 'NONE',  ( -0.5032151781250003841, 3.709375000614513862, -0.8715942556523218476 ) ) ;
#718 = CARTESIAN_POINT ( 'NONE',  ( 1.006430356249999880, 10.60937500061451289, 0.5810628371015469362 ) ) ;
#719 = CARTESIAN_POINT ( 'NONE',  ( 9.204127980810863719E-16, -0.1531249993854860714, 1.162125674203096537 ) ) ;
#720 = CARTESIAN_POINT ( 'NONE',  ( -0.7017196489320711716, 0.4507240682423238054, 1.034451319556115134 ) ) ;
#721 = ORIENTED_EDGE ( 'NONE', *, *, #2151, .T. ) ;
#722 = CARTESIAN_POINT ( 'NONE',  ( -0.3349265871609160006, 8.573654405999377559, 1.250005717717945330 ) ) ;
#723 = CARTESIAN_POINT ( 'NONE',  ( 1.249999999999999334, 0.6062500012290311657, -2.749541545756668106E-15 ) ) ;
#724 = CARTESIAN_POINT ( 'NONE',  ( -1.249999999999999334, 5.724999999999996980, -1.530808498934190831E-16 ) ) ;
#725 = CARTESIAN_POINT ( 'NONE',  ( 0.5032151781250004952, 4.271875000614514306, 0.8715942556523216256 ) ) ;
#726 = EDGE_CURVE ( 'NONE', #4034, #2680, #4007, .T. ) ;
#727 = DIRECTION ( 'NONE',  ( -0.000000000000000000, -1.000000000000000000, -0.000000000000000000 ) ) ;
#728 = ORIENTED_EDGE ( 'NONE', *, *, #5091, .T. ) ;
#729 = CARTESIAN_POINT ( 'NONE',  ( 1.006430356249999658, 8.021875000614512530, 0.5810628371015478244 ) ) ;
#730 =( LENGTH_UNIT ( ) NAMED_UNIT ( * ) SI_UNIT ( .MILLI., .METRE. ) );
#731 = CARTESIAN_POINT ( 'NONE',  ( 1.250000000000000444, 3.718750001229030655, 0.7216878364870297213 ) ) ;
#732 = LINE ( 'NONE', #296, #2613 ) ;
#733 = CARTESIAN_POINT ( 'NONE',  ( -1.062732146793064886E-15, 6.371875000614513063, -1.162125674203096537 ) ) ;
#734 = DIRECTION ( 'NONE',  ( -0.000000000000000000, -1.000000000000000000, -0.000000000000000000 ) ) ;
#735 = CARTESIAN_POINT ( 'NONE',  ( 1.252801084755460037, 7.767132794191444312, 0.7233050435246172194 ) ) ;
#736 = EDGE_CURVE ( 'NONE', #2118, #4934, #4224, .T. ) ;
#737 = CARTESIAN_POINT ( 'NONE',  ( -1.006430356249999436, 5.471875000614513596, 1.644310252063557226E-15 ) ) ;
#738 = CARTESIAN_POINT ( 'NONE',  ( 1.006430356249999880, 9.709375000614512530, 0.5810628371015468252 ) ) ;
#739 = SHAPE_DEFINITION_REPRESENTATION ( #913, #5668 ) ;
#740 = VERTEX_POINT ( 'NONE', #1038 ) ;
#741 = AXIS2_PLACEMENT_3D ( 'NONE', #4890, #507, #2285 ) ;
#742 = CARTESIAN_POINT ( 'NONE',  ( 0.6264005423777310178, 0.9796327941914435566, 1.084957565286928327 ) ) ;
#743 = CARTESIAN_POINT ( 'NONE',  ( 2.909753293500117656E-15, 7.243750001229030566, 1.443375672974063439 ) ) ;
#744 =( BOUNDED_CURVE ( )  B_SPLINE_CURVE ( 2, ( #5597, #789, #5236, #1258, #764, #3035, #4705, #4736, #1616 ),
 .UNSPECIFIED., .F., .T. ) 
 B_SPLINE_CURVE_WITH_KNOTS ( ( 3, 2, 2, 2, 3 ),
 ( 0.5243534289798174042, 0.5275308595620058494, 0.5338866530507007102, 0.5402424465393956821, 0.5434202347233877406 ),
 .UNSPECIFIED. ) 
 CURVE ( )  GEOMETRIC_REPRESENTATION_ITEM ( )  RATIONAL_B_SPLINE_CURVE ( ( 0.9330127033336272913, 0.9330225281848985031, 1.000000000000000000, 0.8660254037844387076, 1.000000000000000000, 0.8660254037844387076, 1.000000000000000000, 0.9330149902500463055, 0.9330127019703920999 ) ) 
 REPRESENTATION_ITEM ( '' )  );
#745 = CARTESIAN_POINT ( 'NONE',  ( 1.006430356249999658, 2.621875000614513951, 0.5810628371015478244 ) ) ;
#746 = CARTESIAN_POINT ( 'NONE',  ( -0.5032151781249986078, 10.04687500061451289, 0.8715942556523228468 ) ) ;
#747 = CARTESIAN_POINT ( 'NONE',  ( 1.249999999999999112, 8.162499999999996092, 0.7216878364870323859 ) ) ;
#748 = CARTESIAN_POINT ( 'NONE',  ( -1.062732146793064491E-15, -0.8281249993854860048, -1.162125674203096537 ) ) ;
#749 = CARTESIAN_POINT ( 'NONE',  ( 1.249999999999999334, 3.737499999999996714, -0.7216878364870317197 ) ) ;
#750 = AXIS2_PLACEMENT_3D ( 'NONE', #1208, #5125, #3852 ) ;
#751 = ORIENTED_EDGE ( 'NONE', *, *, #4168, .T. ) ;
#752 = CARTESIAN_POINT ( 'NONE',  ( 0.3349488644556188888, 1.148653069361693868, -1.249992855915851742 ) ) ;
#753 = CARTESIAN_POINT ( 'NONE',  ( -0.3349364905389030089, 9.232596189432330291, -1.249999999999999334 ) ) ;
#754 = DIRECTION ( 'NONE',  ( 6.123233995736815340E-17, 0.8660254037844363761, -0.5000000000000038858 ) ) ;
#755 = CARTESIAN_POINT ( 'NONE',  ( 0.6250000000000012212, 0.08125000122903114352, 1.082531754730547080 ) ) ;
#756 = AXIS2_PLACEMENT_3D ( 'NONE', #3093, #4847, #29 ) ;
#757 = CARTESIAN_POINT ( 'NONE',  ( -1.969845607676301195E-15, 4.459375000614513418, -1.162125674203096093 ) ) ;
#758 = DIRECTION ( 'NONE',  ( -0.8660254037844381525, 0.000000000000000000, 0.5000000000000008882 ) ) ;
#759 = VECTOR ( 'NONE', #727, 1000.000000000000000 ) ;
#760 = VERTEX_POINT ( 'NONE', #1930 ) ;
#761 = CARTESIAN_POINT ( 'NONE',  ( -0.5032151781249993849, 6.109375000614512885, 0.8715942556523227358 ) ) ;
#762 =( NAMED_UNIT ( * ) PLANE_ANGLE_UNIT ( ) SI_UNIT ( $, .RADIAN. ) );
#763 = CARTESIAN_POINT ( 'NONE',  ( 1.249999999999999334, 3.249999999999996891, 0.000000000000000000 ) ) ;
#764 = CARTESIAN_POINT ( 'NONE',  ( 1.249999999999999334, 5.106250001229030389, -2.749541545756668106E-15 ) ) ;
#765 = CARTESIAN_POINT ( 'NONE',  ( -1.006430356249998992, 6.071875000614514128, 0.5810628371015487126 ) ) ;
#766 = VECTOR ( 'NONE', #2002, 1000.000000000000000 ) ;
#767 = CARTESIAN_POINT ( 'NONE',  ( -0.5032151781249993849, 0.2593750006145139064, 0.8715942556523227358 ) ) ;
#768 = CARTESIAN_POINT ( 'NONE',  ( -0.5032151781249986078, 6.896875000614513418, 0.8715942556523228468 ) ) ;
#769 = CARTESIAN_POINT ( 'NONE',  ( -1.006430356250000102, 9.934375000614510398, -0.5810628371015466032 ) ) ;
#770 = VECTOR ( 'NONE', #4142, 1000.000000000000000 ) ;
#771 = CARTESIAN_POINT ( 'NONE',  ( 0.6249999999999974465, 5.631250001229030744, -1.082531754730548856 ) ) ;
#772 = ORIENTED_EDGE ( 'NONE', *, *, #2752, .T. ) ;
#773 = EDGE_CURVE ( 'NONE', #5336, #3735, #2429, .T. ) ;
#774 = CARTESIAN_POINT ( 'NONE',  ( -1.252801084755460259, 1.242132794191443734, -0.7233050435246171084 ) ) ;
#775 = CARTESIAN_POINT ( 'NONE',  ( 1.006430356249998104, -1.015624999385486005, -0.5810628371015496008 ) ) ;
#776 = CARTESIAN_POINT ( 'NONE',  ( -1.006430356249998992, 0.2218750006145139286, 0.5810628371015487126 ) ) ;
#777 = CARTESIAN_POINT ( 'NONE',  ( 9.204127980810863719E-16, 2.096875000614513596, 1.162125674203096537 ) ) ;
#778 = CARTESIAN_POINT ( 'NONE',  ( 0.8948462281571007981, 0.2668360083373187419, -0.7280326008920124936 ) ) ;
#779 = ORIENTED_EDGE ( 'NONE', *, *, #437, .T. ) ;
#780 = EDGE_CURVE ( 'NONE', #226, #4731, #811, .T. ) ;
#781 = CARTESIAN_POINT ( 'NONE',  ( -1.249999999999999334, 4.824999999999996625, -1.530808498934190831E-16 ) ) ;
#782 = CARTESIAN_POINT ( 'NONE',  ( 0.3349364905389032865, 9.192403810567659761, -1.249999999999999112 ) ) ;
#783 =( BOUNDED_CURVE ( )  B_SPLINE_CURVE ( 2, ( #3158, #905, #4471, #4911, #1753, #3586, #465, #2250, #938 ),
 .UNSPECIFIED., .F., .T. ) 
 B_SPLINE_CURVE_WITH_KNOTS ( ( 3, 2, 2, 2, 3 ),
 ( 0.6006223019610823499, 0.6038003814263944724, 0.6101561749150932190, 0.6165119684037920766, 0.6196897937139818069 ),
 .UNSPECIFIED. ) 
 CURVE ( )  GEOMETRIC_REPRESENTATION_ITEM ( )  RATIONAL_B_SPLINE_CURVE ( ( 0.9330127021136764842, 0.9330088502933229222, 1.000000000000000000, 0.8660254037844387076, 1.000000000000000000, 0.8660254037844387076, 1.000000000000000000, 0.9330142076621485980, 0.9330127019260666676 ) ) 
 REPRESENTATION_ITEM ( '' )  );
#784 = CARTESIAN_POINT ( 'NONE',  ( -0.6250000000000017764, 2.556250001229031010, -1.082531754730546636 ) ) ;
#785 = CARTESIAN_POINT ( 'NONE',  ( 1.006430356249999880, 3.409375000614513596, 0.5810628371015469362 ) ) ;
#786 = CARTESIAN_POINT ( 'NONE',  ( -0.6250000000000002220, 3.549999999999996714, 1.082531754730547746 ) ) ;
#787 = CARTESIAN_POINT ( 'NONE',  ( 1.006430356249999658, 8.959375000614514306, -9.819791222584817478E-16 ) ) ;
#788 = CARTESIAN_POINT ( 'NONE',  ( -0.6250000000000002220, 3.999999999999996447, 1.082531754730547746 ) ) ;
#789 = CARTESIAN_POINT ( 'NONE',  ( 0.3349820940416513015, 5.013848926871530054, 1.249973670805412773 ) ) ;
#790 = CARTESIAN_POINT ( 'NONE',  ( -0.5032151781250003841, 6.409375000614513596, -0.8715942556523218476 ) ) ;
#791 = CARTESIAN_POINT ( 'NONE',  ( -0.5032151781249993849, 1.159375000614513818, 0.8715942556523227358 ) ) ;
#792 = CARTESIAN_POINT ( 'NONE',  ( 1.006430356249998104, 5.734375000614513773, -0.5810628371015496008 ) ) ;
#793 = CARTESIAN_POINT ( 'NONE',  ( 2.428414212278390072E-11, 0.4312500000022005398, 1.239174682453964893 ) ) ;
#794 = EDGE_LOOP ( 'NONE', ( #4998, #4576, #5279 ) ) ;
#795 = CARTESIAN_POINT ( 'NONE',  ( -3.099357696081660789E-15, 0.7171327941914437121, -1.446610087049238658 ) ) ;
#796 = CARTESIAN_POINT ( 'NONE',  ( -1.250000000000000444, 9.793750001229032165, -0.7216878364870296103 ) ) ;
#797 = CARTESIAN_POINT ( 'NONE',  ( -1.006430356250000102, 3.634375000614514128, -0.5810628371015466032 ) ) ;
#798 = CARTESIAN_POINT ( 'NONE',  ( -1.062732146793064491E-15, 3.671875000614513773, -1.162125674203096537 ) ) ;
#799 = CARTESIAN_POINT ( 'NONE',  ( -0.5032151781249993849, 0.7093750006145137510, 0.8715942556523227358 ) ) ;
#800 = CARTESIAN_POINT ( 'NONE',  ( -1.006430356249999880, 2.396875000614514306, -0.5810628371015476024 ) ) ;
#801 = CARTESIAN_POINT ( 'NONE',  ( 1.249999999999999334, 3.699999999999996625, 0.000000000000000000 ) ) ;
#802 = EDGE_LOOP ( 'NONE', ( #5496, #1515, #1890, #2715 ) ) ;
#803 = CARTESIAN_POINT ( 'NONE',  ( 0.6249999999999974465, 1.131250001229031188, -1.082531754730548856 ) ) ;
#804 = DIRECTION ( 'NONE',  ( -0.5000000000000002220, 0.000000000000000000, 0.8660254037844385966 ) ) ;
#805 = CARTESIAN_POINT ( 'NONE',  ( 1.249999999999997780, 9.643750001229030033, -0.7216878364870343843 ) ) ;
#806 = CARTESIAN_POINT ( 'NONE',  ( -0.6250000000000017764, 2.106250001229030833, -1.082531754730546636 ) ) ;
#807 = CARTESIAN_POINT ( 'NONE',  ( -1.006430356250000324, 4.984375000614513773, -0.5810628371015467142 ) ) ;
#808 = CARTESIAN_POINT ( 'NONE',  ( 1.743066579297358255E-16, 8.312499999999996447, -1.249999999999999112 ) ) ;
#809 = EDGE_LOOP ( 'NONE', ( #1051, #344, #2679, #4674, #3175, #1449 ) ) ;
#810 = EDGE_LOOP ( 'NONE', ( #5636, #1943, #1488, #3605 ) ) ;
#811 =( BOUNDED_CURVE ( )  B_SPLINE_CURVE ( 2, ( #4590, #3275, #3706, #4197, #3765, #617, #214, #2396, #4164 ),
 .UNSPECIFIED., .F., .F. ) 
 B_SPLINE_CURVE_WITH_KNOTS ( ( 3, 2, 2, 2, 3 ),
 ( 0.2574097694577681672, 0.2605875330366544396, 0.2669433265253532972, 0.2732991200140522103, 0.2764771074472407442 ),
 .UNSPECIFIED. ) 
 CURVE ( )  GEOMETRIC_REPRESENTATION_ITEM ( )  RATIONAL_B_SPLINE_CURVE ( ( 0.9330127020098434310, 0.9330155089043086214, 1.000000000000000000, 0.8660254037844387076, 1.000000000000000000, 0.8660254037844387076, 1.000000000000000000, 0.9330107902504045647, 0.9330127019467725491 ) ) 
 REPRESENTATION_ITEM ( '' )  );
#812 = CARTESIAN_POINT ( 'NONE',  ( -0.5032151781250003841, 9.109375000614514661, -0.8715942556523218476 ) ) ;
#813 = CARTESIAN_POINT ( 'NONE',  ( -2.847008746185685470E-15, 2.012499999999997069, -1.249999999999999334 ) ) ;
#814 = CARTESIAN_POINT ( 'NONE',  ( 0.6249999999999987788, 3.174999999999996270, 1.082531754730548412 ) ) ;
#815 = LINE ( 'NONE', #3821, #292 ) ;
#816 = CARTESIAN_POINT ( 'NONE',  ( 0.5032151781249990519, 6.334375000614513418, -0.8715942556523228468 ) ) ;
#817 = DIRECTION ( 'NONE',  ( 0.000000000000000000, 0.000000000000000000, -1.000000000000000000 ) ) ;
#818 = CARTESIAN_POINT ( 'NONE',  ( -0.5032151781249993849, 2.959375000614513862, 0.8715942556523227358 ) ) ;
#819 = CARTESIAN_POINT ( 'NONE',  ( 1.006430356249998104, 5.284375000614512707, -0.5810628371015496008 ) ) ;
#820 = CARTESIAN_POINT ( 'NONE',  ( -1.249999999999998002, 5.818750001229030744, 0.7216878364870340512 ) ) ;
#821 = CARTESIAN_POINT ( 'NONE',  ( 1.249999999999999334, 8.649999999999995026, 0.000000000000000000 ) ) ;
#822 = ORIENTED_EDGE ( 'NONE', *, *, #2414, .T. ) ;
#823 = CARTESIAN_POINT ( 'NONE',  ( -0.6264005423777315729, 1.204632794191443423, -1.084957565286927883 ) ) ;
#824 = CARTESIAN_POINT ( 'NONE',  ( 1.006430356249998104, -0.5656249993854859381, -0.5810628371015496008 ) ) ;
#825 = CARTESIAN_POINT ( 'NONE',  ( -1.969845607676301195E-15, 3.559375000614513507, -1.162125674203096093 ) ) ;
#826 = CARTESIAN_POINT ( 'NONE',  ( 9.204127980810863719E-16, 6.596875000614512707, 1.162125674203096537 ) ) ;
#827 = CARTESIAN_POINT ( 'NONE',  ( -1.006430356249998992, 2.471875000614513596, 0.5810628371015487126 ) ) ;
#828 = CARTESIAN_POINT ( 'NONE',  ( 0.5032151781249990519, 1.834375000614513640, -0.8715942556523228468 ) ) ;
#829 = CARTESIAN_POINT ( 'NONE',  ( 1.249999999999999112, 5.912499999999996980, 0.7216878364870324969 ) ) ;
#830 = CARTESIAN_POINT ( 'NONE',  ( -0.3349364905389085600, 8.782596189432329226, -1.249999999999996225 ) ) ;
#831 = VECTOR ( 'NONE', #4108, 1000.000000000000000 ) ;
#832 = CARTESIAN_POINT ( 'NONE',  ( -1.249999999999998002, 2.218750001229031099, 0.7216878364870340512 ) ) ;
#833 = DIRECTION ( 'NONE',  ( 0.7071067811865489050, -0.7071067811865462405, 0.000000000000000000 ) ) ;
#834 = CARTESIAN_POINT ( 'NONE',  ( -2.847008746185685470E-15, 1.112499999999997380, -1.249999999999999334 ) ) ;
#835 = CARTESIAN_POINT ( 'NONE',  ( -0.6249999999999978906, 3.606250001229030833, 1.082531754730548856 ) ) ;
#836 = CARTESIAN_POINT ( 'NONE',  ( -1.062732146793064491E-15, 9.521875000614516082, -1.162125674203096537 ) ) ;
#837 = AXIS2_PLACEMENT_3D ( 'NONE', #2205, #4163, #180 ) ;
#838 = CARTESIAN_POINT ( 'NONE',  ( -1.969845607676301195E-15, 5.809375000614513951, -1.162125674203096093 ) ) ;
#839 = CARTESIAN_POINT ( 'NONE',  ( 2.571758278209441464E-16, 10.15000000000000036, -2.100000000000000089 ) ) ;
#840 = VERTEX_POINT ( 'NONE', #5568 ) ;
#841 = CARTESIAN_POINT ( 'NONE',  ( -1.006430356249999658, 9.184375000614513951, 8.587269508238524180E-16 ) ) ;
#842 = CARTESIAN_POINT ( 'NONE',  ( -1.252801084755458927, 8.479632794191442002, 2.607410558300822600E-15 ) ) ;
#843 = DIRECTION ( 'NONE',  ( -0.000000000000000000, -1.000000000000000000, -0.000000000000000000 ) ) ;
#844 = CARTESIAN_POINT ( 'NONE',  ( -0.3349364905389057845, 3.832596189432331268, -1.249999999999997780 ) ) ;
#845 = CARTESIAN_POINT ( 'NONE',  ( -5.148452945085441198E-05, 3.642894871246151300, 1.249999997923928241 ) ) ;
#846 = CARTESIAN_POINT ( 'NONE',  ( -0.5032151781250003841, 7.309375000614513063, -0.8715942556523218476 ) ) ;
#847 = VECTOR ( 'NONE', #2982, 1000.000000000000000 ) ;
#848 = EDGE_CURVE ( 'NONE', #117, #5139, #5479, .T. ) ;
#849 = CARTESIAN_POINT ( 'NONE',  ( 1.006430356249999658, 2.659375000614514040, -9.819791222584817478E-16 ) ) ;
#850 = CARTESIAN_POINT ( 'NONE',  ( 1.006430356249999880, 6.109375000614513773, 0.5810628371015469362 ) ) ;
#851 = CARTESIAN_POINT ( 'NONE',  ( -0.6250000000000002220, 3.099999999999996980, 1.082531754730547746 ) ) ;
#852 = CARTESIAN_POINT ( 'NONE',  ( 2.527446539981169803E-15, 1.337499999999997025, 1.249999999999999556 ) ) ;
#853 = VERTEX_POINT ( 'NONE', #1503 ) ;
#854 = CARTESIAN_POINT ( 'NONE',  ( 2.922199054809748253E-15, 0.04213279419144367460, 1.446610087049238658 ) ) ;
#855 = CARTESIAN_POINT ( 'NONE',  ( -1.006430356250000324, -0.4156249993854860270, -0.5810628371015467142 ) ) ;
#856 = CARTESIAN_POINT ( 'NONE',  ( -1.006430356249998548, 4.159375000614513596, 0.5810628371015494897 ) ) ;
#857 = CARTESIAN_POINT ( 'NONE',  ( 0.5032151781249990519, 6.784375000614513596, -0.8715942556523228468 ) ) ;
#858 = CARTESIAN_POINT ( 'NONE',  ( 0.5032151781249990519, 1.384375000614513906, -0.8715942556523228468 ) ) ;
#859 = CARTESIAN_POINT ( 'NONE',  ( -1.006430356249998992, 0.2218750006145139286, 0.5810628371015487126 ) ) ;
#860 = CARTESIAN_POINT ( 'NONE',  ( 0.7142857142857159669, 11.11428571428571388, 0.4123930494211536235 ) ) ;
#861 = ORIENTED_EDGE ( 'NONE', *, *, #1643, .T. ) ;
#862 = DIRECTION ( 'NONE',  ( 0.8660254037844385966, 0.000000000000000000, 0.5000000000000001110 ) ) ;
#863 = FACE_OUTER_BOUND ( 'NONE', #2150, .T. ) ;
#864 = CARTESIAN_POINT ( 'NONE',  ( -1.000000000000000444, 11.40000000000000036, -0.5773502691896265082 ) ) ;
#865 = CARTESIAN_POINT ( 'NONE',  ( 2.909753293500117656E-15, 3.193750001229030744, 1.443375672974063439 ) ) ;
#866 = CARTESIAN_POINT ( 'NONE',  ( 0.5032151781249999400, 8.884375000614511464, 0.8715942556523221807 ) ) ;
#867 = CARTESIAN_POINT ( 'NONE',  ( -0.5032151781249986078, 5.996875000614513063, 0.8715942556523228468 ) ) ;
#868 = CARTESIAN_POINT ( 'NONE',  ( 1.249999999999999334, 9.999999999999994671, 0.000000000000000000 ) ) ;
#869 = CARTESIAN_POINT ( 'NONE',  ( -1.006430356249999658, 9.634375000614513240, 8.587269508238524180E-16 ) ) ;
#870 = CARTESIAN_POINT ( 'NONE',  ( 2.922199054809748253E-15, 8.142132794191441647, 1.446610087049238658 ) ) ;
#871 = LINE ( 'NONE', #5324, #3905 ) ;
#872 = LINE ( 'NONE', #4015, #3638 ) ;
#873 = CARTESIAN_POINT ( 'NONE',  ( -0.5032151781250009392, -0.9031249993854859603, -0.8715942556523212925 ) ) ;
#874 = CARTESIAN_POINT ( 'NONE',  ( 1.006430356249999658, 8.509375000614511464, -9.819791222584819450E-16 ) ) ;
#875 = CARTESIAN_POINT ( 'NONE',  ( -0.5032151781249993849, 2.509375000614513684, 0.8715942556523227358 ) ) ;
#876 = CARTESIAN_POINT ( 'NONE',  ( -0.5032151781249986078, 8.696875000614513240, 0.8715942556523228468 ) ) ;
#877 = CARTESIAN_POINT ( 'NONE',  ( 1.249999999999999556, 2.387499999999997069, -0.7216878364870316087 ) ) ;
#878 = CARTESIAN_POINT ( 'NONE',  ( -0.9079824769307661692, 0.3396645575175029630, 0.7778262432463312059 ) ) ;
#879 = ORIENTED_EDGE ( 'NONE', *, *, #3686, .F. ) ;
#880 = CARTESIAN_POINT ( 'NONE',  ( 8.838126989374219771E-17, 8.762499999999995737, -1.443375672974063439 ) ) ;
#881 = FACE_OUTER_BOUND ( 'NONE', #3056, .T. ) ;
#882 = CARTESIAN_POINT ( 'NONE',  ( 2.922199054809748253E-15, 2.742132794191443512, 1.446610087049238658 ) ) ;
#883 = CARTESIAN_POINT ( 'NONE',  ( -1.969845607676301195E-15, -0.04062499938548599920, -1.162125674203096093 ) ) ;
#884 = CARTESIAN_POINT ( 'NONE',  ( -0.5032151781250009392, 6.746875000614513951, -0.8715942556523212925 ) ) ;
#885 = CARTESIAN_POINT ( 'NONE',  ( -1.062732146793064491E-15, 4.571875000614513240, -1.162125674203096537 ) ) ;
#886 = CARTESIAN_POINT ( 'NONE',  ( -0.5032151781250003841, 1.009375000614513906, -0.8715942556523218476 ) ) ;
#887 = CARTESIAN_POINT ( 'NONE',  ( 1.006430356249998770, 2.246875000614513507, -0.5810628371015489346 ) ) ;
#888 = CARTESIAN_POINT ( 'NONE',  ( -1.000000000000000444, 11.40000000000000036, -0.5773502691896265082 ) ) ;
#889 = ORIENTED_EDGE ( 'NONE', *, *, #3693, .T. ) ;
#890 = FACE_OUTER_BOUND ( 'NONE', #809, .T. ) ;
#891 = FACE_OUTER_BOUND ( 'NONE', #4962, .T. ) ;
#892 = CARTESIAN_POINT ( 'NONE',  ( 0.6249999999999974465, 2.931250001229030566, -1.082531754730548856 ) ) ;
#893 = CARTESIAN_POINT ( 'NONE',  ( 1.006430356249999658, 9.371875000614512174, 0.5810628371015478244 ) ) ;
#894 = CARTESIAN_POINT ( 'NONE',  ( 1.006430356249999436, 6.146875000614514306, -1.767562423498186358E-15 ) ) ;
#895 = CARTESIAN_POINT ( 'NONE',  ( -5.535873061075327717E-06, 4.768750319176629837, -1.249999999987740917 ) ) ;
#896 = ORIENTED_EDGE ( 'NONE', *, *, #1269, .F. ) ;
#897 = ORIENTED_EDGE ( 'NONE', *, *, #3443, .F. ) ;
#898 = ORIENTED_EDGE ( 'NONE', *, *, #5724, .F. ) ;
#899 = CARTESIAN_POINT ( 'NONE',  ( -0.5032151781249993849, 8.809375000614513951, 0.8715942556523227358 ) ) ;
#900 = CARTESIAN_POINT ( 'NONE',  ( 2.162577587529268681E-16, 11.40000000000000036, -1.154700538379252128 ) ) ;
#901 = CARTESIAN_POINT ( 'NONE',  ( -3.099357696081660789E-15, 7.917132794191442002, -1.446610087049238658 ) ) ;
#902 = CARTESIAN_POINT ( 'NONE',  ( -6.674927033655420065E-06, 1.618750401724595722, -1.249999999982177368 ) ) ;
#903 = CARTESIAN_POINT ( 'NONE',  ( -5.083226616427133853E-05, 7.242954912290988645, 1.249999998196428486 ) ) ;
#904 = ADVANCED_FACE ( 'NONE', ( #182 ), #3795, .T. ) ;
#905 = CARTESIAN_POINT ( 'NONE',  ( 0.3349186151324261007, 5.913845118136975998, 1.250010320370741779 ) ) ;
#906 = CARTESIAN_POINT ( 'NONE',  ( -1.006430356249999436, 0.07187500061451397582, 1.644310252063557226E-15 ) ) ;
#907 = CARTESIAN_POINT ( 'NONE',  ( 0.5032151781249990519, 8.584375000614514306, -0.8715942556523228468 ) ) ;
#908 = CARTESIAN_POINT ( 'NONE',  ( 1.530808498934190831E-16, 10.00000000000000000, 1.249999999999999334 ) ) ;
#909 = CARTESIAN_POINT ( 'NONE',  ( 0.5032151781249999400, 2.584375000614513418, 0.8715942556523221807 ) ) ;
#910 = CARTESIAN_POINT ( 'NONE',  ( -1.006430356249999436, 8.171875000614512885, 1.644310252063557226E-15 ) ) ;
#911 = CARTESIAN_POINT ( 'NONE',  ( -1.249999999999999334, 3.437499999999996891, -0.7216878364870322748 ) ) ;
#912 = CARTESIAN_POINT ( 'NONE',  ( 0.6249999999999987788, 7.224999999999996092, 1.082531754730548412 ) ) ;
#913 = PRODUCT_DEFINITION_SHAPE ( 'NONE', 'NONE',  #1355 ) ;
#914 = ORIENTED_EDGE ( 'NONE', *, *, #4135, .T. ) ;
#915 = EDGE_LOOP ( 'NONE', ( #1383, #2934, #1661, #2646 ) ) ;
#916 = CARTESIAN_POINT ( 'NONE',  ( -1.249999999999999334, 9.774999999999995026, -1.530808498934190831E-16 ) ) ;
#917 = EDGE_CURVE ( 'NONE', #1006, #4666, #4586, .T. ) ;
#918 = CARTESIAN_POINT ( 'NONE',  ( 1.252801084755460037, 2.817132794191442802, 0.7233050435246172194 ) ) ;
#919 = CARTESIAN_POINT ( 'NONE',  ( -1.006430356249998548, 1.459375000614513862, 0.5810628371015493787 ) ) ;
#920 = CARTESIAN_POINT ( 'NONE',  ( 0.5032151781250004952, 6.971875000614513596, 0.8715942556523216256 ) ) ;
#921 = CARTESIAN_POINT ( 'NONE',  ( -0.5032151781250003841, 4.609375000614513773, -0.8715942556523218476 ) ) ;
#922 = CARTESIAN_POINT ( 'NONE',  ( -1.006430356249998992, 0.6718750006145138842, 0.5810628371015487126 ) ) ;
#923 = CARTESIAN_POINT ( 'NONE',  ( -5.868324150301105755E-15, 2.912499999999997424, -1.249999999999999556 ) ) ;
#924 = CARTESIAN_POINT ( 'NONE',  ( 0.4165268634652047886, 0.04972897084507046928, -0.9538711787011653342 ) ) ;
#925 = ORIENTED_EDGE ( 'NONE', *, *, #5251, .T. ) ;
#926 = LINE ( 'NONE', #2708, #2707 ) ;
#927 = EDGE_CURVE ( 'NONE', #2722, #4855, #5191, .T. ) ;
#928 = DIRECTION ( 'NONE',  ( -0.6546536707079791961, 0.6546536707079754214, -0.3779644730092265315 ) ) ;
#929 = CARTESIAN_POINT ( 'NONE',  ( 0.8919339343237300266, 10.00000000000000000, 0.8757640346605912729 ) ) ;
#930 = CARTESIAN_POINT ( 'NONE',  ( 1.250000000000000444, 4.618750001229030566, 0.7216878364870298324 ) ) ;
#931 = CARTESIAN_POINT ( 'NONE',  ( 1.827526258964323273E-15, 5.584375000614514306, 1.162125674203096093 ) ) ;
#932 = CARTESIAN_POINT ( 'NONE',  ( -2.847008746185685470E-15, 1.112499999999997380, -1.249999999999999334 ) ) ;
#933 = AXIS2_PLACEMENT_3D ( 'NONE', #3793, #3763, #2903 ) ;
#934 = ORIENTED_EDGE ( 'NONE', *, *, #4675, .T. ) ;
#935 = DIRECTION ( 'NONE',  ( 0.000000000000000000, 0.000000000000000000, -1.000000000000000000 ) ) ;
#936 = CARTESIAN_POINT ( 'NONE',  ( -0.8148496266110657471, 10.66591445852706244, -1.415787822562924347 ) ) ;
#937 = CARTESIAN_POINT ( 'NONE',  ( -1.082395280570380702, 0.3718935093986343032, -0.5873821175715594478 ) ) ;
#938 = CARTESIAN_POINT ( 'NONE',  ( 1.505942528553860147E-05, 6.118749128651757019, -1.249999999909284565 ) ) ;
#939 = CARTESIAN_POINT ( 'NONE',  ( -4.938688641342514686E-16, 9.887499999999997513, 1.249999999999999334 ) ) ;
#940 =( BOUNDED_CURVE ( )  B_SPLINE_CURVE ( 2, ( #4867, #2672, #247, #188, #684, #3711, #5488, #2025, #2375 ),
 .UNSPECIFIED., .F., .F. ) 
 B_SPLINE_CURVE_WITH_KNOTS ( ( 3, 2, 2, 2, 3 ),
 ( 0.1430052552200175020, 0.1461832502400744194, 0.1525390437287733048, 0.1588948372174721901, 0.1620727296081956315 ),
 .UNSPECIFIED. ) 
 CURVE ( )  GEOMETRIC_REPRESENTATION_ITEM ( )  RATIONAL_B_SPLINE_CURVE ( ( 0.9330127019562821644, 0.9330106303258209888, 1.000000000000000000, 0.8660254037844387076, 1.000000000000000000, 0.8660254037844387076, 1.000000000000000000, 0.9330127936628672680, 0.9330127018923450866 ) ) 
 REPRESENTATION_ITEM ( '' )  );
#942 = VERTEX_POINT ( 'NONE', #1226 ) ;
#941 = CARTESIAN_POINT ( 'NONE',  ( -0.5032151781250003841, 10.00937500061451324, -0.8715942556523218476 ) ) ;
#943 = AXIS2_PLACEMENT_3D ( 'NONE', #1022, #5614, #2920 ) ;
#944 = EDGE_CURVE ( 'NONE', #5361, #2132, #2449, .T. ) ;
#945 = CARTESIAN_POINT ( 'NONE',  ( 0.5032151781249990519, 5.434375000614513951, -0.8715942556523228468 ) ) ;
#946 = CARTESIAN_POINT ( 'NONE',  ( -0.5032151781249986078, 8.246875000614512174, 0.8715942556523228468 ) ) ;
#947 = VECTOR ( 'NONE', #207, 1000.000000000000000 ) ;
#948 = CARTESIAN_POINT ( 'NONE',  ( 1.249999999999999334, 1.899999999999996803, 0.000000000000000000 ) ) ;
#949 = CARTESIAN_POINT ( 'NONE',  ( 2.428414212278390072E-11, 0.4312500000022005398, 1.239174682453964893 ) ) ;
#950 = ORIENTED_EDGE ( 'NONE', *, *, #1180, .T. ) ;
#951 = EDGE_CURVE ( 'NONE', #2367, #5743, #5196, .T. ) ;
#952 = CARTESIAN_POINT ( 'NONE',  ( 1.249999999999999556, 10.03749999999999964, -0.7216878364870316087 ) ) ;
#953 = CARTESIAN_POINT ( 'NONE',  ( 0.000000000000000000, 10.00000000000000000, 0.000000000000000000 ) ) ;
#954 = CARTESIAN_POINT ( 'NONE',  ( 2.922199054809748253E-15, 4.092132794191443601, 1.446610087049238658 ) ) ;
#955 = CARTESIAN_POINT ( 'NONE',  ( 1.006430356249999880, 0.2593750006145139064, 0.5810628371015469362 ) ) ;
#956 = CARTESIAN_POINT ( 'NONE',  ( -1.006430356249998548, 5.509375000614514128, 0.5810628371015494897 ) ) ;
#957 = CARTESIAN_POINT ( 'NONE',  ( -1.062732146793064491E-15, 5.471875000614514484, -1.162125674203096537 ) ) ;
#958 = CARTESIAN_POINT ( 'NONE',  ( 0.5032151781249990519, 3.634375000614513240, -0.8715942556523228468 ) ) ;
#959 = ADVANCED_FACE ( 'NONE', ( #3379 ), #4726, .T. ) ;
#960 = CARTESIAN_POINT ( 'NONE',  ( -1.249999999999999334, 6.231250001229030389, 2.596460695863248776E-15 ) ) ;
#961 = DIRECTION ( 'NONE',  ( -0.6546536707079780859, -0.6546536707079760875, -0.3779644730092275307 ) ) ;
#962 = ORIENTED_EDGE ( 'NONE', *, *, #5292, .F. ) ;
#963 = LINE ( 'NONE', #4516, #87 ) ;
#964 = CARTESIAN_POINT ( 'NONE',  ( -0.6249999999999978906, 4.956250001229030921, 1.082531754730548856 ) ) ;
#965 = CARTESIAN_POINT ( 'NONE',  ( 1.006430356249998104, 5.734375000614513773, -0.5810628371015496008 ) ) ;
#966 = EDGE_CURVE ( 'NONE', #3916, #1846, #2859, .T. ) ;
#967 = CARTESIAN_POINT ( 'NONE',  ( 1.743066579297358255E-16, 7.412499999999995204, -1.249999999999999112 ) ) ;
#968 = VERTEX_POINT ( 'NONE', #2177 ) ;
#969 = CARTESIAN_POINT ( 'NONE',  ( -1.250000000000000444, 7.993750001229031454, -0.7216878364870294993 ) ) ;
#970 = CARTESIAN_POINT ( 'NONE',  ( 1.249999999999998002, -1.156249998770968679, -0.7216878364870344953 ) ) ;
#971 = CARTESIAN_POINT ( 'NONE',  ( -0.3349395883780809657, 1.638846376531715832, -1.249998211461716746 ) ) ;
#972 = CARTESIAN_POINT ( 'NONE',  ( -0.5032151781250009392, 2.246875000614513507, -0.8715942556523212925 ) ) ;
#973 = CARTESIAN_POINT ( 'NONE',  ( 1.006430356249999436, 0.2968750006145138842, -1.767562423498186358E-15 ) ) ;
#974 = CARTESIAN_POINT ( 'NONE',  ( -1.006430356249998992, 8.321875000614515017, 0.5810628371015487126 ) ) ;
#975 = CARTESIAN_POINT ( 'NONE',  ( 0.5032151781249999400, 3.484375000614513329, 0.8715942556523221807 ) ) ;
#976 =( BOUNDED_CURVE ( )  B_SPLINE_CURVE ( 2, ( #2911, #624, #1594, #2821, #3280, #1937, #4657, #2435, #1996 ),
 .UNSPECIFIED., .F., .F. ) 
 B_SPLINE_CURVE_WITH_KNOTS ( ( 3, 2, 2, 2, 3 ),
 ( 0.3527466020913523903, 0.3559244353671376926, 0.3622802288558366612, 0.3686360223445355189, 0.3718137871841948328 ),
 .UNSPECIFIED. ) 
 CURVE ( )  GEOMETRIC_REPRESENTATION_ITEM ( )  RATIONAL_B_SPLINE_CURVE ( ( 0.9330127019189389248, 0.9330140397543231767, 1.000000000000000000, 0.8660254037844387076, 1.000000000000000000, 0.8660254037844387076, 1.000000000000000000, 0.9330154823283103305, 0.9330127020076266486 ) ) 
 REPRESENTATION_ITEM ( '' )  );
#977 = CARTESIAN_POINT ( 'NONE',  ( -1.969845607676301195E-15, 7.609375000614514661, -1.162125674203096093 ) ) ;
#978 = CARTESIAN_POINT ( 'NONE',  ( -1.249999999999999334, 1.637499999999997069, -0.7216878364870322748 ) ) ;
#979 = CARTESIAN_POINT ( 'NONE',  ( 1.249999999999999334, 8.706250001229030033, -2.749541545756668106E-15 ) ) ;
#980 = ORIENTED_EDGE ( 'NONE', *, *, #3901, .T. ) ;
#981 = ORIENTED_EDGE ( 'NONE', *, *, #3907, .T. ) ;
#982 = CARTESIAN_POINT ( 'NONE',  ( 1.249999999999999556, 9.587499999999995026, -0.7216878364870316087 ) ) ;
#983 = CARTESIAN_POINT ( 'NONE',  ( -4.938688641342514686E-16, 9.437499999999994671, 1.249999999999999334 ) ) ;
#984 = CARTESIAN_POINT ( 'NONE',  ( -1.252801084755457817, 4.017132794191443423, 0.7233050435246216603 ) ) ;
#985 = CARTESIAN_POINT ( 'NONE',  ( 1.006430356249999436, 0.7468750006145140619, -1.767562423498186358E-15 ) ) ;
#986 = CARTESIAN_POINT ( 'NONE',  ( -0.5032151781249986078, 5.096875000614513596, 0.8715942556523228468 ) ) ;
#987 = ADVANCED_FACE ( 'NONE', ( #2145 ), #4036, .T. ) ;
#988 = CARTESIAN_POINT ( 'NONE',  ( -1.006430356249999880, 7.796875000614512885, -0.5810628371015476024 ) ) ;
#989 = CARTESIAN_POINT ( 'NONE',  ( 0.9999999999999993339, 12.35000000000000320, 0.5773502691896267303 ) ) ;
#990 = LINE ( 'NONE', #1857, #4000 ) ;
#991 = CARTESIAN_POINT ( 'NONE',  ( -1.250000000000000444, 5.293750001229030389, -0.7216878364870296103 ) ) ;
#992 = CARTESIAN_POINT ( 'NONE',  ( 0.6249999999999987788, -0.4250000000000029865, 1.082531754730548412 ) ) ;
#993 = CARTESIAN_POINT ( 'NONE',  ( -1.006430356249999436, 7.721875000614514484, 1.644310252063557226E-15 ) ) ;
#994 = CARTESIAN_POINT ( 'NONE',  ( 1.249999999999999334, 2.837499999999996803, -0.7216878364870317197 ) ) ;
#995 = CARTESIAN_POINT ( 'NONE',  ( 1.249999999999999112, 0.5124999999999968470, 0.7216878364870324969 ) ) ;
#996 = DIRECTION ( 'NONE',  ( -0.000000000000000000, -1.000000000000000000, -0.000000000000000000 ) ) ;
#997 = CARTESIAN_POINT ( 'NONE',  ( 2.909753293500117656E-15, -0.8562499987709688565, 1.443375672974063439 ) ) ;
#998 = CARTESIAN_POINT ( 'NONE',  ( 1.006430356249999436, 1.196875000614513906, -1.767562423498186358E-15 ) ) ;
#999 = CARTESIAN_POINT ( 'NONE',  ( -0.5032151781250009392, 0.4468750006145138509, -0.8715942556523212925 ) ) ;
#1000 = CARTESIAN_POINT ( 'NONE',  ( 9.204127980810867663E-16, 9.296875000614511109, 1.162125674203096537 ) ) ;
#1001 = CARTESIAN_POINT ( 'NONE',  ( 1.006430356249999658, 5.771875000614513418, 0.5810628371015478244 ) ) ;
#1002 = EDGE_CURVE ( 'NONE', #4731, #3406, #4837, .T. ) ;
#1003 = CARTESIAN_POINT ( 'NONE',  ( -1.006430356249998548, 8.659375000614511819, 0.5810628371015493787 ) ) ;
#1004 = CARTESIAN_POINT ( 'NONE',  ( -0.4553294418007624578, 0.1212027538886609745, 0.9621280877866101866 ) ) ;
#1005 = ORIENTED_EDGE ( 'NONE', *, *, #2332, .T. ) ;
#1006 = VERTEX_POINT ( 'NONE', #5373 ) ;
#1007 = CARTESIAN_POINT ( 'NONE',  ( -1.249999999999999778, 10.26249999999999751, 0.7216878364870313867 ) ) ;
#1008 = CARTESIAN_POINT ( 'NONE',  ( 1.084202172485504434E-15, 11.11428571428571921, -0.8247860988423266759 ) ) ;
#1009 = CARTESIAN_POINT ( 'NONE',  ( 2.922199054809748253E-15, 3.642132794191443423, 1.446610087049238658 ) ) ;
#1010 = CARTESIAN_POINT ( 'NONE',  ( -0.5032151781250009392, 0.8968750006145139730, -0.8715942556523212925 ) ) ;
#1011 = CARTESIAN_POINT ( 'NONE',  ( 1.006430356249999436, 6.146875000614514306, -1.767562423498186358E-15 ) ) ;
#1012 = CARTESIAN_POINT ( 'NONE',  ( 0.5032151781249999400, 7.534375000614513596, 0.8715942556523221807 ) ) ;
#1013 = CARTESIAN_POINT ( 'NONE',  ( -1.249999999999999112, 8.837499999999995026, -0.7216878364870322748 ) ) ;
#1014 = CARTESIAN_POINT ( 'NONE',  ( 0.6249999999999997780, 6.474999999999996092, -1.082531754730547746 ) ) ;
#1015 = LINE ( 'NONE', #1831, #559 ) ;
#1016 = CARTESIAN_POINT ( 'NONE',  ( 1.249999999999999334, 4.656250001229030211, -2.749541545756668106E-15 ) ) ;
#1017 = CARTESIAN_POINT ( 'NONE',  ( -0.5032151781249993849, 10.60937500061451289, 0.8715942556523227358 ) ) ;
#1018 = CARTESIAN_POINT ( 'NONE',  ( -0.5032151781250009392, 8.996875000614513951, -0.8715942556523212925 ) ) ;
#1019 = CARTESIAN_POINT ( 'NONE',  ( 1.249999999999999556, 7.337499999999995026, -0.7216878364870316087 ) ) ;
#1020 = ORIENTED_EDGE ( 'NONE', *, *, #5233, .F. ) ;
#1021 = ORIENTED_EDGE ( 'NONE', *, *, #5057, .F. ) ;
#1022 = CARTESIAN_POINT ( 'NONE',  ( 0.000000000000000000, 10.00000000000000000, 0.000000000000000000 ) ) ;
#1023 = CARTESIAN_POINT ( 'NONE',  ( -0.6249999999999978906, -0.4437499987709688232, 1.082531754730548856 ) ) ;
#1024 = CARTESIAN_POINT ( 'NONE',  ( -1.969845607676301195E-15, 0.8593750006145139952, -1.162125674203096093 ) ) ;
#1025 = CARTESIAN_POINT ( 'NONE',  ( -0.5032151781250009392, 2.696875000614514128, -0.8715942556523212925 ) ) ;
#1026 = CARTESIAN_POINT ( 'NONE',  ( 0.5032151781249999400, 10.23437500061451289, 0.8715942556523221807 ) ) ;
#1027 = EDGE_CURVE ( 'NONE', #2393, #5445, #2710, .T. ) ;
#1028 = AXIS2_PLACEMENT_3D ( 'NONE', #314, #4668, #5227 ) ;
#1029 = CARTESIAN_POINT ( 'NONE',  ( 9.204127980810865691E-16, 5.696875000614513240, 1.162125674203096537 ) ) ;
#1030 = CARTESIAN_POINT ( 'NONE',  ( 0.5032151781249982747, 10.27187500061451253, -0.8715942556523229579 ) ) ;
#1031 = CARTESIAN_POINT ( 'NONE',  ( 8.838126989374219771E-17, 3.812499999999996447, -1.443375672974063439 ) ) ;
#1032 = CARTESIAN_POINT ( 'NONE',  ( 0.6249999999999997780, 6.924999999999996270, -1.082531754730547746 ) ) ;
#1033 = AXIS2_PLACEMENT_3D ( 'NONE', #4087, #1369, #4061 ) ;
#1034 = VERTEX_POINT ( 'NONE', #2236 ) ;
#1035 = EDGE_LOOP ( 'NONE', ( #1769, #5175, #1434, #4646 ) ) ;
#1036 = CARTESIAN_POINT ( 'NONE',  ( -1.249999999999999334, 7.581250001229030921, 2.596460695863248776E-15 ) ) ;
#1037 = AXIS2_PLACEMENT_3D ( 'NONE', #4014, #2249, #2215 ) ;
#1038 = CARTESIAN_POINT ( 'NONE',  ( -6.618660168303196309E-05, 4.542678856806148247, 1.249999996738970776 ) ) ;
#1039 = CARTESIAN_POINT ( 'NONE',  ( -1.252801084755457817, 4.467132794191442713, 0.7233050435246216603 ) ) ;
#1040 = CARTESIAN_POINT ( 'NONE',  ( 1.006430356249999880, 3.859375000614513773, 0.5810628371015469362 ) ) ;
#1041 = CARTESIAN_POINT ( 'NONE',  ( 0.5032151781250004952, 7.421875000614513773, 0.8715942556523216256 ) ) ;
#1042 = DIRECTION ( 'NONE',  ( -0.000000000000000000, -1.000000000000000000, -0.000000000000000000 ) ) ;
#1043 =( BOUNDED_CURVE ( )  B_SPLINE_CURVE ( 2, ( #4152, #168, #1946, #3726, #1519, #3322, #1110, #4635, #5556 ),
 .UNSPECIFIED., .F., .F. ) 
 B_SPLINE_CURVE_WITH_KNOTS ( ( 3, 2, 2, 2, 3 ),
 ( 0.2002073684079531679, 0.2033853916383644156, 0.2097411851270633287, 0.2160969786157622141, 0.2192743920405436642 ),
 .UNSPECIFIED. ) 
 CURVE ( )  GEOMETRIC_REPRESENTATION_ITEM ( )  RATIONAL_B_SPLINE_CURVE ( ( 0.9330127019983394110, 0.9330100356760987479, 1.000000000000000000, 0.8660254037844387076, 1.000000000000000000, 0.8660254037844387076, 1.000000000000000000, 0.9330228898481494060, 0.9330127034416838550 ) ) 
 REPRESENTATION_ITEM ( '' )  );
#1044 = PLANE ( 'NONE',  #290 ) ;
#1045 = CARTESIAN_POINT ( 'NONE',  ( -1.249999999999998224, 6.268750001229030033, 0.7216878364870340512 ) ) ;
#1046 = CARTESIAN_POINT ( 'NONE',  ( -1.062732146793064491E-15, 10.42187500061451289, -1.162125674203096537 ) ) ;
#1047 = CARTESIAN_POINT ( 'NONE',  ( -1.006430356250000324, 9.484375000614512885, -0.5810628371015467142 ) ) ;
#1048 = CARTESIAN_POINT ( 'NONE',  ( -1.249999999999999778, 7.562499999999996447, 0.7216878364870313867 ) ) ;
#1049 = CARTESIAN_POINT ( 'NONE',  ( 1.249999999999997780, 1.543750001229031277, -0.7216878364870343843 ) ) ;
#1050 = DIRECTION ( 'NONE',  ( 0.000000000000000000, 1.000000000000000000, 0.000000000000000000 ) ) ;
#1051 = ORIENTED_EDGE ( 'NONE', *, *, #951, .F. ) ;
#1052 = ORIENTED_EDGE ( 'NONE', *, *, #4294, .T. ) ;
#1053 = CARTESIAN_POINT ( 'NONE',  ( -0.6249999999999978906, 8.106250001229030389, 1.082531754730548856 ) ) ;
#1054 = CARTESIAN_POINT ( 'NONE',  ( -3.099357696081660789E-15, 9.717132794191442713, -1.446610087049238658 ) ) ;
#1055 = DIRECTION ( 'NONE',  ( -0.000000000000000000, -1.000000000000000000, -0.000000000000000000 ) ) ;
#1056 = CARTESIAN_POINT ( 'NONE',  ( -0.5032151781249986078, 1.946875000614513684, 0.8715942556523228468 ) ) ;
#1057 = CARTESIAN_POINT ( 'NONE',  ( -0.5032151781250009392, 1.346875000614513818, -0.8715942556523212925 ) ) ;
#1058 = EDGE_CURVE ( 'NONE', #2132, #853, #32, .T. ) ;
#1059 = CARTESIAN_POINT ( 'NONE',  ( 1.006430356249999658, 10.75937500061451324, -9.819791222584819450E-16 ) ) ;
#1060 = CARTESIAN_POINT ( 'NONE',  ( -1.062732146793064491E-15, 5.021875000614513418, -1.162125674203096537 ) ) ;
#1061 = CARTESIAN_POINT ( 'NONE',  ( 1.530808498934190831E-16, 10.00000000000000000, 1.249999999999999334 ) ) ;
#1062 = CARTESIAN_POINT ( 'NONE',  ( -1.249999999999999334, 3.887499999999997069, -0.7216878364870322748 ) ) ;
#1063 = CARTESIAN_POINT ( 'NONE',  ( 0.9999999999999993339, 12.35000000000000320, -0.5773502691896267303 ) ) ;
#1064 = CARTESIAN_POINT ( 'NONE',  ( -1.062732146793064886E-15, 5.021875000614513418, -1.162125674203096537 ) ) ;
#1065 = ORIENTED_EDGE ( 'NONE', *, *, #1027, .T. ) ;
#1066 = CARTESIAN_POINT ( 'NONE',  ( 5.409801710144258947E-06, 7.468749688482064997, -1.249999999988292920 ) ) ;
#1067 = CARTESIAN_POINT ( 'NONE',  ( -5.083226616427133853E-05, 7.242954912290988645, 1.249999998196428486 ) ) ;
#1068 = CARTESIAN_POINT ( 'NONE',  ( 0.6264005423777310178, 6.379632794191443246, 1.084957565286928327 ) ) ;
#1069 = CARTESIAN_POINT ( 'NONE',  ( -0.5032151781249986078, 4.196875000614514128, 0.8715942556523228468 ) ) ;
#1070 = CARTESIAN_POINT ( 'NONE',  ( 1.827526258964323273E-15, 7.384375000614512352, 1.162125674203096093 ) ) ;
#1071 = CARTESIAN_POINT ( 'NONE',  ( 9.204127980810863719E-16, 7.496875000614513063, 1.162125674203096537 ) ) ;
#1072 = LINE ( 'NONE', #2318, #5224 ) ;
#1073 = CARTESIAN_POINT ( 'NONE',  ( -1.252801084755457817, -0.9328672058085563101, 0.7233050435246216603 ) ) ;
#1074 = CARTESIAN_POINT ( 'NONE',  ( 1.250000000000000444, 9.118750001229029678, 0.7216878364870298324 ) ) ;
#1075 = CARTESIAN_POINT ( 'NONE',  ( 9.204127980810863719E-16, 10.64687500061451075, 1.162125674203096537 ) ) ;
#1076 = CARTESIAN_POINT ( 'NONE',  ( -0.5032151781250009392, 9.446875000614511464, -0.8715942556523212925 ) ) ;
#1077 = CARTESIAN_POINT ( 'NONE',  ( -2.651438096812265438E-16, 5.837499999999995914, 1.443375672974063439 ) ) ;
#1078 = CARTESIAN_POINT ( 'NONE',  ( 0.3349333926952928198, 1.598653997667313531, -1.250001788540840542 ) ) ;
#1079 = CARTESIAN_POINT ( 'NONE',  ( -0.3349743150451310880, 6.773651542326323494, 1.249978162011145866 ) ) ;
#1080 = ORIENTED_EDGE ( 'NONE', *, *, #4310, .T. ) ;
#1081 = DIRECTION ( 'NONE',  ( 0.000000000000000000, 0.000000000000000000, 1.000000000000000000 ) ) ;
#1082 = CARTESIAN_POINT ( 'NONE',  ( 1.249999999999999334, 0.1562500012290311269, -2.749541545756668106E-15 ) ) ;
#1083 = DIRECTION ( 'NONE',  ( 0.5000000000000001110, 0.000000000000000000, -0.8660254037844387076 ) ) ;
#1084 = CARTESIAN_POINT ( 'NONE',  ( 1.006430356249998326, 1.234375000614513551, -0.5810628371015497118 ) ) ;
#1085 = CARTESIAN_POINT ( 'NONE',  ( 1.827526258964323273E-15, 0.6343750006145137954, 1.162125674203096093 ) ) ;
#1086 = CARTESIAN_POINT ( 'NONE',  ( -1.006430356249999214, 6.521875000614513418, 0.5810628371015488236 ) ) ;
#1087 = EDGE_CURVE ( 'NONE', #5553, #3719, #3919, .T. ) ;
#1088 = DIRECTION ( 'NONE',  ( 0.000000000000000000, 0.000000000000000000, -1.000000000000000000 ) ) ;
#1089 = CARTESIAN_POINT ( 'NONE',  ( 0.6250000000000012212, 6.381250001229030744, 1.082531754730547080 ) ) ;
#1090 = CARTESIAN_POINT ( 'NONE',  ( -1.062732146793064886E-15, 4.121875000614513063, -1.162125674203096537 ) ) ;
#1091 = ORIENTED_EDGE ( 'NONE', *, *, #1535, .F. ) ;
#1092 = CARTESIAN_POINT ( 'NONE',  ( 1.250000000000000444, 4.168750001229030389, 0.7216878364870297213 ) ) ;
#1093 = CARTESIAN_POINT ( 'NONE',  ( 0.6264005423777272430, 5.179632794191443068, -1.084957565286930325 ) ) ;
#1094 = CARTESIAN_POINT ( 'NONE',  ( 0.5032151781249982747, 3.971875000614514040, -0.8715942556523229579 ) ) ;
#1095 = CARTESIAN_POINT ( 'NONE',  ( 0.5032151781250004952, 8.771875000614512530, 0.8715942556523216256 ) ) ;
#1096 = CARTESIAN_POINT ( 'NONE',  ( 0.5032151781249990519, 8.584375000614514306, -0.8715942556523228468 ) ) ;
#1097 = FACE_OUTER_BOUND ( 'NONE', #3136, .T. ) ;
#1098 = EDGE_CURVE ( 'NONE', #968, #3256, #1832, .T. ) ;
#1099 = CARTESIAN_POINT ( 'NONE',  ( -1.252801084755460259, -1.007867205808556266, -0.7233050435246171084 ) ) ;
#1100 = CARTESIAN_POINT ( 'NONE',  ( -0.6250000000000017764, 8.406250001229031099, -1.082531754730546636 ) ) ;
#1101 = CARTESIAN_POINT ( 'NONE',  ( 0.5032151781249990519, 10.83437500061451253, -0.8715942556523228468 ) ) ;
#1102 = CARTESIAN_POINT ( 'NONE',  ( 1.006430356249999658, -0.5281249993854860714, 0.5810628371015478244 ) ) ;
#1103 = CARTESIAN_POINT ( 'NONE',  ( 8.838126989374219771E-17, 6.062499999999996447, -1.443375672974063439 ) ) ;
#1104 = CARTESIAN_POINT ( 'NONE',  ( -0.3349265658936517176, 4.073654407275411948, 1.250005729996605863 ) ) ;
#1105 = CARTESIAN_POINT ( 'NONE',  ( -4.314676713613304281E-05, 6.793065799235231239, 1.249999998666917245 ) ) ;
#1106 = ORIENTED_EDGE ( 'NONE', *, *, #3121, .F. ) ;
#1107 = ADVANCED_FACE ( 'NONE', ( #5254 ), #422, .T. ) ;
#1108 = CARTESIAN_POINT ( 'NONE',  ( -1.249999999999998002, 8.518750001229030033, 0.7216878364870340512 ) ) ;
#1109 = CARTESIAN_POINT ( 'NONE',  ( -0.6250000000000017764, 1.656250001229030877, -1.082531754730546636 ) ) ;
#1110 = CARTESIAN_POINT ( 'NONE',  ( -0.6249999999999978906, 1.356250001229031055, 1.082531754730548856 ) ) ;
#1111 = CARTESIAN_POINT ( 'NONE',  ( 1.006430356249998326, 4.384375000614514128, -0.5810628371015497118 ) ) ;
#1112 = CARTESIAN_POINT ( 'NONE',  ( 0.5032151781249982747, 2.171875000614513773, -0.8715942556523229579 ) ) ;
#1113 = CARTESIAN_POINT ( 'NONE',  ( -1.249999999999999334, 8.931250001229029678, 2.596460695863248776E-15 ) ) ;
#1114 = CARTESIAN_POINT ( 'NONE',  ( 0.5032151781249999400, 7.984375000614513773, 0.8715942556523221807 ) ) ;
#1115 = DIRECTION ( 'NONE',  ( -0.000000000000000000, -1.000000000000000000, -0.000000000000000000 ) ) ;
#1116 = CARTESIAN_POINT ( 'NONE',  ( 1.249999999999999334, 4.149999999999996803, 0.000000000000000000 ) ) ;
#1117 = DIRECTION ( 'NONE',  ( 0.000000000000000000, 0.000000000000000000, 1.000000000000000000 ) ) ;
#1118 = CARTESIAN_POINT ( 'NONE',  ( -1.006430356249999658, 5.134375000614514128, 8.587269508238526152E-16 ) ) ;
#1119 = EDGE_LOOP ( 'NONE', ( #3838, #3218, #1633, #2658 ) ) ;
#1120 = CARTESIAN_POINT ( 'NONE',  ( -0.6249999999999993339, 10.59999999999999432, -1.082531754730547968 ) ) ;
#1121 = LINE ( 'NONE', #4307, #2133 ) ;
#1122 = CARTESIAN_POINT ( 'NONE',  ( 0.6249999999999987788, 0.9249999999999968248, 1.082531754730548412 ) ) ;
#1123 = CARTESIAN_POINT ( 'NONE',  ( 2.922199054809748253E-15, 6.342132794191442713, 1.446610087049238658 ) ) ;
#1124 = CARTESIAN_POINT ( 'NONE',  ( -1.006430356249998548, 4.609375000614513773, 0.5810628371015493787 ) ) ;
#1125 = AXIS2_PLACEMENT_3D ( 'NONE', #313, #3003, #2640 ) ;
#1126 = CARTESIAN_POINT ( 'NONE',  ( -0.5032151781250009392, 7.646875000614513418, -0.8715942556523212925 ) ) ;
#1127 =( BOUNDED_CURVE ( )  B_SPLINE_CURVE ( 2, ( #5725, #3030, #4753, #1305, #1771, #3462, #3546, #782, #5698 ),
 .UNSPECIFIED., .F., .T. ) 
 B_SPLINE_CURVE_WITH_KNOTS ( ( 3, 2, 2, 2, 3 ),
 ( 0.8055555555555555802, 0.8086419753086420137, 0.8148148148148147696, 0.8209876543209876365, 0.8240740740740740700 ),
 .UNSPECIFIED. ) 
 CURVE ( )  GEOMETRIC_REPRESENTATION_ITEM ( )  RATIONAL_B_SPLINE_CURVE ( ( 0.9330127018922194093, 0.9330127018922194093, 1.000000000000000000, 0.8660254037844387076, 1.000000000000000000, 0.8660254037844387076, 1.000000000000000000, 0.9330127018922194093, 0.9330127018922194093 ) ) 
 REPRESENTATION_ITEM ( '' )  );
#1128 = CARTESIAN_POINT ( 'NONE',  ( 1.249999999999999334, 0.5874999999999969136, -0.7216878364870317197 ) ) ;
#1129 = AXIS2_PLACEMENT_3D ( 'NONE', #4414, #1416, #2310 ) ;
#1130 = CARTESIAN_POINT ( 'NONE',  ( 0.6264005423777272430, -1.120367205808556310, -1.084957565286930325 ) ) ;
#1131 = CARTESIAN_POINT ( 'NONE',  ( 1.249999999999999334, 6.906250001229031099, -2.749541545756668106E-15 ) ) ;
#1132 = CARTESIAN_POINT ( 'NONE',  ( 1.249999999999999556, 1.037499999999996980, -0.7216878364870316087 ) ) ;
#1133 = CARTESIAN_POINT ( 'NONE',  ( 0.1747647973110929842, 10.74635138728952022, -0.9911404177019081940 ) ) ;
#1134 = CARTESIAN_POINT ( 'NONE',  ( -1.249999999999999334, 6.624999999999996447, -1.530808498934190831E-16 ) ) ;
#1135 = CARTESIAN_POINT ( 'NONE',  ( -1.191095495853194869E-14, 8.762499999999995737, -1.249999999999999334 ) ) ;
#1136 = ORIENTED_EDGE ( 'NONE', *, *, #4408, .F. ) ;
#1137 = DIRECTION ( 'NONE',  ( 0.000000000000000000, 0.000000000000000000, -1.000000000000000000 ) ) ;
#1138 = CARTESIAN_POINT ( 'NONE',  ( 6.087752649517117051E-05, 9.268746348646185851, -1.249999998517570265 ) ) ;
#1139 = CARTESIAN_POINT ( 'NONE',  ( 0.6250000000000012212, 1.881250001229030966, 1.082531754730547080 ) ) ;
#1140 = CARTESIAN_POINT ( 'NONE',  ( -4.235427787375453868E-05, 9.943062567671592689, 1.249999998657103095 ) ) ;
#1141 = CARTESIAN_POINT ( 'NONE',  ( 0.5032151781249982747, 4.421875000614513773, -0.8715942556523229579 ) ) ;
#1142 = CARTESIAN_POINT ( 'NONE',  ( -0.5032151781249993849, 2.509375000614513684, 0.8715942556523227358 ) ) ;
#1143 = CARTESIAN_POINT ( 'NONE',  ( -1.006430356249999436, 4.121875000614513951, 1.644310252063557226E-15 ) ) ;
#1144 = DIRECTION ( 'NONE',  ( 0.000000000000000000, 0.000000000000000000, -1.000000000000000000 ) ) ;
#1145 = ORIENTED_EDGE ( 'NONE', *, *, #1774, .F. ) ;
#1146 = CARTESIAN_POINT ( 'NONE',  ( -1.006430356249999880, 5.996875000614512174, -0.5810628371015474913 ) ) ;
#1147 = CIRCLE ( 'NONE', #3560, 2.250000000000000000 ) ;
#1148 = DIRECTION ( 'NONE',  ( -0.000000000000000000, -1.000000000000000000, -0.000000000000000000 ) ) ;
#1149 = CARTESIAN_POINT ( 'NONE',  ( 1.006430356249999880, 9.709375000614512530, 0.5810628371015469362 ) ) ;
#1150 = CARTESIAN_POINT ( 'NONE',  ( -1.066778120356633836E-05, 0.4935761097174111711, 1.249999999914094939 ) ) ;
#1151 = CARTESIAN_POINT ( 'NONE',  ( 0.5032151781249999400, 4.384375000614514128, 0.8715942556523221807 ) ) ;
#1152 = VERTEX_POINT ( 'NONE', #4174 ) ;
#1153 = DIRECTION ( 'NONE',  ( -0.000000000000000000, -1.000000000000000000, -0.000000000000000000 ) ) ;
#1154 = CARTESIAN_POINT ( 'NONE',  ( -0.5032151781250003841, 0.1093750006145139675, -0.8715942556523218476 ) ) ;
#1155 = CARTESIAN_POINT ( 'NONE',  ( -0.6264005423777315729, 5.704632794191442535, -1.084957565286927883 ) ) ;
#1156 = CARTESIAN_POINT ( 'NONE',  ( -0.5032151781250009392, 4.046875000614513773, -0.8715942556523212925 ) ) ;
#1157 = CARTESIAN_POINT ( 'NONE',  ( 0.5032151781249982747, 7.571875000614513240, -0.8715942556523229579 ) ) ;
#1158 = CARTESIAN_POINT ( 'NONE',  ( -0.6264005423777315729, -1.045367205808556355, -1.084957565286927883 ) ) ;
#1159 = CARTESIAN_POINT ( 'NONE',  ( 1.249999999999998002, 6.943750001229029856, -0.7216878364870344953 ) ) ;
#1160 = CARTESIAN_POINT ( 'NONE',  ( 0.6249999999999987788, 0.02499999999999692052, 1.082531754730548412 ) ) ;
#1161 =( BOUNDED_CURVE ( )  B_SPLINE_CURVE ( 2, ( #3133, #4447, #473, #3189, #4945, #86, #3217, #4505, #36 ),
 .UNSPECIFIED., .F., .F. ) 
 B_SPLINE_CURVE_WITH_KNOTS ( ( 3, 2, 2, 2, 3 ),
 ( 0.5052856086102177624, 0.5084634790959110529, 0.5148192725846100215, 0.5211750660733088791, 0.5243534289798174042 ),
 .UNSPECIFIED. ) 
 CURVE ( )  GEOMETRIC_REPRESENTATION_ITEM ( )  RATIONAL_B_SPLINE_CURVE ( ( 0.9330127018967929731, 0.9330132554018414348, 1.000000000000000000, 0.8660254037844387076, 1.000000000000000000, 0.8660254037844387076, 1.000000000000000000, 0.9330028755995400935, 0.9330127033336272913 ) ) 
 REPRESENTATION_ITEM ( '' )  );
#1162 = CARTESIAN_POINT ( 'NONE',  ( 1.006430356249999436, 10.19687500061451324, -1.767562423498186358E-15 ) ) ;
#1163 = CARTESIAN_POINT ( 'NONE',  ( -1.006430356249998992, -0.2281249993854860825, 0.5810628371015487126 ) ) ;
#1164 = DIRECTION ( 'NONE',  ( 0.000000000000000000, 1.000000000000000000, 0.000000000000000000 ) ) ;
#1165 = ORIENTED_EDGE ( 'NONE', *, *, #1002, .T. ) ;
#1166 = DIRECTION ( 'NONE',  ( -0.000000000000000000, -1.000000000000000000, -0.000000000000000000 ) ) ;
#1167 = CARTESIAN_POINT ( 'NONE',  ( -0.5056180049235911023, 9.999999999999996447, 0.9882169652578479679 ) ) ;
#1168 = CARTESIAN_POINT ( 'NONE',  ( -3.086515833287601756E-15, 2.068750001229031188, -1.443375672974063439 ) ) ;
#1169 = CARTESIAN_POINT ( 'NONE',  ( -0.6250000000000017764, 9.756250001229032520, -1.082531754730546636 ) ) ;
#1170 = CARTESIAN_POINT ( 'NONE',  ( -1.006430356249999436, 5.021875000614514306, 1.644310252063557226E-15 ) ) ;
#1171 = CARTESIAN_POINT ( 'NONE',  ( 1.249999999999997780, 2.443750001229030744, -0.7216878364870343843 ) ) ;
#1172 = VERTEX_POINT ( 'NONE', #3826 ) ;
#1173 = ADVANCED_FACE ( 'NONE', ( #2432 ), #2568, .T. ) ;
#1174 = CARTESIAN_POINT ( 'NONE',  ( -1.062732146793064491E-15, 8.171875000614514661, -1.162125674203096537 ) ) ;
#1175 = CARTESIAN_POINT ( 'NONE',  ( 1.249999999999999334, 1.937499999999997113, -0.7216878364870317197 ) ) ;
#1176 = CARTESIAN_POINT ( 'NONE',  ( -4.938688641342514686E-16, 2.237499999999996270, 1.249999999999999334 ) ) ;
#1177 = CARTESIAN_POINT ( 'NONE',  ( 0.2083333333333575454, 0.4500000000000000111, 1.232516621479082808 ) ) ;
#1178 = CARTESIAN_POINT ( 'NONE',  ( -0.5032151781249993849, 6.109375000614512885, 0.8715942556523227358 ) ) ;
#1179 = CARTESIAN_POINT ( 'NONE',  ( 0.3349364905389026204, 2.257596189432330647, 1.249999999999999556 ) ) ;
#1180 = EDGE_CURVE ( 'NONE', #3923, #2867, #3609, .T. ) ;
#1181 = DIRECTION ( 'NONE',  ( 0.000000000000000000, -0.000000000000000000, 1.000000000000000000 ) ) ;
#1182 = CARTESIAN_POINT ( 'NONE',  ( -1.252801084755460259, 7.092132794191443601, -0.7233050435246171084 ) ) ;
#1183 = CARTESIAN_POINT ( 'NONE',  ( 0.5032151781250004952, 5.621875000614513951, 0.8715942556523216256 ) ) ;
#1184 = CARTESIAN_POINT ( 'NONE',  ( -0.6250000000000017764, 5.706250001229030033, -1.082531754730546636 ) ) ;
#1185 = EDGE_LOOP ( 'NONE', ( #3385, #574, #134, #2527, #1624, #4287 ) ) ;
#1186 = CARTESIAN_POINT ( 'NONE',  ( 1.252801084755458927, -0.2953672058085562435, -2.760834442142232968E-15 ) ) ;
#1187 = CARTESIAN_POINT ( 'NONE',  ( 1.250000000000000444, 8.668750001229030389, 0.7216878364870298324 ) ) ;
#1188 = CARTESIAN_POINT ( 'NONE',  ( -1.006430356249999658, 4.234375000614513773, 8.587269508238524180E-16 ) ) ;
#1189 = CARTESIAN_POINT ( 'NONE',  ( 0.5032151781249999400, -0.1156249993854860797, 0.8715942556523221807 ) ) ;
#1190 = CARTESIAN_POINT ( 'NONE',  ( -2.651438096812265438E-16, 8.087499999999996803, 1.443375672974063439 ) ) ;
#1191 = CARTESIAN_POINT ( 'NONE',  ( 0.5032151781249999400, -0.1156249993854860797, 0.8715942556523221807 ) ) ;
#1192 = CARTESIAN_POINT ( 'NONE',  ( 0.9848870978650867691, 0.2033912211052331109, 0.5276834587985317349 ) ) ;
#1193 = ORIENTED_EDGE ( 'NONE', *, *, #5142, .T. ) ;
#1194 = CARTESIAN_POINT ( 'NONE',  ( -1.249999999999999556, 4.862499999999995381, 0.7216878364870313867 ) ) ;
#1195 = CARTESIAN_POINT ( 'NONE',  ( -1.149999999999998135, 12.50000000000000000, 0.6639528095680686803 ) ) ;
#1196 = CARTESIAN_POINT ( 'NONE',  ( -0.6250000000000017764, 9.306250001229029678, -1.082531754730546636 ) ) ;
#1197 =( BOUNDED_CURVE ( )  B_SPLINE_CURVE ( 2, ( #4235, #2883, #1971, #253, #4629, #659, #4694, #2853, #4292 ),
 .UNSPECIFIED., .F., .F. ) 
 B_SPLINE_CURVE_WITH_KNOTS ( ( 3, 2, 2, 2, 3 ),
 ( 0.1759259259259259300, 0.1790123456790123357, 0.1851851851851851749, 0.1913580246913580141, 0.1944444444444444475 ),
 .UNSPECIFIED. ) 
 CURVE ( )  GEOMETRIC_REPRESENTATION_ITEM ( )  RATIONAL_B_SPLINE_CURVE ( ( 0.9330127018922194093, 0.9330127018922196314, 1.000000000000000000, 0.8660254037844387076, 1.000000000000000000, 0.8660254037844387076, 1.000000000000000000, 0.9330127018922190762, 0.9330127018922194093 ) ) 
 REPRESENTATION_ITEM ( '' )  );
#1198 = CARTESIAN_POINT ( 'NONE',  ( -1.249999999999998224, 0.4187500012290311102, 0.7216878364870340512 ) ) ;
#1199 = CARTESIAN_POINT ( 'NONE',  ( 1.006430356249999880, 3.859375000614513773, 0.5810628371015469362 ) ) ;
#1200 = CARTESIAN_POINT ( 'NONE',  ( 2.571758278209441464E-16, 12.34999999999999964, -2.100000000000000089 ) ) ;
#1201 = ORIENTED_EDGE ( 'NONE', *, *, #2026, .F. ) ;
#1202 = CARTESIAN_POINT ( 'NONE',  ( -1.006430356249999658, 6.484375000614513773, 8.587269508238524180E-16 ) ) ;
#1203 = CARTESIAN_POINT ( 'NONE',  ( 0.8919339343237300266, 10.00000000000000000, 0.8757640346605912729 ) ) ;
#1204 = CARTESIAN_POINT ( 'NONE',  ( 1.249999999999999334, 3.756250001229030744, -2.749541545756668106E-15 ) ) ;
#1205 = DIRECTION ( 'NONE',  ( -0.000000000000000000, -1.000000000000000000, -0.000000000000000000 ) ) ;
#1206 = EDGE_CURVE ( 'NONE', #1862, #1311, #4881, .T. ) ;
#1207 = CARTESIAN_POINT ( 'NONE',  ( -1.062732146793064886E-15, 7.721875000614513596, -1.162125674203096537 ) ) ;
#1208 = CARTESIAN_POINT ( 'NONE',  ( 0.000000000000000000, 10.00000000000000000, 0.000000000000000000 ) ) ;
#1209 = CARTESIAN_POINT ( 'NONE',  ( 1.006430356249999880, 6.559375000614513063, 0.5810628371015469362 ) ) ;
#1210 = CARTESIAN_POINT ( 'NONE',  ( -1.249999999999999334, 4.787499999999996092, -0.7216878364870322748 ) ) ;
#1211 = CARTESIAN_POINT ( 'NONE',  ( 1.249999999999999112, 5.462499999999996803, 0.7216878364870324969 ) ) ;
#1212 = ADVANCED_FACE ( 'NONE', ( #4443 ), #4019, .F. ) ;
#1213 = EDGE_CURVE ( 'NONE', #441, #707, #3041, .T. ) ;
#1214 = ORIENTED_EDGE ( 'NONE', *, *, #3907, .F. ) ;
#1215 = VECTOR ( 'NONE', #121, 999.9999999999998863 ) ;
#1216 = CARTESIAN_POINT ( 'NONE',  ( 1.252801084755457373, 1.092132794191443379, -0.7233050435246219934 ) ) ;
#1217 = CARTESIAN_POINT ( 'NONE',  ( 0.5032151781249982747, -0.9781249993854859159, -0.8715942556523229579 ) ) ;
#1218 = CARTESIAN_POINT ( 'NONE',  ( 1.006430356249999658, 3.559375000614513507, -9.819791222584817478E-16 ) ) ;
#1219 = CARTESIAN_POINT ( 'NONE',  ( 0.5032151781250004952, 10.12187500061451217, 0.8715942556523216256 ) ) ;
#1220 = CARTESIAN_POINT ( 'NONE',  ( 0.6249999999999997780, 8.274999999999996803, -1.082531754730547746 ) ) ;
#1221 = CARTESIAN_POINT ( 'NONE',  ( 1.006430356249999658, 0.3718750006145138953, 0.5810628371015478244 ) ) ;
#1222 = CYLINDRICAL_SURFACE ( 'NONE', #4835, 1.249999999999999334 ) ;
#1223 = VECTOR ( 'NONE', #935, 1000.000000000000000 ) ;
#1224 = EDGE_LOOP ( 'NONE', ( #2786, #2283, #2546, #116 ) ) ;
#1225 = CARTESIAN_POINT ( 'NONE',  ( 0.6250000000000012212, 0.9812500012290311657, 1.082531754730547080 ) ) ;
#1226 = CARTESIAN_POINT ( 'NONE',  ( 2.729343036750216732E-11, 0.02812500184355227681, -1.006430356249999658 ) ) ;
#1227 = CARTESIAN_POINT ( 'NONE',  ( -1.249999999999999334, 3.981250001229031277, 2.596460695863248776E-15 ) ) ;
#1228 = AXIS2_PLACEMENT_3D ( 'NONE', #5506, #235, #1088 ) ;
#1229 = CARTESIAN_POINT ( 'NONE',  ( 1.006430356249999436, 4.346875000614513596, -1.767562423498186358E-15 ) ) ;
#1230 = CARTESIAN_POINT ( 'NONE',  ( -1.249999999999999112, 3.437499999999996891, -0.7216878364870322748 ) ) ;
#1231 = CARTESIAN_POINT ( 'NONE',  ( 0.5032151781249999400, 8.884375000614511464, 0.8715942556523221807 ) ) ;
#1232 = EDGE_CURVE ( 'NONE', #3088, #942, #926, .T. ) ;
#1233 = CARTESIAN_POINT ( 'NONE',  ( -0.6249999999999993339, 3.849999999999996536, -1.082531754730547968 ) ) ;
#1234 = CARTESIAN_POINT ( 'NONE',  ( -1.337862092529570397E-05, 2.968750803946192729, -1.249999999928404604 ) ) ;
#1235 = CARTESIAN_POINT ( 'NONE',  ( -0.5032151781249993849, 6.559375000614513951, 0.8715942556523227358 ) ) ;
#1236 = FACE_OUTER_BOUND ( 'NONE', #1801, .T. ) ;
#1237 = CARTESIAN_POINT ( 'NONE',  ( -1.969845607676301195E-15, 6.709375000614513418, -1.162125674203096093 ) ) ;
#1238 = FACE_OUTER_BOUND ( 'NONE', #4433, .T. ) ;
#1239 = EDGE_LOOP ( 'NONE', ( #3289, #1514, #2071, #1822 ) ) ;
#1240 = CARTESIAN_POINT ( 'NONE',  ( 1.252801084755460037, 1.467132794191443823, 0.7233050435246172194 ) ) ;
#1241 = CARTESIAN_POINT ( 'NONE',  ( -0.6249999999999978906, 9.456250001229030033, 1.082531754730548856 ) ) ;
#1242 = CARTESIAN_POINT ( 'NONE',  ( -0.5032151781249986078, 4.646875000614513418, 0.8715942556523228468 ) ) ;
#1243 = CARTESIAN_POINT ( 'NONE',  ( 1.006430356249999658, 3.971875000614513596, 0.5810628371015478244 ) ) ;
#1244 = CARTESIAN_POINT ( 'NONE',  ( -0.5032151781249993849, 2.059375000614513507, 0.8715942556523227358 ) ) ;
#1245 = CARTESIAN_POINT ( 'NONE',  ( 0.5032151781249990519, 1.384375000614513906, -0.8715942556523228468 ) ) ;
#1246 = CARTESIAN_POINT ( 'NONE',  ( 0.6249999999999997780, 3.774999999999996358, -1.082531754730547746 ) ) ;
#1247 = ORIENTED_EDGE ( 'NONE', *, *, #3617, .T. ) ;
#1248 = CARTESIAN_POINT ( 'NONE',  ( 0.000000000000000000, 12.34999999999999964, -2.250000000000000000 ) ) ;
#1249 = EDGE_CURVE ( 'NONE', #2112, #515, #4900, .T. ) ;
#1250 = CARTESIAN_POINT ( 'NONE',  ( -1.249999999999999112, 2.537499999999996980, -0.7216878364870322748 ) ) ;
#1251 = CARTESIAN_POINT ( 'NONE',  ( 2.909753293500117656E-15, 3.643750001229030921, 1.443375672974063439 ) ) ;
#1252 = CARTESIAN_POINT ( 'NONE',  ( 0.5032151781249982747, 4.421875000614513773, -0.8715942556523229579 ) ) ;
#1253 = DIRECTION ( 'NONE',  ( -0.000000000000000000, -1.000000000000000000, -0.000000000000000000 ) ) ;
#1254 = ORIENTED_EDGE ( 'NONE', *, *, #4771, .F. ) ;
#1255 = CARTESIAN_POINT ( 'NONE',  ( 0.07788131566502891345, 9.966071222301785326, -1.117160875639048978 ) ) ;
#1256 = CARTESIAN_POINT ( 'NONE',  ( 0.3348984832642004084, 9.963843910224884581, 1.250021943510281508 ) ) ;
#1257 = CARTESIAN_POINT ( 'NONE',  ( 0.6249999999999997780, 3.324999999999996181, -1.082531754730547746 ) ) ;
#1258 = CARTESIAN_POINT ( 'NONE',  ( 1.250000000000000444, 5.068750001229030744, 0.7216878364870297213 ) ) ;
#1259 = CARTESIAN_POINT ( 'NONE',  ( 1.006430356249998770, 6.296875000614513773, -0.5810628371015489346 ) ) ;
#1260 = CARTESIAN_POINT ( 'NONE',  ( 1.006430356249999658, 1.721875000614514262, 0.5810628371015478244 ) ) ;
#1261 = CARTESIAN_POINT ( 'NONE',  ( -0.5032151781249986078, 6.446875000614514128, 0.8715942556523228468 ) ) ;
#1262 = CARTESIAN_POINT ( 'NONE',  ( -1.000000000000000444, 12.35000000000000320, -0.5773502691896265082 ) ) ;
#1263 = VERTEX_POINT ( 'NONE', #5063 ) ;
#1264 = CARTESIAN_POINT ( 'NONE',  ( 1.252801084755458927, 0.6046327941914437787, -2.760834442142232968E-15 ) ) ;
#1265 = CARTESIAN_POINT ( 'NONE',  ( 2.909753293500117656E-15, 10.39375000122903181, 1.443375672974063439 ) ) ;
#1266 = CARTESIAN_POINT ( 'NONE',  ( 1.006430356249999436, 3.896875000614513862, -1.767562423498186358E-15 ) ) ;
#1267 = CARTESIAN_POINT ( 'NONE',  ( 1.006430356249999658, 5.771875000614513418, 0.5810628371015478244 ) ) ;
#1268 = CARTESIAN_POINT ( 'NONE',  ( -1.006430356249999658, 0.6343750006145137954, 8.587269508238526152E-16 ) ) ;
#1269 = EDGE_CURVE ( 'NONE', #1263, #2972, #4193, .T. ) ;
#1270 = CARTESIAN_POINT ( 'NONE',  ( 1.006430356249999658, 1.309375000614513951, -9.819791222584817478E-16 ) ) ;
#1271 = CARTESIAN_POINT ( 'NONE',  ( 1.530808498934190831E-16, 10.00000000000000000, 1.249999999999999334 ) ) ;
#1272 = VERTEX_POINT ( 'NONE', #2234 ) ;
#1273 = CARTESIAN_POINT ( 'NONE',  ( -1.074999999999999289, 12.50000000000000000, 0.7072540797572900440 ) ) ;
#1274 =( BOUNDED_CURVE ( )  B_SPLINE_CURVE ( 2, ( #1456, #4979, #3223, #4170, #567, #1481, #1014, #187, #1965 ),
 .UNSPECIFIED., .F., .F. ) 
 B_SPLINE_CURVE_WITH_KNOTS ( ( 3, 2, 2, 2, 3 ),
 ( 0.5833333333333333703, 0.5864197530864198038, 0.5925925925925925597, 0.5987654320987654266, 0.6018518518518518601 ),
 .UNSPECIFIED. ) 
 CURVE ( )  GEOMETRIC_REPRESENTATION_ITEM ( )  RATIONAL_B_SPLINE_CURVE ( ( 0.9330127018922194093, 0.9330127018922194093, 1.000000000000000000, 0.8660254037844387076, 1.000000000000000000, 0.8660254037844387076, 1.000000000000000000, 0.9330127018922194093, 0.9330127018922194093 ) ) 
 REPRESENTATION_ITEM ( '' )  );
#1275 = FACE_OUTER_BOUND ( 'NONE', #345, .T. ) ;
#1276 = CARTESIAN_POINT ( 'NONE',  ( -1.249999999999998224, 4.468750001229030211, 0.7216878364870340512 ) ) ;
#1277 = CARTESIAN_POINT ( 'NONE',  ( -1.006430356249998992, 9.221875000614513596, 0.5810628371015487126 ) ) ;
#1278 = CARTESIAN_POINT ( 'NONE',  ( -0.5032151781249986078, 5.546875000614513773, 0.8715942556523228468 ) ) ;
#1279 = EDGE_CURVE ( 'NONE', #2112, #4268, #4773, .T. ) ;
#1280 = CARTESIAN_POINT ( 'NONE',  ( -4.314676713613304281E-05, 6.793065799235231239, 1.249999998666917245 ) ) ;
#1281 = ORIENTED_EDGE ( 'NONE', *, *, #1180, .F. ) ;
#1282 = ORIENTED_EDGE ( 'NONE', *, *, #2882, .T. ) ;
#1283 = CARTESIAN_POINT ( 'NONE',  ( 0.5032151781249990519, 9.934375000614513951, -0.8715942556523228468 ) ) ;
#1284 = CARTESIAN_POINT ( 'NONE',  ( -1.252801084755460259, 8.442132794191444134, -0.7233050435246171084 ) ) ;
#1285 = CARTESIAN_POINT ( 'NONE',  ( 1.250000000000000444, 7.318750001229029856, 0.7216878364870297213 ) ) ;
#1286 = CARTESIAN_POINT ( 'NONE',  ( -4.938688641342514686E-16, 8.087499999999995026, 1.249999999999999334 ) ) ;
#1287 = CARTESIAN_POINT ( 'NONE',  ( -4.938688641342514686E-16, 5.387499999999995737, 1.249999999999999334 ) ) ;
#1288 = CARTESIAN_POINT ( 'NONE',  ( 1.006430356249998770, 7.196875000614512352, -0.5810628371015489346 ) ) ;
#1289 = CARTESIAN_POINT ( 'NONE',  ( 0.5032151781249999400, 1.684375000614513729, 0.8715942556523221807 ) ) ;
#1290 = CARTESIAN_POINT ( 'NONE',  ( 1.827526258964323273E-15, 5.134375000614513240, 1.162125674203096093 ) ) ;
#1291 = CARTESIAN_POINT ( 'NONE',  ( -1.249999999999999778, 1.712499999999997025, 0.7216878364870313867 ) ) ;
#1292 = DIRECTION ( 'NONE',  ( 0.7071067811865464625, 0.7071067811865485719, 0.000000000000000000 ) ) ;
#1293 = ORIENTED_EDGE ( 'NONE', *, *, #1349, .T. ) ;
#1294 = CARTESIAN_POINT ( 'NONE',  ( 1.252801084755460037, 0.5671327941914434678, 0.7233050435246172194 ) ) ;
#1295 = CARTESIAN_POINT ( 'NONE',  ( -1.249999999999998224, 9.418750001229032165, 0.7216878364870340512 ) ) ;
#1296 = CARTESIAN_POINT ( 'NONE',  ( -0.5032151781250009392, 4.046875000614513773, -0.8715942556523212925 ) ) ;
#1297 = ADVANCED_FACE ( 'NONE', ( #890 ), #4542, .T. ) ;
#1298 = CARTESIAN_POINT ( 'NONE',  ( -1.062732146793064491E-15, 6.821875000614513240, -1.162125674203096537 ) ) ;
#1299 = CARTESIAN_POINT ( 'NONE',  ( -1.006430356249999880, 2.396875000614514306, -0.5810628371015476024 ) ) ;
#1300 = CARTESIAN_POINT ( 'NONE',  ( -1.006430356249998992, 1.571875000614513906, 0.5810628371015487126 ) ) ;
#1301 = CARTESIAN_POINT ( 'NONE',  ( -5.148555419350819503E-05, 1.392894859732283663, 1.249999997923872064 ) ) ;
#1302 = ORIENTED_EDGE ( 'NONE', *, *, #1599, .T. ) ;
#1303 = VECTOR ( 'NONE', #2259, 1000.000000000000114 ) ;
#1304 = FACE_OUTER_BOUND ( 'NONE', #4783, .T. ) ;
#1305 = CARTESIAN_POINT ( 'NONE',  ( 1.249999999999999112, 9.062499999999998224, 0.7216878364870324969 ) ) ;
#1306 = CARTESIAN_POINT ( 'NONE',  ( 0.6250000000000012212, 3.681250001229031454, 1.082531754730547080 ) ) ;
#1307 = VECTOR ( 'NONE', #4930, 1000.000000000000000 ) ;
#1308 = CARTESIAN_POINT ( 'NONE',  ( -1.006430356250000324, 5.884375000614514128, -0.5810628371015467142 ) ) ;
#1309 = CARTESIAN_POINT ( 'NONE',  ( -0.3349364905389035640, 8.517403810567662603, 1.249999999999999112 ) ) ;
#1310 = ORIENTED_EDGE ( 'NONE', *, *, #615, .T. ) ;
#1311 = VERTEX_POINT ( 'NONE', #587 ) ;
#1312 = AXIS2_PLACEMENT_3D ( 'NONE', #5723, #3407, #5194 ) ;
#1313 = CARTESIAN_POINT ( 'NONE',  ( 1.006430356249999658, 8.471875000614511819, 0.5810628371015478244 ) ) ;
#1314 = CARTESIAN_POINT ( 'NONE',  ( 0.6264005423777310178, 7.279632794191443601, 1.084957565286928327 ) ) ;
#1315 = CARTESIAN_POINT ( 'NONE',  ( -6.917579580537560943E-16, 12.50000000000000000, 1.327905619136137139 ) ) ;
#1316 = FACE_OUTER_BOUND ( 'NONE', #2696, .T. ) ;
#1317 = CARTESIAN_POINT ( 'NONE',  ( 1.006430356249999880, -0.1906249993854860769, 0.5810628371015469362 ) ) ;
#1318 = CARTESIAN_POINT ( 'NONE',  ( 1.006430356249998770, 9.896875000614516082, -0.5810628371015489346 ) ) ;
#1319 = CARTESIAN_POINT ( 'NONE',  ( -1.006430356249999214, 3.371875000614513507, 0.5810628371015488236 ) ) ;
#1320 = CARTESIAN_POINT ( 'NONE',  ( 1.827526258964323273E-15, 7.834375000614512530, 1.162125674203096093 ) ) ;
#1321 = CARTESIAN_POINT ( 'NONE',  ( 8.838126989374219771E-17, 3.362499999999996270, -1.443375672974063439 ) ) ;
#1322 = CARTESIAN_POINT ( 'NONE',  ( 1.249999999999997780, 8.743750001229029678, -0.7216878364870343843 ) ) ;
#1323 = ORIENTED_EDGE ( 'NONE', *, *, #5142, .F. ) ;
#1324 = CARTESIAN_POINT ( 'NONE',  ( -0.6264005423777275761, 2.704632794191443868, 1.084957565286930325 ) ) ;
#1325 = CARTESIAN_POINT ( 'NONE',  ( 1.827526258964323273E-15, -0.7156249993854861824, 1.162125674203096093 ) ) ;
#1326 = VECTOR ( 'NONE', #2792, 1000.000000000000000 ) ;
#1327 = CARTESIAN_POINT ( 'NONE',  ( -1.969845607676301195E-15, 6.709375000614513418, -1.162125674203096093 ) ) ;
#1328 = CARTESIAN_POINT ( 'NONE',  ( 9.204127980810863719E-16, 5.246875000614513063, 1.162125674203096537 ) ) ;
#1329 = CARTESIAN_POINT ( 'NONE',  ( -1.006430356249998992, 1.121875000614513729, 0.5810628371015487126 ) ) ;
#1330 = CARTESIAN_POINT ( 'NONE',  ( -1.006430356249999658, 1.084375000614513862, 8.587269508238524180E-16 ) ) ;
#1331 = DIRECTION ( 'NONE',  ( -0.000000000000000000, -1.000000000000000000, -0.000000000000000000 ) ) ;
#1332 = VERTEX_POINT ( 'NONE', #2341 ) ;
#1333 = CARTESIAN_POINT ( 'NONE',  ( -4.938688641342514686E-16, 4.487499999999997158, 1.249999999999999334 ) ) ;
#1334 = CARTESIAN_POINT ( 'NONE',  ( 1.743066579297358255E-16, 9.212499999999995026, -1.249999999999999112 ) ) ;
#1335 = DIRECTION ( 'NONE',  ( -0.000000000000000000, -1.000000000000000000, -0.000000000000000000 ) ) ;
#1336 = CARTESIAN_POINT ( 'NONE',  ( -1.250000000000000444, 3.043750001229031277, -0.7216878364870296103 ) ) ;
#1337 = CARTESIAN_POINT ( 'NONE',  ( -0.5032151781250009392, 6.296875000614513773, -0.8715942556523212925 ) ) ;
#1338 = CARTESIAN_POINT ( 'NONE',  ( -0.6250000000000002220, 8.499999999999996447, 1.082531754730547746 ) ) ;
#1339 = VERTEX_POINT ( 'NONE', #2395 ) ;
#1340 = ORIENTED_EDGE ( 'NONE', *, *, #2987, .F. ) ;
#1341 = CARTESIAN_POINT ( 'NONE',  ( 0.5032151781249999400, 8.434375000614512174, 0.8715942556523221807 ) ) ;
#1342 = LINE ( 'NONE', #900, #2598 ) ;
#1343 = CARTESIAN_POINT ( 'NONE',  ( -0.6264005423777275761, 8.554632794191444845, 1.084957565286930325 ) ) ;
#1344 = CARTESIAN_POINT ( 'NONE',  ( 0.2083333333333575454, 0.4500000000000000111, 1.232516621479082808 ) ) ;
#1345 = CARTESIAN_POINT ( 'NONE',  ( -1.249999999999999334, 9.774999999999995026, -1.530808498934190831E-16 ) ) ;
#1346 = CARTESIAN_POINT ( 'NONE',  ( -1.006430356249999436, -0.8281249993854860048, 1.644310252063557226E-15 ) ) ;
#1347 =( BOUNDED_CURVE ( )  B_SPLINE_CURVE ( 2, ( #4879, #79, #5355, #527, #4071, #4045, #3588, #3500, #1287 ),
 .UNSPECIFIED., .F., .F. ) 
 B_SPLINE_CURVE_WITH_KNOTS ( ( 3, 2, 2, 2, 3 ),
 ( 0.4907407407407407551, 0.4938271604938271331, 0.5000000000000000000, 0.5061728395061728669, 0.5092592592592593004 ),
 .UNSPECIFIED. ) 
 CURVE ( )  GEOMETRIC_REPRESENTATION_ITEM ( )  RATIONAL_B_SPLINE_CURVE ( ( 0.9330127018922194093, 0.9330127018922199644, 1.000000000000000000, 0.8660254037844387076, 1.000000000000000000, 0.8660254037844387076, 1.000000000000000000, 0.9330127018922194093, 0.9330127018922194093 ) ) 
 REPRESENTATION_ITEM ( '' )  );
#1348 = CARTESIAN_POINT ( 'NONE',  ( 0.5032151781249999400, 9.334375000614514306, 0.8715942556523221807 ) ) ;
#1349 = EDGE_CURVE ( 'NONE', #707, #311, #218, .T. ) ;
#1350 = CARTESIAN_POINT ( 'NONE',  ( -5.868324150301105755E-15, 2.462499999999997691, -1.249999999999999556 ) ) ;
#1351 = CARTESIAN_POINT ( 'NONE',  ( 0.5032151781249999400, 1.234375000614513773, 0.8715942556523221807 ) ) ;
#1352 = CARTESIAN_POINT ( 'NONE',  ( 0.5032151781249982747, 8.921875000614512885, -0.8715942556523229579 ) ) ;
#1353 = CARTESIAN_POINT ( 'NONE',  ( -2.651438096812265438E-16, 3.587499999999997247, 1.443375672974063439 ) ) ;
#1354 = CARTESIAN_POINT ( 'NONE',  ( 1.249999999999999334, 7.299999999999996270, 0.000000000000000000 ) ) ;
#1355 = PRODUCT_DEFINITION ( 'UNKNOWN', '', #3009, #2724 ) ;
#1356 = ADVANCED_FACE ( 'NONE', ( #2840 ), #616, .T. ) ;
#1357 = ORIENTED_EDGE ( 'NONE', *, *, #4935, .F. ) ;
#1358 = CARTESIAN_POINT ( 'NONE',  ( 1.249999999999999334, 9.549999999999995381, 0.000000000000000000 ) ) ;
#1359 = CYLINDRICAL_SURFACE ( 'NONE', #3720, 1.249999999999999334 ) ;
#1360 = CARTESIAN_POINT ( 'NONE',  ( 0.6264005423777310178, 4.129632794191444134, 1.084957565286928327 ) ) ;
#1361 = CARTESIAN_POINT ( 'NONE',  ( 1.006430356249999436, 1.646875000614513862, -1.767562423498186358E-15 ) ) ;
#1362 = CARTESIAN_POINT ( 'NONE',  ( -0.5032151781250009392, 5.396875000614513418, -0.8715942556523212925 ) ) ;
#1363 = CARTESIAN_POINT ( 'NONE',  ( -1.006430356249999880, 5.096875000614512707, -0.5810628371015476024 ) ) ;
#1364 = CARTESIAN_POINT ( 'NONE',  ( 1.006430356249999658, 1.759375000614513684, -9.819791222584819450E-16 ) ) ;
#1365 = DIRECTION ( 'NONE',  ( 0.000000000000000000, 0.000000000000000000, 1.000000000000000000 ) ) ;
#1366 = CARTESIAN_POINT ( 'NONE',  ( 4.415768667553307481E-15, 0.09374999999999439337, -1.044318966601190279 ) ) ;
#1367 = ORIENTED_EDGE ( 'NONE', *, *, #2987, .T. ) ;
#1368 = CARTESIAN_POINT ( 'NONE',  ( -0.3349364895844376133, 7.673653811853965223, 1.250000000551059864 ) ) ;
#1369 = DIRECTION ( 'NONE',  ( 0.000000000000000000, 1.000000000000000000, 0.000000000000000000 ) ) ;
#1370 = CARTESIAN_POINT ( 'NONE',  ( -1.249999999999999334, 5.331250001229030921, 2.596460695863248776E-15 ) ) ;
#1371 = CARTESIAN_POINT ( 'NONE',  ( 0.5032151781249999400, 9.784375000614513596, 0.8715942556523221807 ) ) ;
#1372 = CARTESIAN_POINT ( 'NONE',  ( -1.006430356250000324, 6.784375000614512707, -0.5810628371015467142 ) ) ;
#1373 = CARTESIAN_POINT ( 'NONE',  ( 1.249999999999999556, 5.087499999999996803, -0.7216878364870316087 ) ) ;
#1374 = DIRECTION ( 'NONE',  ( 0.000000000000000000, 0.000000000000000000, -1.000000000000000000 ) ) ;
#1375 = VERTEX_POINT ( 'NONE', #19 ) ;
#1376 = ORIENTED_EDGE ( 'NONE', *, *, #2306, .F. ) ;
#1377 = CARTESIAN_POINT ( 'NONE',  ( 2.922199054809748253E-15, 7.692132794191443246, 1.446610087049238658 ) ) ;
#1378 = CARTESIAN_POINT ( 'NONE',  ( -0.6250000000000002220, 6.249999999999996447, 1.082531754730547746 ) ) ;
#1379 = DIRECTION ( 'NONE',  ( 0.000000000000000000, 0.000000000000000000, -1.000000000000000000 ) ) ;
#1380 = CARTESIAN_POINT ( 'NONE',  ( 0.5032151781249982747, -0.07812499938548599088, -0.8715942556523229579 ) ) ;
#1381 = EDGE_CURVE ( 'NONE', #5751, #3846, #1802, .T. ) ;
#1383 = ORIENTED_EDGE ( 'NONE', *, *, #4675, .F. ) ;
#1382 = CARTESIAN_POINT ( 'NONE',  ( -1.006430356249998992, 8.771875000614514306, 0.5810628371015487126 ) ) ;
#1384 = DIRECTION ( 'NONE',  ( 0.3535533905932778942, -0.7071067811865487940, 0.6123724356957908066 ) ) ;
#1385 = CARTESIAN_POINT ( 'NONE',  ( 1.006430356249998992, 4.946875000614513240, -0.5810628371015489346 ) ) ;
#1386 = EDGE_CURVE ( 'NONE', #580, #5461, #5298, .T. ) ;
#1387 =( BOUNDED_CURVE ( )  B_SPLINE_CURVE ( 2, ( #136, #4937, #4552, #1435, #3583, #5436, #4577, #1863, #2748 ),
 .UNSPECIFIED., .F., .T. ) 
 B_SPLINE_CURVE_WITH_KNOTS ( ( 3, 2, 2, 2, 3 ),
 ( 0.3336791581596270095, 0.3368570549010410642, 0.3432128483897399218, 0.3495686418784388350, 0.3527466020913523903 ),
 .UNSPECIFIED. ) 
 CURVE ( )  GEOMETRIC_REPRESENTATION_ITEM ( )  RATIONAL_B_SPLINE_CURVE ( ( 0.9330127018922192983, 0.9330127019540945810, 1.000000000000000000, 0.8660254037844387076, 1.000000000000000000, 0.8660254037844387076, 1.000000000000000000, 0.9330113640301154199, 0.9330127019189389248 ) ) 
 REPRESENTATION_ITEM ( '' )  );
#1388 = CARTESIAN_POINT ( 'NONE',  ( 1.006430356249999436, 8.396875000614512530, -1.767562423498186358E-15 ) ) ;
#1389 = CARTESIAN_POINT ( 'NONE',  ( -1.249999999999999334, 2.124999999999996891, -1.530808498934190831E-16 ) ) ;
#1390 = CARTESIAN_POINT ( 'NONE',  ( 6.624406217058045595E-15, 11.25000000000000000, 0.9814954576223624549 ) ) ;
#1391 = ORIENTED_EDGE ( 'NONE', *, *, #5330, .T. ) ;
#1392 = VERTEX_POINT ( 'NONE', #450 ) ;
#1393 = CARTESIAN_POINT ( 'NONE',  ( -1.249999999999999778, 8.912499999999997868, 0.7216878364870313867 ) ) ;
#1394 = CARTESIAN_POINT ( 'NONE',  ( 5.854691731421723944E-15, 11.11428571428571388, 0.8247860988423202366 ) ) ;
#1395 = CARTESIAN_POINT ( 'NONE',  ( -0.6264005423777315729, 4.354632794191442891, -1.084957565286927883 ) ) ;
#1396 = CARTESIAN_POINT ( 'NONE',  ( 0.5032151781250004952, 0.2218750006145139286, 0.8715942556523216256 ) ) ;
#1397 = CARTESIAN_POINT ( 'NONE',  ( 0.5032151781250004952, 5.621875000614513951, 0.8715942556523216256 ) ) ;
#1398 = CARTESIAN_POINT ( 'NONE',  ( 1.006430356249998770, 5.396875000614513418, -0.5810628371015489346 ) ) ;
#1399 = CARTESIAN_POINT ( 'NONE',  ( 9.204127980810867663E-16, 2.996875000614513951, 1.162125674203096537 ) ) ;
#1400 = CARTESIAN_POINT ( 'NONE',  ( 2.162577587529268681E-16, 11.40000000000000036, -1.154700538379252128 ) ) ;
#1401 = FACE_OUTER_BOUND ( 'NONE', #1742, .T. ) ;
#1402 = DIRECTION ( 'NONE',  ( -0.000000000000000000, -1.000000000000000000, -0.000000000000000000 ) ) ;
#1403 = CARTESIAN_POINT ( 'NONE',  ( -0.6249999999999978906, 4.506250001229030744, 1.082531754730548856 ) ) ;
#1404 = CARTESIAN_POINT ( 'NONE',  ( 1.827526258964323273E-15, 7.384375000614512352, 1.162125674203096093 ) ) ;
#1405 = CARTESIAN_POINT ( 'NONE',  ( -0.3349409774838283949, 6.588846459878060280, -1.249997409461139464 ) ) ;
#1406 = ORIENTED_EDGE ( 'NONE', *, *, #1098, .T. ) ;
#1407 = CARTESIAN_POINT ( 'NONE',  ( 2.589005085426956094E-05, 7.918748447826231107, -1.249999999731881362 ) ) ;
#1408 = CARTESIAN_POINT ( 'NONE',  ( -1.252801084755457817, 9.417132794191443779, 0.7233050435246216603 ) ) ;
#1409 = AXIS2_PLACEMENT_3D ( 'NONE', #4836, #2529, #3518 ) ;
#1410 = CARTESIAN_POINT ( 'NONE',  ( 0.5032151781250004952, -0.6781249993854860936, 0.8715942556523216256 ) ) ;
#1411 = CARTESIAN_POINT ( 'NONE',  ( 1.006430356249999658, 8.959375000614514306, -9.819791222584819450E-16 ) ) ;
#1412 = VECTOR ( 'NONE', #2044, 1000.000000000000000 ) ;
#1413 = CARTESIAN_POINT ( 'NONE',  ( -1.006430356249999658, 4.684375000614513951, 8.587269508238524180E-16 ) ) ;
#1414 = CARTESIAN_POINT ( 'NONE',  ( 1.006430356249999880, 7.459375000614513418, 0.5810628371015469362 ) ) ;
#1415 = CARTESIAN_POINT ( 'NONE',  ( 0.6249999999999997780, 1.974999999999996758, -1.082531754730547746 ) ) ;
#1416 = DIRECTION ( 'NONE',  ( -0.000000000000000000, -1.000000000000000000, -0.000000000000000000 ) ) ;
#1417 = CARTESIAN_POINT ( 'NONE',  ( -1.249999999999999778, 8.462499999999998579, 0.7216878364870313867 ) ) ;
#1418 = ORIENTED_EDGE ( 'NONE', *, *, #1988, .T. ) ;
#1419 = ORIENTED_EDGE ( 'NONE', *, *, #4168, .F. ) ;
#1420 = CARTESIAN_POINT ( 'NONE',  ( -2.651438096812265438E-16, 9.887499999999995737, 1.443375672974063439 ) ) ;
#1421 = CARTESIAN_POINT ( 'NONE',  ( 0.3349364905389026204, 9.457596189432331713, 1.249999999999999556 ) ) ;
#1422 = CARTESIAN_POINT ( 'NONE',  ( 0.6264005423777310178, 2.329632794191443423, 1.084957565286928327 ) ) ;
#1423 = B_SPLINE_CURVE_WITH_KNOTS ( 'NONE', 3,
 ( #949, #3531, #1760, #4479, #5303, #878, #440, #3987, #7, #3564, #504, #3358, #209, #3240, #2899, #3701, #641, #2810 ),
 .UNSPECIFIED., .F., .F.,
 ( 4, 2, 2, 2, 2, 2, 2, 2, 4 ),
 ( 0.0002085310064766968910, 0.0006575075121339919986, 0.001106484017791287133, 0.001555460523448582051, 0.002004437029105877403, 0.002453413534763172320, 0.002902390040420467238, 0.003351366546077762590, 0.003800343051735057508 ),
 .UNSPECIFIED. ) ;
#1424 = CARTESIAN_POINT ( 'NONE',  ( 1.827526258964323273E-15, 1.534375000614514040, 1.162125674203096093 ) ) ;
#1425 = CARTESIAN_POINT ( 'NONE',  ( 1.006430356249998326, 5.284375000614512707, -0.5810628371015497118 ) ) ;
#1426 = CARTESIAN_POINT ( 'NONE',  ( 0.5032151781249990519, 7.234375000614513773, -0.8715942556523228468 ) ) ;
#1427 = CARTESIAN_POINT ( 'NONE',  ( 1.006430356249999658, 4.871875000614513063, 0.5810628371015478244 ) ) ;
#1428 = CARTESIAN_POINT ( 'NONE',  ( 1.249999999999997780, 8.293750001229030389, -0.7216878364870343843 ) ) ;
#1429 = CARTESIAN_POINT ( 'NONE',  ( 0.6249999999999974465, 6.531250001229030211, -1.082531754730548856 ) ) ;
#1430 = CARTESIAN_POINT ( 'NONE',  ( -1.249999999999999334, -0.6125000000000030420, -0.7216878364870322748 ) ) ;
#1431 = CARTESIAN_POINT ( 'NONE',  ( 0.5032151781249982747, 8.471875000614511819, -0.8715942556523229579 ) ) ;
#1432 = CARTESIAN_POINT ( 'NONE',  ( -4.938688641342514686E-16, 3.137499999999996625, 1.249999999999999334 ) ) ;
#1433 = CARTESIAN_POINT ( 'NONE',  ( 1.249999999999999334, 2.799999999999997158, 0.000000000000000000 ) ) ;
#1434 = ORIENTED_EDGE ( 'NONE', *, *, #2782, .T. ) ;
#1435 = CARTESIAN_POINT ( 'NONE',  ( 1.250000000000000444, 2.818750001229030744, 0.7216878364870297213 ) ) ;
#1436 = CARTESIAN_POINT ( 'NONE',  ( -1.252801084755457817, 10.31713279419144058, 0.7233050435246216603 ) ) ;
#1437 = CARTESIAN_POINT ( 'NONE',  ( 0.3349364905389032865, 0.6424038105676626031, -1.249999999999999112 ) ) ;
#1438 = PRODUCT ( 'Screw_DIN_912_M2.5x10F_A2', 'Screw_DIN_912_M2.5x10F_A2', '', ( #2052 ) ) ;
#1439 = CARTESIAN_POINT ( 'NONE',  ( 1.006430356249999436, 0.7468750006145140619, -1.767562423498186358E-15 ) ) ;
#1440 = CARTESIAN_POINT ( 'NONE',  ( 1.006430356249998104, 0.7843750006145140397, -0.5810628371015496008 ) ) ;
#1442 = ORIENTED_EDGE ( 'NONE', *, *, #2264, .T. ) ;
#1441 = CARTESIAN_POINT ( 'NONE',  ( -1.006430356249999658, 8.734375000614514661, 8.587269508238526152E-16 ) ) ;
#1443 = ORIENTED_EDGE ( 'NONE', *, *, #474, .F. ) ;
#1444 = CARTESIAN_POINT ( 'NONE',  ( -1.006430356249999658, 5.584375000614513418, 8.587269508238524180E-16 ) ) ;
#1445 = CARTESIAN_POINT ( 'NONE',  ( -1.006430356249998548, 8.209375000614512530, 0.5810628371015493787 ) ) ;
#1446 = DIRECTION ( 'NONE',  ( 0.000000000000000000, 1.000000000000000000, 0.000000000000000000 ) ) ;
#1447 = VERTEX_POINT ( 'NONE', #3575 ) ;
#1448 = EDGE_CURVE ( 'NONE', #3689, #2867, #3764, .T. ) ;
#1449 = ORIENTED_EDGE ( 'NONE', *, *, #3488, .F. ) ;
#1450 = CARTESIAN_POINT ( 'NONE',  ( 1.249999999999999112, 9.062499999999996447, 0.7216878364870323859 ) ) ;
#1451 = CARTESIAN_POINT ( 'NONE',  ( -1.252801084755460259, 3.042132794191443335, -0.7233050435246171084 ) ) ;
#1452 = CARTESIAN_POINT ( 'NONE',  ( 1.006430356249998104, 0.3343750006145139175, -0.5810628371015496008 ) ) ;
#1453 = CARTESIAN_POINT ( 'NONE',  ( -0.5032151781249986078, 6.446875000614514128, 0.8715942556523228468 ) ) ;
#1454 = CARTESIAN_POINT ( 'NONE',  ( 0.5032151781249990519, 8.134375000614515017, -0.8715942556523228468 ) ) ;
#1455 = CARTESIAN_POINT ( 'NONE',  ( -0.6250000000000002220, 8.949999999999995737, 1.082531754730547746 ) ) ;
#1456 = CARTESIAN_POINT ( 'NONE',  ( -4.938688641342514686E-16, 6.287499999999996092, 1.249999999999999334 ) ) ;
#1457 =( BOUNDED_CURVE ( )  B_SPLINE_CURVE ( 2, ( #4212, #201, #229, #3349, #724, #3753, #3292, #4608, #4670 ),
 .UNSPECIFIED., .F., .F. ) 
 B_SPLINE_CURVE_WITH_KNOTS ( ( 3, 2, 2, 2, 3 ),
 ( 0.5277777777777777901, 0.5308641975308642236, 0.5370370370370370905, 0.5432098765432098464, 0.5462962962962962798 ),
 .UNSPECIFIED. ) 
 CURVE ( )  GEOMETRIC_REPRESENTATION_ITEM ( )  RATIONAL_B_SPLINE_CURVE ( ( 0.9330127018922194093, 0.9330127018922194093, 1.000000000000000000, 0.8660254037844387076, 1.000000000000000000, 0.8660254037844387076, 1.000000000000000000, 0.9330127018922194093, 0.9330127018922194093 ) ) 
 REPRESENTATION_ITEM ( '' )  );
#1458 = CARTESIAN_POINT ( 'NONE',  ( 4.415768667553307481E-15, 0.09374999999999439337, -1.044318966601190279 ) ) ;
#1459 = CARTESIAN_POINT ( 'NONE',  ( 2.909753293500117656E-15, 5.893750001229030033, 1.443375672974063439 ) ) ;
#1460 = CARTESIAN_POINT ( 'NONE',  ( -0.5032151781250009392, 7.646875000614513418, -0.8715942556523212925 ) ) ;
#1461 = DIRECTION ( 'NONE',  ( 0.000000000000000000, 0.000000000000000000, -1.000000000000000000 ) ) ;
#1462 = CARTESIAN_POINT ( 'NONE',  ( 1.249999999999999334, 7.749999999999995559, 0.000000000000000000 ) ) ;
#1463 = ORIENTED_EDGE ( 'NONE', *, *, #2643, .F. ) ;
#1464 = CYLINDRICAL_SURFACE ( 'NONE', #5582, 1.249999999999999334 ) ;
#1465 = CARTESIAN_POINT ( 'NONE',  ( -0.6250000000000017764, -1.043749998770968856, -1.082531754730546636 ) ) ;
#1466 = CARTESIAN_POINT ( 'NONE',  ( 0.5032151781249982747, 0.3718750006145138953, -0.8715942556523229579 ) ) ;
#1467 = EDGE_CURVE ( 'NONE', #226, #4855, #269, .T. ) ;
#1468 = CARTESIAN_POINT ( 'NONE',  ( 1.006430356249999436, 1.196875000614513906, -1.767562423498186358E-15 ) ) ;
#1469 = LINE ( 'NONE', #3237, #9 ) ;
#1470 = CARTESIAN_POINT ( 'NONE',  ( 1.006430356249999658, 3.559375000614513507, -9.819791222584817478E-16 ) ) ;
#1471 =( BOUNDED_CURVE ( )  B_SPLINE_CURVE ( 2, ( #4673, #2070, #3871, #1230, #3006, #4756, #786, #1696, #5230 ),
 .UNSPECIFIED., .F., .F. ) 
 B_SPLINE_CURVE_WITH_KNOTS ( ( 3, 2, 2, 2, 3 ),
 ( 0.3425925925925926152, 0.3456790123456789932, 0.3518518518518518601, 0.3580246913580246715, 0.3611111111111111049 ),
 .UNSPECIFIED. ) 
 CURVE ( )  GEOMETRIC_REPRESENTATION_ITEM ( )  RATIONAL_B_SPLINE_CURVE ( ( 0.9330127018922194093, 0.9330127018922199644, 1.000000000000000000, 0.8660254037844387076, 1.000000000000000000, 0.8660254037844387076, 1.000000000000000000, 0.9330127018922194093, 0.9330127018922194093 ) ) 
 REPRESENTATION_ITEM ( '' )  );
#1472 = CARTESIAN_POINT ( 'NONE',  ( -0.5032151781250009392, 9.896875000614512530, -0.8715942556523212925 ) ) ;
#1473 = ORIENTED_EDGE ( 'NONE', *, *, #2374, .F. ) ;
#1474 = ORIENTED_EDGE ( 'NONE', *, *, #2457, .F. ) ;
#1475 = DIRECTION ( 'NONE',  ( -0.000000000000000000, -1.000000000000000000, -0.000000000000000000 ) ) ;
#1476 = CARTESIAN_POINT ( 'NONE',  ( -1.250000000000000444, 7.543750001229030389, -0.7216878364870294993 ) ) ;
#1477 = CARTESIAN_POINT ( 'NONE',  ( -1.252801084755457817, 5.367132794191443956, 0.7233050435246216603 ) ) ;
#1478 = CARTESIAN_POINT ( 'NONE',  ( 0.5032151781250004952, 0.6718750006145137732, 0.8715942556523216256 ) ) ;
#1479 = CARTESIAN_POINT ( 'NONE',  ( -0.5032151781250009392, 9.446875000614511464, -0.8715942556523212925 ) ) ;
#1480 = CARTESIAN_POINT ( 'NONE',  ( -0.5032151781249993849, 8.809375000614513951, 0.8715942556523227358 ) ) ;
#1481 = CARTESIAN_POINT ( 'NONE',  ( 1.249999999999999334, 6.437499999999996447, -0.7216878364870317197 ) ) ;
#1482 = CARTESIAN_POINT ( 'NONE',  ( -1.252801084755460259, -0.5578672058085563101, -0.7233050435246171084 ) ) ;
#1483 = CARTESIAN_POINT ( 'NONE',  ( 0.6250000000000012212, 5.931250001229030566, 1.082531754730547080 ) ) ;
#1484 = CARTESIAN_POINT ( 'NONE',  ( -2.651438096812265438E-16, -0.4625000000000030198, 1.443375672974063439 ) ) ;
#1485 = CARTESIAN_POINT ( 'NONE',  ( -0.5032151781249986078, 8.246875000614512174, 0.8715942556523228468 ) ) ;
#1486 = CARTESIAN_POINT ( 'NONE',  ( 1.249999999999999334, 5.499999999999996447, 0.000000000000000000 ) ) ;
#1487 = PLANE ( 'NONE',  #2157 ) ;
#1488 = ORIENTED_EDGE ( 'NONE', *, *, #3272, .T. ) ;
#1489 = LINE ( 'NONE', #2246, #5107 ) ;
#1490 = CARTESIAN_POINT ( 'NONE',  ( -3.099357696081660789E-15, 9.267132794191443423, -1.446610087049238658 ) ) ;
#1491 = DIRECTION ( 'NONE',  ( -0.000000000000000000, -1.000000000000000000, -0.000000000000000000 ) ) ;
#1492 = CARTESIAN_POINT ( 'NONE',  ( -1.006430356249998548, 0.5593750006145138398, 0.5810628371015493787 ) ) ;
#1493 = CARTESIAN_POINT ( 'NONE',  ( -0.5032151781250003841, 10.45937500061451253, -0.8715942556523218476 ) ) ;
#1494 = VECTOR ( 'NONE', #1055, 1000.000000000000000 ) ;
#1495 = CARTESIAN_POINT ( 'NONE',  ( 0.5032151781249990519, 3.634375000614513240, -0.8715942556523228468 ) ) ;
#1496 = CARTESIAN_POINT ( 'NONE',  ( 1.006430356249999880, 10.60937500061451289, 0.5810628371015469362 ) ) ;
#1497 = DIRECTION ( 'NONE',  ( 0.000000000000000000, 1.000000000000000000, 0.000000000000000000 ) ) ;
#1498 = EDGE_LOOP ( 'NONE', ( #2902, #2747, #4129, #2357 ) ) ;
#1499 = ORIENTED_EDGE ( 'NONE', *, *, #1695, .F. ) ;
#1500 =( BOUNDED_CURVE ( )  B_SPLINE_CURVE ( 2, ( #4602, #601, #2776, #225, #660, #4987, #1942, #545, #5460 ),
 .UNSPECIFIED., .F., .T. ) 
 B_SPLINE_CURVE_WITH_KNOTS ( ( 3, 2, 2, 2, 3 ),
 ( 0.5434202347233877406, 0.5465982400280945397, 0.5529540335167973941, 0.5593098270055001375, 0.5624872730692960232 ),
 .UNSPECIFIED. ) 
 CURVE ( )  GEOMETRIC_REPRESENTATION_ITEM ( )  RATIONAL_B_SPLINE_CURVE ( ( 0.9330127019703920999, 0.9330104135343924021, 1.000000000000000000, 0.8660254037844387076, 1.000000000000000000, 0.8660254037844387076, 1.000000000000000000, 0.9330222018461693523, 0.9330127032394766040 ) ) 
 REPRESENTATION_ITEM ( '' )  );
#1501 = CARTESIAN_POINT ( 'NONE',  ( -0.3349364905389035640, 4.467403810567662781, 1.249999999999999112 ) ) ;
#1502 = VECTOR ( 'NONE', #2269, 1000.000000000000000 ) ;
#1503 = CARTESIAN_POINT ( 'NONE',  ( -2.107232234328416948E-05, 9.718751190558878150, -1.249999999822382080 ) ) ;
#1504 = CARTESIAN_POINT ( 'NONE',  ( -3.099357696081660789E-15, 6.567132794191442358, -1.446610087049238658 ) ) ;
#1505 = CARTESIAN_POINT ( 'NONE',  ( -0.5032151781250009392, 3.596875000614514040, -0.8715942556523212925 ) ) ;
#1506 = CARTESIAN_POINT ( 'NONE',  ( 0.5032151781249982747, 8.021875000614512530, -0.8715942556523229579 ) ) ;
#1507 = CARTESIAN_POINT ( 'NONE',  ( 0.5032151781249999400, 7.984375000614513773, 0.8715942556523221807 ) ) ;
#1508 = CARTESIAN_POINT ( 'NONE',  ( 0.07499999999999840128, 12.50000000000000000, 1.284604348946915886 ) ) ;
#1509 = CARTESIAN_POINT ( 'NONE',  ( 0.6249999999999974465, 3.381250001229030300, -1.082531754730548856 ) ) ;
#1510 = CARTESIAN_POINT ( 'NONE',  ( -1.249999999999998224, 7.618750001229031454, 0.7216878364870340512 ) ) ;
#1511 = CARTESIAN_POINT ( 'NONE',  ( -1.006430356250000324, 8.584375000614512530, -0.5810628371015467142 ) ) ;
#1512 = CARTESIAN_POINT ( 'NONE',  ( -1.249999999999999334, 7.037499999999996092, -0.7216878364870322748 ) ) ;
#1513 = CARTESIAN_POINT ( 'NONE',  ( -0.5032151781250003841, -0.7906249993854860270, -0.8715942556523218476 ) ) ;
#1514 = ORIENTED_EDGE ( 'NONE', *, *, #944, .F. ) ;
#1515 = ORIENTED_EDGE ( 'NONE', *, *, #113, .F. ) ;
#1516 = ADVANCED_FACE ( 'NONE', ( #1990 ), #5092, .F. ) ;
#1517 = CARTESIAN_POINT ( 'NONE',  ( 1.078548590673208107E-05, 8.593929111475189231, 1.249999999908919968 ) ) ;
#1518 = CARTESIAN_POINT ( 'NONE',  ( 0.6264005423777272430, 10.12963279419144058, -1.084957565286930325 ) ) ;
#1519 = CARTESIAN_POINT ( 'NONE',  ( -1.249999999999999334, 1.281250001229031099, 2.596460695863248776E-15 ) ) ;
#1520 = CARTESIAN_POINT ( 'NONE',  ( 1.827526258964323273E-15, 1.984375000614513773, 1.162125674203096093 ) ) ;
#1521 = CARTESIAN_POINT ( 'NONE',  ( -1.006430356249998548, 1.009375000614513684, 0.5810628371015493787 ) ) ;
#1522 = PLANE ( 'NONE',  #4551 ) ;
#1523 = CARTESIAN_POINT ( 'NONE',  ( 1.006430356249999658, 7.571875000614512352, 0.5810628371015478244 ) ) ;
#1524 = CARTESIAN_POINT ( 'NONE',  ( -0.5032151781249986078, 10.04687500061451289, 0.8715942556523228468 ) ) ;
#1525 = CARTESIAN_POINT ( 'NONE',  ( -0.6250000000000002220, 3.999999999999996447, 1.082531754730547746 ) ) ;
#1526 = CARTESIAN_POINT ( 'NONE',  ( -0.09394555447817008742, 0.1403925739374584092, 1.071248069219687515 ) ) ;
#1527 = ADVANCED_FACE ( 'NONE', ( #3391, #5154 ), #5567, .F. ) ;
#1528 = CARTESIAN_POINT ( 'NONE',  ( 0.5032151781249999400, 3.034375000614513596, 0.8715942556523221807 ) ) ;
#1529 = EDGE_LOOP ( 'NONE', ( #1091, #4404, #165, #3477 ) ) ;
#1530 = CARTESIAN_POINT ( 'NONE',  ( -4.938688641342514686E-16, 4.487499999999996270, 1.249999999999999334 ) ) ;
#1531 = CARTESIAN_POINT ( 'NONE',  ( 1.249999999999999334, 4.187499999999996447, -0.7216878364870317197 ) ) ;
#1532 = CARTESIAN_POINT ( 'NONE',  ( -1.252801084755458927, 5.329632794191443423, 2.607410558300822600E-15 ) ) ;
#1533 = CARTESIAN_POINT ( 'NONE',  ( -1.006430356249999436, 3.221875000614513596, 1.644310252063557226E-15 ) ) ;
#1534 = CARTESIAN_POINT ( 'NONE',  ( 1.006430356249999436, 7.946875000614512352, -1.767562423498186358E-15 ) ) ;
#1535 = EDGE_CURVE ( 'NONE', #5123, #2500, #1121, .T. ) ;
#1536 = CARTESIAN_POINT ( 'NONE',  ( -1.006430356249999658, 8.284375000614511819, 8.587269508238524180E-16 ) ) ;
#1537 =( BOUNDED_CURVE ( )  B_SPLINE_CURVE ( 2, ( #4245, #2953, #1610, #343, #318, #1667, #3384, #3893, #5671 ),
 .UNSPECIFIED., .F., .F. ) 
 B_SPLINE_CURVE_WITH_KNOTS ( ( 3, 2, 2, 2, 3 ),
 ( 0.1574074074074074125, 0.1604938271604938183, 0.1666666666666666574, 0.1728395061728394966, 0.1759259259259259300 ),
 .UNSPECIFIED. ) 
 CURVE ( )  GEOMETRIC_REPRESENTATION_ITEM ( )  RATIONAL_B_SPLINE_CURVE ( ( 0.9330127018922194093, 0.9330127018922196314, 1.000000000000000000, 0.8660254037844387076, 1.000000000000000000, 0.8660254037844387076, 1.000000000000000000, 0.9330127018922190762, 0.9330127018922194093 ) ) 
 REPRESENTATION_ITEM ( '' )  );
#1538 = CYLINDRICAL_SURFACE ( 'NONE', #4373, 1.249999999999999334 ) ;
#1539 = CARTESIAN_POINT ( 'NONE',  ( -1.458469951321891283E-05, 3.193516591123076953, 1.249999999845010645 ) ) ;
#1540 = CARTESIAN_POINT ( 'NONE',  ( 2.909753293500117656E-15, 8.143750001229028257, 1.443375672974063439 ) ) ;
#1541 = CARTESIAN_POINT ( 'NONE',  ( -0.5032151781250009392, 9.896875000614512530, -0.8715942556523212925 ) ) ;
#1542 = CARTESIAN_POINT ( 'NONE',  ( 1.249999999999999112, 5.462499999999997691, 0.7216878364870323859 ) ) ;
#1543 = CARTESIAN_POINT ( 'NONE',  ( -0.6250000000000017764, 3.906250001229030655, -1.082531754730546636 ) ) ;
#1544 = CARTESIAN_POINT ( 'NONE',  ( 0.3349364905389026204, 7.657596189432330114, 1.249999999999999556 ) ) ;
#1545 = CARTESIAN_POINT ( 'NONE',  ( -0.6250000000000017764, 0.7562500012290311879, -1.082531754730546636 ) ) ;
#1546 = CARTESIAN_POINT ( 'NONE',  ( -1.249999999999998224, -0.03124999877096883150, 0.7216878364870340512 ) ) ;
#1547 = CARTESIAN_POINT ( 'NONE',  ( -5.535873061075326870E-06, 4.768750319176629837, -1.249999999987740917 ) ) ;
#1548 = CARTESIAN_POINT ( 'NONE',  ( 1.006430356249998326, 2.134375000614513684, -0.5810628371015497118 ) ) ;
#1549 = CARTESIAN_POINT ( 'NONE',  ( 1.006430356249999436, 2.096875000614513596, -1.767562423498186358E-15 ) ) ;
#1550 = CARTESIAN_POINT ( 'NONE',  ( 2.162577587529268681E-16, 11.40000000000000036, -1.154700538379252128 ) ) ;
#1551 = CARTESIAN_POINT ( 'NONE',  ( -1.006430356249999880, 6.446875000614513240, -0.5810628371015474913 ) ) ;
#1552 = ADVANCED_FACE ( 'NONE', ( #2960 ), #5181, .T. ) ;
#1553 = CARTESIAN_POINT ( 'NONE',  ( 1.006430356249998104, 9.784375000614513596, -0.5810628371015496008 ) ) ;
#1554 = CARTESIAN_POINT ( 'NONE',  ( 0.6249999999999997780, 3.774999999999996358, -1.082531754730547746 ) ) ;
#1555 = LINE ( 'NONE', #2339, #2608 ) ;
#1556 = CARTESIAN_POINT ( 'NONE',  ( 1.006430356249999658, 4.009375000614513240, -9.819791222584819450E-16 ) ) ;
#1557 = CARTESIAN_POINT ( 'NONE',  ( 0.5032151781249990519, 0.4843750006145138842, -0.8715942556523228468 ) ) ;
#1558 = DIRECTION ( 'NONE',  ( -0.000000000000000000, -1.000000000000000000, -0.000000000000000000 ) ) ;
#1559 = CARTESIAN_POINT ( 'NONE',  ( -1.252801084755457817, 6.267132794191442535, 0.7233050435246216603 ) ) ;
#1560 = CARTESIAN_POINT ( 'NONE',  ( -1.969845607676301195E-15, 4.459375000614513418, -1.162125674203096093 ) ) ;
#1561 = CARTESIAN_POINT ( 'NONE',  ( -0.5032151781249986078, 9.146875000614512530, 0.8715942556523228468 ) ) ;
#1562 = CARTESIAN_POINT ( 'NONE',  ( -2.710284140046962829E-05, 5.668751525299549954, -1.249999999706173925 ) ) ;
#1563 = ADVANCED_FACE ( 'NONE', ( #1236 ), #3363, .T. ) ;
#1564 = CARTESIAN_POINT ( 'NONE',  ( 0.6264005423777272430, -0.6703672058085562435, -1.084957565286930325 ) ) ;
#1565 = CARTESIAN_POINT ( 'NONE',  ( 0.6249999999999974465, 7.431250001229030566, -1.082531754730548856 ) ) ;
#1566 = CARTESIAN_POINT ( 'NONE',  ( 0.6249999999999987788, 0.9249999999999968248, 1.082531754730548412 ) ) ;
#1567 =( BOUNDED_CURVE ( )  B_SPLINE_CURVE ( 2, ( #1669, #844, #1233, #3011, #4249, #3499, #788, #5204, #1615 ),
 .UNSPECIFIED., .F., .F. ) 
 B_SPLINE_CURVE_WITH_KNOTS ( ( 3, 2, 2, 2, 3 ),
 ( 0.3796296296296296502, 0.3827160493827160281, 0.3888888888888888951, 0.3950617283950617065, 0.3981481481481481399 ),
 .UNSPECIFIED. ) 
 CURVE ( )  GEOMETRIC_REPRESENTATION_ITEM ( )  RATIONAL_B_SPLINE_CURVE ( ( 0.9330127018922194093, 0.9330127018922199644, 1.000000000000000000, 0.8660254037844387076, 1.000000000000000000, 0.8660254037844387076, 1.000000000000000000, 0.9330127018922194093, 0.9330127018922194093 ) ) 
 REPRESENTATION_ITEM ( '' )  );
#1568 = CARTESIAN_POINT ( 'NONE',  ( -1.062732146793064886E-15, -0.3781249993854860492, -1.162125674203096537 ) ) ;
#1569 = CARTESIAN_POINT ( 'NONE',  ( 0.6249999999999997780, 6.924999999999996270, -1.082531754730547746 ) ) ;
#1570 = DIRECTION ( 'NONE',  ( 0.000000000000000000, 0.000000000000000000, -1.000000000000000000 ) ) ;
#1571 = DIRECTION ( 'NONE',  ( -0.000000000000000000, 1.000000000000000000, -0.000000000000000000 ) ) ;
#1572 = EDGE_LOOP ( 'NONE', ( #2827, #5672, #5435, #4562 ) ) ;
#1573 = CARTESIAN_POINT ( 'NONE',  ( -0.3349360646298048527, 0.7388461651068194413, -1.250000245898732931 ) ) ;
#1574 = CARTESIAN_POINT ( 'NONE',  ( -0.3349364905389021763, 1.767403810567662603, 1.249999999999999778 ) ) ;
#1575 = CARTESIAN_POINT ( 'NONE',  ( -1.249999999999999334, 0.8312500012290311435, 2.596460695863248776E-15 ) ) ;
#1576 = CARTESIAN_POINT ( 'NONE',  ( -1.249999999999998002, 9.868750001229029678, 0.7216878364870340512 ) ) ;
#1577 = CARTESIAN_POINT ( 'NONE',  ( -1.006430356249998548, 2.359375000614514217, 0.5810628371015494897 ) ) ;
#1578 = CARTESIAN_POINT ( 'NONE',  ( -0.5032151781249986078, 5.096875000614513596, 0.8715942556523228468 ) ) ;
#1579 = CARTESIAN_POINT ( 'NONE',  ( 0.1747647973110937891, 10.85885138728951915, -0.9911404177019081940 ) ) ;
#1580 = CARTESIAN_POINT ( 'NONE',  ( 0.5032151781249990519, 8.134375000614515017, -0.8715942556523228468 ) ) ;
#1581 = CARTESIAN_POINT ( 'NONE',  ( 1.827526258964323273E-15, 10.53437500061451360, 1.162125674203096093 ) ) ;
#1582 = CARTESIAN_POINT ( 'NONE',  ( -0.6168303191586110845, 0.1123957352751019795, 0.8612666344771732208 ) ) ;
#1583 = CARTESIAN_POINT ( 'NONE',  ( 1.006430356249998770, 3.146875000614514306, -0.5810628371015489346 ) ) ;
#1584 = ORIENTED_EDGE ( 'NONE', *, *, #4658, .F. ) ;
#1585 = VECTOR ( 'NONE', #3167, 1000.000000000000114 ) ;
#1586 = EDGE_CURVE ( 'NONE', #2670, #4716, #2487, .T. ) ;
#1587 = CARTESIAN_POINT ( 'NONE',  ( 0.000000000000000000, 10.00000000000000000, 0.000000000000000000 ) ) ;
#1588 = DIRECTION ( 'NONE',  ( 0.000000000000000000, 1.000000000000000000, 0.000000000000000000 ) ) ;
#1589 = CARTESIAN_POINT ( 'NONE',  ( -0.6264005423777315729, 5.254632794191443246, -1.084957565286927883 ) ) ;
#1590 = CARTESIAN_POINT ( 'NONE',  ( -0.5032151781249986078, 3.296875000614513773, 0.8715942556523228468 ) ) ;
#1591 = TOROIDAL_SURFACE ( 'NONE', #1033, 2.100000000000000089, 0.1499999999999999944 ) ;
#1592 = CARTESIAN_POINT ( 'NONE',  ( -1.006430356249998548, 8.659375000614511819, 0.5810628371015494897 ) ) ;
#1593 = CARTESIAN_POINT ( 'NONE',  ( 0.000000000000000000, 10.00000000000000000, 0.000000000000000000 ) ) ;
#1594 = CARTESIAN_POINT ( 'NONE',  ( -0.6250000000000017764, 3.006250001229031188, -1.082531754730546636 ) ) ;
#1595 = CARTESIAN_POINT ( 'NONE',  ( -1.249999999999999334, 8.031250001229031099, 2.596460695863248776E-15 ) ) ;
#1596 = CARTESIAN_POINT ( 'NONE',  ( 0.6249999999999997780, 0.1749999999999969913, -1.082531754730547746 ) ) ;
#1597 = CARTESIAN_POINT ( 'NONE',  ( -1.006430356249999880, -0.3031249993854860381, -0.5810628371015476024 ) ) ;
#1598 = CARTESIAN_POINT ( 'NONE',  ( -2.651438096812265438E-16, 6.287499999999996092, 1.443375672974063439 ) ) ;
#1599 = EDGE_CURVE ( 'NONE', #4449, #1392, #5385, .T. ) ;
#1600 = CARTESIAN_POINT ( 'NONE',  ( -0.3349603797910117864, 3.888847624016491089, -1.249986207533864579 ) ) ;
#1601 = CARTESIAN_POINT ( 'NONE',  ( 1.249999999999999334, 8.237499999999995381, -0.7216878364870317197 ) ) ;
#1602 = ORIENTED_EDGE ( 'NONE', *, *, #4959, .F. ) ;
#1603 = CARTESIAN_POINT ( 'NONE',  ( -5.868324150301105755E-15, 3.812499999999996891, -1.249999999999999556 ) ) ;
#1604 = CARTESIAN_POINT ( 'NONE',  ( -0.3349082369980875273, 9.288844495448913108, -1.250016312189395684 ) ) ;
#1605 = CARTESIAN_POINT ( 'NONE',  ( 0.6249999999999974465, 2.031250001229030655, -1.082531754730548856 ) ) ;
#1606 = LINE ( 'NONE', #606, #3896 ) ;
#1607 = CARTESIAN_POINT ( 'NONE',  ( 1.006430356249998326, 2.584375000614513418, -0.5810628371015497118 ) ) ;
#1608 = CARTESIAN_POINT ( 'NONE',  ( -1.006430356249999436, 4.571875000614514128, 1.644310252063557226E-15 ) ) ;
#1609 = EDGE_CURVE ( 'NONE', #2325, #1697, #3058, .T. ) ;
#1610 = CARTESIAN_POINT ( 'NONE',  ( -0.6249999999999993339, 1.149999999999997025, -1.082531754730547968 ) ) ;
#1611 = VECTOR ( 'NONE', #758, 1000.000000000000114 ) ;
#1612 = EDGE_LOOP ( 'NONE', ( #772, #3241, #962, #2456 ) ) ;
#1613 = CARTESIAN_POINT ( 'NONE',  ( -1.062732146793064491E-15, 6.821875000614513240, -1.162125674203096537 ) ) ;
#1614 = CARTESIAN_POINT ( 'NONE',  ( 0.3349364905389018987, 1.992403810567662692, -1.249999999999999778 ) ) ;
#1615 = CARTESIAN_POINT ( 'NONE',  ( -4.938688641342514686E-16, 4.037499999999996980, 1.249999999999999334 ) ) ;
#1616 = CARTESIAN_POINT ( 'NONE',  ( 2.288358079669540639E-05, 5.218748628215162277, -1.249999999790535998 ) ) ;
#1617 = CARTESIAN_POINT ( 'NONE',  ( -1.006430356249999880, 6.446875000614514128, -0.5810628371015476024 ) ) ;
#1618 = CARTESIAN_POINT ( 'NONE',  ( 1.006430356249999658, 0.3718750006145138953, 0.5810628371015478244 ) ) ;
#1619 = CARTESIAN_POINT ( 'NONE',  ( 1.252801084755457373, 7.392132794191442535, -0.7233050435246219934 ) ) ;
#1620 = CARTESIAN_POINT ( 'NONE',  ( 0.5032151781250004952, 2.471875000614513596, 0.8715942556523216256 ) ) ;
#1621 = CARTESIAN_POINT ( 'NONE',  ( 1.249999999999999112, 4.562499999999996447, 0.7216878364870323859 ) ) ;
#1622 = CARTESIAN_POINT ( 'NONE',  ( 0.000000000000000000, 12.34999999999999964, 0.000000000000000000 ) ) ;
#1623 = CARTESIAN_POINT ( 'NONE',  ( 0.000000000000000000, 0.000000000000000000, 0.000000000000000000 ) ) ;
#1624 = ORIENTED_EDGE ( 'NONE', *, *, #4067, .T. ) ;
#1625 = CARTESIAN_POINT ( 'NONE',  ( -1.252801084755458927, 0.3796327941914435788, 2.607410558300822600E-15 ) ) ;
#1626 = DIRECTION ( 'NONE',  ( -0.000000000000000000, -1.000000000000000000, -0.000000000000000000 ) ) ;
#1627 = CARTESIAN_POINT ( 'NONE',  ( -1.249999999999998224, 7.168750001229030389, 0.7216878364870340512 ) ) ;
#1628 = CARTESIAN_POINT ( 'NONE',  ( 0.6249999999999987788, 0.4749999999999969247, 1.082531754730548412 ) ) ;
#1629 = CARTESIAN_POINT ( 'NONE',  ( 1.006430356249999658, 3.071875000614513684, 0.5810628371015478244 ) ) ;
#1630 = CARTESIAN_POINT ( 'NONE',  ( 1.006430356249999658, -0.9406249993854859381, -9.819791222584819450E-16 ) ) ;
#1631 = CARTESIAN_POINT ( 'NONE',  ( 1.006430356249999658, -0.04062499938548599920, -9.819791222584817478E-16 ) ) ;
#1632 = CARTESIAN_POINT ( 'NONE',  ( 0.9999999999999993339, 11.40000000000000036, -0.5773502691896267303 ) ) ;
#1633 = ORIENTED_EDGE ( 'NONE', *, *, #4781, .T. ) ;
#1634 = CARTESIAN_POINT ( 'NONE',  ( -2.845041995311512980E-05, 2.293292321606522410, 1.249999999404362461 ) ) ;
#1635 = CARTESIAN_POINT ( 'NONE',  ( -0.6249999999999978906, 8.556250001229031454, 1.082531754730548856 ) ) ;
#1636 = EDGE_CURVE ( 'NONE', #3574, #4066, #400, .T. ) ;
#1637 = CARTESIAN_POINT ( 'NONE',  ( 2.909753293500117656E-15, 0.4937500012290310658, 1.443375672974063439 ) ) ;
#1638 = CARTESIAN_POINT ( 'NONE',  ( -1.006430356250000324, 3.634375000614514128, -0.5810628371015467142 ) ) ;
#1639 = FACE_OUTER_BOUND ( 'NONE', #5017, .T. ) ;
#1640 = ORIENTED_EDGE ( 'NONE', *, *, #1809, .F. ) ;
#1641 =( BOUNDED_CURVE ( )  B_SPLINE_CURVE ( 2, ( #983, #1421, #2630, #3196, #4949, #536, #2342, #5513, #2020 ),
 .UNSPECIFIED., .F., .F. ) 
 B_SPLINE_CURVE_WITH_KNOTS ( ( 3, 2, 2, 2, 3 ),
 ( 0.8425925925925925597, 0.8456790123456789932, 0.8518518518518518601, 0.8580246913580247270, 0.8611111111111111605 ),
 .UNSPECIFIED. ) 
 CURVE ( )  GEOMETRIC_REPRESENTATION_ITEM ( )  RATIONAL_B_SPLINE_CURVE ( ( 0.9330127018922194093, 0.9330127018922194093, 1.000000000000000000, 0.8660254037844387076, 1.000000000000000000, 0.8660254037844387076, 1.000000000000000000, 0.9330127018922180770, 0.9330127018922192983 ) ) 
 REPRESENTATION_ITEM ( '' )  );
#1642 = CARTESIAN_POINT ( 'NONE',  ( -1.006430356249999658, 7.384375000614513240, 8.587269508238524180E-16 ) ) ;
#1643 = EDGE_CURVE ( 'NONE', #4934, #4060, #2005, .T. ) ;
#1644 = ADVANCED_FACE ( 'NONE', ( #3438 ), #3690, .T. ) ;
#1645 = CARTESIAN_POINT ( 'NONE',  ( 6.186289793360068902E-10, 2.743750001268222771, 1.249999999999999334 ) ) ;
#1646 = CARTESIAN_POINT ( 'NONE',  ( 2.162577587529268681E-16, 11.40000000000000036, -1.154700538379252128 ) ) ;
#1647 = CARTESIAN_POINT ( 'NONE',  ( 0.1385715426677813500, 0.4437753459256779665, 1.240663732099656524 ) ) ;
#1648 = CARTESIAN_POINT ( 'NONE',  ( -1.006430356249999658, 6.034375000614513596, 8.587269508238526152E-16 ) ) ;
#1649 = DIRECTION ( 'NONE',  ( -0.000000000000000000, -1.000000000000000000, -0.000000000000000000 ) ) ;
#1650 = CARTESIAN_POINT ( 'NONE',  ( -1.969845607676301195E-15, 4.909375000614512707, -1.162125674203096093 ) ) ;
#1651 = CARTESIAN_POINT ( 'NONE',  ( 1.249999999999999334, 5.049999999999996270, 0.000000000000000000 ) ) ;
#1652 = CARTESIAN_POINT ( 'NONE',  ( -1.006430356250000102, 9.484375000614511109, -0.5810628371015466032 ) ) ;
#1653 = VERTEX_POINT ( 'NONE', #2800 ) ;
#1654 = CARTESIAN_POINT ( 'NONE',  ( 0.6264005423777310178, 0.5296327941914436011, 1.084957565286928327 ) ) ;
#1655 = CARTESIAN_POINT ( 'NONE',  ( 0.6250000000000012212, 10.43125000122902968, 1.082531754730547080 ) ) ;
#1656 = CARTESIAN_POINT ( 'NONE',  ( -0.5032151781249993849, 4.309375000614513063, 0.8715942556523227358 ) ) ;
#1657 = CARTESIAN_POINT ( 'NONE',  ( 0.5032151781249999400, -0.5656249993854860492, 0.8715942556523221807 ) ) ;
#1658 = CARTESIAN_POINT ( 'NONE',  ( 0.6249999999999987788, 8.124999999999996447, 1.082531754730548412 ) ) ;
#1659 = CARTESIAN_POINT ( 'NONE',  ( 9.204127980810863719E-16, 1.196875000614513462, 1.162125674203096537 ) ) ;
#1660 = CARTESIAN_POINT ( 'NONE',  ( 0.3349364905389026204, 8.107596189432330291, 1.249999999999999556 ) ) ;
#1661 = ORIENTED_EDGE ( 'NONE', *, *, #80, .T. ) ;
#1662 = CARTESIAN_POINT ( 'NONE',  ( -1.249999999999999112, 4.787499999999996980, -0.7216878364870322748 ) ) ;
#1663 = EDGE_CURVE ( 'NONE', #1152, #534, #181, .T. ) ;
#1664 = CARTESIAN_POINT ( 'NONE',  ( -1.249999999999999112, 9.287499999999997868, -0.7216878364870322748 ) ) ;
#1665 = CARTESIAN_POINT ( 'NONE',  ( 0.6249999999999974465, 3.381250001229030300, -1.082531754730548856 ) ) ;
#1666 = CARTESIAN_POINT ( 'NONE',  ( -0.5032151781249986078, 3.746875000614513951, 0.8715942556523228468 ) ) ;
#1667 = CARTESIAN_POINT ( 'NONE',  ( -1.249999999999999556, 1.262499999999996403, 0.7216878364870313867 ) ) ;
#1668 = CARTESIAN_POINT ( 'NONE',  ( -5.868324150301105755E-15, 5.162499999999996980, -1.249999999999999556 ) ) ;
#1669 = CARTESIAN_POINT ( 'NONE',  ( -5.868324150301105755E-15, 3.812499999999996891, -1.249999999999999556 ) ) ;
#1670 = CARTESIAN_POINT ( 'NONE',  ( -4.938688641342514686E-16, 2.237499999999996270, 1.249999999999999334 ) ) ;
#1671 = CARTESIAN_POINT ( 'NONE',  ( 1.006430356249998770, 5.846875000614512707, -0.5810628371015489346 ) ) ;
#1672 = CARTESIAN_POINT ( 'NONE',  ( -0.5032151781250003841, 0.5593750006145138398, -0.8715942556523218476 ) ) ;
#1673 = CARTESIAN_POINT ( 'NONE',  ( 0.5032151781249982747, 5.771875000614513418, -0.8715942556523229579 ) ) ;
#1674 = CARTESIAN_POINT ( 'NONE',  ( -0.6249999999999993339, 4.749999999999996447, -1.082531754730547968 ) ) ;
#1675 = CIRCLE ( 'NONE', #3351, 0.9901923788646657121 ) ;
#1676 = EDGE_CURVE ( 'NONE', #5751, #3935, #1387, .T. ) ;
#1677 = ORIENTED_EDGE ( 'NONE', *, *, #726, .T. ) ;
#1678 = AXIS2_PLACEMENT_3D ( 'NONE', #2856, #2384, #1137 ) ;
#1679 = CARTESIAN_POINT ( 'NONE',  ( 2.922199054809748253E-15, 1.842132794191443601, 1.446610087049238658 ) ) ;
#1680 = CARTESIAN_POINT ( 'NONE',  ( -1.250000000000000444, 9.343750001229029323, -0.7216878364870296103 ) ) ;
#1681 = CARTESIAN_POINT ( 'NONE',  ( -1.062732146793064491E-15, 2.771875000614513418, -1.162125674203096537 ) ) ;
#1682 = CARTESIAN_POINT ( 'NONE',  ( 0.5032151781249999400, 0.3343750006145139175, 0.8715942556523221807 ) ) ;
#1683 = CARTESIAN_POINT ( 'NONE',  ( 0.6249999999999997780, 7.824999999999994849, -1.082531754730547746 ) ) ;
#1684 = CARTESIAN_POINT ( 'NONE',  ( -0.5032151781250003841, 2.359375000614513773, -0.8715942556523218476 ) ) ;
#1685 = CARTESIAN_POINT ( 'NONE',  ( 0.5676359075966764811, 0.1746045788199558912, 0.9432259339424009514 ) ) ;
#1686 = AXIS2_PLACEMENT_3D ( 'NONE', #4708, #4281, #2077 ) ;
#1687 = ORIENTED_EDGE ( 'NONE', *, *, #4966, .F. ) ;
#1688 = CARTESIAN_POINT ( 'NONE',  ( -4.938688641342514686E-16, 4.937499999999996447, 1.249999999999999334 ) ) ;
#1689 =( BOUNDED_CURVE ( )  B_SPLINE_CURVE ( 2, ( #967, #4493, #74, #3179, #2677, #3640, #2714, #4064, #1860 ),
 .UNSPECIFIED., .F., .F. ) 
 B_SPLINE_CURVE_WITH_KNOTS ( ( 3, 2, 2, 2, 3 ),
 ( 0.6759259259259259300, 0.6790123456790123635, 0.6851851851851852304, 0.6913580246913579863, 0.6944444444444444198 ),
 .UNSPECIFIED. ) 
 CURVE ( )  GEOMETRIC_REPRESENTATION_ITEM ( )  RATIONAL_B_SPLINE_CURVE ( ( 0.9330127018922194093, 0.9330127018922194093, 1.000000000000000000, 0.8660254037844387076, 1.000000000000000000, 0.8660254037844387076, 1.000000000000000000, 0.9330127018922194093, 0.9330127018922194093 ) ) 
 REPRESENTATION_ITEM ( '' )  );
#1690 = PLANE ( 'NONE',  #2600 ) ;
#1691 = CARTESIAN_POINT ( 'NONE',  ( -1.249999999999999556, 1.712499999999997025, 0.7216878364870313867 ) ) ;
#1692 = CARTESIAN_POINT ( 'NONE',  ( -1.249999999999998224, 2.218750001229031099, 0.7216878364870340512 ) ) ;
#1693 = CIRCLE ( 'NONE', #2716, 0.9901923788646657121 ) ;
#1694 = CARTESIAN_POINT ( 'NONE',  ( 1.827526258964323273E-15, 3.784375000614514040, 1.162125674203096093 ) ) ;
#1695 = EDGE_CURVE ( 'NONE', #5461, #580, #4818, .T. ) ;
#1696 = CARTESIAN_POINT ( 'NONE',  ( -0.3349364905389035640, 3.567403810567662870, 1.249999999999999112 ) ) ;
#1697 = VERTEX_POINT ( 'NONE', #3155 ) ;
#1698 = ORIENTED_EDGE ( 'NONE', *, *, #4037, .F. ) ;
#1699 = CARTESIAN_POINT ( 'NONE',  ( -1.006430356249999880, 9.596875000614513596, -0.5810628371015474913 ) ) ;
#1700 = CARTESIAN_POINT ( 'NONE',  ( -5.868324150301105755E-15, 3.362499999999996714, -1.249999999999999556 ) ) ;
#1701 = DIRECTION ( 'NONE',  ( -0.8660254037844385966, 0.000000000000000000, -0.4999999999999999445 ) ) ;
#1702 = CARTESIAN_POINT ( 'NONE',  ( 0.5032151781249990519, 5.434375000614513951, -0.8715942556523228468 ) ) ;
#1703 = CARTESIAN_POINT ( 'NONE',  ( 1.006430356249999658, 1.271875000614513640, 0.5810628371015478244 ) ) ;
#1704 = CARTESIAN_POINT ( 'NONE',  ( 1.006430356249998104, 6.184375000614513063, -0.5810628371015496008 ) ) ;
#1705 = DIRECTION ( 'NONE',  ( 0.3535533905932733978, 0.7071067811865485719, -0.6123724356957936932 ) ) ;
#1706 = AXIS2_PLACEMENT_3D ( 'NONE', #1855, #246, #682 ) ;
#1707 = CARTESIAN_POINT ( 'NONE',  ( 1.249999999999999112, 8.612499999999995381, 0.7216878364870323859 ) ) ;
#1708 = EDGE_LOOP ( 'NONE', ( #146, #2268, #4506, #1927 ) ) ;
#1709 = CARTESIAN_POINT ( 'NONE',  ( 2.922199054809748253E-15, 0.4921327941914435677, 1.446610087049238658 ) ) ;
#1710 = ADVANCED_FACE ( 'NONE', ( #1837 ), #1464, .T. ) ;
#1711 = CARTESIAN_POINT ( 'NONE',  ( 1.006430356249999880, -0.1906249993854860769, 0.5810628371015469362 ) ) ;
#1712 = CARTESIAN_POINT ( 'NONE',  ( 1.006430356249999880, 2.959375000614514306, 0.5810628371015468252 ) ) ;
#1713 = CARTESIAN_POINT ( 'NONE',  ( 1.006430356249999658, 5.359375000614512885, -9.819791222584817478E-16 ) ) ;
#1714 = CARTESIAN_POINT ( 'NONE',  ( -1.062732146793064886E-15, 1.421875000614513551, -1.162125674203096537 ) ) ;
#1715 = CARTESIAN_POINT ( 'NONE',  ( -1.006430356249999658, 0.6343750006145137954, 8.587269508238524180E-16 ) ) ;
#1716 = ORIENTED_EDGE ( 'NONE', *, *, #3295, .T. ) ;
#1717 = CARTESIAN_POINT ( 'NONE',  ( 0.000000000000000000, 11.25000000000000000, 0.000000000000000000 ) ) ;
#1718 = CYLINDRICAL_SURFACE ( 'NONE', #3354, 1.249999999999999334 ) ;
#1719 = CARTESIAN_POINT ( 'NONE',  ( 1.249999999999998002, 3.793750001229031277, -0.7216878364870344953 ) ) ;
#1720 = CARTESIAN_POINT ( 'NONE',  ( 1.006430356249998104, 5.284375000614512707, -0.5810628371015496008 ) ) ;
#1721 = ORIENTED_EDGE ( 'NONE', *, *, #3760, .T. ) ;
#1722 =( BOUNDED_CURVE ( )  B_SPLINE_CURVE ( 2, ( #204, #579, #4187, #5083, #1113, #173, #4640, #4128, #4582 ),
 .UNSPECIFIED., .F., .F. ) 
 B_SPLINE_CURVE_WITH_KNOTS ( ( 3, 2, 2, 2, 3 ),
 ( 0.8484984304855771597, 0.8516763274856510302, 0.8580321209743499988, 0.8643879144630487454, 0.8675652339180310868 ),
 .UNSPECIFIED. ) 
 CURVE ( )  GEOMETRIC_REPRESENTATION_ITEM ( )  RATIONAL_B_SPLINE_CURVE ( ( 0.9330127018922198534, 0.9330126965017703222, 1.000000000000000000, 0.8660254037844387076, 1.000000000000000000, 0.8660254037844387076, 1.000000000000000000, 0.9330248706497465960, 0.9330127041027677093 ) ) 
 REPRESENTATION_ITEM ( '' )  );
#1723 = CARTESIAN_POINT ( 'NONE',  ( -0.5032151781250003841, 9.559375000614513951, -0.8715942556523218476 ) ) ;
#1724 = CARTESIAN_POINT ( 'NONE',  ( -1.252801084755458927, 8.929632794191441292, 2.607410558300822600E-15 ) ) ;
#1725 = EDGE_CURVE ( 'NONE', #4268, #760, #1489, .T. ) ;
#1726 = DIRECTION ( 'NONE',  ( 0.000000000000000000, -0.000000000000000000, 1.000000000000000000 ) ) ;
#1727 = CARTESIAN_POINT ( 'NONE',  ( -0.3349364905389043967, 2.032596189432331002, -1.249999999999998668 ) ) ;
#1728 = CARTESIAN_POINT ( 'NONE',  ( -4.938688641342514686E-16, 7.187499999999996447, 1.249999999999999334 ) ) ;
#1729 = CARTESIAN_POINT ( 'NONE',  ( 9.204127980810867663E-16, 7.046875000614514661, 1.162125674203096537 ) ) ;
#1730 = CARTESIAN_POINT ( 'NONE',  ( -0.5032151781250003841, 1.459375000614513862, -0.8715942556523218476 ) ) ;
#1731 = EDGE_CURVE ( 'NONE', #2393, #2799, #26, .T. ) ;
#1732 = CARTESIAN_POINT ( 'NONE',  ( -0.5032151781250009392, 5.396875000614513418, -0.8715942556523212925 ) ) ;
#1733 = CARTESIAN_POINT ( 'NONE',  ( -0.9276600172171755032, 10.00000000000000000, 0.3903190418595154920 ) ) ;
#1734 = ORIENTED_EDGE ( 'NONE', *, *, #548, .F. ) ;
#1735 = CARTESIAN_POINT ( 'NONE',  ( 0.6264005423777310178, 0.07963279419144365934, 1.084957565286928327 ) ) ;
#1736 = CARTESIAN_POINT ( 'NONE',  ( -0.8130277389268469879, 10.66753166556464549, -1.412622322680299192 ) ) ;
#1737 = CARTESIAN_POINT ( 'NONE',  ( 0.5032151781250004952, 3.371875000614513507, 0.8715942556523216256 ) ) ;
#1738 = CARTESIAN_POINT ( 'NONE',  ( -0.5032151781249993849, 5.659375000614512707, 0.8715942556523227358 ) ) ;
#1739 = CARTESIAN_POINT ( 'NONE',  ( -0.5032151781250003841, 2.359375000614513773, -0.8715942556523218476 ) ) ;
#1740 = CARTESIAN_POINT ( 'NONE',  ( -1.006430356249998992, 2.021875000614513862, 0.5810628371015487126 ) ) ;
#1741 = CARTESIAN_POINT ( 'NONE',  ( -5.148452945085441198E-05, 3.642894871246151300, 1.249999997923928241 ) ) ;
#1742 = EDGE_LOOP ( 'NONE', ( #4094, #4527, #5713, #728 ) ) ;
#1743 = CARTESIAN_POINT ( 'NONE',  ( -0.7017196489320711716, 0.4507240682423238054, 1.034451319556115134 ) ) ;
#1744 = CARTESIAN_POINT ( 'NONE',  ( -5.868324150301105755E-15, 2.462499999999997691, -1.249999999999999556 ) ) ;
#1745 = CARTESIAN_POINT ( 'NONE',  ( -0.6250000000000017764, 3.456250001229030921, -1.082531754730546636 ) ) ;
#1746 = CARTESIAN_POINT ( 'NONE',  ( 9.204127980810863719E-16, 9.746875000614513951, 1.162125674203096537 ) ) ;
#1747 = CARTESIAN_POINT ( 'NONE',  ( 1.006430356249999436, 5.696875000614513240, -1.767562423498186358E-15 ) ) ;
#1748 = CARTESIAN_POINT ( 'NONE',  ( -4.938688641342514686E-16, 8.537499999999996092, 1.249999999999999334 ) ) ;
#1749 = VERTEX_POINT ( 'NONE', #4990 ) ;
#1750 = CARTESIAN_POINT ( 'NONE',  ( 9.204127980810865691E-16, 9.746875000614513951, 1.162125674203096537 ) ) ;
#1751 = CARTESIAN_POINT ( 'NONE',  ( 1.252801084755457373, 8.742132794191441292, -0.7233050435246219934 ) ) ;
#1752 = CARTESIAN_POINT ( 'NONE',  ( -1.249999999999998002, 4.468750001229030211, 0.7216878364870340512 ) ) ;
#1753 = CARTESIAN_POINT ( 'NONE',  ( 1.249999999999999334, 6.006250001229030744, -2.749541545756668106E-15 ) ) ;
#1754 = CARTESIAN_POINT ( 'NONE',  ( 0.5032151781249982747, -0.5281249993854859603, -0.8715942556523229579 ) ) ;
#1755 =( BOUNDED_CURVE ( )  B_SPLINE_CURVE ( 2, ( #2728, #2628, #409, #5390, #979, #1322, #4886, #2256, #2657 ),
 .UNSPECIFIED., .F., .F. ) 
 B_SPLINE_CURVE_WITH_KNOTS ( ( 3, 2, 2, 2, 3 ),
 ( 0.8294311515069219265, 0.8326089470195543463, 0.8389647405082532039, 0.8453205339969521726, 0.8484984304855771597 ),
 .UNSPECIFIED. ) 
 CURVE ( )  GEOMETRIC_REPRESENTATION_ITEM ( )  RATIONAL_B_SPLINE_CURVE ( ( 0.9330127019601939242, 0.9330148357687265692, 1.000000000000000000, 0.8660254037844387076, 1.000000000000000000, 0.8660254037844387076, 1.000000000000000000, 0.9330127072826683854, 0.9330127018922198534 ) ) 
 REPRESENTATION_ITEM ( '' )  );
#1756 = CARTESIAN_POINT ( 'NONE',  ( -1.006430356249999658, 9.634375000614513240, 8.587269508238526152E-16 ) ) ;
#1757 = CARTESIAN_POINT ( 'NONE',  ( 9.204127980810865691E-16, 2.996875000614513951, 1.162125674203096537 ) ) ;
#1758 = CARTESIAN_POINT ( 'NONE',  ( 0.5032151781249982747, 8.021875000614512530, -0.8715942556523229579 ) ) ;
#1759 = CARTESIAN_POINT ( 'NONE',  ( -1.249999999999999334, 3.024999999999996803, -1.530808498934190831E-16 ) ) ;
#1760 = CARTESIAN_POINT ( 'NONE',  ( -0.2980888092605166739, 0.4039167410662208857, 1.195836109121526158 ) ) ;
#1761 = ORIENTED_EDGE ( 'NONE', *, *, #2383, .F. ) ;
#1762 = CARTESIAN_POINT ( 'NONE',  ( -3.099357696081660789E-15, 2.967132794191443157, -1.446610087049238658 ) ) ;
#1763 = CARTESIAN_POINT ( 'NONE',  ( 1.249999999999998002, 10.54375000122903039, -0.7216878364870344953 ) ) ;
#1764 = CARTESIAN_POINT ( 'NONE',  ( 1.006430356249999880, 6.109375000614513773, 0.5810628371015468252 ) ) ;
#1765 = CARTESIAN_POINT ( 'NONE',  ( -1.006430356249999880, 4.646875000614513418, -0.5810628371015476024 ) ) ;
#1766 = CARTESIAN_POINT ( 'NONE',  ( 1.006430356249999658, 0.8218750006145136844, 0.5810628371015478244 ) ) ;
#1767 = CARTESIAN_POINT ( 'NONE',  ( 1.006430356249998770, 1.346875000614513596, -0.5810628371015489346 ) ) ;
#1768 = CARTESIAN_POINT ( 'NONE',  ( -0.6055082011281666121, 0.02812500184355262375, -0.8079375877956189722 ) ) ;
#1769 = ORIENTED_EDGE ( 'NONE', *, *, #2559, .F. ) ;
#1770 = CARTESIAN_POINT ( 'NONE',  ( 2.054843777561417162E-09, 7.693750001381278736, 1.249999999999999334 ) ) ;
#1771 = CARTESIAN_POINT ( 'NONE',  ( 1.249999999999999334, 9.099999999999997868, 0.000000000000000000 ) ) ;
#1772 = CARTESIAN_POINT ( 'NONE',  ( 0.6250000000000012212, 3.231250001229030389, 1.082531754730547080 ) ) ;
#1773 = CARTESIAN_POINT ( 'NONE',  ( 1.006430356249999658, 9.859375000614512885, -9.819791222584817478E-16 ) ) ;
#1774 = EDGE_CURVE ( 'NONE', #2507, #522, #1810, .T. ) ;
#1775 = AXIS2_PLACEMENT_3D ( 'NONE', #2176, #3080, #833 ) ;
#1776 = CARTESIAN_POINT ( 'NONE',  ( -0.5032151781249986078, 6.446875000614514128, 0.8715942556523228468 ) ) ;
#1777 = CARTESIAN_POINT ( 'NONE',  ( -1.249999999999999556, 8.462499999999998579, 0.7216878364870313867 ) ) ;
#1778 = VERTEX_POINT ( 'NONE', #4907 ) ;
#1779 = ORIENTED_EDGE ( 'NONE', *, *, #2730, .F. ) ;
#1780 = AXIS2_PLACEMENT_3D ( 'NONE', #1262, #1292, #3879 ) ;
#1781 = CARTESIAN_POINT ( 'NONE',  ( 1.006430356249999658, 9.821875000614513240, 0.5810628371015478244 ) ) ;
#1782 = CARTESIAN_POINT ( 'NONE',  ( -3.099357696081660789E-15, 8.817132794191444134, -1.446610087049238658 ) ) ;
#1783 = CARTESIAN_POINT ( 'NONE',  ( -1.250000000000000444, 4.393750001229030921, -0.7216878364870294993 ) ) ;
#1784 = ADVANCED_FACE ( 'NONE', ( #523 ), #2717, .T. ) ;
#1785 = DIRECTION ( 'NONE',  ( -0.000000000000000000, -1.000000000000000000, -0.000000000000000000 ) ) ;
#1786 = FACE_OUTER_BOUND ( 'NONE', #3437, .T. ) ;
#1787 = CARTESIAN_POINT ( 'NONE',  ( 0.5032151781249999400, 8.884375000614511464, 0.8715942556523221807 ) ) ;
#1788 = CARTESIAN_POINT ( 'NONE',  ( -1.062732146793064491E-15, 1.421875000614513551, -1.162125674203096537 ) ) ;
#1789 = CARTESIAN_POINT ( 'NONE',  ( 1.006430356249999880, 7.909375000614513596, 0.5810628371015469362 ) ) ;
#1790 = CARTESIAN_POINT ( 'NONE',  ( -1.249999999999999334, 2.987499999999996270, -0.7216878364870322748 ) ) ;
#1791 = CARTESIAN_POINT ( 'NONE',  ( 0.3349364905389026204, 7.207596189432330824, 1.249999999999999556 ) ) ;
#1792 = VERTEX_POINT ( 'NONE', #2300 ) ;
#1793 = ORIENTED_EDGE ( 'NONE', *, *, #2405, .T. ) ;
#1794 = CARTESIAN_POINT ( 'NONE',  ( -0.6249999999999993339, 9.249999999999998224, -1.082531754730547968 ) ) ;
#1795 = CARTESIAN_POINT ( 'NONE',  ( -1.252801084755458927, 3.979632794191443779, 2.607410558300822600E-15 ) ) ;
#1796 = CARTESIAN_POINT ( 'NONE',  ( -1.969845607676301195E-15, 1.309375000614513507, -1.162125674203096093 ) ) ;
#1797 = CARTESIAN_POINT ( 'NONE',  ( 0.5032151781249982747, 4.871875000614513951, -0.8715942556523229579 ) ) ;
#1798 = CARTESIAN_POINT ( 'NONE',  ( 9.204127980810863719E-16, 6.146875000614513418, 1.162125674203096537 ) ) ;
#1799 = CARTESIAN_POINT ( 'NONE',  ( -0.5032151781249993849, 1.159375000614513818, 0.8715942556523227358 ) ) ;
#1800 = CARTESIAN_POINT ( 'NONE',  ( -0.3235125376596171831, 0.02812500184331056044, -0.9665273183901480492 ) ) ;
#1801 = EDGE_LOOP ( 'NONE', ( #3033, #546, #2442, #211 ) ) ;
#1802 = LINE ( 'NONE', #5512, #4274 ) ;
#1803 = CARTESIAN_POINT ( 'NONE',  ( 0.5826578956284862443, 0.02812500184355341826, -0.8206167428485023896 ) ) ;
#1804 = CARTESIAN_POINT ( 'NONE',  ( 1.250000000000000444, 6.868750001229028790, 0.7216878364870298324 ) ) ;
#1805 = CARTESIAN_POINT ( 'NONE',  ( -1.062732146793064491E-15, 9.971875000614515372, -1.162125674203096537 ) ) ;
#1806 = CARTESIAN_POINT ( 'NONE',  ( -1.969845607676301195E-15, 7.159375000614513596, -1.162125674203096093 ) ) ;
#1807 = CARTESIAN_POINT ( 'NONE',  ( -6.618660168303196309E-05, 4.542678856806148247, 1.249999996738970776 ) ) ;
#1808 = ORIENTED_EDGE ( 'NONE', *, *, #4041, .F. ) ;
#1809 = EDGE_CURVE ( 'NONE', #1749, #5361, #2348, .T. ) ;
#1810 = LINE ( 'NONE', #3257, #5391 ) ;
#1811 = CARTESIAN_POINT ( 'NONE',  ( -1.252801084755458927, 7.129632794191443246, 2.607410558300822600E-15 ) ) ;
#1812 = CARTESIAN_POINT ( 'NONE',  ( -1.249999999999999334, 4.374999999999997335, -1.530808498934190831E-16 ) ) ;
#1813 = CARTESIAN_POINT ( 'NONE',  ( -0.3349364708177945404, 4.338846189478098303, -1.250000011385987930 ) ) ;
#1814 = DIRECTION ( 'NONE',  ( 0.000000000000000000, 0.000000000000000000, 1.000000000000000000 ) ) ;
#1815 = CARTESIAN_POINT ( 'NONE',  ( -0.5032151781250009392, -0.003124999385486007530, -0.8715942556523212925 ) ) ;
#1816 = CARTESIAN_POINT ( 'NONE',  ( 0.5032151781249999400, 7.984375000614513773, 0.8715942556523221807 ) ) ;
#1817 = ADVANCED_FACE ( 'NONE', ( #3667 ), #3232, .T. ) ;
#1818 = CARTESIAN_POINT ( 'NONE',  ( -1.006430356249999214, 2.471875000614513596, 0.5810628371015488236 ) ) ;
#1819 = CARTESIAN_POINT ( 'NONE',  ( 1.006430356249998104, 8.884375000614511464, -0.5810628371015496008 ) ) ;
#1820 = CARTESIAN_POINT ( 'NONE',  ( 0.6249999999999987788, 1.824999999999996847, 1.082531754730548412 ) ) ;
#1821 = CYLINDRICAL_SURFACE ( 'NONE', #1129, 1.249999999999999334 ) ;
#1822 = ORIENTED_EDGE ( 'NONE', *, *, #2231, .T. ) ;
#1823 = CARTESIAN_POINT ( 'NONE',  ( 1.249999999999999112, 9.962499999999996803, 0.7216878364870323859 ) ) ;
#1824 = CARTESIAN_POINT ( 'NONE',  ( 1.252801084755458927, 3.754632794191443246, -2.760834442142232968E-15 ) ) ;
#1825 = CARTESIAN_POINT ( 'NONE',  ( -1.969845607676301195E-15, 2.209375000614514306, -1.162125674203096093 ) ) ;
#1826 = CARTESIAN_POINT ( 'NONE',  ( -1.006430356250000102, 5.434375000614515727, -0.5810628371015466032 ) ) ;
#1827 = CARTESIAN_POINT ( 'NONE',  ( -0.5032151781250003841, 6.409375000614513596, -0.8715942556523218476 ) ) ;
#1828 = CARTESIAN_POINT ( 'NONE',  ( -1.006430356249999880, 1.946875000614514128, -0.5810628371015476024 ) ) ;
#1829 = DIRECTION ( 'NONE',  ( 0.000000000000000000, 0.000000000000000000, -1.000000000000000000 ) ) ;
#1830 = ORIENTED_EDGE ( 'NONE', *, *, #135, .F. ) ;
#1831 = CARTESIAN_POINT ( 'NONE',  ( 0.000000000000000000, 10.00000000000000000, -1.249999999999999334 ) ) ;
#1832 = LINE ( 'NONE', #864, #3988 ) ;
#1833 = CARTESIAN_POINT ( 'NONE',  ( -3.086515833287601756E-15, 5.218750001229031099, -1.443375672974063439 ) ) ;
#1834 = CARTESIAN_POINT ( 'NONE',  ( -0.5032151781250009392, 7.196875000614513240, -0.8715942556523212925 ) ) ;
#1835 = CARTESIAN_POINT ( 'NONE',  ( 0.5240305915806147130, 9.999999999999996447, -1.001105683630698850 ) ) ;
#1836 = VERTEX_POINT ( 'NONE', #1195 ) ;
#1837 = FACE_OUTER_BOUND ( 'NONE', #810, .T. ) ;
#1838 = CARTESIAN_POINT ( 'NONE',  ( 1.252801084755458927, 10.50463279419144236, -2.760834442142232968E-15 ) ) ;
#1839 = CARTESIAN_POINT ( 'NONE',  ( -0.9172383405317817706, 0.4391060763552321888, 0.8494313113971856399 ) ) ;
#1840 = CARTESIAN_POINT ( 'NONE',  ( -1.249999999999999112, 1.637499999999997069, -0.7216878364870322748 ) ) ;
#1841 = CARTESIAN_POINT ( 'NONE',  ( -1.006430356249999436, -0.3781249993854859937, 1.644310252063557226E-15 ) ) ;
#1842 = CARTESIAN_POINT ( 'NONE',  ( 1.006430356249999658, 8.059375000614512174, -9.819791222584819450E-16 ) ) ;
#1843 = CARTESIAN_POINT ( 'NONE',  ( 0.5032151781249999400, 3.934375000614513951, 0.8715942556523221807 ) ) ;
#1844 = CARTESIAN_POINT ( 'NONE',  ( -0.5032151781250009392, 7.196875000614513240, -0.8715942556523212925 ) ) ;
#1845 = CARTESIAN_POINT ( 'NONE',  ( -1.249999999999999778, 2.612499999999996714, 0.7216878364870313867 ) ) ;
#1846 = VERTEX_POINT ( 'NONE', #604 ) ;
#1847 = VERTEX_POINT ( 'NONE', #1603 ) ;
#1848 = CARTESIAN_POINT ( 'NONE',  ( 8.838126989374219771E-17, 10.11249999999999716, -1.443375672974063439 ) ) ;
#1849 = FACE_OUTER_BOUND ( 'NONE', #484, .T. ) ;
#1850 = CARTESIAN_POINT ( 'NONE',  ( -3.099357696081660789E-15, 4.317132794191443246, -1.446610087049238658 ) ) ;
#1851 = CARTESIAN_POINT ( 'NONE',  ( -0.5032151781249986078, 1.946875000614513684, 0.8715942556523228468 ) ) ;
#1852 = CARTESIAN_POINT ( 'NONE',  ( -1.006430356250000102, 5.884375000614513240, -0.5810628371015466032 ) ) ;
#1853 = ADVANCED_FACE ( 'NONE', ( #4697 ), #5078, .T. ) ;
#1854 = CARTESIAN_POINT ( 'NONE',  ( 1.006430356249998770, 4.046875000614513773, -0.5810628371015489346 ) ) ;
#1855 = CARTESIAN_POINT ( 'NONE',  ( -1.000000000000000444, 11.40000000000000036, -0.5773502691896265082 ) ) ;
#1856 = DIRECTION ( 'NONE',  ( -0.000000000000000000, -1.000000000000000000, -0.000000000000000000 ) ) ;
#1857 = CARTESIAN_POINT ( 'NONE',  ( 6.505213034913026604E-16, 12.06428571428571672, -0.8247860988423214579 ) ) ;
#1858 = CARTESIAN_POINT ( 'NONE',  ( -0.6249999999999978906, 5.406250001229030211, 1.082531754730548856 ) ) ;
#1859 = CARTESIAN_POINT ( 'NONE',  ( 0.5032151781250004952, 8.321875000614513240, 0.8715942556523216256 ) ) ;
#1860 = CARTESIAN_POINT ( 'NONE',  ( -4.938688641342514686E-16, 7.637499999999995737, 1.249999999999999334 ) ) ;
#1861 = VECTOR ( 'NONE', #1475, 1000.000000000000000 ) ;
#1862 = VERTEX_POINT ( 'NONE', #199 ) ;
#1863 = CARTESIAN_POINT ( 'NONE',  ( 0.3349302814903646897, 2.948654184339607909, -1.250003584795843503 ) ) ;
#1864 = CARTESIAN_POINT ( 'NONE',  ( 0.6264005423777272430, 10.57963279419144342, -1.084957565286930325 ) ) ;
#1865 = CARTESIAN_POINT ( 'NONE',  ( -0.5032151781250009392, 1.346875000614513818, -0.8715942556523212925 ) ) ;
#1866 = CARTESIAN_POINT ( 'NONE',  ( 1.006430356249999880, 2.509375000614514128, 0.5810628371015469362 ) ) ;
#1868 = ORIENTED_EDGE ( 'NONE', *, *, #1386, .T. ) ;
#1867 = CARTESIAN_POINT ( 'NONE',  ( 1.006430356249998770, 8.096875000614511819, -0.5810628371015489346 ) ) ;
#1869 = VECTOR ( 'NONE', #2528, 999.9999999999998863 ) ;
#1870 = CARTESIAN_POINT ( 'NONE',  ( 0.5032151781249990519, 4.534375000614513596, -0.8715942556523228468 ) ) ;
#1871 = CARTESIAN_POINT ( 'NONE',  ( -1.006430356249999436, 7.721875000614514484, 1.644310252063557226E-15 ) ) ;
#1872 = CONICAL_SURFACE ( 'NONE', #1966, 1.250000000000000000, 0.5235987755983033676 ) ;
#1873 = CARTESIAN_POINT ( 'NONE',  ( 0.3349364905389032865, 7.392403810567661715, -1.249999999999999112 ) ) ;
#1874 = ORIENTED_EDGE ( 'NONE', *, *, #3345, .T. ) ;
#1875 = ORIENTED_EDGE ( 'NONE', *, *, #3576, .F. ) ;
#1876 = ADVANCED_FACE ( 'NONE', ( #3808 ), #3346, .T. ) ;
#1877 = CARTESIAN_POINT ( 'NONE',  ( -0.6264005423777315729, 3.004632794191443690, -1.084957565286927883 ) ) ;
#1878 = CARTESIAN_POINT ( 'NONE',  ( -1.969845607676301195E-15, 0.8593750006145139952, -1.162125674203096093 ) ) ;
#1879 = CARTESIAN_POINT ( 'NONE',  ( -1.969845607676301195E-15, 5.359375000614513773, -1.162125674203096093 ) ) ;
#1880 = CARTESIAN_POINT ( 'NONE',  ( -1.062732146793064491E-15, 7.271875000614513418, -1.162125674203096537 ) ) ;
#1881 = DIRECTION ( 'NONE',  ( -0.000000000000000000, -1.000000000000000000, -0.000000000000000000 ) ) ;
#1882 = EDGE_CURVE ( 'NONE', #1152, #4348, #1944, .T. ) ;
#1883 = VECTOR ( 'NONE', #3048, 1000.000000000000000 ) ;
#1884 = CARTESIAN_POINT ( 'NONE',  ( 0.000000000000000000, 10.00000000000000000, 0.000000000000000000 ) ) ;
#1885 = CARTESIAN_POINT ( 'NONE',  ( 2.909753293500117656E-15, 6.793750001229031277, 1.443375672974063439 ) ) ;
#1886 = CARTESIAN_POINT ( 'NONE',  ( 0.5032151781249999400, 10.23437500061451289, 0.8715942556523221807 ) ) ;
#1887 = CARTESIAN_POINT ( 'NONE',  ( -1.969845607676301195E-15, 8.059375000614512174, -1.162125674203096093 ) ) ;
#1888 = CARTESIAN_POINT ( 'NONE',  ( 0.000000000000000000, 10.00000000000000000, 0.000000000000000000 ) ) ;
#1889 = CARTESIAN_POINT ( 'NONE',  ( -4.938688641342514686E-16, 7.637499999999995737, 1.249999999999999334 ) ) ;
#1890 = ORIENTED_EDGE ( 'NONE', *, *, #1087, .T. ) ;
#1891 = CARTESIAN_POINT ( 'NONE',  ( 6.087752649517117051E-05, 9.268746348646185851, -1.249999998517570265 ) ) ;
#1892 = CARTESIAN_POINT ( 'NONE',  ( -1.250000000000000444, -0.5562499987709688121, -0.7216878364870296103 ) ) ;
#1893 = CARTESIAN_POINT ( 'NONE',  ( 1.006430356249998326, 1.684375000614513729, -0.5810628371015497118 ) ) ;
#1894 = CARTESIAN_POINT ( 'NONE',  ( -0.5032151781249986078, 0.5968750006145138176, 0.8715942556523228468 ) ) ;
#1895 = DIRECTION ( 'NONE',  ( -0.000000000000000000, -1.000000000000000000, -0.000000000000000000 ) ) ;
#1896 = CARTESIAN_POINT ( 'NONE',  ( -1.062732146793064491E-15, 4.121875000614513063, -1.162125674203096537 ) ) ;
#1897 = FACE_OUTER_BOUND ( 'NONE', #2965, .T. ) ;
#1898 = CARTESIAN_POINT ( 'NONE',  ( -0.9403500563407035662, 0.03873735045924817100, -0.4210934705094575015 ) ) ;
#1899 = ORIENTED_EDGE ( 'NONE', *, *, #2206, .T. ) ;
#1900 = ADVANCED_FACE ( 'NONE', ( #5050 ), #3751, .T. ) ;
#1901 = LINE ( 'NONE', #3675, #1861 ) ;
#1902 = CARTESIAN_POINT ( 'NONE',  ( 1.249999999999999334, 4.206250001229030921, -2.749541545756668106E-15 ) ) ;
#1903 = CARTESIAN_POINT ( 'NONE',  ( 0.3349364905389040636, 0.9075961894323311130, 1.249999999999998890 ) ) ;
#1904 = CARTESIAN_POINT ( 'NONE',  ( 0.6264005423777310178, 5.929632794191443068, 1.084957565286928327 ) ) ;
#1905 = CARTESIAN_POINT ( 'NONE',  ( -0.5032151781250009392, 1.346875000614513818, -0.8715942556523212925 ) ) ;
#1906 = CARTESIAN_POINT ( 'NONE',  ( -1.969845607676301195E-15, 9.409375000614513596, -1.162125674203096093 ) ) ;
#1907 = CARTESIAN_POINT ( 'NONE',  ( -0.5032151781249993849, 8.359375000614514661, 0.8715942556523227358 ) ) ;
#1908 = FACE_OUTER_BOUND ( 'NONE', #4325, .T. ) ;
#1909 = CARTESIAN_POINT ( 'NONE',  ( 0.3349326200182559110, 8.348654044027936649, -1.250002234646136356 ) ) ;
#1910 = CARTESIAN_POINT ( 'NONE',  ( 0.6249999999999974465, 4.731250001229031277, -1.082531754730548856 ) ) ;
#1911 = CARTESIAN_POINT ( 'NONE',  ( 0.5032151781249982747, 9.371875000614512174, -0.8715942556523229579 ) ) ;
#1912 = CARTESIAN_POINT ( 'NONE',  ( -1.249999999999999334, 7.524999999999995914, -1.530808498934190831E-16 ) ) ;
#1913 = ADVANCED_FACE ( 'NONE', ( #227 ), #2473, .T. ) ;
#1914 = CARTESIAN_POINT ( 'NONE',  ( 0.6250000000000012212, 1.431250001229031010, 1.082531754730547080 ) ) ;
#1915 = CARTESIAN_POINT ( 'NONE',  ( 1.249999999999999334, 7.787499999999996980, -0.7216878364870317197 ) ) ;
#1916 = VERTEX_POINT ( 'NONE', #5498 ) ;
#1917 = DIRECTION ( 'NONE',  ( 0.000000000000000000, 0.000000000000000000, -1.000000000000000000 ) ) ;
#1918 = CARTESIAN_POINT ( 'NONE',  ( -1.249999999999999334, -0.5187499987709688343, 2.596460695863248776E-15 ) ) ;
#1919 = FACE_OUTER_BOUND ( 'NONE', #3271, .T. ) ;
#1920 = CARTESIAN_POINT ( 'NONE',  ( 1.006430356249999880, 1.609375000614514217, 0.5810628371015468252 ) ) ;
#1921 = CARTESIAN_POINT ( 'NONE',  ( -1.006430356249999436, 0.5218750006145138620, 1.644310252063557226E-15 ) ) ;
#1922 = CARTESIAN_POINT ( 'NONE',  ( 0.3495295946228028638, 10.84582777396448705, -0.9603246686578802427 ) ) ;
#1923 = CARTESIAN_POINT ( 'NONE',  ( 1.006430356249998992, 4.496875000614513951, -0.5810628371015489346 ) ) ;
#1924 = CARTESIAN_POINT ( 'NONE',  ( -0.5032151781249986078, 10.49687500061451217, 0.8715942556523228468 ) ) ;
#1925 = CARTESIAN_POINT ( 'NONE',  ( 0.6249999999999987788, 4.524999999999996803, 1.082531754730548412 ) ) ;
#1926 = ORIENTED_EDGE ( 'NONE', *, *, #2484, .F. ) ;
#1927 = ORIENTED_EDGE ( 'NONE', *, *, #2764, .T. ) ;
#1928 = CARTESIAN_POINT ( 'NONE',  ( -2.651438096812265438E-16, 10.78749999999999432, 1.443375672974063439 ) ) ;
#1929 = CARTESIAN_POINT ( 'NONE',  ( 0.6249999999999997780, 4.224999999999996980, -1.082531754730547746 ) ) ;
#1930 = CARTESIAN_POINT ( 'NONE',  ( -4.938688641342514686E-16, 7.637499999999995737, 1.249999999999999334 ) ) ;
#1931 = CARTESIAN_POINT ( 'NONE',  ( 1.252801084755458927, 6.454632794191443423, -2.760834442142232968E-15 ) ) ;
#1932 = CARTESIAN_POINT ( 'NONE',  ( 1.006430356249998104, 4.384375000614514128, -0.5810628371015496008 ) ) ;
#1933 = CARTESIAN_POINT ( 'NONE',  ( 1.006430356249999880, 8.359375000614512885, 0.5810628371015468252 ) ) ;
#1934 = CARTESIAN_POINT ( 'NONE',  ( -1.006430356249998992, 7.421875000614512885, 0.5810628371015487126 ) ) ;
#1935 =( BOUNDED_CURVE ( )  B_SPLINE_CURVE ( 2, ( #2865, #5030, #612, #5475, #4219, #4614, #1032, #558, #3733 ),
 .UNSPECIFIED., .F., .F. ) 
 B_SPLINE_CURVE_WITH_KNOTS ( ( 3, 2, 2, 2, 3 ),
 ( 0.6203703703703703498, 0.6234567901234567833, 0.6296296296296296502, 0.6358024691358025171, 0.6388888888888889506 ),
 .UNSPECIFIED. ) 
 CURVE ( )  GEOMETRIC_REPRESENTATION_ITEM ( )  RATIONAL_B_SPLINE_CURVE ( ( 0.9330127018922194093, 0.9330127018922194093, 1.000000000000000000, 0.8660254037844387076, 1.000000000000000000, 0.8660254037844387076, 1.000000000000000000, 0.9330127018922180770, 0.9330127018922192983 ) ) 
 REPRESENTATION_ITEM ( '' )  );
#1936 = CARTESIAN_POINT ( 'NONE',  ( -0.3349364905389030089, 0.6825961894323310242, -1.249999999999999334 ) ) ;
#1937 = CARTESIAN_POINT ( 'NONE',  ( -1.249999999999998002, 3.118750001229030122, 0.7216878364870340512 ) ) ;
#1938 = CARTESIAN_POINT ( 'NONE',  ( 1.250000000000000444, 7.768750001229030921, 0.7216878364870298324 ) ) ;
#1939 = CARTESIAN_POINT ( 'NONE',  ( 9.204127980810863719E-16, 10.19687500061451146, 1.162125674203096537 ) ) ;
#1940 = CARTESIAN_POINT ( 'NONE',  ( 1.006430356249998104, 7.984375000614511109, -0.5810628371015496008 ) ) ;
#1941 = CARTESIAN_POINT ( 'NONE',  ( 1.249999999999999334, 7.749999999999995559, 0.000000000000000000 ) ) ;
#1942 = CARTESIAN_POINT ( 'NONE',  ( -0.6249999999999978906, 5.406250001229030211, 1.082531754730548856 ) ) ;
#1943 = ORIENTED_EDGE ( 'NONE', *, *, #1467, .T. ) ;
#1944 = LINE ( 'NONE', #2035, #4179 ) ;
#1945 = CARTESIAN_POINT ( 'NONE',  ( 0.6250000000000012212, -0.8187499987709688787, 1.082531754730547080 ) ) ;
#1946 = CARTESIAN_POINT ( 'NONE',  ( -0.6250000000000017764, 1.206250001229031144, -1.082531754730546636 ) ) ;
#1947 = CARTESIAN_POINT ( 'NONE',  ( 1.006430356249999880, 0.2593750006145139064, 0.5810628371015468252 ) ) ;
#1948 = CARTESIAN_POINT ( 'NONE',  ( -0.5032151781249986078, 1.946875000614513684, 0.8715942556523228468 ) ) ;
#1949 = CARTESIAN_POINT ( 'NONE',  ( 0.000000000000000000, 10.00000000000000000, 0.000000000000000000 ) ) ;
#1950 = VECTOR ( 'NONE', #1335, 1000.000000000000000 ) ;
#1951 = CARTESIAN_POINT ( 'NONE',  ( -1.006430356249999658, 5.134375000614514128, 8.587269508238524180E-16 ) ) ;
#1952 = EDGE_CURVE ( 'NONE', #4757, #3361, #4936, .T. ) ;
#1953 = CARTESIAN_POINT ( 'NONE',  ( -5.083226616427133853E-05, 7.242954912290988645, 1.249999998196428486 ) ) ;
#1954 = CARTESIAN_POINT ( 'NONE',  ( -1.249999999999999334, 3.924999999999996270, -1.530808498934190831E-16 ) ) ;
#1955 = DIRECTION ( 'NONE',  ( 0.000000000000000000, 0.000000000000000000, -1.000000000000000000 ) ) ;
#1956 = CARTESIAN_POINT ( 'NONE',  ( 0.5032151781249999400, 3.484375000614513329, 0.8715942556523221807 ) ) ;
#1957 = AXIS2_PLACEMENT_3D ( 'NONE', #561, #4533, #2671 ) ;
#1958 = ORIENTED_EDGE ( 'NONE', *, *, #1725, .F. ) ;
#1959 = CARTESIAN_POINT ( 'NONE',  ( 0.6249999999999974465, 4.281250001229031099, -1.082531754730548856 ) ) ;
#1960 = COLOUR_RGB ( '',0.6509803921568627638, 0.6196078431372549211, 0.5882352941176470784 ) ;
#1961 = CARTESIAN_POINT ( 'NONE',  ( -0.6264005423777275761, 6.754632794191442358, 1.084957565286930325 ) ) ;
#1962 = CARTESIAN_POINT ( 'NONE',  ( -1.006430356250000324, 3.634375000614514128, -0.5810628371015467142 ) ) ;
#1963 = CARTESIAN_POINT ( 'NONE',  ( -1.006430356250000102, 7.234375000614513773, -0.5810628371015466032 ) ) ;
#1964 = CARTESIAN_POINT ( 'NONE',  ( -1.062732146793064491E-15, 8.171875000614512885, -1.162125674203096537 ) ) ;
#1965 = CARTESIAN_POINT ( 'NONE',  ( 1.743066579297358255E-16, 6.512499999999996625, -1.249999999999999112 ) ) ;
#1966 = AXIS2_PLACEMENT_3D ( 'NONE', #2836, #1497, #1117 ) ;
#1967 = CARTESIAN_POINT ( 'NONE',  ( 0.6249999999999974465, 9.231250001229030389, -1.082531754730548856 ) ) ;
#1968 =( BOUNDED_CURVE ( )  B_SPLINE_CURVE ( 2, ( #4269, #287, #632, #5527, #4181 ),
 .UNSPECIFIED., .F., .F. ) 
 B_SPLINE_CURVE_WITH_KNOTS ( ( 3, 2, 3 ),
 ( 0.1393710078739895664, 0.1398274567513755340, 0.1430052552200175020 ),
 .UNSPECIFIED. ) 
 CURVE ( )  GEOMETRIC_REPRESENTATION_ITEM ( )  RATIONAL_B_SPLINE_CURVE ( ( 0.9821388751357293945, 0.9903784548460287107, 1.000000000000000000, 0.9330147734586178299, 0.9330127019562821644 ) ) 
 REPRESENTATION_ITEM ( '' )  );
#1969 = CARTESIAN_POINT ( 'NONE',  ( 0.5032151781249982747, 9.821875000614513240, -0.8715942556523229579 ) ) ;
#1970 = CARTESIAN_POINT ( 'NONE',  ( 1.249999999999999334, 5.949999999999995737, 0.000000000000000000 ) ) ;
#1971 = CARTESIAN_POINT ( 'NONE',  ( 0.6249999999999987788, 1.374999999999996891, 1.082531754730548412 ) ) ;
#1972 = CARTESIAN_POINT ( 'NONE',  ( 0.6249999999999987788, 8.574999999999995737, 1.082531754730548412 ) ) ;
#1973 = ORIENTED_EDGE ( 'NONE', *, *, #1952, .F. ) ;
#1974 = EDGE_CURVE ( 'NONE', #1332, #840, #2802, .T. ) ;
#1975 = CARTESIAN_POINT ( 'NONE',  ( 0.000000000000000000, 10.00000000000000000, 0.000000000000000000 ) ) ;
#1976 = CARTESIAN_POINT ( 'NONE',  ( -1.249999999999999334, 0.3812500012290310769, 2.596460695863248776E-15 ) ) ;
#1977 = CARTESIAN_POINT ( 'NONE',  ( -4.938688641342514686E-16, 9.887499999999997513, 1.249999999999999334 ) ) ;
#1978 = CARTESIAN_POINT ( 'NONE',  ( 0.5032151781249982747, 2.171875000614513773, -0.8715942556523229579 ) ) ;
#1979 = VECTOR ( 'NONE', #2232, 1000.000000000000000 ) ;
#1980 = CARTESIAN_POINT ( 'NONE',  ( 1.006430356249999880, 1.159375000614513818, 0.5810628371015469362 ) ) ;
#1981 = CARTESIAN_POINT ( 'NONE',  ( -1.006430356249998992, 10.57187500061451324, 0.5810628371015487126 ) ) ;
#1982 = EDGE_CURVE ( 'NONE', #3807, #2729, #2410, .T. ) ;
#1983 = CARTESIAN_POINT ( 'NONE',  ( 0.5032151781249999400, 6.184375000614513063, 0.8715942556523221807 ) ) ;
#1984 = FACE_OUTER_BOUND ( 'NONE', #4561, .T. ) ;
#1985 = LINE ( 'NONE', #2422, #5112 ) ;
#1986 = CARTESIAN_POINT ( 'NONE',  ( 1.006430356249998770, 4.946875000614514128, -0.5810628371015489346 ) ) ;
#1987 = EDGE_LOOP ( 'NONE', ( #535, #2258, #457, #701 ) ) ;
#1988 = EDGE_CURVE ( 'NONE', #3027, #4149, #1968, .T. ) ;
#1989 = CARTESIAN_POINT ( 'NONE',  ( 1.249999999999999112, 10.86249999999999893, 0.7216878364870323859 ) ) ;
#1990 = FACE_OUTER_BOUND ( 'NONE', #5242, .T. ) ;
#1991 = CARTESIAN_POINT ( 'NONE',  ( 3.239722923235104494E-06, 7.018749806845676176, -1.249999999995800914 ) ) ;
#1992 = CARTESIAN_POINT ( 'NONE',  ( 1.252801084755458927, 6.004632794191444134, -2.760834442142232968E-15 ) ) ;
#1993 = CARTESIAN_POINT ( 'NONE',  ( -0.5032151781250009392, 3.146875000614513862, -0.8715942556523212925 ) ) ;
#1994 = CARTESIAN_POINT ( 'NONE',  ( 0.5032151781249982747, 8.471875000614511819, -0.8715942556523229579 ) ) ;
#1995 = CARTESIAN_POINT ( 'NONE',  ( 0.6250000000000012212, 5.481250001229030389, 1.082531754730547080 ) ) ;
#1996 = CARTESIAN_POINT ( 'NONE',  ( -1.458469951321891283E-05, 3.193516591123076953, 1.249999999845010645 ) ) ;
#1997 = CARTESIAN_POINT ( 'NONE',  ( 0.6249999999999974465, 6.981250001229031277, -1.082531754730548856 ) ) ;
#1998 = CARTESIAN_POINT ( 'NONE',  ( -1.249999999999999334, 0.7749999999999968026, -1.530808498934190831E-16 ) ) ;
#1999 = CARTESIAN_POINT ( 'NONE',  ( 1.006430356249998104, 10.23437500061451289, -0.5810628371015496008 ) ) ;
#2000 = CARTESIAN_POINT ( 'NONE',  ( 1.249999999999999556, 5.987499999999997158, -0.7216878364870316087 ) ) ;
#2001 = CARTESIAN_POINT ( 'NONE',  ( -0.6249999999999978906, 4.056250001229030566, 1.082531754730548856 ) ) ;
#2002 = DIRECTION ( 'NONE',  ( -0.000000000000000000, -1.000000000000000000, -0.000000000000000000 ) ) ;
#2003 = ORIENTED_EDGE ( 'NONE', *, *, #4386, .T. ) ;
#2004 = CARTESIAN_POINT ( 'NONE',  ( -0.3349403610526309749, 8.388846422892187960, -1.249997765357857338 ) ) ;
#2005 =( BOUNDED_CURVE ( )  B_SPLINE_CURVE ( 2, ( #5288, #429, #2213, #3873, #3976, #3553, #5322, #5646, #1668 ),
 .UNSPECIFIED., .F., .T. ) 
 B_SPLINE_CURVE_WITH_KNOTS ( ( 3, 2, 2, 2, 3 ),
 ( 0.4722222222222222099, 0.4753086419753086433, 0.4814814814814814548, 0.4876543209876543217, 0.4907407407407407551 ),
 .UNSPECIFIED. ) 
 CURVE ( )  GEOMETRIC_REPRESENTATION_ITEM ( )  RATIONAL_B_SPLINE_CURVE ( ( 0.9330127018922194093, 0.9330127018922194093, 1.000000000000000000, 0.8660254037844387076, 1.000000000000000000, 0.8660254037844387076, 1.000000000000000000, 0.9330127018922187432, 0.9330127018922194093 ) ) 
 REPRESENTATION_ITEM ( '' )  );
#2006 = CARTESIAN_POINT ( 'NONE',  ( -0.6250000000000017764, -0.1437499987709688065, -1.082531754730546636 ) ) ;
#2007 = LINE ( 'NONE', #2951, #4728 ) ;
#2008 = CARTESIAN_POINT ( 'NONE',  ( -1.006430356249999436, 3.221875000614513596, 1.644310252063557226E-15 ) ) ;
#2009 = CARTESIAN_POINT ( 'NONE',  ( -1.006430356249998548, 5.059375000614513951, 0.5810628371015493787 ) ) ;
#2010 = EDGE_CURVE ( 'NONE', #2325, #3516, #3503, .T. ) ;
#2011 = FACE_OUTER_BOUND ( 'NONE', #794, .T. ) ;
#2012 = CARTESIAN_POINT ( 'NONE',  ( 9.204127980810865691E-16, 7.496875000614513063, 1.162125674203096537 ) ) ;
#2013 = CARTESIAN_POINT ( 'NONE',  ( -0.3349364905389085600, 6.082596189432330824, -1.249999999999996225 ) ) ;
#2014 = CARTESIAN_POINT ( 'NONE',  ( 0.8500000000000033085, 11.25000000000000000, 0.4907477288111735669 ) ) ;
#2015 = DIRECTION ( 'NONE',  ( -0.000000000000000000, -1.000000000000000000, -0.000000000000000000 ) ) ;
#2016 = CARTESIAN_POINT ( 'NONE',  ( 0.5032151781249999400, 5.284375000614513596, 0.8715942556523221807 ) ) ;
#2017 = ORIENTED_EDGE ( 'NONE', *, *, #62, .F. ) ;
#2018 = FACE_OUTER_BOUND ( 'NONE', #1498, .T. ) ;
#2019 = CARTESIAN_POINT ( 'NONE',  ( -0.5032151781250003841, 1.009375000614513906, -0.8715942556523218476 ) ) ;
#2020 = CARTESIAN_POINT ( 'NONE',  ( -1.191095495853194869E-14, 9.662499999999997868, -1.249999999999999334 ) ) ;
#2021 = CARTESIAN_POINT ( 'NONE',  ( -3.099357696081660789E-15, 4.767132794191443423, -1.446610087049238658 ) ) ;
#2022 = CARTESIAN_POINT ( 'NONE',  ( -1.969845607676301195E-15, 3.109375000614513773, -1.162125674203096093 ) ) ;
#2023 = CARTESIAN_POINT ( 'NONE',  ( -0.5032151781249986078, 8.246875000614512174, 0.8715942556523228468 ) ) ;
#2024 = DIRECTION ( 'NONE',  ( 0.000000000000000000, 0.000000000000000000, -1.000000000000000000 ) ) ;
#2025 = CARTESIAN_POINT ( 'NONE',  ( 0.3349369164479176764, 0.6986537862421559053, -1.249999754101314364 ) ) ;
#2026 = EDGE_CURVE ( 'NONE', #3735, #4843, #694, .T. ) ;
#2027 = CARTESIAN_POINT ( 'NONE',  ( 1.249999999999998002, 8.293750001229028612, -0.7216878364870344953 ) ) ;
#2028 = CARTESIAN_POINT ( 'NONE',  ( -0.6249999999999993339, 1.149999999999997025, -1.082531754730547968 ) ) ;
#2029 = CARTESIAN_POINT ( 'NONE',  ( 0.5032151781249999400, 2.584375000614513418, 0.8715942556523221807 ) ) ;
#2030 = CARTESIAN_POINT ( 'NONE',  ( -0.5032151781250003841, 0.5593750006145138398, -0.8715942556523218476 ) ) ;
#2031 = CARTESIAN_POINT ( 'NONE',  ( 0.6249999999999987788, 7.224999999999996092, 1.082531754730548412 ) ) ;
#2032 = CARTESIAN_POINT ( 'NONE',  ( 0.5032151781249999400, -0.5656249993854860492, 0.8715942556523221807 ) ) ;
#2033 = CARTESIAN_POINT ( 'NONE',  ( 0.000000000000000000, 10.15000000000000036, 0.000000000000000000 ) ) ;
#2034 = ORIENTED_EDGE ( 'NONE', *, *, #1586, .F. ) ;
#2035 = CARTESIAN_POINT ( 'NONE',  ( 0.000000000000000000, 10.00000000000000000, -1.249999999999999334 ) ) ;
#2036 = CARTESIAN_POINT ( 'NONE',  ( -3.086515833287601756E-15, 0.2687500012290310880, -1.443375672974063439 ) ) ;
#2037 = CARTESIAN_POINT ( 'NONE',  ( 0.9999999999999993339, 11.40000000000000036, -0.5773502691896267303 ) ) ;
#2038 = CARTESIAN_POINT ( 'NONE',  ( -1.006430356249999436, 4.571875000614514128, 1.644310252063557226E-15 ) ) ;
#2039 = CARTESIAN_POINT ( 'NONE',  ( -1.969845607676301195E-15, 4.909375000614512707, -1.162125674203096093 ) ) ;
#2040 = CARTESIAN_POINT ( 'NONE',  ( -0.4249999999999999334, 11.25000000000000000, -0.7361215932167711751 ) ) ;
#2041 = ORIENTED_EDGE ( 'NONE', *, *, #4781, .F. ) ;
#2042 =( BOUNDED_CURVE ( )  B_SPLINE_CURVE ( 2, ( #4548, #5459, #1914, #162, #572, #1049, #2355, #1078, #690 ),
 .UNSPECIFIED., .F., .F. ) 
 B_SPLINE_CURVE_WITH_KNOTS ( ( 3, 2, 2, 2, 3 ),
 ( 0.2192743920405436642, 0.2224527721044662343, 0.2288085655931754170, 0.2351643590818845719, 0.2383422874922546120 ),
 .UNSPECIFIED. ) 
 CURVE ( )  GEOMETRIC_REPRESENTATION_ITEM ( )  RATIONAL_B_SPLINE_CURVE ( ( 0.9330127034416838550, 0.9330025139362891906, 1.000000000000000000, 0.8660254037844387076, 1.000000000000000000, 0.8660254037844387076, 1.000000000000000000, 0.9330120344001679999, 0.9330127018988706444 ) ) 
 REPRESENTATION_ITEM ( '' )  );
#2043 = CARTESIAN_POINT ( 'NONE',  ( 0.5032151781249999400, 6.634375000614513240, 0.8715942556523221807 ) ) ;
#2044 = DIRECTION ( 'NONE',  ( -0.000000000000000000, 1.000000000000000000, -0.000000000000000000 ) ) ;
#2045 = LINE ( 'NONE', #5152, #847 ) ;
#2046 = CARTESIAN_POINT ( 'NONE',  ( -1.006430356249998992, 7.421875000614512885, 0.5810628371015487126 ) ) ;
#2047 = CARTESIAN_POINT ( 'NONE',  ( 1.530808498934190831E-16, 10.00000000000000000, 1.249999999999999334 ) ) ;
#2048 = CARTESIAN_POINT ( 'NONE',  ( -1.252801084755460259, 7.542132794191442002, -0.7233050435246171084 ) ) ;
#2049 = CARTESIAN_POINT ( 'NONE',  ( 1.006430356249999436, 3.896875000614513862, -1.767562423498186358E-15 ) ) ;
#2050 = VECTOR ( 'NONE', #2502, 999.9999999999998863 ) ;
#2051 = CARTESIAN_POINT ( 'NONE',  ( 8.838126989374219771E-17, 4.712499999999996803, -1.443375672974063439 ) ) ;
#2052 = PRODUCT_CONTEXT ( 'NONE', #166, 'mechanical' ) ;
#2053 = ORIENTED_EDGE ( 'NONE', *, *, #4502, .T. ) ;
#2054 = ADVANCED_FACE ( 'NONE', ( #2207 ), #5195, .T. ) ;
#2055 = STYLED_ITEM ( 'NONE', ( #4734 ), #3192 ) ;
#2056 = FACE_OUTER_BOUND ( 'NONE', #2486, .T. ) ;
#2057 = CARTESIAN_POINT ( 'NONE',  ( -1.249999999999999334, 8.481250001229030389, 2.596460695863248776E-15 ) ) ;
#2058 = CARTESIAN_POINT ( 'NONE',  ( -1.249999999999999334, 0.2874999999999969802, -0.7216878364870322748 ) ) ;
#2059 = CARTESIAN_POINT ( 'NONE',  ( 1.006430356249999658, 4.009375000614513240, -9.819791222584817478E-16 ) ) ;
#2060 = CARTESIAN_POINT ( 'NONE',  ( 1.006430356249999436, 10.64687500061451253, -1.767562423498186358E-15 ) ) ;
#2061 = LINE ( 'NONE', #309, #5290 ) ;
#2062 = CARTESIAN_POINT ( 'NONE',  ( -0.7163972626936639942, 0.4500000000000000111, 1.024380054936552265 ) ) ;
#2063 = EDGE_LOOP ( 'NONE', ( #1698, #2340, #3460, #4133 ) ) ;
#2064 = ADVANCED_FACE ( 'NONE', ( #863 ), #393, .F. ) ;
#2065 = CARTESIAN_POINT ( 'NONE',  ( -4.235427787375453868E-05, 9.943062567671592689, 1.249999998657103095 ) ) ;
#2066 = CARTESIAN_POINT ( 'NONE',  ( 9.177064852761564954E-07, 0.7187499461667510303, -1.249999999999662714 ) ) ;
#2067 = CARTESIAN_POINT ( 'NONE',  ( 0.02586239665527596820, 9.999999999999996447, 1.170193922219694427 ) ) ;
#2068 = CARTESIAN_POINT ( 'NONE',  ( -3.086515833287601756E-15, -0.1812499987709687843, -1.443375672974063439 ) ) ;
#2069 = CARTESIAN_POINT ( 'NONE',  ( 1.827526258964323273E-15, 4.684375000614513063, 1.162125674203096093 ) ) ;
#2070 = CARTESIAN_POINT ( 'NONE',  ( -0.3349364905389057845, 3.382596189432330647, -1.249999999999997780 ) ) ;
#2071 = ORIENTED_EDGE ( 'NONE', *, *, #3769, .T. ) ;
#2072 = CARTESIAN_POINT ( 'NONE',  ( -1.006430356249999214, 7.871875000614512174, 0.5810628371015488236 ) ) ;
#2073 = VECTOR ( 'NONE', #961, 1000.000000000000114 ) ;
#2074 = CARTESIAN_POINT ( 'NONE',  ( -2.847008746185685470E-15, 2.012499999999997069, -1.249999999999999334 ) ) ;
#2075 = CARTESIAN_POINT ( 'NONE',  ( 0.9999999999999993339, 11.40000000000000036, -0.5773502691896267303 ) ) ;
#2076 = CARTESIAN_POINT ( 'NONE',  ( 1.006430356249999658, 6.259375000614514128, -9.819791222584819450E-16 ) ) ;
#2077 = DIRECTION ( 'NONE',  ( 0.000000000000000000, 0.000000000000000000, -1.000000000000000000 ) ) ;
#2078 = CARTESIAN_POINT ( 'NONE',  ( -0.5032151781249986078, 5.096875000614513596, 0.8715942556523228468 ) ) ;
#2079 = CARTESIAN_POINT ( 'NONE',  ( 0.6249999999999987788, 4.974999999999996980, 1.082531754730548412 ) ) ;
#2080 = CARTESIAN_POINT ( 'NONE',  ( -1.000000000000000444, 12.35000000000000320, 0.5773502691896261751 ) ) ;
#2081 = ADVANCED_FACE ( 'NONE', ( #1275 ), #4298, .T. ) ;
#2082 = ORIENTED_EDGE ( 'NONE', *, *, #245, .F. ) ;
#2083 = CARTESIAN_POINT ( 'NONE',  ( -1.252801084755460259, 0.7921327941914434456, -0.7233050435246171084 ) ) ;
#2084 = CARTESIAN_POINT ( 'NONE',  ( -1.006430356250000324, -0.8656249993854859826, -0.5810628371015467142 ) ) ;
#2085 = CARTESIAN_POINT ( 'NONE',  ( 0.5032151781249990519, 4.084375000614514306, -0.8715942556523228468 ) ) ;
#2086 = CARTESIAN_POINT ( 'NONE',  ( -1.006430356249998992, -0.2281249993854860825, 0.5810628371015487126 ) ) ;
#2087 = CARTESIAN_POINT ( 'NONE',  ( -0.5032151781249993849, 0.2593750006145139064, 0.8715942556523227358 ) ) ;
#2088 = CARTESIAN_POINT ( 'NONE',  ( 0.3349364905388977354, 8.742403810567660472, -1.250000000000002665 ) ) ;
#2089 = ORIENTED_EDGE ( 'NONE', *, *, #595, .F. ) ;
#2090 = CARTESIAN_POINT ( 'NONE',  ( -1.911641816839548084E-05, 2.068751148213949786, -1.249999999853824484 ) ) ;
#2091 =( BOUNDED_CURVE ( )  B_SPLINE_CURVE ( 2, ( #3543, #4366, #5721, #829, #4423, #2140, #419, #2203, #5750 ),
 .UNSPECIFIED., .F., .F. ) 
 B_SPLINE_CURVE_WITH_KNOTS ( ( 3, 2, 2, 2, 3 ),
 ( 0.5462962962962962798, 0.5493827160493827133, 0.5555555555555555802, 0.5617283950617284471, 0.5648148148148148806 ),
 .UNSPECIFIED. ) 
 CURVE ( )  GEOMETRIC_REPRESENTATION_ITEM ( )  RATIONAL_B_SPLINE_CURVE ( ( 0.9330127018922194093, 0.9330127018922194093, 1.000000000000000000, 0.8660254037844387076, 1.000000000000000000, 0.8660254037844387076, 1.000000000000000000, 0.9330127018922180770, 0.9330127018922192983 ) ) 
 REPRESENTATION_ITEM ( '' )  );
#2092 = CARTESIAN_POINT ( 'NONE',  ( 0.000000000000000000, 0.000000000000000000, 0.9901923788646657121 ) ) ;
#2093 = CARTESIAN_POINT ( 'NONE',  ( 1.249999999999998002, 1.543750001229031277, -0.7216878364870344953 ) ) ;
#2094 = CARTESIAN_POINT ( 'NONE',  ( 1.006430356249999880, 2.959375000614514306, 0.5810628371015469362 ) ) ;
#2095 = CYLINDRICAL_SURFACE ( 'NONE', #206, 1.249999999999999334 ) ;
#2096 = VERTEX_POINT ( 'NONE', #3489 ) ;
#2097 = CARTESIAN_POINT ( 'NONE',  ( 0.5032151781249990519, 6.334375000614513418, -0.8715942556523228468 ) ) ;
#2098 = CARTESIAN_POINT ( 'NONE',  ( -0.3349364902517366072, 2.723653811813926851, 1.250000000165794267 ) ) ;
#2099 = FACE_OUTER_BOUND ( 'NONE', #111, .T. ) ;
#2100 = CARTESIAN_POINT ( 'NONE',  ( -4.938688641342514686E-16, 3.137499999999996625, 1.249999999999999334 ) ) ;
#2101 = CARTESIAN_POINT ( 'NONE',  ( 1.006430356249999658, 5.771875000614513418, 0.5810628371015478244 ) ) ;
#2102 = CARTESIAN_POINT ( 'NONE',  ( -1.006430356249999880, 0.1468750006145139453, -0.5810628371015474913 ) ) ;
#2103 = CARTESIAN_POINT ( 'NONE',  ( 0.5032151781250004952, 5.171875000614513773, 0.8715942556523216256 ) ) ;
#2104 = PLANE ( 'NONE',  #1780 ) ;
#2105 = ORIENTED_EDGE ( 'NONE', *, *, #4037, .T. ) ;
#2106 = CARTESIAN_POINT ( 'NONE',  ( -1.252801084755460259, 1.692132794191443912, -0.7233050435246171084 ) ) ;
#2107 = CARTESIAN_POINT ( 'NONE',  ( -1.250000000000000444, 10.24375000122902968, -0.7216878364870296103 ) ) ;
#2108 = CARTESIAN_POINT ( 'NONE',  ( 1.006430356249998770, 2.696875000614513684, -0.5810628371015489346 ) ) ;
#2109 = CARTESIAN_POINT ( 'NONE',  ( 9.204127980810867663E-16, -0.1531249993854860714, 1.162125674203096537 ) ) ;
#2110 = CARTESIAN_POINT ( 'NONE',  ( 0.5032151781249999400, 2.134375000614513684, 0.8715942556523221807 ) ) ;
#2111 = CARTESIAN_POINT ( 'NONE',  ( 0.000000000000000000, 10.00000000000000000, 0.000000000000000000 ) ) ;
#2112 = VERTEX_POINT ( 'NONE', #3918 ) ;
#2113 = LINE ( 'NONE', #1273, #1869 ) ;
#2114 = CARTESIAN_POINT ( 'NONE',  ( -0.3349364905389035640, 2.667403810567662070, 1.249999999999999112 ) ) ;
#2115 = CARTESIAN_POINT ( 'NONE',  ( 1.249999999999999334, 2.406250001229031099, -2.749541545756668106E-15 ) ) ;
#2116 = CARTESIAN_POINT ( 'NONE',  ( -0.5032151781249986078, 4.646875000614513418, 0.8715942556523228468 ) ) ;
#2117 = DIRECTION ( 'NONE',  ( -0.000000000000000000, -1.000000000000000000, -0.000000000000000000 ) ) ;
#2118 = VERTEX_POINT ( 'NONE', #4398 ) ;
#2119 =( BOUNDED_CURVE ( )  B_SPLINE_CURVE ( 2, ( #3840, #1256, #4785, #2980, #1203 ),
 .UNSPECIFIED., .F., .F. ) 
 B_SPLINE_CURVE_WITH_KNOTS ( ( 3, 2, 3 ),
 ( 0.9438349445662960191, 0.9470132298161343387, 0.9486846997852083074 ),
 .UNSPECIFIED. ) 
 CURVE ( )  GEOMETRIC_REPRESENTATION_ITEM ( )  RATIONAL_B_SPLINE_CURVE ( ( 0.9330127028933878908, 0.9330045125345737267, 1.000000000000000000, 0.9647668674900622410, 0.9480652127606656876 ) ) 
 REPRESENTATION_ITEM ( '' )  );
#2120 = B_SPLINE_CURVE_WITH_KNOTS ( 'NONE', 3,
 ( #720, #2499, #2062, #3430 ),
 .UNSPECIFIED., .F., .F.,
 ( 4, 4 ),
 ( 0.000000000000000000, 1.000000000000000000 ),
 .UNSPECIFIED. ) ;
#2121 = ORIENTED_EDGE ( 'NONE', *, *, #62, .T. ) ;
#2122 = CARTESIAN_POINT ( 'NONE',  ( 1.006430356249998992, 8.546875000614514661, -0.5810628371015489346 ) ) ;
#2123 = CARTESIAN_POINT ( 'NONE',  ( -1.249999999999999112, 6.137499999999996625, -0.7216878364870322748 ) ) ;
#2124 = CARTESIAN_POINT ( 'NONE',  ( 0.3348892081901441720, 3.663843353720439566, 1.250027298476783955 ) ) ;
#2125 = LINE ( 'NONE', #2075, #4825 ) ;
#2126 = CARTESIAN_POINT ( 'NONE',  ( -1.006430356249998992, 6.971875000614512707, 0.5810628371015487126 ) ) ;
#2127 = EDGE_CURVE ( 'NONE', #2867, #3846, #5540, .T. ) ;
#2128 = CARTESIAN_POINT ( 'NONE',  ( 9.204127980810865691E-16, 2.096875000614514040, 1.162125674203096537 ) ) ;
#2129 = CARTESIAN_POINT ( 'NONE',  ( 0.5032151781250004952, 4.721875000614513596, 0.8715942556523216256 ) ) ;
#2130 = CARTESIAN_POINT ( 'NONE',  ( 1.827526258964323273E-15, 9.634375000614511464, 1.162125674203096093 ) ) ;
#2131 = CIRCLE ( 'NONE', #4171, 1.250000000000000000 ) ;
#2132 = VERTEX_POINT ( 'NONE', #5753 ) ;
#2133 = VECTOR ( 'NONE', #1649, 1000.000000000000000 ) ;
#2134 = CARTESIAN_POINT ( 'NONE',  ( -3.099357696081660789E-15, 1.617132794191443734, -1.446610087049238658 ) ) ;
#2135 = CARTESIAN_POINT ( 'NONE',  ( -0.6250000000000017764, 9.306250001229029678, -1.082531754730546636 ) ) ;
#2136 = CARTESIAN_POINT ( 'NONE',  ( -1.006430356250000102, 2.734375000614513773, -0.5810628371015466032 ) ) ;
#2137 = CARTESIAN_POINT ( 'NONE',  ( 1.006430356249999658, 4.421875000614512885, 0.5810628371015478244 ) ) ;
#2138 = CARTESIAN_POINT ( 'NONE',  ( 0.5032151781249999400, 2.584375000614513418, 0.8715942556523221807 ) ) ;
#2139 = CARTESIAN_POINT ( 'NONE',  ( -1.006430356249999658, 2.434375000614513507, 8.587269508238524180E-16 ) ) ;
#2140 = CARTESIAN_POINT ( 'NONE',  ( 1.249999999999999334, 5.987499999999997158, -0.7216878364870317197 ) ) ;
#2141 = CIRCLE ( 'NONE', #5394, 0.1499999999999999667 ) ;
#2142 = ORIENTED_EDGE ( 'NONE', *, *, #2744, .T. ) ;
#2143 = CARTESIAN_POINT ( 'NONE',  ( 1.530808498934190831E-16, 10.00000000000000000, 1.249999999999999334 ) ) ;
#2144 = CARTESIAN_POINT ( 'NONE',  ( -0.6250000000000002220, 9.399999999999995026, 1.082531754730547746 ) ) ;
#2145 = FACE_OUTER_BOUND ( 'NONE', #5008, .T. ) ;
#2146 = CARTESIAN_POINT ( 'NONE',  ( 1.249999999999999334, 3.756250001229030744, -2.749541545756668106E-15 ) ) ;
#2147 = CARTESIAN_POINT ( 'NONE',  ( -1.249999999999999334, 1.224999999999996980, -1.530808498934190831E-16 ) ) ;
#2148 = CARTESIAN_POINT ( 'NONE',  ( 0.5032151781249982747, 7.571875000614513240, -0.8715942556523229579 ) ) ;
#2149 = DIRECTION ( 'NONE',  ( -0.000000000000000000, -1.000000000000000000, -0.000000000000000000 ) ) ;
#2150 = EDGE_LOOP ( 'NONE', ( #1406, #88, #1145, #1005 ) ) ;
#2151 = EDGE_CURVE ( 'NONE', #4507, #1447, #1127, .T. ) ;
#2152 = EDGE_LOOP ( 'NONE', ( #4494, #2587, #1442, #1293 ) ) ;
#2153 = CARTESIAN_POINT ( 'NONE',  ( 1.006430356249999658, 8.509375000614511464, -9.819791222584817478E-16 ) ) ;
#2154 = CARTESIAN_POINT ( 'NONE',  ( -0.6264005423777315729, 8.854632794191443779, -1.084957565286927883 ) ) ;
#2155 = CARTESIAN_POINT ( 'NONE',  ( -0.6249999999999978906, 4.506250001229030744, 1.082531754730548856 ) ) ;
#2156 = CARTESIAN_POINT ( 'NONE',  ( 0.6249999999999974465, 3.831250001229031366, -1.082531754730548856 ) ) ;
#2157 = AXIS2_PLACEMENT_3D ( 'NONE', #4148, #1050, #196 ) ;
#2158 = DIRECTION ( 'NONE',  ( -0.000000000000000000, -1.000000000000000000, -0.000000000000000000 ) ) ;
#2159 =( BOUNDED_CURVE ( )  B_SPLINE_CURVE ( 2, ( #3585, #4407, #2683, #4846, #431, #3092, #53, #3157, #3183 ),
 .UNSPECIFIED., .F., .F. ) 
 B_SPLINE_CURVE_WITH_KNOTS ( ( 3, 2, 2, 2, 3 ),
 ( 0.6018518518518518601, 0.6049382716049382935, 0.6111111111111111605, 0.6172839506172839164, 0.6203703703703703498 ),
 .UNSPECIFIED. ) 
 CURVE ( )  GEOMETRIC_REPRESENTATION_ITEM ( )  RATIONAL_B_SPLINE_CURVE ( ( 0.9330127018922194093, 0.9330127018922194093, 1.000000000000000000, 0.8660254037844387076, 1.000000000000000000, 0.8660254037844387076, 1.000000000000000000, 0.9330127018922194093, 0.9330127018922194093 ) ) 
 REPRESENTATION_ITEM ( '' )  );
#2160 = CARTESIAN_POINT ( 'NONE',  ( -1.006430356249998992, 6.521875000614513418, 0.5810628371015487126 ) ) ;
#2161 = CARTESIAN_POINT ( 'NONE',  ( 0.5032151781249990519, 2.284375000614513596, -0.8715942556523228468 ) ) ;
#2162 = CARTESIAN_POINT ( 'NONE',  ( 1.006430356249999880, 5.659375000614514484, 0.5810628371015469362 ) ) ;
#2163 = CARTESIAN_POINT ( 'NONE',  ( 0.000000000000000000, 12.34999999999999964, 2.100000000000000089 ) ) ;
#2164 = AXIS2_PLACEMENT_3D ( 'NONE', #1593, #4656, #2024 ) ;
#2165 = VERTEX_POINT ( 'NONE', #2092 ) ;
#2166 = CARTESIAN_POINT ( 'NONE',  ( -1.252801084755458927, 1.279632794191443379, 2.607410558300822600E-15 ) ) ;
#2167 = CARTESIAN_POINT ( 'NONE',  ( 1.006430356249999436, -0.1531249993854859603, -1.767562423498186358E-15 ) ) ;
#2168 = CARTESIAN_POINT ( 'NONE',  ( -1.006430356250000102, 3.184375000614514839, -0.5810628371015466032 ) ) ;
#2169 = CARTESIAN_POINT ( 'NONE',  ( 1.006430356249999658, 6.671875000614513773, 0.5810628371015478244 ) ) ;
#2170 = CARTESIAN_POINT ( 'NONE',  ( 1.006430356249998770, 2.696875000614513684, -0.5810628371015489346 ) ) ;
#2171 = CARTESIAN_POINT ( 'NONE',  ( 1.249999999999999556, 8.237499999999995381, -0.7216878364870316087 ) ) ;
#2172 = CARTESIAN_POINT ( 'NONE',  ( 0.5032151781249999400, 1.234375000614513773, 0.8715942556523221807 ) ) ;
#2173 = DIRECTION ( 'NONE',  ( 0.000000000000000000, 0.000000000000000000, 1.000000000000000000 ) ) ;
#2174 = EDGE_LOOP ( 'NONE', ( #1065, #2572, #4603, #2519 ) ) ;
#2175 = DIRECTION ( 'NONE',  ( 0.000000000000000000, -0.000000000000000000, 1.000000000000000000 ) ) ;
#2176 = CARTESIAN_POINT ( 'NONE',  ( -1.000000000000001776, 11.40000000000000036, -0.5773502691896238437 ) ) ;
#2177 = CARTESIAN_POINT ( 'NONE',  ( -1.000000000000001776, 11.40000000000000036, -0.5773502691896238437 ) ) ;
#2178 = CARTESIAN_POINT ( 'NONE',  ( -1.250000000000000444, 2.593750001229030655, -0.7216878364870296103 ) ) ;
#2179 = CARTESIAN_POINT ( 'NONE',  ( -0.5032151781249993849, 9.709375000614514306, 0.8715942556523227358 ) ) ;
#2180 = CARTESIAN_POINT ( 'NONE',  ( -0.5032151781250009392, 6.746875000614513951, -0.8715942556523212925 ) ) ;
#2181 = CARTESIAN_POINT ( 'NONE',  ( -1.249999999999999334, 6.681250001229031454, 2.596460695863248776E-15 ) ) ;
#2182 = ORIENTED_EDGE ( 'NONE', *, *, #944, .T. ) ;
#2183 = ORIENTED_EDGE ( 'NONE', *, *, #2231, .F. ) ;
#2184 = CARTESIAN_POINT ( 'NONE',  ( 1.530808498934190831E-16, 10.00000000000000000, 1.249999999999999334 ) ) ;
#2185 = CARTESIAN_POINT ( 'NONE',  ( -3.099357696081660789E-15, 7.017132794191442535, -1.446610087049238658 ) ) ;
#2186 = CARTESIAN_POINT ( 'NONE',  ( 5.409801710144258947E-06, 7.468749688482064997, -1.249999999988292920 ) ) ;
#2187 = CARTESIAN_POINT ( 'NONE',  ( -1.191095495853194869E-14, 9.662499999999997868, -1.249999999999999334 ) ) ;
#2188 = CARTESIAN_POINT ( 'NONE',  ( 1.006430356249999436, -0.6031249993854859159, -1.767562423498186358E-15 ) ) ;
#2189 = CARTESIAN_POINT ( 'NONE',  ( 1.006430356249999658, 9.371875000614512174, 0.5810628371015478244 ) ) ;
#2190 = CARTESIAN_POINT ( 'NONE',  ( 0.000000000000000000, 10.00000000000000000, 0.000000000000000000 ) ) ;
#2191 = CARTESIAN_POINT ( 'NONE',  ( 1.006430356249999658, 3.109375000614513773, -9.819791222584817478E-16 ) ) ;
#2192 = CARTESIAN_POINT ( 'NONE',  ( 1.827526258964323273E-15, 6.484375000614513773, 1.162125674203096093 ) ) ;
#2193 = CARTESIAN_POINT ( 'NONE',  ( 1.249999999999999556, 1.937499999999997113, -0.7216878364870316087 ) ) ;
#2194 = DIRECTION ( 'NONE',  ( 0.4999999999999996669, 0.000000000000000000, 0.8660254037844388186 ) ) ;
#2195 = ORIENTED_EDGE ( 'NONE', *, *, #3539, .T. ) ;
#2196 = EDGE_CURVE ( 'NONE', #4716, #117, #5253, .T. ) ;
#2197 = CARTESIAN_POINT ( 'NONE',  ( -3.099357696081660789E-15, 0.2671327941914436455, -1.446610087049238658 ) ) ;
#2198 = CARTESIAN_POINT ( 'NONE',  ( 2.909753293500117656E-15, 9.943750001229032520, 1.443375672974063439 ) ) ;
#2199 = CARTESIAN_POINT ( 'NONE',  ( 0.5032151781249982747, 2.621875000614513507, -0.8715942556523229579 ) ) ;
#2200 = CARTESIAN_POINT ( 'NONE',  ( -1.006430356249998992, 4.721875000614512707, 0.5810628371015487126 ) ) ;
#2201 = CARTESIAN_POINT ( 'NONE',  ( -0.5032151781250003841, 2.809375000614513951, -0.8715942556523218476 ) ) ;
#2202 = CARTESIAN_POINT ( 'NONE',  ( 1.006430356249999658, 0.4093750006145138731, -9.819791222584817478E-16 ) ) ;
#2203 = CARTESIAN_POINT ( 'NONE',  ( 0.3349364905388977354, 6.042403810567662958, -1.250000000000002665 ) ) ;
#2204 = ORIENTED_EDGE ( 'NONE', *, *, #2332, .F. ) ;
#2205 = CARTESIAN_POINT ( 'NONE',  ( 0.000000000000000000, 10.00000000000000000, 0.000000000000000000 ) ) ;
#2206 = EDGE_CURVE ( 'NONE', #4149, #4696, #4777, .T. ) ;
#2207 = FACE_OUTER_BOUND ( 'NONE', #275, .T. ) ;
#2208 = CARTESIAN_POINT ( 'NONE',  ( 0.7477368529584801360, 10.00000000000000000, 0.9958045855483798059 ) ) ;
#2209 = CARTESIAN_POINT ( 'NONE',  ( -3.086515833287601756E-15, 3.868750001229030566, -1.443375672974063439 ) ) ;
#2210 = CARTESIAN_POINT ( 'NONE',  ( 0.5032151781249982747, 5.321875000614514128, -0.8715942556523229579 ) ) ;
#2211 = ORIENTED_EDGE ( 'NONE', *, *, #4762, .T. ) ;
#2212 = EDGE_LOOP ( 'NONE', ( #5348, #1973, #5167, #4888 ) ) ;
#2213 = CARTESIAN_POINT ( 'NONE',  ( 0.6249999999999987788, 4.974999999999996980, 1.082531754730548412 ) ) ;
#2214 = CARTESIAN_POINT ( 'NONE',  ( 1.252801084755460037, 6.867132794191441292, 0.7233050435246172194 ) ) ;
#2215 = DIRECTION ( 'NONE',  ( 0.000000000000000000, 0.6546536707079769757, -0.7559289460184546172 ) ) ;
#2216 = CARTESIAN_POINT ( 'NONE',  ( -1.191095495853194869E-14, 9.662499999999997868, -1.249999999999999334 ) ) ;
#2217 = CARTESIAN_POINT ( 'NONE',  ( -1.249999999999999334, 3.531250001229030211, 2.596460695863248776E-15 ) ) ;
#2218 = CARTESIAN_POINT ( 'NONE',  ( 1.006430356249998770, 9.446875000614513240, -0.5810628371015489346 ) ) ;
#2219 = CARTESIAN_POINT ( 'NONE',  ( 9.204127980810865691E-16, 3.446875000614514128, 1.162125674203096537 ) ) ;
#2220 = CARTESIAN_POINT ( 'NONE',  ( -0.5032151781250009392, 8.096875000614511819, -0.8715942556523212925 ) ) ;
#2221 = CARTESIAN_POINT ( 'NONE',  ( 1.249999999999999112, 1.412499999999996758, 0.7216878364870323859 ) ) ;
#2222 = CARTESIAN_POINT ( 'NONE',  ( -0.9796657335657962262, 10.00000000000000000, 0.2667185546951864605 ) ) ;
#2223 = ORIENTED_EDGE ( 'NONE', *, *, #4190, .F. ) ;
#2224 = ORIENTED_EDGE ( 'NONE', *, *, #1467, .F. ) ;
#2225 = CARTESIAN_POINT ( 'NONE',  ( -0.6264005423777315729, 3.904632794191443601, -1.084957565286927883 ) ) ;
#2226 = CARTESIAN_POINT ( 'NONE',  ( -1.006430356249998548, 0.1093750006145139675, 0.5810628371015493787 ) ) ;
#2227 = CARTESIAN_POINT ( 'NONE',  ( -1.006430356249998548, 5.059375000614513951, 0.5810628371015494897 ) ) ;
#2228 = CARTESIAN_POINT ( 'NONE',  ( 1.249999999999999112, 4.112499999999996270, 0.7216878364870324969 ) ) ;
#2229 = CARTESIAN_POINT ( 'NONE',  ( -1.006430356249998992, 5.171875000614514661, 0.5810628371015487126 ) ) ;
#2230 = CARTESIAN_POINT ( 'NONE',  ( -1.006430356249998992, 2.921875000614513773, 0.5810628371015487126 ) ) ;
#2231 = EDGE_CURVE ( 'NONE', #1447, #1653, #3099, .T. ) ;
#2232 = DIRECTION ( 'NONE',  ( -0.000000000000000000, 1.000000000000000000, -0.000000000000000000 ) ) ;
#2233 = ORIENTED_EDGE ( 'NONE', *, *, #848, .T. ) ;
#2234 = CARTESIAN_POINT ( 'NONE',  ( 1.648059826524912020E-05, 6.343750990079669805, 1.249999999891355351 ) ) ;
#2235 = CARTESIAN_POINT ( 'NONE',  ( -4.938688641342514686E-16, 5.387499999999995737, 1.249999999999999334 ) ) ;
#2236 = CARTESIAN_POINT ( 'NONE',  ( -2.710284140046962829E-05, 5.668751525299549954, -1.249999999706173925 ) ) ;
#2237 = CARTESIAN_POINT ( 'NONE',  ( -0.6250000000000017764, 3.006250001229031188, -1.082531754730546636 ) ) ;
#2238 = CARTESIAN_POINT ( 'NONE',  ( -1.006430356249999880, 10.04687500061451289, -0.5810628371015476024 ) ) ;
#2239 = CARTESIAN_POINT ( 'NONE',  ( -0.5032151781249986078, 7.346875000614513596, 0.8715942556523228468 ) ) ;
#2240 = CARTESIAN_POINT ( 'NONE',  ( -0.6250000000000002220, 5.349999999999996092, 1.082531754730547746 ) ) ;
#2241 = ADVANCED_FACE ( 'NONE', ( #5666 ), #1690, .F. ) ;
#2242 = ADVANCED_FACE ( 'NONE', ( #4369 ), #1718, .T. ) ;
#2243 = CARTESIAN_POINT ( 'NONE',  ( -1.911641816839548084E-05, 2.068751148213949786, -1.249999999853824262 ) ) ;
#2244 = ORIENTED_EDGE ( 'NONE', *, *, #4706, .T. ) ;
#2245 = AXIS2_PLACEMENT_3D ( 'NONE', #2293, #5454, #4956 ) ;
#2246 = CARTESIAN_POINT ( 'NONE',  ( 1.530808498934190831E-16, 10.00000000000000000, 1.249999999999999334 ) ) ;
#2247 = CARTESIAN_POINT ( 'NONE',  ( -0.6264005423777315729, 7.504632794191443246, -1.084957565286927883 ) ) ;
#2248 = CARTESIAN_POINT ( 'NONE',  ( -0.6249999999999978906, 1.806250001229030788, 1.082531754730548856 ) ) ;
#2249 = DIRECTION ( 'NONE',  ( 0.3535533905932698451, -0.7071067811865489050, -0.6123724356957953585 ) ) ;
#2250 = CARTESIAN_POINT ( 'NONE',  ( 0.3349434788301841603, 6.098653392499219450, -1.249995965308146495 ) ) ;
#2251 = CARTESIAN_POINT ( 'NONE',  ( 1.827526258964323273E-15, -0.7156249993854861824, 1.162125674203096093 ) ) ;
#2252 = CARTESIAN_POINT ( 'NONE',  ( -1.062732146793064886E-15, 9.521875000614516082, -1.162125674203096537 ) ) ;
#2253 = CARTESIAN_POINT ( 'NONE',  ( 1.006430356249999658, 3.071875000614513684, 0.5810628371015478244 ) ) ;
#2254 = CARTESIAN_POINT ( 'NONE',  ( 0.5032151781250004952, 7.421875000614513773, 0.8715942556523216256 ) ) ;
#2255 = CARTESIAN_POINT ( 'NONE',  ( 1.249999999999999334, 3.249999999999996891, 0.000000000000000000 ) ) ;
#2256 = CARTESIAN_POINT ( 'NONE',  ( 0.3349365155560615204, 8.798653810295666844, -1.249999985556335513 ) ) ;
#2257 = VECTOR ( 'NONE', #1571, 1000.000000000000000 ) ;
#2258 = ORIENTED_EDGE ( 'NONE', *, *, #4762, .F. ) ;
#2259 = DIRECTION ( 'NONE',  ( 3.899529019890494925E-16, -0.6546536707079761985, -0.7559289460184552834 ) ) ;
#2260 = CARTESIAN_POINT ( 'NONE',  ( 1.252801084755457373, 2.892132794191443423, -0.7233050435246219934 ) ) ;
#2261 = CARTESIAN_POINT ( 'NONE',  ( -1.006430356249998548, 1.909375000614514040, 0.5810628371015493787 ) ) ;
#2262 = AXIS2_PLACEMENT_3D ( 'NONE', #4955, #1881, #2874 ) ;
#2263 = CARTESIAN_POINT ( 'NONE',  ( 1.006430356249999880, 4.759375000614513240, 0.5810628371015468252 ) ) ;
#2264 = EDGE_CURVE ( 'NONE', #2972, #707, #963, .T. ) ;
#2265 = CARTESIAN_POINT ( 'NONE',  ( -1.006430356249999880, 5.996875000614513063, -0.5810628371015476024 ) ) ;
#2266 = CARTESIAN_POINT ( 'NONE',  ( -1.006430356249998992, 2.021875000614513862, 0.5810628371015487126 ) ) ;
#2267 = DIRECTION ( 'NONE',  ( 0.8660254037844389297, 0.000000000000000000, -0.4999999999999995559 ) ) ;
#2268 = ORIENTED_EDGE ( 'NONE', *, *, #1663, .F. ) ;
#2269 = DIRECTION ( 'NONE',  ( -0.000000000000000000, -1.000000000000000000, -0.000000000000000000 ) ) ;
#2270 = DIRECTION ( 'NONE',  ( -0.000000000000000000, -1.000000000000000000, -0.000000000000000000 ) ) ;
#2271 = CARTESIAN_POINT ( 'NONE',  ( 2.909753293500117656E-15, 5.443750001229029856, 1.443375672974063439 ) ) ;
#2272 = CARTESIAN_POINT ( 'NONE',  ( -0.5032151781250009392, 5.846875000614513596, -0.8715942556523212925 ) ) ;
#2273 = CARTESIAN_POINT ( 'NONE',  ( -0.6249999999999993339, 8.349999999999996092, -1.082531754730547968 ) ) ;
#2274 = CARTESIAN_POINT ( 'NONE',  ( 1.252801084755460037, 10.46713279419144271, 0.7233050435246172194 ) ) ;
#2275 = CARTESIAN_POINT ( 'NONE',  ( -1.064391580479589372, 0.4277034170683327585, 0.6431159474400356402 ) ) ;
#2276 = CARTESIAN_POINT ( 'NONE',  ( -1.250000000000000444, 3.493750001229031010, -0.7216878364870294993 ) ) ;
#2277 = CARTESIAN_POINT ( 'NONE',  ( -1.006430356249998992, 10.12187500061451395, 0.5810628371015487126 ) ) ;
#2278 = CARTESIAN_POINT ( 'NONE',  ( -1.006430356249999658, 4.234375000614513773, 8.587269508238524180E-16 ) ) ;
#2279 = ADVANCED_FACE ( 'NONE', ( #891 ), #1591, .T. ) ;
#2280 = CARTESIAN_POINT ( 'NONE',  ( 0.5032151781249982747, 9.371875000614512174, -0.8715942556523229579 ) ) ;
#2281 = CARTESIAN_POINT ( 'NONE',  ( 0.6249999999999987788, 1.374999999999996891, 1.082531754730548412 ) ) ;
#2282 = CARTESIAN_POINT ( 'NONE',  ( -0.6260315839345685918, 9.999999999999998224, -0.8324140903052198448 ) ) ;
#2283 = ORIENTED_EDGE ( 'NONE', *, *, #1381, .T. ) ;
#2284 = CARTESIAN_POINT ( 'NONE',  ( 0.6249999999999987788, 9.024999999999995026, 1.082531754730548412 ) ) ;
#2285 = DIRECTION ( 'NONE',  ( 0.8660254037844385966, -0.000000000000000000, 0.5000000000000000000 ) ) ;
#2286 = CARTESIAN_POINT ( 'NONE',  ( 1.252801084755458927, 4.204632794191443423, -2.760834442142232968E-15 ) ) ;
#2287 = CARTESIAN_POINT ( 'NONE',  ( -1.006430356249999436, 0.5218750006145138620, 1.644310252063557226E-15 ) ) ;
#2288 = CARTESIAN_POINT ( 'NONE',  ( 1.006430356249999436, 5.696875000614513240, -1.767562423498186358E-15 ) ) ;
#2289 = CARTESIAN_POINT ( 'NONE',  ( 1.006430356249998770, 7.196875000614512352, -0.5810628371015489346 ) ) ;
#2290 = CARTESIAN_POINT ( 'NONE',  ( 1.006430356249999658, 3.071875000614513684, 0.5810628371015478244 ) ) ;
#2291 = LINE ( 'NONE', #1508, #3377 ) ;
#2292 = FACE_OUTER_BOUND ( 'NONE', #5271, .T. ) ;
#2293 = CARTESIAN_POINT ( 'NONE',  ( 0.000000000000000000, 0.4500000000000000111, 0.000000000000000000 ) ) ;
#2294 = CARTESIAN_POINT ( 'NONE',  ( -0.6249999999999978906, 6.306250001229030566, 1.082531754730548856 ) ) ;
#2295 = CARTESIAN_POINT ( 'NONE',  ( -0.5032151781250003841, 9.109375000614514661, -0.8715942556523218476 ) ) ;
#2296 = CARTESIAN_POINT ( 'NONE',  ( 1.006430356249999436, 9.746875000614512174, -1.767562423498186358E-15 ) ) ;
#2297 = CARTESIAN_POINT ( 'NONE',  ( -1.249999999999999778, 5.312499999999997335, 0.7216878364870313867 ) ) ;
#2298 = CARTESIAN_POINT ( 'NONE',  ( 1.241630884324111062, 9.999999999999996447, -0.09299017417653090978 ) ) ;
#2299 = EDGE_LOOP ( 'NONE', ( #713, #3467, #3330, #1687 ) ) ;
#2300 = CARTESIAN_POINT ( 'NONE',  ( 1.149999999999997247, 12.50000000000000000, -0.6639528095680692354 ) ) ;
#2301 = CARTESIAN_POINT ( 'NONE',  ( -1.249999999999999334, -0.9687499987709687899, 2.596460695863248776E-15 ) ) ;
#2302 = CARTESIAN_POINT ( 'NONE',  ( -2.107232234328416948E-05, 9.718751190558878150, -1.249999999822381858 ) ) ;
#2303 = CARTESIAN_POINT ( 'NONE',  ( -0.8266280255369142793, 0.02812500184355200966, -0.5740977002030605014 ) ) ;
#2304 = CARTESIAN_POINT ( 'NONE',  ( 0.5032151781249982747, 0.3718750006145138953, -0.8715942556523229579 ) ) ;
#2305 = CARTESIAN_POINT ( 'NONE',  ( 0.5032151781249990519, 9.484375000614511109, -0.8715942556523228468 ) ) ;
#2306 = EDGE_CURVE ( 'NONE', #4449, #942, #3979, .T. ) ;
#2307 = CARTESIAN_POINT ( 'NONE',  ( 0.5032151781249999400, 5.734375000614513773, 0.8715942556523221807 ) ) ;
#2308 = CARTESIAN_POINT ( 'NONE',  ( -1.969845607676301195E-15, 7.159375000614513596, -1.162125674203096093 ) ) ;
#2309 = CARTESIAN_POINT ( 'NONE',  ( 1.249999999999999556, 3.287499999999996536, -0.7216878364870316087 ) ) ;
#2310 = DIRECTION ( 'NONE',  ( 0.000000000000000000, 0.000000000000000000, -1.000000000000000000 ) ) ;
#2311 = EDGE_CURVE ( 'NONE', #319, #505, #1015, .T. ) ;
#2312 = VERTEX_POINT ( 'NONE', #2235 ) ;
#2313 = CARTESIAN_POINT ( 'NONE',  ( -0.6250000000000002220, 10.29999999999999716, 1.082531754730547746 ) ) ;
#2314 = CARTESIAN_POINT ( 'NONE',  ( -3.099357696081660789E-15, 3.867132794191443068, -1.446610087049238658 ) ) ;
#2315 = CARTESIAN_POINT ( 'NONE',  ( 1.006430356249999880, 1.609375000614513773, 0.5810628371015469362 ) ) ;
#2316 = CARTESIAN_POINT ( 'NONE',  ( -0.5032151781249986078, 5.996875000614513063, 0.8715942556523228468 ) ) ;
#2317 = CARTESIAN_POINT ( 'NONE',  ( 1.006430356249998770, 7.646875000614513418, -0.5810628371015489346 ) ) ;
#2318 = CARTESIAN_POINT ( 'NONE',  ( 0.000000000000000000, 10.00000000000000000, -1.249999999999999334 ) ) ;
#2319 = DIRECTION ( 'NONE',  ( 0.000000000000000000, 0.000000000000000000, -1.000000000000000000 ) ) ;
#2320 = CARTESIAN_POINT ( 'NONE',  ( 2.909753293500117656E-15, 4.993750001229030566, 1.443375672974063439 ) ) ;
#2321 = CARTESIAN_POINT ( 'NONE',  ( -1.006430356249999880, 10.49687500061451395, -0.5810628371015476024 ) ) ;
#2322 = CARTESIAN_POINT ( 'NONE',  ( 1.006430356249998104, 9.334375000614510753, -0.5810628371015496008 ) ) ;
#2323 = CARTESIAN_POINT ( 'NONE',  ( 0.3349364905389005109, 2.892403810567663047, -1.250000000000000888 ) ) ;
#2324 = AXIS2_PLACEMENT_3D ( 'NONE', #2190, #5651, #817 ) ;
#2325 = VERTEX_POINT ( 'NONE', #3606 ) ;
#2326 = ORIENTED_EDGE ( 'NONE', *, *, #3367, .F. ) ;
#2327 = CARTESIAN_POINT ( 'NONE',  ( -6.276117256363879780E-05, 9.042728525439386544, 1.249999997035484922 ) ) ;
#2328 = CARTESIAN_POINT ( 'NONE',  ( -3.086515833287601756E-15, -0.6312499987709687677, -1.443375672974063439 ) ) ;
#2329 = AXIS2_PLACEMENT_3D ( 'NONE', #4521, #2828, #1917 ) ;
#2330 = CARTESIAN_POINT ( 'NONE',  ( -1.006430356249999436, 0.5218750006145138620, 1.644310252063557226E-15 ) ) ;
#2331 = CARTESIAN_POINT ( 'NONE',  ( -1.006430356249999436, 0.9718750006145139286, 1.644310252063557226E-15 ) ) ;
#2332 = EDGE_CURVE ( 'NONE', #2507, #968, #4980, .T. ) ;
#2334 = EDGE_LOOP ( 'NONE', ( #4824, #384, #3612, #2142 ) ) ;
#2333 = CARTESIAN_POINT ( 'NONE',  ( 0.000000000000000000, 10.00000000000000000, 2.100000000000000089 ) ) ;
#2335 = CARTESIAN_POINT ( 'NONE',  ( -1.006430356249999658, 3.784375000614513151, 8.587269508238524180E-16 ) ) ;
#2336 = CARTESIAN_POINT ( 'NONE',  ( 0.5032151781249982747, 7.121875000614513951, -0.8715942556523229579 ) ) ;
#2337 = AXIS2_PLACEMENT_3D ( 'NONE', #5677, #2158, #3416 ) ;
#2338 = CARTESIAN_POINT ( 'NONE',  ( 1.249999999999999112, 3.662499999999996536, 0.7216878364870323859 ) ) ;
#2339 = CARTESIAN_POINT ( 'NONE',  ( 0.000000000000000000, 10.00000000000000000, -1.249999999999999334 ) ) ;
#2340 = ORIENTED_EDGE ( 'NONE', *, *, #2010, .F. ) ;
#2341 = CARTESIAN_POINT ( 'NONE',  ( 0.000000000000000000, 10.15000000000000036, -2.250000000000000000 ) ) ;
#2342 = CARTESIAN_POINT ( 'NONE',  ( 0.6249999999999997780, 9.624999999999994671, -1.082531754730547746 ) ) ;
#2343 = CARTESIAN_POINT ( 'NONE',  ( -3.099357696081660789E-15, 5.217132794191443601, -1.446610087049238658 ) ) ;
#2344 = CARTESIAN_POINT ( 'NONE',  ( -0.5032151781249986078, 1.496875000614513729, 0.8715942556523228468 ) ) ;
#2345 = CARTESIAN_POINT ( 'NONE',  ( 1.006430356249999436, 6.596875000614513596, -1.767562423498186358E-15 ) ) ;
#2346 = CARTESIAN_POINT ( 'NONE',  ( -1.006430356249999658, 8.734375000614514661, 8.587269508238524180E-16 ) ) ;
#2347 = CARTESIAN_POINT ( 'NONE',  ( -0.3349288418527002764, 6.323654270717868897, 1.250004415971037064 ) ) ;
#2348 =( BOUNDED_CURVE ( )  B_SPLINE_CURVE ( 2, ( #2327, #4042, #51, #105, #4068, #3613, #3210, #4963, #1891 ),
 .UNSPECIFIED., .F., .F. ) 
 B_SPLINE_CURVE_WITH_KNOTS ( ( 3, 2, 2, 2, 3 ),
 ( 0.8675652339180310868, 0.8707437079517476031, 0.8770995014404465717, 0.8834552949291455404, 0.8866329028687727210 ),
 .UNSPECIFIED. ) 
 CURVE ( )  GEOMETRIC_REPRESENTATION_ITEM ( )  RATIONAL_B_SPLINE_CURVE ( ( 0.9330127041027677093, 0.9330005331346922226, 1.000000000000000000, 0.8660254037844387076, 1.000000000000000000, 0.8660254037844387076, 1.000000000000000000, 0.9330187896444587237, 0.9330127024454694107 ) ) 
 REPRESENTATION_ITEM ( '' )  );
#2349 = CYLINDRICAL_SURFACE ( 'NONE', #2736, 1.249999999999999334 ) ;
#2350 = AXIS2_PLACEMENT_3D ( 'NONE', #3515, #448, #2173 ) ;
#2351 = DIRECTION ( 'NONE',  ( -1.347890456583801379E-15, 0.6546536707079759765, -0.7559289460184555054 ) ) ;
#2352 = CARTESIAN_POINT ( 'NONE',  ( -1.250000000000000444, 4.843750001229030211, -0.7216878364870296103 ) ) ;
#2353 = CARTESIAN_POINT ( 'NONE',  ( -0.5032151781249986078, 9.146875000614512530, 0.8715942556523228468 ) ) ;
#2354 = CARTESIAN_POINT ( 'NONE',  ( -1.249999999999999334, 7.487499999999996270, -0.7216878364870322748 ) ) ;
#2355 = CARTESIAN_POINT ( 'NONE',  ( 0.6249999999999974465, 1.581250001229030921, -1.082531754730548856 ) ) ;
#2356 = CARTESIAN_POINT ( 'NONE',  ( 0.6249999999999987788, 7.674999999999997158, 1.082531754730548412 ) ) ;
#2357 = ORIENTED_EDGE ( 'NONE', *, *, #2311, .F. ) ;
#2358 = DIRECTION ( 'NONE',  ( 0.000000000000000000, 0.000000000000000000, -1.000000000000000000 ) ) ;
#2359 = CARTESIAN_POINT ( 'NONE',  ( 1.252801084755457373, 10.09213279419144271, -0.7233050435246219934 ) ) ;
#2360 = CARTESIAN_POINT ( 'NONE',  ( 1.006430356249999436, 0.2968750006145138842, -1.767562423498186358E-15 ) ) ;
#2361 = CARTESIAN_POINT ( 'NONE',  ( -0.5032151781250009392, 0.8968750006145139730, -0.8715942556523212925 ) ) ;
#2362 = CARTESIAN_POINT ( 'NONE',  ( 1.006430356249999658, 10.30937500061451395, -9.819791222584819450E-16 ) ) ;
#2363 = CARTESIAN_POINT ( 'NONE',  ( -1.006430356249999214, 5.171875000614513773, 0.5810628371015488236 ) ) ;
#2364 = CARTESIAN_POINT ( 'NONE',  ( 1.006430356249998104, 10.23437500061451289, -0.5810628371015496008 ) ) ;
#2365 = CARTESIAN_POINT ( 'NONE',  ( -1.008131385548959758, 0.04929504461056979231, -0.2383847201908005642 ) ) ;
#2366 = VERTEX_POINT ( 'NONE', #542 ) ;
#2367 = VERTEX_POINT ( 'NONE', #1458 ) ;
#2368 = CARTESIAN_POINT ( 'NONE',  ( -5.868324150301105755E-15, 4.262499999999997513, -1.249999999999999556 ) ) ;
#2369 = CARTESIAN_POINT ( 'NONE',  ( -1.252801084755460259, 6.192132794191443246, -0.7233050435246171084 ) ) ;
#2370 = CARTESIAN_POINT ( 'NONE',  ( -0.5032151781249986078, 2.846875000614514040, 0.8715942556523228468 ) ) ;
#2371 = CARTESIAN_POINT ( 'NONE',  ( 0.5032151781250004952, 8.321875000614513240, 0.8715942556523216256 ) ) ;
#2372 = CARTESIAN_POINT ( 'NONE',  ( 1.006430356249999658, 7.159375000614513596, -9.819791222584817478E-16 ) ) ;
#2373 = CARTESIAN_POINT ( 'NONE',  ( -1.249999999999999334, 0.7749999999999968026, -1.530808498934190831E-16 ) ) ;
#2374 = EDGE_CURVE ( 'NONE', #4843, #5445, #516, .T. ) ;
#2375 = CARTESIAN_POINT ( 'NONE',  ( 9.177064852761564954E-07, 0.7187499461667510303, -1.249999999999662714 ) ) ;
#2376 = CARTESIAN_POINT ( 'NONE',  ( -3.086515833287601756E-15, 6.568750001229030744, -1.443375672974063439 ) ) ;
#2377 = CARTESIAN_POINT ( 'NONE',  ( -1.249999999999999334, -0.5750000000000030642, -1.530808498934190831E-16 ) ) ;
#2378 =( BOUNDED_CURVE ( )  B_SPLINE_CURVE ( 2, ( #5105, #5709, #2687, #995, #5462, #1128, #4143, #1437, #4877 ),
 .UNSPECIFIED., .F., .F. ) 
 B_SPLINE_CURVE_WITH_KNOTS ( ( 3, 2, 2, 2, 3 ),
 ( 0.1028185015841187322, 0.1049382716049382658, 0.1111111111111111049, 0.1172839506172839441, 0.1203703703703703637 ),
 .UNSPECIFIED. ) 
 CURVE ( )  GEOMETRIC_REPRESENTATION_ITEM ( )  RATIONAL_B_SPLINE_CURVE ( ( 0.9395835397633014452, 0.9539927561173178194, 1.000000000000000000, 0.8660254037844387076, 1.000000000000000000, 0.8660254037844387076, 1.000000000000000000, 0.9330127018922194093, 0.9330127018922194093 ) ) 
 REPRESENTATION_ITEM ( '' )  );
#2379 = CARTESIAN_POINT ( 'NONE',  ( 1.827526258964323273E-15, 8.734375000614512885, 1.162125674203096093 ) ) ;
#2380 = CARTESIAN_POINT ( 'NONE',  ( -2.651438096812265438E-16, 7.637499999999995737, 1.443375672974063439 ) ) ;
#2381 = CARTESIAN_POINT ( 'NONE',  ( -3.569075380924708916E-16, 12.35000000000000320, 1.154700538379252128 ) ) ;
#2382 = ORIENTED_EDGE ( 'NONE', *, *, #1609, .F. ) ;
#2383 = EDGE_CURVE ( 'NONE', #4268, #1152, #4490, .T. ) ;
#2384 = DIRECTION ( 'NONE',  ( -0.000000000000000000, -1.000000000000000000, -0.000000000000000000 ) ) ;
#2385 = CARTESIAN_POINT ( 'NONE',  ( 1.252801084755460037, 9.567132794191442358, 0.7233050435246172194 ) ) ;
#2386 = CARTESIAN_POINT ( 'NONE',  ( -1.969845607676301195E-15, 0.4093750006145138731, -1.162125674203096093 ) ) ;
#2387 = CARTESIAN_POINT ( 'NONE',  ( 1.006430356249999436, 1.646875000614513862, -1.767562423498186358E-15 ) ) ;
#2388 = DIRECTION ( 'NONE',  ( -0.4999999999999995559, 0.000000000000000000, -0.8660254037844389297 ) ) ;
#2389 = CARTESIAN_POINT ( 'NONE',  ( -0.5032151781250003841, 3.709375000614513862, -0.8715942556523218476 ) ) ;
#2390 = CARTESIAN_POINT ( 'NONE',  ( 0.000000000000000000, 10.00000000000000000, 0.000000000000000000 ) ) ;
#2391 = CARTESIAN_POINT ( 'NONE',  ( 1.249999999999997780, 6.493750001229030566, -0.7216878364870343843 ) ) ;
#2392 = CARTESIAN_POINT ( 'NONE',  ( 1.006430356249999658, 3.109375000614513773, -9.819791222584819450E-16 ) ) ;
#2393 = VERTEX_POINT ( 'NONE', #4489 ) ;
#2394 = CARTESIAN_POINT ( 'NONE',  ( -1.249999999999999334, 10.67499999999999716, -1.530808498934190831E-16 ) ) ;
#2395 = CARTESIAN_POINT ( 'NONE',  ( 1.743066579297358255E-16, 5.612499999999996270, -1.249999999999999112 ) ) ;
#2396 = CARTESIAN_POINT ( 'NONE',  ( 0.3349276185601848810, 2.048654344115420134, -1.250005122239299826 ) ) ;
#2397 = CARTESIAN_POINT ( 'NONE',  ( 1.252801084755460037, 5.517132794191443423, 0.7233050435246172194 ) ) ;
#2398 = CARTESIAN_POINT ( 'NONE',  ( 0.5032151781250004952, 3.371875000614513507, 0.8715942556523216256 ) ) ;
#2399 = CARTESIAN_POINT ( 'NONE',  ( -0.5032151781249986078, 7.346875000614513596, 0.8715942556523228468 ) ) ;
#2400 = CARTESIAN_POINT ( 'NONE',  ( 1.006430356249999658, 8.021875000614512530, 0.5810628371015478244 ) ) ;
#2401 = EDGE_CURVE ( 'NONE', #4794, #4843, #4460, .T. ) ;
#2402 = CARTESIAN_POINT ( 'NONE',  ( 0.000000000000000000, 10.00000000000000000, 0.000000000000000000 ) ) ;
#2403 = CARTESIAN_POINT ( 'NONE',  ( -4.938688641342514686E-16, 3.587499999999996358, 1.249999999999999334 ) ) ;
#2404 = CARTESIAN_POINT ( 'NONE',  ( 2.909753293500117656E-15, 8.593750001229031099, 1.443375672974063439 ) ) ;
#2405 = EDGE_CURVE ( 'NONE', #3431, #4696, #2517, .T. ) ;
#2406 = CARTESIAN_POINT ( 'NONE',  ( 0.5032151781249982747, 8.921875000614512885, -0.8715942556523229579 ) ) ;
#2407 = CARTESIAN_POINT ( 'NONE',  ( -1.249999999999999778, 5.762499999999996625, 0.7216878364870313867 ) ) ;
#2408 = CARTESIAN_POINT ( 'NONE',  ( 1.452949501128095424E-05, 1.843985663546498843, 1.249999999842217546 ) ) ;
#2409 = ORIENTED_EDGE ( 'NONE', *, *, #265, .F. ) ;
#2410 = LINE ( 'NONE', #5140, #2050 ) ;
#2411 = CARTESIAN_POINT ( 'NONE',  ( -1.250000000000000444, 1.243750001229031232, -0.7216878364870296103 ) ) ;
#2412 = DIRECTION ( 'NONE',  ( -0.6546536707079775308, 0.6546536707079757544, -0.3779644730092288629 ) ) ;
#2413 = CARTESIAN_POINT ( 'NONE',  ( 1.827526258964323273E-15, 1.084375000614513640, 1.162125674203096093 ) ) ;
#2414 = EDGE_CURVE ( 'NONE', #3894, #2312, #568, .T. ) ;
#2415 = AXIS2_PLACEMENT_3D ( 'NONE', #2037, #1083, #3781 ) ;
#2416 = CARTESIAN_POINT ( 'NONE',  ( -1.006430356250000324, 0.4843750006145138842, -0.5810628371015467142 ) ) ;
#2417 = CARTESIAN_POINT ( 'NONE',  ( 2.054843777561417162E-09, 7.693750001381278736, 1.249999999999999334 ) ) ;
#2418 = AXIS2_PLACEMENT_3D ( 'NONE', #76, #5379, #4495 ) ;
#2419 = CARTESIAN_POINT ( 'NONE',  ( -0.5032151781250003841, 7.309375000614513063, -0.8715942556523218476 ) ) ;
#2420 = CARTESIAN_POINT ( 'NONE',  ( -1.969845607676301195E-15, 10.30937500061451395, -1.162125674203096093 ) ) ;
#2421 = CARTESIAN_POINT ( 'NONE',  ( 1.249999999999999334, 3.699999999999996625, 0.000000000000000000 ) ) ;
#2422 = CARTESIAN_POINT ( 'NONE',  ( 0.000000000000000000, 10.00000000000000000, -1.249999999999999334 ) ) ;
#2423 = CARTESIAN_POINT ( 'NONE',  ( 0.5032151781249999400, 4.834375000614513418, 0.8715942556523221807 ) ) ;
#2424 = VECTOR ( 'NONE', #1148, 1000.000000000000000 ) ;
#2425 = ORIENTED_EDGE ( 'NONE', *, *, #2127, .T. ) ;
#2426 = CARTESIAN_POINT ( 'NONE',  ( -1.006430356249999214, 0.6718750006145137732, 0.5810628371015488236 ) ) ;
#2427 = AXIS2_PLACEMENT_3D ( 'NONE', #2621, #5293, #1814 ) ;
#2428 = LINE ( 'NONE', #1394, #1585 ) ;
#2429 = LINE ( 'NONE', #2842, #831 ) ;
#2430 = CARTESIAN_POINT ( 'NONE',  ( -0.6264005423777275761, 5.404632794191442713, 1.084957565286930325 ) ) ;
#2431 = CARTESIAN_POINT ( 'NONE',  ( -1.969845607676301195E-15, 2.659375000614513596, -1.162125674203096093 ) ) ;
#2432 = FACE_OUTER_BOUND ( 'NONE', #4899, .T. ) ;
#2433 = CARTESIAN_POINT ( 'NONE',  ( -1.969845607676301195E-15, 8.959375000614512530, -1.162125674203096093 ) ) ;
#2434 =( BOUNDED_CURVE ( )  B_SPLINE_CURVE ( 2, ( #1889, #1544, #2356, #5047, #1462, #1915, #163, #3287, #3317 ),
 .UNSPECIFIED., .F., .F. ) 
 B_SPLINE_CURVE_WITH_KNOTS ( ( 3, 2, 2, 2, 3 ),
 ( 0.6944444444444444198, 0.6975308641975308532, 0.7037037037037037202, 0.7098765432098765871, 0.7129629629629630205 ),
 .UNSPECIFIED. ) 
 CURVE ( )  GEOMETRIC_REPRESENTATION_ITEM ( )  RATIONAL_B_SPLINE_CURVE ( ( 0.9330127018922194093, 0.9330127018922194093, 1.000000000000000000, 0.8660254037844387076, 1.000000000000000000, 0.8660254037844387076, 1.000000000000000000, 0.9330127018922180770, 0.9330127018922192983 ) ) 
 REPRESENTATION_ITEM ( '' )  );
#2435 = CARTESIAN_POINT ( 'NONE',  ( -0.3349493945492522662, 3.173653037556075862, 1.249992549866149938 ) ) ;
#2436 = CARTESIAN_POINT ( 'NONE',  ( -0.6250000000000017764, 7.056250001229029678, -1.082531754730546636 ) ) ;
#2437 = CARTESIAN_POINT ( 'NONE',  ( 8.838126989374219771E-17, -0.6875000000000029976, -1.443375672974063439 ) ) ;
#2438 = CARTESIAN_POINT ( 'NONE',  ( 0.5032151781249990519, 0.03437500061451398414, -0.8715942556523228468 ) ) ;
#2439 = CARTESIAN_POINT ( 'NONE',  ( -1.249999999999999334, 7.074999999999997513, -1.530808498934190831E-16 ) ) ;
#2440 = CARTESIAN_POINT ( 'NONE',  ( 1.080918394744736987E-05, 4.093929486627626346, 1.249999999908528281 ) ) ;
#2441 = CARTESIAN_POINT ( 'NONE',  ( 0.000000000000000000, 0.4500000000000000111, 1.250000000000000000 ) ) ;
#2442 = ORIENTED_EDGE ( 'NONE', *, *, #5645, .T. ) ;
#2443 = DIRECTION ( 'NONE',  ( -0.000000000000000000, -1.000000000000000000, -0.000000000000000000 ) ) ;
#2444 = CARTESIAN_POINT ( 'NONE',  ( -0.6249999999999978906, 0.4562500012290310325, 1.082531754730548856 ) ) ;
#2445 = DIRECTION ( 'NONE',  ( -0.000000000000000000, -1.000000000000000000, -0.000000000000000000 ) ) ;
#2446 = CARTESIAN_POINT ( 'NONE',  ( -1.006430356249999436, 2.771875000614513862, 1.644310252063557226E-15 ) ) ;
#2447 = CARTESIAN_POINT ( 'NONE',  ( 1.827526258964323273E-15, 2.434375000614513507, 1.162125674203096093 ) ) ;
#2448 = CYLINDRICAL_SURFACE ( 'NONE', #5019, 1.249999999999999334 ) ;
#2449 =( BOUNDED_CURVE ( )  B_SPLINE_CURVE ( 2, ( #1138, #1604, #1196, #2556, #3809, #4299, #288, #3347, #3463 ),
 .UNSPECIFIED., .F., .F. ) 
 B_SPLINE_CURVE_WITH_KNOTS ( ( 3, 2, 2, 2, 3 ),
 ( 0.8866329028687727210, 0.8898110884178442870, 0.8961668819065432556, 0.9025226753952422243, 0.9057002386505257352 ),
 .UNSPECIFIED. ) 
 CURVE ( )  GEOMETRIC_REPRESENTATION_ITEM ( )  RATIONAL_B_SPLINE_CURVE ( ( 0.9330127024454694107, 0.9330066141399799839, 1.000000000000000000, 0.8660254037844387076, 1.000000000000000000, 0.8660254037844387076, 1.000000000000000000, 0.9330197315515413869, 0.9330127026299130932 ) ) 
 REPRESENTATION_ITEM ( '' )  );
#2450 = CARTESIAN_POINT ( 'NONE',  ( -0.5032151781250003841, 5.959375000614513418, -0.8715942556523218476 ) ) ;
#2451 = CARTESIAN_POINT ( 'NONE',  ( 0.4250000000000049849, 11.25000000000000000, 0.7361215932167681775 ) ) ;
#2452 = CARTESIAN_POINT ( 'NONE',  ( -1.969845607676301195E-15, 9.859375000614512885, -1.162125674203096093 ) ) ;
#2453 = CARTESIAN_POINT ( 'NONE',  ( 8.838126989374219771E-17, 4.262499999999996625, -1.443375672974063439 ) ) ;
#2454 = CARTESIAN_POINT ( 'NONE',  ( 0.3349441391980849669, 6.363846649580914949, 1.249995584044562458 ) ) ;
#2455 = CARTESIAN_POINT ( 'NONE',  ( 9.204127980810867663E-16, 3.446875000614514128, 1.162125674203096537 ) ) ;
#2456 = ORIENTED_EDGE ( 'NONE', *, *, #615, .F. ) ;
#2457 = EDGE_CURVE ( 'NONE', #2729, #1172, #990, .T. ) ;
#2458 = CARTESIAN_POINT ( 'NONE',  ( -1.249999999999999334, 10.63749999999999751, -0.7216878364870322748 ) ) ;
#2459 = CARTESIAN_POINT ( 'NONE',  ( 1.006430356249998992, 0.8968750006145139730, -0.5810628371015489346 ) ) ;
#2460 = CARTESIAN_POINT ( 'NONE',  ( 1.249999999999999334, 1.037499999999996980, -0.7216878364870317197 ) ) ;
#2461 = CARTESIAN_POINT ( 'NONE',  ( -0.6264005423777275761, 4.954632794191443423, 1.084957565286930325 ) ) ;
#2462 = CARTESIAN_POINT ( 'NONE',  ( -1.006430356249998548, 3.259375000614514128, 0.5810628371015493787 ) ) ;
#2463 = CARTESIAN_POINT ( 'NONE',  ( 0.5032151781250004952, 9.221875000614513596, 0.8715942556523216256 ) ) ;
#2464 = FACE_OUTER_BOUND ( 'NONE', #4873, .T. ) ;
#2465 = CARTESIAN_POINT ( 'NONE',  ( -1.252801084755458927, -0.9703672058085562879, 2.607410558300822600E-15 ) ) ;
#2466 = CARTESIAN_POINT ( 'NONE',  ( -0.6249999999999978906, 9.006250001229030744, 1.082531754730548856 ) ) ;
#2467 = CARTESIAN_POINT ( 'NONE',  ( 8.838126989374219771E-17, 0.6624999999999968692, -1.443375672974063439 ) ) ;
#2468 = CARTESIAN_POINT ( 'NONE',  ( -0.5032151781249993849, 0.2593750006145139064, 0.8715942556523227358 ) ) ;
#2469 = CARTESIAN_POINT ( 'NONE',  ( -1.249999999999999778, 6.212499999999996803, 0.7216878364870313867 ) ) ;
#2470 = CARTESIAN_POINT ( 'NONE',  ( -1.249999999999998002, 4.018750001229030921, 0.7216878364870340512 ) ) ;
#2471 = CARTESIAN_POINT ( 'NONE',  ( -4.938688641342514686E-16, 4.937499999999996447, 1.249999999999999334 ) ) ;
#2472 = ORIENTED_EDGE ( 'NONE', *, *, #5169, .T. ) ;
#2473 = CYLINDRICAL_SURFACE ( 'NONE', #4086, 1.249999999999999334 ) ;
#2474 = CARTESIAN_POINT ( 'NONE',  ( 0.6250000000000012212, 0.5312500012290309881, 1.082531754730547080 ) ) ;
#2475 = PLANE ( 'NONE',  #3069 ) ;
#2476 = CARTESIAN_POINT ( 'NONE',  ( -1.969845607676301195E-15, 4.459375000614513418, -1.162125674203096093 ) ) ;
#2477 = CARTESIAN_POINT ( 'NONE',  ( 1.006430356249999880, 4.309375000614513063, 0.5810628371015469362 ) ) ;
#2478 = CARTESIAN_POINT ( 'NONE',  ( 1.250000000000000444, 2.368750001229031010, 0.7216878364870297213 ) ) ;
#2479 = ORIENTED_EDGE ( 'NONE', *, *, #2752, .F. ) ;
#2480 = CARTESIAN_POINT ( 'NONE',  ( -1.006430356249999658, 6.034375000614513596, 8.587269508238524180E-16 ) ) ;
#2481 = LINE ( 'NONE', #2451, #4188 ) ;
#2482 = CARTESIAN_POINT ( 'NONE',  ( -1.006430356250000324, 10.38437500061451324, -0.5810628371015467142 ) ) ;
#2483 = CARTESIAN_POINT ( 'NONE',  ( -0.9276600172171756142, 10.00000000000000000, 0.3903190418595154920 ) ) ;
#2484 = EDGE_CURVE ( 'NONE', #534, #4757, #331, .T. ) ;
#2485 = CARTESIAN_POINT ( 'NONE',  ( -0.5032151781249993849, 4.309375000614513063, 0.8715942556523227358 ) ) ;
#2486 = EDGE_LOOP ( 'NONE', ( #4324, #897, #2034, #3114 ) ) ;
#2487 = LINE ( 'NONE', #5624, #3992 ) ;
#2488 = CARTESIAN_POINT ( 'NONE',  ( 0.6264005423777310178, 8.179632794191444845, 1.084957565286928327 ) ) ;
#2489 = CARTESIAN_POINT ( 'NONE',  ( -0.5032151781249986078, 2.396875000614513418, 0.8715942556523228468 ) ) ;
#2490 = CARTESIAN_POINT ( 'NONE',  ( -1.006430356250000102, 8.584375000614512530, -0.5810628371015466032 ) ) ;
#2491 = EDGE_CURVE ( 'NONE', #4149, #2325, #940, .T. ) ;
#2492 = ORIENTED_EDGE ( 'NONE', *, *, #1232, .T. ) ;
#2493 = CARTESIAN_POINT ( 'NONE',  ( -1.252801084755458927, -0.5203672058085562213, 2.607410558300822600E-15 ) ) ;
#2494 = CARTESIAN_POINT ( 'NONE',  ( 0.6250000000000012212, 7.281250001229031099, 1.082531754730547080 ) ) ;
#2495 = CARTESIAN_POINT ( 'NONE',  ( -0.6249999999999993339, 0.2499999999999969746, -1.082531754730547968 ) ) ;
#2496 = CARTESIAN_POINT ( 'NONE',  ( -0.5032151781250003841, 2.809375000614513951, -0.8715942556523218476 ) ) ;
#2497 = CARTESIAN_POINT ( 'NONE',  ( 1.827526258964323273E-15, 10.08437500061451253, 1.162125674203096093 ) ) ;
#2498 = CARTESIAN_POINT ( 'NONE',  ( -1.062732146793064491E-15, -0.3781249993854860492, -1.162125674203096537 ) ) ;
#2499 = CARTESIAN_POINT ( 'NONE',  ( -0.7090703112944483077, 0.4500000000000000111, 1.029465311988501552 ) ) ;
#2500 = VERTEX_POINT ( 'NONE', #2403 ) ;
#2501 =( BOUNDED_CURVE ( )  B_SPLINE_CURVE ( 2, ( #2074, #1727, #3062, #4815, #3388, #5151, #3849, #5621, #1176 ),
 .UNSPECIFIED., .F., .T. ) 
 B_SPLINE_CURVE_WITH_KNOTS ( ( 3, 2, 2, 2, 3 ),
 ( 0.2314814814814814825, 0.2345679012345678882, 0.2407407407407407274, 0.2469135802469135665, 0.2500000000000000000 ),
 .UNSPECIFIED. ) 
 CURVE ( )  GEOMETRIC_REPRESENTATION_ITEM ( )  RATIONAL_B_SPLINE_CURVE ( ( 0.9330127018922194093, 0.9330127018922196314, 1.000000000000000000, 0.8660254037844387076, 1.000000000000000000, 0.8660254037844387076, 1.000000000000000000, 0.9330127018922194093, 0.9330127018922194093 ) ) 
 REPRESENTATION_ITEM ( '' )  );
#2502 = DIRECTION ( 'NONE',  ( -0.8660254037844387076, 0.000000000000000000, -0.5000000000000001110 ) ) ;
#2503 = CARTESIAN_POINT ( 'NONE',  ( -1.250000000000000444, -0.1062499987709688148, -0.7216878364870296103 ) ) ;
#2504 = CARTESIAN_POINT ( 'NONE',  ( -4.938688641342514686E-16, 5.837499999999995026, 1.249999999999999334 ) ) ;
#2505 = CARTESIAN_POINT ( 'NONE',  ( 1.006430356249998104, 3.934375000614513951, -0.5810628371015496008 ) ) ;
#2506 = DIRECTION ( 'NONE',  ( 0.000000000000000000, 0.000000000000000000, -1.000000000000000000 ) ) ;
#2507 = VERTEX_POINT ( 'NONE', #3831 ) ;
#2508 = CARTESIAN_POINT ( 'NONE',  ( 1.006430356249998992, 6.746875000614513063, -0.5810628371015489346 ) ) ;
#2509 = ADVANCED_FACE ( 'NONE', ( #3368 ), #1044, .T. ) ;
#2510 = CARTESIAN_POINT ( 'NONE',  ( -0.3349364905389085600, 7.882596189432331535, -1.249999999999996225 ) ) ;
#2511 = CARTESIAN_POINT ( 'NONE',  ( -5.868324150301105755E-15, 4.712499999999996803, -1.249999999999999556 ) ) ;
#2512 = CARTESIAN_POINT ( 'NONE',  ( 0.5032151781249999400, 6.634375000614513240, 0.8715942556523221807 ) ) ;
#2513 = CARTESIAN_POINT ( 'NONE',  ( 1.249999999999999112, 2.312499999999996891, 0.7216878364870324969 ) ) ;
#2514 = CARTESIAN_POINT ( 'NONE',  ( 0.000000000000000000, 10.00000000000000000, -1.249999999999999334 ) ) ;
#2515 = CARTESIAN_POINT ( 'NONE',  ( -3.099357696081660789E-15, 7.467132794191443601, -1.446610087049238658 ) ) ;
#2516 = CARTESIAN_POINT ( 'NONE',  ( 1.006430356249999436, 4.796875000614513773, -1.767562423498186358E-15 ) ) ;
#2517 = CIRCLE ( 'NONE', #2245, 1.250000000000000000 ) ;
#2518 = CARTESIAN_POINT ( 'NONE',  ( 1.006430356249998326, 9.784375000614513596, -0.5810628371015497118 ) ) ;
#2519 = ORIENTED_EDGE ( 'NONE', *, *, #1731, .F. ) ;
#2520 = AXIS2_PLACEMENT_3D ( 'NONE', #4351, #3928, #5706 ) ;
#2521 = ADVANCED_FACE ( 'NONE', ( #2056 ), #2875, .F. ) ;
#2522 = CARTESIAN_POINT ( 'NONE',  ( 1.252801084755458927, 0.1546327941914436566, -2.760834442142232968E-15 ) ) ;
#2523 = CARTESIAN_POINT ( 'NONE',  ( -1.249999999999998224, 9.868750001229029678, 0.7216878364870340512 ) ) ;
#2524 = CARTESIAN_POINT ( 'NONE',  ( -0.5032151781249993849, 2.959375000614513862, 0.8715942556523227358 ) ) ;
#2525 = CARTESIAN_POINT ( 'NONE',  ( -1.062732146793064886E-15, -0.8281249993854860048, -1.162125674203096537 ) ) ;
#2526 = CARTESIAN_POINT ( 'NONE',  ( 0.5032151781249990519, 0.03437500061451398414, -0.8715942556523228468 ) ) ;
#2527 = ORIENTED_EDGE ( 'NONE', *, *, #3061, .T. ) ;
#2528 = DIRECTION ( 'NONE',  ( -0.8660254037844385966, 0.000000000000000000, -0.5000000000000002220 ) ) ;
#2529 = DIRECTION ( 'NONE',  ( -0.000000000000000000, -1.000000000000000000, -0.000000000000000000 ) ) ;
#2530 = CARTESIAN_POINT ( 'NONE',  ( -0.3339206448079764522, 10.00000000000000000, 1.078689197202693739 ) ) ;
#2531 = CARTESIAN_POINT ( 'NONE',  ( -1.249999999999998224, 1.318750001229031188, 0.7216878364870340512 ) ) ;
#2532 = CARTESIAN_POINT ( 'NONE',  ( 1.006430356249998104, 4.834375000614513418, -0.5810628371015496008 ) ) ;
#2533 = DIRECTION ( 'NONE',  ( 1.000000000000000000, -0.000000000000000000, 1.224646799147353207E-16 ) ) ;
#2534 = VECTOR ( 'NONE', #5200, 1000.000000000000000 ) ;
#2535 =( BOUNDED_CURVE ( )  B_SPLINE_CURVE ( 2, ( #3127, #2651, #3981, #2276, #2217, #3954, #4499, #5383, #845 ),
 .UNSPECIFIED., .F., .F. ) 
 B_SPLINE_CURVE_WITH_KNOTS ( ( 3, 2, 2, 2, 3 ),
 ( 0.3908814059931944307, 0.3940591962993285624, 0.4004149897880284747, 0.4067707832767283316, 0.4099481967080068623 ),
 .UNSPECIFIED. ) 
 CURVE ( )  GEOMETRIC_REPRESENTATION_ITEM ( )  RATIONAL_B_SPLINE_CURVE ( ( 0.9330127019673657429, 0.9330149455171905526, 1.000000000000000000, 0.8660254037844387076, 1.000000000000000000, 0.8660254037844387076, 1.000000000000000000, 0.9330228897112077258, 0.9330127034416422216 ) ) 
 REPRESENTATION_ITEM ( '' )  );
#2536 = ORIENTED_EDGE ( 'NONE', *, *, #1349, .F. ) ;
#2537 = CARTESIAN_POINT ( 'NONE',  ( -1.006430356249999214, 6.971875000614513596, 0.5810628371015488236 ) ) ;
#2538 = CONICAL_SURFACE ( 'NONE', #24, 1.250000000000000000, 0.5235987755983033676 ) ;
#2539 = CARTESIAN_POINT ( 'NONE',  ( -0.9999999999999978906, 11.40000000000000036, 0.5773502691896302830 ) ) ;
#2540 = CARTESIAN_POINT ( 'NONE',  ( -1.191095495853194869E-14, 7.862499999999998046, -1.249999999999999334 ) ) ;
#2541 = CARTESIAN_POINT ( 'NONE',  ( 0.000000000000000000, 10.00000000000000000, 0.000000000000000000 ) ) ;
#2542 = CARTESIAN_POINT ( 'NONE',  ( 9.204127980810867663E-16, 5.696875000614513240, 1.162125674203096537 ) ) ;
#2543 = CARTESIAN_POINT ( 'NONE',  ( 1.006430356249999658, 0.4093750006145138731, -9.819791222584817478E-16 ) ) ;
#2544 = CARTESIAN_POINT ( 'NONE',  ( 1.827526258964323273E-15, 6.934375000614513951, 1.162125674203096093 ) ) ;
#2545 = CARTESIAN_POINT ( 'NONE',  ( -1.250000000000000444, 5.743750001229031454, -0.7216878364870294993 ) ) ;
#2546 = ORIENTED_EDGE ( 'NONE', *, *, #4883, .T. ) ;
#2547 = CARTESIAN_POINT ( 'NONE',  ( 0.6264005423777272430, 0.2296327941914436399, -1.084957565286930325 ) ) ;
#2548 = CARTESIAN_POINT ( 'NONE',  ( -1.006430356249999436, -0.8281249993854860048, 1.644310252063557226E-15 ) ) ;
#2549 = CARTESIAN_POINT ( 'NONE',  ( 9.204127980810863719E-16, 4.346875000614513596, 1.162125674203096537 ) ) ;
#2550 = CARTESIAN_POINT ( 'NONE',  ( -0.5032151781250003841, -0.7906249993854860270, -0.8715942556523218476 ) ) ;
#2551 = CARTESIAN_POINT ( 'NONE',  ( 0.5032151781249999400, 0.3343750006145139175, 0.8715942556523221807 ) ) ;
#2552 = CARTESIAN_POINT ( 'NONE',  ( 0.9785218686964129997, 0.2594598309248917212, -0.6028844956300316582 ) ) ;
#2553 = ORIENTED_EDGE ( 'NONE', *, *, #595, .T. ) ;
#2554 = CARTESIAN_POINT ( 'NONE',  ( 2.666216139009694821E-05, 1.168748401502623713, -1.249999999715651233 ) ) ;
#2555 = DIRECTION ( 'NONE',  ( -0.000000000000000000, -1.000000000000000000, -0.000000000000000000 ) ) ;
#2556 = CARTESIAN_POINT ( 'NONE',  ( -1.250000000000000444, 9.343750001229029323, -0.7216878364870294993 ) ) ;
#2557 = CARTESIAN_POINT ( 'NONE',  ( -0.6249999999999978906, 2.706250001229030921, 1.082531754730548856 ) ) ;
#2558 = CARTESIAN_POINT ( 'NONE',  ( 0.5032151781250004952, 3.821875000614514128, 0.8715942556523216256 ) ) ;
#2559 = EDGE_CURVE ( 'NONE', #3574, #2838, #366, .T. ) ;
#2560 = FACE_OUTER_BOUND ( 'NONE', #2991, .T. ) ;
#2561 = EDGE_LOOP ( 'NONE', ( #2955, #5250, #1499, #3551 ) ) ;
#2562 = CARTESIAN_POINT ( 'NONE',  ( 0.5032151781249999400, 9.334375000614514306, 0.8715942556523221807 ) ) ;
#2563 = CARTESIAN_POINT ( 'NONE',  ( -1.250000000000000444, 2.593750001229031099, -0.7216878364870294993 ) ) ;
#2564 = CARTESIAN_POINT ( 'NONE',  ( -4.938688641342514686E-16, 3.137499999999996625, 1.249999999999999334 ) ) ;
#2565 = DIRECTION ( 'NONE',  ( -0.000000000000000000, -1.000000000000000000, -0.000000000000000000 ) ) ;
#2566 =( BOUNDED_CURVE ( )  B_SPLINE_CURVE ( 2, ( #2090, #5665, #3050, #3866, #5637, #832, #2973, #5280, #1634 ),
 .UNSPECIFIED., .F., .F. ) 
 B_SPLINE_CURVE_WITH_KNOTS ( ( 3, 2, 2, 2, 3 ),
 ( 0.2764771074472407442, 0.2796549135027510680, 0.2860107069914499811, 0.2923665004801488387, 0.2955441385761872208 ),
 .UNSPECIFIED. ) 
 CURVE ( )  GEOMETRIC_REPRESENTATION_ITEM ( )  RATIONAL_B_SPLINE_CURVE ( ( 0.9330127019467725491, 0.9330146135340340319, 1.000000000000000000, 0.8660254037844387076, 1.000000000000000000, 0.8660254037844387076, 1.000000000000000000, 0.9330181539735526997, 0.9330127023359630067 ) ) 
 REPRESENTATION_ITEM ( '' )  );
#2567 = CARTESIAN_POINT ( 'NONE',  ( -1.006430356249999880, 5.546875000614512885, -0.5810628371015476024 ) ) ;
#2568 = CYLINDRICAL_SURFACE ( 'NONE', #2324, 1.249999999999999334 ) ;
#2569 = CARTESIAN_POINT ( 'NONE',  ( -0.5032151781250003841, 3.259375000614513684, -0.8715942556523218476 ) ) ;
#2570 = CARTESIAN_POINT ( 'NONE',  ( 1.006430356249999880, 7.009375000614513240, 0.5810628371015469362 ) ) ;
#2571 = CARTESIAN_POINT ( 'NONE',  ( -0.3349490664963628017, 5.688846945218813289, -1.249992739267575370 ) ) ;
#2572 = ORIENTED_EDGE ( 'NONE', *, *, #3134, .T. ) ;
#2573 = CARTESIAN_POINT ( 'NONE',  ( 1.252801084755458927, 1.504632794191443468, -2.760834442142232968E-15 ) ) ;
#2574 = CARTESIAN_POINT ( 'NONE',  ( 1.006430356249999436, -0.6031249993854859159, -1.767562423498186358E-15 ) ) ;
#2575 = CARTESIAN_POINT ( 'NONE',  ( 0.5032151781250004952, 4.271875000614514306, 0.8715942556523216256 ) ) ;
#2576 = EDGE_CURVE ( 'NONE', #3935, #3574, #976, .T. ) ;
#2577 = CARTESIAN_POINT ( 'NONE',  ( 1.006430356249999658, 2.659375000614514040, -9.819791222584817478E-16 ) ) ;
#2578 = CARTESIAN_POINT ( 'NONE',  ( 9.204127980810867663E-16, 0.7468750006145137288, 1.162125674203096537 ) ) ;
#2579 = CARTESIAN_POINT ( 'NONE',  ( -1.249999999999999334, 7.974999999999996092, -1.530808498934190831E-16 ) ) ;
#2580 = CARTESIAN_POINT ( 'NONE',  ( -0.5032151781250003841, 1.459375000614513862, -0.8715942556523218476 ) ) ;
#2581 = LINE ( 'NONE', #5222, #3650 ) ;
#2582 = ORIENTED_EDGE ( 'NONE', *, *, #2405, .F. ) ;
#2583 = DIRECTION ( 'NONE',  ( 0.8660254037844384856, 0.000000000000000000, 0.5000000000000001110 ) ) ;
#2584 = CARTESIAN_POINT ( 'NONE',  ( 1.250000000000000444, 4.168750001229030389, 0.7216878364870298324 ) ) ;
#2585 = CARTESIAN_POINT ( 'NONE',  ( 1.827526258964323273E-15, 5.134375000614513240, 1.162125674203096093 ) ) ;
#2586 = CARTESIAN_POINT ( 'NONE',  ( -0.3349364905389030089, 8.332596189432329936, -1.249999999999999334 ) ) ;
#2587 = ORIENTED_EDGE ( 'NONE', *, *, #3345, .F. ) ;
#2588 = ORIENTED_EDGE ( 'NONE', *, *, #3513, .F. ) ;
#2589 = CARTESIAN_POINT ( 'NONE',  ( -0.5032151781250003841, 8.659375000614511819, -0.8715942556523218476 ) ) ;
#2590 = ADVANCED_FACE ( 'NONE', ( #3771 ), #4520, .F. ) ;
#2591 = CARTESIAN_POINT ( 'NONE',  ( 0.000000000000000000, 0.000000000000000000, 0.000000000000000000 ) ) ;
#2592 = CARTESIAN_POINT ( 'NONE',  ( 1.249999999999999112, 3.212499999999996803, 0.7216878364870324969 ) ) ;
#2593 = CARTESIAN_POINT ( 'NONE',  ( -5.868324150301105755E-15, 4.712499999999996803, -1.249999999999999556 ) ) ;
#2594 = CARTESIAN_POINT ( 'NONE',  ( 0.5032151781249990519, 5.884375000614513240, -0.8715942556523228468 ) ) ;
#2595 = CARTESIAN_POINT ( 'NONE',  ( 1.006430356249998992, 3.146875000614514306, -0.5810628371015489346 ) ) ;
#2596 = CARTESIAN_POINT ( 'NONE',  ( 0.5032151781250004952, 6.071875000614513240, 0.8715942556523216256 ) ) ;
#2597 = CARTESIAN_POINT ( 'NONE',  ( -4.938688641342514686E-16, 5.387499999999995737, 1.249999999999999334 ) ) ;
#2598 = VECTOR ( 'NONE', #4651, 1000.000000000000114 ) ;
#2599 = ORIENTED_EDGE ( 'NONE', *, *, #4294, .F. ) ;
#2600 = AXIS2_PLACEMENT_3D ( 'NONE', #5226, #804, #2583 ) ;
#2601 = CARTESIAN_POINT ( 'NONE',  ( 0.6264005423777310178, 1.429632794191443512, 1.084957565286928327 ) ) ;
#2602 = CARTESIAN_POINT ( 'NONE',  ( 0.6249999999999974465, 9.681250001229029678, -1.082531754730548856 ) ) ;
#2603 = CARTESIAN_POINT ( 'NONE',  ( -0.5032151781250009392, 3.146875000614513862, -0.8715942556523212925 ) ) ;
#2604 = CARTESIAN_POINT ( 'NONE',  ( -1.006430356249998992, 5.621875000614513951, 0.5810628371015487126 ) ) ;
#2605 = CARTESIAN_POINT ( 'NONE',  ( 9.204127980810867663E-16, 1.196875000614513462, 1.162125674203096537 ) ) ;
#2606 = CARTESIAN_POINT ( 'NONE',  ( 9.204127980810863719E-16, 0.2968750006145138842, 1.162125674203096537 ) ) ;
#2607 = LINE ( 'NONE', #483, #2624 ) ;
#2608 = VECTOR ( 'NONE', #5535, 1000.000000000000000 ) ;
#2609 = CARTESIAN_POINT ( 'NONE',  ( -1.191095495853194869E-14, 8.762499999999995737, -1.249999999999999334 ) ) ;
#2610 = CARTESIAN_POINT ( 'NONE',  ( -0.6250000000000002220, 4.899999999999996803, 1.082531754730547746 ) ) ;
#2611 = CARTESIAN_POINT ( 'NONE',  ( -0.6249999999999993339, 9.249999999999998224, -1.082531754730547968 ) ) ;
#2612 = CARTESIAN_POINT ( 'NONE',  ( -0.6249999999999978906, 4.056250001229030566, 1.082531754730548856 ) ) ;
#2613 = VECTOR ( 'NONE', #2565, 1000.000000000000000 ) ;
#2614 = CARTESIAN_POINT ( 'NONE',  ( -0.5032151781250003841, 9.559375000614513951, -0.8715942556523218476 ) ) ;
#2615 = CARTESIAN_POINT ( 'NONE',  ( 0.5032151781250004952, 5.621875000614513951, 0.8715942556523216256 ) ) ;
#2616 = CARTESIAN_POINT ( 'NONE',  ( -1.250000000000000444, 6.643750001229030033, -0.7216878364870294993 ) ) ;
#2617 = ORIENTED_EDGE ( 'NONE', *, *, #4426, .T. ) ;
#2618 = CARTESIAN_POINT ( 'NONE',  ( 1.006430356249998992, 9.446875000614511464, -0.5810628371015489346 ) ) ;
#2619 = CARTESIAN_POINT ( 'NONE',  ( 1.252801084755457373, 9.192132794191444134, -0.7233050435246219934 ) ) ;
#2620 = CARTESIAN_POINT ( 'NONE',  ( 1.249999999999997780, 7.393750001229030921, -0.7216878364870343843 ) ) ;
#2621 = CARTESIAN_POINT ( 'NONE',  ( 0.000000000000000000, 12.34999999999999964, 0.000000000000000000 ) ) ;
#2622 = CARTESIAN_POINT ( 'NONE',  ( -1.006430356250000324, -0.8656249993854859826, -0.5810628371015467142 ) ) ;
#2623 = CARTESIAN_POINT ( 'NONE',  ( -1.006430356249999880, 7.346875000614513596, -0.5810628371015476024 ) ) ;
#2624 = VECTOR ( 'NONE', #4395, 999.9999999999998863 ) ;
#2625 = CARTESIAN_POINT ( 'NONE',  ( 1.006430356249998992, 2.246875000614513951, -0.5810628371015489346 ) ) ;
#2626 = CARTESIAN_POINT ( 'NONE',  ( -1.969845607676301195E-15, 6.259375000614514128, -1.162125674203096093 ) ) ;
#2627 = CARTESIAN_POINT ( 'NONE',  ( 1.249999999999999556, 1.487499999999996714, -0.7216878364870316087 ) ) ;
#2628 = CARTESIAN_POINT ( 'NONE',  ( 0.3349463938715906419, 8.613846784861324934, 1.249994282308206861 ) ) ;
#2629 = ORIENTED_EDGE ( 'NONE', *, *, #3695, .F. ) ;
#2630 = CARTESIAN_POINT ( 'NONE',  ( 0.6249999999999987788, 9.474999999999997868, 1.082531754730548412 ) ) ;
#2631 = CARTESIAN_POINT ( 'NONE',  ( 0.6264005423777272430, 1.129632794191443468, -1.084957565286930325 ) ) ;
#2632 = CARTESIAN_POINT ( 'NONE',  ( -0.5032151781249986078, -0.3031249993854860381, 0.8715942556523228468 ) ) ;
#2633 = CARTESIAN_POINT ( 'NONE',  ( 1.827526258964323273E-15, 2.884375000614514128, 1.162125674203096093 ) ) ;
#2634 = CARTESIAN_POINT ( 'NONE',  ( 1.006430356249998770, 6.746875000614513063, -0.5810628371015489346 ) ) ;
#2635 = CARTESIAN_POINT ( 'NONE',  ( 0.5032151781249999400, 1.234375000614513773, 0.8715942556523221807 ) ) ;
#2636 = CARTESIAN_POINT ( 'NONE',  ( 0.5032151781249990519, 0.9343750006145139508, -0.8715942556523228468 ) ) ;
#2637 = CARTESIAN_POINT ( 'NONE',  ( 0.7142857142857128583, 12.06428571428571672, 0.4123930494211620612 ) ) ;
#2638 = ORIENTED_EDGE ( 'NONE', *, *, #2026, .T. ) ;
#2639 = CARTESIAN_POINT ( 'NONE',  ( 2.288358079669540978E-05, 5.218748628215162277, -1.249999999790535776 ) ) ;
#2640 = DIRECTION ( 'NONE',  ( 0.000000000000000000, 0.000000000000000000, -1.000000000000000000 ) ) ;
#2641 = CARTESIAN_POINT ( 'NONE',  ( 0.6250000000000012212, 4.131250001229030744, 1.082531754730547080 ) ) ;
#2642 = CARTESIAN_POINT ( 'NONE',  ( 0.5032151781249982747, 6.221875000614513596, -0.8715942556523229579 ) ) ;
#2643 = EDGE_CURVE ( 'NONE', #4701, #602, #5058, .T. ) ;
#2644 = CARTESIAN_POINT ( 'NONE',  ( 0.8499999999999929834, 11.25000000000000000, -0.4907477288111915525 ) ) ;
#2645 = ORIENTED_EDGE ( 'NONE', *, *, #4047, .T. ) ;
#2646 = ORIENTED_EDGE ( 'NONE', *, *, #1974, .F. ) ;
#2647 = CARTESIAN_POINT ( 'NONE',  ( 0.5032151781249990519, 8.584375000614514306, -0.8715942556523228468 ) ) ;
#2648 = CARTESIAN_POINT ( 'NONE',  ( -0.6264005423777315729, 7.954632794191441647, -1.084957565286927883 ) ) ;
#2649 = CARTESIAN_POINT ( 'NONE',  ( 0.6250000000000012212, 7.281250001229031099, 1.082531754730547080 ) ) ;
#2650 = CARTESIAN_POINT ( 'NONE',  ( 0.000000000000000000, 10.00000000000000000, 0.000000000000000000 ) ) ;
#2651 = CARTESIAN_POINT ( 'NONE',  ( -0.3349469032135953817, 3.438846815421846337, -1.249993988239463505 ) ) ;
#2652 = CARTESIAN_POINT ( 'NONE',  ( -1.062732146793064886E-15, 8.621875000614513951, -1.162125674203096537 ) ) ;
#2653 = CARTESIAN_POINT ( 'NONE',  ( 1.006430356249998992, 1.346875000614513596, -0.5810628371015489346 ) ) ;
#2654 = EDGE_CURVE ( 'NONE', #3256, #4794, #2835, .T. ) ;
#2655 = CARTESIAN_POINT ( 'NONE',  ( -1.006430356249998548, 7.759375000614514128, 0.5810628371015493787 ) ) ;
#2656 = CARTESIAN_POINT ( 'NONE',  ( 8.838126989374219771E-17, 2.012499999999997069, -1.443375672974063439 ) ) ;
#2657 = CARTESIAN_POINT ( 'NONE',  ( 5.390449220144183424E-08, 8.818749997994768108, -1.249999999999998002 ) ) ;
#2658 = ORIENTED_EDGE ( 'NONE', *, *, #4190, .T. ) ;
#2659 = ORIENTED_EDGE ( 'NONE', *, *, #2010, .T. ) ;
#2660 = CARTESIAN_POINT ( 'NONE',  ( -1.249999999999999334, 8.874999999999998224, -1.530808498934190831E-16 ) ) ;
#2661 = CARTESIAN_POINT ( 'NONE',  ( -0.6264005423777275761, 3.604632794191443335, 1.084957565286930325 ) ) ;
#2662 = ADVANCED_FACE ( 'NONE', ( #1984 ), #3298, .T. ) ;
#2663 = ADVANCED_FACE ( 'NONE', ( #1897 ), #611, .T. ) ;
#2664 = CARTESIAN_POINT ( 'NONE',  ( 1.827526258964323273E-15, 0.1843750006145139231, 1.162125674203096093 ) ) ;
#2665 = CARTESIAN_POINT ( 'NONE',  ( 1.827526258964323273E-15, 4.684375000614513951, 1.162125674203096093 ) ) ;
#2666 = CARTESIAN_POINT ( 'NONE',  ( -0.5032151781250003841, 5.059375000614513063, -0.8715942556523218476 ) ) ;
#2667 = CARTESIAN_POINT ( 'NONE',  ( -1.006430356249999880, 1.046875000614513773, -0.5810628371015476024 ) ) ;
#2668 = CARTESIAN_POINT ( 'NONE',  ( -1.062732146793064491E-15, 2.321875000614514128, -1.162125674203096537 ) ) ;
#2669 = LINE ( 'NONE', #2637, #2073 ) ;
#2670 = VERTEX_POINT ( 'NONE', #2014 ) ;
#2671 = DIRECTION ( 'NONE',  ( 0.000000000000000000, 0.000000000000000000, 1.000000000000000000 ) ) ;
#2672 = CARTESIAN_POINT ( 'NONE',  ( 0.3349268763444455121, 0.5138456138096977321, 1.250005550757758543 ) ) ;
#2673 = CARTESIAN_POINT ( 'NONE',  ( 0.9999999999999993339, 11.40000000000000036, 0.5773502691896267303 ) ) ;
#2674 = CARTESIAN_POINT ( 'NONE',  ( 1.249999999999998002, 2.443750001229030744, -0.7216878364870344953 ) ) ;
#2675 = CARTESIAN_POINT ( 'NONE',  ( -0.5032151781249993849, 9.259375000614511464, 0.8715942556523227358 ) ) ;
#2676 = CARTESIAN_POINT ( 'NONE',  ( -0.5032151781249986078, 6.896875000614513418, 0.8715942556523228468 ) ) ;
#2677 = CARTESIAN_POINT ( 'NONE',  ( -1.249999999999999334, 7.524999999999995914, -1.530808498934190831E-16 ) ) ;
#2678 = ORIENTED_EDGE ( 'NONE', *, *, #3176, .T. ) ;
#2679 = ORIENTED_EDGE ( 'NONE', *, *, #4850, .T. ) ;
#2680 = VERTEX_POINT ( 'NONE', #1953 ) ;
#2681 = CARTESIAN_POINT ( 'NONE',  ( -1.006430356249999214, 9.221875000614513596, 0.5810628371015488236 ) ) ;
#2682 = CARTESIAN_POINT ( 'NONE',  ( 2.922199054809748253E-15, 8.592132794191444489, 1.446610087049238658 ) ) ;
#2683 = CARTESIAN_POINT ( 'NONE',  ( -0.6249999999999993339, 6.549999999999997158, -1.082531754730547968 ) ) ;
#2684 = CARTESIAN_POINT ( 'NONE',  ( -0.6250000000000002220, 9.849999999999997868, 1.082531754730547746 ) ) ;
#2685 = CARTESIAN_POINT ( 'NONE',  ( -1.006430356249998548, 0.1093750006145139675, 0.5810628371015493787 ) ) ;
#2686 = CARTESIAN_POINT ( 'NONE',  ( -1.006430356249999880, 8.246875000614512174, -0.5810628371015476024 ) ) ;
#2687 = CARTESIAN_POINT ( 'NONE',  ( 0.6249999999999987788, 0.4749999999999969247, 1.082531754730548412 ) ) ;
#2688 = DIRECTION ( 'NONE',  ( -0.000000000000000000, -1.000000000000000000, -0.000000000000000000 ) ) ;
#2689 = CARTESIAN_POINT ( 'NONE',  ( -1.006430356249999880, 2.846875000614513596, -0.5810628371015474913 ) ) ;
#2690 =( BOUNDED_CURVE ( )  B_SPLINE_CURVE ( 2, ( #4595, #1936, #3710, #622, #2373, #2847, #3660, #3682, #5429 ),
 .UNSPECIFIED., .F., .F. ) 
 B_SPLINE_CURVE_WITH_KNOTS ( ( 3, 2, 2, 2, 3 ),
 ( 0.1203703703703703637, 0.1234567901234567833, 0.1296296296296296224, 0.1358024691358024616, 0.1388888888888888951 ),
 .UNSPECIFIED. ) 
 CURVE ( )  GEOMETRIC_REPRESENTATION_ITEM ( )  RATIONAL_B_SPLINE_CURVE ( ( 0.9330127018922194093, 0.9330127018922194093, 1.000000000000000000, 0.8660254037844387076, 1.000000000000000000, 0.8660254037844387076, 1.000000000000000000, 0.9330127018922190762, 0.9330127018922194093 ) ) 
 REPRESENTATION_ITEM ( '' )  );
#2691 = ADVANCED_FACE ( 'NONE', ( #3789 ), #671, .T. ) ;
#2692 = CARTESIAN_POINT ( 'NONE',  ( 1.006430356249998104, 8.434375000614512174, -0.5810628371015496008 ) ) ;
#2693 = CARTESIAN_POINT ( 'NONE',  ( -2.651438096812265438E-16, 2.687499999999996447, 1.443375672974063439 ) ) ;
#2694 = CARTESIAN_POINT ( 'NONE',  ( -0.9276600172171756142, 10.00000000000000000, 0.3903190418595154920 ) ) ;
#2695 = ORIENTED_EDGE ( 'NONE', *, *, #565, .F. ) ;
#2696 = EDGE_LOOP ( 'NONE', ( #1106, #2105, #3242, #3544 ) ) ;
#2697 = CARTESIAN_POINT ( 'NONE',  ( -0.6250000000000002220, 9.849999999999997868, 1.082531754730547746 ) ) ;
#2698 = LINE ( 'NONE', #4027, #5664 ) ;
#2699 = CARTESIAN_POINT ( 'NONE',  ( -0.6264005423777315729, 2.554632794191443956, -1.084957565286927883 ) ) ;
#2700 = CARTESIAN_POINT ( 'NONE',  ( 1.006430356249998104, 1.684375000614513951, -0.5810628371015496008 ) ) ;
#2701 = CARTESIAN_POINT ( 'NONE',  ( 1.006430356249999880, 7.009375000614513240, 0.5810628371015468252 ) ) ;
#2702 = CARTESIAN_POINT ( 'NONE',  ( -1.006430356249998992, 6.071875000614514128, 0.5810628371015487126 ) ) ;
#2703 = CARTESIAN_POINT ( 'NONE',  ( 0.5032151781249999400, 0.7843750006145138176, 0.8715942556523221807 ) ) ;
#2704 = CARTESIAN_POINT ( 'NONE',  ( -1.250000000000000444, 6.193750001229030744, -0.7216878364870294993 ) ) ;
#2705 = FACE_OUTER_BOUND ( 'NONE', #1119, .T. ) ;
#2706 = ORIENTED_EDGE ( 'NONE', *, *, #2764, .F. ) ;
#2707 = VECTOR ( 'NONE', #3147, 999.9999999999998863 ) ;
#2708 = CARTESIAN_POINT ( 'NONE',  ( 1.530808498934191571E-16, 0.4500000000000000111, -1.250000000000000000 ) ) ;
#2709 = CARTESIAN_POINT ( 'NONE',  ( 2.589005085426956094E-05, 7.918748447826231107, -1.249999999731881362 ) ) ;
#2710 = LINE ( 'NONE', #2673, #4813 ) ;
#2711 = CARTESIAN_POINT ( 'NONE',  ( -0.6250000000000017764, 4.806250001229030566, -1.082531754730546636 ) ) ;
#2712 = AXIS2_PLACEMENT_3D ( 'NONE', #549, #996, #4467 ) ;
#2713 = CARTESIAN_POINT ( 'NONE',  ( 1.006430356249998104, 6.634375000614514128, -0.5810628371015496008 ) ) ;
#2714 = CARTESIAN_POINT ( 'NONE',  ( -0.6250000000000002220, 7.599999999999996092, 1.082531754730547746 ) ) ;
#2715 = ORIENTED_EDGE ( 'NONE', *, *, #3311, .T. ) ;
#2716 = AXIS2_PLACEMENT_3D ( 'NONE', #376, #5648, #266 ) ;
#2717 = CYLINDRICAL_SURFACE ( 'NONE', #2712, 1.249999999999999334 ) ;
#2718 = CARTESIAN_POINT ( 'NONE',  ( 1.252801084755457373, 9.642132794191443423, -0.7233050435246219934 ) ) ;
#2719 = CARTESIAN_POINT ( 'NONE',  ( -1.240208996872928182, 0.3948836029440269124, -0.1031568985200106009 ) ) ;
#2720 = CARTESIAN_POINT ( 'NONE',  ( -5.868324150301105755E-15, 3.362499999999996714, -1.249999999999999556 ) ) ;
#2722 = VERTEX_POINT ( 'NONE', #3758 ) ;
#2721 = CARTESIAN_POINT ( 'NONE',  ( -1.006430356249999880, 10.04687500061451289, -0.5810628371015476024 ) ) ;
#2723 = TOROIDAL_SURFACE ( 'NONE', #4282, 2.100000000000000089, 0.1499999999999999944 ) ;
#2724 = PRODUCT_DEFINITION_CONTEXT ( 'detailed design', #4647, 'design' ) ;
#2725 = CARTESIAN_POINT ( 'NONE',  ( 0.5032151781249999400, 4.384375000614514128, 0.8715942556523221807 ) ) ;
#2726 = CARTESIAN_POINT ( 'NONE',  ( 1.006430356249999436, 9.296875000614512885, -1.767562423498186358E-15 ) ) ;
#2727 = CARTESIAN_POINT ( 'NONE',  ( -1.249999999999999778, 2.162499999999996980, 0.7216878364870313867 ) ) ;
#2728 = CARTESIAN_POINT ( 'NONE',  ( 1.078548590673208107E-05, 8.593929111475189231, 1.249999999908919968 ) ) ;
#2729 = VERTEX_POINT ( 'NONE', #5534 ) ;
#2730 = EDGE_CURVE ( 'NONE', #5123, #3120, #2954, .T. ) ;
#2731 = ORIENTED_EDGE ( 'NONE', *, *, #4456, .F. ) ;
#2732 = CARTESIAN_POINT ( 'NONE',  ( 0.6249999999999997780, 10.07499999999999751, -1.082531754730547746 ) ) ;
#2733 = PLANE ( 'NONE',  #741 ) ;
#2734 = CARTESIAN_POINT ( 'NONE',  ( -1.252801084755460259, 3.492132794191443956, -0.7233050435246171084 ) ) ;
#2735 = CARTESIAN_POINT ( 'NONE',  ( -1.006430356249999436, 1.871875000614513729, 1.644310252063557226E-15 ) ) ;
#2736 = AXIS2_PLACEMENT_3D ( 'NONE', #4568, #69, #3741 ) ;
#2737 = CARTESIAN_POINT ( 'NONE',  ( -0.5032151781249986078, 5.546875000614513773, 0.8715942556523228468 ) ) ;
#2738 = CARTESIAN_POINT ( 'NONE',  ( -1.006430356249999658, 5.584375000614513418, 8.587269508238524180E-16 ) ) ;
#2739 = CARTESIAN_POINT ( 'NONE',  ( -1.062732146793064886E-15, 3.221875000614513596, -1.162125674203096537 ) ) ;
#2740 = CARTESIAN_POINT ( 'NONE',  ( -0.7264155617756840044, 0.02812500184355259600, -0.7012301754891819838 ) ) ;
#2741 = DIRECTION ( 'NONE',  ( -0.3535533905932697341, -0.7071067811865489050, 0.6123724356957954695 ) ) ;
#2742 = CARTESIAN_POINT ( 'NONE',  ( -3.569075380924708916E-16, 11.40000000000000036, 1.154700538379252128 ) ) ;
#2743 = CARTESIAN_POINT ( 'NONE',  ( 0.6250000000000012212, 5.031250001229031099, 1.082531754730547080 ) ) ;
#2744 = EDGE_CURVE ( 'NONE', #1847, #441, #1567, .T. ) ;
#2745 = CARTESIAN_POINT ( 'NONE',  ( 0.5032151781250004952, 7.871875000614512174, 0.8715942556523216256 ) ) ;
#2746 = CARTESIAN_POINT ( 'NONE',  ( 1.250000000000000444, 6.868750001229028790, 0.7216878364870297213 ) ) ;
#2747 = ORIENTED_EDGE ( 'NONE', *, *, #3418, .T. ) ;
#2748 = CARTESIAN_POINT ( 'NONE',  ( -1.337862092529570397E-05, 2.968750803946192729, -1.249999999928404604 ) ) ;
#2749 = CARTESIAN_POINT ( 'NONE',  ( 0.6249999999999974465, -1.118749998770968812, -1.082531754730548856 ) ) ;
#2750 = CARTESIAN_POINT ( 'NONE',  ( 1.452949501128095424E-05, 1.843985663546498843, 1.249999999842217546 ) ) ;
#2751 = CARTESIAN_POINT ( 'NONE',  ( -0.5032151781249986078, 0.1468750006145139453, 0.8715942556523228468 ) ) ;
#2752 = EDGE_CURVE ( 'NONE', #5139, #2729, #4329, .T. ) ;
#2753 = CARTESIAN_POINT ( 'NONE',  ( 1.006430356249998104, 0.3343750006145139175, -0.5810628371015496008 ) ) ;
#2754 = CARTESIAN_POINT ( 'NONE',  ( -1.062732146793064886E-15, 9.071875000614513240, -1.162125674203096537 ) ) ;
#2755 = CARTESIAN_POINT ( 'NONE',  ( 1.006430356249999658, 5.359375000614512885, -9.819791222584817478E-16 ) ) ;
#2756 = CARTESIAN_POINT ( 'NONE',  ( -1.006430356249998548, 7.309375000614513063, 0.5810628371015493787 ) ) ;
#2757 = CARTESIAN_POINT ( 'NONE',  ( 8.838126989374219771E-17, 2.462499999999996803, -1.443375672974063439 ) ) ;
#2758 = CARTESIAN_POINT ( 'NONE',  ( -1.006126155200196104, 9.999999999999998224, 0.1354259290969726803 ) ) ;
#2759 = ORIENTED_EDGE ( 'NONE', *, *, #5424, .T. ) ;
#2760 = ORIENTED_EDGE ( 'NONE', *, *, #4135, .F. ) ;
#2761 = CARTESIAN_POINT ( 'NONE',  ( -1.249999999999999334, 10.22499999999999432, -1.530808498934190831E-16 ) ) ;
#2762 = CARTESIAN_POINT ( 'NONE',  ( -3.099357696081660789E-15, 2.517132794191442979, -1.446610087049238658 ) ) ;
#2763 = CARTESIAN_POINT ( 'NONE',  ( -0.5032151781249986078, 0.5968750006145138176, 0.8715942556523228468 ) ) ;
#2764 = EDGE_CURVE ( 'NONE', #4348, #1778, #5690, .T. ) ;
#2765 = CARTESIAN_POINT ( 'NONE',  ( 1.827526258964323273E-15, 5.134375000614514128, 1.162125674203096093 ) ) ;
#2766 = CARTESIAN_POINT ( 'NONE',  ( -1.006430356249999658, 7.834375000614512530, 8.587269508238524180E-16 ) ) ;
#2767 = CARTESIAN_POINT ( 'NONE',  ( -0.6249999999999978906, 6.306250001229030566, 1.082531754730548856 ) ) ;
#2768 =( BOUNDED_CURVE ( )  B_SPLINE_CURVE ( 2, ( #903, #375, #2649, #1285, #3060, #2620, #3978, #4438, #2186 ),
 .UNSPECIFIED., .F., .T. ) 
 B_SPLINE_CURVE_WITH_KNOTS ( ( 3, 2, 2, 2, 3 ),
 ( 0.7150263181850209371, 0.7182046642229731326, 0.7245604577116725453, 0.7309162512003719581, 0.7340941222835803970 ),
 .UNSPECIFIED. ) 
 CURVE ( )  GEOMETRIC_REPRESENTATION_ITEM ( )  RATIONAL_B_SPLINE_CURVE ( ( 0.9330127032311971158, 0.9330032311740346085, 1.000000000000000000, 0.8660254037844387076, 1.000000000000000000, 0.8660254037844387076, 1.000000000000000000, 0.9330132428067458017, 0.9330127018965871377 ) ) 
 REPRESENTATION_ITEM ( '' )  );
#2769 = CARTESIAN_POINT ( 'NONE',  ( 0.000000000000000000, 0.4500000000000000111, 0.000000000000000000 ) ) ;
#2770 = B_SPLINE_CURVE_WITH_KNOTS ( 'NONE', 3,
 ( #1366, #4898, #924, #4457 ),
 .UNSPECIFIED., .F., .F.,
 ( 4, 4 ),
 ( 0.003800343051735057508, 0.004432871068913691280 ),
 .UNSPECIFIED. ) ;
#2771 = CARTESIAN_POINT ( 'NONE',  ( -0.7142857142857133024, 11.11428571428571388, -0.4123930494211585085 ) ) ;
#2772 = EDGE_CURVE ( 'NONE', #3088, #2165, #1693, .T. ) ;
#2773 = CARTESIAN_POINT ( 'NONE',  ( -0.6249999999999978906, 6.756250001229029856, 1.082531754730548856 ) ) ;
#2774 = CARTESIAN_POINT ( 'NONE',  ( 1.249999999999999112, -0.3875000000000030087, 0.7216878364870323859 ) ) ;
#2775 = CARTESIAN_POINT ( 'NONE',  ( 1.006430356249998104, 8.434375000614512174, -0.5810628371015496008 ) ) ;
#2776 = CARTESIAN_POINT ( 'NONE',  ( -0.6250000000000017764, 5.256250001229030744, -1.082531754730546636 ) ) ;
#2777 = CARTESIAN_POINT ( 'NONE',  ( -0.3349244748911519021, 7.938845469722498827, -1.250006937237464033 ) ) ;
#2778 = CARTESIAN_POINT ( 'NONE',  ( 1.250000000000000444, -0.7812499987709687899, 0.7216878364870298324 ) ) ;
#2779 = CARTESIAN_POINT ( 'NONE',  ( -1.006430356249999436, 1.421875000614513773, 1.644310252063557226E-15 ) ) ;
#2780 = CARTESIAN_POINT ( 'NONE',  ( 0.5032151781249982747, 1.271875000614513862, -0.8715942556523229579 ) ) ;
#2781 = CARTESIAN_POINT ( 'NONE',  ( 1.006430356249999658, 9.821875000614511464, 0.5810628371015478244 ) ) ;
#2782 = EDGE_CURVE ( 'NONE', #4066, #2885, #3319, .T. ) ;
#2783 = CARTESIAN_POINT ( 'NONE',  ( -0.5032151781249993849, 3.859375000614513773, 0.8715942556523227358 ) ) ;
#2784 = CARTESIAN_POINT ( 'NONE',  ( -1.006430356249999436, 8.621875000614512174, 1.644310252063557226E-15 ) ) ;
#2785 = CARTESIAN_POINT ( 'NONE',  ( -0.1885447085142745449, 0.1353980157448430588, 1.055824856936229850 ) ) ;
#2786 = ORIENTED_EDGE ( 'NONE', *, *, #1676, .F. ) ;
#2787 = CARTESIAN_POINT ( 'NONE',  ( 0.6249999999999997780, 1.074999999999997069, -1.082531754730547746 ) ) ;
#2788 = CARTESIAN_POINT ( 'NONE',  ( 1.252801084755460037, 3.717132794191443157, 0.7233050435246172194 ) ) ;
#2789 = CARTESIAN_POINT ( 'NONE',  ( -1.006430356250000324, 0.4843750006145138842, -0.5810628371015467142 ) ) ;
#2790 = CARTESIAN_POINT ( 'NONE',  ( 1.006430356249999880, 5.209375000614514306, 0.5810628371015468252 ) ) ;
#2791 = CARTESIAN_POINT ( 'NONE',  ( 9.204127980810863719E-16, 8.396875000614512530, 1.162125674203096537 ) ) ;
#2792 = DIRECTION ( 'NONE',  ( -0.000000000000000000, -1.000000000000000000, -0.000000000000000000 ) ) ;
#2793 = CARTESIAN_POINT ( 'NONE',  ( 1.249999999999997780, 7.843750001229031099, -0.7216878364870343843 ) ) ;
#2794 = CARTESIAN_POINT ( 'NONE',  ( 2.909753293500117656E-15, 6.343750001229031099, 1.443375672974063439 ) ) ;
#2795 = CARTESIAN_POINT ( 'NONE',  ( -1.006430356250000324, 9.034375000614511819, -0.5810628371015467142 ) ) ;
#2796 = CARTESIAN_POINT ( 'NONE',  ( 0.6249999999999997780, 7.374999999999997335, -1.082531754730547746 ) ) ;
#2797 = LINE ( 'NONE', #2884, #766 ) ;
#2798 = AXIS2_PLACEMENT_3D ( 'NONE', #5726, #3578, #3081 ) ;
#2799 = VERTEX_POINT ( 'NONE', #349 ) ;
#2800 = CARTESIAN_POINT ( 'NONE',  ( -4.938688641342514686E-16, 9.437499999999994671, 1.249999999999999334 ) ) ;
#2801 = CARTESIAN_POINT ( 'NONE',  ( 0.6250000000000012212, -0.3687499987709688676, 1.082531754730547080 ) ) ;
#2802 = CIRCLE ( 'NONE', #4732, 2.250000000000000000 ) ;
#2803 = CARTESIAN_POINT ( 'NONE',  ( -1.006430356250000102, 1.384375000614514128, -0.5810628371015466032 ) ) ;
#2804 = CARTESIAN_POINT ( 'NONE',  ( -1.006430356250000324, 2.734375000614513773, -0.5810628371015467142 ) ) ;
#2806 = ORIENTED_EDGE ( 'NONE', *, *, #1381, .F. ) ;
#2805 = CARTESIAN_POINT ( 'NONE',  ( 9.204127980810867663E-16, 10.64687500061451075, 1.162125674203096537 ) ) ;
#2807 = AXIS2_PLACEMENT_3D ( 'NONE', #4217, #3470, #5595 ) ;
#2808 = CARTESIAN_POINT ( 'NONE',  ( 1.006430356249998992, 3.596875000614514040, -0.5810628371015489346 ) ) ;
#2809 = CARTESIAN_POINT ( 'NONE',  ( -1.006430356249999436, 10.42187500061451289, 1.644310252063557226E-15 ) ) ;
#2810 = CARTESIAN_POINT ( 'NONE',  ( 4.415768667553307481E-15, 0.09374999999999439337, -1.044318966601190279 ) ) ;
#2811 = ADVANCED_FACE ( 'NONE', ( #2099 ), #3471, .T. ) ;
#2812 = ORIENTED_EDGE ( 'NONE', *, *, #4107, .T. ) ;
#2813 = ORIENTED_EDGE ( 'NONE', *, *, #5684, .T. ) ;
#2814 = CARTESIAN_POINT ( 'NONE',  ( 0.6250000000000012212, 4.131250001229030744, 1.082531754730547080 ) ) ;
#2815 = CARTESIAN_POINT ( 'NONE',  ( -0.6264005423777315729, 4.804632794191443068, -1.084957565286927883 ) ) ;
#2816 = CARTESIAN_POINT ( 'NONE',  ( 1.006430356249999436, 2.996875000614513951, -1.767562423498186358E-15 ) ) ;
#2817 = CARTESIAN_POINT ( 'NONE',  ( 1.006430356249999880, 7.909375000614513596, 0.5810628371015468252 ) ) ;
#2818 = EDGE_CURVE ( 'NONE', #3406, #3923, #2501, .T. ) ;
#2819 = CARTESIAN_POINT ( 'NONE',  ( -0.3349364905389057845, 2.932596189432331801, -1.249999999999997780 ) ) ;
#2820 = CARTESIAN_POINT ( 'NONE',  ( 0.000000000000000000, 10.00000000000000000, -1.249999999999999334 ) ) ;
#2821 = CARTESIAN_POINT ( 'NONE',  ( -1.250000000000000444, 3.043750001229031277, -0.7216878364870294993 ) ) ;
#2822 = CARTESIAN_POINT ( 'NONE',  ( 0.6250000000000012212, 6.381250001229030744, 1.082531754730547080 ) ) ;
#2823 = CARTESIAN_POINT ( 'NONE',  ( 1.249999999999999334, -0.3500000000000029754, 0.000000000000000000 ) ) ;
#2824 = CARTESIAN_POINT ( 'NONE',  ( -1.006430356249999436, 9.521875000614512530, 1.644310252063557226E-15 ) ) ;
#2825 = CARTESIAN_POINT ( 'NONE',  ( 8.838126989374219771E-17, 5.612499999999997158, -1.443375672974063439 ) ) ;
#2826 = CARTESIAN_POINT ( 'NONE',  ( -4.938688641342514686E-16, 2.687499999999996447, 1.249999999999999334 ) ) ;
#2827 = ORIENTED_EDGE ( 'NONE', *, *, #3576, .T. ) ;
#2828 = DIRECTION ( 'NONE',  ( -0.000000000000000000, -1.000000000000000000, -0.000000000000000000 ) ) ;
#2829 = CARTESIAN_POINT ( 'NONE',  ( -0.6264005423777275761, 9.904632794191440937, 1.084957565286930325 ) ) ;
#2830 = CARTESIAN_POINT ( 'NONE',  ( 0.5032151781250004952, 0.6718750006145137732, 0.8715942556523216256 ) ) ;
#2831 = CARTESIAN_POINT ( 'NONE',  ( 0.5032151781250004952, 1.571875000614513684, 0.8715942556523216256 ) ) ;
#2832 = CARTESIAN_POINT ( 'NONE',  ( -0.5032151781249993849, 10.60937500061451289, 0.8715942556523227358 ) ) ;
#2833 = CARTESIAN_POINT ( 'NONE',  ( 0.6249999999999987788, 8.574999999999995737, 1.082531754730548412 ) ) ;
#2834 = CARTESIAN_POINT ( 'NONE',  ( 9.204127980810865691E-16, 4.346875000614513596, 1.162125674203096537 ) ) ;
#2835 = LINE ( 'NONE', #4584, #947 ) ;
#2836 = CARTESIAN_POINT ( 'NONE',  ( 0.000000000000000000, 0.4500000000000000111, 0.000000000000000000 ) ) ;
#2837 = CARTESIAN_POINT ( 'NONE',  ( -1.006430356249998992, 3.371875000614513507, 0.5810628371015487126 ) ) ;
#2838 = VERTEX_POINT ( 'NONE', #2957 ) ;
#2839 = CARTESIAN_POINT ( 'NONE',  ( 1.249999999999999556, 10.93749999999999645, -0.7216878364870316087 ) ) ;
#2840 = FACE_OUTER_BOUND ( 'NONE', #3654, .T. ) ;
#2841 = ADVANCED_FACE ( 'NONE', ( #5178 ), #322, .T. ) ;
#2842 = CARTESIAN_POINT ( 'NONE',  ( -1.000000000000000444, 12.35000000000000320, 0.5773502691896261751 ) ) ;
#2843 = CARTESIAN_POINT ( 'NONE',  ( 0.6264005423777310178, 5.479632794191443779, 1.084957565286928327 ) ) ;
#2844 = CARTESIAN_POINT ( 'NONE',  ( -1.006430356249999436, 4.571875000614514128, 1.644310252063557226E-15 ) ) ;
#2845 = CARTESIAN_POINT ( 'NONE',  ( -0.5032151781249986078, 7.796875000614512885, 0.8715942556523228468 ) ) ;
#2846 = CARTESIAN_POINT ( 'NONE',  ( 1.006430356249999658, 7.121875000614512174, 0.5810628371015478244 ) ) ;
#2847 = CARTESIAN_POINT ( 'NONE',  ( -1.249999999999999556, 0.8124999999999967804, 0.7216878364870313867 ) ) ;
#2848 = ADVANCED_FACE ( 'NONE', ( #403 ), #4878, .T. ) ;
#2849 = DIRECTION ( 'NONE',  ( 0.7071067811865462405, -0.7071067811865489050, -7.436077881698118074E-15 ) ) ;
#2850 = CARTESIAN_POINT ( 'NONE',  ( 1.249999999999998002, 9.193750001229032520, -0.7216878364870344953 ) ) ;
#2851 = CARTESIAN_POINT ( 'NONE',  ( -0.5032151781249986078, 9.596875000614513596, 0.8715942556523228468 ) ) ;
#2852 = CARTESIAN_POINT ( 'NONE',  ( 0.6249999999999997780, 6.024999999999996803, -1.082531754730547746 ) ) ;
#2853 = CARTESIAN_POINT ( 'NONE',  ( 0.3349364905389018987, 1.542403810567662514, -1.249999999999999778 ) ) ;
#2854 = CARTESIAN_POINT ( 'NONE',  ( -1.000000000000000444, 11.40000000000000036, 0.5773502691896261751 ) ) ;
#2855 = VERTEX_POINT ( 'NONE', #2187 ) ;
#2856 = CARTESIAN_POINT ( 'NONE',  ( 0.000000000000000000, 10.00000000000000000, 0.000000000000000000 ) ) ;
#2857 = CARTESIAN_POINT ( 'NONE',  ( 1.250000000000000444, 0.1187500012290311213, 0.7216878364870298324 ) ) ;
#2858 = CARTESIAN_POINT ( 'NONE',  ( 1.743066579297358255E-16, 6.512499999999996625, -1.249999999999999112 ) ) ;
#2859 = B_SPLINE_CURVE_WITH_KNOTS ( 'NONE', 3,
 ( #5586, #695, #5141, #1167, #2530, #2067, #3868, #5639, #2208, #929 ),
 .UNSPECIFIED., .F., .F.,
 ( 4, 2, 2, 2, 4 ),
 ( 0.000000000000000000, 0.0005566708909964753794, 0.001113341781992950759, 0.001670012672989426138, 0.002226683563985901518 ),
 .UNSPECIFIED. ) ;
#2860 = CARTESIAN_POINT ( 'NONE',  ( -1.006430356249999436, 1.871875000614513729, 1.644310252063557226E-15 ) ) ;
#2861 = CARTESIAN_POINT ( 'NONE',  ( 1.827526258964323273E-15, 1.084375000614513640, 1.162125674203096093 ) ) ;
#2862 = CARTESIAN_POINT ( 'NONE',  ( 0.000000000000000000, 10.15000000000000036, 0.000000000000000000 ) ) ;
#2863 = CARTESIAN_POINT ( 'NONE',  ( -0.5032151781249993849, 6.559375000614513951, 0.8715942556523227358 ) ) ;
#2864 = CARTESIAN_POINT ( 'NONE',  ( 1.827526258964323273E-15, 10.08437500061451253, 1.162125674203096093 ) ) ;
#2865 = CARTESIAN_POINT ( 'NONE',  ( -4.938688641342514686E-16, 6.737499999999995381, 1.249999999999999334 ) ) ;
#2866 = CARTESIAN_POINT ( 'NONE',  ( -0.5032151781249993849, 4.759375000614513240, 0.8715942556523227358 ) ) ;
#2867 = VERTEX_POINT ( 'NONE', #3525 ) ;
#2868 = CARTESIAN_POINT ( 'NONE',  ( -0.6250000000000017764, 7.506250001229030744, -1.082531754730546636 ) ) ;
#2869 = CARTESIAN_POINT ( 'NONE',  ( -0.6250000000000017764, 7.056250001229029678, -1.082531754730546636 ) ) ;
#2870 = CARTESIAN_POINT ( 'NONE',  ( 2.922199054809748253E-15, 6.792132794191443779, 1.446610087049238658 ) ) ;
#2871 = CARTESIAN_POINT ( 'NONE',  ( -1.006430356249999436, 4.121875000614513951, 1.644310252063557226E-15 ) ) ;
#2872 = CARTESIAN_POINT ( 'NONE',  ( 1.006430356249998326, 7.984375000614511109, -0.5810628371015497118 ) ) ;
#2873 = CARTESIAN_POINT ( 'NONE',  ( 0.5032151781249999400, 7.084375000614513418, 0.8715942556523221807 ) ) ;
#2874 = DIRECTION ( 'NONE',  ( 0.000000000000000000, 0.000000000000000000, -1.000000000000000000 ) ) ;
#2875 = PLANE ( 'NONE',  #4738 ) ;
#2876 =( BOUNDED_CURVE ( )  B_SPLINE_CURVE ( 2, ( #1280, #490, #3086, #2746, #3974, #4465, #4841, #4872, #4040 ),
 .UNSPECIFIED., .F., .T. ) 
 B_SPLINE_CURVE_WITH_KNOTS ( ( 3, 2, 2, 2, 3 ),
 ( 0.6768916199024076485, 0.6800699032907810970, 0.6864256967794799547, 0.6927814902681788123, 0.6959593716431893284 ),
 .UNSPECIFIED. ) 
 CURVE ( )  GEOMETRIC_REPRESENTATION_ITEM ( )  RATIONAL_B_SPLINE_CURVE ( ( 0.9330127028838169911, 0.9330045517726326398, 1.000000000000000000, 0.8660254037844387076, 1.000000000000000000, 0.8660254037844387076, 1.000000000000000000, 0.9330130258645111807, 0.9330127018937861560 ) ) 
 REPRESENTATION_ITEM ( '' )  );
#2877 = CARTESIAN_POINT ( 'NONE',  ( -1.249999999999999334, 7.131250001229030744, 2.596460695863248776E-15 ) ) ;
#2878 = CARTESIAN_POINT ( 'NONE',  ( -2.651438096812265438E-16, 4.487499999999997158, 1.443375672974063439 ) ) ;
#2879 = CARTESIAN_POINT ( 'NONE',  ( 0.1747365349749472885, 10.85885349342155237, -0.9911454006988328347 ) ) ;
#2880 = CARTESIAN_POINT ( 'NONE',  ( 1.006430356249999658, 0.4093750006145138731, -9.819791222584819450E-16 ) ) ;
#2881 = CARTESIAN_POINT ( 'NONE',  ( 1.249999999999999112, 6.812499999999996447, 0.7216878364870323859 ) ) ;
#2882 = EDGE_CURVE ( 'NONE', #4701, #5553, #783, .T. ) ;
#2883 = CARTESIAN_POINT ( 'NONE',  ( 0.3349364905389040636, 1.357596189432331180, 1.249999999999998890 ) ) ;
#2884 = CARTESIAN_POINT ( 'NONE',  ( 0.000000000000000000, 10.00000000000000000, -1.249999999999999334 ) ) ;
#2885 = VERTEX_POINT ( 'NONE', #2720 ) ;
#2886 = CARTESIAN_POINT ( 'NONE',  ( -0.6249999999999978906, 0.9062500012290310991, 1.082531754730548856 ) ) ;
#2887 = CARTESIAN_POINT ( 'NONE',  ( -3.086515833287601756E-15, 1.618750001229031232, -1.443375672974063439 ) ) ;
#2888 = CARTESIAN_POINT ( 'NONE',  ( 1.249999999999999112, 9.962499999999995026, 0.7216878364870324969 ) ) ;
#2889 = CARTESIAN_POINT ( 'NONE',  ( -0.5032151781249986078, 3.296875000614513773, 0.8715942556523228468 ) ) ;
#2890 = CIRCLE ( 'NONE', #363, 0.1499999999999999667 ) ;
#2891 = CARTESIAN_POINT ( 'NONE',  ( -1.006430356250000324, 2.284375000614513596, -0.5810628371015467142 ) ) ;
#2892 = EDGE_CURVE ( 'NONE', #3122, #3040, #2901, .T. ) ;
#2893 = LINE ( 'NONE', #5115, #5210 ) ;
#2894 = VECTOR ( 'NONE', #4253, 1000.000000000000000 ) ;
#2895 = CARTESIAN_POINT ( 'NONE',  ( 1.006430356249999658, 8.059375000614512174, -9.819791222584817478E-16 ) ) ;
#2896 = DIRECTION ( 'NONE',  ( -0.000000000000000000, -1.000000000000000000, -0.000000000000000000 ) ) ;
#2897 = CARTESIAN_POINT ( 'NONE',  ( -2.847008746185685470E-15, 1.562499999999997113, -1.249999999999999334 ) ) ;
#2898 = CARTESIAN_POINT ( 'NONE',  ( 1.249999999999999556, 4.187499999999997335, -0.7216878364870316087 ) ) ;
#2899 = CARTESIAN_POINT ( 'NONE',  ( -0.5786509504792158864, 0.1541788916994773218, -0.9230155632245115038 ) ) ;
#2900 = CARTESIAN_POINT ( 'NONE',  ( 1.006430356249999658, 4.421875000614512885, 0.5810628371015478244 ) ) ;
#2901 = CIRCLE ( 'NONE', #2427, 2.250000000000000000 ) ;
#2902 = ORIENTED_EDGE ( 'NONE', *, *, #3889, .F. ) ;
#2903 = DIRECTION ( 'NONE',  ( 0.000000000000000000, 0.000000000000000000, 1.000000000000000000 ) ) ;
#2904 = CARTESIAN_POINT ( 'NONE',  ( 0.5032151781249999400, 0.7843750006145138176, 0.8715942556523221807 ) ) ;
#2905 = AXIS2_PLACEMENT_3D ( 'NONE', #2541, #4305, #5179 ) ;
#2906 = CARTESIAN_POINT ( 'NONE',  ( -1.249999999999998002, 7.168750001229029500, 0.7216878364870340512 ) ) ;
#2907 = CARTESIAN_POINT ( 'NONE',  ( 1.252801084755457373, 5.592132794191442713, -0.7233050435246219934 ) ) ;
#2908 = CARTESIAN_POINT ( 'NONE',  ( 0.5032151781249982747, 3.521875000614513418, -0.8715942556523229579 ) ) ;
#2909 = CARTESIAN_POINT ( 'NONE',  ( -1.006430356249999436, 8.171875000614512885, 1.644310252063557226E-15 ) ) ;
#2910 = CARTESIAN_POINT ( 'NONE',  ( -0.7142857142857139685, 12.06428571428571850, 0.4123930494211611175 ) ) ;
#2911 = CARTESIAN_POINT ( 'NONE',  ( -1.337862092529570397E-05, 2.968750803946192729, -1.249999999928404604 ) ) ;
#2912 = CARTESIAN_POINT ( 'NONE',  ( -3.086515833287601756E-15, 7.918750001229029500, -1.443375672974063439 ) ) ;
#2913 = CARTESIAN_POINT ( 'NONE',  ( -0.6250000000000002220, 0.3999999999999969136, 1.082531754730547746 ) ) ;
#2914 = CARTESIAN_POINT ( 'NONE',  ( 0.5032151781249990519, 2.734375000614513773, -0.8715942556523228468 ) ) ;
#2915 = CARTESIAN_POINT ( 'NONE',  ( -1.062732146793064886E-15, 0.07187500061451397582, -1.162125674203096537 ) ) ;
#2916 = CARTESIAN_POINT ( 'NONE',  ( -0.6249999999999993339, 6.999999999999996447, -1.082531754730547968 ) ) ;
#2918 = ORIENTED_EDGE ( 'NONE', *, *, #1643, .F. ) ;
#2917 = CARTESIAN_POINT ( 'NONE',  ( 1.249999999999999112, 3.662499999999996536, 0.7216878364870324969 ) ) ;
#2919 = ORIENTED_EDGE ( 'NONE', *, *, #2576, .F. ) ;
#2920 = DIRECTION ( 'NONE',  ( 0.000000000000000000, 0.000000000000000000, -1.000000000000000000 ) ) ;
#2921 = ADVANCED_FACE ( 'NONE', ( #1316 ), #4379, .T. ) ;
#2922 = CARTESIAN_POINT ( 'NONE',  ( 0.6249999999999974465, 0.6812500012290312323, -1.082531754730548856 ) ) ;
#2923 = CARTESIAN_POINT ( 'NONE',  ( -4.938688641342514686E-16, 7.187499999999996447, 1.249999999999999334 ) ) ;
#2924 = CARTESIAN_POINT ( 'NONE',  ( 0.5032151781250004952, 2.921875000614513773, 0.8715942556523216256 ) ) ;
#2925 = CARTESIAN_POINT ( 'NONE',  ( 0.5032151781250004952, 5.171875000614513773, 0.8715942556523216256 ) ) ;
#2926 = LINE ( 'NONE', #4272, #2534 ) ;
#2927 = ORIENTED_EDGE ( 'NONE', *, *, #1676, .T. ) ;
#2928 = CARTESIAN_POINT ( 'NONE',  ( 1.006430356249998992, 7.196875000614512352, -0.5810628371015489346 ) ) ;
#2929 = EDGE_CURVE ( 'NONE', #1836, #3087, #872, .T. ) ;
#2930 = CARTESIAN_POINT ( 'NONE',  ( -0.6250000000000017764, 2.556250001229031010, -1.082531754730546636 ) ) ;
#2931 = CARTESIAN_POINT ( 'NONE',  ( 1.006430356249999880, 10.15937500061451004, 0.5810628371015469362 ) ) ;
#2932 = LINE ( 'NONE', #4680, #3083 ) ;
#2933 = CARTESIAN_POINT ( 'NONE',  ( -1.062732146793064886E-15, 4.571875000614513240, -1.162125674203096537 ) ) ;
#2934 = ORIENTED_EDGE ( 'NONE', *, *, #4463, .F. ) ;
#2935 = DIRECTION ( 'NONE',  ( 0.000000000000000000, 0.000000000000000000, -1.000000000000000000 ) ) ;
#2936 = DIRECTION ( 'NONE',  ( -1.051620219116009054E-14, 0.000000000000000000, -1.000000000000000000 ) ) ;
#2937 = CARTESIAN_POINT ( 'NONE',  ( 0.6264005423777272430, 4.729632794191443779, -1.084957565286930325 ) ) ;
#2938 = CARTESIAN_POINT ( 'NONE',  ( -1.006430356249998548, 3.709375000614513418, 0.5810628371015493787 ) ) ;
#2939 = CARTESIAN_POINT ( 'NONE',  ( -1.006430356249998548, 7.759375000614512352, 0.5810628371015494897 ) ) ;
#2940 =( NAMED_UNIT ( * ) PLANE_ANGLE_UNIT ( ) SI_UNIT ( $, .RADIAN. ) );
#2941 = CARTESIAN_POINT ( 'NONE',  ( 2.922199054809748253E-15, -0.8578672058085562435, 1.446610087049238658 ) ) ;
#2942 = CARTESIAN_POINT ( 'NONE',  ( -1.250000000000000444, 7.543750001229029500, -0.7216878364870296103 ) ) ;
#2943 = CARTESIAN_POINT ( 'NONE',  ( -1.249999999999999778, 0.8124999999999967804, 0.7216878364870313867 ) ) ;
#2944 = CARTESIAN_POINT ( 'NONE',  ( 9.204127980810863719E-16, 3.446875000614514128, 1.162125674203096537 ) ) ;
#2945 = CARTESIAN_POINT ( 'NONE',  ( -0.5032151781250009392, 10.34687500061451182, -0.8715942556523212925 ) ) ;
#2946 = CARTESIAN_POINT ( 'NONE',  ( -0.5032151781249993849, -0.1906249993854860769, 0.8715942556523227358 ) ) ;
#2947 = DIRECTION ( 'NONE',  ( 0.000000000000000000, 0.000000000000000000, -1.000000000000000000 ) ) ;
#2948 = EDGE_LOOP ( 'NONE', ( #896, #5260, #4180, #293 ) ) ;
#2949 = CARTESIAN_POINT ( 'NONE',  ( 0.000000000000000000, 10.00000000000000000, 0.000000000000000000 ) ) ;
#2950 = CARTESIAN_POINT ( 'NONE',  ( 1.249999999999998002, -0.2562499987709687677, -0.7216878364870344953 ) ) ;
#2951 = CARTESIAN_POINT ( 'NONE',  ( -1.000000000000000444, 12.35000000000000320, -0.5773502691896265082 ) ) ;
#2952 = CARTESIAN_POINT ( 'NONE',  ( -1.006430356250000324, 4.534375000614513596, -0.5810628371015467142 ) ) ;
#2953 = CARTESIAN_POINT ( 'NONE',  ( -0.3349364905389043967, 1.132596189432331313, -1.249999999999998668 ) ) ;
#2954 =( BOUNDED_CURVE ( )  B_SPLINE_CURVE ( 2, ( #4704, #2124, #4735, #731, #1204, #3441, #2156, #3415, #5596 ),
 .UNSPECIFIED., .F., .F. ) 
 B_SPLINE_CURVE_WITH_KNOTS ( ( 3, 2, 2, 2, 3 ),
 ( 0.4099481967080068623, 0.4131265767654277443, 0.4194823702541266019, 0.4258381637428255151, 0.4290163046835375749 ),
 .UNSPECIFIED. ) 
 CURVE ( )  GEOMETRIC_REPRESENTATION_ITEM ( )  RATIONAL_B_SPLINE_CURVE ( ( 0.9330127034416422216, 0.9330025140732309819, 1.000000000000000000, 0.8660254037844387076, 1.000000000000000000, 0.8660254037844387076, 1.000000000000000000, 0.9330075544453835246, 0.9330127022877601206 ) ) 
 REPRESENTATION_ITEM ( '' )  );
#2955 = ORIENTED_EDGE ( 'NONE', *, *, #5251, .F. ) ;
#2956 = CARTESIAN_POINT ( 'NONE',  ( -0.5032151781250003841, 8.209375000614512530, -0.8715942556523218476 ) ) ;
#2957 = CARTESIAN_POINT ( 'NONE',  ( -2.242624579000590041E-05, 3.418751514125647262, -1.249999999798824701 ) ) ;
#2958 = CYLINDRICAL_SURFACE ( 'NONE', #2337, 1.249999999999999334 ) ;
#2959 = CARTESIAN_POINT ( 'NONE',  ( -1.006430356249999658, 6.934375000614513951, 8.587269508238526152E-16 ) ) ;
#2960 = FACE_OUTER_BOUND ( 'NONE', #4221, .T. ) ;
#2961 = CARTESIAN_POINT ( 'NONE',  ( -0.6264005423777275761, 7.204632794191443423, 1.084957565286930325 ) ) ;
#2962 = CARTESIAN_POINT ( 'NONE',  ( 0.5032151781249982747, 6.221875000614513596, -0.8715942556523229579 ) ) ;
#2963 = CARTESIAN_POINT ( 'NONE',  ( 1.249999999999999556, 4.637499999999996625, -0.7216878364870316087 ) ) ;
#2964 = CARTESIAN_POINT ( 'NONE',  ( -2.008695040746609630E-05, 5.893426676105029571, 1.249999999702753106 ) ) ;
#2965 = EDGE_LOOP ( 'NONE', ( #1958, #4442, #5604, #2244 ) ) ;
#2966 = CARTESIAN_POINT ( 'NONE',  ( 1.252801084755460037, 0.1171327941914436510, 0.7233050435246172194 ) ) ;
#2967 = CARTESIAN_POINT ( 'NONE',  ( -0.6250000000000017764, 8.856250001229030389, -1.082531754730546636 ) ) ;
#2968 = CARTESIAN_POINT ( 'NONE',  ( -1.006430356249998992, 3.371875000614513507, 0.5810628371015487126 ) ) ;
#2969 = CARTESIAN_POINT ( 'NONE',  ( 0.5032151781250004952, 10.57187500061451146, 0.8715942556523216256 ) ) ;
#2970 = CYLINDRICAL_SURFACE ( 'NONE', #4350, 1.249999999999999334 ) ;
#2971 = CARTESIAN_POINT ( 'NONE',  ( 1.096398089975552992, 0.2180729922674546906, 0.2553684597262881883 ) ) ;
#2972 = VERTEX_POINT ( 'NONE', #3980 ) ;
#2973 = CARTESIAN_POINT ( 'NONE',  ( -0.6249999999999978906, 2.256250001229030744, 1.082531754730548856 ) ) ;
#2974 = DIRECTION ( 'NONE',  ( 0.000000000000000000, 0.000000000000000000, -1.000000000000000000 ) ) ;
#2975 = CARTESIAN_POINT ( 'NONE',  ( 2.909753293500117656E-15, 0.9437500012290308549, 1.443375672974063439 ) ) ;
#2976 = CARTESIAN_POINT ( 'NONE',  ( -0.5032151781249986078, 2.846875000614514040, 0.8715942556523228468 ) ) ;
#2977 = CARTESIAN_POINT ( 'NONE',  ( 2.755455298081544285E-16, 12.50000000000000000, 2.250000000000000000 ) ) ;
#2978 = ORIENTED_EDGE ( 'NONE', *, *, #3788, .F. ) ;
#2979 = CARTESIAN_POINT ( 'NONE',  ( 1.006430356249998992, 6.296875000614512885, -0.5810628371015489346 ) ) ;
#2980 = CARTESIAN_POINT ( 'NONE',  ( 0.7725424766065301929, 9.990102549825422784, 0.9973480661448631546 ) ) ;
#2981 = CARTESIAN_POINT ( 'NONE',  ( -1.249999999999999334, 7.974999999999996092, -1.530808498934190831E-16 ) ) ;
#2982 = DIRECTION ( 'NONE',  ( -0.000000000000000000, -1.000000000000000000, -0.000000000000000000 ) ) ;
#2983 =( BOUNDED_CURVE ( )  B_SPLINE_CURVE ( 2, ( #2302, #4909, #1169, #5052, #5467, #1576, #4183, #5500, #1140 ),
 .UNSPECIFIED., .F., .T. ) 
 B_SPLINE_CURVE_WITH_KNOTS ( ( 3, 2, 2, 2, 3 ),
 ( 0.9247680525546347896, 0.9279458493500005734, 0.9343016428387143080, 0.9406574363274280426, 0.9438349445662960191 ),
 .UNSPECIFIED. ) 
 CURVE ( )  GEOMETRIC_REPRESENTATION_ITEM ( )  RATIONAL_B_SPLINE_CURVE ( ( 0.9330127019584821824, 0.9330148087299809934, 1.000000000000000000, 0.8660254037844387076, 1.000000000000000000, 0.8660254037844387076, 1.000000000000000000, 0.9330208912498649809, 0.9330127028933878908 ) ) 
 REPRESENTATION_ITEM ( '' )  );
#2984 = CARTESIAN_POINT ( 'NONE',  ( -0.5032151781250003841, 7.759375000614513240, -0.8715942556523218476 ) ) ;
#2985 = AXIS2_PLACEMENT_3D ( 'NONE', #4928, #2741, #5371 ) ;
#2986 = CARTESIAN_POINT ( 'NONE',  ( 0.5441331347455340417, 0.03132576156137694551, -0.8479702623827675145 ) ) ;
#2987 = EDGE_CURVE ( 'NONE', #2855, #4208, #712, .T. ) ;
#2988 = CARTESIAN_POINT ( 'NONE',  ( -1.969845607676301195E-15, 5.809375000614513951, -1.162125674203096093 ) ) ;
#2989 = AXIS2_PLACEMENT_3D ( 'NONE', #3115, #4866, #4425 ) ;
#2990 = CARTESIAN_POINT ( 'NONE',  ( 1.249999999999999334, 5.537499999999996092, -0.7216878364870317197 ) ) ;
#2991 = EDGE_LOOP ( 'NONE', ( #1640, #2759, #721, #4918 ) ) ;
#2992 = VECTOR ( 'NONE', #862, 1000.000000000000114 ) ;
#2993 = CARTESIAN_POINT ( 'NONE',  ( -0.6264005423777315729, 1.654632794191443379, -1.084957565286927883 ) ) ;
#2994 = EDGE_CURVE ( 'NONE', #3344, #1836, #2113, .T. ) ;
#2995 = CARTESIAN_POINT ( 'NONE',  ( 2.909753293500117656E-15, 9.493750001229029678, 1.443375672974063439 ) ) ;
#2996 = CARTESIAN_POINT ( 'NONE',  ( -1.006430356249998992, 2.921875000614513773, 0.5810628371015487126 ) ) ;
#2997 = CARTESIAN_POINT ( 'NONE',  ( -1.006430356249999880, 0.1468750006145139730, -0.5810628371015476024 ) ) ;
#2998 = CARTESIAN_POINT ( 'NONE',  ( 8.838126989374219771E-17, 8.312499999999996447, -1.443375672974063439 ) ) ;
#2999 = CARTESIAN_POINT ( 'NONE',  ( -1.006430356249999880, 1.046875000614513773, -0.5810628371015476024 ) ) ;
#3000 = CARTESIAN_POINT ( 'NONE',  ( 1.249999999999999334, 8.199999999999995737, 0.000000000000000000 ) ) ;
#3001 = ORIENTED_EDGE ( 'NONE', *, *, #5233, .T. ) ;
#3002 = DIRECTION ( 'NONE',  ( -0.000000000000000000, -1.000000000000000000, -0.000000000000000000 ) ) ;
#3003 = DIRECTION ( 'NONE',  ( -0.000000000000000000, -1.000000000000000000, -0.000000000000000000 ) ) ;
#3004 = CARTESIAN_POINT ( 'NONE',  ( -1.249999999999999334, 2.181250001229031010, 2.596460695863248776E-15 ) ) ;
#3005 = CARTESIAN_POINT ( 'NONE',  ( 1.827526258964323273E-15, 2.884375000614514128, 1.162125674203096093 ) ) ;
#3006 = CARTESIAN_POINT ( 'NONE',  ( -1.249999999999999334, 3.474999999999996536, -1.530808498934190831E-16 ) ) ;
#3007 = ORIENTED_EDGE ( 'NONE', *, *, #437, .F. ) ;
#3008 = CARTESIAN_POINT ( 'NONE',  ( 1.006430356249999658, 8.921875000614514661, 0.5810628371015478244 ) ) ;
#3009 = PRODUCT_DEFINITION_FORMATION_WITH_SPECIFIED_SOURCE ( 'ANY', '', #1438, .NOT_KNOWN. ) ;
#3010 = CARTESIAN_POINT ( 'NONE',  ( 1.249999999999999112, 1.862499999999996936, 0.7216878364870324969 ) ) ;
#3011 = CARTESIAN_POINT ( 'NONE',  ( -1.249999999999999112, 3.887499999999997069, -0.7216878364870322748 ) ) ;
#3012 = CARTESIAN_POINT ( 'NONE',  ( -1.249999999999999334, 7.074999999999997513, -1.530808498934190831E-16 ) ) ;
#3013 = CARTESIAN_POINT ( 'NONE',  ( 0.5032151781249990519, 6.784375000614513596, -0.8715942556523228468 ) ) ;
#3014 = CARTESIAN_POINT ( 'NONE',  ( -0.5032151781250003841, 2.809375000614513951, -0.8715942556523218476 ) ) ;
#3015 = EDGE_CURVE ( 'NONE', #2680, #449, #312, .T. ) ;
#3016 = CARTESIAN_POINT ( 'NONE',  ( -0.5032151781250009392, 6.746875000614513951, -0.8715942556523212925 ) ) ;
#3017 = CARTESIAN_POINT ( 'NONE',  ( 0.3349364905389032865, 5.592403810567662781, -1.249999999999999112 ) ) ;
#3018 = ORIENTED_EDGE ( 'NONE', *, *, #927, .T. ) ;
#3019 = ADVANCED_FACE ( 'NONE', ( #1304 ), #5252, .T. ) ;
#3020 = CARTESIAN_POINT ( 'NONE',  ( 0.6264005423777310178, 1.879632794191443246, 1.084957565286928327 ) ) ;
#3021 = CARTESIAN_POINT ( 'NONE',  ( -1.249999999999999334, 9.381250001229030744, 2.596460695863248776E-15 ) ) ;
#3022 = CARTESIAN_POINT ( 'NONE',  ( 1.827526258964323273E-15, 2.434375000614513507, 1.162125674203096093 ) ) ;
#3023 = CARTESIAN_POINT ( 'NONE',  ( 0.5032151781249999400, 4.384375000614514128, 0.8715942556523221807 ) ) ;
#3024 = CARTESIAN_POINT ( 'NONE',  ( 1.006430356249999658, 2.171875000614513773, 0.5810628371015478244 ) ) ;
#3025 = CARTESIAN_POINT ( 'NONE',  ( -1.006430356249999880, 1.946875000614514128, -0.5810628371015476024 ) ) ;
#3026 = CARTESIAN_POINT ( 'NONE',  ( 0.6249999999999997780, 8.274999999999996803, -1.082531754730547746 ) ) ;
#3027 = VERTEX_POINT ( 'NONE', #1743 ) ;
#3028 = EDGE_CURVE ( 'NONE', #4001, #4934, #528, .T. ) ;
#3029 = CARTESIAN_POINT ( 'NONE',  ( 0.3349230298992024735, 0.9638453830229830599, 1.250007771503954812 ) ) ;
#3030 = CARTESIAN_POINT ( 'NONE',  ( 0.3349364905389026204, 9.007596189432330647, 1.249999999999999556 ) ) ;
#3031 = CARTESIAN_POINT ( 'NONE',  ( -1.249999999999998224, 4.018750001229030033, 0.7216878364870340512 ) ) ;
#3032 = CARTESIAN_POINT ( 'NONE',  ( 1.006430356249999436, 4.796875000614513773, -1.767562423498186358E-15 ) ) ;
#3033 = ORIENTED_EDGE ( 'NONE', *, *, #736, .F. ) ;
#3034 = CARTESIAN_POINT ( 'NONE',  ( -1.006430356249999658, 8.284375000614511819, 8.587269508238524180E-16 ) ) ;
#3035 = CARTESIAN_POINT ( 'NONE',  ( 1.249999999999997780, 5.143750001229030033, -0.7216878364870343843 ) ) ;
#3036 = CARTESIAN_POINT ( 'NONE',  ( 1.006430356249999658, 6.709375000614513418, -9.819791222584819450E-16 ) ) ;
#3037 = CARTESIAN_POINT ( 'NONE',  ( -0.5032151781250003841, 1.909375000614513596, -0.8715942556523218476 ) ) ;
#3038 = CARTESIAN_POINT ( 'NONE',  ( 1.006430356249999880, 5.209375000614514306, 0.5810628371015469362 ) ) ;
#3039 = CARTESIAN_POINT ( 'NONE',  ( -1.458469951321891283E-05, 3.193516591123076953, 1.249999999845010423 ) ) ;
#3040 = VERTEX_POINT ( 'NONE', #1248 ) ;
#3041 =( BOUNDED_CURVE ( )  B_SPLINE_CURVE ( 2, ( #4661, #415, #3109, #2228, #4106, #1531, #1929, #5752, #3676 ),
 .UNSPECIFIED., .F., .T. ) 
 B_SPLINE_CURVE_WITH_KNOTS ( ( 3, 2, 2, 2, 3 ),
 ( 0.3981481481481481399, 0.4012345679012345734, 0.4074074074074073848, 0.4135802469135802517, 0.4166666666666666852 ),
 .UNSPECIFIED. ) 
 CURVE ( )  GEOMETRIC_REPRESENTATION_ITEM ( )  RATIONAL_B_SPLINE_CURVE ( ( 0.9330127018922194093, 0.9330127018922194093, 1.000000000000000000, 0.8660254037844387076, 1.000000000000000000, 0.8660254037844387076, 1.000000000000000000, 0.9330127018922187432, 0.9330127018922194093 ) ) 
 REPRESENTATION_ITEM ( '' )  );
#3042 = CARTESIAN_POINT ( 'NONE',  ( 1.252801084755457373, -0.2578672058085562102, -0.7233050435246219934 ) ) ;
#3043 = CARTESIAN_POINT ( 'NONE',  ( -0.6249999999999978906, 10.35625000122903216, 1.082531754730548856 ) ) ;
#3044 = CARTESIAN_POINT ( 'NONE',  ( 0.5032151781249982747, 3.521875000614513418, -0.8715942556523229579 ) ) ;
#3045 = CARTESIAN_POINT ( 'NONE',  ( -1.006430356249999880, 6.446875000614514128, -0.5810628371015476024 ) ) ;
#3046 = CARTESIAN_POINT ( 'NONE',  ( 1.006430356249999658, 1.309375000614513951, -9.819791222584819450E-16 ) ) ;
#3047 = CARTESIAN_POINT ( 'NONE',  ( -1.006430356249998992, 1.121875000614513729, 0.5810628371015487126 ) ) ;
#3048 = DIRECTION ( 'NONE',  ( -0.000000000000000000, -1.000000000000000000, -0.000000000000000000 ) ) ;
#3049 = CARTESIAN_POINT ( 'NONE',  ( 0.000000000000000000, 10.00000000000000000, 0.000000000000000000 ) ) ;
#3050 = CARTESIAN_POINT ( 'NONE',  ( -0.6250000000000017764, 2.106250001229030833, -1.082531754730546636 ) ) ;
#3051 = CARTESIAN_POINT ( 'NONE',  ( 1.530808498934190831E-16, 10.00000000000000000, 1.249999999999999334 ) ) ;
#3052 = CARTESIAN_POINT ( 'NONE',  ( 0.6250000000000012212, 2.331250001229030921, 1.082531754730547080 ) ) ;
#3053 = CARTESIAN_POINT ( 'NONE',  ( 0.5032151781249990519, 9.484375000614511109, -0.8715942556523228468 ) ) ;
#3054 = CARTESIAN_POINT ( 'NONE',  ( 1.006430356249999880, 5.659375000614514484, 0.5810628371015469362 ) ) ;
#3055 = CARTESIAN_POINT ( 'NONE',  ( -0.2136899798340481660, 10.00000000000000000, -1.023169635305621217 ) ) ;
#3056 = EDGE_LOOP ( 'NONE', ( #354, #5463, #5321, #4616 ) ) ;
#3057 = ORIENTED_EDGE ( 'NONE', *, *, #693, .T. ) ;
#3058 = LINE ( 'NONE', #5733, #5487 ) ;
#3059 = CARTESIAN_POINT ( 'NONE',  ( 1.252801084755460037, 9.117132794191443068, 0.7233050435246172194 ) ) ;
#3060 = CARTESIAN_POINT ( 'NONE',  ( 1.249999999999999334, 7.356250001229029500, -2.749541545756668106E-15 ) ) ;
#3061 = EDGE_CURVE ( 'NONE', #1172, #1792, #4368, .T. ) ;
#3062 = CARTESIAN_POINT ( 'NONE',  ( -0.6249999999999993339, 2.049999999999996714, -1.082531754730547968 ) ) ;
#3063 = CARTESIAN_POINT ( 'NONE',  ( -1.006430356250000324, -0.4156249993854860270, -0.5810628371015467142 ) ) ;
#3064 = CARTESIAN_POINT ( 'NONE',  ( 0.5032151781249990519, 7.234375000614513773, -0.8715942556523228468 ) ) ;
#3065 = CARTESIAN_POINT ( 'NONE',  ( -1.062732146793064491E-15, 2.321875000614513684, -1.162125674203096537 ) ) ;
#3066 = CARTESIAN_POINT ( 'NONE',  ( -1.006430356249998548, 5.509375000614514128, 0.5810628371015493787 ) ) ;
#3067 = CARTESIAN_POINT ( 'NONE',  ( -1.249999999999999334, 1.674999999999996714, -1.530808498934190831E-16 ) ) ;
#3068 = CARTESIAN_POINT ( 'NONE',  ( 1.249999999999999334, 5.499999999999996447, 0.000000000000000000 ) ) ;
#3069 = AXIS2_PLACEMENT_3D ( 'NONE', #5529, #4240, #634 ) ;
#3070 = VERTEX_POINT ( 'NONE', #2065 ) ;
#3071 = CARTESIAN_POINT ( 'NONE',  ( -1.252801084755457817, 1.767132794191443645, 0.7233050435246216603 ) ) ;
#3072 = CARTESIAN_POINT ( 'NONE',  ( -3.086515833287601756E-15, 10.16875000122903039, -1.443375672974063439 ) ) ;
#3073 = CARTESIAN_POINT ( 'NONE',  ( 0.5032151781249982747, 3.971875000614514040, -0.8715942556523229579 ) ) ;
#3074 = CARTESIAN_POINT ( 'NONE',  ( 0.5032151781249990519, 4.984375000614513773, -0.8715942556523228468 ) ) ;
#3075 = CARTESIAN_POINT ( 'NONE',  ( 0.5032151781249999400, 1.684375000614513729, 0.8715942556523221807 ) ) ;
#3076 = CARTESIAN_POINT ( 'NONE',  ( -0.5032151781249993849, 2.059375000614513507, 0.8715942556523227358 ) ) ;
#3077 = CARTESIAN_POINT ( 'NONE',  ( -0.8266280255369142793, 0.02812500184355200966, -0.5740977002030605014 ) ) ;
#3078 = ORIENTED_EDGE ( 'NONE', *, *, #4114, .T. ) ;
#3079 = DIRECTION ( 'NONE',  ( 0.000000000000000000, 0.000000000000000000, -1.000000000000000000 ) ) ;
#3080 = DIRECTION ( 'NONE',  ( -0.7071067811865462405, -0.7071067811865489050, 2.390167890545823441E-15 ) ) ;
#3081 = DIRECTION ( 'NONE',  ( 0.000000000000000000, 0.000000000000000000, -1.000000000000000000 ) ) ;
#3082 = CARTESIAN_POINT ( 'NONE',  ( -0.6249999999999978906, 3.156250001229031099, 1.082531754730548856 ) ) ;
#3083 = VECTOR ( 'NONE', #4016, 1000.000000000000114 ) ;
#3084 = CARTESIAN_POINT ( 'NONE',  ( 9.204127980810863719E-16, 9.296875000614511109, 1.162125674203096537 ) ) ;
#3085 = CARTESIAN_POINT ( 'NONE',  ( 1.006430356249999880, 6.559375000614513063, 0.5810628371015469362 ) ) ;
#3086 = CARTESIAN_POINT ( 'NONE',  ( 0.6250000000000012212, 6.831250001229030033, 1.082531754730547080 ) ) ;
#3087 = VERTEX_POINT ( 'NONE', #3917 ) ;
#3088 = VERTEX_POINT ( 'NONE', #3945 ) ;
#3089 = EDGE_CURVE ( 'NONE', #4731, #5423, #2566, .T. ) ;
#3090 = CARTESIAN_POINT ( 'NONE',  ( 1.006430356249998992, 8.996875000614513951, -0.5810628371015489346 ) ) ;
#3091 = CARTESIAN_POINT ( 'NONE',  ( -0.6264005423777275761, 7.654632794191442713, 1.084957565286930325 ) ) ;
#3092 = CARTESIAN_POINT ( 'NONE',  ( -1.249999999999999556, 6.662499999999996980, 0.7216878364870313867 ) ) ;
#3093 = CARTESIAN_POINT ( 'NONE',  ( 0.000000000000000000, 10.00000000000000000, 0.000000000000000000 ) ) ;
#3094 = AXIS2_PLACEMENT_3D ( 'NONE', #839, #23, #456 ) ;
#3095 = CARTESIAN_POINT ( 'NONE',  ( 1.006430356249999880, 0.2593750006145139064, 0.5810628371015469362 ) ) ;
#3096 = CARTESIAN_POINT ( 'NONE',  ( 0.5032151781249990519, 9.934375000614513951, -0.8715942556523228468 ) ) ;
#3097 = ADVANCED_FACE ( 'NONE', ( #5168 ), #4821, .T. ) ;
#3098 = CARTESIAN_POINT ( 'NONE',  ( -1.006430356249999658, 1.084375000614513862, 8.587269508238524180E-16 ) ) ;
#3099 =( BOUNDED_CURVE ( )  B_SPLINE_CURVE ( 2, ( #1334, #753, #2611, #1664, #4319, #364, #2144, #339, #3890 ),
 .UNSPECIFIED., .F., .T. ) 
 B_SPLINE_CURVE_WITH_KNOTS ( ( 3, 2, 2, 2, 3 ),
 ( 0.8240740740740740700, 0.8271604938271605034, 0.8333333333333333703, 0.8395061728395061262, 0.8425925925925925597 ),
 .UNSPECIFIED. ) 
 CURVE ( )  GEOMETRIC_REPRESENTATION_ITEM ( )  RATIONAL_B_SPLINE_CURVE ( ( 0.9330127018922194093, 0.9330127018922194093, 1.000000000000000000, 0.8660254037844387076, 1.000000000000000000, 0.8660254037844387076, 1.000000000000000000, 0.9330127018922194093, 0.9330127018922194093 ) ) 
 REPRESENTATION_ITEM ( '' )  );
#3100 = CARTESIAN_POINT ( 'NONE',  ( 0.5032151781250004952, 7.871875000614512174, 0.8715942556523216256 ) ) ;
#3101 = CARTESIAN_POINT ( 'NONE',  ( -1.249999999999999334, 3.474999999999996536, -1.530808498934190831E-16 ) ) ;
#3102 = CARTESIAN_POINT ( 'NONE',  ( 1.249999999999999334, 7.337499999999995026, -0.7216878364870317197 ) ) ;
#3103 = ORIENTED_EDGE ( 'NONE', *, *, #1058, .F. ) ;
#3104 = EDGE_LOOP ( 'NONE', ( #4295, #4750, #3507, #155 ) ) ;
#3105 = CARTESIAN_POINT ( 'NONE',  ( 1.249999999999999334, 10.44999999999999751, 0.000000000000000000 ) ) ;
#3106 = CARTESIAN_POINT ( 'NONE',  ( -1.252801084755458927, 3.529632794191443157, 2.607410558300822600E-15 ) ) ;
#3107 = CARTESIAN_POINT ( 'NONE',  ( -0.6250000000000017764, 9.756250001229032520, -1.082531754730546636 ) ) ;
#3108 = CARTESIAN_POINT ( 'NONE',  ( 1.006430356249998326, 4.834375000614513418, -0.5810628371015497118 ) ) ;
#3109 = CARTESIAN_POINT ( 'NONE',  ( 0.6249999999999987788, 4.074999999999996625, 1.082531754730548412 ) ) ;
#3110 = CARTESIAN_POINT ( 'NONE',  ( 1.006430356249999658, 6.221875000614514484, 0.5810628371015478244 ) ) ;
#3111 = CARTESIAN_POINT ( 'NONE',  ( 1.006430356249998770, 1.346875000614513596, -0.5810628371015489346 ) ) ;
#3112 = CARTESIAN_POINT ( 'NONE',  ( -1.006430356249999880, 0.5968750006145139286, -0.5810628371015476024 ) ) ;
#3113 = DIRECTION ( 'NONE',  ( 0.000000000000000000, 0.000000000000000000, 1.000000000000000000 ) ) ;
#3114 = ORIENTED_EDGE ( 'NONE', *, *, #5215, .T. ) ;
#3115 = CARTESIAN_POINT ( 'NONE',  ( 0.000000000000000000, 12.50000000000000000, 0.000000000000000000 ) ) ;
#3116 = CARTESIAN_POINT ( 'NONE',  ( 1.249999999999999334, 9.606250001229030389, -2.749541545756668106E-15 ) ) ;
#3117 = CARTESIAN_POINT ( 'NONE',  ( 1.250000000000000444, 2.818750001229030744, 0.7216878364870298324 ) ) ;
#3118 = CARTESIAN_POINT ( 'NONE',  ( -1.006430356250000324, 5.434375000614513951, -0.5810628371015467142 ) ) ;
#3119 = CARTESIAN_POINT ( 'NONE',  ( 0.6249999999999974465, 4.731250001229031277, -1.082531754730548856 ) ) ;
#3120 = VERTEX_POINT ( 'NONE', #4724 ) ;
#3121 = EDGE_CURVE ( 'NONE', #3516, #5328, #4088, .T. ) ;
#3122 = VERTEX_POINT ( 'NONE', #4776 ) ;
#3123 = DIRECTION ( 'NONE',  ( -0.000000000000000000, -1.000000000000000000, -0.000000000000000000 ) ) ;
#3124 = CARTESIAN_POINT ( 'NONE',  ( -1.252801084755460259, 7.992132794191443956, -0.7233050435246171084 ) ) ;
#3125 = DIRECTION ( 'NONE',  ( 0.6546536707079748663, 0.6546536707079764206, -0.3779644730092326932 ) ) ;
#3126 = CARTESIAN_POINT ( 'NONE',  ( -1.249999999999999556, 9.812499999999994671, 0.7216878364870313867 ) ) ;
#3127 = CARTESIAN_POINT ( 'NONE',  ( -2.242624579000590380E-05, 3.418751514125647262, -1.249999999798824701 ) ) ;
#3128 = CARTESIAN_POINT ( 'NONE',  ( 9.204127980810867663E-16, 8.846875000614511819, 1.162125674203096537 ) ) ;
#3129 = CARTESIAN_POINT ( 'NONE',  ( 0.6249999999999997780, 2.424999999999996714, -1.082531754730547746 ) ) ;
#3130 = CARTESIAN_POINT ( 'NONE',  ( -0.5032151781250003841, 2.359375000614513773, -0.8715942556523218476 ) ) ;
#3131 = CARTESIAN_POINT ( 'NONE',  ( -1.969845607676301195E-15, 8.959375000614512530, -1.162125674203096093 ) ) ;
#3132 = CARTESIAN_POINT ( 'NONE',  ( -2.651438096812265438E-16, 2.237499999999996714, 1.443375672974063439 ) ) ;
#3133 = CARTESIAN_POINT ( 'NONE',  ( -5.535873061075327717E-06, 4.768750319176629837, -1.249999999987740917 ) ) ;
#3134 = EDGE_CURVE ( 'NONE', #5445, #3807, #3487, .T. ) ;
#3135 = EDGE_LOOP ( 'NONE', ( #3103, #5656, #3057, #5296 ) ) ;
#3136 = EDGE_LOOP ( 'NONE', ( #8, #4011, #3533, #5259 ) ) ;
#3137 =( BOUNDED_CURVE ( )  B_SPLINE_CURVE ( 2, ( #4327, #5119, #2930, #2563, #3387, #4677, #295, #2098, #1645 ),
 .UNSPECIFIED., .F., .F. ) 
 B_SPLINE_CURVE_WITH_KNOTS ( ( 3, 2, 2, 2, 3 ),
 ( 0.3146117739354662990, 0.3177896744349443803, 0.3241454679236432934, 0.3305012614123421510, 0.3336791581596270095 ),
 .UNSPECIFIED. ) 
 CURVE ( )  GEOMETRIC_REPRESENTATION_ITEM ( )  RATIONAL_B_SPLINE_CURVE ( ( 0.9330127018923127791, 0.9330126227373749526, 1.000000000000000000, 0.8660254037844387076, 1.000000000000000000, 0.8660254037844387076, 1.000000000000000000, 0.9330127018303440156, 0.9330127018922192983 ) ) 
 REPRESENTATION_ITEM ( '' )  );
#3138 = CARTESIAN_POINT ( 'NONE',  ( 8.838126989374219771E-17, 9.662499999999997868, -1.443375672974063439 ) ) ;
#3139 = CARTESIAN_POINT ( 'NONE',  ( 1.252801084755457373, 2.442132794191442802, -0.7233050435246219934 ) ) ;
#3140 = CARTESIAN_POINT ( 'NONE',  ( 1.006430356249999436, 1.196875000614513906, -1.767562423498186358E-15 ) ) ;
#3141 = CARTESIAN_POINT ( 'NONE',  ( -0.5032151781249986078, 6.896875000614513418, 0.8715942556523228468 ) ) ;
#3142 = CARTESIAN_POINT ( 'NONE',  ( 0.5032151781249990519, 5.434375000614513951, -0.8715942556523228468 ) ) ;
#3143 = CARTESIAN_POINT ( 'NONE',  ( -1.062732146793064886E-15, 1.871875000614513951, -1.162125674203096537 ) ) ;
#3144 = CARTESIAN_POINT ( 'NONE',  ( -1.249999999999998002, 6.268750001229031810, 0.7216878364870340512 ) ) ;
#3145 = LINE ( 'NONE', #860, #108 ) ;
#3146 = ORIENTED_EDGE ( 'NONE', *, *, #3695, .T. ) ;
#3147 = DIRECTION ( 'NONE',  ( 6.123233995736815340E-17, 0.8660254037844363761, -0.5000000000000038858 ) ) ;
#3148 = DIRECTION ( 'NONE',  ( -0.000000000000000000, -1.000000000000000000, -0.000000000000000000 ) ) ;
#3149 = CARTESIAN_POINT ( 'NONE',  ( 1.250000000000000444, 9.568750001229032520, 0.7216878364870297213 ) ) ;
#3150 = CARTESIAN_POINT ( 'NONE',  ( 2.909753293500117656E-15, 4.543750001229030389, 1.443375672974063439 ) ) ;
#3151 = CARTESIAN_POINT ( 'NONE',  ( -1.006430356249999880, 9.146875000614516082, -0.5810628371015476024 ) ) ;
#3152 = CARTESIAN_POINT ( 'NONE',  ( -1.006430356249999436, 6.821875000614514128, 1.644310252063557226E-15 ) ) ;
#3153 = CARTESIAN_POINT ( 'NONE',  ( 8.838126989374219771E-17, 5.162499999999996092, -1.443375672974063439 ) ) ;
#3154 = VERTEX_POINT ( 'NONE', #4834 ) ;
#3155 = CARTESIAN_POINT ( 'NONE',  ( 1.743066579297358255E-16, 0.6624999999999967581, -1.249999999999999112 ) ) ;
#3156 = CARTESIAN_POINT ( 'NONE',  ( 1.252801084755458927, 7.354632794191442891, -2.760834442142232968E-15 ) ) ;
#3157 = CARTESIAN_POINT ( 'NONE',  ( -0.3349364905389035640, 6.717403810567661893, 1.249999999999999112 ) ) ;
#3158 = CARTESIAN_POINT ( 'NONE',  ( -2.008695040746609630E-05, 5.893426676105029571, 1.249999999702753106 ) ) ;
#3159 = CARTESIAN_POINT ( 'NONE',  ( 0.5032151781250004952, -0.2281249993854860547, 0.8715942556523216256 ) ) ;
#3160 = CARTESIAN_POINT ( 'NONE',  ( 0.5032151781249999400, 9.784375000614513596, 0.8715942556523221807 ) ) ;
#3161 = CARTESIAN_POINT ( 'NONE',  ( 1.006430356249999658, 5.321875000614514128, 0.5810628371015478244 ) ) ;
#3162 = CARTESIAN_POINT ( 'NONE',  ( 0.5032151781250004952, 9.221875000614513596, 0.8715942556523216256 ) ) ;
#3163 = CARTESIAN_POINT ( 'NONE',  ( -0.6250000000000002220, 1.299999999999996936, 1.082531754730547746 ) ) ;
#3164 = CARTESIAN_POINT ( 'NONE',  ( -4.938688641342514686E-16, 7.187499999999996447, 1.249999999999999334 ) ) ;
#3165 = VERTEX_POINT ( 'NONE', #2639 ) ;
#3166 = CARTESIAN_POINT ( 'NONE',  ( 0.6249999999999997780, 8.724999999999996092, -1.082531754730547746 ) ) ;
#3167 = DIRECTION ( 'NONE',  ( 4.951573353016859991E-15, 0.6546536707079755324, 0.7559289460184558385 ) ) ;
#3168 = CARTESIAN_POINT ( 'NONE',  ( -0.6264005423777275761, 2.254632794191443246, 1.084957565286930325 ) ) ;
#3169 = CARTESIAN_POINT ( 'NONE',  ( -1.006430356249999436, 0.9718750006145139286, 1.644310252063557226E-15 ) ) ;
#3170 = AXIS2_PLACEMENT_3D ( 'NONE', #1587, #1153, #2935 ) ;
#3171 = CARTESIAN_POINT ( 'NONE',  ( -1.006430356250000102, 4.984375000614513773, -0.5810628371015466032 ) ) ;
#3172 = CARTESIAN_POINT ( 'NONE',  ( 9.204127980810863719E-16, 4.796875000614513773, 1.162125674203096537 ) ) ;
#3173 = CARTESIAN_POINT ( 'NONE',  ( 9.204127980810867663E-16, 5.246875000614513063, 1.162125674203096537 ) ) ;
#3174 = LINE ( 'NONE', #1271, #1883 ) ;
#3175 = ORIENTED_EDGE ( 'NONE', *, *, #5039, .T. ) ;
#3176 = EDGE_CURVE ( 'NONE', #3070, #1846, #2119, .T. ) ;
#3177 = CARTESIAN_POINT ( 'NONE',  ( -3.086515833287601756E-15, 6.118750001229031454, -1.443375672974063439 ) ) ;
#3178 = CARTESIAN_POINT ( 'NONE',  ( 0.5032151781250004952, 7.421875000614513773, 0.8715942556523216256 ) ) ;
#3179 = CARTESIAN_POINT ( 'NONE',  ( -1.249999999999999112, 7.487499999999996270, -0.7216878364870322748 ) ) ;
#3180 = ORIENTED_EDGE ( 'NONE', *, *, #171, .T. ) ;
#3181 = CARTESIAN_POINT ( 'NONE',  ( -1.249999999999999334, 8.031250001229031099, 2.596460695863248776E-15 ) ) ;
#3182 = CARTESIAN_POINT ( 'NONE',  ( -0.6264005423777275761, 9.454632794191443423, 1.084957565286930325 ) ) ;
#3183 = CARTESIAN_POINT ( 'NONE',  ( -4.938688641342514686E-16, 6.737499999999995381, 1.249999999999999334 ) ) ;
#3184 = CARTESIAN_POINT ( 'NONE',  ( -0.5032151781249986078, -0.3031249993854860381, 0.8715942556523228468 ) ) ;
#3185 = CARTESIAN_POINT ( 'NONE',  ( 0.5032151781249990519, 8.134375000614515017, -0.8715942556523228468 ) ) ;
#3186 = CARTESIAN_POINT ( 'NONE',  ( -0.5032151781249993849, 4.309375000614513063, 0.8715942556523227358 ) ) ;
#3187 = CARTESIAN_POINT ( 'NONE',  ( -1.969845607676301195E-15, 8.059375000614512174, -1.162125674203096093 ) ) ;
#3188 = CARTESIAN_POINT ( 'NONE',  ( 0.6249999999999987788, 2.724999999999996536, 1.082531754730548412 ) ) ;
#3189 = CARTESIAN_POINT ( 'NONE',  ( -1.250000000000000444, 4.843750001229031099, -0.7216878364870294993 ) ) ;
#3190 = ORIENTED_EDGE ( 'NONE', *, *, #2782, .F. ) ;
#3191 = VECTOR ( 'NONE', #5076, 1000.000000000000000 ) ;
#3192 = MANIFOLD_SOLID_BREP ( 'Cut-Extrude2', #3813 ) ;
#3193 = ORIENTED_EDGE ( 'NONE', *, *, #4496, .T. ) ;
#3194 = EDGE_CURVE ( 'NONE', #2729, #5336, #3848, .T. ) ;
#3195 = CARTESIAN_POINT ( 'NONE',  ( 1.249999999999999112, 9.512499999999995737, 0.7216878364870323859 ) ) ;
#3196 = CARTESIAN_POINT ( 'NONE',  ( 1.249999999999999112, 9.512499999999997513, 0.7216878364870324969 ) ) ;
#3197 = CARTESIAN_POINT ( 'NONE',  ( 0.6264005423777310178, 3.229632794191443335, 1.084957565286928327 ) ) ;
#3198 = CARTESIAN_POINT ( 'NONE',  ( -1.006430356250000324, 0.03437500061451398414, -0.5810628371015467142 ) ) ;
#3199 = CARTESIAN_POINT ( 'NONE',  ( 0.5032151781250004952, 6.071875000614513240, 0.8715942556523216256 ) ) ;
#3200 = CARTESIAN_POINT ( 'NONE',  ( 1.006430356249999658, 7.609375000614512885, -9.819791222584817478E-16 ) ) ;
#3201 = CARTESIAN_POINT ( 'NONE',  ( -0.5032151781250003841, 4.609375000614513773, -0.8715942556523218476 ) ) ;
#3202 = DIRECTION ( 'NONE',  ( -1.000000000000000000, 0.000000000000000000, 0.000000000000000000 ) ) ;
#3203 = DIRECTION ( 'NONE',  ( 0.000000000000000000, 0.000000000000000000, -1.000000000000000000 ) ) ;
#3204 = CARTESIAN_POINT ( 'NONE',  ( 0.6249999999999974465, 8.331250001229030033, -1.082531754730548856 ) ) ;
#3205 = CARTESIAN_POINT ( 'NONE',  ( -0.6250000000000017764, 5.706250001229030033, -1.082531754730546636 ) ) ;
#3206 = CARTESIAN_POINT ( 'NONE',  ( 0.5032151781249999400, 10.68437500061451217, 0.8715942556523221807 ) ) ;
#3207 = CARTESIAN_POINT ( 'NONE',  ( 1.006430356249999436, 7.946875000614512352, -1.767562423498186358E-15 ) ) ;
#3208 = CARTESIAN_POINT ( 'NONE',  ( -0.6249999999999978906, 6.756250001229029856, 1.082531754730548856 ) ) ;
#3209 = ORIENTED_EDGE ( 'NONE', *, *, #5402, .T. ) ;
#3210 = CARTESIAN_POINT ( 'NONE',  ( 0.6249999999999974465, 9.231250001229030389, -1.082531754730548856 ) ) ;
#3211 = CARTESIAN_POINT ( 'NONE',  ( 0.2175237776263979350, 10.60411054866460390, -1.233772249700728185 ) ) ;
#3212 = CARTESIAN_POINT ( 'NONE',  ( 0.5032151781249982747, 0.8218750006145140174, -0.8715942556523229579 ) ) ;
#3213 = CARTESIAN_POINT ( 'NONE',  ( -1.006430356249999436, 1.871875000614513729, 1.644310252063557226E-15 ) ) ;
#3214 = CARTESIAN_POINT ( 'NONE',  ( -0.5032151781250003841, 9.109375000614514661, -0.8715942556523218476 ) ) ;
#3215 = CARTESIAN_POINT ( 'NONE',  ( 9.204127980810865691E-16, 5.246875000614513063, 1.162125674203096537 ) ) ;
#3216 = CARTESIAN_POINT ( 'NONE',  ( -1.969845607676301195E-15, 8.509375000614513240, -1.162125674203096093 ) ) ;
#3217 = CARTESIAN_POINT ( 'NONE',  ( -0.6249999999999978906, 4.956250001229030921, 1.082531754730548856 ) ) ;
#3218 = ORIENTED_EDGE ( 'NONE', *, *, #4798, .F. ) ;
#3219 = CARTESIAN_POINT ( 'NONE',  ( -2.651438096812265438E-16, 9.437499999999994671, 1.443375672974063439 ) ) ;
#3220 = CARTESIAN_POINT ( 'NONE',  ( -0.6264005423777275761, 3.154632794191443601, 1.084957565286930325 ) ) ;
#3221 = CARTESIAN_POINT ( 'NONE',  ( 0.5032151781249982747, 0.3718750006145138953, -0.8715942556523229579 ) ) ;
#3222 = CARTESIAN_POINT ( 'NONE',  ( 1.827526258964323273E-15, 6.484375000614513773, 1.162125674203096093 ) ) ;
#3223 = CARTESIAN_POINT ( 'NONE',  ( 0.6249999999999987788, 6.324999999999996625, 1.082531754730548412 ) ) ;
#3224 = B_SPLINE_CURVE_WITH_KNOTS ( 'NONE', 3,
 ( #3906, #3449, #4358, #5627, #5212, #301 ),
 .UNSPECIFIED., .F., .F.,
 ( 4, 2, 4 ),
 ( 0.1264417145041202006, 0.1882208572520601142, 0.2500000000000000000 ),
 .UNSPECIFIED. ) ;
#3225 = CARTESIAN_POINT ( 'NONE',  ( 0.3348891907724447226, 8.163843352675376863, 1.250027308532897674 ) ) ;
#3226 = CARTESIAN_POINT ( 'NONE',  ( -0.6250000000000017764, 5.256250001229030744, -1.082531754730546636 ) ) ;
#3227 = CARTESIAN_POINT ( 'NONE',  ( -0.5032151781250003841, 10.45937500061451253, -0.8715942556523218476 ) ) ;
#3228 = CARTESIAN_POINT ( 'NONE',  ( -0.5032151781249986078, 8.696875000614513240, 0.8715942556523228468 ) ) ;
#3229 = FACE_BOUND ( 'NONE', #1185, .T. ) ;
#3230 = ORIENTED_EDGE ( 'NONE', *, *, #726, .F. ) ;
#3231 = ORIENTED_EDGE ( 'NONE', *, *, #693, .F. ) ;
#3232 = CYLINDRICAL_SURFACE ( 'NONE', #943, 1.249999999999999334 ) ;
#3233 = EDGE_CURVE ( 'NONE', #3703, #2670, #2481, .T. ) ;
#3234 = CARTESIAN_POINT ( 'NONE',  ( -1.249999999999998224, -0.4812499987709688010, 0.7216878364870340512 ) ) ;
#3235 = CARTESIAN_POINT ( 'NONE',  ( 1.006430356249999880, 0.7093750006145138620, 0.5810628371015468252 ) ) ;
#3236 = CARTESIAN_POINT ( 'NONE',  ( -0.5032151781250009392, 2.246875000614513507, -0.8715942556523212925 ) ) ;
#3237 = CARTESIAN_POINT ( 'NONE',  ( 0.000000000000000000, 10.00000000000000000, -1.249999999999999334 ) ) ;
#3238 = CARTESIAN_POINT ( 'NONE',  ( -0.5032151781250003841, 5.059375000614513063, -0.8715942556523218476 ) ) ;
#3239 = CARTESIAN_POINT ( 'NONE',  ( -1.006430356249998548, 9.559375000614512174, 0.5810628371015493787 ) ) ;
#3240 = CARTESIAN_POINT ( 'NONE',  ( -0.7071246242976312324, 0.1677603257430583528, -0.8390408997439022798 ) ) ;
#3241 = ORIENTED_EDGE ( 'NONE', *, *, #3194, .T. ) ;
#3242 = ORIENTED_EDGE ( 'NONE', *, *, #917, .T. ) ;
#3243 = CARTESIAN_POINT ( 'NONE',  ( 1.080918394744736987E-05, 4.093929486627626346, 1.249999999908528281 ) ) ;
#3244 = CARTESIAN_POINT ( 'NONE',  ( 1.252801084755460037, 5.967132794191443601, 0.7233050435246172194 ) ) ;
#3245 = CARTESIAN_POINT ( 'NONE',  ( -1.006430356249998548, 0.5593750006145138398, 0.5810628371015493787 ) ) ;
#3246 = CARTESIAN_POINT ( 'NONE',  ( 0.5032151781250004952, 7.871875000614512174, 0.8715942556523216256 ) ) ;
#3247 = CARTESIAN_POINT ( 'NONE',  ( 6.231346292442433321E-16, 11.25000000000000000, -0.9814954576223628990 ) ) ;
#3248 = LINE ( 'NONE', #2820, #1326 ) ;
#3249 = ORIENTED_EDGE ( 'NONE', *, *, #3539, .F. ) ;
#3250 = CARTESIAN_POINT ( 'NONE',  ( 0.6264005423777310178, -0.3703672058085563101, 1.084957565286928327 ) ) ;
#3251 = CARTESIAN_POINT ( 'NONE',  ( 0.6249999999999974465, 6.081250001229030921, -1.082531754730548856 ) ) ;
#3252 = CARTESIAN_POINT ( 'NONE',  ( 1.006430356249999436, 8.846875000614511819, -1.767562423498186358E-15 ) ) ;
#3253 = CARTESIAN_POINT ( 'NONE',  ( 1.249999999999999112, 5.912499999999996980, 0.7216878364870323859 ) ) ;
#3254 = FACE_OUTER_BOUND ( 'NONE', #4259, .T. ) ;
#3255 = CARTESIAN_POINT ( 'NONE',  ( 6.118163693333727734E-14, 0.1453125009217763608, 1.074088590388472042 ) ) ;
#3256 = VERTEX_POINT ( 'NONE', #2539 ) ;
#3257 = CARTESIAN_POINT ( 'NONE',  ( -0.8499999999999984235, 11.25000000000000000, 2.873176670084805394E-15 ) ) ;
#3258 = CARTESIAN_POINT ( 'NONE',  ( 0.6264005423777310178, 9.979632794191443779, 1.084957565286928327 ) ) ;
#3259 = PLANE ( 'NONE',  #2415 ) ;
#3260 = AXIS2_PLACEMENT_3D ( 'NONE', #3419, #1588, #1181 ) ;
#3261 = CARTESIAN_POINT ( 'NONE',  ( -1.006430356250000102, 1.834375000614513862, -0.5810628371015466032 ) ) ;
#3262 = CARTESIAN_POINT ( 'NONE',  ( 0.5032151781250004952, 1.121875000614513951, 0.8715942556523216256 ) ) ;
#3263 = CARTESIAN_POINT ( 'NONE',  ( -1.006430356249999658, 10.53437500061451360, 8.587269508238526152E-16 ) ) ;
#3264 = CARTESIAN_POINT ( 'NONE',  ( -2.651438096812265438E-16, 8.537499999999996092, 1.443375672974063439 ) ) ;
#3265 = ADVANCED_FACE ( 'NONE', ( #5150 ), #5561, .F. ) ;
#3266 = AXIS2_PLACEMENT_3D ( 'NONE', #1622, #1446, #5334 ) ;
#3267 = CARTESIAN_POINT ( 'NONE',  ( 0.5032151781249990519, 4.984375000614513773, -0.8715942556523228468 ) ) ;
#3268 = CARTESIAN_POINT ( 'NONE',  ( 0.1747464427300640388, 10.74635275508767052, -0.9911436539345287455 ) ) ;
#3269 = AXIS2_PLACEMENT_3D ( 'NONE', #110, #1895, #5440 ) ;
#3270 = EDGE_CURVE ( 'NONE', #2838, #2885, #234, .T. ) ;
#3271 = EDGE_LOOP ( 'NONE', ( #4195, #4311, #2479, #3552 ) ) ;
#3272 = EDGE_CURVE ( 'NONE', #4855, #3406, #3903, .T. ) ;
#3273 = EDGE_LOOP ( 'NONE', ( #2806, #3674, #4396, #2425 ) ) ;
#3274 = CARTESIAN_POINT ( 'NONE',  ( 1.249999999999999334, 10.89999999999999680, 0.000000000000000000 ) ) ;
#3275 = CARTESIAN_POINT ( 'NONE',  ( 0.3349495178881553570, 1.863846972302319882, 1.249992478656402506 ) ) ;
#3276 = CARTESIAN_POINT ( 'NONE',  ( -0.6264005423777315729, 6.604632794191443779, -1.084957565286927883 ) ) ;
#3277 = CARTESIAN_POINT ( 'NONE',  ( 0.5032151781250004952, 3.821875000614514128, 0.8715942556523216256 ) ) ;
#3278 = CARTESIAN_POINT ( 'NONE',  ( -1.006430356249999436, 7.721875000614514484, 1.644310252063557226E-15 ) ) ;
#3279 = CARTESIAN_POINT ( 'NONE',  ( 0.000000000000000000, 12.50000000000000000, 2.100000000000000089 ) ) ;
#3280 = CARTESIAN_POINT ( 'NONE',  ( -1.249999999999999334, 3.081250001229030477, 2.596460695863248776E-15 ) ) ;
#3281 =( BOUNDED_CURVE ( )  B_SPLINE_CURVE ( 2, ( #3856, #5572, #1995, #5184, #4258, #3423, #771, #3770, #1562 ),
 .UNSPECIFIED., .F., .F. ) 
 B_SPLINE_CURVE_WITH_KNOTS ( ( 3, 2, 2, 2, 3 ),
 ( 0.5624872730692960232, 0.5656656204942011046, 0.5720214139828999622, 0.5783772074715988198, 0.5815552327672746102 ),
 .UNSPECIFIED. ) 
 CURVE ( )  GEOMETRIC_REPRESENTATION_ITEM ( )  RATIONAL_B_SPLINE_CURVE ( ( 0.9330127032394766040, 0.9330032019382692443, 1.000000000000000000, 0.8660254037844387076, 1.000000000000000000, 0.8660254037844387076, 1.000000000000000000, 0.9330099921421191045, 0.9330127020018332828 ) ) 
 REPRESENTATION_ITEM ( '' )  );
#3282 = CARTESIAN_POINT ( 'NONE',  ( 0.6250000000000012212, 8.181250001229031454, 1.082531754730547080 ) ) ;
#3283 = CARTESIAN_POINT ( 'NONE',  ( 1.006430356249999658, 10.30937500061451395, -9.819791222584817478E-16 ) ) ;
#3284 = CARTESIAN_POINT ( 'NONE',  ( 1.827526258964323273E-15, 9.184375000614512174, 1.162125674203096093 ) ) ;
#3285 = CARTESIAN_POINT ( 'NONE',  ( 0.6249999999999987788, 5.874999999999996447, 1.082531754730548412 ) ) ;
#3286 = CARTESIAN_POINT ( 'NONE',  ( -1.006430356249998992, -0.6781249993854859826, 0.5810628371015487126 ) ) ;
#3287 = CARTESIAN_POINT ( 'NONE',  ( 0.3349364905388977354, 7.842403810567662781, -1.250000000000002665 ) ) ;
#3288 = EDGE_LOOP ( 'NONE', ( #3702, #3778 ) ) ;
#3289 = ORIENTED_EDGE ( 'NONE', *, *, #3937, .F. ) ;
#3290 = CARTESIAN_POINT ( 'NONE',  ( 0.000000000000000000, 10.15000000000000036, 0.000000000000000000 ) ) ;
#3291 = CARTESIAN_POINT ( 'NONE',  ( 0.6249999999999974465, 1.131250001229031188, -1.082531754730548856 ) ) ;
#3292 = CARTESIAN_POINT ( 'NONE',  ( -0.6250000000000002220, 5.799999999999996270, 1.082531754730547746 ) ) ;
#3293 = CARTESIAN_POINT ( 'NONE',  ( 1.006430356249998326, 0.3343750006145139175, -0.5810628371015497118 ) ) ;
#3294 = CARTESIAN_POINT ( 'NONE',  ( -1.006430356250000324, 0.9343750006145138398, -0.5810628371015467142 ) ) ;
#3295 = EDGE_CURVE ( 'NONE', #3689, #5751, #3137, .T. ) ;
#3296 = CARTESIAN_POINT ( 'NONE',  ( -4.938688641342514686E-16, 6.287499999999996092, 1.249999999999999334 ) ) ;
#3297 = CARTESIAN_POINT ( 'NONE',  ( 1.006430356249999658, 7.609375000614512885, -9.819791222584817478E-16 ) ) ;
#3298 = CYLINDRICAL_SURFACE ( 'NONE', #5301, 1.249999999999999334 ) ;
#3299 = CARTESIAN_POINT ( 'NONE',  ( 0.3349364905389026204, 4.507596189432330647, 1.249999999999999556 ) ) ;
#3300 = CARTESIAN_POINT ( 'NONE',  ( -1.006430356249999658, 3.334375000614513418, 8.587269508238526152E-16 ) ) ;
#3301 = ORIENTED_EDGE ( 'NONE', *, *, #2772, .T. ) ;
#3302 = FACE_OUTER_BOUND ( 'NONE', #5628, .T. ) ;
#3303 = DIRECTION ( 'NONE',  ( -0.000000000000000000, -1.000000000000000000, -0.000000000000000000 ) ) ;
#3304 = CARTESIAN_POINT ( 'NONE',  ( -0.3349349869777447641, 7.038846100447694987, -1.250000868081439842 ) ) ;
#3305 = CARTESIAN_POINT ( 'NONE',  ( 0.6264005423777310178, 6.829632794191443423, 1.084957565286928327 ) ) ;
#3306 = CARTESIAN_POINT ( 'NONE',  ( -1.006430356250000324, 2.284375000614513596, -0.5810628371015467142 ) ) ;
#3307 = CARTESIAN_POINT ( 'NONE',  ( 1.006430356249999880, 8.809375000614513951, 0.5810628371015468252 ) ) ;
#3308 = CARTESIAN_POINT ( 'NONE',  ( 1.006430356249999658, 8.471875000614511819, 0.5810628371015478244 ) ) ;
#3309 = DIRECTION ( 'NONE',  ( -0.000000000000000000, -1.000000000000000000, -0.000000000000000000 ) ) ;
#3310 = CARTESIAN_POINT ( 'NONE',  ( 1.249999999999999334, 3.306250001229031010, -2.749541545756668106E-15 ) ) ;
#3311 = EDGE_CURVE ( 'NONE', #3719, #4335, #3723, .T. ) ;
#3312 = CARTESIAN_POINT ( 'NONE',  ( -1.249999999999998224, 8.518750001229030033, 0.7216878364870340512 ) ) ;
#3313 = CARTESIAN_POINT ( 'NONE',  ( 1.006430356249999658, 10.27187500061451075, 0.5810628371015478244 ) ) ;
#3314 = CARTESIAN_POINT ( 'NONE',  ( -1.006430356250000324, 9.934375000614512174, -0.5810628371015467142 ) ) ;
#3315 = CARTESIAN_POINT ( 'NONE',  ( 0.6249999999999997780, 6.474999999999996092, -1.082531754730547746 ) ) ;
#3316 = CARTESIAN_POINT ( 'NONE',  ( 0.000000000000000000, 10.00000000000000000, 0.000000000000000000 ) ) ;
#3317 = CARTESIAN_POINT ( 'NONE',  ( -1.191095495853194869E-14, 7.862499999999998046, -1.249999999999999334 ) ) ;
#3318 = EDGE_LOOP ( 'NONE', ( #1584, #4237, #981, #4972 ) ) ;
#3319 =( BOUNDED_CURVE ( )  B_SPLINE_CURVE ( 2, ( #2564, #3820, #814, #2592, #763, #5676, #1257, #3898, #1700 ),
 .UNSPECIFIED., .F., .F. ) 
 B_SPLINE_CURVE_WITH_KNOTS ( ( 3, 2, 2, 2, 3 ),
 ( 0.3240740740740740700, 0.3271604938271605034, 0.3333333333333333148, 0.3395061728395061817, 0.3425925925925926152 ),
 .UNSPECIFIED. ) 
 CURVE ( )  GEOMETRIC_REPRESENTATION_ITEM ( )  RATIONAL_B_SPLINE_CURVE ( ( 0.9330127018922194093, 0.9330127018922194093, 1.000000000000000000, 0.8660254037844387076, 1.000000000000000000, 0.8660254037844387076, 1.000000000000000000, 0.9330127018922187432, 0.9330127018922194093 ) ) 
 REPRESENTATION_ITEM ( '' )  );
#3320 = CARTESIAN_POINT ( 'NONE',  ( -1.249999999999999334, 0.8312500012290311435, 2.596460695863248776E-15 ) ) ;
#3321 = CARTESIAN_POINT ( 'NONE',  ( 1.249999999999998002, 0.1937500012290311047, -0.7216878364870344953 ) ) ;
#3322 = CARTESIAN_POINT ( 'NONE',  ( -1.249999999999998002, 1.318750001229031188, 0.7216878364870340512 ) ) ;
#3323 = CARTESIAN_POINT ( 'NONE',  ( 1.006430356249998326, 3.934375000614513951, -0.5810628371015497118 ) ) ;
#3324 = CARTESIAN_POINT ( 'NONE',  ( 1.006430356249998104, 2.134375000614513684, -0.5810628371015496008 ) ) ;
#3325 = CARTESIAN_POINT ( 'NONE',  ( 0.5032151781249999400, 10.68437500061451217, 0.8715942556523221807 ) ) ;
#3326 = CARTESIAN_POINT ( 'NONE',  ( -1.006430356249999658, 7.834375000614512530, 8.587269508238524180E-16 ) ) ;
#3327 = CARTESIAN_POINT ( 'NONE',  ( -1.006430356249998548, 10.00937500061451324, 0.5810628371015493787 ) ) ;
#3328 = CARTESIAN_POINT ( 'NONE',  ( -4.938688641342514686E-16, 2.687499999999996447, 1.249999999999999334 ) ) ;
#3329 = CARTESIAN_POINT ( 'NONE',  ( 0.5032151781249990519, 3.184375000614513507, -0.8715942556523228468 ) ) ;
#3330 = ORIENTED_EDGE ( 'NONE', *, *, #1027, .F. ) ;
#3331 = CARTESIAN_POINT ( 'NONE',  ( 9.204127980810865691E-16, 0.7468750006145138398, 1.162125674203096537 ) ) ;
#3332 = DIRECTION ( 'NONE',  ( 0.000000000000000000, 0.000000000000000000, -1.000000000000000000 ) ) ;
#3333 = CARTESIAN_POINT ( 'NONE',  ( -3.099357696081660789E-15, 6.117132794191443068, -1.446610087049238658 ) ) ;
#3334 = CARTESIAN_POINT ( 'NONE',  ( -0.5032151781250009392, 4.496875000614513951, -0.8715942556523212925 ) ) ;
#3335 = CARTESIAN_POINT ( 'NONE',  ( 0.5032151781249982747, 9.371875000614512174, -0.8715942556523229579 ) ) ;
#3336 = CARTESIAN_POINT ( 'NONE',  ( -0.6264005423777315729, -0.5953672058085562879, -1.084957565286927883 ) ) ;
#3337 = CARTESIAN_POINT ( 'NONE',  ( 2.909753293500117656E-15, 7.693750001229030744, 1.443375672974063439 ) ) ;
#3338 = CARTESIAN_POINT ( 'NONE',  ( 1.249999999999999112, 0.9624999999999966915, 0.7216878364870323859 ) ) ;
#3339 = CARTESIAN_POINT ( 'NONE',  ( 1.006430356249998770, 4.496875000614513951, -0.5810628371015489346 ) ) ;
#3340 = CARTESIAN_POINT ( 'NONE',  ( -1.006430356249999436, 10.42187500061451289, 1.644310252063557226E-15 ) ) ;
#3341 = CARTESIAN_POINT ( 'NONE',  ( 0.6249999999999987788, 6.324999999999996625, 1.082531754730548412 ) ) ;
#3342 = FACE_OUTER_BOUND ( 'NONE', #4766, .T. ) ;
#3343 = CARTESIAN_POINT ( 'NONE',  ( 0.000000000000000000, 10.00000000000000000, 0.000000000000000000 ) ) ;
#3344 = VERTEX_POINT ( 'NONE', #1315 ) ;
#3345 = EDGE_CURVE ( 'NONE', #2972, #740, #5126, .T. ) ;
#3346 = CYLINDRICAL_SURFACE ( 'NONE', #4184, 1.249999999999999334 ) ;
#3347 = CARTESIAN_POINT ( 'NONE',  ( -0.3349691150555482166, 9.473651854325696675, 1.249981164226531494 ) ) ;
#3348 = CARTESIAN_POINT ( 'NONE',  ( -3.086515833287601756E-15, 1.168750001229031055, -1.443375672974063439 ) ) ;
#3349 = CARTESIAN_POINT ( 'NONE',  ( -1.249999999999999112, 5.687499999999995559, -0.7216878364870322748 ) ) ;
#3350 = CARTESIAN_POINT ( 'NONE',  ( -1.969845607676301195E-15, 3.109375000614513773, -1.162125674203096093 ) ) ;
#3351 = AXIS2_PLACEMENT_3D ( 'NONE', #3362, #4649, #5124 ) ;
#3352 = CARTESIAN_POINT ( 'NONE',  ( 0.5032151781250004952, 3.371875000614513507, 0.8715942556523216256 ) ) ;
#3353 = CARTESIAN_POINT ( 'NONE',  ( -1.062732146793064886E-15, 10.42187500061451289, -1.162125674203096537 ) ) ;
#3354 = AXIS2_PLACEMENT_3D ( 'NONE', #1884, #3148, #2319 ) ;
#3355 = CARTESIAN_POINT ( 'NONE',  ( 0.5032151781249990519, 6.784375000614513596, -0.8715942556523228468 ) ) ;
#3356 = DIRECTION ( 'NONE',  ( 0.8660254037844347108, 0.000000000000000000, -0.5000000000000066613 ) ) ;
#3357 = CARTESIAN_POINT ( 'NONE',  ( -0.5032151781250009392, 10.34687500061451182, -0.8715942556523212925 ) ) ;
#3358 = CARTESIAN_POINT ( 'NONE',  ( -1.004631816868693628, 0.2131262215866657761, -0.5027597611687106838 ) ) ;
#3359 = CARTESIAN_POINT ( 'NONE',  ( 0.5032151781249999400, 3.934375000614513951, 0.8715942556523221807 ) ) ;
#3360 = AXIS2_PLACEMENT_3D ( 'NONE', #2390, #4158, #175 ) ;
#3361 = VERTEX_POINT ( 'NONE', #3556 ) ;
#3362 = CARTESIAN_POINT ( 'NONE',  ( 0.000000000000000000, 0.000000000000000000, 0.000000000000000000 ) ) ;
#3363 = CYLINDRICAL_SURFACE ( 'NONE', #750, 1.249999999999999334 ) ;
#3364 = CARTESIAN_POINT ( 'NONE',  ( -3.099357696081660789E-15, 5.667132794191442891, -1.446610087049238658 ) ) ;
#3365 = CARTESIAN_POINT ( 'NONE',  ( 1.006430356249999880, 2.509375000614514128, 0.5810628371015469362 ) ) ;
#3366 = CARTESIAN_POINT ( 'NONE',  ( 1.006430356249999880, 7.459375000614513418, 0.5810628371015468252 ) ) ;
#3367 = EDGE_CURVE ( 'NONE', #505, #1311, #2159, .T. ) ;
#3368 = FACE_OUTER_BOUND ( 'NONE', #3872, .T. ) ;
#3369 = CARTESIAN_POINT ( 'NONE',  ( -0.6250000000000017764, 7.506250001229030744, -1.082531754730546636 ) ) ;
#3370 = CARTESIAN_POINT ( 'NONE',  ( 8.838126989374219771E-17, 0.2124999999999969691, -1.443375672974063439 ) ) ;
#3371 = CARTESIAN_POINT ( 'NONE',  ( -1.006430356249999658, 2.884375000614513684, 8.587269508238524180E-16 ) ) ;
#3372 = CARTESIAN_POINT ( 'NONE',  ( -0.5032151781249993849, -0.6406249993854860048, 0.8715942556523227358 ) ) ;
#3373 = CARTESIAN_POINT ( 'NONE',  ( -1.249999999999999334, 8.387499999999995737, -0.7216878364870322748 ) ) ;
#3374 = CARTESIAN_POINT ( 'NONE',  ( 1.006430356249998770, -0.4531249993854860048, -0.5810628371015489346 ) ) ;
#3375 = FACE_OUTER_BOUND ( 'NONE', #3273, .T. ) ;
#3376 = ORIENTED_EDGE ( 'NONE', *, *, #4706, .F. ) ;
#3377 = VECTOR ( 'NONE', #5041, 1000.000000000000000 ) ;
#3378 = CARTESIAN_POINT ( 'NONE',  ( -8.339805467747525846E-06, 8.368750501617276072, -1.249999999972178255 ) ) ;
#3379 = FACE_OUTER_BOUND ( 'NONE', #3830, .T. ) ;
#3380 = CARTESIAN_POINT ( 'NONE',  ( 1.249999999999999334, 1.056250001229031010, -2.749541545756668106E-15 ) ) ;
#3381 = LINE ( 'NONE', #4125, #1494 ) ;
#3382 = CARTESIAN_POINT ( 'NONE',  ( 1.006430356249998326, 3.034375000614514928, -0.5810628371015497118 ) ) ;
#3383 = CARTESIAN_POINT ( 'NONE',  ( -1.006430356250000324, 4.084375000614514306, -0.5810628371015467142 ) ) ;
#3384 = CARTESIAN_POINT ( 'NONE',  ( -0.6250000000000002220, 1.299999999999996936, 1.082531754730547746 ) ) ;
#3385 = ORIENTED_EDGE ( 'NONE', *, *, #2994, .T. ) ;
#3386 = CARTESIAN_POINT ( 'NONE',  ( -0.5032151781250003841, 7.759375000614513240, -0.8715942556523218476 ) ) ;
#3387 = CARTESIAN_POINT ( 'NONE',  ( -1.249999999999999334, 2.631250001229031188, 2.596460695863248776E-15 ) ) ;
#3388 = CARTESIAN_POINT ( 'NONE',  ( -1.249999999999999334, 2.124999999999996891, -1.530808498934190831E-16 ) ) ;
#3389 = CARTESIAN_POINT ( 'NONE',  ( 0.3349364905389005109, 4.692403810567662426, -1.250000000000000888 ) ) ;
#3390 = CARTESIAN_POINT ( 'NONE',  ( 0.5032151781249999400, 7.534375000614513596, 0.8715942556523221807 ) ) ;
#3391 = FACE_OUTER_BOUND ( 'NONE', #3288, .T. ) ;
#3392 = CARTESIAN_POINT ( 'NONE',  ( 0.6264005423777272430, 8.329632794191441647, -1.084957565286930325 ) ) ;
#3393 = CARTESIAN_POINT ( 'NONE',  ( 1.006430356249998104, 6.634375000614514128, -0.5810628371015496008 ) ) ;
#3394 = CARTESIAN_POINT ( 'NONE',  ( -0.6250000000000002220, 4.899999999999996803, 1.082531754730547746 ) ) ;
#3395 = CARTESIAN_POINT ( 'NONE',  ( -1.006430356249999436, 9.521875000614512530, 1.644310252063557226E-15 ) ) ;
#3396 = DIRECTION ( 'NONE',  ( 0.000000000000000000, 0.000000000000000000, 1.000000000000000000 ) ) ;
#3397 = ORIENTED_EDGE ( 'NONE', *, *, #1087, .F. ) ;
#3398 = CARTESIAN_POINT ( 'NONE',  ( -1.252801084755458927, 0.8296327941914436455, 2.607410558300822600E-15 ) ) ;
#3399 = ADVANCED_FACE ( 'NONE', ( #5705 ), #464, .F. ) ;
#3400 = CARTESIAN_POINT ( 'NONE',  ( 1.250000000000000444, 7.318750001229029856, 0.7216878364870298324 ) ) ;
#3401 = CARTESIAN_POINT ( 'NONE',  ( 1.249999999999999556, 0.5874999999999969136, -0.7216878364870316087 ) ) ;
#3402 = CARTESIAN_POINT ( 'NONE',  ( -1.062732146793064491E-15, 4.121875000614513063, -1.162125674203096537 ) ) ;
#3403 = CARTESIAN_POINT ( 'NONE',  ( 1.006430356249998770, -0.9031249993854859603, -0.5810628371015489346 ) ) ;
#3404 = CARTESIAN_POINT ( 'NONE',  ( 1.006430356249998770, -0.003124999385486007097, -0.5810628371015489346 ) ) ;
#3405 = CARTESIAN_POINT ( 'NONE',  ( 6.118163693333727734E-14, 0.1453125009217763608, 1.074088590388472042 ) ) ;
#3406 = VERTEX_POINT ( 'NONE', #813 ) ;
#3407 = DIRECTION ( 'NONE',  ( 0.000000000000000000, 1.000000000000000000, 0.000000000000000000 ) ) ;
#3408 = CARTESIAN_POINT ( 'NONE',  ( -1.250000000000000444, 0.7937500012290309437, -0.7216878364870296103 ) ) ;
#3409 = CARTESIAN_POINT ( 'NONE',  ( -1.006430356249999436, 3.671875000614513329, 1.644310252063557226E-15 ) ) ;
#3410 = DIRECTION ( 'NONE',  ( 1.224646799147353207E-16, 0.000000000000000000, -1.000000000000000000 ) ) ;
#3411 = ORIENTED_EDGE ( 'NONE', *, *, #927, .F. ) ;
#3412 = ADVANCED_FACE ( 'NONE', ( #28 ), #5353, .F. ) ;
#3413 = CARTESIAN_POINT ( 'NONE',  ( 1.006430356249998992, 7.646875000614513418, -0.5810628371015489346 ) ) ;
#3414 = SURFACE_STYLE_USAGE ( .BOTH. , #4703 ) ;
#3415 = CARTESIAN_POINT ( 'NONE',  ( 0.3349126010231982531, 3.848655245167639016, -1.250013792618321684 ) ) ;
#3416 = DIRECTION ( 'NONE',  ( 0.000000000000000000, 0.000000000000000000, -1.000000000000000000 ) ) ;
#3417 = CARTESIAN_POINT ( 'NONE',  ( -0.5032151781250003841, 6.859375000614513773, -0.8715942556523218476 ) ) ;
#3418 = EDGE_CURVE ( 'NONE', #1272, #4335, #871, .T. ) ;
#3419 = CARTESIAN_POINT ( 'NONE',  ( 0.000000000000000000, 10.00000000000000000, 0.000000000000000000 ) ) ;
#3420 =( BOUNDED_CURVE ( )  B_SPLINE_CURVE ( 2, ( #902, #971, #4437, #4523, #525, #462, #2248, #4469, #2750 ),
 .UNSPECIFIED., .F., .F. ) 
 B_SPLINE_CURVE_WITH_KNOTS ( ( 3, 2, 2, 2, 3 ),
 ( 0.2383422874922546120, 0.2415201525705834573, 0.2478759460592720731, 0.2542317395479606890, 0.2574097694577681672 ),
 .UNSPECIFIED. ) 
 CURVE ( )  GEOMETRIC_REPRESENTATION_ITEM ( )  RATIONAL_B_SPLINE_CURVE ( ( 0.9330127018988706444, 0.9330133693842708187, 1.000000000000000000, 0.8660254037844387076, 1.000000000000000000, 0.8660254037844387076, 1.000000000000000000, 0.9330098948801300862, 0.9330127020098434310 ) ) 
 REPRESENTATION_ITEM ( '' )  );
#3421 = CARTESIAN_POINT ( 'NONE',  ( 1.827526258964323273E-15, 6.034375000614514484, 1.162125674203096093 ) ) ;
#3422 = CARTESIAN_POINT ( 'NONE',  ( 0.6249999999999987788, 5.424999999999996270, 1.082531754730548412 ) ) ;
#3423 = CARTESIAN_POINT ( 'NONE',  ( 1.249999999999997780, 5.593750001229029323, -0.7216878364870343843 ) ) ;
#3424 = ORIENTED_EDGE ( 'NONE', *, *, #1809, .T. ) ;
#3425 = CARTESIAN_POINT ( 'NONE',  ( 1.252801084755457373, 1.542132794191443779, -0.7233050435246219934 ) ) ;
#3426 = CARTESIAN_POINT ( 'NONE',  ( 1.250000000000000444, 10.46875000122902932, 0.7216878364870298324 ) ) ;
#3427 = CARTESIAN_POINT ( 'NONE',  ( -1.062732146793064491E-15, 3.221875000614513596, -1.162125674203096537 ) ) ;
#3428 = CARTESIAN_POINT ( 'NONE',  ( 1.006430356249998770, -0.003124999385486007097, -0.5810628371015489346 ) ) ;
#3429 = CARTESIAN_POINT ( 'NONE',  ( -1.006430356249999658, 1.984375000614513773, 8.587269508238524180E-16 ) ) ;
#3430 = CARTESIAN_POINT ( 'NONE',  ( -0.7236300453609182393, 0.4492249358574442741, 1.019244600387754218 ) ) ;
#3431 = VERTEX_POINT ( 'NONE', #1344 ) ;
#3432 = DIRECTION ( 'NONE',  ( 0.8660254037844385966, 0.000000000000000000, 0.5000000000000002220 ) ) ;
#3433 = CARTESIAN_POINT ( 'NONE',  ( -0.6250000000000002220, 1.749999999999996891, 1.082531754730547746 ) ) ;
#3434 = CARTESIAN_POINT ( 'NONE',  ( -1.250000000000000444, 3.493750001229031454, -0.7216878364870296103 ) ) ;
#3435 = CARTESIAN_POINT ( 'NONE',  ( 0.5032151781249982747, 3.971875000614514040, -0.8715942556523229579 ) ) ;
#3436 = CARTESIAN_POINT ( 'NONE',  ( 0.3349368578977804378, 2.498653789755164389, -1.249999787905251791 ) ) ;
#3437 = EDGE_LOOP ( 'NONE', ( #5147, #492, #3001, #3990, #879 ) ) ;
#3438 = FACE_OUTER_BOUND ( 'NONE', #4388, .T. ) ;
#3439 = AXIS2_PLACEMENT_3D ( 'NONE', #3049, #1856, #3634 ) ;
#3440 = CARTESIAN_POINT ( 'NONE',  ( 0.6249999999999997780, 1.974999999999996758, -1.082531754730547746 ) ) ;
#3441 = CARTESIAN_POINT ( 'NONE',  ( 1.249999999999997780, 3.793750001229030833, -0.7216878364870343843 ) ) ;
#3442 = CARTESIAN_POINT ( 'NONE',  ( -1.249999999999999112, 7.037499999999996092, -0.7216878364870322748 ) ) ;
#3443 = EDGE_CURVE ( 'NONE', #4716, #2799, #5263, .T. ) ;
#3444 = CARTESIAN_POINT ( 'NONE',  ( 1.006430356249999658, 6.221875000614514484, 0.5810628371015478244 ) ) ;
#3445 = VECTOR ( 'NONE', #3303, 1000.000000000000000 ) ;
#3446 = CARTESIAN_POINT ( 'NONE',  ( -1.006430356249999880, 0.5968750006145138176, -0.5810628371015474913 ) ) ;
#3447 = CARTESIAN_POINT ( 'NONE',  ( 0.5032151781249982747, 6.671875000614513773, -0.8715942556523229579 ) ) ;
#3448 = AXIS2_PLACEMENT_3D ( 'NONE', #3841, #1166, #2974 ) ;
#3449 = CARTESIAN_POINT ( 'NONE',  ( 1.006354841595178629, 9.999999999999998224, 0.7594084498409522377 ) ) ;
#3450 = EDGE_CURVE ( 'NONE', #2680, #2112, #2768, .T. ) ;
#3451 = VERTEX_POINT ( 'NONE', #5735 ) ;
#3452 = AXIS2_PLACEMENT_3D ( 'NONE', #1717, #3461, #2175 ) ;
#3453 = CARTESIAN_POINT ( 'NONE',  ( -3.099357696081660789E-15, 1.167132794191443557, -1.446610087049238658 ) ) ;
#3454 = CARTESIAN_POINT ( 'NONE',  ( -1.843092903301064123, 10.72933557542710226, -1.594230934650934683 ) ) ;
#3456 = CARTESIAN_POINT ( 'NONE',  ( 1.006430356249998770, 3.146875000614514306, -0.5810628371015489346 ) ) ;
#3455 = CIRCLE ( 'NONE', #4472, 0.1499999999999999667 ) ;
#3457 = CARTESIAN_POINT ( 'NONE',  ( 1.006430356249999658, 0.3718750006145138953, 0.5810628371015478244 ) ) ;
#3458 = CARTESIAN_POINT ( 'NONE',  ( 1.006430356249999658, 2.171875000614513773, 0.5810628371015478244 ) ) ;
#3459 = CARTESIAN_POINT ( 'NONE',  ( 0.2929614508075950585, 0.2999191675100182364, -1.135441321987139984 ) ) ;
#3460 = ORIENTED_EDGE ( 'NONE', *, *, #1609, .T. ) ;
#3461 = DIRECTION ( 'NONE',  ( 0.000000000000000000, 1.000000000000000000, 0.000000000000000000 ) ) ;
#3462 = CARTESIAN_POINT ( 'NONE',  ( 1.249999999999999334, 9.137499999999995737, -0.7216878364870317197 ) ) ;
#3463 = CARTESIAN_POINT ( 'NONE',  ( -3.801981910604345982E-05, 9.493159820316860120, 1.249999999005080520 ) ) ;
#3464 = CARTESIAN_POINT ( 'NONE',  ( 0.6250000000000012212, 2.781250001229030655, 1.082531754730547080 ) ) ;
#3465 = CARTESIAN_POINT ( 'NONE',  ( -1.969845607676301195E-15, 3.109375000614513773, -1.162125674203096093 ) ) ;
#3466 = CARTESIAN_POINT ( 'NONE',  ( -4.938688641342514686E-16, 8.987499999999995381, 1.249999999999999334 ) ) ;
#3467 = ORIENTED_EDGE ( 'NONE', *, *, #2374, .T. ) ;
#3468 = ORIENTED_EDGE ( 'NONE', *, *, #2892, .T. ) ;
#3469 = CARTESIAN_POINT ( 'NONE',  ( 0.5032151781249999400, 9.784375000614513596, 0.8715942556523221807 ) ) ;
#3470 = DIRECTION ( 'NONE',  ( 1.000000000000000000, 0.000000000000000000, 0.000000000000000000 ) ) ;
#3471 = CYLINDRICAL_SURFACE ( 'NONE', #2520, 1.249999999999999334 ) ;
#3472 = CARTESIAN_POINT ( 'NONE',  ( 9.204127980810867663E-16, 6.596875000614512707, 1.162125674203096537 ) ) ;
#3473 = CARTESIAN_POINT ( 'NONE',  ( -1.006430356249999658, 1.534375000614513818, 8.587269508238524180E-16 ) ) ;
#3474 = CARTESIAN_POINT ( 'NONE',  ( -1.006430356250000324, 5.884375000614514128, -0.5810628371015467142 ) ) ;
#3475 = CARTESIAN_POINT ( 'NONE',  ( 1.249999999999999334, 4.599999999999996092, 0.000000000000000000 ) ) ;
#3476 = CARTESIAN_POINT ( 'NONE',  ( 1.006430356249999436, 9.746875000614512174, -1.767562423498186358E-15 ) ) ;
#3477 = ORIENTED_EDGE ( 'NONE', *, *, #4623, .T. ) ;
#3478 = CARTESIAN_POINT ( 'NONE',  ( 1.252801084755460037, 1.917132794191443557, 0.7233050435246172194 ) ) ;
#3479 = CARTESIAN_POINT ( 'NONE',  ( -0.6250000000000017764, 10.20625000122903003, -1.082531754730546636 ) ) ;
#3480 = CARTESIAN_POINT ( 'NONE',  ( -1.006430356249998548, 3.259375000614513684, 0.5810628371015494897 ) ) ;
#3481 = CARTESIAN_POINT ( 'NONE',  ( 1.006430356249999658, 6.259375000614514128, -9.819791222584817478E-16 ) ) ;
#3482 = CARTESIAN_POINT ( 'NONE',  ( -1.062732146793064886E-15, 2.321875000614514128, -1.162125674203096537 ) ) ;
#3483 = CARTESIAN_POINT ( 'NONE',  ( 1.249999999999999334, 8.199999999999995737, 0.000000000000000000 ) ) ;
#3484 = CARTESIAN_POINT ( 'NONE',  ( 0.5032151781249999400, 0.7843750006145138176, 0.8715942556523221807 ) ) ;
#3485 = DIRECTION ( 'NONE',  ( 0.3535533905932726761, 0.7071067811865490160, 0.6123724356957934711 ) ) ;
#3486 = ORIENTED_EDGE ( 'NONE', *, *, #780, .T. ) ;
#3487 = LINE ( 'NONE', #4804, #4458 ) ;
#3488 = EDGE_CURVE ( 'NONE', #5743, #50, #164, .T. ) ;
#3489 = CARTESIAN_POINT ( 'NONE',  ( -1.191095495853194869E-14, 6.962499999999996803, -1.249999999999999334 ) ) ;
#3490 = DIRECTION ( 'NONE',  ( 0.000000000000000000, 0.000000000000000000, 1.000000000000000000 ) ) ;
#3491 = CARTESIAN_POINT ( 'NONE',  ( -1.250000000000000444, 4.393750001229030921, -0.7216878364870296103 ) ) ;
#3492 = CARTESIAN_POINT ( 'NONE',  ( 1.006430356249999658, 8.921875000614514661, 0.5810628371015478244 ) ) ;
#3493 = CARTESIAN_POINT ( 'NONE',  ( -1.006430356249998548, 5.509375000614514128, 0.5810628371015493787 ) ) ;
#3494 = CARTESIAN_POINT ( 'NONE',  ( 0.000000000000000000, 10.00000000000000000, 0.000000000000000000 ) ) ;
#3495 = ORIENTED_EDGE ( 'NONE', *, *, #4771, .T. ) ;
#3496 = CARTESIAN_POINT ( 'NONE',  ( -1.062732146793064491E-15, 9.071875000614513240, -1.162125674203096537 ) ) ;
#3497 = CARTESIAN_POINT ( 'NONE',  ( -0.6264005423777275761, 9.004632794191444134, 1.084957565286930325 ) ) ;
#3498 = CARTESIAN_POINT ( 'NONE',  ( -6.618660168303196309E-05, 4.542678856806148247, 1.249999996738970776 ) ) ;
#3499 = CARTESIAN_POINT ( 'NONE',  ( -1.249999999999999556, 3.962499999999995914, 0.7216878364870313867 ) ) ;
#3500 = CARTESIAN_POINT ( 'NONE',  ( -0.3349364905389035640, 5.367403810567662248, 1.249999999999999112 ) ) ;
#3501 = CARTESIAN_POINT ( 'NONE',  ( 0.5032151781249999400, 7.084375000614513418, 0.8715942556523221807 ) ) ;
#3502 = CARTESIAN_POINT ( 'NONE',  ( 1.006430356249999658, 1.309375000614513951, -9.819791222584817478E-16 ) ) ;
#3503 =( BOUNDED_CURVE ( )  B_SPLINE_CURVE ( 2, ( #2066, #1573, #1545, #5170, #3320, #5109, #2886, #662, #4667 ),
 .UNSPECIFIED., .F., .F. ) 
 B_SPLINE_CURVE_WITH_KNOTS ( ( 3, 2, 2, 2, 3 ),
 ( 0.1620727296081956315, 0.1652506307061696045, 0.1716064241948655200, 0.1779622176835614356, 0.1811399768341962480 ),
 .UNSPECIFIED. ) 
 CURVE ( )  GEOMETRIC_REPRESENTATION_ITEM ( )  RATIONAL_B_SPLINE_CURVE ( ( 0.9330127018923450866, 0.9330126101215714396, 1.000000000000000000, 0.8660254037844387076, 1.000000000000000000, 0.8660254037844387076, 1.000000000000000000, 0.9330156022479647593, 0.9330127020177964026 ) ) 
 REPRESENTATION_ITEM ( '' )  );
#3504 = CARTESIAN_POINT ( 'NONE',  ( 1.827526258964323273E-15, 5.584375000614514306, 1.162125674203096093 ) ) ;
#3505 = CARTESIAN_POINT ( 'NONE',  ( 1.249999999999999334, 2.349999999999996536, 0.000000000000000000 ) ) ;
#3506 = CARTESIAN_POINT ( 'NONE',  ( -1.006430356249998548, 9.559375000614512174, 0.5810628371015494897 ) ) ;
#3507 = ORIENTED_EDGE ( 'NONE', *, *, #3233, .F. ) ;
#3508 = CARTESIAN_POINT ( 'NONE',  ( -1.252801084755457817, 0.4171327941914436122, 0.7233050435246216603 ) ) ;
#3509 = CARTESIAN_POINT ( 'NONE',  ( -1.006430356249999436, -0.3781249993854859937, 1.644310252063557226E-15 ) ) ;
#3510 = CARTESIAN_POINT ( 'NONE',  ( -1.006430356249999436, 3.671875000614513329, 1.644310252063557226E-15 ) ) ;
#3511 = CARTESIAN_POINT ( 'NONE',  ( 0.5032151781249999400, 4.834375000614513418, 0.8715942556523221807 ) ) ;
#3512 = CARTESIAN_POINT ( 'NONE',  ( 1.006430356249999658, 2.621875000614513951, 0.5810628371015478244 ) ) ;
#3513 = EDGE_CURVE ( 'NONE', #5032, #3916, #4678, .T. ) ;
#3514 = CARTESIAN_POINT ( 'NONE',  ( -1.006430356249998992, 0.6718750006145138842, 0.5810628371015487126 ) ) ;
#3515 = CARTESIAN_POINT ( 'NONE',  ( 0.000000000000000000, 10.00000000000000000, 0.000000000000000000 ) ) ;
#3516 = VERTEX_POINT ( 'NONE', #4765 ) ;
#3517 = CARTESIAN_POINT ( 'NONE',  ( -1.520541410635321810E-05, 0.9435065763664627347, 1.249999999831362008 ) ) ;
#3518 = DIRECTION ( 'NONE',  ( 0.000000000000000000, 0.000000000000000000, -1.000000000000000000 ) ) ;
#3519 = CARTESIAN_POINT ( 'NONE',  ( 1.250000000000000444, 3.268750001229030921, 0.7216878364870298324 ) ) ;
#3520 = CARTESIAN_POINT ( 'NONE',  ( -1.006430356249998548, 6.859375000614513773, 0.5810628371015493787 ) ) ;
#3521 = CARTESIAN_POINT ( 'NONE',  ( 1.530808498934190831E-16, 0.4500000000000000111, 1.249999999999999334 ) ) ;
#3522 = VERTEX_POINT ( 'NONE', #793 ) ;
#3523 = CARTESIAN_POINT ( 'NONE',  ( -0.6264005423777315729, 7.054632794191442180, -1.084957565286927883 ) ) ;
#3524 = CARTESIAN_POINT ( 'NONE',  ( 0.7142857142857091945, 11.11428571428571566, -0.4123930494211705544 ) ) ;
#3525 = CARTESIAN_POINT ( 'NONE',  ( -5.868324150301105755E-15, 2.462499999999997691, -1.249999999999999556 ) ) ;
#3526 = CARTESIAN_POINT ( 'NONE',  ( -1.969845607676301195E-15, -0.4906249993854859826, -1.162125674203096093 ) ) ;
#3527 = CARTESIAN_POINT ( 'NONE',  ( -1.006430356249998992, 7.871875000614512174, 0.5810628371015487126 ) ) ;
#3528 = CARTESIAN_POINT ( 'NONE',  ( -1.006430356249999880, 3.296875000614513773, -0.5810628371015474913 ) ) ;
#3529 = CARTESIAN_POINT ( 'NONE',  ( 1.006430356249999880, 8.359375000614512885, 0.5810628371015469362 ) ) ;
#3530 = CARTESIAN_POINT ( 'NONE',  ( 0.6249999999999997780, 1.524999999999996803, -1.082531754730547746 ) ) ;
#3531 = CARTESIAN_POINT ( 'NONE',  ( -0.1488432515138456425, 0.4177370820616386204, 1.231372995646362822 ) ) ;
#3532 = AXIS2_PLACEMENT_3D ( 'NONE', #5541, #1558, #3332 ) ;
#3533 = ORIENTED_EDGE ( 'NONE', *, *, #4793, .F. ) ;
#3534 = CARTESIAN_POINT ( 'NONE',  ( 0.6249999999999987788, 10.37499999999999467, 1.082531754730548412 ) ) ;
#3535 = VECTOR ( 'NONE', #5638, 1000.000000000000000 ) ;
#3536 = CARTESIAN_POINT ( 'NONE',  ( -3.099357696081660789E-15, 3.417132794191443335, -1.446610087049238658 ) ) ;
#3537 = CARTESIAN_POINT ( 'NONE',  ( 0.6250000000000012212, 9.531250001229029323, 1.082531754730547080 ) ) ;
#3538 = CARTESIAN_POINT ( 'NONE',  ( -1.006430356250000102, 6.334375000614513418, -0.5810628371015466032 ) ) ;
#3539 = EDGE_CURVE ( 'NONE', #1034, #4701, #5727, .T. ) ;
#3540 = CARTESIAN_POINT ( 'NONE',  ( -0.5032151781249993849, 4.759375000614513240, 0.8715942556523227358 ) ) ;
#3541 = CARTESIAN_POINT ( 'NONE',  ( -1.006430356249999658, 1.534375000614513818, 8.587269508238526152E-16 ) ) ;
#3542 = CARTESIAN_POINT ( 'NONE',  ( -0.5032151781249993849, 0.7093750006145137510, 0.8715942556523227358 ) ) ;
#3543 = CARTESIAN_POINT ( 'NONE',  ( -4.938688641342514686E-16, 5.837499999999995026, 1.249999999999999334 ) ) ;
#3544 = ORIENTED_EDGE ( 'NONE', *, *, #4596, .F. ) ;
#3545 = CARTESIAN_POINT ( 'NONE',  ( -0.3349339801443965703, 7.488846040037694607, -1.250001449376944240 ) ) ;
#3546 = CARTESIAN_POINT ( 'NONE',  ( 0.6249999999999997780, 9.174999999999995381, -1.082531754730547746 ) ) ;
#3547 = CARTESIAN_POINT ( 'NONE',  ( 1.249999999999999334, 3.306250001229031010, -2.749541545756668106E-15 ) ) ;
#3548 = CARTESIAN_POINT ( 'NONE',  ( 1.006430356249998770, 9.896875000614516082, -0.5810628371015489346 ) ) ;
#3549 = CARTESIAN_POINT ( 'NONE',  ( -1.969845607676301195E-15, 6.709375000614513418, -1.162125674203096093 ) ) ;
#3550 = CARTESIAN_POINT ( 'NONE',  ( 1.249999999999999334, 4.656250001229030211, -2.749541545756668106E-15 ) ) ;
#3551 = ORIENTED_EDGE ( 'NONE', *, *, #3628, .F. ) ;
#3552 = ORIENTED_EDGE ( 'NONE', *, *, #4107, .F. ) ;
#3553 = CARTESIAN_POINT ( 'NONE',  ( 1.249999999999999334, 5.087499999999996803, -0.7216878364870317197 ) ) ;
#3554 = ADVANCED_FACE ( 'NONE', ( #5655 ), #2104, .T. ) ;
#3555 = CARTESIAN_POINT ( 'NONE',  ( -1.252801084755457817, 8.967132794191444489, 0.7233050435246216603 ) ) ;
#3556 = CARTESIAN_POINT ( 'NONE',  ( 1.078548590673208107E-05, 8.593929111475189231, 1.249999999908919968 ) ) ;
#3557 = CARTESIAN_POINT ( 'NONE',  ( -0.3349364905389085600, 9.682596189432331357, -1.249999999999996225 ) ) ;
#3558 = CARTESIAN_POINT ( 'NONE',  ( 9.204127980810867663E-16, 8.396875000614512530, 1.162125674203096537 ) ) ;
#3559 = CARTESIAN_POINT ( 'NONE',  ( 0.3349364905389005109, 2.442403810567662426, -1.250000000000000888 ) ) ;
#3560 = AXIS2_PLACEMENT_3D ( 'NONE', #4832, #1331, #3113 ) ;
#3561 = CARTESIAN_POINT ( 'NONE',  ( 1.006430356249999658, 1.759375000614513684, -9.819791222584817478E-16 ) ) ;
#3562 = CARTESIAN_POINT ( 'NONE',  ( -1.006430356250000324, 8.584375000614512530, -0.5810628371015467142 ) ) ;
#3563 = CARTESIAN_POINT ( 'NONE',  ( 0.6249999999999997780, 3.324999999999996181, -1.082531754730547746 ) ) ;
#3564 = CARTESIAN_POINT ( 'NONE',  ( -1.145349079970667372, 0.2558465741427847218, -0.07444787102358497999 ) ) ;
#3565 = EDGE_LOOP ( 'NONE', ( #4723, #3301 ) ) ;
#3566 = EDGE_LOOP ( 'NONE', ( #4134, #2409, #1734, #5495 ) ) ;
#3567 = CARTESIAN_POINT ( 'NONE',  ( -0.6250000000000002220, 9.399999999999995026, 1.082531754730547746 ) ) ;
#3568 = CARTESIAN_POINT ( 'NONE',  ( 1.252801084755457373, 3.342132794191443157, -0.7233050435246219934 ) ) ;
#3569 = CARTESIAN_POINT ( 'NONE',  ( 0.5032151781250004952, 1.571875000614513684, 0.8715942556523216256 ) ) ;
#3570 = CARTESIAN_POINT ( 'NONE',  ( -1.006430356249999436, 6.821875000614514128, 1.644310252063557226E-15 ) ) ;
#3571 = CARTESIAN_POINT ( 'NONE',  ( -0.5032151781249993849, 5.209375000614513418, 0.8715942556523227358 ) ) ;
#3572 = CARTESIAN_POINT ( 'NONE',  ( -1.062732146793064886E-15, 0.9718750006145139286, -1.162125674203096537 ) ) ;
#3573 = LINE ( 'NONE', #888, #1979 ) ;
#3574 = VERTEX_POINT ( 'NONE', #3039 ) ;
#3575 = CARTESIAN_POINT ( 'NONE',  ( 1.743066579297358255E-16, 9.212499999999995026, -1.249999999999999112 ) ) ;
#3576 = EDGE_CURVE ( 'NONE', #1846, #3154, #3224, .T. ) ;
#3577 = CARTESIAN_POINT ( 'NONE',  ( 2.054843777561417162E-09, 7.693750001381278736, 1.249999999999999334 ) ) ;
#3578 = DIRECTION ( 'NONE',  ( -0.000000000000000000, -1.000000000000000000, -0.000000000000000000 ) ) ;
#3579 = CARTESIAN_POINT ( 'NONE',  ( 1.249999999999998002, 5.593750001229030211, -0.7216878364870344953 ) ) ;
#3580 = CARTESIAN_POINT ( 'NONE',  ( 0.5032151781249990519, 9.034375000614511819, -0.8715942556523228468 ) ) ;
#3581 = CARTESIAN_POINT ( 'NONE',  ( 0.5032151781249982747, 5.771875000614513418, -0.8715942556523229579 ) ) ;
#3582 = CARTESIAN_POINT ( 'NONE',  ( 1.250000000000000444, 4.618750001229030566, 0.7216878364870297213 ) ) ;
#3583 = CARTESIAN_POINT ( 'NONE',  ( 1.249999999999999334, 2.856250001229030833, -2.749541545756668106E-15 ) ) ;
#3584 = CARTESIAN_POINT ( 'NONE',  ( 1.252801084755460037, 8.217132794191442713, 0.7233050435246172194 ) ) ;
#3585 = CARTESIAN_POINT ( 'NONE',  ( 1.743066579297358255E-16, 6.512499999999996625, -1.249999999999999112 ) ) ;
#3586 = CARTESIAN_POINT ( 'NONE',  ( 1.249999999999997780, 6.043750001229030389, -0.7216878364870343843 ) ) ;
#3587 = CARTESIAN_POINT ( 'NONE',  ( -0.3349364905389043967, 1.582596189432331268, -1.249999999999998668 ) ) ;
#3588 = CARTESIAN_POINT ( 'NONE',  ( -0.6250000000000002220, 5.349999999999996092, 1.082531754730547746 ) ) ;
#3590 = EDGE_LOOP ( 'NONE', ( #5583, #2645, #1721, #1391, #1302, #675, #3007, #1340, #3231, #2183, #459, #2017, #4946, #5446, #370, #2706, #1254, #3376, #4341, #2760, #2978, #2326, #442, #3880, #5392, #1443, #89, #2223, #2918, #631, #1214, #2536, #4865, #4682, #1602, #4919, #3190, #1830, #5108, #303, #1281, #3619, #5117, #3411, #2082, #410, #3642, #5695 ) ) ;
#3589 = CARTESIAN_POINT ( 'NONE',  ( -1.062732146793064886E-15, 8.171875000614512885, -1.162125674203096537 ) ) ;
#3591 = CARTESIAN_POINT ( 'NONE',  ( -1.006430356249999214, 1.121875000614513729, 0.5810628371015488236 ) ) ;
#3592 = CARTESIAN_POINT ( 'NONE',  ( -1.006430356249998548, 9.109375000614512885, 0.5810628371015493787 ) ) ;
#3593 = CARTESIAN_POINT ( 'NONE',  ( 1.249999999999999112, 1.862499999999996936, 0.7216878364870323859 ) ) ;
#3594 = CARTESIAN_POINT ( 'NONE',  ( -1.000000000000000444, 12.35000000000000320, 0.5773502691896261751 ) ) ;
#3595 = ADVANCED_FACE ( 'NONE', ( #1238 ), #5683, .T. ) ;
#3596 = ORIENTED_EDGE ( 'NONE', *, *, #565, .T. ) ;
#3597 = CARTESIAN_POINT ( 'NONE',  ( 1.249999999999999334, 9.999999999999994671, 0.000000000000000000 ) ) ;
#3598 = CARTESIAN_POINT ( 'NONE',  ( 1.252801084755458927, 2.404632794191443601, -2.760834442142232968E-15 ) ) ;
#3599 = CARTESIAN_POINT ( 'NONE',  ( -0.5032151781250009392, 2.246875000614513507, -0.8715942556523212925 ) ) ;
#3600 = CARTESIAN_POINT ( 'NONE',  ( 1.827526258964323273E-15, 5.584375000614514306, 1.162125674203096093 ) ) ;
#3601 = CARTESIAN_POINT ( 'NONE',  ( -1.062732146793064491E-15, 5.921875000614513773, -1.162125674203096537 ) ) ;
#3602 = CARTESIAN_POINT ( 'NONE',  ( 0.5032151781249990519, 4.534375000614513596, -0.8715942556523228468 ) ) ;
#3603 = CARTESIAN_POINT ( 'NONE',  ( -0.6249999999999993339, 2.949999999999997069, -1.082531754730547968 ) ) ;
#3604 = CARTESIAN_POINT ( 'NONE',  ( 2.162577587529268681E-16, 12.35000000000000320, -1.154700538379252128 ) ) ;
#3605 = ORIENTED_EDGE ( 'NONE', *, *, #1002, .F. ) ;
#3606 = CARTESIAN_POINT ( 'NONE',  ( 9.177064852761564954E-07, 0.7187499461667510303, -1.249999999999662714 ) ) ;
#3607 = CARTESIAN_POINT ( 'NONE',  ( 0.000000000000000000, 10.00000000000000000, -1.249999999999999334 ) ) ;
#3608 = CARTESIAN_POINT ( 'NONE',  ( 1.249999999999999334, 6.006250001229030744, -2.749541545756668106E-15 ) ) ;
#3609 =( BOUNDED_CURVE ( )  B_SPLINE_CURVE ( 2, ( #5680, #1179, #325, #2513, #435, #3983, #3129, #3559, #1350 ),
 .UNSPECIFIED., .F., .F. ) 
 B_SPLINE_CURVE_WITH_KNOTS ( ( 3, 2, 2, 2, 3 ),
 ( 0.2500000000000000000, 0.2530864197530864335, 0.2592592592592592449, 0.2654320987654321118, 0.2685185185185185452 ),
 .UNSPECIFIED. ) 
 CURVE ( )  GEOMETRIC_REPRESENTATION_ITEM ( )  RATIONAL_B_SPLINE_CURVE ( ( 0.9330127018922194093, 0.9330127018922194093, 1.000000000000000000, 0.8660254037844387076, 1.000000000000000000, 0.8660254037844387076, 1.000000000000000000, 0.9330127018922187432, 0.9330127018922194093 ) ) 
 REPRESENTATION_ITEM ( '' )  );
#3610 = CARTESIAN_POINT ( 'NONE',  ( -1.006430356250000324, 7.234375000614513773, -0.5810628371015467142 ) ) ;
#3611 = CARTESIAN_POINT ( 'NONE',  ( -9.668033514238626795E-06, 6.568750581310993653, -1.249999999962611019 ) ) ;
#3612 = ORIENTED_EDGE ( 'NONE', *, *, #5510, .T. ) ;
#3613 = CARTESIAN_POINT ( 'NONE',  ( 1.249999999999997780, 9.193750001229030744, -0.7216878364870343843 ) ) ;
#3614 = CARTESIAN_POINT ( 'NONE',  ( -1.252801084755457817, 9.867132794191441292, 0.7233050435246216603 ) ) ;
#3615 = CARTESIAN_POINT ( 'NONE',  ( -1.249999999999999334, 4.431250001229031454, 2.596460695863248776E-15 ) ) ;
#3616 = CARTESIAN_POINT ( 'NONE',  ( 0.5032151781250004952, 0.2218750006145139286, 0.8715942556523216256 ) ) ;
#3617 = EDGE_CURVE ( 'NONE', #2312, #1339, #556, .T. ) ;
#3619 = ORIENTED_EDGE ( 'NONE', *, *, #2818, .F. ) ;
#3618 = CARTESIAN_POINT ( 'NONE',  ( -1.006430356249999658, 8.284375000614511819, 8.587269508238526152E-16 ) ) ;
#3620 = CARTESIAN_POINT ( 'NONE',  ( 1.006430356249998992, 4.046875000614513773, -0.5810628371015489346 ) ) ;
#3621 = CARTESIAN_POINT ( 'NONE',  ( 0.5032151781250004952, 8.771875000614512530, 0.8715942556523216256 ) ) ;
#3622 = CARTESIAN_POINT ( 'NONE',  ( -0.6249999999999993339, 2.949999999999997069, -1.082531754730547968 ) ) ;
#3623 =( BOUNDED_CURVE ( )  B_SPLINE_CURVE ( 2, ( #2826, #4178, #4120, #103, #1433, #994, #4519, #2323, #5494 ),
 .UNSPECIFIED., .F., .T. ) 
 B_SPLINE_CURVE_WITH_KNOTS ( ( 3, 2, 2, 2, 3 ),
 ( 0.2870370370370370350, 0.2901234567901234684, 0.2962962962962962798, 0.3024691358024691468, 0.3055555555555555802 ),
 .UNSPECIFIED. ) 
 CURVE ( )  GEOMETRIC_REPRESENTATION_ITEM ( )  RATIONAL_B_SPLINE_CURVE ( ( 0.9330127018922194093, 0.9330127018922194093, 1.000000000000000000, 0.8660254037844387076, 1.000000000000000000, 0.8660254037844387076, 1.000000000000000000, 0.9330127018922187432, 0.9330127018922194093 ) ) 
 REPRESENTATION_ITEM ( '' )  );
#3624 = ORIENTED_EDGE ( 'NONE', *, *, #3089, .T. ) ;
#3625 = CARTESIAN_POINT ( 'NONE',  ( -0.6249999999999993339, 10.14999999999999503, -1.082531754730547968 ) ) ;
#3626 = DIRECTION ( 'NONE',  ( -0.000000000000000000, -1.000000000000000000, -0.000000000000000000 ) ) ;
#3627 = CARTESIAN_POINT ( 'NONE',  ( -1.252801084755460259, 4.392132794191443423, -0.7233050435246171084 ) ) ;
#3628 = EDGE_CURVE ( 'NONE', #3122, #5461, #2141, .T. ) ;
#3629 = CARTESIAN_POINT ( 'NONE',  ( 1.006430356249998104, -0.1156249993854859826, -0.5810628371015496008 ) ) ;
#3630 = CARTESIAN_POINT ( 'NONE',  ( -1.969845607676301195E-15, 5.809375000614513951, -1.162125674203096093 ) ) ;
#3631 = CARTESIAN_POINT ( 'NONE',  ( -1.006430356249999658, 4.684375000614513951, 8.587269508238526152E-16 ) ) ;
#3632 = DIRECTION ( 'NONE',  ( -0.000000000000000000, -1.000000000000000000, -0.000000000000000000 ) ) ;
#3633 = DIRECTION ( 'NONE',  ( -0.000000000000000000, -1.000000000000000000, -0.000000000000000000 ) ) ;
#3634 = DIRECTION ( 'NONE',  ( 0.000000000000000000, 0.000000000000000000, -1.000000000000000000 ) ) ;
#3635 = CARTESIAN_POINT ( 'NONE',  ( 1.250000000000000444, 8.218750001229031099, 0.7216878364870297213 ) ) ;
#3636 = CARTESIAN_POINT ( 'NONE',  ( 0.6250000000000012212, 4.581250001229030921, 1.082531754730547080 ) ) ;
#3637 = CARTESIAN_POINT ( 'NONE',  ( 1.249999999999999556, -0.7625000000000029532, -0.7216878364870316087 ) ) ;
#3638 = VECTOR ( 'NONE', #432, 1000.000000000000000 ) ;
#3639 = CARTESIAN_POINT ( 'NONE',  ( -1.006430356249999436, 8.171875000614512885, 1.644310252063557226E-15 ) ) ;
#3640 = CARTESIAN_POINT ( 'NONE',  ( -1.249999999999999556, 7.562499999999995559, 0.7216878364870313867 ) ) ;
#3641 = VERTEX_POINT ( 'NONE', #5712 ) ;
#3642 = ORIENTED_EDGE ( 'NONE', *, *, #917, .F. ) ;
#3643 = CARTESIAN_POINT ( 'NONE',  ( -5.150470502622550415E-05, 8.142894556171148324, 1.249999997922397466 ) ) ;
#3644 = CARTESIAN_POINT ( 'NONE',  ( -1.252801084755460259, 9.342132794191440937, -0.7233050435246171084 ) ) ;
#3645 = CARTESIAN_POINT ( 'NONE',  ( -0.8266549235453920508, 0.4447450235116556794, 0.9423734741943816662 ) ) ;
#3646 = CARTESIAN_POINT ( 'NONE',  ( 1.006430356249999436, 2.546875000614514217, -1.767562423498186358E-15 ) ) ;
#3648 = VERTEX_POINT ( 'NONE', #852 ) ;
#3647 = CARTESIAN_POINT ( 'NONE',  ( -0.5032151781249993849, 9.709375000614514306, 0.8715942556523227358 ) ) ;
#3649 = CARTESIAN_POINT ( 'NONE',  ( -0.5032151781249993849, 5.659375000614512707, 0.8715942556523227358 ) ) ;
#3650 = VECTOR ( 'NONE', #5166, 1000.000000000000000 ) ;
#3651 = CARTESIAN_POINT ( 'NONE',  ( 1.006430356249999436, 7.946875000614512352, -1.767562423498186358E-15 ) ) ;
#3652 = CARTESIAN_POINT ( 'NONE',  ( -0.6249999999999993339, 4.299999999999996270, -1.082531754730547968 ) ) ;
#3653 = CARTESIAN_POINT ( 'NONE',  ( -1.191095495853194869E-14, 6.062499999999997335, -1.249999999999999334 ) ) ;
#3654 = EDGE_LOOP ( 'NONE', ( #5410, #822, #1247, #468 ) ) ;
#3655 = CARTESIAN_POINT ( 'NONE',  ( -0.6249999999999993339, 9.699999999999997513, -1.082531754730547968 ) ) ;
#3656 = CARTESIAN_POINT ( 'NONE',  ( -1.252801084755458927, 2.179632794191443512, 2.607410558300822600E-15 ) ) ;
#3657 = CARTESIAN_POINT ( 'NONE',  ( 0.5032151781249982747, 2.171875000614513773, -0.8715942556523229579 ) ) ;
#3658 = CARTESIAN_POINT ( 'NONE',  ( -0.5032151781250009392, 6.296875000614513773, -0.8715942556523212925 ) ) ;
#3659 = CARTESIAN_POINT ( 'NONE',  ( -0.5032151781250003841, 8.659375000614511819, -0.8715942556523218476 ) ) ;
#3660 = CARTESIAN_POINT ( 'NONE',  ( -0.6250000000000002220, 0.8499999999999967581, 1.082531754730547746 ) ) ;
#3661 = ADVANCED_FACE ( 'NONE', ( #273 ), #372, .T. ) ;
#3662 = CARTESIAN_POINT ( 'NONE',  ( 1.250000000000000444, 6.418750001229030389, 0.7216878364870298324 ) ) ;
#3663 = CARTESIAN_POINT ( 'NONE',  ( -0.6250000000000002220, -0.5000000000000029976, 1.082531754730547746 ) ) ;
#3664 = CARTESIAN_POINT ( 'NONE',  ( 1.827526258964323273E-15, 7.834375000614512530, 1.162125674203096093 ) ) ;
#3665 = DIRECTION ( 'NONE',  ( 0.8660254037844414832, 0.000000000000000000, 0.4999999999999951705 ) ) ;
#3666 = ORIENTED_EDGE ( 'NONE', *, *, #332, .F. ) ;
#3667 = FACE_OUTER_BOUND ( 'NONE', #603, .T. ) ;
#3668 = CARTESIAN_POINT ( 'NONE',  ( -0.6264005423777315729, 9.754632794191444134, -1.084957565286927883 ) ) ;
#3669 = CARTESIAN_POINT ( 'NONE',  ( -1.006430356249998548, 1.459375000614514084, 0.5810628371015494897 ) ) ;
#3670 = CARTESIAN_POINT ( 'NONE',  ( -1.006430356250000324, 1.834375000614513862, -0.5810628371015467142 ) ) ;
#3671 = FACE_OUTER_BOUND ( 'NONE', #915, .T. ) ;
#3672 = CARTESIAN_POINT ( 'NONE',  ( -0.5032151781250003841, 5.509375000614513240, -0.8715942556523218476 ) ) ;
#3673 = CARTESIAN_POINT ( 'NONE',  ( 6.118163693333727734E-14, 0.1453125009217763608, 1.074088590388472042 ) ) ;
#3674 = ORIENTED_EDGE ( 'NONE', *, *, #3295, .F. ) ;
#3675 = CARTESIAN_POINT ( 'NONE',  ( 0.000000000000000000, 10.00000000000000000, -1.249999999999999334 ) ) ;
#3676 = CARTESIAN_POINT ( 'NONE',  ( -5.868324150301105755E-15, 4.262499999999997513, -1.249999999999999556 ) ) ;
#3677 = CARTESIAN_POINT ( 'NONE',  ( -1.249999999999999334, 7.131250001229030744, 2.596460695863248776E-15 ) ) ;
#3678 = CARTESIAN_POINT ( 'NONE',  ( 0.6264005423777310178, 4.579632794191443423, 1.084957565286928327 ) ) ;
#3679 = CARTESIAN_POINT ( 'NONE',  ( 1.827526258964323273E-15, 0.6343750006145137954, 1.162125674203096093 ) ) ;
#3680 = CARTESIAN_POINT ( 'NONE',  ( -1.006430356249999436, 9.071875000614511464, 1.644310252063557226E-15 ) ) ;
#3681 = CARTESIAN_POINT ( 'NONE',  ( -0.3349295022250656229, 6.138845771362534620, -1.250004034704875533 ) ) ;
#3682 = CARTESIAN_POINT ( 'NONE',  ( -0.3349364905389021763, 0.8674038105676624699, 1.249999999999999778 ) ) ;
#3683 = ORIENTED_EDGE ( 'NONE', *, *, #4556, .T. ) ;
#3684 = CARTESIAN_POINT ( 'NONE',  ( -8.339805467747525846E-06, 8.368750501617276072, -1.249999999972178255 ) ) ;
#3685 = CARTESIAN_POINT ( 'NONE',  ( 1.249999999999999334, 5.106250001229030389, -2.749541545756668106E-15 ) ) ;
#3686 = EDGE_CURVE ( 'NONE', #1392, #3916, #5297, .T. ) ;
#3687 = CARTESIAN_POINT ( 'NONE',  ( -1.969845607676301195E-15, 9.409375000614513596, -1.162125674203096093 ) ) ;
#3688 = CARTESIAN_POINT ( 'NONE',  ( 1.249999999999999556, 5.537499999999996092, -0.7216878364870316087 ) ) ;
#3689 = VERTEX_POINT ( 'NONE', #4971 ) ;
#3690 = CYLINDRICAL_SURFACE ( 'NONE', #2329, 1.249999999999999334 ) ;
#3691 = CARTESIAN_POINT ( 'NONE',  ( -0.6264005423777315729, 9.304632794191441292, -1.084957565286927883 ) ) ;
#3692 = CARTESIAN_POINT ( 'NONE',  ( -0.8499999999999967581, 11.25000000000000000, 0.4907477288111848357 ) ) ;
#3693 = EDGE_CURVE ( 'NONE', #554, #2118, #1161, .T. ) ;
#3694 = CARTESIAN_POINT ( 'NONE',  ( 0.5032151781249982747, 1.271875000614513862, -0.8715942556523229579 ) ) ;
#3695 = EDGE_CURVE ( 'NONE', #3361, #1916, #1755, .T. ) ;
#3696 = CARTESIAN_POINT ( 'NONE',  ( 1.006430356249998104, 1.234375000614513551, -0.5810628371015496008 ) ) ;
#3697 = CARTESIAN_POINT ( 'NONE',  ( 0.000000000000000000, 10.00000000000000000, -1.249999999999999334 ) ) ;
#3698 = CARTESIAN_POINT ( 'NONE',  ( -0.5032151781249993849, 4.759375000614513240, 0.8715942556523227358 ) ) ;
#3699 = CARTESIAN_POINT ( 'NONE',  ( 0.5032151781250004952, 10.57187500061451146, 0.8715942556523216256 ) ) ;
#3700 = CARTESIAN_POINT ( 'NONE',  ( -1.249999999999999778, 3.962499999999996803, 0.7216878364870313867 ) ) ;
#3701 = CARTESIAN_POINT ( 'NONE',  ( -0.3007578315735614516, 0.1256972178714154953, -1.030105340660226299 ) ) ;
#3702 = ORIENTED_EDGE ( 'NONE', *, *, #4463, .T. ) ;
#3703 = VERTEX_POINT ( 'NONE', #1390 ) ;
#3704 = CARTESIAN_POINT ( 'NONE',  ( 0.6249999999999987788, 10.82499999999999396, 1.082531754730548412 ) ) ;
#3705 = CARTESIAN_POINT ( 'NONE',  ( 1.249999999999997780, 4.243750001229030566, -0.7216878364870343843 ) ) ;
#3706 = CARTESIAN_POINT ( 'NONE',  ( 0.6250000000000012212, 1.881250001229030966, 1.082531754730547080 ) ) ;
#3707 = CARTESIAN_POINT ( 'NONE',  ( 1.252801084755457373, 6.492132794191443068, -0.7233050435246219934 ) ) ;
#3708 = CARTESIAN_POINT ( 'NONE',  ( 0.5032151781249982747, 4.421875000614513773, -0.8715942556523229579 ) ) ;
#3709 = CARTESIAN_POINT ( 'NONE',  ( 1.827526258964323273E-15, 8.734375000614512885, 1.162125674203096093 ) ) ;
#3710 = CARTESIAN_POINT ( 'NONE',  ( -0.6249999999999993339, 0.6999999999999968470, -1.082531754730547968 ) ) ;
#3711 = CARTESIAN_POINT ( 'NONE',  ( 1.249999999999997780, 0.6437500012290312545, -0.7216878364870343843 ) ) ;
#3712 = ADVANCED_FACE ( 'NONE', ( #533 ), #1821, .T. ) ;
#3713 = CARTESIAN_POINT ( 'NONE',  ( -3.086515833287601756E-15, 7.468750001229031099, -1.443375672974063439 ) ) ;
#3714 = CARTESIAN_POINT ( 'NONE',  ( -1.249999999999999334, -0.1625000000000030587, -0.7216878364870322748 ) ) ;
#3715 = CARTESIAN_POINT ( 'NONE',  ( -1.006430356250000324, 7.684375000614513063, -0.5810628371015467142 ) ) ;
#3716 = CARTESIAN_POINT ( 'NONE',  ( -1.249999999999999334, 6.174999999999996270, -1.530808498934190831E-16 ) ) ;
#3717 = FACE_OUTER_BOUND ( 'NONE', #3590, .T. ) ;
#3719 = VERTEX_POINT ( 'NONE', #3653 ) ;
#3718 = CARTESIAN_POINT ( 'NONE',  ( -4.938688641342514686E-16, 8.537499999999996092, 1.249999999999999334 ) ) ;
#3720 = AXIS2_PLACEMENT_3D ( 'NONE', #953, #3626, #4450 ) ;
#3721 = ORIENTED_EDGE ( 'NONE', *, *, #773, .F. ) ;
#3722 = ORIENTED_EDGE ( 'NONE', *, *, #4047, .F. ) ;
#3723 =( BOUNDED_CURVE ( )  B_SPLINE_CURVE ( 2, ( #5203, #2013, #348, #2123, #3897, #3787, #1378, #4044, #5382 ),
 .UNSPECIFIED., .F., .T. ) 
 B_SPLINE_CURVE_WITH_KNOTS ( ( 3, 2, 2, 2, 3 ),
 ( 0.5648148148148148806, 0.5679012345679012030, 0.5740740740740740700, 0.5802469135802469369, 0.5833333333333333703 ),
 .UNSPECIFIED. ) 
 CURVE ( )  GEOMETRIC_REPRESENTATION_ITEM ( )  RATIONAL_B_SPLINE_CURVE ( ( 0.9330127018922192983, 0.9330127018922205195, 1.000000000000000000, 0.8660254037844387076, 1.000000000000000000, 0.8660254037844387076, 1.000000000000000000, 0.9330127018922194093, 0.9330127018922194093 ) ) 
 REPRESENTATION_ITEM ( '' )  );
#3724 = DIRECTION ( 'NONE',  ( -0.000000000000000000, -1.000000000000000000, -0.000000000000000000 ) ) ;
#3725 = CARTESIAN_POINT ( 'NONE',  ( 2.909753293500117656E-15, -0.4062499987709687899, 1.443375672974063439 ) ) ;
#3726 = CARTESIAN_POINT ( 'NONE',  ( -1.250000000000000444, 1.243750001229031010, -0.7216878364870294993 ) ) ;
#3727 = VECTOR ( 'NONE', #734, 1000.000000000000000 ) ;
#3728 = CARTESIAN_POINT ( 'NONE',  ( -0.5032151781250009392, 0.4468750006145138509, -0.8715942556523212925 ) ) ;
#3729 = CARTESIAN_POINT ( 'NONE',  ( 1.006430356249999880, 1.609375000614513773, 0.5810628371015469362 ) ) ;
#3730 = DIRECTION ( 'NONE',  ( -0.000000000000000000, -1.000000000000000000, -0.000000000000000000 ) ) ;
#3731 = CARTESIAN_POINT ( 'NONE',  ( -1.006430356249999880, 4.196875000614514128, -0.5810628371015474913 ) ) ;
#3732 = CARTESIAN_POINT ( 'NONE',  ( 1.006430356249999436, 9.746875000614512174, -1.767562423498186358E-15 ) ) ;
#3733 = CARTESIAN_POINT ( 'NONE',  ( -1.191095495853194869E-14, 6.962499999999996803, -1.249999999999999334 ) ) ;
#3734 = CARTESIAN_POINT ( 'NONE',  ( -1.006430356249998992, 4.271875000614513418, 0.5810628371015487126 ) ) ;
#3735 = VERTEX_POINT ( 'NONE', #3594 ) ;
#3736 = EDGE_CURVE ( 'NONE', #449, #515, #4122, .T. ) ;
#3737 = CARTESIAN_POINT ( 'NONE',  ( -1.252801084755458927, 5.779632794191443601, 2.607410558300822600E-15 ) ) ;
#3738 = CARTESIAN_POINT ( 'NONE',  ( -1.006430356249998548, 2.359375000614513773, 0.5810628371015493787 ) ) ;
#3739 = CARTESIAN_POINT ( 'NONE',  ( -0.5032151781250009392, 8.096875000614511819, -0.8715942556523212925 ) ) ;
#3740 = CARTESIAN_POINT ( 'NONE',  ( -1.006430356249999880, 8.246875000614512174, -0.5810628371015476024 ) ) ;
#3741 = DIRECTION ( 'NONE',  ( 0.000000000000000000, 0.000000000000000000, -1.000000000000000000 ) ) ;
#3742 = DIRECTION ( 'NONE',  ( 0.000000000000000000, 0.000000000000000000, 1.000000000000000000 ) ) ;
#3743 = CARTESIAN_POINT ( 'NONE',  ( -0.6249999999999978906, 7.656250001229029323, 1.082531754730548856 ) ) ;
#3744 = CARTESIAN_POINT ( 'NONE',  ( -0.5032151781249993849, 10.15937500061451360, 0.8715942556523227358 ) ) ;
#3745 = CARTESIAN_POINT ( 'NONE',  ( -0.5032151781249986078, 7.796875000614512885, 0.8715942556523228468 ) ) ;
#3746 = CARTESIAN_POINT ( 'NONE',  ( -1.249999999999999778, 6.662499999999996092, 0.7216878364870313867 ) ) ;
#3747 = CARTESIAN_POINT ( 'NONE',  ( -1.006430356249999658, -0.2656249993854860603, 8.587269508238524180E-16 ) ) ;
#3748 = CARTESIAN_POINT ( 'NONE',  ( 1.249999999999999334, 8.687499999999996447, -0.7216878364870317197 ) ) ;
#3749 = ORIENTED_EDGE ( 'NONE', *, *, #2196, .T. ) ;
#3750 = ADVANCED_FACE ( 'NONE', ( #4917 ), #4385, .F. ) ;
#3751 = CYLINDRICAL_SURFACE ( 'NONE', #1678, 1.249999999999999334 ) ;
#3752 = CARTESIAN_POINT ( 'NONE',  ( -1.249999999999998224, 0.8687500012290308993, 0.7216878364870340512 ) ) ;
#3753 = CARTESIAN_POINT ( 'NONE',  ( -1.249999999999999556, 5.762499999999996625, 0.7216878364870313867 ) ) ;
#3754 = CARTESIAN_POINT ( 'NONE',  ( -1.969845607676301195E-15, 2.209375000614513862, -1.162125674203096093 ) ) ;
#3755 = CARTESIAN_POINT ( 'NONE',  ( 1.827526258964323273E-15, 1.984375000614513551, 1.162125674203096093 ) ) ;
#3756 = CARTESIAN_POINT ( 'NONE',  ( 1.006430356249999658, 10.27187500061451075, 0.5810628371015478244 ) ) ;
#3757 = CARTESIAN_POINT ( 'NONE',  ( -1.062732146793064491E-15, 7.721875000614513596, -1.162125674203096537 ) ) ;
#3758 = CARTESIAN_POINT ( 'NONE',  ( -2.847008746185685470E-15, 1.562499999999997113, -1.249999999999999334 ) ) ;
#3759 = CARTESIAN_POINT ( 'NONE',  ( 0.000000000000000000, 10.00000000000000000, 0.000000000000000000 ) ) ;
#3760 = EDGE_CURVE ( 'NONE', #3522, #2367, #1423, .T. ) ;
#3761 = CARTESIAN_POINT ( 'NONE',  ( -0.5032151781250003841, 3.709375000614513862, -0.8715942556523218476 ) ) ;
#3762 = ORIENTED_EDGE ( 'NONE', *, *, #5724, .T. ) ;
#3763 = DIRECTION ( 'NONE',  ( 0.000000000000000000, 1.000000000000000000, 0.000000000000000000 ) ) ;
#3764 = LINE ( 'NONE', #2514, #2894 ) ;
#3765 = CARTESIAN_POINT ( 'NONE',  ( 1.249999999999999334, 1.956250001229030921, -2.749541545756668106E-15 ) ) ;
#3766 = CARTESIAN_POINT ( 'NONE',  ( -1.252801084755458927, 4.879632794191443246, 2.607410558300822600E-15 ) ) ;
#3767 = CARTESIAN_POINT ( 'NONE',  ( -1.006430356249999436, 3.671875000614513329, 1.644310252063557226E-15 ) ) ;
#3768 = CARTESIAN_POINT ( 'NONE',  ( -0.5032151781249986078, 8.696875000614513240, 0.8715942556523228468 ) ) ;
#3769 = EDGE_CURVE ( 'NONE', #5361, #1447, #1985, .T. ) ;
#3770 = CARTESIAN_POINT ( 'NONE',  ( 0.3349239145083945379, 5.648654566358526807, -1.250007260774598006 ) ) ;
#3771 = FACE_OUTER_BOUND ( 'NONE', #585, .T. ) ;
#3772 = CARTESIAN_POINT ( 'NONE',  ( -1.250000000000000444, 7.093750001229031099, -0.7216878364870296103 ) ) ;
#3773 = CARTESIAN_POINT ( 'NONE',  ( -0.6250000000000002220, 0.8499999999999967581, 1.082531754730547746 ) ) ;
#3774 = CARTESIAN_POINT ( 'NONE',  ( 0.5032151781249990519, 0.4843750006145138842, -0.8715942556523228468 ) ) ;
#3775 = CARTESIAN_POINT ( 'NONE',  ( 1.249999999999999334, 6.399999999999996803, 0.000000000000000000 ) ) ;
#3776 = DIRECTION ( 'NONE',  ( 0.8660254037844389297, 0.000000000000000000, -0.4999999999999995559 ) ) ;
#3777 = CARTESIAN_POINT ( 'NONE',  ( 1.743066579297358255E-16, 8.312499999999996447, -1.249999999999999112 ) ) ;
#3778 = ORIENTED_EDGE ( 'NONE', *, *, #5239, .T. ) ;
#3779 = DIRECTION ( 'NONE',  ( -0.000000000000000000, -1.000000000000000000, -0.000000000000000000 ) ) ;
#3780 = CARTESIAN_POINT ( 'NONE',  ( 1.249999999999999334, -0.2937499987709687455, -2.749541545756668106E-15 ) ) ;
#3781 = DIRECTION ( 'NONE',  ( -0.8660254037844385966, 0.000000000000000000, -0.5000000000000000000 ) ) ;
#3782 = CARTESIAN_POINT ( 'NONE',  ( 1.006430356249998326, 3.484375000614514217, -0.5810628371015497118 ) ) ;
#3783 = EDGE_CURVE ( 'NONE', #4757, #2366, #1555, .T. ) ;
#3784 = CARTESIAN_POINT ( 'NONE',  ( -1.006430356249998548, 3.709375000614513418, 0.5810628371015493787 ) ) ;
#3785 = CARTESIAN_POINT ( 'NONE',  ( 1.006430356249998770, 10.34687500061451537, -0.5810628371015489346 ) ) ;
#3786 = CARTESIAN_POINT ( 'NONE',  ( -0.5032151781250003841, 6.859375000614513773, -0.8715942556523218476 ) ) ;
#3787 = CARTESIAN_POINT ( 'NONE',  ( -1.249999999999999556, 6.212499999999996803, 0.7216878364870313867 ) ) ;
#3788 = EDGE_CURVE ( 'NONE', #1311, #2096, #1935, .T. ) ;
#3789 = FACE_OUTER_BOUND ( 'NONE', #1035, .T. ) ;
#3790 = CARTESIAN_POINT ( 'NONE',  ( -0.8266280255369142793, 0.02812500184355200966, -0.5740977002030605014 ) ) ;
#3791 = CARTESIAN_POINT ( 'NONE',  ( 1.006430356249999658, 5.321875000614514128, 0.5810628371015478244 ) ) ;
#3792 = ORIENTED_EDGE ( 'NONE', *, *, #1448, .F. ) ;
#3793 = CARTESIAN_POINT ( 'NONE',  ( 0.000000000000000000, 0.4500000000000000111, 0.000000000000000000 ) ) ;
#3794 = CARTESIAN_POINT ( 'NONE',  ( -1.006430356249999880, 1.046875000614513773, -0.5810628371015474913 ) ) ;
#3795 = CYLINDRICAL_SURFACE ( 'NONE', #3532, 1.249999999999999334 ) ;
#3796 = CARTESIAN_POINT ( 'NONE',  ( 2.922199054809748253E-15, 4.542132794191442891, 1.446610087049238658 ) ) ;
#3797 = CARTESIAN_POINT ( 'NONE',  ( -1.006430356249999436, 2.771875000614513862, 1.644310252063557226E-15 ) ) ;
#3798 = CARTESIAN_POINT ( 'NONE',  ( 1.827526258964323273E-15, 8.284375000614511819, 1.162125674203096093 ) ) ;
#3799 = CARTESIAN_POINT ( 'NONE',  ( 6.186289793360069936E-10, 2.743750001268222771, 1.249999999999999334 ) ) ;
#3800 = CARTESIAN_POINT ( 'NONE',  ( 0.9999999999999993339, 12.35000000000000320, 0.5773502691896267303 ) ) ;
#3801 = CARTESIAN_POINT ( 'NONE',  ( 1.249999999999999334, 9.156250001229031099, -2.749541545756668106E-15 ) ) ;
#3802 = CARTESIAN_POINT ( 'NONE',  ( 1.249999999999999334, 0.09999999999999700795, 0.000000000000000000 ) ) ;
#3803 = CARTESIAN_POINT ( 'NONE',  ( 1.006430356249999658, -0.04062499938548599920, -9.819791222584819450E-16 ) ) ;
#3804 = CARTESIAN_POINT ( 'NONE',  ( 1.249999999999999112, 7.262499999999995737, 0.7216878364870323859 ) ) ;
#3805 = CARTESIAN_POINT ( 'NONE',  ( -1.006430356249999658, -0.7156249993854860714, 8.587269508238524180E-16 ) ) ;
#3806 = CARTESIAN_POINT ( 'NONE',  ( 1.249999999999999112, 8.162499999999996092, 0.7216878364870324969 ) ) ;
#3807 = VERTEX_POINT ( 'NONE', #1063 ) ;
#3808 = FACE_OUTER_BOUND ( 'NONE', #2152, .T. ) ;
#3809 = CARTESIAN_POINT ( 'NONE',  ( -1.249999999999999334, 9.381250001229030744, 2.596460695863248776E-15 ) ) ;
#3810 = CARTESIAN_POINT ( 'NONE',  ( -1.249999999999999334, 1.731250001229030833, 2.596460695863248776E-15 ) ) ;
#3811 = CARTESIAN_POINT ( 'NONE',  ( -5.150470502622550415E-05, 8.142894556171148324, 1.249999997922397466 ) ) ;
#3812 = CARTESIAN_POINT ( 'NONE',  ( 1.006430356249999880, 3.409375000614513596, 0.5810628371015468252 ) ) ;
#3813 = CLOSED_SHELL ( 'NONE', ( #3874, #5465, #1297, #3661, #2279, #987, #2662, #1173, #5630, #4605, #4416, #1900, #3844, #637, #3712, #340, #169, #1356, #1817, #904, #4083, #57, #2691, #1913, #2054, #1710, #5678, #2921, #189, #2848, #2811, #4328, #2841, #2663, #1107, #5031, #1784, #959, #5349, #1563, #1876, #5418, #2242, #1552, #5018, #5329, #1644, #2081, #3932, #4375, #1853, #4856, #1527, #530, #3265, #3750, #2241, #5652, #4261, #4354, #3097, #4255, #2590, #298, #317, #3412, #2509, #683, #495, #5064, #3595, #3554, #3399, #2521, #1212, #14, #2064, #1516, #3019 ) ) ;
#3814 = CARTESIAN_POINT ( 'NONE',  ( 1.006430356249998104, 4.384375000614514128, -0.5810628371015496008 ) ) ;
#3815 = DIRECTION ( 'NONE',  ( 0.000000000000000000, 0.000000000000000000, 1.000000000000000000 ) ) ;
#3816 = ORIENTED_EDGE ( 'NONE', *, *, #488, .F. ) ;
#3817 = VECTOR ( 'NONE', #928, 1000.000000000000114 ) ;
#3818 = CARTESIAN_POINT ( 'NONE',  ( -1.006430356249999214, 7.421875000614512885, 0.5810628371015488236 ) ) ;
#3819 =( NAMED_UNIT ( * ) SI_UNIT ( $, .STERADIAN. ) SOLID_ANGLE_UNIT ( ) );
#3820 = CARTESIAN_POINT ( 'NONE',  ( 0.3349364905389026204, 3.157596189432331002, 1.249999999999999556 ) ) ;
#3821 = CARTESIAN_POINT ( 'NONE',  ( 1.149999999999997247, 12.50000000000000000, 0.5773502691896267303 ) ) ;
#3822 = CARTESIAN_POINT ( 'NONE',  ( -0.5032151781249993849, 7.459375000614513418, 0.8715942556523227358 ) ) ;
#3823 = CARTESIAN_POINT ( 'NONE',  ( 0.5826578956284861333, 0.02812500184355341826, -0.8206167428485023896 ) ) ;
#3824 = CARTESIAN_POINT ( 'NONE',  ( -1.252801084755458927, 7.579632794191443423, 2.607410558300822600E-15 ) ) ;
#3825 = CARTESIAN_POINT ( 'NONE',  ( -1.006430356250000324, 4.084375000614514306, -0.5810628371015467142 ) ) ;
#3826 = CARTESIAN_POINT ( 'NONE',  ( 5.334816789714828548E-17, 12.50000000000000000, -1.327905619136137361 ) ) ;
#3827 = CARTESIAN_POINT ( 'NONE',  ( 0.6249999999999997780, 4.674999999999997158, -1.082531754730547746 ) ) ;
#3828 = CARTESIAN_POINT ( 'NONE',  ( -0.3774113753479410582, 9.999999999999998224, -0.9329859140091431025 ) ) ;
#3829 = CARTESIAN_POINT ( 'NONE',  ( -2.486368270929061322E-11, 0.3140625009229670028, -1.171516448314909198 ) ) ;
#3830 = EDGE_LOOP ( 'NONE', ( #1463, #3249, #5476, #428 ) ) ;
#3831 = CARTESIAN_POINT ( 'NONE',  ( -0.8500000000000000888, 11.25000000000000000, -0.4907477288111793956 ) ) ;
#3832 = CARTESIAN_POINT ( 'NONE',  ( -3.086515833287601756E-15, 8.818750001229030744, -1.443375672974063439 ) ) ;
#3833 = CARTESIAN_POINT ( 'NONE',  ( -1.249999999999999334, 0.3249999999999969580, -1.530808498934190831E-16 ) ) ;
#3834 = CARTESIAN_POINT ( 'NONE',  ( -0.5032151781249993849, 3.409375000614513596, 0.8715942556523227358 ) ) ;
#3835 = CARTESIAN_POINT ( 'NONE',  ( -1.006430356249998548, 10.45937500061451075, 0.5810628371015493787 ) ) ;
#3836 = CARTESIAN_POINT ( 'NONE',  ( 0.5032151781249990519, -0.4156249993854860270, -0.8715942556523228468 ) ) ;
#3837 = CARTESIAN_POINT ( 'NONE',  ( 0.2945827848526911819, 0.1606397251141786497, 1.052415815651071673 ) ) ;
#3838 = ORIENTED_EDGE ( 'NONE', *, *, #2414, .F. ) ;
#3839 = VECTOR ( 'NONE', #3309, 1000.000000000000000 ) ;
#3840 = CARTESIAN_POINT ( 'NONE',  ( -4.235427787375453868E-05, 9.943062567671592689, 1.249999998657103095 ) ) ;
#3841 = CARTESIAN_POINT ( 'NONE',  ( 0.000000000000000000, 12.50000000000000000, 0.000000000000000000 ) ) ;
#3842 = CARTESIAN_POINT ( 'NONE',  ( -0.6249999999999978906, 0.006250001229031161912, 1.082531754730548856 ) ) ;
#3843 = CARTESIAN_POINT ( 'NONE',  ( 0.5032151781250004952, 2.921875000614513773, 0.8715942556523216256 ) ) ;
#3844 = ADVANCED_FACE ( 'NONE', ( #4192 ), #4644, .T. ) ;
#3845 = DIRECTION ( 'NONE',  ( -0.000000000000000000, -1.000000000000000000, -0.000000000000000000 ) ) ;
#3846 = VERTEX_POINT ( 'NONE', #3328 ) ;
#3847 = CARTESIAN_POINT ( 'NONE',  ( 0.5032151781249999400, 7.084375000614513418, 0.8715942556523221807 ) ) ;
#3848 = LINE ( 'NONE', #321, #5207 ) ;
#3849 = CARTESIAN_POINT ( 'NONE',  ( -0.6250000000000002220, 2.199999999999996625, 1.082531754730547746 ) ) ;
#3850 = CARTESIAN_POINT ( 'NONE',  ( 1.249999999999999334, 4.637499999999996625, -0.7216878364870317197 ) ) ;
#3851 = CARTESIAN_POINT ( 'NONE',  ( -1.062732146793064886E-15, 5.471875000614514484, -1.162125674203096537 ) ) ;
#3852 = DIRECTION ( 'NONE',  ( 0.000000000000000000, 0.000000000000000000, -1.000000000000000000 ) ) ;
#3853 = CARTESIAN_POINT ( 'NONE',  ( -0.5032151781249986078, 5.546875000614513773, 0.8715942556523228468 ) ) ;
#3854 = CARTESIAN_POINT ( 'NONE',  ( -1.249999999999999778, 4.862499999999997158, 0.7216878364870313867 ) ) ;
#3855 = CARTESIAN_POINT ( 'NONE',  ( -2.710284140046962829E-05, 5.668751525299549954, -1.249999999706173925 ) ) ;
#3856 = CARTESIAN_POINT ( 'NONE',  ( -5.106939308632853767E-05, 5.442952440393713509, 1.249999998184823102 ) ) ;
#3857 = ORIENTED_EDGE ( 'NONE', *, *, #1586, .T. ) ;
#3858 = CARTESIAN_POINT ( 'NONE',  ( 2.922199054809748253E-15, 1.392132794191443868, 1.446610087049238658 ) ) ;
#3859 = CARTESIAN_POINT ( 'NONE',  ( 0.5032151781250004952, -0.6781249993854860936, 0.8715942556523216256 ) ) ;
#3860 = CARTESIAN_POINT ( 'NONE',  ( -1.006430356249999880, 4.196875000614514128, -0.5810628371015476024 ) ) ;
#3861 = CARTESIAN_POINT ( 'NONE',  ( -0.5032151781249986078, 10.49687500061451217, 0.8715942556523228468 ) ) ;
#3862 = CARTESIAN_POINT ( 'NONE',  ( -0.6250000000000002220, 8.049999999999995381, 1.082531754730547746 ) ) ;
#3863 = CARTESIAN_POINT ( 'NONE',  ( -1.062732146793064491E-15, 0.9718750006145139286, -1.162125674203096537 ) ) ;
#3864 = CARTESIAN_POINT ( 'NONE',  ( 1.091442927016572195, 0.2450435870330083810, -0.3328957329047612101 ) ) ;
#3865 = ORIENTED_EDGE ( 'NONE', *, *, #4209, .T. ) ;
#3866 = CARTESIAN_POINT ( 'NONE',  ( -1.250000000000000444, 2.143750001229030921, -0.7216878364870294993 ) ) ;
#3867 = CARTESIAN_POINT ( 'NONE',  ( -4.938688641342514686E-16, 2.687499999999996447, 1.249999999999999334 ) ) ;
#3868 = CARTESIAN_POINT ( 'NONE',  ( 0.2173861209151946028, 10.00000000000000178, 1.171291426139318803 ) ) ;
#3869 = CARTESIAN_POINT ( 'NONE',  ( -0.6250000000000017764, 0.3062500012290310658, -1.082531754730546636 ) ) ;
#3870 = CARTESIAN_POINT ( 'NONE',  ( -0.5032151781250009392, 3.146875000614513862, -0.8715942556523212925 ) ) ;
#3871 = CARTESIAN_POINT ( 'NONE',  ( -0.6249999999999993339, 3.399999999999996803, -1.082531754730547968 ) ) ;
#3872 = EDGE_LOOP ( 'NONE', ( #4025, #4887, #1419, #25 ) ) ;
#3873 = CARTESIAN_POINT ( 'NONE',  ( 1.249999999999999112, 5.012499999999995737, 0.7216878364870324969 ) ) ;
#3874 = ADVANCED_FACE ( 'NONE', ( #5088 ), #1872, .T. ) ;
#3875 = CARTESIAN_POINT ( 'NONE',  ( -0.6249999999999993339, 6.999999999999996447, -1.082531754730547968 ) ) ;
#3876 = CARTESIAN_POINT ( 'NONE',  ( -1.006430356249999880, 5.996875000614513063, -0.5810628371015476024 ) ) ;
#3877 = CARTESIAN_POINT ( 'NONE',  ( 9.204127980810865691E-16, 0.2968750006145138842, 1.162125674203096537 ) ) ;
#3878 = CARTESIAN_POINT ( 'NONE',  ( -0.5032151781250009392, 5.846875000614513596, -0.8715942556523212925 ) ) ;
#3879 = DIRECTION ( 'NONE',  ( 0.000000000000000000, 0.000000000000000000, -1.000000000000000000 ) ) ;
#3880 = ORIENTED_EDGE ( 'NONE', *, *, #3311, .F. ) ;
#3881 = CARTESIAN_POINT ( 'NONE',  ( -0.6264005423777315729, 0.3046327941914436233, -1.084957565286927883 ) ) ;
#3882 = CARTESIAN_POINT ( 'NONE',  ( 0.6249999999999974465, 10.58125000122903181, -1.082531754730548856 ) ) ;
#3883 = CARTESIAN_POINT ( 'NONE',  ( 0.5032151781249999400, 3.034375000614513596, 0.8715942556523221807 ) ) ;
#3884 = CARTESIAN_POINT ( 'NONE',  ( 9.204127980810867663E-16, 0.2968750006145138842, 1.162125674203096537 ) ) ;
#3885 = CARTESIAN_POINT ( 'NONE',  ( 1.006430356249999658, 2.209375000614513418, -9.819791222584817478E-16 ) ) ;
#3886 = CARTESIAN_POINT ( 'NONE',  ( 0.5637103525728769382, 0.2866474249430891463, -1.019565857547820587 ) ) ;
#3887 = ORIENTED_EDGE ( 'NONE', *, *, #670, .T. ) ;
#3888 = CARTESIAN_POINT ( 'NONE',  ( -0.3349364905389035640, 4.917403810567662070, 1.249999999999999112 ) ) ;
#3889 = EDGE_CURVE ( 'NONE', #1272, #319, #5316, .T. ) ;
#3890 = CARTESIAN_POINT ( 'NONE',  ( -4.938688641342514686E-16, 9.437499999999994671, 1.249999999999999334 ) ) ;
#3891 = CARTESIAN_POINT ( 'NONE',  ( -3.086515833287601756E-15, 2.518750001229030921, -1.443375672974063439 ) ) ;
#3892 = CARTESIAN_POINT ( 'NONE',  ( 1.006430356249999880, 4.759375000614514128, 0.5810628371015469362 ) ) ;
#3893 = CARTESIAN_POINT ( 'NONE',  ( -0.3349364905389021763, 1.317403810567662648, 1.249999999999999778 ) ) ;
#3894 = VERTEX_POINT ( 'NONE', #115 ) ;
#3895 = CARTESIAN_POINT ( 'NONE',  ( -1.006430356249999658, 8.734375000614514661, 8.587269508238524180E-16 ) ) ;
#3896 = VECTOR ( 'NONE', #2445, 1000.000000000000000 ) ;
#3897 = CARTESIAN_POINT ( 'NONE',  ( -1.249999999999999334, 6.174999999999996270, -1.530808498934190831E-16 ) ) ;
#3898 = CARTESIAN_POINT ( 'NONE',  ( 0.3349364905389005109, 3.342403810567662337, -1.250000000000000888 ) ) ;
#3899 = FACE_OUTER_BOUND ( 'NONE', #2948, .T. ) ;
#3900 = CARTESIAN_POINT ( 'NONE',  ( -1.006430356249999658, 5.584375000614513418, 8.587269508238526152E-16 ) ) ;
#3901 = EDGE_CURVE ( 'NONE', #5032, #4857, #5573, .T. ) ;
#3902 = CARTESIAN_POINT ( 'NONE',  ( 0.5032151781249999400, 3.034375000614513596, 0.8715942556523221807 ) ) ;
#3903 =( BOUNDED_CURVE ( )  B_SPLINE_CURVE ( 2, ( #5647, #4276, #264, #3010, #5234, #1175, #3440, #1614, #5177 ),
 .UNSPECIFIED., .F., .F. ) 
 B_SPLINE_CURVE_WITH_KNOTS ( ( 3, 2, 2, 2, 3 ),
 ( 0.2129629629629629650, 0.2160493827160493707, 0.2222222222222222099, 0.2283950617283950490, 0.2314814814814814825 ),
 .UNSPECIFIED. ) 
 CURVE ( )  GEOMETRIC_REPRESENTATION_ITEM ( )  RATIONAL_B_SPLINE_CURVE ( ( 0.9330127018922194093, 0.9330127018922196314, 1.000000000000000000, 0.8660254037844387076, 1.000000000000000000, 0.8660254037844387076, 1.000000000000000000, 0.9330127018922190762, 0.9330127018922194093 ) ) 
 REPRESENTATION_ITEM ( '' )  );
#3904 = CARTESIAN_POINT ( 'NONE',  ( 1.006430356249999436, 5.696875000614513240, -1.767562423498186358E-15 ) ) ;
#3905 = VECTOR ( 'NONE', #843, 1000.000000000000000 ) ;
#3906 = CARTESIAN_POINT ( 'NONE',  ( 0.8919339343237300266, 10.00000000000000000, 0.8757640346605912729 ) ) ;
#3907 = EDGE_CURVE ( 'NONE', #311, #4001, #143, .T. ) ;
#3908 = ORIENTED_EDGE ( 'NONE', *, *, #3488, .T. ) ;
#3909 = CARTESIAN_POINT ( 'NONE',  ( -1.252801084755458927, 1.729632794191443335, 2.607410558300822600E-15 ) ) ;
#3910 = CARTESIAN_POINT ( 'NONE',  ( -1.969845607676301195E-15, -0.4906249993854859826, -1.162125674203096093 ) ) ;
#3911 = CARTESIAN_POINT ( 'NONE',  ( 1.006430356249999436, 2.546875000614514217, -1.767562423498186358E-15 ) ) ;
#3912 = CARTESIAN_POINT ( 'NONE',  ( -0.5032151781250003841, 5.509375000614513240, -0.8715942556523218476 ) ) ;
#3913 = CARTESIAN_POINT ( 'NONE',  ( -1.006430356249999880, 0.5968750006145139286, -0.5810628371015476024 ) ) ;
#3914 = CARTESIAN_POINT ( 'NONE',  ( -1.006430356249998992, 2.471875000614513596, 0.5810628371015487126 ) ) ;
#3915 = CARTESIAN_POINT ( 'NONE',  ( 2.666216139009694821E-05, 1.168748401502623713, -1.249999999715651011 ) ) ;
#3916 = VERTEX_POINT ( 'NONE', #2483 ) ;
#3917 = CARTESIAN_POINT ( 'NONE',  ( -1.149999999999998135, 12.50000000000000000, -0.6639528095680695685 ) ) ;
#3918 = CARTESIAN_POINT ( 'NONE',  ( 5.409801710144258947E-06, 7.468749688482064997, -1.249999999988292920 ) ) ;
#3919 = LINE ( 'NONE', #365, #5386 ) ;
#3920 = CARTESIAN_POINT ( 'NONE',  ( -3.086515833287601756E-15, 4.318750001229030744, -1.443375672974063439 ) ) ;
#3921 = CARTESIAN_POINT ( 'NONE',  ( 1.827526258964323273E-15, 6.934375000614513951, 1.162125674203096093 ) ) ;
#3922 = LINE ( 'NONE', #5643, #476 ) ;
#3923 = VERTEX_POINT ( 'NONE', #1670 ) ;
#3924 = CARTESIAN_POINT ( 'NONE',  ( 1.006430356249998992, 9.896875000614512530, -0.5810628371015489346 ) ) ;
#3925 = AXIS2_PLACEMENT_3D ( 'NONE', #1623, #3396, #5158 ) ;
#3926 = CARTESIAN_POINT ( 'NONE',  ( -1.252801084755460259, 8.892132794191443423, -0.7233050435246171084 ) ) ;
#3927 = CARTESIAN_POINT ( 'NONE',  ( -0.3349957102267194231, 4.523650258615427688, 1.249965809497296299 ) ) ;
#3928 = DIRECTION ( 'NONE',  ( -0.000000000000000000, -1.000000000000000000, -0.000000000000000000 ) ) ;
#3929 = CARTESIAN_POINT ( 'NONE',  ( -0.6250000000000002220, 7.149999999999995914, 1.082531754730547746 ) ) ;
#3930 = CARTESIAN_POINT ( 'NONE',  ( -1.062732146793064886E-15, 6.821875000614513240, -1.162125674203096537 ) ) ;
#3931 = CARTESIAN_POINT ( 'NONE',  ( -1.006430356249999214, 2.021875000614513862, 0.5810628371015488236 ) ) ;
#3932 = ADVANCED_FACE ( 'NONE', ( #5622 ), #267, .T. ) ;
#3933 = CARTESIAN_POINT ( 'NONE',  ( -0.5032151781249986078, 5.996875000614513063, 0.8715942556523228468 ) ) ;
#3934 = DIRECTION ( 'NONE',  ( 0.000000000000000000, 0.000000000000000000, 1.000000000000000000 ) ) ;
#3935 = VERTEX_POINT ( 'NONE', #1234 ) ;
#3936 = CARTESIAN_POINT ( 'NONE',  ( 1.252801084755457373, 1.992132794191443734, -0.7233050435246219934 ) ) ;
#3937 = EDGE_CURVE ( 'NONE', #2132, #1653, #5121, .T. ) ;
#3938 = CARTESIAN_POINT ( 'NONE',  ( 1.249999999999998002, 10.09375000122902932, -0.7216878364870344953 ) ) ;
#3939 = CARTESIAN_POINT ( 'NONE',  ( 1.827526258964323273E-15, 3.334375000614514306, 1.162125674203096093 ) ) ;
#3940 = CARTESIAN_POINT ( 'NONE',  ( 1.006430356249999658, 6.709375000614513418, -9.819791222584817478E-16 ) ) ;
#3941 = CARTESIAN_POINT ( 'NONE',  ( 0.5032151781249990519, 2.734375000614513773, -0.8715942556523228468 ) ) ;
#3942 = CARTESIAN_POINT ( 'NONE',  ( -1.006430356249999658, 1.534375000614513818, 8.587269508238524180E-16 ) ) ;
#3943 = PLANE ( 'NONE',  #302 ) ;
#3944 = EDGE_LOOP ( 'NONE', ( #5343, #3230, #1080, #914 ) ) ;
#3945 = CARTESIAN_POINT ( 'NONE',  ( 1.371722213125453672E-16, 0.000000000000000000, -0.9901923788646657121 ) ) ;
#3946 = CARTESIAN_POINT ( 'NONE',  ( -1.249999999999999334, 2.574999999999996625, -1.530808498934190831E-16 ) ) ;
#3947 = CARTESIAN_POINT ( 'NONE',  ( -3.086515833287601756E-15, 2.968750001229030655, -1.443375672974063439 ) ) ;
#3948 = CARTESIAN_POINT ( 'NONE',  ( 0.5032151781250004952, 6.521875000614513418, 0.8715942556523216256 ) ) ;
#3949 = CARTESIAN_POINT ( 'NONE',  ( 1.123532804135822349, 10.00000000000000533, -0.4432246578779174273 ) ) ;
#3950 = ORIENTED_EDGE ( 'NONE', *, *, #1882, .F. ) ;
#3951 = DIRECTION ( 'NONE',  ( -0.000000000000000000, -1.000000000000000000, -0.000000000000000000 ) ) ;
#3952 = CARTESIAN_POINT ( 'NONE',  ( -1.252801084755458927, 8.029632794191442713, 2.607410558300822600E-15 ) ) ;
#3953 = DIRECTION ( 'NONE',  ( 0.000000000000000000, 1.000000000000000000, 0.000000000000000000 ) ) ;
#3954 = CARTESIAN_POINT ( 'NONE',  ( -1.249999999999998002, 3.568750001229030744, 0.7216878364870340512 ) ) ;
#3955 = CARTESIAN_POINT ( 'NONE',  ( 1.006430356249999658, 8.021875000614512530, 0.5810628371015478244 ) ) ;
#3956 = CARTESIAN_POINT ( 'NONE',  ( -1.006430356249999880, 1.946875000614513684, -0.5810628371015474913 ) ) ;
#3957 = CARTESIAN_POINT ( 'NONE',  ( 0.5032151781250004952, 6.521875000614513418, 0.8715942556523216256 ) ) ;
#3958 = CARTESIAN_POINT ( 'NONE',  ( 0.6249999999999997780, 2.874999999999996891, -1.082531754730547746 ) ) ;
#3959 = DIRECTION ( 'NONE',  ( 0.8660254037844388186, 0.000000000000000000, -0.4999999999999996669 ) ) ;
#3960 = ORIENTED_EDGE ( 'NONE', *, *, #3783, .F. ) ;
#3961 = CARTESIAN_POINT ( 'NONE',  ( 1.252801084755458927, 2.854632794191443779, -2.760834442142232968E-15 ) ) ;
#3962 = CARTESIAN_POINT ( 'NONE',  ( 1.249999999999999334, 10.05625000122902968, -2.749541545756668106E-15 ) ) ;
#3963 = CARTESIAN_POINT ( 'NONE',  ( -0.5032151781249986078, 2.846875000614514040, 0.8715942556523228468 ) ) ;
#3964 = CARTESIAN_POINT ( 'NONE',  ( -1.006430356249999658, 6.484375000614513773, 8.587269508238524180E-16 ) ) ;
#3965 = CARTESIAN_POINT ( 'NONE',  ( -1.006430356249999880, 2.846875000614513596, -0.5810628371015476024 ) ) ;
#3966 = CARTESIAN_POINT ( 'NONE',  ( 1.006430356249998770, 0.4468750006145138509, -0.5810628371015489346 ) ) ;
#3967 =( BOUNDED_CURVE ( )  B_SPLINE_CURVE ( 2, ( #2609, #830, #623, #1013, #4514, #96, #1455, #4897, #4113 ),
 .UNSPECIFIED., .F., .F. ) 
 B_SPLINE_CURVE_WITH_KNOTS ( ( 3, 2, 2, 2, 3 ),
 ( 0.7870370370370370905, 0.7901234567901234129, 0.7962962962962962798, 0.8024691358024691468, 0.8055555555555555802 ),
 .UNSPECIFIED. ) 
 CURVE ( )  GEOMETRIC_REPRESENTATION_ITEM ( )  RATIONAL_B_SPLINE_CURVE ( ( 0.9330127018922192983, 0.9330127018922205195, 1.000000000000000000, 0.8660254037844387076, 1.000000000000000000, 0.8660254037844387076, 1.000000000000000000, 0.9330127018922194093, 0.9330127018922194093 ) ) 
 REPRESENTATION_ITEM ( '' )  );
#3968 = CARTESIAN_POINT ( 'NONE',  ( 2.729343036750216732E-11, 0.02812500184355227681, -1.006430356249999658 ) ) ;
#3969 = ORIENTED_EDGE ( 'NONE', *, *, #1535, .T. ) ;
#3970 = DIRECTION ( 'NONE',  ( -0.000000000000000000, -1.000000000000000000, -0.000000000000000000 ) ) ;
#3971 = CARTESIAN_POINT ( 'NONE',  ( -1.250000000000000444, 2.143750001229030921, -0.7216878364870296103 ) ) ;
#3972 = CARTESIAN_POINT ( 'NONE',  ( -1.006430356249999880, 9.596875000614513596, -0.5810628371015476024 ) ) ;
#3973 = CARTESIAN_POINT ( 'NONE',  ( -1.006430356250000324, 6.334375000614513418, -0.5810628371015467142 ) ) ;
#3974 = CARTESIAN_POINT ( 'NONE',  ( 1.249999999999999334, 6.906250001229031099, -2.749541545756668106E-15 ) ) ;
#3975 = ORIENTED_EDGE ( 'NONE', *, *, #4935, .T. ) ;
#3976 = CARTESIAN_POINT ( 'NONE',  ( 1.249999999999999334, 5.049999999999996270, 0.000000000000000000 ) ) ;
#3977 = CARTESIAN_POINT ( 'NONE',  ( 1.252801084755457373, 7.842132794191443601, -0.7233050435246219934 ) ) ;
#3978 = CARTESIAN_POINT ( 'NONE',  ( 0.6249999999999974465, 7.431250001229030566, -1.082531754730548856 ) ) ;
#3979 = B_SPLINE_CURVE_WITH_KNOTS ( 'NONE', 3,
 ( #1803, #4901, #4543, #4427 ),
 .UNSPECIFIED., .F., .F.,
 ( 4, 4 ),
 ( 0.000000000000000000, 0.0006218714022726208905 ),
 .UNSPECIFIED. ) ;
#3980 = CARTESIAN_POINT ( 'NONE',  ( 4.249308724714745864E-08, 4.318749998679439983, -1.249999999999998890 ) ) ;
#3981 = CARTESIAN_POINT ( 'NONE',  ( -0.6250000000000017764, 3.456250001229030921, -1.082531754730546636 ) ) ;
#3982 = CARTESIAN_POINT ( 'NONE',  ( -1.006430356249999880, 8.696875000614511464, -0.5810628371015476024 ) ) ;
#3983 = CARTESIAN_POINT ( 'NONE',  ( 1.249999999999999334, 2.387499999999996625, -0.7216878364870317197 ) ) ;
#3984 = CARTESIAN_POINT ( 'NONE',  ( 9.204127980810865691E-16, 1.196875000614513462, 1.162125674203096537 ) ) ;
#3985 = CARTESIAN_POINT ( 'NONE',  ( -0.5032151781250009392, 7.646875000614513418, -0.8715942556523212925 ) ) ;
#3986 = CARTESIAN_POINT ( 'NONE',  ( 1.249999999999999112, 2.762499999999996625, 0.7216878364870323859 ) ) ;
#3987 = CARTESIAN_POINT ( 'NONE',  ( -1.109299025110848547, 0.2965873158442967061, 0.3750393773644410955 ) ) ;
#3988 = VECTOR ( 'NONE', #3490, 1000.000000000000000 ) ;
#3989 = ORIENTED_EDGE ( 'NONE', *, *, #3233, .T. ) ;
#3990 = ORIENTED_EDGE ( 'NONE', *, *, #3513, .T. ) ;
#3991 = CARTESIAN_POINT ( 'NONE',  ( -0.6250000000000002220, 8.949999999999995737, 1.082531754730547746 ) ) ;
#3992 = VECTOR ( 'NONE', #2936, 1000.000000000000000 ) ;
#3993 = CARTESIAN_POINT ( 'NONE',  ( -1.252801084755460259, 3.942132794191443246, -0.7233050435246171084 ) ) ;
#3994 = CARTESIAN_POINT ( 'NONE',  ( -1.006430356250000324, 1.384375000614514128, -0.5810628371015467142 ) ) ;
#3995 = CARTESIAN_POINT ( 'NONE',  ( 1.006430356249999880, 5.659375000614514484, 0.5810628371015468252 ) ) ;
#3996 = CARTESIAN_POINT ( 'NONE',  ( 1.006430356249998770, 5.846875000614512707, -0.5810628371015489346 ) ) ;
#3997 = CARTESIAN_POINT ( 'NONE',  ( -0.5032151781249993849, 2.959375000614513862, 0.8715942556523227358 ) ) ;
#3998 = CARTESIAN_POINT ( 'NONE',  ( -1.249999999999999334, 3.024999999999996803, -1.530808498934190831E-16 ) ) ;
#3999 = CARTESIAN_POINT ( 'NONE',  ( 0.000000000000000000, 10.00000000000000000, 0.000000000000000000 ) ) ;
#4000 = VECTOR ( 'NONE', #2351, 1000.000000000000114 ) ;
#4001 = VERTEX_POINT ( 'NONE', #2593 ) ;
#4002 = CARTESIAN_POINT ( 'NONE',  ( -0.6249999999999993339, 4.299999999999996270, -1.082531754730547968 ) ) ;
#4003 = CARTESIAN_POINT ( 'NONE',  ( 0.9999999999999993339, 12.35000000000000320, 0.5773502691896268413 ) ) ;
#4004 = CARTESIAN_POINT ( 'NONE',  ( 0.3349267126487411317, 9.698654398470102578, -1.250005645267515675 ) ) ;
#4005 = CARTESIAN_POINT ( 'NONE',  ( -1.249999999999998224, 2.668750001229030833, 0.7216878364870340512 ) ) ;
#4006 = CARTESIAN_POINT ( 'NONE',  ( -1.006430356249999658, 10.08437500061451075, 8.587269508238524180E-16 ) ) ;
#4007 =( BOUNDED_CURVE ( )  B_SPLINE_CURVE ( 2, ( #1991, #3304, #2869, #646, #3677, #2906, #4137, #4618, #1067 ),
 .UNSPECIFIED., .F., .T. ) 
 B_SPLINE_CURVE_WITH_KNOTS ( ( 3, 2, 2, 2, 3 ),
 ( 0.6959593716431893284, 0.6991372837568774479, 0.7054930772455758614, 0.7118488707342741639, 0.7150263181850209371 ),
 .UNSPECIFIED. ) 
 CURVE ( )  GEOMETRIC_REPRESENTATION_ITEM ( )  RATIONAL_B_SPLINE_CURVE ( ( 0.9330127018937861560, 0.9330123779199275269, 1.000000000000000000, 0.8660254037844387076, 1.000000000000000000, 0.8660254037844387076, 1.000000000000000000, 0.9330221726104040991, 0.9330127032311971158 ) ) 
 REPRESENTATION_ITEM ( '' )  );
#4008 = CARTESIAN_POINT ( 'NONE',  ( -1.006430356249999436, 5.921875000614513773, 1.644310252063557226E-15 ) ) ;
#4009 = CARTESIAN_POINT ( 'NONE',  ( -2.651438096812265438E-16, 5.387499999999995737, 1.443375672974063439 ) ) ;
#4010 = CARTESIAN_POINT ( 'NONE',  ( 0.3349339216902806338, 4.748653965927613463, -1.250001483125442459 ) ) ;
#4011 = ORIENTED_EDGE ( 'NONE', *, *, #773, .T. ) ;
#4012 = DIRECTION ( 'NONE',  ( -0.000000000000000000, -1.000000000000000000, -0.000000000000000000 ) ) ;
#4013 = CARTESIAN_POINT ( 'NONE',  ( 1.252801084755460037, 7.317132794191442358, 0.7233050435246172194 ) ) ;
#4014 = CARTESIAN_POINT ( 'NONE',  ( 0.9999999999999935607, 11.40000000000000036, -0.5773502691896372774 ) ) ;
#4015 = CARTESIAN_POINT ( 'NONE',  ( -1.149999999999998135, 12.50000000000000000, -0.5773502691896265082 ) ) ;
#4016 = DIRECTION ( 'NONE',  ( 0.6546536707079780859, 0.6546536707079761985, -0.3779644730092271976 ) ) ;
#4018 = ORIENTED_EDGE ( 'NONE', *, *, #5039, .F. ) ;
#4017 = CARTESIAN_POINT ( 'NONE',  ( -0.5032151781250003841, 9.559375000614513951, -0.8715942556523218476 ) ) ;
#4019 = PLANE ( 'NONE',  #5198 ) ;
#4020 = CARTESIAN_POINT ( 'NONE',  ( 1.006430356249998992, 1.796875000614514439, -0.5810628371015489346 ) ) ;
#4021 = CARTESIAN_POINT ( 'NONE',  ( 0.5032151781249982747, 8.471875000614511819, -0.8715942556523229579 ) ) ;
#4022 = CARTESIAN_POINT ( 'NONE',  ( 0.6249999999999987788, 3.624999999999996447, 1.082531754730548412 ) ) ;
#4023 = CARTESIAN_POINT ( 'NONE',  ( -1.006729392635611564, 9.999999999999998224, -0.1308661623691964870 ) ) ;
#4024 =( BOUNDED_CURVE ( )  B_SPLINE_CURVE ( 2, ( #808, #2586, #2273, #5377, #5731, #1777, #1338, #1309, #1748 ),
 .UNSPECIFIED., .F., .T. ) 
 B_SPLINE_CURVE_WITH_KNOTS ( ( 3, 2, 2, 2, 3 ),
 ( 0.7500000000000000000, 0.7530864197530864335, 0.7592592592592593004, 0.7654320987654320563, 0.7685185185185184897 ),
 .UNSPECIFIED. ) 
 CURVE ( )  GEOMETRIC_REPRESENTATION_ITEM ( )  RATIONAL_B_SPLINE_CURVE ( ( 0.9330127018922194093, 0.9330127018922194093, 1.000000000000000000, 0.8660254037844387076, 1.000000000000000000, 0.8660254037844387076, 1.000000000000000000, 0.9330127018922194093, 0.9330127018922194093 ) ) 
 REPRESENTATION_ITEM ( '' )  );
#4025 = ORIENTED_EDGE ( 'NONE', *, *, #5070, .F. ) ;
#4026 = CARTESIAN_POINT ( 'NONE',  ( 0.6249999999999987788, 9.474999999999997868, 1.082531754730548412 ) ) ;
#4027 = CARTESIAN_POINT ( 'NONE',  ( 1.530808498934190831E-16, 10.00000000000000000, 1.249999999999999334 ) ) ;
#4028 = CARTESIAN_POINT ( 'NONE',  ( 1.252801084755457373, 4.242132794191443956, -0.7233050435246219934 ) ) ;
#4029 = CARTESIAN_POINT ( 'NONE',  ( 1.006430356249999436, 2.096875000614513596, -1.767562423498186358E-15 ) ) ;
#4030 = CARTESIAN_POINT ( 'NONE',  ( -1.006430356249999436, 6.371875000614513951, 1.644310252063557226E-15 ) ) ;
#4031 = CARTESIAN_POINT ( 'NONE',  ( -0.5032151781249993849, 6.109375000614512885, 0.8715942556523227358 ) ) ;
#4032 = CARTESIAN_POINT ( 'NONE',  ( 0.5032151781249990519, 1.834375000614513640, -0.8715942556523228468 ) ) ;
#4033 = DIRECTION ( 'NONE',  ( 0.6546536707079818607, 0.6546536707079755324, 0.3779644730092218685 ) ) ;
#4034 = VERTEX_POINT ( 'NONE', #4250 ) ;
#4035 = CARTESIAN_POINT ( 'NONE',  ( 0.3349364914933686821, 7.713846190718632201, 1.249999999448939469 ) ) ;
#4036 = CYLINDRICAL_SURFACE ( 'NONE', #2798, 2.250000000000000000 ) ;
#4037 = EDGE_CURVE ( 'NONE', #3516, #1006, #732, .T. ) ;
#4038 = CARTESIAN_POINT ( 'NONE',  ( -1.249999999999999334, 4.881250001229030744, 2.596460695863248776E-15 ) ) ;
#4039 = CARTESIAN_POINT ( 'NONE',  ( 1.006430356249999880, 6.109375000614513773, 0.5810628371015469362 ) ) ;
#4040 = CARTESIAN_POINT ( 'NONE',  ( 3.239722923235104494E-06, 7.018749806845676176, -1.249999999995800914 ) ) ;
#4041 = EDGE_CURVE ( 'NONE', #3070, #4208, #2045, .T. ) ;
#4042 = CARTESIAN_POINT ( 'NONE',  ( 0.3348800144020930292, 9.063842802093155626, 1.250032606512790023 ) ) ;
#4043 = CARTESIAN_POINT ( 'NONE',  ( -1.847223030848529790, 10.72771836838951387, -1.597803395425120732 ) ) ;
#4044 = CARTESIAN_POINT ( 'NONE',  ( -0.3349364905389035640, 6.267403810567662603, 1.249999999999999112 ) ) ;
#4045 = CARTESIAN_POINT ( 'NONE',  ( -1.249999999999999556, 5.312499999999997335, 0.7216878364870313867 ) ) ;
#4046 = CARTESIAN_POINT ( 'NONE',  ( 1.006430356249998770, 8.546875000614514661, -0.5810628371015489346 ) ) ;
#4047 = EDGE_CURVE ( 'NONE', #3431, #3522, #4252, .T. ) ;
#4048 = CARTESIAN_POINT ( 'NONE',  ( 0.5032151781249999400, 5.284375000614513596, 0.8715942556523221807 ) ) ;
#4049 = CARTESIAN_POINT ( 'NONE',  ( -1.969845607676301195E-15, 9.409375000614513596, -1.162125674203096093 ) ) ;
#4050 = CARTESIAN_POINT ( 'NONE',  ( 1.249999999999999112, 2.312499999999996891, 0.7216878364870323859 ) ) ;
#4051 = CARTESIAN_POINT ( 'NONE',  ( -0.9802599071009816534, 10.00000000000000000, -0.2636914081144199340 ) ) ;
#4052 = ORIENTED_EDGE ( 'NONE', *, *, #1695, .T. ) ;
#4053 = CARTESIAN_POINT ( 'NONE',  ( 0.6264005423777310178, 2.779632794191443157, 1.084957565286928327 ) ) ;
#4054 = CARTESIAN_POINT ( 'NONE',  ( -1.969845607676301195E-15, 1.759375000614514128, -1.162125674203096093 ) ) ;
#4055 = CARTESIAN_POINT ( 'NONE',  ( 0.5032151781249982747, 5.771875000614513418, -0.8715942556523229579 ) ) ;
#4056 = CARTESIAN_POINT ( 'NONE',  ( -1.006430356249998992, 8.321875000614515017, 0.5810628371015487126 ) ) ;
#4057 = CARTESIAN_POINT ( 'NONE',  ( 1.006430356249999658, 3.521875000614512974, 0.5810628371015478244 ) ) ;
#4058 = CARTESIAN_POINT ( 'NONE',  ( -1.249999999999999112, 2.987499999999996714, -0.7216878364870322748 ) ) ;
#4059 = CARTESIAN_POINT ( 'NONE',  ( 0.000000000000000000, 10.00000000000000000, -1.249999999999999334 ) ) ;
#4060 = VERTEX_POINT ( 'NONE', #4330 ) ;
#4061 = DIRECTION ( 'NONE',  ( 0.000000000000000000, 0.000000000000000000, 1.000000000000000000 ) ) ;
#4062 = CARTESIAN_POINT ( 'NONE',  ( -1.250000000000000444, 5.743750001229031454, -0.7216878364870296103 ) ) ;
#4063 = CARTESIAN_POINT ( 'NONE',  ( -1.006430356249998548, 10.00937500061451324, 0.5810628371015493787 ) ) ;
#4064 = CARTESIAN_POINT ( 'NONE',  ( -0.3349364905389035640, 7.617403810567662248, 1.249999999999999112 ) ) ;
#4065 = ORIENTED_EDGE ( 'NONE', *, *, #5603, .T. ) ;
#4066 = VERTEX_POINT ( 'NONE', #2100 ) ;
#4067 = EDGE_CURVE ( 'NONE', #1792, #1375, #815, .T. ) ;
#4068 = CARTESIAN_POINT ( 'NONE',  ( 1.249999999999999334, 9.156250001229031099, -2.749541545756668106E-15 ) ) ;
#4069 = CARTESIAN_POINT ( 'NONE',  ( 2.922199054809748253E-15, 9.942132794191442358, 1.446610087049238658 ) ) ;
#4070 = CARTESIAN_POINT ( 'NONE',  ( -1.006430356249998548, 0.5593750006145138398, 0.5810628371015494897 ) ) ;
#4071 = CARTESIAN_POINT ( 'NONE',  ( -1.249999999999999334, 5.274999999999996803, -1.530808498934190831E-16 ) ) ;
#4072 = CARTESIAN_POINT ( 'NONE',  ( -1.006430356249998992, 9.671875000614512885, 0.5810628371015487126 ) ) ;
#4073 = CARTESIAN_POINT ( 'NONE',  ( 1.006430356249999658, 4.909375000614513596, -9.819791222584817478E-16 ) ) ;
#4074 = CARTESIAN_POINT ( 'NONE',  ( 1.006430356249999436, 7.496875000614513063, -1.767562423498186358E-15 ) ) ;
#4075 = CARTESIAN_POINT ( 'NONE',  ( -0.6250000000000002220, 2.199999999999996625, 1.082531754730547746 ) ) ;
#4076 = CARTESIAN_POINT ( 'NONE',  ( 1.249999999999999112, 7.262499999999996625, 0.7216878364870324969 ) ) ;
#4077 = ORIENTED_EDGE ( 'NONE', *, *, #1974, .T. ) ;
#4078 = ORIENTED_EDGE ( 'NONE', *, *, #4426, .F. ) ;
#4079 = LINE ( 'NONE', #4509, #1303 ) ;
#4080 = CARTESIAN_POINT ( 'NONE',  ( -1.252801084755458927, 4.429632794191443956, 2.607410558300822600E-15 ) ) ;
#4081 = CARTESIAN_POINT ( 'NONE',  ( 1.006430356249998104, 2.134375000614513684, -0.5810628371015496008 ) ) ;
#4082 = CARTESIAN_POINT ( 'NONE',  ( 1.006430356249999436, 4.796875000614513773, -1.767562423498186358E-15 ) ) ;
#4083 = ADVANCED_FACE ( 'NONE', ( #3899 ), #2958, .T. ) ;
#4084 = CARTESIAN_POINT ( 'NONE',  ( 1.006430356249999658, 7.571875000614512352, 0.5810628371015478244 ) ) ;
#4085 = DIRECTION ( 'NONE',  ( 0.000000000000000000, 0.000000000000000000, 1.000000000000000000 ) ) ;
#4086 = AXIS2_PLACEMENT_3D ( 'NONE', #2949, #3779, #4150 ) ;
#4087 = CARTESIAN_POINT ( 'NONE',  ( 0.000000000000000000, 10.15000000000000036, 0.000000000000000000 ) ) ;
#4088 =( BOUNDED_CURVE ( )  B_SPLINE_CURVE ( 2, ( #3517, #3029, #1225, #4752, #4397, #5697, #803, #752, #2554 ),
 .UNSPECIFIED., .F., .F. ) 
 B_SPLINE_CURVE_WITH_KNOTS ( ( 3, 2, 2, 2, 3 ),
 ( 0.1811399768341962480, 0.1843180111722603209, 0.1906738046609622039, 0.1970295981496640592, 0.2002073684079531679 ),
 .UNSPECIFIED. ) 
 CURVE ( )  GEOMETRIC_REPRESENTATION_ITEM ( )  RATIONAL_B_SPLINE_CURVE ( ( 0.9330127020177964026, 0.9330098015364739483, 1.000000000000000000, 0.8660254037844387076, 1.000000000000000000, 0.8660254037844387076, 1.000000000000000000, 0.9330153681083398487, 0.9330127019983394110 ) ) 
 REPRESENTATION_ITEM ( '' )  );
#4089 = CARTESIAN_POINT ( 'NONE',  ( -0.6250000000000017764, 6.156250001229031099, -1.082531754730546636 ) ) ;
#4090 = VECTOR ( 'NONE', #3002, 1000.000000000000000 ) ;
#4091 = CARTESIAN_POINT ( 'NONE',  ( 0.5032151781249982747, 8.021875000614512530, -0.8715942556523229579 ) ) ;
#4092 = CARTESIAN_POINT ( 'NONE',  ( -0.6250000000000002220, 3.099999999999996980, 1.082531754730547746 ) ) ;
#4093 = LINE ( 'NONE', #4575, #5217 ) ;
#4094 = ORIENTED_EDGE ( 'NONE', *, *, #2654, .T. ) ;
#4095 = DIRECTION ( 'NONE',  ( -0.000000000000000000, -1.000000000000000000, -0.000000000000000000 ) ) ;
#4096 = CARTESIAN_POINT ( 'NONE',  ( 1.252801084755460037, 10.01713279419144342, 0.7233050435246172194 ) ) ;
#4097 = CARTESIAN_POINT ( 'NONE',  ( 1.006430356249999436, 1.646875000614513862, -1.767562423498186358E-15 ) ) ;
#4098 = CARTESIAN_POINT ( 'NONE',  ( -1.006430356249998548, 1.459375000614513862, 0.5810628371015493787 ) ) ;
#4099 = CYLINDRICAL_SURFACE ( 'NONE', #3269, 1.249999999999999334 ) ;
#4100 = CARTESIAN_POINT ( 'NONE',  ( 9.204127980810865691E-16, 3.896875000614513862, 1.162125674203096537 ) ) ;
#4101 = CIRCLE ( 'NONE', #3094, 0.1499999999999999667 ) ;
#4102 = CARTESIAN_POINT ( 'NONE',  ( -1.006430356250000324, 7.234375000614513773, -0.5810628371015467142 ) ) ;
#4103 = CARTESIAN_POINT ( 'NONE',  ( 1.250000000000000444, 6.418750001229030389, 0.7216878364870297213 ) ) ;
#4104 = ORIENTED_EDGE ( 'NONE', *, *, #1982, .F. ) ;
#4105 = CARTESIAN_POINT ( 'NONE',  ( -1.249999999999999334, 9.324999999999995737, -1.530808498934190831E-16 ) ) ;
#4106 = CARTESIAN_POINT ( 'NONE',  ( 1.249999999999999334, 4.149999999999996803, 0.000000000000000000 ) ) ;
#4107 = EDGE_CURVE ( 'NONE', #2799, #5139, #2125, .T. ) ;
#4108 = DIRECTION ( 'NONE',  ( 0.000000000000000000, -0.000000000000000000, 1.000000000000000000 ) ) ;
#4109 = CARTESIAN_POINT ( 'NONE',  ( 2.922199054809748253E-15, 5.442132794191442358, 1.446610087049238658 ) ) ;
#4110 = CARTESIAN_POINT ( 'NONE',  ( -1.969845607676301195E-15, 0.4093750006145138731, -1.162125674203096093 ) ) ;
#4111 = CARTESIAN_POINT ( 'NONE',  ( 1.006430356249998326, 6.634375000614513240, -0.5810628371015497118 ) ) ;
#4112 = CARTESIAN_POINT ( 'NONE',  ( -0.5032151781250003841, 8.209375000614512530, -0.8715942556523218476 ) ) ;
#4113 = CARTESIAN_POINT ( 'NONE',  ( -4.938688641342514686E-16, 8.987499999999993605, 1.249999999999999334 ) ) ;
#4114 = EDGE_CURVE ( 'NONE', #2118, #3165, #744, .T. ) ;
#4115 = CARTESIAN_POINT ( 'NONE',  ( 0.6250000000000012212, 8.181250001229031454, 1.082531754730547080 ) ) ;
#4116 = CARTESIAN_POINT ( 'NONE',  ( -1.249999999999998224, 5.368750001229031454, 0.7216878364870340512 ) ) ;
#4117 = CARTESIAN_POINT ( 'NONE',  ( 1.006430356249998770, 10.79687500061451289, -0.5810628371015489346 ) ) ;
#4118 = CARTESIAN_POINT ( 'NONE',  ( 1.006430356249999436, 9.296875000614512885, -1.767562423498186358E-15 ) ) ;
#4119 = CARTESIAN_POINT ( 'NONE',  ( -0.6249999999999993339, 6.549999999999997158, -1.082531754730547968 ) ) ;
#4120 = CARTESIAN_POINT ( 'NONE',  ( 0.6249999999999987788, 2.724999999999996536, 1.082531754730548412 ) ) ;
#4121 = ORIENTED_EDGE ( 'NONE', *, *, #2772, .F. ) ;
#4122 =( BOUNDED_CURVE ( )  B_SPLINE_CURVE ( 2, ( #3164, #1791, #912, #4076, #1354, #3102, #5422, #1873, #5742 ),
 .UNSPECIFIED., .F., .T. ) 
 B_SPLINE_CURVE_WITH_KNOTS ( ( 3, 2, 2, 2, 3 ),
 ( 0.6574074074074074403, 0.6604938271604938738, 0.6666666666666666297, 0.6728395061728394966, 0.6759259259259259300 ),
 .UNSPECIFIED. ) 
 CURVE ( )  GEOMETRIC_REPRESENTATION_ITEM ( )  RATIONAL_B_SPLINE_CURVE ( ( 0.9330127018922194093, 0.9330127018922194093, 1.000000000000000000, 0.8660254037844387076, 1.000000000000000000, 0.8660254037844387076, 1.000000000000000000, 0.9330127018922194093, 0.9330127018922194093 ) ) 
 REPRESENTATION_ITEM ( '' )  );
#4123 = CARTESIAN_POINT ( 'NONE',  ( -0.3349837892720343158, 8.123650973872706516, 1.249972692063693103 ) ) ;
#4124 = CARTESIAN_POINT ( 'NONE',  ( -1.252801084755458927, 9.379632794191444134, 2.607410558300822600E-15 ) ) ;
#4125 = CARTESIAN_POINT ( 'NONE',  ( 1.530808498934190831E-16, 10.00000000000000000, 1.249999999999999334 ) ) ;
#4126 = CARTESIAN_POINT ( 'NONE',  ( 0.5032151781250004952, 1.571875000614513684, 0.8715942556523216256 ) ) ;
#4127 = CARTESIAN_POINT ( 'NONE',  ( -1.006430356249998548, 2.809375000614513951, 0.5810628371015493787 ) ) ;
#4129 = ORIENTED_EDGE ( 'NONE', *, *, #5584, .T. ) ;
#4128 = CARTESIAN_POINT ( 'NONE',  ( -0.3349929652025596671, 9.023650423316876612, 1.249967394337734072 ) ) ;
#4130 = CARTESIAN_POINT ( 'NONE',  ( -0.5032151781249993849, 5.209375000614513418, 0.8715942556523227358 ) ) ;
#4131 = CARTESIAN_POINT ( 'NONE',  ( -1.006430356249998548, 10.45937500061451075, 0.5810628371015493787 ) ) ;
#4132 = CARTESIAN_POINT ( 'NONE',  ( -0.6890279877970868494, 0.1077420000485972001, 0.8010694691369829590 ) ) ;
#4133 = ORIENTED_EDGE ( 'NONE', *, *, #5366, .T. ) ;
#4134 = ORIENTED_EDGE ( 'NONE', *, *, #2457, .T. ) ;
#4135 = EDGE_CURVE ( 'NONE', #2096, #449, #4902, .T. ) ;
#4136 = CARTESIAN_POINT ( 'NONE',  ( -1.249999999999999334, 4.374999999999997335, -1.530808498934190831E-16 ) ) ;
#4137 = CARTESIAN_POINT ( 'NONE',  ( -0.6249999999999978906, 7.206250001229030921, 1.082531754730548856 ) ) ;
#4138 = CARTESIAN_POINT ( 'NONE',  ( -0.6264005423777275761, 4.504632794191443246, 1.084957565286930325 ) ) ;
#4139 = CARTESIAN_POINT ( 'NONE',  ( 1.006430356249999880, 3.409375000614513596, 0.5810628371015469362 ) ) ;
#4140 = CARTESIAN_POINT ( 'NONE',  ( -1.006430356250000102, 7.684375000614513063, -0.5810628371015466032 ) ) ;
#4141 = CARTESIAN_POINT ( 'NONE',  ( -0.5032151781249993849, 7.009375000614512352, 0.8715942556523227358 ) ) ;
#4142 = DIRECTION ( 'NONE',  ( -0.000000000000000000, -1.000000000000000000, -0.000000000000000000 ) ) ;
#4143 = CARTESIAN_POINT ( 'NONE',  ( 0.6249999999999997780, 0.6249999999999968914, -1.082531754730547746 ) ) ;
#4144 = CARTESIAN_POINT ( 'NONE',  ( -0.6249999999999978906, 8.106250001229030389, 1.082531754730548856 ) ) ;
#4145 = CARTESIAN_POINT ( 'NONE',  ( 0.6249999999999997780, -0.2750000000000030198, -1.082531754730547746 ) ) ;
#4146 = CARTESIAN_POINT ( 'NONE',  ( 0.5032151781250004952, 9.671875000614511109, 0.8715942556523216256 ) ) ;
#4147 = CARTESIAN_POINT ( 'NONE',  ( 0.6249999999999987788, 7.674999999999997158, 1.082531754730548412 ) ) ;
#4148 = CARTESIAN_POINT ( 'NONE',  ( 0.000000000000000000, 12.50000000000000000, 0.000000000000000000 ) ) ;
#4149 = VERTEX_POINT ( 'NONE', #1150 ) ;
#4150 = DIRECTION ( 'NONE',  ( 0.000000000000000000, 0.000000000000000000, -1.000000000000000000 ) ) ;
#4151 = CARTESIAN_POINT ( 'NONE',  ( -0.6249999999999978906, -0.8937499987709688343, 1.082531754730548856 ) ) ;
#4152 = CARTESIAN_POINT ( 'NONE',  ( 2.666216139009694821E-05, 1.168748401502623713, -1.249999999715651233 ) ) ;
#4153 = CARTESIAN_POINT ( 'NONE',  ( -0.5032151781250009392, 0.8968750006145139730, -0.8715942556523212925 ) ) ;
#4154 = CARTESIAN_POINT ( 'NONE',  ( 1.006430356249998104, 1.684375000614513951, -0.5810628371015496008 ) ) ;
#4155 = FACE_OUTER_BOUND ( 'NONE', #2212, .T. ) ;
#4156 =( BOUNDED_CURVE ( )  B_SPLINE_CURVE ( 2, ( #923, #2819, #3603, #4058, #3998, #5408, #4092, #102, #1432 ),
 .UNSPECIFIED., .F., .T. ) 
 B_SPLINE_CURVE_WITH_KNOTS ( ( 3, 2, 2, 2, 3 ),
 ( 0.3055555555555555802, 0.3086419753086419582, 0.3148148148148148251, 0.3209876543209876365, 0.3240740740740740700 ),
 .UNSPECIFIED. ) 
 CURVE ( )  GEOMETRIC_REPRESENTATION_ITEM ( )  RATIONAL_B_SPLINE_CURVE ( ( 0.9330127018922194093, 0.9330127018922199644, 1.000000000000000000, 0.8660254037844387076, 1.000000000000000000, 0.8660254037844387076, 1.000000000000000000, 0.9330127018922194093, 0.9330127018922194093 ) ) 
 REPRESENTATION_ITEM ( '' )  );
#4157 = CARTESIAN_POINT ( 'NONE',  ( 1.006430356249999658, 3.971875000614513151, 0.5810628371015478244 ) ) ;
#4158 = DIRECTION ( 'NONE',  ( -0.000000000000000000, -1.000000000000000000, -0.000000000000000000 ) ) ;
#4159 = CARTESIAN_POINT ( 'NONE',  ( 1.249999999999999556, 3.737499999999997158, -0.7216878364870316087 ) ) ;
#4160 = CARTESIAN_POINT ( 'NONE',  ( 0.6249999999999974465, 6.531250001229030211, -1.082531754730548856 ) ) ;
#4161 = CARTESIAN_POINT ( 'NONE',  ( -0.5032151781250003841, 3.259375000614513684, -0.8715942556523218476 ) ) ;
#4162 = ORIENTED_EDGE ( 'NONE', *, *, #3121, .T. ) ;
#4163 = DIRECTION ( 'NONE',  ( -0.000000000000000000, -1.000000000000000000, -0.000000000000000000 ) ) ;
#4164 = CARTESIAN_POINT ( 'NONE',  ( -1.911641816839548084E-05, 2.068751148213949786, -1.249999999853824484 ) ) ;
#4165 = CARTESIAN_POINT ( 'NONE',  ( -1.252801084755457817, 6.717132794191442713, 0.7233050435246216603 ) ) ;
#4166 = CARTESIAN_POINT ( 'NONE',  ( -0.5032151781249986078, 3.746875000614513951, 0.8715942556523228468 ) ) ;
#4167 = CARTESIAN_POINT ( 'NONE',  ( -0.5032151781250009392, 8.546875000614512885, -0.8715942556523212925 ) ) ;
#4168 = EDGE_CURVE ( 'NONE', #3807, #1792, #2932, .T. ) ;
#4169 = CARTESIAN_POINT ( 'NONE',  ( -1.006430356249998992, 7.871875000614512174, 0.5810628371015487126 ) ) ;
#4170 = CARTESIAN_POINT ( 'NONE',  ( 1.249999999999999112, 6.362499999999997158, 0.7216878364870324969 ) ) ;
#4171 = AXIS2_PLACEMENT_3D ( 'NONE', #131, #4464, #1374 ) ;
#4172 = CARTESIAN_POINT ( 'NONE',  ( 0.6264005423777310178, -0.8203672058085562657, 1.084957565286928327 ) ) ;
#4173 = CARTESIAN_POINT ( 'NONE',  ( 0.6249999999999974465, 8.781250001229031099, -1.082531754730548856 ) ) ;
#4174 = CARTESIAN_POINT ( 'NONE',  ( 2.589005085426955756E-05, 7.918748447826231107, -1.249999999731881362 ) ) ;
#4175 = CARTESIAN_POINT ( 'NONE',  ( 1.827526258964323273E-15, 9.634375000614511464, 1.162125674203096093 ) ) ;
#4176 = CARTESIAN_POINT ( 'NONE',  ( -0.6250000000000002220, 5.799999999999996270, 1.082531754730547746 ) ) ;
#4177 = CARTESIAN_POINT ( 'NONE',  ( -5.147446852647083031E-05, 3.868753089694037861, -1.249999998940150681 ) ) ;
#4178 = CARTESIAN_POINT ( 'NONE',  ( 0.3349364905389026204, 2.707596189432330824, 1.249999999999999556 ) ) ;
#4179 = VECTOR ( 'NONE', #2443, 1000.000000000000000 ) ;
#4180 = ORIENTED_EDGE ( 'NONE', *, *, #1213, .T. ) ;
#4181 = CARTESIAN_POINT ( 'NONE',  ( -1.066778120356633836E-05, 0.4935761097174111711, 1.249999999914094939 ) ) ;
#4182 = CARTESIAN_POINT ( 'NONE',  ( 2.909753293500117656E-15, 0.04375000122903115185, 1.443375672974063439 ) ) ;
#4183 = CARTESIAN_POINT ( 'NONE',  ( -0.6249999999999978906, 9.906250001229029323, 1.082531754730548856 ) ) ;
#4184 = AXIS2_PLACEMENT_3D ( 'NONE', #1975, #3724, #4210 ) ;
#4185 = CARTESIAN_POINT ( 'NONE',  ( -0.5032151781249986078, 0.5968750006145138176, 0.8715942556523228468 ) ) ;
#4186 = CARTESIAN_POINT ( 'NONE',  ( 0.5032151781249982747, 0.8218750006145140174, -0.8715942556523229579 ) ) ;
#4187 = CARTESIAN_POINT ( 'NONE',  ( -0.6250000000000017764, 8.856250001229030389, -1.082531754730546636 ) ) ;
#4188 = VECTOR ( 'NONE', #3356, 1000.000000000000114 ) ;
#4189 = CARTESIAN_POINT ( 'NONE',  ( -0.5032151781250003841, 6.409375000614513596, -0.8715942556523218476 ) ) ;
#4190 = EDGE_CURVE ( 'NONE', #4060, #2312, #1347, .T. ) ;
#4191 = CARTESIAN_POINT ( 'NONE',  ( 1.006430356249998104, 10.68437500061451217, -0.5810628371015496008 ) ) ;
#4192 = FACE_OUTER_BOUND ( 'NONE', #5486, .T. ) ;
#4193 =( BOUNDED_CURVE ( )  B_SPLINE_CURVE ( 2, ( #3243, #119, #2814, #1092, #1902, #3705, #1959, #5034, #5447 ),
 .UNSPECIFIED., .F., .F. ) 
 B_SPLINE_CURVE_WITH_KNOTS ( ( 3, 2, 2, 2, 3 ),
 ( 0.4480835424024399716, 0.4512613376976704060, 0.4576171311863495017, 0.4639729246750287084, 0.4671508212177798436 ),
 .UNSPECIFIED. ) 
 CURVE ( )  GEOMETRIC_REPRESENTATION_ITEM ( )  RATIONAL_B_SPLINE_CURVE ( ( 0.9330127019604861349, 0.9330148403511642208, 1.000000000000000000, 0.8660254037844387076, 1.000000000000000000, 0.8660254037844387076, 1.000000000000000000, 0.9330127061415282030, 0.9330127018922195203 ) ) 
 REPRESENTATION_ITEM ( '' )  );
#4194 = CARTESIAN_POINT ( 'NONE',  ( -1.006430356249999658, 4.234375000614513773, 8.587269508238526152E-16 ) ) ;
#4195 = ORIENTED_EDGE ( 'NONE', *, *, #4994, .T. ) ;
#4196 = CARTESIAN_POINT ( 'NONE',  ( 1.006430356249998992, 0.4468750006145137954, -0.5810628371015489346 ) ) ;
#4197 = CARTESIAN_POINT ( 'NONE',  ( 1.250000000000000444, 1.918750001229031055, 0.7216878364870297213 ) ) ;
#4198 = CARTESIAN_POINT ( 'NONE',  ( 2.922199054809748253E-15, 4.992132794191443068, 1.446610087049238658 ) ) ;
#4199 = CARTESIAN_POINT ( 'NONE',  ( 0.5032151781250004952, 2.921875000614513773, 0.8715942556523216256 ) ) ;
#4200 = CARTESIAN_POINT ( 'NONE',  ( 1.006430356249999880, 9.259375000614511464, 0.5810628371015468252 ) ) ;
#4201 = B_SPLINE_CURVE_WITH_KNOTS ( 'NONE', 3,
 ( #868, #2298, #521, #4372, #3949, #49, #4432, #1835, #426, #5757, #3055, #4809 ),
 .UNSPECIFIED., .F., .F.,
 ( 4, 2, 2, 2, 2, 4 ),
 ( 0.000000000000000000, 0.0002761246613901786147, 0.0005522493227803572293, 0.001104498645560714459, 0.001656747968341071688, 0.002208997291121428917 ),
 .UNSPECIFIED. ) ;
#4202 = CARTESIAN_POINT ( 'NONE',  ( 1.000000000000005551, 11.40000000000000036, 0.5773502691896169603 ) ) ;
#4203 = CARTESIAN_POINT ( 'NONE',  ( 0.6249999999999974465, 8.331250001229030033, -1.082531754730548856 ) ) ;
#4204 = CARTESIAN_POINT ( 'NONE',  ( -0.6249999999999993339, 0.6999999999999968470, -1.082531754730547968 ) ) ;
#4205 = CARTESIAN_POINT ( 'NONE',  ( 1.006430356249998770, 0.4468750006145138509, -0.5810628371015489346 ) ) ;
#4206 = CARTESIAN_POINT ( 'NONE',  ( -0.6250000000000002220, 7.149999999999995914, 1.082531754730547746 ) ) ;
#4207 = DIRECTION ( 'NONE',  ( 0.000000000000000000, 0.8660254037844363761, 0.5000000000000038858 ) ) ;
#4208 = VERTEX_POINT ( 'NONE', #939 ) ;
#4209 = EDGE_CURVE ( 'NONE', #2838, #5123, #2535, .T. ) ;
#4210 = DIRECTION ( 'NONE',  ( 0.000000000000000000, 0.000000000000000000, -1.000000000000000000 ) ) ;
#4211 = CARTESIAN_POINT ( 'NONE',  ( -3.086515833287601756E-15, 0.7187500012290312101, -1.443375672974063439 ) ) ;
#4212 = CARTESIAN_POINT ( 'NONE',  ( 1.743066579297358255E-16, 5.612499999999996270, -1.249999999999999112 ) ) ;
#4213 = CARTESIAN_POINT ( 'NONE',  ( -1.006430356249998548, 2.809375000614513951, 0.5810628371015494897 ) ) ;
#4214 = CARTESIAN_POINT ( 'NONE',  ( 0.5032151781250004952, 2.471875000614513596, 0.8715942556523216256 ) ) ;
#4215 = CARTESIAN_POINT ( 'NONE',  ( -1.191095495853194869E-14, 7.862499999999998046, -1.249999999999999334 ) ) ;
#4216 = CARTESIAN_POINT ( 'NONE',  ( -1.006430356249999658, 6.934375000614513951, 8.587269508238524180E-16 ) ) ;
#4217 = CARTESIAN_POINT ( 'NONE',  ( 0.9999999999999993339, 11.40000000000000036, 0.5773502691896267303 ) ) ;
#4218 = CARTESIAN_POINT ( 'NONE',  ( -0.6546046375434225739, 10.80815666495012017, -1.137364789969468326 ) ) ;
#4219 = CARTESIAN_POINT ( 'NONE',  ( 1.249999999999999334, 6.849999999999996980, 0.000000000000000000 ) ) ;
#4220 = CARTESIAN_POINT ( 'NONE',  ( -0.5032151781249993849, 5.209375000614513418, 0.8715942556523227358 ) ) ;
#4221 = EDGE_LOOP ( 'NONE', ( #286, #2919, #4065, #4742 ) ) ;
#4222 = CARTESIAN_POINT ( 'NONE',  ( -4.938688641342514686E-16, 8.537499999999996092, 1.249999999999999334 ) ) ;
#4223 = CARTESIAN_POINT ( 'NONE',  ( 0.5032151781249990519, 0.9343750006145139508, -0.8715942556523228468 ) ) ;
#4224 = LINE ( 'NONE', #150, #82 ) ;
#4225 = CARTESIAN_POINT ( 'NONE',  ( 0.6264005423777272430, 5.629632794191443246, -1.084957565286930325 ) ) ;
#4226 = CARTESIAN_POINT ( 'NONE',  ( -1.006430356250000324, 2.734375000614513773, -0.5810628371015467142 ) ) ;
#4227 = CARTESIAN_POINT ( 'NONE',  ( 1.006430356249999436, 9.296875000614512885, -1.767562423498186358E-15 ) ) ;
#4228 = LINE ( 'NONE', #2910, #5696 ) ;
#4229 = CARTESIAN_POINT ( 'NONE',  ( -2.242624579000590380E-05, 3.418751514125647262, -1.249999999798824701 ) ) ;
#4230 = CARTESIAN_POINT ( 'NONE',  ( -1.249999999999999334, 7.581250001229030921, 2.596460695863248776E-15 ) ) ;
#4231 = CARTESIAN_POINT ( 'NONE',  ( 0.6249999999999997780, 1.074999999999997069, -1.082531754730547746 ) ) ;
#4232 = CARTESIAN_POINT ( 'NONE',  ( -1.006430356249999880, 3.296875000614513773, -0.5810628371015476024 ) ) ;
#4233 = CARTESIAN_POINT ( 'NONE',  ( 1.006430356249999658, -0.4906249993854859826, -9.819791222584819450E-16 ) ) ;
#4234 = CARTESIAN_POINT ( 'NONE',  ( 1.249999999999999112, 6.362499999999997158, 0.7216878364870323859 ) ) ;
#4235 = CARTESIAN_POINT ( 'NONE',  ( 2.527446539981169803E-15, 1.337499999999997247, 1.249999999999999556 ) ) ;
#4236 = CARTESIAN_POINT ( 'NONE',  ( -4.938688641342514686E-16, 3.587499999999996358, 1.249999999999999334 ) ) ;
#4237 = ORIENTED_EDGE ( 'NONE', *, *, #4296, .T. ) ;
#4238 = CARTESIAN_POINT ( 'NONE',  ( -0.6250000000000017764, 8.406250001229031099, -1.082531754730546636 ) ) ;
#4239 = CARTESIAN_POINT ( 'NONE',  ( 0.6249999999999974465, 1.581250001229030921, -1.082531754730548856 ) ) ;
#4240 = DIRECTION ( 'NONE',  ( -0.3535533905932731202, 0.7071067811865483499, -0.6123724356957939152 ) ) ;
#4241 = CARTESIAN_POINT ( 'NONE',  ( -0.5032151781250009392, 4.496875000614513951, -0.8715942556523212925 ) ) ;
#4242 = CARTESIAN_POINT ( 'NONE',  ( -1.249999999999999778, 1.262499999999996625, 0.7216878364870313867 ) ) ;
#4243 = CARTESIAN_POINT ( 'NONE',  ( 0.5032151781250004952, 4.721875000614513596, 0.8715942556523216256 ) ) ;
#4244 =( BOUNDED_CURVE ( )  B_SPLINE_CURVE ( 2, ( #3718, #5434, #1972, #4549, #573, #3748, #5525, #2088, #1135 ),
 .UNSPECIFIED., .F., .F. ) 
 B_SPLINE_CURVE_WITH_KNOTS ( ( 3, 2, 2, 2, 3 ),
 ( 0.7685185185185184897, 0.7716049382716049232, 0.7777777777777777901, 0.7839506172839506570, 0.7870370370370370905 ),
 .UNSPECIFIED. ) 
 CURVE ( )  GEOMETRIC_REPRESENTATION_ITEM ( )  RATIONAL_B_SPLINE_CURVE ( ( 0.9330127018922194093, 0.9330127018922194093, 1.000000000000000000, 0.8660254037844387076, 1.000000000000000000, 0.8660254037844387076, 1.000000000000000000, 0.9330127018922180770, 0.9330127018922192983 ) ) 
 REPRESENTATION_ITEM ( '' )  );
#4245 = CARTESIAN_POINT ( 'NONE',  ( -2.847008746185685470E-15, 1.112499999999997380, -1.249999999999999334 ) ) ;
#4246 = ORIENTED_EDGE ( 'NONE', *, *, #4556, .F. ) ;
#4247 = CARTESIAN_POINT ( 'NONE',  ( 9.204127980810865691E-16, 6.146875000614514306, 1.162125674203096537 ) ) ;
#4248 = FILL_AREA_STYLE ('',( #4304 ) ) ;
#4249 = CARTESIAN_POINT ( 'NONE',  ( -1.249999999999999334, 3.924999999999996270, -1.530808498934190831E-16 ) ) ;
#4250 = CARTESIAN_POINT ( 'NONE',  ( 3.239722923235104494E-06, 7.018749806845675288, -1.249999999995800914 ) ) ;
#4251 = CARTESIAN_POINT ( 'NONE',  ( -1.006430356249999880, 3.296875000614513773, -0.5810628371015476024 ) ) ;
#4252 = B_SPLINE_CURVE_WITH_KNOTS ( 'NONE', 3,
 ( #1177, #1647, #5649, #4760 ),
 .UNSPECIFIED., .F., .F.,
 ( 4, 4 ),
 ( 0.000000000000000000, 0.0002085310064766968910 ),
 .UNSPECIFIED. ) ;
#4253 = DIRECTION ( 'NONE',  ( -0.000000000000000000, -1.000000000000000000, -0.000000000000000000 ) ) ;
#4254 = CARTESIAN_POINT ( 'NONE',  ( -0.6264005423777315729, 8.404632794191444489, -1.084957565286927883 ) ) ;
#4255 = ADVANCED_FACE ( 'NONE', ( #1786 ), #5505, .F. ) ;
#4256 = CARTESIAN_POINT ( 'NONE',  ( 1.006430356249999436, 2.546875000614514217, -1.767562423498186358E-15 ) ) ;
#4257 = CARTESIAN_POINT ( 'NONE',  ( 0.3349364905389026204, 5.407596189432331002, 1.249999999999999556 ) ) ;
#4258 = CARTESIAN_POINT ( 'NONE',  ( 1.249999999999999334, 5.556250001229030566, -2.749541545756668106E-15 ) ) ;
#4259 = EDGE_LOOP ( 'NONE', ( #5201, #5722, #2472, #3397 ) ) ;
#4260 = CARTESIAN_POINT ( 'NONE',  ( -0.6264005423777275761, -0.4453672058085562657, 1.084957565286930325 ) ) ;
#4261 = ADVANCED_FACE ( 'NONE', ( #5055 ), #1522, .F. ) ;
#4262 = CARTESIAN_POINT ( 'NONE',  ( -0.6250000000000017764, 7.956250001229029145, -1.082531754730546636 ) ) ;
#4263 = CARTESIAN_POINT ( 'NONE',  ( 1.249999999999999112, 0.06249999999999690525, 0.7216878364870323859 ) ) ;
#4264 = CARTESIAN_POINT ( 'NONE',  ( 0.5032151781249999400, 3.484375000614513329, 0.8715942556523221807 ) ) ;
#4265 = CARTESIAN_POINT ( 'NONE',  ( 0.5032151781249982747, 10.27187500061451253, -0.8715942556523229579 ) ) ;
#4266 = CARTESIAN_POINT ( 'NONE',  ( -1.006430356249999880, -0.7531249993854860492, -0.5810628371015476024 ) ) ;
#4267 = CARTESIAN_POINT ( 'NONE',  ( 0.6249999999999987788, 8.124999999999996447, 1.082531754730548412 ) ) ;
#4268 = VERTEX_POINT ( 'NONE', #2417 ) ;
#4269 = CARTESIAN_POINT ( 'NONE',  ( -0.7017196489320711716, 0.4507240682423238054, 1.034451319556115134 ) ) ;
#4270 = CARTESIAN_POINT ( 'NONE',  ( 1.250000000000000444, 1.468750001229031099, 0.7216878364870298324 ) ) ;
#4271 = CARTESIAN_POINT ( 'NONE',  ( 1.006430356249999436, 2.996875000614513951, -1.767562423498186358E-15 ) ) ;
#4272 = CARTESIAN_POINT ( 'NONE',  ( 0.000000000000000000, 10.00000000000000000, -1.249999999999999334 ) ) ;
#4273 = ORIENTED_EDGE ( 'NONE', *, *, #4386, .F. ) ;
#4274 = VECTOR ( 'NONE', #3970, 1000.000000000000000 ) ;
#4275 = CARTESIAN_POINT ( 'NONE',  ( -1.062732146793064491E-15, 5.921875000614513773, -1.162125674203096537 ) ) ;
#4276 = CARTESIAN_POINT ( 'NONE',  ( 0.3349364905389040636, 1.807596189432331135, 1.249999999999998890 ) ) ;
#4277 =( BOUNDED_CURVE ( )  B_SPLINE_CURVE ( 2, ( #254, #1660, #4267, #3806, #3000, #1601, #3026, #4722, #3777 ),
 .UNSPECIFIED., .F., .T. ) 
 B_SPLINE_CURVE_WITH_KNOTS ( ( 3, 2, 2, 2, 3 ),
 ( 0.7314814814814815103, 0.7345679012345679437, 0.7407407407407406996, 0.7469135802469135665, 0.7500000000000000000 ),
 .UNSPECIFIED. ) 
 CURVE ( )  GEOMETRIC_REPRESENTATION_ITEM ( )  RATIONAL_B_SPLINE_CURVE ( ( 0.9330127018922194093, 0.9330127018922194093, 1.000000000000000000, 0.8660254037844387076, 1.000000000000000000, 0.8660254037844387076, 1.000000000000000000, 0.9330127018922194093, 0.9330127018922194093 ) ) 
 REPRESENTATION_ITEM ( '' )  );
#4278 = CARTESIAN_POINT ( 'NONE',  ( -0.6250000000000002220, 8.049999999999995381, 1.082531754730547746 ) ) ;
#4279 = CARTESIAN_POINT ( 'NONE',  ( 1.006430356249999658, 7.121875000614512174, 0.5810628371015478244 ) ) ;
#4280 = MECHANICAL_DESIGN_GEOMETRIC_PRESENTATION_REPRESENTATION (  '', ( #2055 ), #652 ) ;
#4281 = DIRECTION ( 'NONE',  ( -0.000000000000000000, -1.000000000000000000, -0.000000000000000000 ) ) ;
#4282 = AXIS2_PLACEMENT_3D ( 'NONE', #2862, #4611, #232 ) ;
#4283 = CARTESIAN_POINT ( 'NONE',  ( 1.252801084755458927, 8.704632794191441647, -2.760834442142232968E-15 ) ) ;
#4284 = CARTESIAN_POINT ( 'NONE',  ( 1.006430356249998104, 4.834375000614513418, -0.5810628371015496008 ) ) ;
#4285 = CARTESIAN_POINT ( 'NONE',  ( -2.651438096812265438E-16, 4.937499999999996447, 1.443375672974063439 ) ) ;
#4286 = CARTESIAN_POINT ( 'NONE',  ( -0.3349543657977966937, 5.873652739281161494, 1.249989679714464286 ) ) ;
#4287 = ORIENTED_EDGE ( 'NONE', *, *, #5473, .T. ) ;
#4288 = CARTESIAN_POINT ( 'NONE',  ( -1.252801084755457817, 1.317132794191443912, 0.7233050435246216603 ) ) ;
#4289 = CARTESIAN_POINT ( 'NONE',  ( -1.249999999999998224, 10.31875000122902897, 0.7216878364870340512 ) ) ;
#4290 = CARTESIAN_POINT ( 'NONE',  ( 9.204127980810863719E-16, 2.546875000614513773, 1.162125674203096537 ) ) ;
#4291 = CARTESIAN_POINT ( 'NONE',  ( 9.204127980810867663E-16, -0.6031249993854860270, 1.162125674203096537 ) ) ;
#4292 = CARTESIAN_POINT ( 'NONE',  ( -2.847008746185685470E-15, 1.562499999999997113, -1.249999999999999334 ) ) ;
#4293 = CARTESIAN_POINT ( 'NONE',  ( 1.124429793586930515, 0.2249101057799993419, 0.1078079260015682578 ) ) ;
#4294 = EDGE_CURVE ( 'NONE', #1916, #1749, #1722, .T. ) ;
#4295 = ORIENTED_EDGE ( 'NONE', *, *, #4966, .T. ) ;
#4296 = EDGE_CURVE ( 'NONE', #740, #311, #2893, .T. ) ;
#4297 = VECTOR ( 'NONE', #1042, 1000.000000000000000 ) ;
#4298 = CYLINDRICAL_SURFACE ( 'NONE', #1125, 1.249999999999999334 ) ;
#4299 = CARTESIAN_POINT ( 'NONE',  ( -1.249999999999998002, 9.418750001229032165, 0.7216878364870340512 ) ) ;
#4300 = CARTESIAN_POINT ( 'NONE',  ( -0.6249999999999978906, 0.9062500012290310991, 1.082531754730548856 ) ) ;
#4301 = CARTESIAN_POINT ( 'NONE',  ( 1.827526258964323273E-15, 3.334375000614514750, 1.162125674203096093 ) ) ;
#4302 = ORIENTED_EDGE ( 'NONE', *, *, #2383, .T. ) ;
#4303 = CARTESIAN_POINT ( 'NONE',  ( 1.006430356249999658, 7.121875000614512174, 0.5810628371015478244 ) ) ;
#4304 = FILL_AREA_STYLE_COLOUR ( '', #1960 ) ;
#4305 = DIRECTION ( 'NONE',  ( -0.000000000000000000, -1.000000000000000000, -0.000000000000000000 ) ) ;
#4306 = CARTESIAN_POINT ( 'NONE',  ( -0.5032151781250003841, 5.509375000614513240, -0.8715942556523218476 ) ) ;
#4307 = CARTESIAN_POINT ( 'NONE',  ( 1.530808498934190831E-16, 10.00000000000000000, 1.249999999999999334 ) ) ;
#4308 = CARTESIAN_POINT ( 'NONE',  ( -1.006430356250000324, 4.984375000614513773, -0.5810628371015467142 ) ) ;
#4309 = CARTESIAN_POINT ( 'NONE',  ( -1.249999999999999334, 5.781250001229031099, 2.596460695863248776E-15 ) ) ;
#4310 = EDGE_CURVE ( 'NONE', #4034, #2096, #667, .T. ) ;
#4311 = ORIENTED_EDGE ( 'NONE', *, *, #1982, .T. ) ;
#4312 = CARTESIAN_POINT ( 'NONE',  ( -1.252801084755457817, -0.03286720580855630874, 0.7233050435246216603 ) ) ;
#4313 = CARTESIAN_POINT ( 'NONE',  ( 1.250000000000000444, 10.01875000122903181, 0.7216878364870298324 ) ) ;
#4314 = CARTESIAN_POINT ( 'NONE',  ( 0.5032151781249990519, 3.634375000614513240, -0.8715942556523228468 ) ) ;
#4315 = CARTESIAN_POINT ( 'NONE',  ( 0.5032151781249982747, 10.72187500061451182, -0.8715942556523229579 ) ) ;
#4316 = CARTESIAN_POINT ( 'NONE',  ( -1.062732146793064491E-15, 1.421875000614513551, -1.162125674203096537 ) ) ;
#4317 = CARTESIAN_POINT ( 'NONE',  ( 0.6879902080687873012, 0.2806069758556891669, -0.9357932692187023171 ) ) ;
#4318 = ORIENTED_EDGE ( 'NONE', *, *, #2892, .F. ) ;
#4319 = CARTESIAN_POINT ( 'NONE',  ( -1.249999999999999334, 9.324999999999995737, -1.530808498934190831E-16 ) ) ;
#4320 = CARTESIAN_POINT ( 'NONE',  ( 1.530808498934191571E-16, 0.4500000000000000111, -1.250000000000000000 ) ) ;
#4321 = CARTESIAN_POINT ( 'NONE',  ( 1.249999999999998002, 2.893750001229030921, -0.7216878364870344953 ) ) ;
#4322 = CARTESIAN_POINT ( 'NONE',  ( 1.006430356249999436, 3.896875000614513862, -1.767562423498186358E-15 ) ) ;
#4323 = DIRECTION ( 'NONE',  ( -0.000000000000000000, -1.000000000000000000, -0.000000000000000000 ) ) ;
#4324 = ORIENTED_EDGE ( 'NONE', *, *, #1731, .T. ) ;
#4325 = EDGE_LOOP ( 'NONE', ( #5061, #3666, #1193, #371, #1020 ) ) ;
#4326 = CARTESIAN_POINT ( 'NONE',  ( -0.5032151781249993849, 8.359375000614514661, 0.8715942556523227358 ) ) ;
#4327 = CARTESIAN_POINT ( 'NONE',  ( 7.916533216810869652E-07, 2.518749955636498949, -1.249999999999748646 ) ) ;
#4328 = ADVANCED_FACE ( 'NONE', ( #4155 ), #2448, .T. ) ;
#4329 = LINE ( 'NONE', #1646, #1412 ) ;
#4330 = CARTESIAN_POINT ( 'NONE',  ( -5.868324150301105755E-15, 5.162499999999996980, -1.249999999999999556 ) ) ;
#4331 = CARTESIAN_POINT ( 'NONE',  ( -0.5032151781249993849, 5.659375000614512707, 0.8715942556523227358 ) ) ;
#4332 = CARTESIAN_POINT ( 'NONE',  ( -1.006430356249999880, 1.496875000614513951, -0.5810628371015474913 ) ) ;
#4333 = CARTESIAN_POINT ( 'NONE',  ( 0.5032151781249982747, 5.321875000614514128, -0.8715942556523229579 ) ) ;
#4334 = CARTESIAN_POINT ( 'NONE',  ( 1.743066579297358255E-16, 5.612499999999996270, -1.249999999999999112 ) ) ;
#4335 = VERTEX_POINT ( 'NONE', #3296 ) ;
#4336 = CARTESIAN_POINT ( 'NONE',  ( -0.6264005423777275761, 0.9046327941914437121, 1.084957565286930325 ) ) ;
#4337 = CARTESIAN_POINT ( 'NONE',  ( 0.5032151781249982747, -0.5281249993854859603, -0.8715942556523229579 ) ) ;
#4338 = CARTESIAN_POINT ( 'NONE',  ( -0.5032151781249986078, 2.396875000614513418, 0.8715942556523228468 ) ) ;
#4339 = CARTESIAN_POINT ( 'NONE',  ( -1.006430356249999880, 1.496875000614513951, -0.5810628371015476024 ) ) ;
#4340 = CARTESIAN_POINT ( 'NONE',  ( 1.006430356249999658, 0.8593750006145139952, -9.819791222584817478E-16 ) ) ;
#4341 = ORIENTED_EDGE ( 'NONE', *, *, #3736, .F. ) ;
#4342 = CARTESIAN_POINT ( 'NONE',  ( -5.868324150301105755E-15, 4.712499999999996803, -1.249999999999999556 ) ) ;
#4343 = CARTESIAN_POINT ( 'NONE',  ( -0.3349364905389057845, 2.482596189432331180, -1.249999999999997780 ) ) ;
#4344 = CARTESIAN_POINT ( 'NONE',  ( 0.6249999999999974465, 9.681250001229029678, -1.082531754730548856 ) ) ;
#4345 = CARTESIAN_POINT ( 'NONE',  ( 1.249999999999999334, 4.206250001229030921, -2.749541545756668106E-15 ) ) ;
#4346 = CARTESIAN_POINT ( 'NONE',  ( 1.006430356249999436, 7.496875000614513063, -1.767562423498186358E-15 ) ) ;
#4347 = DIRECTION ( 'NONE',  ( 0.000000000000000000, 0.000000000000000000, -1.000000000000000000 ) ) ;
#4348 = VERTEX_POINT ( 'NONE', #4215 ) ;
#4349 = CARTESIAN_POINT ( 'NONE',  ( -1.006430356249999880, 9.146875000614514306, -0.5810628371015474913 ) ) ;
#4350 = AXIS2_PLACEMENT_3D ( 'NONE', #3316, #4721, #1570 ) ;
#4351 = CARTESIAN_POINT ( 'NONE',  ( 0.000000000000000000, 10.00000000000000000, 0.000000000000000000 ) ) ;
#4352 = CARTESIAN_POINT ( 'NONE',  ( -1.249999999999999556, 7.112499999999996270, 0.7216878364870313867 ) ) ;
#4353 = CARTESIAN_POINT ( 'NONE',  ( 9.204127980810867663E-16, 6.146875000614513418, 1.162125674203096537 ) ) ;
#4354 = ADVANCED_FACE ( 'NONE', ( #3671 ), #2723, .T. ) ;
#4355 = CARTESIAN_POINT ( 'NONE',  ( -1.062732146793064491E-15, 3.221875000614513596, -1.162125674203096537 ) ) ;
#4356 = CARTESIAN_POINT ( 'NONE',  ( 1.827526258964323273E-15, 4.684375000614513063, 1.162125674203096093 ) ) ;
#4357 = AXIS2_PLACEMENT_3D ( 'NONE', #4854, #2194, #3959 ) ;
#4358 = CARTESIAN_POINT ( 'NONE',  ( 1.095127020155069575, 10.00000000000000178, 0.6242004175049876702 ) ) ;
#4359 = ORIENTED_EDGE ( 'NONE', *, *, #4310, .F. ) ;
#4360 = CARTESIAN_POINT ( 'NONE',  ( -1.252801084755458927, -0.07036720580855629348, 2.607410558300822600E-15 ) ) ;
#4361 = CARTESIAN_POINT ( 'NONE',  ( 0.6250000000000012212, 9.981250001229032165, 1.082531754730547080 ) ) ;
#4362 = CARTESIAN_POINT ( 'NONE',  ( -0.5032151781250009392, 3.596875000614514040, -0.8715942556523212925 ) ) ;
#4363 = CARTESIAN_POINT ( 'NONE',  ( 1.006430356249999658, 5.321875000614514128, 0.5810628371015478244 ) ) ;
#4364 = CARTESIAN_POINT ( 'NONE',  ( 1.006430356249999658, 1.271875000614513640, 0.5810628371015478244 ) ) ;
#4365 = CARTESIAN_POINT ( 'NONE',  ( -0.5032151781250003841, 0.5593750006145138398, -0.8715942556523218476 ) ) ;
#4366 = CARTESIAN_POINT ( 'NONE',  ( 0.3349364905389026204, 5.857596189432330291, 1.249999999999999556 ) ) ;
#4367 = VERTEX_POINT ( 'NONE', #2333 ) ;
#4368 = LINE ( 'NONE', #5613, #2992 ) ;
#4369 = FACE_OUTER_BOUND ( 'NONE', #1529, .T. ) ;
#4370 = CARTESIAN_POINT ( 'NONE',  ( 1.250000000000000444, 2.368750001229031010, 0.7216878364870298324 ) ) ;
#4371 = CARTESIAN_POINT ( 'NONE',  ( 1.006430356249999436, 6.596875000614513596, -1.767562423498186358E-15 ) ) ;
#4372 = CARTESIAN_POINT ( 'NONE',  ( 1.163839802179082117, 10.00000000000001066, -0.3580361009157161933 ) ) ;
#4373 = AXIS2_PLACEMENT_3D ( 'NONE', #2402, #3633, #3203 ) ;
#4374 = ORIENTED_EDGE ( 'NONE', *, *, #2654, .F. ) ;
#4375 = ADVANCED_FACE ( 'NONE', ( #2011 ), #4099, .T. ) ;
#4376 = CARTESIAN_POINT ( 'NONE',  ( -1.006430356249999214, 9.671875000614511109, 0.5810628371015488236 ) ) ;
#4377 = CARTESIAN_POINT ( 'NONE',  ( -1.252801084755457817, 8.517132794191441647, 0.7233050435246216603 ) ) ;
#4378 = CARTESIAN_POINT ( 'NONE',  ( -2.486368270929061322E-11, 0.3140625009229670028, -1.171516448314909198 ) ) ;
#4379 = CYLINDRICAL_SURFACE ( 'NONE', #756, 1.249999999999999334 ) ;
#4380 = CARTESIAN_POINT ( 'NONE',  ( -1.006430356249998548, -0.7906249993854860270, 0.5810628371015493787 ) ) ;
#4381 = CARTESIAN_POINT ( 'NONE',  ( -1.006430356249999658, 7.384375000614513240, 8.587269508238526152E-16 ) ) ;
#4382 = CARTESIAN_POINT ( 'NONE',  ( 1.006430356249999658, 2.171875000614513773, 0.5810628371015478244 ) ) ;
#4383 = CARTESIAN_POINT ( 'NONE',  ( -0.5032151781250009392, 6.296875000614513773, -0.8715942556523212925 ) ) ;
#4384 = CARTESIAN_POINT ( 'NONE',  ( -0.6249999999999993339, 1.599999999999996758, -1.082531754730547968 ) ) ;
#4385 = PLANE ( 'NONE',  #4357 ) ;
#4386 = EDGE_CURVE ( 'NONE', #475, #2722, #1469, .T. ) ;
#4387 = CARTESIAN_POINT ( 'NONE',  ( -0.6250000000000002220, 8.499999999999996447, 1.082531754730547746 ) ) ;
#4388 = EDGE_LOOP ( 'NONE', ( #2224, #614, #2003, #3018 ) ) ;
#4389 = CARTESIAN_POINT ( 'NONE',  ( 0.6264005423777272430, 1.579632794191443423, -1.084957565286930325 ) ) ;
#4390 = CARTESIAN_POINT ( 'NONE',  ( 1.250000000000000444, 9.568750001229032520, 0.7216878364870298324 ) ) ;
#4391 = CARTESIAN_POINT ( 'NONE',  ( -0.5032151781249986078, 4.196875000614514128, 0.8715942556523228468 ) ) ;
#4392 = CARTESIAN_POINT ( 'NONE',  ( -0.5032151781250003841, 6.859375000614513773, -0.8715942556523218476 ) ) ;
#4393 = CARTESIAN_POINT ( 'NONE',  ( -0.5032151781250003841, 1.909375000614513596, -0.8715942556523218476 ) ) ;
#4394 = CARTESIAN_POINT ( 'NONE',  ( 0.5032151781249999400, 1.684375000614513729, 0.8715942556523221807 ) ) ;
#4395 = DIRECTION ( 'NONE',  ( 0.000000000000000000, 0.8660254037844363761, 0.5000000000000038858 ) ) ;
#4396 = ORIENTED_EDGE ( 'NONE', *, *, #1448, .T. ) ;
#4397 = CARTESIAN_POINT ( 'NONE',  ( 1.249999999999999334, 1.056250001229031010, -2.749541545756668106E-15 ) ) ;
#4398 = CARTESIAN_POINT ( 'NONE',  ( 5.099224419178628731E-05, 4.994574862039252494, 1.249999998066108731 ) ) ;
#4399 = CARTESIAN_POINT ( 'NONE',  ( 0.6249999999999974465, 4.281250001229031099, -1.082531754730548856 ) ) ;
#4400 = CARTESIAN_POINT ( 'NONE',  ( 1.006430356249998770, 9.446875000614513240, -0.5810628371015489346 ) ) ;
#4401 = CARTESIAN_POINT ( 'NONE',  ( -1.969845607676301195E-15, 6.259375000614514128, -1.162125674203096093 ) ) ;
#4402 = CARTESIAN_POINT ( 'NONE',  ( -8.339805467747527540E-06, 8.368750501617276072, -1.249999999972178255 ) ) ;
#4403 = ORIENTED_EDGE ( 'NONE', *, *, #5510, .F. ) ;
#4404 = ORIENTED_EDGE ( 'NONE', *, *, #4209, .F. ) ;
#4405 = CARTESIAN_POINT ( 'NONE',  ( 1.006430356249999658, 9.859375000614512885, -9.819791222584817478E-16 ) ) ;
#4406 = CARTESIAN_POINT ( 'NONE',  ( 1.252801084755458927, 8.254632794191442358, -2.760834442142232968E-15 ) ) ;
#4407 = CARTESIAN_POINT ( 'NONE',  ( -0.3349364905389030089, 6.532596189432331002, -1.249999999999999334 ) ) ;
#4408 = EDGE_CURVE ( 'NONE', #3122, #840, #5146, .T. ) ;
#4409 = CARTESIAN_POINT ( 'NONE',  ( -0.5032151781250009392, -0.4531249993854860048, -0.8715942556523212925 ) ) ;
#4410 = CARTESIAN_POINT ( 'NONE',  ( 0.5032151781249990519, 9.034375000614511819, -0.8715942556523228468 ) ) ;
#4411 = CARTESIAN_POINT ( 'NONE',  ( -0.5032151781249993849, 3.409375000614513596, 0.8715942556523227358 ) ) ;
#4412 = CARTESIAN_POINT ( 'NONE',  ( 1.827526258964323273E-15, 8.734375000614512885, 1.162125674203096093 ) ) ;
#4413 = CARTESIAN_POINT ( 'NONE',  ( 0.6249999999999987788, 2.274999999999996803, 1.082531754730548412 ) ) ;
#4414 = CARTESIAN_POINT ( 'NONE',  ( 0.000000000000000000, 10.00000000000000000, 0.000000000000000000 ) ) ;
#4415 = ORIENTED_EDGE ( 'NONE', *, *, #1279, .T. ) ;
#4416 = ADVANCED_FACE ( 'NONE', ( #1639 ), #261, .T. ) ;
#4417 = CARTESIAN_POINT ( 'NONE',  ( -1.252801084755460259, 2.592132794191443157, -0.7233050435246171084 ) ) ;
#4418 = CARTESIAN_POINT ( 'NONE',  ( 1.006430356249998104, 0.7843750006145140397, -0.5810628371015496008 ) ) ;
#4419 = CARTESIAN_POINT ( 'NONE',  ( -1.006430356249999436, 5.471875000614513596, 1.644310252063557226E-15 ) ) ;
#4420 = CARTESIAN_POINT ( 'NONE',  ( 1.006430356249998770, 6.296875000614513773, -0.5810628371015489346 ) ) ;
#4421 = CARTESIAN_POINT ( 'NONE',  ( 9.204127980810867663E-16, 2.546875000614513773, 1.162125674203096537 ) ) ;
#4422 = CARTESIAN_POINT ( 'NONE',  ( -0.5032151781250003841, 0.1093750006145139675, -0.8715942556523218476 ) ) ;
#4423 = CARTESIAN_POINT ( 'NONE',  ( 1.249999999999999334, 5.949999999999995737, 0.000000000000000000 ) ) ;
#4424 = ORIENTED_EDGE ( 'NONE', *, *, #4793, .T. ) ;
#4425 = DIRECTION ( 'NONE',  ( 0.000000000000000000, 0.000000000000000000, 1.000000000000000000 ) ) ;
#4426 = EDGE_CURVE ( 'NONE', #5423, #3923, #3922, .T. ) ;
#4427 = CARTESIAN_POINT ( 'NONE',  ( 2.729343036750216732E-11, 0.02812500184355227681, -1.006430356249999658 ) ) ;
#4428 = CARTESIAN_POINT ( 'NONE',  ( -1.249999999999999334, 3.531250001229030211, 2.596460695863248776E-15 ) ) ;
#4429 = CARTESIAN_POINT ( 'NONE',  ( 0.5032151781249990519, 9.934375000614513951, -0.8715942556523228468 ) ) ;
#4430 = CARTESIAN_POINT ( 'NONE',  ( -1.006430356249999436, 7.271875000614513418, 1.644310252063557226E-15 ) ) ;
#4431 = CARTESIAN_POINT ( 'NONE',  ( -0.6249999999999993339, 5.199999999999996625, -1.082531754730547968 ) ) ;
#4432 = CARTESIAN_POINT ( 'NONE',  ( 0.8411448618003205535, 10.00000000000000000, -0.8107184080326447218 ) ) ;
#4433 = EDGE_LOOP ( 'NONE', ( #4999, #1201, #898, #643 ) ) ;
#4434 = ORIENTED_EDGE ( 'NONE', *, *, #736, .T. ) ;
#4435 = CARTESIAN_POINT ( 'NONE',  ( 0.5032151781249990519, 9.034375000614511819, -0.8715942556523228468 ) ) ;
#4436 = CARTESIAN_POINT ( 'NONE',  ( 1.252801084755457373, 6.942132794191442358, -0.7233050435246219934 ) ) ;
#4437 = CARTESIAN_POINT ( 'NONE',  ( -0.6250000000000017764, 1.656250001229030877, -1.082531754730546636 ) ) ;
#4438 = CARTESIAN_POINT ( 'NONE',  ( 0.3349390009304989424, 7.448653661173199936, -1.249998550624735083 ) ) ;
#4439 = CARTESIAN_POINT ( 'NONE',  ( -0.3349364905389035640, 9.867403810567664024, 1.249999999999999112 ) ) ;
#4440 = CARTESIAN_POINT ( 'NONE',  ( 1.827526258964323273E-15, 0.1843750006145139231, 1.162125674203096093 ) ) ;
#4441 = CARTESIAN_POINT ( 'NONE',  ( 1.006430356249998770, 8.996875000614513951, -0.5810628371015489346 ) ) ;
#4442 = ORIENTED_EDGE ( 'NONE', *, *, #1279, .F. ) ;
#4443 = FACE_OUTER_BOUND ( 'NONE', #3104, .T. ) ;
#4444 = CARTESIAN_POINT ( 'NONE',  ( -1.006430356249999658, 2.884375000614513684, 8.587269508238524180E-16 ) ) ;
#4445 = CARTESIAN_POINT ( 'NONE',  ( 1.006430356249999880, 8.809375000614513951, 0.5810628371015469362 ) ) ;
#4446 = CARTESIAN_POINT ( 'NONE',  ( -0.6249999999999993339, 2.499999999999996447, -1.082531754730547968 ) ) ;
#4447 = CARTESIAN_POINT ( 'NONE',  ( -0.3349390593844777109, 4.788846344792099252, -1.249998516876316135 ) ) ;
#4448 = VECTOR ( 'NONE', #3632, 1000.000000000000000 ) ;
#4449 = VERTEX_POINT ( 'NONE', #5701 ) ;
#4450 = DIRECTION ( 'NONE',  ( 0.000000000000000000, 0.000000000000000000, -1.000000000000000000 ) ) ;
#4451 = CARTESIAN_POINT ( 'NONE',  ( 0.6264005423777272430, 2.479632794191443779, -1.084957565286930325 ) ) ;
#4452 = CARTESIAN_POINT ( 'NONE',  ( -0.5032151781250009392, 1.796875000614513773, -0.8715942556523212925 ) ) ;
#4453 = CARTESIAN_POINT ( 'NONE',  ( 1.006430356249999436, 7.046875000614513773, -1.767562423498186358E-15 ) ) ;
#4454 = CARTESIAN_POINT ( 'NONE',  ( 0.5032151781249990519, 6.334375000614513418, -0.8715942556523228468 ) ) ;
#4455 = CARTESIAN_POINT ( 'NONE',  ( 1.006430356249998770, 1.796875000614514439, -0.5810628371015489346 ) ) ;
#4456 = EDGE_CURVE ( 'NONE', #3040, #580, #3455, .T. ) ;
#4457 = CARTESIAN_POINT ( 'NONE',  ( 0.5826578956284862443, 0.02812500184355341826, -0.8206167428485023896 ) ) ;
#4458 = VECTOR ( 'NONE', #3079, 1000.000000000000000 ) ;
#4459 = ORIENTED_EDGE ( 'NONE', *, *, #5070, .T. ) ;
#4460 = LINE ( 'NONE', #2742, #5009 ) ;
#4461 = CARTESIAN_POINT ( 'NONE',  ( -1.249999999999998224, 4.918750001229031277, 0.7216878364870340512 ) ) ;
#4462 = CARTESIAN_POINT ( 'NONE',  ( 0.5032151781250004952, 6.971875000614513596, 0.8715942556523216256 ) ) ;
#4463 = EDGE_CURVE ( 'NONE', #4367, #4988, #5688, .T. ) ;
#4464 = DIRECTION ( 'NONE',  ( -0.000000000000000000, -1.000000000000000000, -0.000000000000000000 ) ) ;
#4465 = CARTESIAN_POINT ( 'NONE',  ( 1.249999999999997780, 6.943750001229029856, -0.7216878364870343843 ) ) ;
#4466 = EDGE_LOOP ( 'NONE', ( #4424, #2638, #5159, #4374 ) ) ;
#4467 = DIRECTION ( 'NONE',  ( 0.000000000000000000, 0.000000000000000000, -1.000000000000000000 ) ) ;
#4468 = CARTESIAN_POINT ( 'NONE',  ( 1.252801084755458927, 9.604632794191443779, -2.760834442142232968E-15 ) ) ;
#4469 = CARTESIAN_POINT ( 'NONE',  ( -0.3349234631112638638, 1.823654593442354921, 1.250007521388853071 ) ) ;
#4470 = CARTESIAN_POINT ( 'NONE',  ( -1.238990154049137926, 0.4047025423369672303, 0.1646005365079190874 ) ) ;
#4471 = CARTESIAN_POINT ( 'NONE',  ( 0.6250000000000012212, 5.931250001229030566, 1.082531754730547080 ) ) ;
#4472 = AXIS2_PLACEMENT_3D ( 'NONE', #1200, #2533, #3410 ) ;
#4473 = CARTESIAN_POINT ( 'NONE',  ( 0.5032151781249982747, -0.9781249993854859159, -0.8715942556523229579 ) ) ;
#4474 = CARTESIAN_POINT ( 'NONE',  ( -1.006430356249999658, 10.08437500061451075, 8.587269508238526152E-16 ) ) ;
#4475 = AXIS2_PLACEMENT_3D ( 'NONE', #3343, #5106, #2947 ) ;
#4476 = CARTESIAN_POINT ( 'NONE',  ( 1.006430356249999658, 4.421875000614512885, 0.5810628371015478244 ) ) ;
#4477 = CARTESIAN_POINT ( 'NONE',  ( 1.006430356249998104, 9.334375000614510753, -0.5810628371015496008 ) ) ;
#4478 = CARTESIAN_POINT ( 'NONE',  ( -1.249999999999999334, 2.537499999999996980, -0.7216878364870322748 ) ) ;
#4479 = CARTESIAN_POINT ( 'NONE',  ( -0.5710193786992880938, 0.3781739787777489981, 1.075487378160723484 ) ) ;
#4480 = ORIENTED_EDGE ( 'NONE', *, *, #4981, .T. ) ;
#4481 = CARTESIAN_POINT ( 'NONE',  ( -1.249999999999999334, 9.287499999999997868, -0.7216878364870322748 ) ) ;
#4482 = CARTESIAN_POINT ( 'NONE',  ( -0.6264005423777315729, 3.454632794191443423, -1.084957565286927883 ) ) ;
#4483 = CARTESIAN_POINT ( 'NONE',  ( 1.006430356249999436, 0.2968750006145138842, -1.767562423498186358E-15 ) ) ;
#4484 = CARTESIAN_POINT ( 'NONE',  ( -1.006430356249999436, 5.021875000614514306, 1.644310252063557226E-15 ) ) ;
#4485 = CARTESIAN_POINT ( 'NONE',  ( 9.204127980810863719E-16, 5.696875000614513240, 1.162125674203096537 ) ) ;
#4486 = CARTESIAN_POINT ( 'NONE',  ( -0.5032151781250003841, 4.159375000614513596, -0.8715942556523218476 ) ) ;
#4487 = DIRECTION ( 'NONE',  ( -0.6546536707079765316, 0.6546536707079755324, 0.3779644730092310279 ) ) ;
#4488 = CARTESIAN_POINT ( 'NONE',  ( -0.7236300453609182393, 0.4492249358574442741, 1.019244600387754218 ) ) ;
#4489 = CARTESIAN_POINT ( 'NONE',  ( 0.9999999999999993339, 11.40000000000000036, 0.5773502691896267303 ) ) ;
#4490 =( BOUNDED_CURVE ( )  B_SPLINE_CURVE ( 2, ( #3577, #4035, #5403, #45, #5344, #2793, #5372, #98, #2709 ),
 .UNSPECIFIED., .F., .T. ) 
 B_SPLINE_CURVE_WITH_KNOTS ( ( 3, 2, 2, 2, 3 ),
 ( 0.7531615284205748218, 0.7563394251551678327, 0.7626952186438665793, 0.7690510121325655479, 0.7722287860537669912 ),
 .UNSPECIFIED. ) 
 CURVE ( )  GEOMETRIC_REPRESENTATION_ITEM ( )  RATIONAL_B_SPLINE_CURVE ( ( 0.9330127018922192983, 0.9330127020978775665, 1.000000000000000000, 0.8660254037844387076, 1.000000000000000000, 0.8660254037844387076, 1.000000000000000000, 0.9330152908973035064, 0.9330127019922822562 ) ) 
 REPRESENTATION_ITEM ( '' )  );
#4491 = CARTESIAN_POINT ( 'NONE',  ( 1.249999999999998002, 5.143750001229030033, -0.7216878364870344953 ) ) ;
#4492 = CARTESIAN_POINT ( 'NONE',  ( 1.006430356249999880, 7.909375000614513596, 0.5810628371015469362 ) ) ;
#4493 = CARTESIAN_POINT ( 'NONE',  ( -0.3349364905389030089, 7.432596189432329581, -1.249999999999999334 ) ) ;
#4494 = ORIENTED_EDGE ( 'NONE', *, *, #4296, .F. ) ;
#4495 = DIRECTION ( 'NONE',  ( 0.000000000000000000, 0.000000000000000000, 1.000000000000000000 ) ) ;
#4496 = EDGE_CURVE ( 'NONE', #117, #2507, #4730, .T. ) ;
#4497 = CARTESIAN_POINT ( 'NONE',  ( 1.249999999999999334, -1.193749998770968768, -2.749541545756668106E-15 ) ) ;
#4498 = CARTESIAN_POINT ( 'NONE',  ( 0.5032151781250004952, 1.121875000614513951, 0.8715942556523216256 ) ) ;
#4499 = CARTESIAN_POINT ( 'NONE',  ( -0.6249999999999978906, 3.606250001229030833, 1.082531754730548856 ) ) ;
#4500 = CARTESIAN_POINT ( 'NONE',  ( -0.5032151781250003841, 8.209375000614512530, -0.8715942556523218476 ) ) ;
#4501 = CARTESIAN_POINT ( 'NONE',  ( 1.006430356249999658, 4.871875000614513063, 0.5810628371015478244 ) ) ;
#4502 = EDGE_CURVE ( 'NONE', #4666, #3648, #1537, .T. ) ;
#4503 = CARTESIAN_POINT ( 'NONE',  ( 1.827526258964323273E-15, 9.184375000614512174, 1.162125674203096093 ) ) ;
#4504 = CARTESIAN_POINT ( 'NONE',  ( -0.6249999999999993339, 3.399999999999996803, -1.082531754730547968 ) ) ;
#4505 = CARTESIAN_POINT ( 'NONE',  ( -0.3348908860755719363, 4.973656548064496086, 1.250026329749179155 ) ) ;
#4506 = ORIENTED_EDGE ( 'NONE', *, *, #1882, .T. ) ;
#4507 = VERTEX_POINT ( 'NONE', #3466 ) ;
#4508 = CARTESIAN_POINT ( 'NONE',  ( -2.651438096812265438E-16, 8.987499999999995381, 1.443375672974063439 ) ) ;
#4509 = CARTESIAN_POINT ( 'NONE',  ( -2.168404344971008868E-16, 12.06428571428571850, 0.8247860988423226791 ) ) ;
#4510 = CARTESIAN_POINT ( 'NONE',  ( -1.252801084755457817, 2.217132794191443601, 0.7233050435246216603 ) ) ;
#4511 = CARTESIAN_POINT ( 'NONE',  ( 1.827526258964323273E-15, 1.984375000614513551, 1.162125674203096093 ) ) ;
#4512 = CARTESIAN_POINT ( 'NONE',  ( 1.006430356249998326, 5.734375000614513773, -0.5810628371015497118 ) ) ;
#4513 = CARTESIAN_POINT ( 'NONE',  ( 1.006430356249999658, 8.059375000614512174, -9.819791222584817478E-16 ) ) ;
#4514 = CARTESIAN_POINT ( 'NONE',  ( -1.249999999999999334, 8.874999999999998224, -1.530808498934190831E-16 ) ) ;
#4515 = LINE ( 'NONE', #4059, #3839 ) ;
#4516 = CARTESIAN_POINT ( 'NONE',  ( 0.000000000000000000, 10.00000000000000000, -1.249999999999999334 ) ) ;
#4517 = CARTESIAN_POINT ( 'NONE',  ( 1.249999999999998002, 4.693750001229030744, -0.7216878364870344953 ) ) ;
#4518 = CARTESIAN_POINT ( 'NONE',  ( 0.5032151781250004952, 8.771875000614512530, 0.8715942556523216256 ) ) ;
#4519 = CARTESIAN_POINT ( 'NONE',  ( 0.6249999999999997780, 2.874999999999996891, -1.082531754730547746 ) ) ;
#4520 =( BOUNDED_SURFACE ( )  B_SPLINE_SURFACE ( 1, 2, ( 
 ( #5042, #5071, #1130, #5131, #1158, #1099, #2465, #1073, #4597, #2941, #4172, #4689, #596, #5010, #1564, #714, #3336, #1482, #2493, #5098, #4260, #277, #3250, #4767, #1186, #3042, #411, #5214, #4744, #329, #4360, #4312, #304, #854, #1735, #2966, #2522, #5686, #2547, #2197, #3881, #5605, #1625, #3508, #5272, #1709, #1654, #1294, #1264, #4795, #385, #795, #5186, #2083, #3398, #355, #4336, #4717, #742, #5160, #4826, #1216, #2631, #3453, #823, #774, #2166, #4288, #5629, #3858, #2601, #1240, #2573, #3425, #4389, #2134, #2993, #2106, #3909, #3071, #5657, #1679, #3020, #3478, #5243, #3936, #5714, #5425, #508, #4535, #3656, #4510, #3168, #5306, #1422, #562, #3598, #3139, #4451, #2762, #2699, #4417, #4975, #92, #1324, #882, #4053, #918, #3961, #2260, #5744, #1762, #1877, #1451, #65, #11, #3220, #5395, #3197, #537, #4921, #3568, #443, #3536, #4482, #2734, #3106, #4858, #2661, #1009, #5337, #2788, #1824, #4950, #4891, #2314, #2225, #3993, #1795, #984, #5363, #954, #1360, #478, #2286, #4028, #38, #1850, #1395, #3627, #4080, #1039, #4138, #3796, #3678, #5448, #5569, #4619, #2937, #2021, #2815, #679, #3766, #5542, #2461, #4198, #4653, #5514, #4685, #5065, #1093, #2343, #1589, #647, #1532, #1477, #2430, #4109, #2843, #2397, #183, #2907, #4225, #3364, #1155, #242, #3737, #122, #215, #5127, #1904, #3244, #1992, #5002, #4564, #3333, #588, #2369, #4591, #1559, #151, #1123, #1068, #5094, #1931, #3707, #5480, #1504, #3276, #5036, #618, #4165, #1961, #2870, #3305, #2214, #5155, #4436, #5704, #2185, #3523, #1182, #1811, #5289, #2961, #5600, #1314, #4013, #3156, #1619, #4709, #2515, #2247, #2048, #3824, #27, #3091, #1377, #461, #735, #4876, #3977, #5761, #901, #2648, #3124, #3952, #709, #4845, #870, #2488, #3584, #4406, #5734, #3392, #430, #4254, #1284, #842, #4377, #1343, #2682, #5352, #270, #4283, #1751, #374, #1782, #2154, #3926, #1724, #3555, #3497, #5262, #5323, #3059, #4812, #2619, #401, #1490, #3691, #3644, #4124, #1408, #3182, #5466, #52, #2385, #4468, #2718, #4938, #1054, #3668, #5499, #576, #3614, #2829, #4069, #3258, #4096, #493, #2359, #1518, #4522, #77, #5413, #5021, #1436, #5380, #167, #4578, #2274, #1838, #4991, #1864, #4908, #3211, #936, #4043 ),
 ( #4497, #970, #2749, #5437, #1465, #524, #2301, #4964, #4151, #997, #1945, #2778, #137, #550, #605, #2328, #106, #1892, #1918, #3234, #1023, #3725, #2801, #4553, #3780, #2950, #5615, #2068, #2006, #2503, #5528, #1546, #3842, #4182, #755, #2857, #1082, #3321, #5172, #2036, #3869, #4698, #1976, #1198, #2444, #1637, #2474, #4607, #723, #5640, #2922, #4211, #5555, #3408, #1575, #3752, #4300, #2975, #633, #200, #3380, #228, #3291, #3348, #5051, #2411, #4727, #2531, #5143, #5079, #315, #4270, #289, #2093, #4239, #2887, #1109, #4634, #3810, #5587, #663, #5110, #1139, #4669, #696, #257, #1605, #1168, #806, #3971, #3004, #1692, #341, #4838, #3052, #4370, #2115, #2674, #394, #3891, #784, #2178, #4869, #4005, #2557, #5667, #3464, #3117, #4754, #4321, #892, #3947, #2237, #1336, #5228, #5754, #3082, #865, #1772, #3519, #3547, #4806, #1665, #5728, #1745, #3434, #4428, #5282, #835, #1251, #1306, #5197, #2146, #1719, #5255, #2209, #5317, #452, #1227, #3031, #2612, #4779, #2641, #2584, #4345, #367, #4399, #3920, #5699, #3491, #423, #1276, #1403, #3150, #3636, #930, #1016, #4517, #1910, #4903, #2711, #2352, #4038, #4461, #964, #2320, #2743, #487, #3685, #4491, #5431, #1833, #3226, #991, #1370, #4116, #1858, #2271, #5455, #47, #128, #3579, #4544, #543, #3205, #4062, #5374, #517, #99, #1459, #1483, #569, #3608, #4982, #3251, #3177, #4089, #5345, #5011, #1045, #2294, #2794, #2822, #3662, #4571, #597, #1429, #2376, #4931, #72, #5404, #4957, #2773, #1885, #20, #1804, #1131, #1159, #1997, #248, #2436, #3772, #2877, #1627, #4690, #743, #2494, #3400, #4625, #5546, #1565, #3713, #3369, #2942, #4230, #1510, #3743, #3337, #5099, #1938, #5575, #5606, #715, #2912, #4262, #655, #1595, #278, #4144, #1540, #3282, #5161, #4598, #2027, #4203, #625, #1100, #4659, #2057, #3312, #5489, #2404, #157, #1187, #5132, #220, #4173, #3832, #2967, #685, #4718, #190, #2466, #5043, #5072, #1074, #3801, #2850, #1967, #5520, #2135, #1680, #3021, #1295, #1241, #2995, #3537, #4390, #5631, #5187, #2602, #5216, #3107, #796, #4859, #2523, #413, #2198, #4361, #4313, #3962, #3938, #5715, #3072, #3479, #2107, #4745, #4289, #3043, #1265, #1655, #3426, #305, #1763, #3882, #5307, #356, #1736, #3454 ),
 ( #4796, #775, #1217, #5244, #5745, #2084, #2548, #330, #5658, #1325, #3859, #4768, #2574, #824, #4337, #3910, #5687, #855, #3509, #5273, #2632, #386, #4827, #1711, #2167, #3629, #5396, #883, #123, #3198, #66, #2226, #4951, #2664, #1396, #955, #4483, #1452, #3221, #4110, #5449, #2789, #2287, #3245, #2763, #3679, #1478, #4976, #985, #4418, #444, #1878, #1010, #5338, #3169, #538, #4536, #5426, #5364, #93, #3140, #4893, #563, #1796, #1905, #3994, #12, #919, #2344, #1424, #3569, #2315, #1361, #2700, #39, #4054, #4452, #479, #2735, #2261, #1851, #4511, #509, #4922, #4029, #4081, #3657, #1825, #3599, #3306, #4620, #3738, #2489, #5570, #1620, #3365, #4256, #5515, #648, #2431, #4565, #4226, #3797, #5095, #2370, #4592, #4199, #216, #2816, #680, #710, #2022, #1993, #5128, #1533, #2462, #1590, #5003, #2398, #4139, #271, #5481, #2908, #5066, #1505, #1962, #3767, #2938, #4166, #589, #3277, #1040, #2049, #243, #1094, #5037, #1156, #3825, #2871, #4686, #1069, #5543, #5601, #184, #152, #1932, #3708, #1560, #3334, #619, #2844, #1124, #4654, #4356, #2129, #5268, #2516, #4284, #5711, #1650, #300, #4308, #5682, #326, #2078, #1290, #2103, #3038, #5182, #819, #4333, #4710, #1732, #5211, #737, #3066, #3853, #3504, #1183, #2162, #3904, #792, #1673, #2988, #3878, #3474, #4791, #4820, #3933, #3421, #2596, #850, #5625, #1704, #2962, #2626, #4383, #5654, #380, #407, #1261, #2192, #3957, #1209, #5240, #3393, #3447, #1237, #3016, #5740, #5156, #4740, #768, #2544, #4764, #2570, #353, #4529, #2336, #2308, #1844, #4102, #5300, #2756, #84, #438, #2254, #1414, #4074, #532, #471, #977, #3985, #4, #1871, #2655, #4970, #1320, #3100, #1789, #3651, #502, #1758, #3187, #2220, #5420, #910, #1445, #946, #4852, #4943, #3529, #1388, #2692, #4021, #3216, #34, #3562, #2784, #1003, #876, #4412, #3621, #4445, #5332, #1819, #1352, #3131, #557, #4884, #5388, #3592, #5359, #4503, #3162, #4915, #2726, #4477, #2280, #4049, #59, #4613, #4996, #3239, #704, #5120, #5474, #1149, #3732, #1553, #5029, #2452, #1472, #144, #4560, #3327, #1524, #2864, #582, #2931, #640, #2364, #1030, #2420, #3357, #2482, #2809, #4131, #1924, #1581, #3699, #1496, #4679, #4191, #114, #5562, #3268, #4218, #5086 ) ),
 .UNSPECIFIED., .F., .F., .F. ) 
 B_SPLINE_SURFACE_WITH_KNOTS ( ( 2, 1, 2 ),
 ( 3, 2, 2, 2, 2, 2, 2, 2, 2, 2, 2, 2, 2, 2, 2, 2, 2, 2, 2, 2, 2, 2, 2, 2, 2, 2, 2, 2, 2, 2, 2, 2, 2, 2, 2, 2, 2, 2, 2, 2, 2, 2, 2, 2, 2, 2, 2, 2, 2, 2, 2, 2, 2, 2, 2, 2, 2, 2, 2, 2, 2, 2, 2, 2, 2, 2, 2, 2, 2, 2, 2, 2, 2, 2, 2, 2, 2, 2, 2, 2, 2, 2, 2, 2, 2, 2, 2, 2, 2, 2, 2, 2, 2, 2, 2, 2, 2, 2, 2, 2, 2, 2, 2, 2, 2, 2, 2, 2, 2, 2, 2, 2, 2, 2, 2, 2, 2, 2, 2, 2, 2, 2, 2, 2, 2, 2, 2, 2, 2, 2, 2, 2, 2, 2, 2, 2, 2, 2, 2, 2, 2, 2, 2, 2, 2, 2, 2, 2, 2, 2, 2, 2, 2, 2, 2, 2, 2, 2, 2, 3 ),
 ( -0.01150013898420986121, 0.000000000000000000, 1.000000000000000000 ),
 ( 0.000000000000000000, 0.006172839506172839164, 0.01234567901234567833, 0.01851851851851851749, 0.02469135802469135665, 0.03086419753086419582, 0.03703703703703703498, 0.04320987654320987414, 0.04938271604938271331, 0.05555555555555555247, 0.06172839506172839164, 0.06790123456790123080, 0.07407407407407406996, 0.08024691358024690913, 0.08641975308641974829, 0.09259259259259258745, 0.09876543209876542662, 0.1049382716049382658, 0.1111111111111111049, 0.1172839506172839441, 0.1234567901234567833, 0.1296296296296296224, 0.1358024691358024616, 0.1419753086419753008, 0.1481481481481481399, 0.1543209876543209791, 0.1604938271604938183, 0.1666666666666666574, 0.1728395061728394966, 0.1790123456790123357, 0.1851851851851851749, 0.1913580246913580141, 0.1975308641975308532, 0.2037037037037036924, 0.2098765432098765316, 0.2160493827160493707, 0.2222222222222222099, 0.2283950617283950490, 0.2345679012345678882, 0.2407407407407407274, 0.2469135802469135665, 0.2530864197530864335, 0.2592592592592592449, 0.2654320987654321118, 0.2716049382716049232, 0.2777777777777777901, 0.2839506172839506015, 0.2901234567901234684, 0.2962962962962962798, 0.3024691358024691468, 0.3086419753086419582, 0.3148148148148148251, 0.3209876543209876365, 0.3271604938271605034, 0.3333333333333333148, 0.3395061728395061817, 0.3456790123456789932, 0.3518518518518518601, 0.3580246913580246715, 0.3641975308641975384, 0.3703703703703703498, 0.3765432098765432167, 0.3827160493827160281, 0.3888888888888888951, 0.3950617283950617065, 0.4012345679012345734, 0.4074074074074073848, 0.4135802469135802517, 0.4197530864197530631, 0.4259259259259259300, 0.4320987654320987414, 0.4382716049382716084, 0.4444444444444444198, 0.4506172839506172867, 0.4567901234567900981, 0.4629629629629629650, 0.4691358024691357764, 0.4753086419753086433, 0.4814814814814814548, 0.4876543209876543217, 0.4938271604938271331, 0.5000000000000000000, 0.5061728395061728669, 0.5123456790123457338, 0.5185185185185184897, 0.5246913580246913567, 0.5308641975308642236, 0.5370370370370370905, 0.5432098765432098464, 0.5493827160493827133, 0.5555555555555555802, 0.5617283950617284471, 0.5679012345679012030, 0.5740740740740740700, 0.5802469135802469369, 0.5864197530864198038, 0.5925925925925925597, 0.5987654320987654266, 0.6049382716049382935, 0.6111111111111111605, 0.6172839506172839164, 0.6234567901234567833, 0.6296296296296296502, 0.6358024691358025171, 0.6419753086419752730, 0.6481481481481481399, 0.6543209876543210068, 0.6604938271604938738, 0.6666666666666666297, 0.6728395061728394966, 0.6790123456790123635, 0.6851851851851852304, 0.6913580246913579863, 0.6975308641975308532, 0.7037037037037037202, 0.7098765432098765871, 0.7160493827160493430, 0.7222222222222222099, 0.7283950617283950768, 0.7345679012345679437, 0.7407407407407406996, 0.7469135802469135665, 0.7530864197530864335, 0.7592592592592593004, 0.7654320987654320563, 0.7716049382716049232, 0.7777777777777777901, 0.7839506172839506570, 0.7901234567901234129, 0.7962962962962962798, 0.8024691358024691468, 0.8086419753086420137, 0.8148148148148147696, 0.8209876543209876365, 0.8271604938271605034, 0.8333333333333333703, 0.8395061728395061262, 0.8456790123456789932, 0.8518518518518518601, 0.8580246913580247270, 0.8641975308641974829, 0.8703703703703703498, 0.8765432098765432167, 0.8827160493827160836, 0.8888888888888888395, 0.8950617283950617065, 0.9012345679012345734, 0.9074074074074074403, 0.9135802469135801962, 0.9197530864197530631, 0.9259259259259259300, 0.9320987654320987970, 0.9382716049382715529, 0.9444444444444444198, 0.9506172839506172867, 0.9567901234567901536, 0.9629629629629629095, 0.9691358024691357764, 0.9712145761830929258, 0.9809267219449238073 ),
 .UNSPECIFIED. ) 
 GEOMETRIC_REPRESENTATION_ITEM ( )  RATIONAL_B_SPLINE_SURFACE ( (
 ( 1.000000000000000000, 0.8660254037844387076, 1.000000000000000000, 0.8660254037844387076, 1.000000000000000000, 0.8660254037844387076, 1.000000000000000000, 0.8660254037844387076, 1.000000000000000000, 0.8660254037844387076, 1.000000000000000000, 0.8660254037844387076, 1.000000000000000000, 0.8660254037844387076, 1.000000000000000000, 0.8660254037844387076, 1.000000000000000000, 0.8660254037844387076, 1.000000000000000000, 0.8660254037844387076, 1.000000000000000000, 0.8660254037844387076, 1.000000000000000000, 0.8660254037844387076, 1.000000000000000000, 0.8660254037844387076, 1.000000000000000000, 0.8660254037844387076, 1.000000000000000000, 0.8660254037844387076, 1.000000000000000000, 0.8660254037844387076, 1.000000000000000000, 0.8660254037844387076, 1.000000000000000000, 0.8660254037844387076, 1.000000000000000000, 0.8660254037844387076, 1.000000000000000000, 0.8660254037844387076, 1.000000000000000000, 0.8660254037844387076, 1.000000000000000000, 0.8660254037844387076, 1.000000000000000000, 0.8660254037844387076, 1.000000000000000000, 0.8660254037844387076, 1.000000000000000000, 0.8660254037844387076, 1.000000000000000000, 0.8660254037844387076, 1.000000000000000000, 0.8660254037844387076, 1.000000000000000000, 0.8660254037844387076, 1.000000000000000000, 0.8660254037844387076, 1.000000000000000000, 0.8660254037844387076, 1.000000000000000000, 0.8660254037844387076, 1.000000000000000000, 0.8660254037844387076, 1.000000000000000000, 0.8660254037844387076, 1.000000000000000000, 0.8660254037844387076, 1.000000000000000000, 0.8660254037844387076, 1.000000000000000000, 0.8660254037844387076, 1.000000000000000000, 0.8660254037844387076, 1.000000000000000000, 0.8660254037844387076, 1.000000000000000000, 0.8660254037844387076, 1.000000000000000000, 0.8660254037844387076, 1.000000000000000000, 0.8660254037844387076, 1.000000000000000000, 0.8660254037844387076, 1.000000000000000000, 0.8660254037844387076, 1.000000000000000000, 0.8660254037844387076, 1.000000000000000000, 0.8660254037844387076, 1.000000000000000000, 0.8660254037844387076, 1.000000000000000000, 0.8660254037844387076, 1.000000000000000000, 0.8660254037844387076, 1.000000000000000000, 0.8660254037844387076, 1.000000000000000000, 0.8660254037844387076, 1.000000000000000000, 0.8660254037844387076, 1.000000000000000000, 0.8660254037844387076, 1.000000000000000000, 0.8660254037844387076, 1.000000000000000000, 0.8660254037844387076, 1.000000000000000000, 0.8660254037844387076, 1.000000000000000000, 0.8660254037844387076, 1.000000000000000000, 0.8660254037844387076, 1.000000000000000000, 0.8660254037844387076, 1.000000000000000000, 0.8660254037844387076, 1.000000000000000000, 0.8660254037844387076, 1.000000000000000000, 0.8660254037844387076, 1.000000000000000000, 0.8660254037844387076, 1.000000000000000000, 0.8660254037844387076, 1.000000000000000000, 0.8660254037844387076, 1.000000000000000000, 0.8660254037844387076, 1.000000000000000000, 0.8660254037844387076, 1.000000000000000000, 0.8660254037844387076, 1.000000000000000000, 0.8660254037844387076, 1.000000000000000000, 0.8660254037844387076, 1.000000000000000000, 0.8660254037844387076, 1.000000000000000000, 0.8660254037844387076, 1.000000000000000000, 0.8660254037844387076, 1.000000000000000000, 0.8660254037844387076, 1.000000000000000000, 0.8660254037844387076, 1.000000000000000000, 0.8660254037844387076, 1.000000000000000000, 0.8660254037844387076, 1.000000000000000000, 0.8660254037844387076, 1.000000000000000000, 0.8660254037844387076, 1.000000000000000000, 0.8660254037844387076, 1.000000000000000000, 0.8660254037844387076, 1.000000000000000000, 0.8660254037844387076, 1.000000000000000000, 0.8660254037844387076, 1.000000000000000000, 0.8660254037844387076, 1.000000000000000000, 0.8660254037844387076, 1.000000000000000000, 0.8660254037844387076, 1.000000000000000000, 0.8660254037844387076, 1.000000000000000000, 0.8660254037844387076, 1.000000000000000000, 0.8660254037844387076, 1.000000000000000000, 0.8660254037844387076, 1.000000000000000000, 0.8660254037844387076, 1.000000000000000000, 0.8660254037844387076, 1.000000000000000000, 0.8660254037844387076, 1.000000000000000000, 0.8660254037844387076, 1.000000000000000000, 0.8660254037844387076, 1.000000000000000000, 0.8660254037844387076, 1.000000000000000000, 0.8660254037844387076, 1.000000000000000000, 0.8660254037844387076, 1.000000000000000000, 0.8660254037844387076, 1.000000000000000000, 0.8660254037844387076, 1.000000000000000000, 0.8660254037844387076, 1.000000000000000000, 0.8660254037844387076, 1.000000000000000000, 0.8660254037844387076, 1.000000000000000000, 0.8660254037844387076, 1.000000000000000000, 0.8660254037844387076, 1.000000000000000000, 0.8660254037844387076, 1.000000000000000000, 0.8660254037844387076, 1.000000000000000000, 0.8660254037844387076, 1.000000000000000000, 0.8660254037844387076, 1.000000000000000000, 0.8660254037844387076, 1.000000000000000000, 0.8660254037844387076, 1.000000000000000000, 0.8660254037844387076, 1.000000000000000000, 0.8660254037844387076, 1.000000000000000000, 0.8660254037844387076, 1.000000000000000000, 0.8660254037844387076, 1.000000000000000000, 0.8660254037844387076, 1.000000000000000000, 0.8660254037844387076, 1.000000000000000000, 0.8660254037844387076, 1.000000000000000000, 0.8660254037844387076, 1.000000000000000000, 0.8660254037844387076, 1.000000000000000000, 0.8660254037844387076, 1.000000000000000000, 0.8660254037844387076, 1.000000000000000000, 0.8660254037844387076, 1.000000000000000000, 0.8660254037844387076, 1.000000000000000000, 0.8660254037844387076, 1.000000000000000000, 0.8660254037844387076, 1.000000000000000000, 0.8660254037844387076, 1.000000000000000000, 0.8660254037844387076, 1.000000000000000000, 0.8660254037844387076, 1.000000000000000000, 0.8660254037844387076, 1.000000000000000000, 0.8660254037844387076, 1.000000000000000000, 0.8660254037844387076, 1.000000000000000000, 0.8660254037844387076, 1.000000000000000000, 0.8660254037844387076, 1.000000000000000000, 0.8660254037844387076, 1.000000000000000000, 0.8660254037844387076, 1.000000000000000000, 0.8660254037844387076, 1.000000000000000000, 0.8660254037844387076, 1.000000000000000000, 0.8660254037844387076, 1.000000000000000000, 0.8660254037844387076, 1.000000000000000000, 0.8660254037844387076, 1.000000000000000000, 0.8660254037844387076, 1.000000000000000000, 0.8660254037844387076, 1.000000000000000000, 0.8660254037844387076, 1.000000000000000000, 0.8660254037844387076, 1.000000000000000000, 0.8660254037844387076, 1.000000000000000000, 0.8660254037844387076, 1.000000000000000000, 0.8660254037844387076, 1.000000000000000000, 0.8660254037844387076, 1.000000000000000000, 0.8660254037844387076, 1.000000000000000000, 0.8660254037844387076, 1.000000000000000000, 0.8660254037844387076, 1.000000000000000000, 0.8660254037844387076, 1.000000000000000000, 0.8660254037844387076, 1.000000000000000000, 0.8660254037844387076, 1.000000000000000000, 0.8660254037844387076, 1.000000000000000000, 0.8660254037844387076, 1.000000000000000000, 0.8660254037844387076, 1.000000000000000000, 0.9548825352299492586, 0.9401527063965140485, 0.9401527063965140485, 0.9401527063965140485),
 ( 1.000000000000000000, 0.8660254037844387076, 1.000000000000000000, 0.8660254037844387076, 1.000000000000000000, 0.8660254037844387076, 1.000000000000000000, 0.8660254037844387076, 1.000000000000000000, 0.8660254037844387076, 1.000000000000000000, 0.8660254037844387076, 1.000000000000000000, 0.8660254037844387076, 1.000000000000000000, 0.8660254037844387076, 1.000000000000000000, 0.8660254037844387076, 1.000000000000000000, 0.8660254037844387076, 1.000000000000000000, 0.8660254037844387076, 1.000000000000000000, 0.8660254037844387076, 1.000000000000000000, 0.8660254037844387076, 1.000000000000000000, 0.8660254037844387076, 1.000000000000000000, 0.8660254037844387076, 1.000000000000000000, 0.8660254037844387076, 1.000000000000000000, 0.8660254037844387076, 1.000000000000000000, 0.8660254037844387076, 1.000000000000000000, 0.8660254037844387076, 1.000000000000000000, 0.8660254037844387076, 1.000000000000000000, 0.8660254037844387076, 1.000000000000000000, 0.8660254037844387076, 1.000000000000000000, 0.8660254037844387076, 1.000000000000000000, 0.8660254037844387076, 1.000000000000000000, 0.8660254037844387076, 1.000000000000000000, 0.8660254037844387076, 1.000000000000000000, 0.8660254037844387076, 1.000000000000000000, 0.8660254037844387076, 1.000000000000000000, 0.8660254037844387076, 1.000000000000000000, 0.8660254037844387076, 1.000000000000000000, 0.8660254037844387076, 1.000000000000000000, 0.8660254037844387076, 1.000000000000000000, 0.8660254037844387076, 1.000000000000000000, 0.8660254037844387076, 1.000000000000000000, 0.8660254037844387076, 1.000000000000000000, 0.8660254037844387076, 1.000000000000000000, 0.8660254037844387076, 1.000000000000000000, 0.8660254037844387076, 1.000000000000000000, 0.8660254037844387076, 1.000000000000000000, 0.8660254037844387076, 1.000000000000000000, 0.8660254037844387076, 1.000000000000000000, 0.8660254037844387076, 1.000000000000000000, 0.8660254037844387076, 1.000000000000000000, 0.8660254037844387076, 1.000000000000000000, 0.8660254037844387076, 1.000000000000000000, 0.8660254037844387076, 1.000000000000000000, 0.8660254037844387076, 1.000000000000000000, 0.8660254037844387076, 1.000000000000000000, 0.8660254037844387076, 1.000000000000000000, 0.8660254037844387076, 1.000000000000000000, 0.8660254037844387076, 1.000000000000000000, 0.8660254037844387076, 1.000000000000000000, 0.8660254037844387076, 1.000000000000000000, 0.8660254037844387076, 1.000000000000000000, 0.8660254037844387076, 1.000000000000000000, 0.8660254037844387076, 1.000000000000000000, 0.8660254037844387076, 1.000000000000000000, 0.8660254037844387076, 1.000000000000000000, 0.8660254037844387076, 1.000000000000000000, 0.8660254037844387076, 1.000000000000000000, 0.8660254037844387076, 1.000000000000000000, 0.8660254037844387076, 1.000000000000000000, 0.8660254037844387076, 1.000000000000000000, 0.8660254037844387076, 1.000000000000000000, 0.8660254037844387076, 1.000000000000000000, 0.8660254037844387076, 1.000000000000000000, 0.8660254037844387076, 1.000000000000000000, 0.8660254037844387076, 1.000000000000000000, 0.8660254037844387076, 1.000000000000000000, 0.8660254037844387076, 1.000000000000000000, 0.8660254037844387076, 1.000000000000000000, 0.8660254037844387076, 1.000000000000000000, 0.8660254037844387076, 1.000000000000000000, 0.8660254037844387076, 1.000000000000000000, 0.8660254037844387076, 1.000000000000000000, 0.8660254037844387076, 1.000000000000000000, 0.8660254037844387076, 1.000000000000000000, 0.8660254037844387076, 1.000000000000000000, 0.8660254037844387076, 1.000000000000000000, 0.8660254037844387076, 1.000000000000000000, 0.8660254037844387076, 1.000000000000000000, 0.8660254037844387076, 1.000000000000000000, 0.8660254037844387076, 1.000000000000000000, 0.8660254037844387076, 1.000000000000000000, 0.8660254037844387076, 1.000000000000000000, 0.8660254037844387076, 1.000000000000000000, 0.8660254037844387076, 1.000000000000000000, 0.8660254037844387076, 1.000000000000000000, 0.8660254037844387076, 1.000000000000000000, 0.8660254037844387076, 1.000000000000000000, 0.8660254037844387076, 1.000000000000000000, 0.8660254037844387076, 1.000000000000000000, 0.8660254037844387076, 1.000000000000000000, 0.8660254037844387076, 1.000000000000000000, 0.8660254037844387076, 1.000000000000000000, 0.8660254037844387076, 1.000000000000000000, 0.8660254037844387076, 1.000000000000000000, 0.8660254037844387076, 1.000000000000000000, 0.8660254037844387076, 1.000000000000000000, 0.8660254037844387076, 1.000000000000000000, 0.8660254037844387076, 1.000000000000000000, 0.8660254037844387076, 1.000000000000000000, 0.8660254037844387076, 1.000000000000000000, 0.8660254037844387076, 1.000000000000000000, 0.8660254037844387076, 1.000000000000000000, 0.8660254037844387076, 1.000000000000000000, 0.8660254037844387076, 1.000000000000000000, 0.8660254037844387076, 1.000000000000000000, 0.8660254037844387076, 1.000000000000000000, 0.8660254037844387076, 1.000000000000000000, 0.8660254037844387076, 1.000000000000000000, 0.8660254037844387076, 1.000000000000000000, 0.8660254037844387076, 1.000000000000000000, 0.8660254037844387076, 1.000000000000000000, 0.8660254037844387076, 1.000000000000000000, 0.8660254037844387076, 1.000000000000000000, 0.8660254037844387076, 1.000000000000000000, 0.8660254037844387076, 1.000000000000000000, 0.8660254037844387076, 1.000000000000000000, 0.8660254037844387076, 1.000000000000000000, 0.8660254037844387076, 1.000000000000000000, 0.8660254037844387076, 1.000000000000000000, 0.8660254037844387076, 1.000000000000000000, 0.8660254037844387076, 1.000000000000000000, 0.8660254037844387076, 1.000000000000000000, 0.8660254037844387076, 1.000000000000000000, 0.8660254037844387076, 1.000000000000000000, 0.8660254037844387076, 1.000000000000000000, 0.8660254037844387076, 1.000000000000000000, 0.8660254037844387076, 1.000000000000000000, 0.8660254037844387076, 1.000000000000000000, 0.8660254037844387076, 1.000000000000000000, 0.8660254037844387076, 1.000000000000000000, 0.8660254037844387076, 1.000000000000000000, 0.8660254037844387076, 1.000000000000000000, 0.8660254037844387076, 1.000000000000000000, 0.8660254037844387076, 1.000000000000000000, 0.8660254037844387076, 1.000000000000000000, 0.8660254037844387076, 1.000000000000000000, 0.8660254037844387076, 1.000000000000000000, 0.8660254037844387076, 1.000000000000000000, 0.8660254037844387076, 1.000000000000000000, 0.8660254037844387076, 1.000000000000000000, 0.8660254037844387076, 1.000000000000000000, 0.8660254037844387076, 1.000000000000000000, 0.8660254037844387076, 1.000000000000000000, 0.8660254037844387076, 1.000000000000000000, 0.8660254037844387076, 1.000000000000000000, 0.8660254037844387076, 1.000000000000000000, 0.8660254037844387076, 1.000000000000000000, 0.8660254037844387076, 1.000000000000000000, 0.8660254037844387076, 1.000000000000000000, 0.8660254037844387076, 1.000000000000000000, 0.8660254037844387076, 1.000000000000000000, 0.8660254037844387076, 1.000000000000000000, 0.8660254037844387076, 1.000000000000000000, 0.8660254037844387076, 1.000000000000000000, 0.9548825352299492586, 0.9401527063965140485, 0.9401527063965140485, 0.9401527063965140485),
 ( 1.000000000000000000, 0.8660254037844387076, 1.000000000000000000, 0.8660254037844387076, 1.000000000000000000, 0.8660254037844387076, 1.000000000000000000, 0.8660254037844387076, 1.000000000000000000, 0.8660254037844387076, 1.000000000000000000, 0.8660254037844387076, 1.000000000000000000, 0.8660254037844387076, 1.000000000000000000, 0.8660254037844387076, 1.000000000000000000, 0.8660254037844387076, 1.000000000000000000, 0.8660254037844387076, 1.000000000000000000, 0.8660254037844387076, 1.000000000000000000, 0.8660254037844387076, 1.000000000000000000, 0.8660254037844387076, 1.000000000000000000, 0.8660254037844387076, 1.000000000000000000, 0.8660254037844387076, 1.000000000000000000, 0.8660254037844387076, 1.000000000000000000, 0.8660254037844387076, 1.000000000000000000, 0.8660254037844387076, 1.000000000000000000, 0.8660254037844387076, 1.000000000000000000, 0.8660254037844387076, 1.000000000000000000, 0.8660254037844387076, 1.000000000000000000, 0.8660254037844387076, 1.000000000000000000, 0.8660254037844387076, 1.000000000000000000, 0.8660254037844387076, 1.000000000000000000, 0.8660254037844387076, 1.000000000000000000, 0.8660254037844387076, 1.000000000000000000, 0.8660254037844387076, 1.000000000000000000, 0.8660254037844387076, 1.000000000000000000, 0.8660254037844387076, 1.000000000000000000, 0.8660254037844387076, 1.000000000000000000, 0.8660254037844387076, 1.000000000000000000, 0.8660254037844387076, 1.000000000000000000, 0.8660254037844387076, 1.000000000000000000, 0.8660254037844387076, 1.000000000000000000, 0.8660254037844387076, 1.000000000000000000, 0.8660254037844387076, 1.000000000000000000, 0.8660254037844387076, 1.000000000000000000, 0.8660254037844387076, 1.000000000000000000, 0.8660254037844387076, 1.000000000000000000, 0.8660254037844387076, 1.000000000000000000, 0.8660254037844387076, 1.000000000000000000, 0.8660254037844387076, 1.000000000000000000, 0.8660254037844387076, 1.000000000000000000, 0.8660254037844387076, 1.000000000000000000, 0.8660254037844387076, 1.000000000000000000, 0.8660254037844387076, 1.000000000000000000, 0.8660254037844387076, 1.000000000000000000, 0.8660254037844387076, 1.000000000000000000, 0.8660254037844387076, 1.000000000000000000, 0.8660254037844387076, 1.000000000000000000, 0.8660254037844387076, 1.000000000000000000, 0.8660254037844387076, 1.000000000000000000, 0.8660254037844387076, 1.000000000000000000, 0.8660254037844387076, 1.000000000000000000, 0.8660254037844387076, 1.000000000000000000, 0.8660254037844387076, 1.000000000000000000, 0.8660254037844387076, 1.000000000000000000, 0.8660254037844387076, 1.000000000000000000, 0.8660254037844387076, 1.000000000000000000, 0.8660254037844387076, 1.000000000000000000, 0.8660254037844387076, 1.000000000000000000, 0.8660254037844387076, 1.000000000000000000, 0.8660254037844387076, 1.000000000000000000, 0.8660254037844387076, 1.000000000000000000, 0.8660254037844387076, 1.000000000000000000, 0.8660254037844387076, 1.000000000000000000, 0.8660254037844387076, 1.000000000000000000, 0.8660254037844387076, 1.000000000000000000, 0.8660254037844387076, 1.000000000000000000, 0.8660254037844387076, 1.000000000000000000, 0.8660254037844387076, 1.000000000000000000, 0.8660254037844387076, 1.000000000000000000, 0.8660254037844387076, 1.000000000000000000, 0.8660254037844387076, 1.000000000000000000, 0.8660254037844387076, 1.000000000000000000, 0.8660254037844387076, 1.000000000000000000, 0.8660254037844387076, 1.000000000000000000, 0.8660254037844387076, 1.000000000000000000, 0.8660254037844387076, 1.000000000000000000, 0.8660254037844387076, 1.000000000000000000, 0.8660254037844387076, 1.000000000000000000, 0.8660254037844387076, 1.000000000000000000, 0.8660254037844387076, 1.000000000000000000, 0.8660254037844387076, 1.000000000000000000, 0.8660254037844387076, 1.000000000000000000, 0.8660254037844387076, 1.000000000000000000, 0.8660254037844387076, 1.000000000000000000, 0.8660254037844387076, 1.000000000000000000, 0.8660254037844387076, 1.000000000000000000, 0.8660254037844387076, 1.000000000000000000, 0.8660254037844387076, 1.000000000000000000, 0.8660254037844387076, 1.000000000000000000, 0.8660254037844387076, 1.000000000000000000, 0.8660254037844387076, 1.000000000000000000, 0.8660254037844387076, 1.000000000000000000, 0.8660254037844387076, 1.000000000000000000, 0.8660254037844387076, 1.000000000000000000, 0.8660254037844387076, 1.000000000000000000, 0.8660254037844387076, 1.000000000000000000, 0.8660254037844387076, 1.000000000000000000, 0.8660254037844387076, 1.000000000000000000, 0.8660254037844387076, 1.000000000000000000, 0.8660254037844387076, 1.000000000000000000, 0.8660254037844387076, 1.000000000000000000, 0.8660254037844387076, 1.000000000000000000, 0.8660254037844387076, 1.000000000000000000, 0.8660254037844387076, 1.000000000000000000, 0.8660254037844387076, 1.000000000000000000, 0.8660254037844387076, 1.000000000000000000, 0.8660254037844387076, 1.000000000000000000, 0.8660254037844387076, 1.000000000000000000, 0.8660254037844387076, 1.000000000000000000, 0.8660254037844387076, 1.000000000000000000, 0.8660254037844387076, 1.000000000000000000, 0.8660254037844387076, 1.000000000000000000, 0.8660254037844387076, 1.000000000000000000, 0.8660254037844387076, 1.000000000000000000, 0.8660254037844387076, 1.000000000000000000, 0.8660254037844387076, 1.000000000000000000, 0.8660254037844387076, 1.000000000000000000, 0.8660254037844387076, 1.000000000000000000, 0.8660254037844387076, 1.000000000000000000, 0.8660254037844387076, 1.000000000000000000, 0.8660254037844387076, 1.000000000000000000, 0.8660254037844387076, 1.000000000000000000, 0.8660254037844387076, 1.000000000000000000, 0.8660254037844387076, 1.000000000000000000, 0.8660254037844387076, 1.000000000000000000, 0.8660254037844387076, 1.000000000000000000, 0.8660254037844387076, 1.000000000000000000, 0.8660254037844387076, 1.000000000000000000, 0.8660254037844387076, 1.000000000000000000, 0.8660254037844387076, 1.000000000000000000, 0.8660254037844387076, 1.000000000000000000, 0.8660254037844387076, 1.000000000000000000, 0.8660254037844387076, 1.000000000000000000, 0.8660254037844387076, 1.000000000000000000, 0.8660254037844387076, 1.000000000000000000, 0.8660254037844387076, 1.000000000000000000, 0.8660254037844387076, 1.000000000000000000, 0.8660254037844387076, 1.000000000000000000, 0.8660254037844387076, 1.000000000000000000, 0.8660254037844387076, 1.000000000000000000, 0.8660254037844387076, 1.000000000000000000, 0.8660254037844387076, 1.000000000000000000, 0.8660254037844387076, 1.000000000000000000, 0.8660254037844387076, 1.000000000000000000, 0.8660254037844387076, 1.000000000000000000, 0.8660254037844387076, 1.000000000000000000, 0.8660254037844387076, 1.000000000000000000, 0.8660254037844387076, 1.000000000000000000, 0.8660254037844387076, 1.000000000000000000, 0.8660254037844387076, 1.000000000000000000, 0.8660254037844387076, 1.000000000000000000, 0.8660254037844387076, 1.000000000000000000, 0.8660254037844387076, 1.000000000000000000, 0.8660254037844387076, 1.000000000000000000, 0.9548825352299492586, 0.9401527063965140485, 0.9401527063965140485, 0.9401527063965140485) ) ) 
 REPRESENTATION_ITEM ( '' )  SURFACE ( )  );
#4521 = CARTESIAN_POINT ( 'NONE',  ( 0.000000000000000000, 10.00000000000000000, 0.000000000000000000 ) ) ;
#4522 = CARTESIAN_POINT ( 'NONE',  ( -3.099357696081660789E-15, 10.16713279419144378, -1.446610087049238658 ) ) ;
#4523 = CARTESIAN_POINT ( 'NONE',  ( -1.250000000000000444, 1.693750001229031188, -0.7216878364870294993 ) ) ;
#4524 = CARTESIAN_POINT ( 'NONE',  ( -1.006430356249999880, 0.05153263737187596671, -0.3152051013097982302 ) ) ;
#4525 = CARTESIAN_POINT ( 'NONE',  ( -1.969845607676301195E-15, 2.209375000614514306, -1.162125674203096093 ) ) ;
#4527 = ORIENTED_EDGE ( 'NONE', *, *, #628, .F. ) ;
#4526 = CARTESIAN_POINT ( 'NONE',  ( -1.483929076555447590, 10.98245858948433096, -1.283612900399735857 ) ) ;
#4528 = CARTESIAN_POINT ( 'NONE',  ( -1.006430356249999880, 5.546875000614513773, -0.5810628371015474913 ) ) ;
#4529 = CARTESIAN_POINT ( 'NONE',  ( 1.006430356249998104, 7.084375000614513418, -0.5810628371015496008 ) ) ;
#4530 = CARTESIAN_POINT ( 'NONE',  ( 0.3349320035846789501, 6.548654081013948414, -1.250002590544227576 ) ) ;
#4531 = ORIENTED_EDGE ( 'NONE', *, *, #488, .T. ) ;
#4532 = CARTESIAN_POINT ( 'NONE',  ( -2.651438096812265438E-16, 10.33749999999999503, 1.443375672974063439 ) ) ;
#4533 = DIRECTION ( 'NONE',  ( 0.000000000000000000, 1.000000000000000000, 0.000000000000000000 ) ) ;
#4534 = CARTESIAN_POINT ( 'NONE',  ( 0.3349364905389018987, 1.092403810567662559, -1.249999999999999778 ) ) ;
#4535 = CARTESIAN_POINT ( 'NONE',  ( -1.252801084755460259, 2.142132794191443423, -0.7233050435246171084 ) ) ;
#4536 = CARTESIAN_POINT ( 'NONE',  ( -0.5032151781249986078, 1.046875000614513995, 0.8715942556523228468 ) ) ;
#4537 = AXIS2_PLACEMENT_3D ( 'NONE', #1888, #5433, #1461 ) ;
#4538 = CARTESIAN_POINT ( 'NONE',  ( 0.5032151781250004952, 6.521875000614513418, 0.8715942556523216256 ) ) ;
#4539 = CARTESIAN_POINT ( 'NONE',  ( 0.5032151781249999400, 8.434375000614512174, 0.8715942556523221807 ) ) ;
#4540 = CARTESIAN_POINT ( 'NONE',  ( 0.000000000000000000, 10.15000000000000036, 2.100000000000000089 ) ) ;
#4541 = FACE_OUTER_BOUND ( 'NONE', #3135, .T. ) ;
#4542 = CONICAL_SURFACE ( 'NONE', #1957, 1.250000000000000000, 0.5235987755983033676 ) ;
#4543 = CARTESIAN_POINT ( 'NONE',  ( 0.2069996887135735208, 0.02812500184355223171, -1.006430356244385926 ) ) ;
#4544 = CARTESIAN_POINT ( 'NONE',  ( 0.6249999999999974465, 5.631250001229030744, -1.082531754730548856 ) ) ;
#4545 = VECTOR ( 'NONE', #1115, 1000.000000000000000 ) ;
#4546 = CARTESIAN_POINT ( 'NONE',  ( -1.006430356249999436, 9.071875000614511464, 1.644310252063557226E-15 ) ) ;
#4547 = CARTESIAN_POINT ( 'NONE',  ( 8.838126989374219771E-17, 7.412499999999996092, -1.443375672974063439 ) ) ;
#4548 = CARTESIAN_POINT ( 'NONE',  ( -5.148555419350819503E-05, 1.392894859732283663, 1.249999997923872064 ) ) ;
#4549 = CARTESIAN_POINT ( 'NONE',  ( 1.249999999999999112, 8.612499999999995381, 0.7216878364870324969 ) ) ;
#4550 = ORIENTED_EDGE ( 'NONE', *, *, #3443, .T. ) ;
#4551 = AXIS2_PLACEMENT_3D ( 'NONE', #1550, #2388, #638 ) ;
#4552 = CARTESIAN_POINT ( 'NONE',  ( 0.6250000000000012212, 2.781250001229030655, 1.082531754730547080 ) ) ;
#4553 = CARTESIAN_POINT ( 'NONE',  ( 1.250000000000000444, -0.3312499987709688898, 0.7216878364870298324 ) ) ;
#4554 = CARTESIAN_POINT ( 'NONE',  ( -1.006430356249999436, 0.07187500061451397582, 1.644310252063557226E-15 ) ) ;
#4555 = CARTESIAN_POINT ( 'NONE',  ( -1.006430356249999436, 2.771875000614513862, 1.644310252063557226E-15 ) ) ;
#4556 = EDGE_CURVE ( 'NONE', #5423, #3689, #5085, .T. ) ;
#4557 = CARTESIAN_POINT ( 'NONE',  ( 0.5032151781249990519, 10.83437500061451253, -0.8715942556523228468 ) ) ;
#4558 =( BOUNDED_CURVE ( )  B_SPLINE_CURVE ( 2, ( #4177, #1600, #1543, #195, #4601, #2470, #2001, #1104, #2440 ),
 .UNSPECIFIED., .F., .T. ) 
 B_SPLINE_CURVE_WITH_KNOTS ( ( 3, 2, 2, 2, 3 ),
 ( 0.4290163046835375749, 0.4321939572315342537, 0.4385497507202528733, 0.4449055442089714929, 0.4480835424024399716 ),
 .UNSPECIFIED. ) 
 CURVE ( )  GEOMETRIC_REPRESENTATION_ITEM ( )  RATIONAL_B_SPLINE_CURVE ( ( 0.9330127022877601206, 0.9330178493390551830, 1.000000000000000000, 0.8660254037844387076, 1.000000000000000000, 0.8660254037844387076, 1.000000000000000000, 0.9330105634332745979, 0.9330127019604861349 ) ) 
 REPRESENTATION_ITEM ( '' )  );
#4559 = CARTESIAN_POINT ( 'NONE',  ( -1.006430356249999880, 3.746875000614513507, -0.5810628371015474913 ) ) ;
#4560 = CARTESIAN_POINT ( 'NONE',  ( -1.006430356249999436, 9.971875000614511819, 1.644310252063557226E-15 ) ) ;
#4561 = EDGE_LOOP ( 'NONE', ( #5685, #1899, #2582, #133, #2382 ) ) ;
#4562 = ORIENTED_EDGE ( 'NONE', *, *, #966, .T. ) ;
#4563 = CARTESIAN_POINT ( 'NONE',  ( -1.249999999999998002, 7.618750001229029678, 0.7216878364870340512 ) ) ;
#4564 = CARTESIAN_POINT ( 'NONE',  ( 0.6264005423777272430, 6.079632794191443423, -1.084957565286930325 ) ) ;
#4565 = CARTESIAN_POINT ( 'NONE',  ( -0.5032151781250009392, 2.696875000614514128, -0.8715942556523212925 ) ) ;
#4566 = CARTESIAN_POINT ( 'NONE',  ( -1.006430356250000102, 8.134375000614513240, -0.5810628371015466032 ) ) ;
#4567 = CARTESIAN_POINT ( 'NONE',  ( -0.5032151781250003841, 7.309375000614513063, -0.8715942556523218476 ) ) ;
#4568 = CARTESIAN_POINT ( 'NONE',  ( 0.000000000000000000, 10.00000000000000000, 0.000000000000000000 ) ) ;
#4569 = DIRECTION ( 'NONE',  ( 0.7071067811865489050, 0.7071067811865462405, 0.000000000000000000 ) ) ;
#4570 = CARTESIAN_POINT ( 'NONE',  ( 0.000000000000000000, 10.00000000000000000, 0.000000000000000000 ) ) ;
#4571 = CARTESIAN_POINT ( 'NONE',  ( 1.249999999999999334, 6.456250001229030921, -2.749541545756668106E-15 ) ) ;
#4572 = CARTESIAN_POINT ( 'NONE',  ( 1.249999999999999556, -0.3125000000000029421, -0.7216878364870316087 ) ) ;
#4573 = CARTESIAN_POINT ( 'NONE',  ( 1.006430356249998104, 8.884375000614511464, -0.5810628371015496008 ) ) ;
#4574 = CARTESIAN_POINT ( 'NONE',  ( -0.6249999999999993339, 5.649999999999995914, -1.082531754730547968 ) ) ;
#4575 = CARTESIAN_POINT ( 'NONE',  ( -0.4249999999999949374, 11.25000000000000000, 0.7361215932167736176 ) ) ;
#4576 = ORIENTED_EDGE ( 'NONE', *, *, #1988, .F. ) ;
#4577 = CARTESIAN_POINT ( 'NONE',  ( 0.6249999999999974465, 2.931250001229030566, -1.082531754730548856 ) ) ;
#4578 = CARTESIAN_POINT ( 'NONE',  ( 0.6264005423777310178, 10.42963279419144307, 1.084957565286928327 ) ) ;
#4579 = CARTESIAN_POINT ( 'NONE',  ( -6.674927033655420065E-06, 1.618750401724595722, -1.249999999982177368 ) ) ;
#4580 = CARTESIAN_POINT ( 'NONE',  ( 0.5032151781250004952, 2.021875000614513862, 0.8715942556523216256 ) ) ;
#4581 = CARTESIAN_POINT ( 'NONE',  ( -0.5032151781249986078, 1.496875000614513729, 0.8715942556523228468 ) ) ;
#4582 = CARTESIAN_POINT ( 'NONE',  ( -6.276117256363879780E-05, 9.042728525439386544, 1.249999997035484922 ) ) ;
#4583 = CARTESIAN_POINT ( 'NONE',  ( -0.5032151781250003841, 4.159375000614513596, -0.8715942556523218476 ) ) ;
#4584 = CARTESIAN_POINT ( 'NONE',  ( -1.000000000000000444, 11.40000000000000036, 0.5773502691896261751 ) ) ;
#4585 = CARTESIAN_POINT ( 'NONE',  ( -0.3693206603423566103, 0.1257785122968873848, 1.001040117283821029 ) ) ;
#4586 =( BOUNDED_CURVE ( )  B_SPLINE_CURVE ( 2, ( #5093, #1903, #1122, #4652, #678, #2460, #2787, #4534, #834 ),
 .UNSPECIFIED., .F., .F. ) 
 B_SPLINE_CURVE_WITH_KNOTS ( ( 3, 2, 2, 2, 3 ),
 ( 0.1388888888888888951, 0.1419753086419753008, 0.1481481481481481399, 0.1543209876543209791, 0.1574074074074074125 ),
 .UNSPECIFIED. ) 
 CURVE ( )  GEOMETRIC_REPRESENTATION_ITEM ( )  RATIONAL_B_SPLINE_CURVE ( ( 0.9330127018922194093, 0.9330127018922196314, 1.000000000000000000, 0.8660254037844387076, 1.000000000000000000, 0.8660254037844387076, 1.000000000000000000, 0.9330127018922190762, 0.9330127018922194093 ) ) 
 REPRESENTATION_ITEM ( '' )  );
#4587 = CARTESIAN_POINT ( 'NONE',  ( -1.006430356249998992, 3.821875000614514128, 0.5810628371015487126 ) ) ;
#4588 = ORIENTED_EDGE ( 'NONE', *, *, #4596, .T. ) ;
#4589 = CARTESIAN_POINT ( 'NONE',  ( -0.6250000000000002220, 4.449999999999996625, 1.082531754730547746 ) ) ;
#4590 = CARTESIAN_POINT ( 'NONE',  ( 1.452949501128095424E-05, 1.843985663546498843, 1.249999999842217546 ) ) ;
#4591 = CARTESIAN_POINT ( 'NONE',  ( -1.252801084755458927, 6.229632794191442891, 2.607410558300822600E-15 ) ) ;
#4592 = CARTESIAN_POINT ( 'NONE',  ( 1.827526258964323273E-15, 2.884375000614514128, 1.162125674203096093 ) ) ;
#4593 = CARTESIAN_POINT ( 'NONE',  ( -1.969845607676301195E-15, 7.609375000614515550, -1.162125674203096093 ) ) ;
#4594 = CARTESIAN_POINT ( 'NONE',  ( -1.006430356249999880, 7.346875000614513596, -0.5810628371015476024 ) ) ;
#4595 = CARTESIAN_POINT ( 'NONE',  ( 1.743066579297358255E-16, 0.6624999999999967581, -1.249999999999999112 ) ) ;
#4596 = EDGE_CURVE ( 'NONE', #5328, #4666, #2926, .T. ) ;
#4597 = CARTESIAN_POINT ( 'NONE',  ( -0.6264005423777275761, -0.8953672058085563323, 1.084957565286930325 ) ) ;
#4598 = CARTESIAN_POINT ( 'NONE',  ( 1.249999999999999334, 8.256250001229030744, -2.749541545756668106E-15 ) ) ;
#4599 = CARTESIAN_POINT ( 'NONE',  ( 1.827526258964323273E-15, 8.284375000614511819, 1.162125674203096093 ) ) ;
#4600 = CARTESIAN_POINT ( 'NONE',  ( -0.6249999999999993339, 6.099999999999996092, -1.082531754730547968 ) ) ;
#4601 = CARTESIAN_POINT ( 'NONE',  ( -1.249999999999999334, 3.981250001229031277, 2.596460695863248776E-15 ) ) ;
#4602 = CARTESIAN_POINT ( 'NONE',  ( 2.288358079669540639E-05, 5.218748628215162277, -1.249999999790535998 ) ) ;
#4603 = ORIENTED_EDGE ( 'NONE', *, *, #4994, .F. ) ;
#4604 = EDGE_LOOP ( 'NONE', ( #1136, #3468, #3596, #4077 ) ) ;
#4605 = ADVANCED_FACE ( 'NONE', ( #2560 ), #2095, .T. ) ;
#4606 =( BOUNDED_CURVE ( )  B_SPLINE_CURVE ( 2, ( #1807, #4905, #4933, #3582, #3550, #5319, #3119, #4010, #895 ),
 .UNSPECIFIED., .F., .F. ) 
 B_SPLINE_CURVE_WITH_KNOTS ( ( 3, 2, 2, 2, 3 ),
 ( 0.4862175965358168095, 0.4893960986298143689, 0.4957518921185132821, 0.5021076856072121952, 0.5052856086102177624 ),
 .UNSPECIFIED. ) 
 CURVE ( )  GEOMETRIC_REPRESENTATION_ITEM ( )  RATIONAL_B_SPLINE_CURVE ( ( 0.9330127043228865213, 0.9329999416483851782, 1.000000000000000000, 0.8660254037844387076, 1.000000000000000000, 0.8660254037844387076, 1.000000000000000000, 0.9330121483825972728, 0.9330127018967929731 ) ) 
 REPRESENTATION_ITEM ( '' )  );
#4607 = CARTESIAN_POINT ( 'NONE',  ( 1.250000000000000444, 0.5687500012290310769, 0.7216878364870298324 ) ) ;
#4608 = CARTESIAN_POINT ( 'NONE',  ( -0.3349364905389035640, 5.817403810567661537, 1.249999999999999112 ) ) ;
#4609 = CARTESIAN_POINT ( 'NONE',  ( 1.006430356249999436, 2.096875000614513596, -1.767562423498186358E-15 ) ) ;
#4610 = CARTESIAN_POINT ( 'NONE',  ( 1.827526258964323273E-15, 1.534375000614514040, 1.162125674203096093 ) ) ;
#4611 = DIRECTION ( 'NONE',  ( 0.000000000000000000, 1.000000000000000000, 0.000000000000000000 ) ) ;
#4612 = CARTESIAN_POINT ( 'NONE',  ( 1.006430356249999658, 6.221875000614514484, 0.5810628371015478244 ) ) ;
#4613 = CARTESIAN_POINT ( 'NONE',  ( -1.006430356250000324, 9.484375000614512885, -0.5810628371015467142 ) ) ;
#4614 = CARTESIAN_POINT ( 'NONE',  ( 1.249999999999999334, 6.887499999999995737, -0.7216878364870317197 ) ) ;
#4615 = CARTESIAN_POINT ( 'NONE',  ( 0.5032151781249990519, 4.084375000614514306, -0.8715942556523228468 ) ) ;
#4616 = ORIENTED_EDGE ( 'NONE', *, *, #1249, .F. ) ;
#4617 = CARTESIAN_POINT ( 'NONE',  ( -1.006430356249999214, 0.2218750006145139286, 0.5810628371015488236 ) ) ;
#4618 = CARTESIAN_POINT ( 'NONE',  ( -0.3349804438488052094, 7.223651174598103353, 1.249974623544695351 ) ) ;
#4619 = CARTESIAN_POINT ( 'NONE',  ( 1.252801084755457373, 4.692132794191443246, -0.7233050435246219934 ) ) ;
#4620 = CARTESIAN_POINT ( 'NONE',  ( -1.006430356249999436, 2.321875000614513684, 1.644310252063557226E-15 ) ) ;
#4621 = CARTESIAN_POINT ( 'NONE',  ( -1.006430356249998548, 8.209375000614512530, 0.5810628371015494897 ) ) ;
#4622 = CARTESIAN_POINT ( 'NONE',  ( -1.006430356249998992, 6.971875000614512707, 0.5810628371015487126 ) ) ;
#4623 = EDGE_CURVE ( 'NONE', #2885, #2500, #1471, .T. ) ;
#4624 = CARTESIAN_POINT ( 'NONE',  ( 0.6250000000000012212, 3.231250001229030389, 1.082531754730547080 ) ) ;
#4625 = CARTESIAN_POINT ( 'NONE',  ( 1.249999999999999334, 7.356250001229029500, -2.749541545756668106E-15 ) ) ;
#4626 = CARTESIAN_POINT ( 'NONE',  ( 0.6249999999999997780, -0.7250000000000029754, -1.082531754730547746 ) ) ;
#4627 = CARTESIAN_POINT ( 'NONE',  ( 0.5032151781249990519, -0.8656249993854859826, -0.8715942556523228468 ) ) ;
#4628 = CARTESIAN_POINT ( 'NONE',  ( 8.838126989374219771E-17, 6.962499999999996803, -1.443375672974063439 ) ) ;
#4629 = CARTESIAN_POINT ( 'NONE',  ( 1.249999999999999334, 1.449999999999996847, 0.000000000000000000 ) ) ;
#4630 = LINE ( 'NONE', #2854, #3191 ) ;
#4631 = VECTOR ( 'NONE', #2555, 1000.000000000000000 ) ;
#4632 = ORIENTED_EDGE ( 'NONE', *, *, #4929, .T. ) ;
#4633 = CARTESIAN_POINT ( 'NONE',  ( -1.250000000000000444, 8.443750001229030744, -0.7216878364870294993 ) ) ;
#4634 = CARTESIAN_POINT ( 'NONE',  ( -1.250000000000000444, 1.693750001229031188, -0.7216878364870296103 ) ) ;
#4635 = CARTESIAN_POINT ( 'NONE',  ( -0.3349837724906307157, 1.373650974879593090, 1.249972701752441129 ) ) ;
#4636 = VECTOR ( 'NONE', #3125, 1000.000000000000000 ) ;
#4637 = CARTESIAN_POINT ( 'NONE',  ( 1.827526258964323273E-15, 3.784375000614514040, 1.162125674203096093 ) ) ;
#4638 = EDGE_CURVE ( 'NONE', #2366, #337, #4024, .T. ) ;
#4639 = CARTESIAN_POINT ( 'NONE',  ( -1.006430356249999436, 2.321875000614513684, 1.644310252063557226E-15 ) ) ;
#4640 = CARTESIAN_POINT ( 'NONE',  ( -0.6249999999999978906, 9.006250001229030744, 1.082531754730548856 ) ) ;
#4641 = CARTESIAN_POINT ( 'NONE',  ( 1.006430356249998992, 8.096875000614511819, -0.5810628371015489346 ) ) ;
#4642 = DIRECTION ( 'NONE',  ( 0.000000000000000000, 0.000000000000000000, -1.000000000000000000 ) ) ;
#4643 = CARTESIAN_POINT ( 'NONE',  ( -2.651438096812265438E-16, 4.037499999999996980, 1.443375672974063439 ) ) ;
#4644 = CYLINDRICAL_SURFACE ( 'NONE', #91, 1.249999999999999334 ) ;
#4645 = CARTESIAN_POINT ( 'NONE',  ( 1.006430356249999658, 4.909375000614513596, -9.819791222584819450E-16 ) ) ;
#4646 = ORIENTED_EDGE ( 'NONE', *, *, #3270, .F. ) ;
#4647 = APPLICATION_CONTEXT ( 'automotive_design' ) ;
#4648 = VECTOR ( 'NONE', #4207, 999.9999999999998863 ) ;
#4649 = DIRECTION ( 'NONE',  ( -0.000000000000000000, -1.000000000000000000, -0.000000000000000000 ) ) ;
#4650 = CARTESIAN_POINT ( 'NONE',  ( 1.006430356249999658, 0.8218750006145137954, 0.5810628371015478244 ) ) ;
#4651 = DIRECTION ( 'NONE',  ( -0.8660254037844389297, 0.000000000000000000, 0.4999999999999995559 ) ) ;
#4652 = CARTESIAN_POINT ( 'NONE',  ( 1.249999999999999112, 0.9624999999999966915, 0.7216878364870324969 ) ) ;
#4653 = CARTESIAN_POINT ( 'NONE',  ( 0.6264005423777310178, 5.029632794191443601, 1.084957565286928327 ) ) ;
#4654 = CARTESIAN_POINT ( 'NONE',  ( -0.5032151781249986078, 4.646875000614513418, 0.8715942556523228468 ) ) ;
#4655 = CARTESIAN_POINT ( 'NONE',  ( 1.006430356249998326, 7.534375000614513596, -0.5810628371015497118 ) ) ;
#4656 = DIRECTION ( 'NONE',  ( -0.000000000000000000, -1.000000000000000000, -0.000000000000000000 ) ) ;
#4657 = CARTESIAN_POINT ( 'NONE',  ( -0.6249999999999978906, 3.156250001229031099, 1.082531754730548856 ) ) ;
#4658 = EDGE_CURVE ( 'NONE', #740, #554, #4606, .T. ) ;
#4659 = CARTESIAN_POINT ( 'NONE',  ( -1.250000000000000444, 8.443750001229030744, -0.7216878364870296103 ) ) ;
#4660 = CARTESIAN_POINT ( 'NONE',  ( 1.249999999999999112, 0.5124999999999969580, 0.7216878364870323859 ) ) ;
#4661 = CARTESIAN_POINT ( 'NONE',  ( -4.938688641342514686E-16, 4.037499999999996980, 1.249999999999999334 ) ) ;
#4662 = CARTESIAN_POINT ( 'NONE',  ( 9.204127980810863719E-16, 2.996875000614513951, 1.162125674203096537 ) ) ;
#4663 = CARTESIAN_POINT ( 'NONE',  ( -0.5032151781249993849, -0.1906249993854860769, 0.8715942556523227358 ) ) ;
#4664 = CARTESIAN_POINT ( 'NONE',  ( -1.249999999999999778, 7.112499999999995381, 0.7216878364870313867 ) ) ;
#4665 = CARTESIAN_POINT ( 'NONE',  ( -5.868324150301105755E-15, 3.812499999999996891, -1.249999999999999556 ) ) ;
#4666 = VERTEX_POINT ( 'NONE', #932 ) ;
#4667 = CARTESIAN_POINT ( 'NONE',  ( -1.520541410635321810E-05, 0.9435065763664627347, 1.249999999831362008 ) ) ;
#4668 = DIRECTION ( 'NONE',  ( -0.000000000000000000, -1.000000000000000000, -0.000000000000000000 ) ) ;
#4669 = CARTESIAN_POINT ( 'NONE',  ( 1.250000000000000444, 1.918750001229031055, 0.7216878364870298324 ) ) ;
#4670 = CARTESIAN_POINT ( 'NONE',  ( -4.938688641342514686E-16, 5.837499999999995026, 1.249999999999999334 ) ) ;
#4671 = CARTESIAN_POINT ( 'NONE',  ( 1.006430356249999880, 2.509375000614514128, 0.5810628371015468252 ) ) ;
#4672 = CARTESIAN_POINT ( 'NONE',  ( 1.006430356249999880, 5.209375000614514306, 0.5810628371015469362 ) ) ;
#4673 = CARTESIAN_POINT ( 'NONE',  ( -5.868324150301105755E-15, 3.362499999999996714, -1.249999999999999556 ) ) ;
#4674 = ORIENTED_EDGE ( 'NONE', *, *, #159, .T. ) ;
#4675 = EDGE_CURVE ( 'NONE', #4988, #1332, #4101, .T. ) ;
#4676 = CARTESIAN_POINT ( 'NONE',  ( 0.5032151781249990519, 7.234375000614513773, -0.8715942556523228468 ) ) ;
#4677 = CARTESIAN_POINT ( 'NONE',  ( -1.249999999999998002, 2.668750001229030833, 0.7216878364870340512 ) ) ;
#4678 =( BOUNDED_CURVE ( )  B_SPLINE_CURVE ( 2, ( #2303, #4524, #4554, #577, #2751, #607, #635, #1947, #2360, #3293, #1466, #2386, #3728, #4939, #2330, #4070, #4185, #5414, #2830, #3235, #1439, #4965, #3212, #1024, #4153, #202, #4992, #107, #78, #2413, #4498, #526, #998, #1084, #3694, #5530, #1865, #2803, #2779, #3669, #5501, #551, #4126, #1920, #4097, #1893, #139, #5468, #170, #3261, #2860, #5023, #1056, #1520, #4580, #5053, #4609, #1548, #1978, #3754, #972, #5274, #5245, #1577, #4338, #3022, #665, #4671, #3911, #1607, #2199, #5746, #5689, #2136, #2446, #4213, #3963, #2633, #2924, #1712, #230, #3382, #4769, #3350, #2603, #2168, #2008, #3480, #2889, #3939, #1737, #3812, #4797, #3782, #3044, #825, #4362, #797, #3510, #698, #5218, #4637, #5557, #4828, #1266, #3323, #3073, #5113, #1296, #387, #5716, #856, #4391, #414, #2575, #5081, #357, #1111, #1141, #2476, #4241, #259, #2038, #5590, #1242, #2665, #40, #2263, #4082, #3108, #1797, #445, #4952, #3171, #4484, #2227, #986, #2765, #5365, #2790, #510, #1425, #4923, #1879, #1362, #1826, #4419, #956, #2737, #3600, #1397, #3995, #2288, #4512, #4055, #3630, #67, #1852, #480, #4977, #2316, #5397, #3199, #1764, #1011, #539, #94, #4860, #3658, #3538, #4030, #5427, #1453, #3222, #4538, #564, #2345, #4111, #5308, #1327, #884, #13, #3570, #5339, #3141, #4894, #920, #2701, #4453, #620, #185, #153, #590, #1963, #5096, #5129, #2399, #1070, #1041, #3366, #5450, #4655, #1157, #4593, #1126, #4140, #3278, #2939, #2845, #124, #3246, #2817, #1534, #2872, #1506, #5005, #3739, #4566, #2909, #4621, #2023, #3798, #2371, #1933, #217, #5516, #1994, #5038, #4167, #2490, #5571, #1592, #3768, #3709, #1095, #3307, #5483, #5067, #650, #2433, #4687, #244, #3680, #681, #1561, #711, #2463, #4200, #4227, #5544, #3335, #1906, #1479, #1652, #3395, #3506, #4712, #2130, #4741, #738, #3476, #2518, #327, #5241, #5270, #769, #5183, #5157, #1733 ),
 .UNSPECIFIED., .F., .F. ) 
 B_SPLINE_CURVE_WITH_KNOTS ( ( 3, 2, 2, 2, 2, 2, 2, 2, 2, 2, 2, 2, 2, 2, 2, 2, 2, 2, 2, 2, 2, 2, 2, 2, 2, 2, 2, 2, 2, 2, 2, 2, 2, 2, 2, 2, 2, 2, 2, 2, 2, 2, 2, 2, 2, 2, 2, 2, 2, 2, 2, 2, 2, 2, 2, 2, 2, 2, 2, 2, 2, 2, 2, 2, 2, 2, 2, 2, 2, 2, 2, 2, 2, 2, 2, 2, 2, 2, 2, 2, 2, 2, 2, 2, 2, 2, 2, 2, 2, 2, 2, 2, 2, 2, 2, 2, 2, 2, 2, 2, 2, 2, 2, 2, 2, 2, 2, 2, 2, 2, 2, 2, 2, 2, 2, 2, 2, 2, 2, 2, 2, 2, 2, 2, 2, 2, 2, 2, 2, 2, 2, 2, 2, 2, 3 ),
 ( 0.09166397845410978462, 0.09533690583236992255, 0.1016926995545279211, 0.1080484932766859058, 0.1144042869988439043, 0.1207600807210019028, 0.1271158744431598875, 0.1334716681653178860, 0.1398274618874758846, 0.1461832556096338831, 0.1525390493317918539, 0.1588948430539498524, 0.1652506367761078510, 0.1716064304982658495, 0.1779622242204238480, 0.1843180179425818466, 0.1906738116647398451, 0.1970296053868978159, 0.2033853991090558144, 0.2097411928312137852, 0.2160969865533718115, 0.2224527802755298100, 0.2288085739976877808, 0.2351643677198457794, 0.2415201614420037779, 0.2478759551641617764, 0.2542317488863197195, 0.2605875426084778290, 0.2669433363306357165, 0.2732991300527937706, 0.2796549237749517136, 0.2860107174971097677, 0.2923665112192677107, 0.2987223049414257092, 0.3050780986635837078, 0.3114338923857417063, 0.3177896861078997048, 0.3241454798300577034, 0.3305012735522157019, 0.3368570672743737004, 0.3432128609965316435, 0.3495686547186896420, 0.3559244484408476961, 0.3622802421630056946, 0.3686360358851636376, 0.3749918296073216362, 0.3813476233294796902, 0.3877034170516376888, 0.3940592107737955763, 0.4004150044959536303, 0.4067707982181116844, 0.4131265919402696274, 0.4194823856624275704, 0.4258381793845855690, 0.4321939731067436230, 0.4385497668289016215, 0.4449055605510595091, 0.4512613542732175631, 0.4576171479953756172, 0.4639729417175336157, 0.4703287354396915587, 0.4766845291618495017, 0.4830403228840075558, 0.4893961166061656098, 0.4957519103283234974, 0.5021077040504815514, 0.5084634977726395499, 0.5148192914947975485, 0.5211750852169556580, 0.5275308789391135456, 0.5338866726612714331, 0.5402424663834295426, 0.5465982601055876522, 0.5529540538277455397, 0.5593098475499035382, 0.5656656412720615368, 0.5720214349942195353, 0.5783772287163775339, 0.5847330224385354214, 0.5910888161606935309, 0.5974446098828515295, 0.6038004036050095280, 0.6101561973271674155, 0.6165119910493255251, 0.6228677847714834126, 0.6292235784936415222, 0.6355793722157994097, 0.6419351659379574082, 0.6482909596601154067, 0.6546467533822735163, 0.6610025471044314038, 0.6673583408265894024, 0.6737141345487475119, 0.6800699282709053994, 0.6864257219930632870, 0.6927815157152213965, 0.6991373094373793950, 0.7054931031595375046, 0.7118488968816953921, 0.7182046906038533907, 0.7245604843260112782, 0.7309162780481693877, 0.7372720717703272753, 0.7436278654924852738, 0.7499836592146433834, 0.7563394529368013819, 0.7626952466589592694, 0.7690510403811173790, 0.7754068341032753775, 0.7817626278254332650, 0.7881184215475913746, 0.7944742152697492621, 0.8008300089919072606, 0.8071858027140653702, 0.8135415964362232577, 0.8198973901583812562, 0.8262531838805392548, 0.8326089776026973643, 0.8389647713248552519, 0.8453205650470132504, 0.8516763587691712489, 0.8580321524913292475, 0.8643879462134871350, 0.8707437399356452445, 0.8770995336578032431, 0.8834553273799612416, 0.8898111211021191291, 0.8961669148242772387, 0.9025227085464352372, 0.9088785022685931247, 0.9152342959907511233, 0.9215900897129091218, 0.9279458834350671204, 0.9343016771572252299, 0.9367354010647932494 ),
 .UNSPECIFIED. ) 
 CURVE ( )  GEOMETRIC_REPRESENTATION_ITEM ( )  RATIONAL_B_SPLINE_CURVE ( ( 0.9346381638530105729, 0.9225778897266656564, 1.000000000000000000, 0.8660254037844387076, 1.000000000000000000, 0.8660254037844387076, 1.000000000000000000, 0.8660254037844387076, 1.000000000000000000, 0.8660254037844387076, 1.000000000000000000, 0.8660254037844387076, 1.000000000000000000, 0.8660254037844387076, 1.000000000000000000, 0.8660254037844387076, 1.000000000000000000, 0.8660254037844387076, 1.000000000000000000, 0.8660254037844387076, 1.000000000000000000, 0.8660254037844387076, 1.000000000000000000, 0.8660254037844387076, 1.000000000000000000, 0.8660254037844387076, 1.000000000000000000, 0.8660254037844387076, 1.000000000000000000, 0.8660254037844387076, 1.000000000000000000, 0.8660254037844387076, 1.000000000000000000, 0.8660254037844387076, 1.000000000000000000, 0.8660254037844387076, 1.000000000000000000, 0.8660254037844387076, 1.000000000000000000, 0.8660254037844387076, 1.000000000000000000, 0.8660254037844387076, 1.000000000000000000, 0.8660254037844387076, 1.000000000000000000, 0.8660254037844387076, 1.000000000000000000, 0.8660254037844387076, 1.000000000000000000, 0.8660254037844387076, 1.000000000000000000, 0.8660254037844387076, 1.000000000000000000, 0.8660254037844387076, 1.000000000000000000, 0.8660254037844387076, 1.000000000000000000, 0.8660254037844387076, 1.000000000000000000, 0.8660254037844387076, 1.000000000000000000, 0.8660254037844387076, 1.000000000000000000, 0.8660254037844387076, 1.000000000000000000, 0.8660254037844387076, 1.000000000000000000, 0.8660254037844387076, 1.000000000000000000, 0.8660254037844387076, 1.000000000000000000, 0.8660254037844387076, 1.000000000000000000, 0.8660254037844387076, 1.000000000000000000, 0.8660254037844387076, 1.000000000000000000, 0.8660254037844387076, 1.000000000000000000, 0.8660254037844387076, 1.000000000000000000, 0.8660254037844387076, 1.000000000000000000, 0.8660254037844387076, 1.000000000000000000, 0.8660254037844387076, 1.000000000000000000, 0.8660254037844387076, 1.000000000000000000, 0.8660254037844387076, 1.000000000000000000, 0.8660254037844387076, 1.000000000000000000, 0.8660254037844387076, 1.000000000000000000, 0.8660254037844387076, 1.000000000000000000, 0.8660254037844387076, 1.000000000000000000, 0.8660254037844387076, 1.000000000000000000, 0.8660254037844387076, 1.000000000000000000, 0.8660254037844387076, 1.000000000000000000, 0.8660254037844387076, 1.000000000000000000, 0.8660254037844387076, 1.000000000000000000, 0.8660254037844387076, 1.000000000000000000, 0.8660254037844387076, 1.000000000000000000, 0.8660254037844387076, 1.000000000000000000, 0.8660254037844387076, 1.000000000000000000, 0.8660254037844387076, 1.000000000000000000, 0.8660254037844387076, 1.000000000000000000, 0.8660254037844387076, 1.000000000000000000, 0.8660254037844387076, 1.000000000000000000, 0.8660254037844387076, 1.000000000000000000, 0.8660254037844387076, 1.000000000000000000, 0.8660254037844387076, 1.000000000000000000, 0.8660254037844387076, 1.000000000000000000, 0.8660254037844387076, 1.000000000000000000, 0.8660254037844387076, 1.000000000000000000, 0.8660254037844387076, 1.000000000000000000, 0.8660254037844387076, 1.000000000000000000, 0.8660254037844387076, 1.000000000000000000, 0.8660254037844387076, 1.000000000000000000, 0.8660254037844387076, 1.000000000000000000, 0.8660254037844387076, 1.000000000000000000, 0.8660254037844387076, 1.000000000000000000, 0.8660254037844387076, 1.000000000000000000, 0.8660254037844387076, 1.000000000000000000, 0.8660254037844387076, 1.000000000000000000, 0.8660254037844387076, 1.000000000000000000, 0.8660254037844387076, 1.000000000000000000, 0.8660254037844387076, 1.000000000000000000, 0.8660254037844387076, 1.000000000000000000, 0.8660254037844387076, 1.000000000000000000, 0.8660254037844387076, 1.000000000000000000, 0.8660254037844387076, 1.000000000000000000, 0.8660254037844387076, 1.000000000000000000, 0.8660254037844387076, 1.000000000000000000, 0.8660254037844387076, 1.000000000000000000, 0.8660254037844387076, 1.000000000000000000, 0.8660254037844387076, 1.000000000000000000, 0.8660254037844387076, 1.000000000000000000, 0.8660254037844387076, 1.000000000000000000, 0.8660254037844387076, 1.000000000000000000, 0.8660254037844387076, 1.000000000000000000, 0.8660254037844387076, 1.000000000000000000, 0.8660254037844387076, 1.000000000000000000, 0.8660254037844387076, 1.000000000000000000, 0.8660254037844387076, 1.000000000000000000, 0.8660254037844387076, 1.000000000000000000, 0.8660254037844387076, 1.000000000000000000, 0.8660254037844387076, 1.000000000000000000, 0.8660254037844387076, 1.000000000000000000, 0.8660254037844387076, 1.000000000000000000, 0.8660254037844387076, 1.000000000000000000, 0.8660254037844387076, 1.000000000000000000, 0.8660254037844387076, 1.000000000000000000, 0.8660254037844387076, 1.000000000000000000, 0.8660254037844387076, 1.000000000000000000, 0.8660254037844387076, 1.000000000000000000, 0.8660254037844387076, 1.000000000000000000, 0.8660254037844387076, 1.000000000000000000, 0.8660254037844387076, 1.000000000000000000, 0.8660254037844387076, 1.000000000000000000, 0.8660254037844387076, 1.000000000000000000, 0.8660254037844387076, 1.000000000000000000, 0.8660254037844387076, 1.000000000000000000, 0.8660254037844387076, 1.000000000000000000, 0.8660254037844387076, 1.000000000000000000, 0.8660254037844387076, 1.000000000000000000, 0.8660254037844387076, 1.000000000000000000, 0.8660254037844387076, 1.000000000000000000, 0.8660254037844387076, 1.000000000000000000, 0.8660254037844387076, 1.000000000000000000, 0.8660254037844387076, 1.000000000000000000, 0.8660254037844387076, 1.000000000000000000, 0.8660254037844387076, 1.000000000000000000, 0.8660254037844387076, 1.000000000000000000, 0.8660254037844387076, 1.000000000000000000, 0.8660254037844387076, 1.000000000000000000, 0.8660254037844387076, 1.000000000000000000, 0.8660254037844387076, 1.000000000000000000, 0.8660254037844387076, 1.000000000000000000, 0.8660254037844387076, 1.000000000000000000, 0.9486992196301331504, 0.9366860376691896750 ) ) 
 REPRESENTATION_ITEM ( '' )  );
#4679 = CARTESIAN_POINT ( 'NONE',  ( 1.006430356249999436, 10.64687500061451253, -1.767562423498186358E-15 ) ) ;
#4680 = CARTESIAN_POINT ( 'NONE',  ( 0.7142857142857127473, 12.06428571428571850, -0.4123930494211620057 ) ) ;
#4681 = CARTESIAN_POINT ( 'NONE',  ( 1.006430356249999658, 3.559375000614513507, -9.819791222584819450E-16 ) ) ;
#4682 = ORIENTED_EDGE ( 'NONE', *, *, #2744, .F. ) ;
#4683 = CARTESIAN_POINT ( 'NONE',  ( 8.838126989374219771E-17, 10.56249999999999645, -1.443375672974063439 ) ) ;
#4684 = CARTESIAN_POINT ( 'NONE',  ( 0.5032151781249990519, 0.03437500061451398414, -0.8715942556523228468 ) ) ;
#4685 = CARTESIAN_POINT ( 'NONE',  ( 1.252801084755458927, 5.104632794191442891, -2.760834442142232968E-15 ) ) ;
#4686 = CARTESIAN_POINT ( 'NONE',  ( -1.006430356249998548, 4.159375000614512707, 0.5810628371015493787 ) ) ;
#4687 = CARTESIAN_POINT ( 'NONE',  ( -0.5032151781250009392, 8.996875000614513951, -0.8715942556523212925 ) ) ;
#4688 = CYLINDRICAL_SURFACE ( 'NONE', #2164, 1.249999999999999334 ) ;
#4689 = CARTESIAN_POINT ( 'NONE',  ( 1.252801084755460037, -0.7828672058085563989, 0.7233050435246172194 ) ) ;
#4690 = CARTESIAN_POINT ( 'NONE',  ( -0.6249999999999978906, 7.206250001229030921, 1.082531754730548856 ) ) ;
#4691 = CARTESIAN_POINT ( 'NONE',  ( -1.249999999999999778, -0.08750000000000304756, 0.7216878364870313867 ) ) ;
#4692 = CARTESIAN_POINT ( 'NONE',  ( -1.006430356249998992, 3.821875000614514128, 0.5810628371015487126 ) ) ;
#4693 = CARTESIAN_POINT ( 'NONE',  ( 1.827526258964323273E-15, 10.53437500061451360, 1.162125674203096093 ) ) ;
#4694 = CARTESIAN_POINT ( 'NONE',  ( 0.6249999999999997780, 1.524999999999996803, -1.082531754730547746 ) ) ;
#4695 = CARTESIAN_POINT ( 'NONE',  ( 0.1463012063999788448, 0.1529742924477613952, 1.078512127788465058 ) ) ;
#4696 = VERTEX_POINT ( 'NONE', #3521 ) ;
#4697 = FACE_OUTER_BOUND ( 'NONE', #4604, .T. ) ;
#4698 = CARTESIAN_POINT ( 'NONE',  ( -1.250000000000000444, 0.3437500012290310436, -0.7216878364870296103 ) ) ;
#4699 = CARTESIAN_POINT ( 'NONE',  ( 0.5032151781249982747, 3.071875000614513684, -0.8715942556523229579 ) ) ;
#4700 = CARTESIAN_POINT ( 'NONE',  ( 0.000000000000000000, 10.00000000000000000, 0.000000000000000000 ) ) ;
#4701 = VERTEX_POINT ( 'NONE', #5285 ) ;
#4702 = CARTESIAN_POINT ( 'NONE',  ( -1.006430356249999880, 8.246875000614512174, -0.5810628371015474913 ) ) ;
#4703 = SURFACE_SIDE_STYLE ('',( #703 ) ) ;
#4704 = CARTESIAN_POINT ( 'NONE',  ( -5.148452945085441198E-05, 3.642894871246151300, 1.249999997923928241 ) ) ;
#4705 = CARTESIAN_POINT ( 'NONE',  ( 0.6249999999999974465, 5.181250001229030566, -1.082531754730548856 ) ) ;
#4706 = EDGE_CURVE ( 'NONE', #515, #760, #1689, .T. ) ;
#4707 = CARTESIAN_POINT ( 'NONE',  ( -1.062732146793064886E-15, 5.921875000614513773, -1.162125674203096537 ) ) ;
#4708 = CARTESIAN_POINT ( 'NONE',  ( 0.000000000000000000, 10.00000000000000000, 0.000000000000000000 ) ) ;
#4709 = CARTESIAN_POINT ( 'NONE',  ( 0.6264005423777272430, 7.429632794191443068, -1.084957565286930325 ) ) ;
#4710 = CARTESIAN_POINT ( 'NONE',  ( -1.969845607676301195E-15, 5.359375000614513773, -1.162125674203096093 ) ) ;
#4711 = CARTESIAN_POINT ( 'NONE',  ( -1.249999999999999334, 4.824999999999996625, -1.530808498934190831E-16 ) ) ;
#4712 = CARTESIAN_POINT ( 'NONE',  ( -0.5032151781249986078, 9.596875000614513596, 0.8715942556523228468 ) ) ;
#4713 = EDGE_CURVE ( 'NONE', #1862, #4034, #2876, .T. ) ;
#4714 = EDGE_CURVE ( 'NONE', #3154, #1392, #4201, .T. ) ;
#4715 = APPLICATION_PROTOCOL_DEFINITION ( 'draft international standard', 'automotive_design', 1998, #4647 ) ;
#4716 = VERTEX_POINT ( 'NONE', #2644 ) ;
#4717 = CARTESIAN_POINT ( 'NONE',  ( 2.922199054809748253E-15, 0.9421327941914434678, 1.446610087049238658 ) ) ;
#4718 = CARTESIAN_POINT ( 'NONE',  ( -1.249999999999999334, 8.931250001229029678, 2.596460695863248776E-15 ) ) ;
#4719 = CARTESIAN_POINT ( 'NONE',  ( -1.006430356249998992, 4.271875000614513418, 0.5810628371015487126 ) ) ;
#4720 = CARTESIAN_POINT ( 'NONE',  ( 0.3495295946228021422, 10.73332777396448634, -0.9603246686578801317 ) ) ;
#4721 = DIRECTION ( 'NONE',  ( -0.000000000000000000, -1.000000000000000000, -0.000000000000000000 ) ) ;
#4722 = CARTESIAN_POINT ( 'NONE',  ( 0.3349364905389032865, 8.292403810567662958, -1.249999999999999112 ) ) ;
#4723 = ORIENTED_EDGE ( 'NONE', *, *, #332, .T. ) ;
#4724 = CARTESIAN_POINT ( 'NONE',  ( -5.147446852647083031E-05, 3.868753089694037861, -1.249999998940150903 ) ) ;
#4725 = CARTESIAN_POINT ( 'NONE',  ( -0.6250000000000002220, 2.649999999999996358, 1.082531754730547746 ) ) ;
#4726 = CYLINDRICAL_SURFACE ( 'NONE', #1028, 1.249999999999999334 ) ;
#4727 = CARTESIAN_POINT ( 'NONE',  ( -1.249999999999999334, 1.281250001229031099, 2.596460695863248776E-15 ) ) ;
#4728 = VECTOR ( 'NONE', #2412, 1000.000000000000000 ) ;
#4729 = CARTESIAN_POINT ( 'NONE',  ( -1.006430356249998548, 3.259375000614514128, 0.5810628371015493787 ) ) ;
#4730 = LINE ( 'NONE', #2040, #1611 ) ;
#4731 = VERTEX_POINT ( 'NONE', #2243 ) ;
#4732 = AXIS2_PLACEMENT_3D ( 'NONE', #3290, #5585, #1081 ) ;
#4733 = CARTESIAN_POINT ( 'NONE',  ( 9.204127980810865691E-16, 6.596875000614512707, 1.162125674203096537 ) ) ;
#4734 = PRESENTATION_STYLE_ASSIGNMENT (( #3414 ) ) ;
#4735 = CARTESIAN_POINT ( 'NONE',  ( 0.6250000000000012212, 3.681250001229031454, 1.082531754730547080 ) ) ;
#4736 = CARTESIAN_POINT ( 'NONE',  ( 0.3349471108184876034, 5.198653174579922265, -1.249993868378721507 ) ) ;
#4737 = CARTESIAN_POINT ( 'NONE',  ( 1.006430356249998770, 5.396875000614513418, -0.5810628371015489346 ) ) ;
#4738 = AXIS2_PLACEMENT_3D ( 'NONE', #4202, #2849, #4569 ) ;
#4739 = CARTESIAN_POINT ( 'NONE',  ( -1.006430356249999658, 0.1843750006145139508, 8.587269508238524180E-16 ) ) ;
#4740 = CARTESIAN_POINT ( 'NONE',  ( -1.006430356249998548, 6.859375000614513773, 0.5810628371015493787 ) ) ;
#4741 = CARTESIAN_POINT ( 'NONE',  ( 0.5032151781250004952, 9.671875000614511109, 0.8715942556523216256 ) ) ;
#4742 = ORIENTED_EDGE ( 'NONE', *, *, #135, .T. ) ;
#4743 =( BOUNDED_CURVE ( )  B_SPLINE_CURVE ( 2, ( #5399, #3681, #5369, #2704, #960, #3144, #2767, #2347, #513 ),
 .UNSPECIFIED., .F., .F. ) 
 B_SPLINE_CURVE_WITH_KNOTS ( ( 3, 2, 2, 2, 3 ),
 ( 0.6196897937139818069, 0.6228677618924910453, 0.6292235553811900139, 0.6355793488698888716, 0.6387573237986761132 ),
 .UNSPECIFIED. ) 
 CURVE ( )  GEOMETRIC_REPRESENTATION_ITEM ( )  RATIONAL_B_SPLINE_CURVE ( ( 0.9330127019260666676, 0.9330111961222901096, 1.000000000000000000, 0.8660254037844387076, 1.000000000000000000, 0.8660254037844387076, 1.000000000000000000, 0.9330110538323030944, 0.9330127019327658644 ) ) 
 REPRESENTATION_ITEM ( '' )  );
#4744 = CARTESIAN_POINT ( 'NONE',  ( -0.6264005423777315729, -0.1453672058085562768, -1.084957565286927883 ) ) ;
#4745 = CARTESIAN_POINT ( 'NONE',  ( -1.249999999999999334, 10.28125000122902932, 2.596460695863248776E-15 ) ) ;
#4746 = CARTESIAN_POINT ( 'NONE',  ( 0.5032151781249999400, 3.934375000614513951, 0.8715942556523221807 ) ) ;
#4747 = CARTESIAN_POINT ( 'NONE',  ( -1.006430356249999658, 0.1843750006145139508, 8.587269508238526152E-16 ) ) ;
#4748 = CARTESIAN_POINT ( 'NONE',  ( -1.006430356249999880, 1.496875000614513951, -0.5810628371015476024 ) ) ;
#4749 = CARTESIAN_POINT ( 'NONE',  ( -0.8266280255369142793, 0.02812500184355200966, -0.5740977002030605014 ) ) ;
#4750 = ORIENTED_EDGE ( 'NONE', *, *, #5215, .F. ) ;
#4751 = AXIS2_PLACEMENT_3D ( 'NONE', #3999, #17, #1829 ) ;
#4752 = CARTESIAN_POINT ( 'NONE',  ( 1.250000000000000444, 1.018750001229030921, 0.7216878364870297213 ) ) ;
#4753 = CARTESIAN_POINT ( 'NONE',  ( 0.6249999999999987788, 9.024999999999995026, 1.082531754730548412 ) ) ;
#4754 = CARTESIAN_POINT ( 'NONE',  ( 1.249999999999999334, 2.856250001229030833, -2.749541545756668106E-15 ) ) ;
#4755 = CARTESIAN_POINT ( 'NONE',  ( 1.006430356249998104, 3.484375000614514217, -0.5810628371015496008 ) ) ;
#4756 = CARTESIAN_POINT ( 'NONE',  ( -1.249999999999999556, 3.512499999999996625, 0.7216878364870313867 ) ) ;
#4757 = VERTEX_POINT ( 'NONE', #4402 ) ;
#4758 = CARTESIAN_POINT ( 'NONE',  ( 9.204127980810865691E-16, 9.296875000614511109, 1.162125674203096537 ) ) ;
#4759 = CARTESIAN_POINT ( 'NONE',  ( -0.3349364905389035640, 8.067403810567661537, 1.249999999999999112 ) ) ;
#4760 = CARTESIAN_POINT ( 'NONE',  ( 2.428414212278390072E-11, 0.4312500000022005398, 1.239174682453964893 ) ) ;
#4761 = CARTESIAN_POINT ( 'NONE',  ( 1.006430356249999658, 5.809375000614513063, -9.819791222584819450E-16 ) ) ;
#4762 = EDGE_CURVE ( 'NONE', #319, #1862, #5470, .T. ) ;
#4763 = CARTESIAN_POINT ( 'NONE',  ( 0.5032151781249990519, 3.184375000614513507, -0.8715942556523228468 ) ) ;
#4764 = CARTESIAN_POINT ( 'NONE',  ( 0.5032151781250004952, 6.971875000614513596, 0.8715942556523216256 ) ) ;
#4765 = CARTESIAN_POINT ( 'NONE',  ( -1.520541410635321810E-05, 0.9435065763664627347, 1.249999999831362230 ) ) ;
#4766 = EDGE_LOOP ( 'NONE', ( #1808, #362, #3209, #1367 ) ) ;
#4767 = CARTESIAN_POINT ( 'NONE',  ( 1.252801084755460037, -0.3328672058085562768, 0.7233050435246172194 ) ) ;
#4768 = CARTESIAN_POINT ( 'NONE',  ( 1.006430356249999880, -0.6406249993854860048, 0.5810628371015469362 ) ) ;
#4769 = CARTESIAN_POINT ( 'NONE',  ( 0.5032151781249982747, 3.071875000614513684, -0.8715942556523229579 ) ) ;
#4770 = CARTESIAN_POINT ( 'NONE',  ( 1.006430356249999658, 2.209375000614513418, -9.819791222584819450E-16 ) ) ;
#4771 = EDGE_CURVE ( 'NONE', #760, #4348, #2434, .T. ) ;
#4772 = CARTESIAN_POINT ( 'NONE',  ( 1.006430356249999658, 1.271875000614513640, 0.5810628371015478244 ) ) ;
#4773 =( BOUNDED_CURVE ( )  B_SPLINE_CURVE ( 2, ( #1066, #3545, #2868, #1476, #1036, #4563, #420, #1368, #1770 ),
 .UNSPECIFIED., .F., .T. ) 
 B_SPLINE_CURVE_WITH_KNOTS ( ( 3, 2, 2, 2, 3 ),
 ( 0.7340941222835803970, 0.7372720446890709267, 0.7436278381777698954, 0.7499836316664688640, 0.7531615284205748218 ),
 .UNSPECIFIED. ) 
 CURVE ( )  GEOMETRIC_REPRESENTATION_ITEM ( )  RATIONAL_B_SPLINE_CURVE ( ( 0.9330127018965871377, 0.9330121609776929059, 1.000000000000000000, 0.8660254037844387076, 1.000000000000000000, 0.8660254037844387076, 1.000000000000000000, 0.9330127016865610301, 0.9330127018922192983 ) ) 
 REPRESENTATION_ITEM ( '' )  );
#4774 = DIRECTION ( 'NONE',  ( 0.000000000000000000, 0.000000000000000000, 1.000000000000000000 ) ) ;
#4775 = ORIENTED_EDGE ( 'NONE', *, *, #2818, .T. ) ;
#4776 = CARTESIAN_POINT ( 'NONE',  ( 2.755455298081544285E-16, 12.34999999999999964, 2.250000000000000000 ) ) ;
#4777 = LINE ( 'NONE', #3051, #4631 ) ;
#4778 = CARTESIAN_POINT ( 'NONE',  ( 0.6250000000000012212, 9.531250001229029323, 1.082531754730547080 ) ) ;
#4779 = CARTESIAN_POINT ( 'NONE',  ( 2.909753293500117656E-15, 4.093750001229031099, 1.443375672974063439 ) ) ;
#4780 = CARTESIAN_POINT ( 'NONE',  ( -0.5032151781250009392, 4.496875000614513951, -0.8715942556523212925 ) ) ;
#4781 = EDGE_CURVE ( 'NONE', #3165, #4060, #2797, .T. ) ;
#4782 = CARTESIAN_POINT ( 'NONE',  ( 0.6249999999999974465, 2.481250001229031277, -1.082531754730548856 ) ) ;
#4783 = EDGE_LOOP ( 'NONE', ( #3749, #3193, #458, #5758, #3989, #3857 ) ) ;
#4784 = CARTESIAN_POINT ( 'NONE',  ( 9.204127980810865691E-16, 8.846875000614511819, 1.162125674203096537 ) ) ;
#4785 = CARTESIAN_POINT ( 'NONE',  ( 0.6250000000000012212, 9.981250001229032165, 1.082531754730547080 ) ) ;
#4786 = CARTESIAN_POINT ( 'NONE',  ( -0.6249999999999993339, 7.899999999999997691, -1.082531754730547968 ) ) ;
#4787 = CARTESIAN_POINT ( 'NONE',  ( -0.3349364905389085600, 6.982596189432330291, -1.249999999999996225 ) ) ;
#4788 = CARTESIAN_POINT ( 'NONE',  ( 1.006430356249998770, 6.746875000614513063, -0.5810628371015489346 ) ) ;
#4789 = UNCERTAINTY_MEASURE_WITH_UNIT (LENGTH_MEASURE( 1.000000000000000082E-05 ), #730, 'distance_accuracy_value', 'NONE');
#4790 = CARTESIAN_POINT ( 'NONE',  ( 9.204127980810865691E-16, 2.546875000614513773, 1.162125674203096537 ) ) ;
#4791 = CARTESIAN_POINT ( 'NONE',  ( -1.006430356249999436, 5.921875000614513773, 1.644310252063557226E-15 ) ) ;
#4792 = DIRECTION ( 'NONE',  ( -0.8660254037844384856, 0.000000000000000000, -0.5000000000000001110 ) ) ;
#4793 = EDGE_CURVE ( 'NONE', #3256, #3735, #4630, .T. ) ;
#4794 = VERTEX_POINT ( 'NONE', #132 ) ;
#4795 = CARTESIAN_POINT ( 'NONE',  ( 1.252801084755457373, 0.6421327941914437565, -0.7233050435246219934 ) ) ;
#4796 = CARTESIAN_POINT ( 'NONE',  ( 1.006430356249999436, -1.053124999385485872, -1.767562423498186358E-15 ) ) ;
#4797 = CARTESIAN_POINT ( 'NONE',  ( 1.006430356249999436, 3.446875000614514128, -1.767562423498186358E-15 ) ) ;
#4798 = EDGE_CURVE ( 'NONE', #3165, #3894, #1500, .T. ) ;
#4799 = CARTESIAN_POINT ( 'NONE',  ( -0.5032151781249993849, 6.559375000614513951, 0.8715942556523227358 ) ) ;
#4800 = CARTESIAN_POINT ( 'NONE',  ( -0.5032151781250003841, 1.459375000614513862, -0.8715942556523218476 ) ) ;
#4801 = CARTESIAN_POINT ( 'NONE',  ( -1.249999999999999778, 8.012499999999995737, 0.7216878364870313867 ) ) ;
#4802 = CARTESIAN_POINT ( 'NONE',  ( 0.5032151781249990519, 0.4843750006145138842, -0.8715942556523228468 ) ) ;
#4803 = CARTESIAN_POINT ( 'NONE',  ( -2.486368270929061322E-11, 0.3140625009229670028, -1.171516448314909198 ) ) ;
#4804 = CARTESIAN_POINT ( 'NONE',  ( 0.9999999999999993339, 12.35000000000000320, -0.5773502691896267303 ) ) ;
#4805 = DIRECTION ( 'NONE',  ( -0.000000000000000000, 1.000000000000000000, -0.000000000000000000 ) ) ;
#4806 = CARTESIAN_POINT ( 'NONE',  ( 1.249999999999998002, 3.343750001229031099, -0.7216878364870344953 ) ) ;
#4807 =( BOUNDED_CURVE ( )  B_SPLINE_CURVE ( 2, ( #1977, #5022, #5111, #2888, #258 ),
 .UNSPECIFIED., .F., .T. ) 
 B_SPLINE_CURVE_WITH_KNOTS ( ( 3, 2, 3 ),
 ( 0.8796296296296296502, 0.8827160493827160836, 0.8888888888888888395 ),
 .UNSPECIFIED. ) 
 CURVE ( )  GEOMETRIC_REPRESENTATION_ITEM ( )  RATIONAL_B_SPLINE_CURVE ( ( 0.9330127018922194093, 0.9330127018922194093, 1.000000000000000000, 0.8660254037844387076, 1.000000000000000000 ) ) 
 REPRESENTATION_ITEM ( '' )  );
#4808 = CARTESIAN_POINT ( 'NONE',  ( -1.006430356249998548, 6.409375000614512707, 0.5810628371015493787 ) ) ;
#4809 = CARTESIAN_POINT ( 'NONE',  ( -0.3774113753479410582, 9.999999999999998224, -0.9329859140091431025 ) ) ;
#4810 = ORIENTED_EDGE ( 'NONE', *, *, #237, .T. ) ;
#4811 = CARTESIAN_POINT ( 'NONE',  ( -1.006430356249999214, 8.771875000614514306, 0.5810628371015488236 ) ) ;
#4812 = CARTESIAN_POINT ( 'NONE',  ( 1.252801084755458927, 9.154632794191444489, -2.760834442142232968E-15 ) ) ;
#4813 = VECTOR ( 'NONE', #4805, 1000.000000000000000 ) ;
#4814 = CARTESIAN_POINT ( 'NONE',  ( -0.6250000000000017764, 4.356250001229030389, -1.082531754730546636 ) ) ;
#4815 = CARTESIAN_POINT ( 'NONE',  ( -1.249999999999999112, 2.087499999999996803, -0.7216878364870322748 ) ) ;
#4816 = CARTESIAN_POINT ( 'NONE',  ( -1.969845607676301195E-15, 0.4093750006145138731, -1.162125674203096093 ) ) ;
#4817 = CARTESIAN_POINT ( 'NONE',  ( -1.062732146793064886E-15, 7.271875000614513418, -1.162125674203096537 ) ) ;
#4818 = CIRCLE ( 'NONE', #2418, 2.100000000000000089 ) ;
#4819 = CARTESIAN_POINT ( 'NONE',  ( -1.006430356249999880, 2.396875000614513418, -0.5810628371015474913 ) ) ;
#4820 = CARTESIAN_POINT ( 'NONE',  ( -1.006430356249998548, 5.959375000614513418, 0.5810628371015493787 ) ) ;
#4821 = TOROIDAL_SURFACE ( 'NONE', #1312, 2.100000000000000089, 0.1499999999999999944 ) ;
#4822 = CARTESIAN_POINT ( 'NONE',  ( -1.249999999999999334, 2.574999999999996625, -1.530808498934190831E-16 ) ) ;
#4823 = DIRECTION ( 'NONE',  ( -1.000000000000000000, 0.000000000000000000, 0.000000000000000000 ) ) ;
#4824 = ORIENTED_EDGE ( 'NONE', *, *, #594, .F. ) ;
#4825 = VECTOR ( 'NONE', #1701, 1000.000000000000114 ) ;
#4826 = CARTESIAN_POINT ( 'NONE',  ( 1.252801084755458927, 1.054632794191443512, -2.760834442142232968E-15 ) ) ;
#4827 = CARTESIAN_POINT ( 'NONE',  ( 0.5032151781250004952, -0.2281249993854860547, 0.8715942556523216256 ) ) ;
#4828 = CARTESIAN_POINT ( 'NONE',  ( 1.006430356249999880, 3.859375000614513773, 0.5810628371015468252 ) ) ;
#4829 = CARTESIAN_POINT ( 'NONE',  ( 0.5032151781249999400, 6.634375000614513240, 0.8715942556523221807 ) ) ;
#4830 = CARTESIAN_POINT ( 'NONE',  ( -0.5032151781249993849, 2.509375000614513684, 0.8715942556523227358 ) ) ;
#4831 = CARTESIAN_POINT ( 'NONE',  ( 9.204127980810863719E-16, 0.7468750006145137288, 1.162125674203096537 ) ) ;
#4832 = CARTESIAN_POINT ( 'NONE',  ( 0.000000000000000000, 12.34999999999999964, 0.000000000000000000 ) ) ;
#4833 = ORIENTED_EDGE ( 'NONE', *, *, #2491, .T. ) ;
#4834 = CARTESIAN_POINT ( 'NONE',  ( 1.249999999999999334, 9.999999999999994671, 0.000000000000000000 ) ) ;
#4835 = AXIS2_PLACEMENT_3D ( 'NONE', #2111, #5635, #336 ) ;
#4836 = CARTESIAN_POINT ( 'NONE',  ( 0.000000000000000000, 10.00000000000000000, 0.000000000000000000 ) ) ;
#4837 = LINE ( 'NONE', #3607, #1950 ) ;
#4838 = CARTESIAN_POINT ( 'NONE',  ( 2.909753293500117656E-15, 2.293750001229030833, 1.443375672974063439 ) ) ;
#4839 = CARTESIAN_POINT ( 'NONE',  ( 1.006430356249999658, 9.409375000614513596, -9.819791222584817478E-16 ) ) ;
#4840 = CARTESIAN_POINT ( 'NONE',  ( 1.006430356249998104, 6.184375000614513063, -0.5810628371015496008 ) ) ;
#4841 = CARTESIAN_POINT ( 'NONE',  ( 0.6249999999999974465, 6.981250001229031277, -1.082531754730548856 ) ) ;
#4842 = ORIENTED_EDGE ( 'NONE', *, *, #3788, .T. ) ;
#4843 = VERTEX_POINT ( 'NONE', #2381 ) ;
#4844 = CARTESIAN_POINT ( 'NONE',  ( -1.006430356249999880, 8.696875000614511464, -0.5810628371015474913 ) ) ;
#4845 = CARTESIAN_POINT ( 'NONE',  ( -0.6264005423777275761, 8.104632794191442002, 1.084957565286930325 ) ) ;
#4846 = CARTESIAN_POINT ( 'NONE',  ( -1.249999999999999112, 6.587499999999995914, -0.7216878364870322748 ) ) ;
#4847 = DIRECTION ( 'NONE',  ( -0.000000000000000000, -1.000000000000000000, -0.000000000000000000 ) ) ;
#4848 = CARTESIAN_POINT ( 'NONE',  ( -1.969845607676301195E-15, -0.9406249993854859381, -1.162125674203096093 ) ) ;
#4849 = CARTESIAN_POINT ( 'NONE',  ( -1.062732146793064886E-15, 9.971875000614515372, -1.162125674203096537 ) ) ;
#4850 = EDGE_CURVE ( 'NONE', #3522, #4696, #4961, .T. ) ;
#4851 = CARTESIAN_POINT ( 'NONE',  ( -1.006430356249999214, 2.921875000614513773, 0.5810628371015488236 ) ) ;
#4852 = CARTESIAN_POINT ( 'NONE',  ( 1.827526258964323273E-15, 8.284375000614511819, 1.162125674203096093 ) ) ;
#4853 = CARTESIAN_POINT ( 'NONE',  ( -0.6250000000000002220, 3.549999999999996714, 1.082531754730547746 ) ) ;
#4854 = CARTESIAN_POINT ( 'NONE',  ( -3.569075380924708916E-16, 11.40000000000000036, 1.154700538379252128 ) ) ;
#4855 = VERTEX_POINT ( 'NONE', #630 ) ;
#4856 = ADVANCED_FACE ( 'NONE', ( #3229, #5409 ), #1487, .T. ) ;
#4857 = VERTEX_POINT ( 'NONE', #3255 ) ;
#4858 = CARTESIAN_POINT ( 'NONE',  ( -1.252801084755457817, 3.567132794191442802, 0.7233050435246216603 ) ) ;
#4859 = CARTESIAN_POINT ( 'NONE',  ( -1.249999999999999334, 9.831250001229030033, 2.596460695863248776E-15 ) ) ;
#4860 = CARTESIAN_POINT ( 'NONE',  ( -1.969845607676301195E-15, 6.259375000614514128, -1.162125674203096093 ) ) ;
#4861 = CARTESIAN_POINT ( 'NONE',  ( -1.006430356249999658, 5.134375000614514128, 8.587269508238524180E-16 ) ) ;
#4862 = CARTESIAN_POINT ( 'NONE',  ( -1.006430356249999658, 1.984375000614513773, 8.587269508238526152E-16 ) ) ;
#4863 = CARTESIAN_POINT ( 'NONE',  ( -0.5032151781250003841, 1.909375000614513596, -0.8715942556523218476 ) ) ;
#4864 = FACE_OUTER_BOUND ( 'NONE', #3566, .T. ) ;
#4865 = ORIENTED_EDGE ( 'NONE', *, *, #1213, .F. ) ;
#4866 = DIRECTION ( 'NONE',  ( 0.000000000000000000, 1.000000000000000000, 0.000000000000000000 ) ) ;
#4867 = CARTESIAN_POINT ( 'NONE',  ( -1.066778120356633836E-05, 0.4935761097174111711, 1.249999999914094939 ) ) ;
#4868 = CARTESIAN_POINT ( 'NONE',  ( -3.801981910604345982E-05, 9.493159820316860120, 1.249999999005080520 ) ) ;
#4869 = CARTESIAN_POINT ( 'NONE',  ( -1.249999999999999334, 2.631250001229031188, 2.596460695863248776E-15 ) ) ;
#4870 = CARTESIAN_POINT ( 'NONE',  ( 9.204127980810863719E-16, 8.846875000614511819, 1.162125674203096537 ) ) ;
#4871 = CARTESIAN_POINT ( 'NONE',  ( 1.827526258964323273E-15, 6.034375000614514484, 1.162125674203096093 ) ) ;
#4872 = CARTESIAN_POINT ( 'NONE',  ( 0.3349379940990173665, 6.998653721583089293, -1.249999131919161899 ) ) ;
#4873 = EDGE_LOOP ( 'NONE', ( #560, #5702, #500, #4273 ) ) ;
#4874 = ORIENTED_EDGE ( 'NONE', *, *, #1663, .T. ) ;
#4875 = CARTESIAN_POINT ( 'NONE',  ( -1.062732146793064491E-15, 8.621875000614512174, -1.162125674203096537 ) ) ;
#4876 = CARTESIAN_POINT ( 'NONE',  ( 1.252801084755458927, 7.804632794191443068, -2.760834442142232968E-15 ) ) ;
#4877 = CARTESIAN_POINT ( 'NONE',  ( 1.743066579297358255E-16, 0.6624999999999967581, -1.249999999999999112 ) ) ;
#4878 = CYLINDRICAL_SURFACE ( 'NONE', #5589, 1.249999999999999334 ) ;
#4879 = CARTESIAN_POINT ( 'NONE',  ( -5.868324150301105755E-15, 5.162499999999996980, -1.249999999999999556 ) ) ;
#4880 = CARTESIAN_POINT ( 'NONE',  ( 1.006430356249999658, 8.921875000614514661, 0.5810628371015478244 ) ) ;
#4881 = LINE ( 'NONE', #908, #5482 ) ;
#4882 = CARTESIAN_POINT ( 'NONE',  ( 1.006430356249999658, 2.621875000614513507, 0.5810628371015478244 ) ) ;
#4883 = EDGE_CURVE ( 'NONE', #3846, #3641, #3623, .T. ) ;
#4884 = CARTESIAN_POINT ( 'NONE',  ( -1.006430356250000324, 9.034375000614511819, -0.5810628371015467142 ) ) ;
#4885 = CARTESIAN_POINT ( 'NONE',  ( 0.6249999999999987788, 3.174999999999996270, 1.082531754730548412 ) ) ;
#4886 = CARTESIAN_POINT ( 'NONE',  ( 0.6249999999999974465, 8.781250001229031099, -1.082531754730548856 ) ) ;
#4887 = ORIENTED_EDGE ( 'NONE', *, *, #4067, .F. ) ;
#4888 = ORIENTED_EDGE ( 'NONE', *, *, #4638, .T. ) ;
#4889 = CARTESIAN_POINT ( 'NONE',  ( -1.249999999999999334, 8.837499999999995026, -0.7216878364870322748 ) ) ;
#4890 = CARTESIAN_POINT ( 'NONE',  ( 0.9999999999999993339, 12.35000000000000320, -0.5773502691896267303 ) ) ;
#4891 = CARTESIAN_POINT ( 'NONE',  ( 0.6264005423777272430, 3.829632794191443868, -1.084957565286930325 ) ) ;
#4892 = EDGE_CURVE ( 'NONE', #522, #3703, #4093, .T. ) ;
#4893 = CARTESIAN_POINT ( 'NONE',  ( 1.006430356249998104, 1.234375000614513551, -0.5810628371015496008 ) ) ;
#4894 = CARTESIAN_POINT ( 'NONE',  ( 1.827526258964323273E-15, 6.934375000614513951, 1.162125674203096093 ) ) ;
#4895 = CARTESIAN_POINT ( 'NONE',  ( -1.006430356249999658, 6.034375000614513596, 8.587269508238524180E-16 ) ) ;
#4896 = CARTESIAN_POINT ( 'NONE',  ( 1.006430356249998770, 0.8968750006145139730, -0.5810628371015489346 ) ) ;
#4897 = CARTESIAN_POINT ( 'NONE',  ( -0.3349364905389035640, 8.967403810567661893, 1.249999999999999112 ) ) ;
#4898 = CARTESIAN_POINT ( 'NONE',  ( 0.2095230195738474188, 0.07117898438512723636, -1.031287584660063761 ) ) ;
#4899 = EDGE_LOOP ( 'NONE', ( #239, #18, #779, #1875 ) ) ;
#4900 = LINE ( 'NONE', #5001, #3445 ) ;
#4901 = CARTESIAN_POINT ( 'NONE',  ( 0.4125589766983053797, 0.02812500184457342525, -0.9413911226219117134 ) ) ;
#4902 =( BOUNDED_CURVE ( )  B_SPLINE_CURVE ( 2, ( #323, #4787, #3875, #3442, #3012, #4352, #3929, #5707, #1728 ),
 .UNSPECIFIED., .F., .F. ) 
 B_SPLINE_CURVE_WITH_KNOTS ( ( 3, 2, 2, 2, 3 ),
 ( 0.6388888888888889506, 0.6419753086419752730, 0.6481481481481481399, 0.6543209876543210068, 0.6574074074074074403 ),
 .UNSPECIFIED. ) 
 CURVE ( )  GEOMETRIC_REPRESENTATION_ITEM ( )  RATIONAL_B_SPLINE_CURVE ( ( 0.9330127018922192983, 0.9330127018922205195, 1.000000000000000000, 0.8660254037844387076, 1.000000000000000000, 0.8660254037844387076, 1.000000000000000000, 0.9330127018922194093, 0.9330127018922194093 ) ) 
 REPRESENTATION_ITEM ( '' )  );
#4903 = CARTESIAN_POINT ( 'NONE',  ( -3.086515833287601756E-15, 4.768750001229030033, -1.443375672974063439 ) ) ;
#4904 = CARTESIAN_POINT ( 'NONE',  ( -1.006430356249999436, 6.371875000614513951, 1.644310252063557226E-15 ) ) ;
#4905 = CARTESIAN_POINT ( 'NONE',  ( 0.3348772692312416699, 4.563842637382905743, 1.250034191437920272 ) ) ;
#4906 = ORIENTED_EDGE ( 'NONE', *, *, #951, .T. ) ;
#4907 = CARTESIAN_POINT ( 'NONE',  ( -4.938688641342514686E-16, 8.087499999999995026, 1.249999999999999334 ) ) ;
#4908 = CARTESIAN_POINT ( 'NONE',  ( 0.4350828923783198743, 10.59108618765075427, -1.195414862014814172 ) ) ;
#4909 = CARTESIAN_POINT ( 'NONE',  ( -0.3349462683849063205, 9.738846777332124560, -1.249994354757978154 ) ) ;
#4910 = CARTESIAN_POINT ( 'NONE',  ( -0.2565289219947568533, 0.3263796577853851910, -1.178627762139633051 ) ) ;
#4911 = CARTESIAN_POINT ( 'NONE',  ( 1.250000000000000444, 5.968750001229031099, 0.7216878364870297213 ) ) ;
#4912 = CARTESIAN_POINT ( 'NONE',  ( 1.006430356249999658, 9.859375000614512885, -9.819791222584819450E-16 ) ) ;
#4913 = CONICAL_SURFACE ( 'NONE', #933, 1.250000000000000000, 0.5235987755983033676 ) ;
#4914 = CARTESIAN_POINT ( 'NONE',  ( 1.006430356249998992, 5.396875000614513418, -0.5810628371015489346 ) ) ;
#4915 = CARTESIAN_POINT ( 'NONE',  ( 1.006430356249999880, 9.259375000614511464, 0.5810628371015469362 ) ) ;
#4916 = CARTESIAN_POINT ( 'NONE',  ( 8.838126989374219771E-17, 1.562499999999996669, -1.443375672974063439 ) ) ;
#4917 = FACE_OUTER_BOUND ( 'NONE', #2299, .T. ) ;
#4918 = ORIENTED_EDGE ( 'NONE', *, *, #3769, .F. ) ;
#4919 = ORIENTED_EDGE ( 'NONE', *, *, #4623, .F. ) ;
#4920 = CARTESIAN_POINT ( 'NONE',  ( 0.6249999999999997780, 9.174999999999995381, -1.082531754730547746 ) ) ;
#4921 = CARTESIAN_POINT ( 'NONE',  ( 1.252801084755458927, 3.304632794191443512, -2.760834442142232968E-15 ) ) ;
#4922 = CARTESIAN_POINT ( 'NONE',  ( 1.006430356249999880, 2.059375000614514395, 0.5810628371015469362 ) ) ;
#4923 = CARTESIAN_POINT ( 'NONE',  ( 0.5032151781249982747, 5.321875000614514128, -0.8715942556523229579 ) ) ;
#4924 = CARTESIAN_POINT ( 'NONE',  ( 1.006430356249999658, 4.871875000614513063, 0.5810628371015478244 ) ) ;
#4925 = CARTESIAN_POINT ( 'NONE',  ( 1.006430356249999658, 5.359375000614512885, -9.819791222584819450E-16 ) ) ;
#4926 = CARTESIAN_POINT ( 'NONE',  ( 1.530808498934190831E-16, 10.00000000000000000, 1.249999999999999334 ) ) ;
#4927 = FACE_OUTER_BOUND ( 'NONE', #427, .T. ) ;
#4928 = CARTESIAN_POINT ( 'NONE',  ( -0.9999999999999978906, 11.40000000000000036, 0.5773502691896302830 ) ) ;
#4929 = EDGE_CURVE ( 'NONE', #337, #3451, #4244, .T. ) ;
#4930 = DIRECTION ( 'NONE',  ( 0.8660254037844388186, 0.000000000000000000, -0.4999999999999996669 ) ) ;
#4931 = CARTESIAN_POINT ( 'NONE',  ( -0.6250000000000017764, 6.606250001229031277, -1.082531754730546636 ) ) ;
#4932 = CARTESIAN_POINT ( 'NONE',  ( 1.006430356249999880, 7.459375000614513418, 0.5810628371015469362 ) ) ;
#4933 = CARTESIAN_POINT ( 'NONE',  ( 0.6250000000000012212, 4.581250001229030921, 1.082531754730547080 ) ) ;
#4934 = VERTEX_POINT ( 'NONE', #2471 ) ;
#4935 = EDGE_CURVE ( 'NONE', #840, #1332, #5411, .T. ) ;
#4936 =( BOUNDED_CURVE ( )  B_SPLINE_CURVE ( 2, ( #3378, #2004, #4238, #4633, #5554, #1108, #1635, #722, #1517 ),
 .UNSPECIFIED., .F., .T. ) 
 B_SPLINE_CURVE_WITH_KNOTS ( ( 3, 2, 2, 2, 3 ),
 ( 0.8103637093733859764, 0.8135415665534576624, 0.8198973600421566310, 0.8262531535308554886, 0.8294311515069219265 ),
 .UNSPECIFIED. ) 
 CURVE ( )  GEOMETRIC_REPRESENTATION_ITEM ( )  RATIONAL_B_SPLINE_CURVE ( ( 0.9330127019026022150, 0.9330135358727655870, 1.000000000000000000, 0.8660254037844387076, 1.000000000000000000, 0.8660254037844387076, 1.000000000000000000, 0.9330105680157121384, 0.9330127019601939242 ) ) 
 REPRESENTATION_ITEM ( '' )  );
#4937 = CARTESIAN_POINT ( 'NONE',  ( 0.3349364908260696327, 2.763846190678595161, 1.249999999834204401 ) ) ;
#4938 = CARTESIAN_POINT ( 'NONE',  ( 0.6264005423777272430, 9.679632794191443068, -1.084957565286930325 ) ) ;
#4939 = CARTESIAN_POINT ( 'NONE',  ( -1.006430356250000102, 0.4843750006145138842, -0.5810628371015466032 ) ) ;
#4940 = CARTESIAN_POINT ( 'NONE',  ( -1.969845607676301195E-15, -0.04062499938548599920, -1.162125674203096093 ) ) ;
#4941 = CARTESIAN_POINT ( 'NONE',  ( -1.006430356249999880, 7.796875000614512885, -0.5810628371015476024 ) ) ;
#4942 = CARTESIAN_POINT ( 'NONE',  ( -1.006430356249999880, 5.096875000614512707, -0.5810628371015474913 ) ) ;
#4943 = CARTESIAN_POINT ( 'NONE',  ( 0.5032151781250004952, 8.321875000614513240, 0.8715942556523216256 ) ) ;
#4944 = CARTESIAN_POINT ( 'NONE',  ( -1.249999999999999778, 3.062499999999996447, 0.7216878364870313867 ) ) ;
#4945 = CARTESIAN_POINT ( 'NONE',  ( -1.249999999999999334, 4.881250001229030744, 2.596460695863248776E-15 ) ) ;
#4946 = ORIENTED_EDGE ( 'NONE', *, *, #4929, .F. ) ;
#4947 = ORIENTED_EDGE ( 'NONE', *, *, #5239, .F. ) ;
#4948 = CARTESIAN_POINT ( 'NONE',  ( -1.249999999999999334, 10.18749999999999467, -0.7216878364870322748 ) ) ;
#4949 = CARTESIAN_POINT ( 'NONE',  ( 1.249999999999999334, 9.549999999999995381, 0.000000000000000000 ) ) ;
#4950 = CARTESIAN_POINT ( 'NONE',  ( 1.252801084755457373, 3.792132794191443335, -0.7233050435246219934 ) ) ;
#4951 = CARTESIAN_POINT ( 'NONE',  ( -0.5032151781249986078, 0.1468750006145139453, 0.8715942556523228468 ) ) ;
#4952 = CARTESIAN_POINT ( 'NONE',  ( -0.5032151781250009392, 4.946875000614513240, -0.8715942556523212925 ) ) ;
#4953 = CARTESIAN_POINT ( 'NONE',  ( -1.062732146793064491E-15, 7.721875000614513596, -1.162125674203096537 ) ) ;
#4954 = CARTESIAN_POINT ( 'NONE',  ( -1.006430356249999880, 4.196875000614514128, -0.5810628371015476024 ) ) ;
#4955 = CARTESIAN_POINT ( 'NONE',  ( 0.000000000000000000, 10.00000000000000000, 0.000000000000000000 ) ) ;
#4956 = DIRECTION ( 'NONE',  ( 0.000000000000000000, 0.000000000000000000, -1.000000000000000000 ) ) ;
#4957 = CARTESIAN_POINT ( 'NONE',  ( -1.249999999999998224, 6.718750001229030211, 0.7216878364870340512 ) ) ;
#4958 = CARTESIAN_POINT ( 'NONE',  ( -1.249999999999999778, -0.5375000000000030864, 0.7216878364870313867 ) ) ;
#4959 = EDGE_CURVE ( 'NONE', #2500, #1847, #5208, .T. ) ;
#4960 = CARTESIAN_POINT ( 'NONE',  ( -1.006430356249999436, 8.621875000614512174, 1.644310252063557226E-15 ) ) ;
#4961 = LINE ( 'NONE', #2441, #4648 ) ;
#4962 = EDGE_LOOP ( 'NONE', ( #4947, #934, #1357, #5313 ) ) ;
#4963 = CARTESIAN_POINT ( 'NONE',  ( 0.3349647437110219728, 9.248652116606370654, -1.249983688023470263 ) ) ;
#4964 = CARTESIAN_POINT ( 'NONE',  ( -1.249999999999998224, -0.9312499987709688121, 0.7216878364870340512 ) ) ;
#4965 = CARTESIAN_POINT ( 'NONE',  ( 1.006430356249998326, 0.7843750006145140397, -0.5810628371015497118 ) ) ;
#4966 = EDGE_CURVE ( 'NONE', #4794, #2393, #2581, .T. ) ;
#4967 = CARTESIAN_POINT ( 'NONE',  ( 0.5032151781250004952, 2.021875000614513862, 0.8715942556523216256 ) ) ;
#4968 = CARTESIAN_POINT ( 'NONE',  ( -0.5032151781249993849, 8.809375000614513951, 0.8715942556523227358 ) ) ;
#4969 = CARTESIAN_POINT ( 'NONE',  ( 0.5032151781249999400, 4.834375000614513418, 0.8715942556523221807 ) ) ;
#4970 = CARTESIAN_POINT ( 'NONE',  ( -0.5032151781249986078, 7.796875000614512885, 0.8715942556523228468 ) ) ;
#4971 = CARTESIAN_POINT ( 'NONE',  ( 7.916533216810869652E-07, 2.518749955636498949, -1.249999999999748646 ) ) ;
#4972 = ORIENTED_EDGE ( 'NONE', *, *, #5645, .F. ) ;
#4973 = ORIENTED_EDGE ( 'NONE', *, *, #5330, .F. ) ;
#4974 = CARTESIAN_POINT ( 'NONE',  ( -1.249999999999999778, 9.812499999999994671, 0.7216878364870313867 ) ) ;
#4975 = CARTESIAN_POINT ( 'NONE',  ( -1.252801084755458927, 2.629632794191443690, 2.607410558300822600E-15 ) ) ;
#4976 = CARTESIAN_POINT ( 'NONE',  ( 1.006430356249999880, 0.7093750006145138620, 0.5810628371015469362 ) ) ;
#4977 = CARTESIAN_POINT ( 'NONE',  ( -1.006430356249998548, 5.959375000614514306, 0.5810628371015494897 ) ) ;
#4978 = CARTESIAN_POINT ( 'NONE',  ( -1.006430356249999658, 7.384375000614513240, 8.587269508238524180E-16 ) ) ;
#4979 = CARTESIAN_POINT ( 'NONE',  ( 0.3349364905389026204, 6.307596189432330469, 1.249999999999999556 ) ) ;
#4980 = LINE ( 'NONE', #2771, #3817 ) ;
#4981 = EDGE_CURVE ( 'NONE', #1778, #2366, #4277, .T. ) ;
#4982 = CARTESIAN_POINT ( 'NONE',  ( 1.249999999999998002, 6.043750001229030389, -0.7216878364870344953 ) ) ;
#4983 = CARTESIAN_POINT ( 'NONE',  ( -1.006430356249998992, 10.57187500061451324, 0.5810628371015487126 ) ) ;
#4984 = CARTESIAN_POINT ( 'NONE',  ( 1.006430356249999880, 8.809375000614513951, 0.5810628371015469362 ) ) ;
#4985 = CARTESIAN_POINT ( 'NONE',  ( 1.249999999999999556, 6.437499999999996447, -0.7216878364870316087 ) ) ;
#4986 = CYLINDRICAL_SURFACE ( 'NONE', #4537, 1.249999999999999334 ) ;
#4987 = CARTESIAN_POINT ( 'NONE',  ( -1.249999999999998002, 5.368750001229031454, 0.7216878364870340512 ) ) ;
#4988 = VERTEX_POINT ( 'NONE', #5552 ) ;
#4989 = ORIENTED_EDGE ( 'NONE', *, *, #2929, .F. ) ;
#4990 = CARTESIAN_POINT ( 'NONE',  ( -6.276117256363879780E-05, 9.042728525439386544, 1.249999997035484922 ) ) ;
#4991 = CARTESIAN_POINT ( 'NONE',  ( 1.252801084755457373, 10.54213279419144378, -0.7233050435246219934 ) ) ;
#4992 = CARTESIAN_POINT ( 'NONE',  ( -1.006430356249999436, 0.9718750006145139286, 1.644310252063557226E-15 ) ) ;
#4993 = CARTESIAN_POINT ( 'NONE',  ( -1.969845607676301195E-15, 2.659375000614513596, -1.162125674203096093 ) ) ;
#4994 = EDGE_CURVE ( 'NONE', #2799, #3807, #691, .T. ) ;
#4995 = CARTESIAN_POINT ( 'NONE',  ( -1.006430356249999880, 4.646875000614513418, -0.5810628371015474913 ) ) ;
#4996 = CARTESIAN_POINT ( 'NONE',  ( -1.006430356249999436, 9.521875000614512530, 1.644310252063557226E-15 ) ) ;
#4997 = DIRECTION ( 'NONE',  ( -0.000000000000000000, -1.000000000000000000, -0.000000000000000000 ) ) ;
#4998 = ORIENTED_EDGE ( 'NONE', *, *, #2206, .F. ) ;
#4999 = ORIENTED_EDGE ( 'NONE', *, *, #651, .T. ) ;
#5000 = CARTESIAN_POINT ( 'NONE',  ( 1.249999999999999556, 10.48749999999999716, -0.7216878364870316087 ) ) ;
#5001 = CARTESIAN_POINT ( 'NONE',  ( 0.000000000000000000, 10.00000000000000000, -1.249999999999999334 ) ) ;
#5002 = CARTESIAN_POINT ( 'NONE',  ( 1.252801084755457373, 6.042132794191442891, -0.7233050435246219934 ) ) ;
#5003 = CARTESIAN_POINT ( 'NONE',  ( 1.827526258964323273E-15, 3.334375000614514750, 1.162125674203096093 ) ) ;
#5004 = VECTOR ( 'NONE', #754, 999.9999999999998863 ) ;
#5005 = CARTESIAN_POINT ( 'NONE',  ( -1.969845607676301195E-15, 8.059375000614512174, -1.162125674203096093 ) ) ;
#5006 = LINE ( 'NONE', #4926, #4448 ) ;
#5007 = DIRECTION ( 'NONE',  ( -0.000000000000000000, -1.000000000000000000, -0.000000000000000000 ) ) ;
#5008 = EDGE_LOOP ( 'NONE', ( #925, #5193, #3975, #2695 ) ) ;
#5009 = VECTOR ( 'NONE', #485, 1000.000000000000000 ) ;
#5010 = CARTESIAN_POINT ( 'NONE',  ( 1.252801084755457373, -0.7078672058085564434, -0.7233050435246219934 ) ) ;
#5011 = CARTESIAN_POINT ( 'NONE',  ( -1.249999999999999334, 6.231250001229030389, 2.596460695863248776E-15 ) ) ;
#5012 = CARTESIAN_POINT ( 'NONE',  ( -1.006430356249999658, 10.53437500061451360, 8.587269508238524180E-16 ) ) ;
#5013 = AXIS2_PLACEMENT_3D ( 'NONE', #2080, #1705, #4792 ) ;
#5014 = CARTESIAN_POINT ( 'NONE',  ( -1.969845607676301195E-15, 8.959375000614512530, -1.162125674203096093 ) ) ;
#5015 = CARTESIAN_POINT ( 'NONE',  ( 8.838126989374219771E-17, 6.512499999999996625, -1.443375672974063439 ) ) ;
#5016 = CARTESIAN_POINT ( 'NONE',  ( -1.249999999999998002, 6.718750001229031099, 0.7216878364870340512 ) ) ;
#5017 = EDGE_LOOP ( 'NONE', ( #2629, #262, #4632, #3816 ) ) ;
#5018 = ADVANCED_FACE ( 'NONE', ( #3375 ), #1222, .T. ) ;
#5019 = AXIS2_PLACEMENT_3D ( 'NONE', #1949, #3730, #1144 ) ;
#5020 = CARTESIAN_POINT ( 'NONE',  ( -0.6250000000000017764, 7.956250001229029145, -1.082531754730546636 ) ) ;
#5021 = CARTESIAN_POINT ( 'NONE',  ( -1.252801084755458927, 10.27963279419144271, 2.607410558300822600E-15 ) ) ;
#5022 = CARTESIAN_POINT ( 'NONE',  ( 0.3349364905389026204, 9.907596189432331002, 1.249999999999999556 ) ) ;
#5023 = CARTESIAN_POINT ( 'NONE',  ( -1.006430356249998548, 1.909375000614513818, 0.5810628371015494897 ) ) ;
#5024 = CARTESIAN_POINT ( 'NONE',  ( -1.969845607676301195E-15, 1.309375000614513507, -1.162125674203096093 ) ) ;
#5025 = CARTESIAN_POINT ( 'NONE',  ( 9.204127980810867663E-16, 10.19687500061451146, 1.162125674203096537 ) ) ;
#5026 = UNCERTAINTY_MEASURE_WITH_UNIT (LENGTH_MEASURE( 1.000000000000000082E-05 ), #5130, 'distance_accuracy_value', 'NONE');
#5027 = CARTESIAN_POINT ( 'NONE',  ( -1.006430356249999214, 4.721875000614512707, 0.5810628371015488236 ) ) ;
#5028 = AXIS2_PLACEMENT_3D ( 'NONE', #5174, #3845, #3815 ) ;
#5029 = CARTESIAN_POINT ( 'NONE',  ( 0.5032151781249982747, 9.821875000614513240, -0.8715942556523229579 ) ) ;
#5030 = CARTESIAN_POINT ( 'NONE',  ( 0.3349364905389026204, 6.757596189432330647, 1.249999999999999556 ) ) ;
#5031 = ADVANCED_FACE ( 'NONE', ( #5581 ), #5138, .T. ) ;
#5032 = VERTEX_POINT ( 'NONE', #4749 ) ;
#5033 = VECTOR ( 'NONE', #4487, 1000.000000000000114 ) ;
#5034 = CARTESIAN_POINT ( 'NONE',  ( 0.3349365102600115884, 4.298653810613429549, -1.249999988614011182 ) ) ;
#5035 = CARTESIAN_POINT ( 'NONE',  ( -5.868324150301105755E-15, 4.262499999999997513, -1.249999999999999556 ) ) ;
#5036 = CARTESIAN_POINT ( 'NONE',  ( -1.252801084755460259, 6.642132794191442535, -0.7233050435246171084 ) ) ;
#5037 = CARTESIAN_POINT ( 'NONE',  ( -1.969845607676301195E-15, 4.009375000614513240, -1.162125674203096093 ) ) ;
#5038 = CARTESIAN_POINT ( 'NONE',  ( -1.969845607676301195E-15, 8.509375000614513240, -1.162125674203096093 ) ) ;
#5039 = EDGE_CURVE ( 'NONE', #3027, #50, #2120, .T. ) ;
#5040 = CARTESIAN_POINT ( 'NONE',  ( -0.5032151781249993849, 7.909375000614511819, 0.8715942556523227358 ) ) ;
#5041 = DIRECTION ( 'NONE',  ( -0.8660254037844388186, 0.000000000000000000, 0.4999999999999996669 ) ) ;
#5042 = CARTESIAN_POINT ( 'NONE',  ( 1.252801084755458927, -1.195367205808556266, -2.760834442142232968E-15 ) ) ;
#5043 = CARTESIAN_POINT ( 'NONE',  ( 2.909753293500117656E-15, 9.043750001229030389, 1.443375672974063439 ) ) ;
#5044 = CARTESIAN_POINT ( 'NONE',  ( 1.006430356249998770, 10.34687500061451537, -0.5810628371015489346 ) ) ;
#5045 = CARTESIAN_POINT ( 'NONE',  ( 1.006430356249999436, 8.396875000614512530, -1.767562423498186358E-15 ) ) ;
#5046 = CARTESIAN_POINT ( 'NONE',  ( -1.249999999999999334, 5.687499999999996447, -0.7216878364870322748 ) ) ;
#5047 = CARTESIAN_POINT ( 'NONE',  ( 1.249999999999999112, 7.712499999999996803, 0.7216878364870324969 ) ) ;
#5048 = ORIENTED_EDGE ( 'NONE', *, *, #3061, .F. ) ;
#5049 = ORIENTED_EDGE ( 'NONE', *, *, #4713, .T. ) ;
#5050 = FACE_OUTER_BOUND ( 'NONE', #44, .T. ) ;
#5051 = CARTESIAN_POINT ( 'NONE',  ( -0.6250000000000017764, 1.206250001229031144, -1.082531754730546636 ) ) ;
#5052 = CARTESIAN_POINT ( 'NONE',  ( -1.250000000000000444, 9.793750001229030389, -0.7216878364870294993 ) ) ;
#5053 = CARTESIAN_POINT ( 'NONE',  ( 1.006430356249999880, 2.059375000614513951, 0.5810628371015468252 ) ) ;
#5054 = CARTESIAN_POINT ( 'NONE',  ( -0.5032151781249986078, 1.046875000614513995, 0.8715942556523228468 ) ) ;
#5055 = FACE_OUTER_BOUND ( 'NONE', #1612, .T. ) ;
#5056 = CARTESIAN_POINT ( 'NONE',  ( -1.062732146793064491E-15, 7.271875000614513418, -1.162125674203096537 ) ) ;
#5057 = EDGE_CURVE ( 'NONE', #4857, #5743, #5526, .T. ) ;
#5058 = LINE ( 'NONE', #1061, #4545 ) ;
#5059 = CARTESIAN_POINT ( 'NONE',  ( 1.249999999999999112, 4.562499999999996447, 0.7216878364870324969 ) ) ;
#5060 = CARTESIAN_POINT ( 'NONE',  ( -1.006430356249999880, 3.746875000614513951, -0.5810628371015476024 ) ) ;
#5061 = ORIENTED_EDGE ( 'NONE', *, *, #1232, .F. ) ;
#5062 = CARTESIAN_POINT ( 'NONE',  ( 0.2170251198826410599, 10.99947849280703593, -1.231015880214354929 ) ) ;
#5063 = CARTESIAN_POINT ( 'NONE',  ( 1.080918394744736987E-05, 4.093929486627626346, 1.249999999908528281 ) ) ;
#5064 = ADVANCED_FACE ( 'NONE', ( #4864 ), #3943, .T. ) ;
#5065 = CARTESIAN_POINT ( 'NONE',  ( 1.252801084755457373, 5.142132794191443423, -0.7233050435246219934 ) ) ;
#5066 = CARTESIAN_POINT ( 'NONE',  ( -1.969845607676301195E-15, 3.559375000614513951, -1.162125674203096093 ) ) ;
#5067 = CARTESIAN_POINT ( 'NONE',  ( 1.006430356249998326, 8.884375000614511464, -0.5810628371015497118 ) ) ;
#5068 = CARTESIAN_POINT ( 'NONE',  ( 9.204127980810863719E-16, 7.046875000614514661, 1.162125674203096537 ) ) ;
#5069 = LINE ( 'NONE', #592, #770 ) ;
#5070 = EDGE_CURVE ( 'NONE', #1375, #5445, #2669, .T. ) ;
#5071 = CARTESIAN_POINT ( 'NONE',  ( 1.252801084755457373, -1.157867205808556177, -0.7233050435246219934 ) ) ;
#5072 = CARTESIAN_POINT ( 'NONE',  ( 0.6250000000000012212, 9.081250001229030033, 1.082531754730547080 ) ) ;
#5073 = CARTESIAN_POINT ( 'NONE',  ( 1.006430356249999658, 10.75937500061451324, -9.819791222584817478E-16 ) ) ;
#5074 = CARTESIAN_POINT ( 'NONE',  ( -0.5032151781250009392, 8.546875000614512885, -0.8715942556523212925 ) ) ;
#5075 = CARTESIAN_POINT ( 'NONE',  ( -2.651438096812265438E-16, 6.737499999999996270, 1.443375672974063439 ) ) ;
#5076 = DIRECTION ( 'NONE',  ( -0.000000000000000000, 1.000000000000000000, -0.000000000000000000 ) ) ;
#5077 = ORIENTED_EDGE ( 'NONE', *, *, #548, .T. ) ;
#5078 = CYLINDRICAL_SURFACE ( 'NONE', #3448, 2.250000000000000000 ) ;
#5079 = CARTESIAN_POINT ( 'NONE',  ( 2.909753293500117656E-15, 1.393750001229031366, 1.443375672974063439 ) ) ;
#5080 = CARTESIAN_POINT ( 'NONE',  ( 0.000000000000000000, 10.00000000000000000, -1.249999999999999334 ) ) ;
#5081 = CARTESIAN_POINT ( 'NONE',  ( 1.006430356249999880, 4.309375000614513063, 0.5810628371015468252 ) ) ;
#5082 = CARTESIAN_POINT ( 'NONE',  ( -1.969845607676301195E-15, 1.759375000614514128, -1.162125674203096093 ) ) ;
#5083 = CARTESIAN_POINT ( 'NONE',  ( -1.250000000000000444, 8.893750001229030033, -0.7216878364870294993 ) ) ;
#5084 = CARTESIAN_POINT ( 'NONE',  ( 9.204127980810865691E-16, 7.946875000614514128, 1.162125674203096537 ) ) ;
#5085 =( BOUNDED_CURVE ( )  B_SPLINE_CURVE ( 2, ( #5617, #5592, #369, #2478, #700, #1171, #4782, #3436, #5258 ),
 .UNSPECIFIED., .F., .T. ) 
 B_SPLINE_CURVE_WITH_KNOTS ( ( 3, 2, 2, 2, 3 ),
 ( 0.2955441385761872208, 0.2987222939688477519, 0.3050780874575466095, 0.3114338809462455226, 0.3146117739354662990 ),
 .UNSPECIFIED. ) 
 CURVE ( )  GEOMETRIC_REPRESENTATION_ITEM ( )  RATIONAL_B_SPLINE_CURVE ( ( 0.9330127023359630067, 0.9330072498108858969, 1.000000000000000000, 0.8660254037844387076, 1.000000000000000000, 0.8660254037844387076, 1.000000000000000000, 0.9330127810470636440, 0.9330127018923127791 ) ) 
 REPRESENTATION_ITEM ( '' )  );
#5086 = CARTESIAN_POINT ( 'NONE',  ( -1.483955717816909159, 10.86996057481256805, -1.283585926004407129 ) ) ;
#5087 = CARTESIAN_POINT ( 'NONE',  ( 1.249999999999999112, 4.112499999999996270, 0.7216878364870323859 ) ) ;
#5088 = FACE_OUTER_BOUND ( 'NONE', #5593, .T. ) ;
#5089 = CARTESIAN_POINT ( 'NONE',  ( -0.5032151781250003841, 5.059375000614513063, -0.8715942556523218476 ) ) ;
#5090 = EDGE_LOOP ( 'NONE', ( #4459, #1473, #5453, #5759 ) ) ;
#5091 = EDGE_CURVE ( 'NONE', #522, #3256, #5278, .T. ) ;
#5092 = PLANE ( 'NONE',  #2 ) ;
#5093 = CARTESIAN_POINT ( 'NONE',  ( 2.527446539981169803E-15, 0.8874999999999969580, 1.249999999999999556 ) ) ;
#5094 = CARTESIAN_POINT ( 'NONE',  ( 1.252801084755460037, 6.417132794191442891, 0.7233050435246172194 ) ) ;
#5095 = CARTESIAN_POINT ( 'NONE',  ( -1.006430356249998548, 2.809375000614513951, 0.5810628371015493787 ) ) ;
#5096 = CARTESIAN_POINT ( 'NONE',  ( -1.006430356249999436, 7.271875000614513418, 1.644310252063557226E-15 ) ) ;
#5097 =( NAMED_UNIT ( * ) SI_UNIT ( $, .STERADIAN. ) SOLID_ANGLE_UNIT ( ) );
#5098 = CARTESIAN_POINT ( 'NONE',  ( -1.252801084755457817, -0.4828672058085562990, 0.7233050435246216603 ) ) ;
#5099 = CARTESIAN_POINT ( 'NONE',  ( 0.6250000000000012212, 7.731250001229030389, 1.082531754730547080 ) ) ;
#5100 = CARTESIAN_POINT ( 'NONE',  ( 1.249999999999999334, 0.9999999999999970024, 0.000000000000000000 ) ) ;
#5101 = CARTESIAN_POINT ( 'NONE',  ( 0.5032151781249990519, 4.534375000614513596, -0.8715942556523228468 ) ) ;
#5102 = CARTESIAN_POINT ( 'NONE',  ( -1.006430356249999658, -0.2656249993854860603, 8.587269508238526152E-16 ) ) ;
#5103 = CARTESIAN_POINT ( 'NONE',  ( -1.249999999999999334, 6.587499999999996803, -0.7216878364870322748 ) ) ;
#5104 = CARTESIAN_POINT ( 'NONE',  ( 1.006430356249999658, -0.9406249993854859381, -9.819791222584817478E-16 ) ) ;
#5105 = CARTESIAN_POINT ( 'NONE',  ( 0.2083333333333575454, 0.4499999999999999556, 1.232516621479082808 ) ) ;
#5106 = DIRECTION ( 'NONE',  ( -0.000000000000000000, -1.000000000000000000, -0.000000000000000000 ) ) ;
#5107 = VECTOR ( 'NONE', #4012, 1000.000000000000000 ) ;
#5108 = ORIENTED_EDGE ( 'NONE', *, *, #4883, .F. ) ;
#5109 = CARTESIAN_POINT ( 'NONE',  ( -1.249999999999998002, 0.8687500012290307883, 0.7216878364870340512 ) ) ;
#5110 = CARTESIAN_POINT ( 'NONE',  ( 2.909753293500117656E-15, 1.843750001229030877, 1.443375672974063439 ) ) ;
#5111 = CARTESIAN_POINT ( 'NONE',  ( 0.6249999999999987788, 9.924999999999997158, 1.082531754730548412 ) ) ;
#5112 = VECTOR ( 'NONE', #2015, 1000.000000000000000 ) ;
#5113 = CARTESIAN_POINT ( 'NONE',  ( -1.969845607676301195E-15, 4.009375000614513240, -1.162125674203096093 ) ) ;
#5114 = CARTESIAN_POINT ( 'NONE',  ( -1.969845607676301195E-15, 3.559375000614513951, -1.162125674203096093 ) ) ;
#5115 = CARTESIAN_POINT ( 'NONE',  ( 1.530808498934190831E-16, 10.00000000000000000, 1.249999999999999334 ) ) ;
#5116 = VECTOR ( 'NONE', #1205, 1000.000000000000000 ) ;
#5117 = ORIENTED_EDGE ( 'NONE', *, *, #3272, .F. ) ;
#5118 = CARTESIAN_POINT ( 'NONE',  ( -1.006430356249999880, 6.896875000614513418, -0.5810628371015474913 ) ) ;
#5119 = CARTESIAN_POINT ( 'NONE',  ( -0.3349361231799635186, 2.538846168619829147, -1.250000212094782848 ) ) ;
#5120 = CARTESIAN_POINT ( 'NONE',  ( 1.827526258964323273E-15, 9.634375000614511464, 1.162125674203096093 ) ) ;
#5121 = LINE ( 'NONE', #5205, #5116 ) ;
#5122 = CARTESIAN_POINT ( 'NONE',  ( 1.006430356249999658, 3.971875000614513596, 0.5810628371015478244 ) ) ;
#5123 = VERTEX_POINT ( 'NONE', #1741 ) ;
#5124 = DIRECTION ( 'NONE',  ( 0.000000000000000000, 0.000000000000000000, -1.000000000000000000 ) ) ;
#5125 = DIRECTION ( 'NONE',  ( -0.000000000000000000, -1.000000000000000000, -0.000000000000000000 ) ) ;
#5126 =( BOUNDED_CURVE ( )  B_SPLINE_CURVE ( 2, ( #5291, #1813, #4814, #1783, #3615, #1752, #2155, #3927, #3498 ),
 .UNSPECIFIED., .F., .T. ) 
 B_SPLINE_CURVE_WITH_KNOTS ( ( 3, 2, 2, 2, 3 ),
 ( 0.4671508212177798436, 0.4703287181637176850, 0.4766845116524165982, 0.4830403051411154558, 0.4862175965358168095 ),
 .UNSPECIFIED. ) 
 CURVE ( )  GEOMETRIC_REPRESENTATION_ITEM ( )  RATIONAL_B_SPLINE_CURVE ( ( 0.9330127018922195203, 0.9330126976429103935, 1.000000000000000000, 0.8660254037844387076, 1.000000000000000000, 0.8660254037844387076, 1.000000000000000000, 0.9330254621360536404, 0.9330127043228865213 ) ) 
 REPRESENTATION_ITEM ( '' )  );
#5127 = CARTESIAN_POINT ( 'NONE',  ( 2.922199054809748253E-15, 5.892132794191442535, 1.446610087049238658 ) ) ;
#5128 = CARTESIAN_POINT ( 'NONE',  ( -1.006430356250000324, 3.184375000614514395, -0.5810628371015467142 ) ) ;
#5129 = CARTESIAN_POINT ( 'NONE',  ( -1.006430356249998548, 7.309375000614513063, 0.5810628371015494897 ) ) ;
#5130 =( LENGTH_UNIT ( ) NAMED_UNIT ( * ) SI_UNIT ( .MILLI., .METRE. ) );
#5131 = CARTESIAN_POINT ( 'NONE',  ( -3.099357696081660789E-15, -1.082867205808556443, -1.446610087049238658 ) ) ;
#5132 = CARTESIAN_POINT ( 'NONE',  ( 1.249999999999999334, 8.706250001229030033, -2.749541545756668106E-15 ) ) ;
#5133 = CARTESIAN_POINT ( 'NONE',  ( 1.249999999999999334, 0.5499999999999969358, 0.000000000000000000 ) ) ;
#5134 = CARTESIAN_POINT ( 'NONE',  ( -0.5032151781250003841, 3.259375000614513684, -0.8715942556523218476 ) ) ;
#5135 = CARTESIAN_POINT ( 'NONE',  ( -1.006430356250000324, 10.38437500061451324, -0.5810628371015467142 ) ) ;
#5136 = CARTESIAN_POINT ( 'NONE',  ( -1.249999999999999334, 8.424999999999995381, -1.530808498934190831E-16 ) ) ;
#5137 = CARTESIAN_POINT ( 'NONE',  ( -0.5032151781250003841, -0.3406249993854860159, -0.8715942556523218476 ) ) ;
#5138 = CYLINDRICAL_SURFACE ( 'NONE', #4475, 1.249999999999999334 ) ;
#5139 = VERTEX_POINT ( 'NONE', #1400 ) ;
#5140 = CARTESIAN_POINT ( 'NONE',  ( 1.062127451295985715E-16, 12.35000000000000320, -1.154700538379252350 ) ) ;
#5141 = CARTESIAN_POINT ( 'NONE',  ( -0.7771487972826389701, 9.999999999999998224, 0.7350060429589564404 ) ) ;
#5142 = EDGE_CURVE ( 'NONE', #2165, #4857, #2607, .T. ) ;
#5143 = CARTESIAN_POINT ( 'NONE',  ( -0.6249999999999978906, 1.356250001229031055, 1.082531754730548856 ) ) ;
#5144 = CARTESIAN_POINT ( 'NONE',  ( -4.938688641342514686E-16, 4.037499999999996980, 1.249999999999999334 ) ) ;
#5145 = CARTESIAN_POINT ( 'NONE',  ( -0.5032151781250009392, 4.946875000614513240, -0.8715942556523212925 ) ) ;
#5146 = LINE ( 'NONE', #2977, #759 ) ;
#5147 = ORIENTED_EDGE ( 'NONE', *, *, #1599, .F. ) ;
#5148 = CARTESIAN_POINT ( 'NONE',  ( -0.5032151781249993849, 7.909375000614511819, 0.8715942556523227358 ) ) ;
#5149 = EDGE_CURVE ( 'NONE', #5213, #3648, #3174, .T. ) ;
#5150 = FACE_OUTER_BOUND ( 'NONE', #2174, .T. ) ;
#5151 = CARTESIAN_POINT ( 'NONE',  ( -1.249999999999999556, 2.162499999999996980, 0.7216878364870313867 ) ) ;
#5152 = CARTESIAN_POINT ( 'NONE',  ( 1.530808498934190831E-16, 10.00000000000000000, 1.249999999999999334 ) ) ;
#5153 = CARTESIAN_POINT ( 'NONE',  ( 1.006430356249999658, 7.609375000614512885, -9.819791222584819450E-16 ) ) ;
#5154 = FACE_BOUND ( 'NONE', #1572, .T. ) ;
#5155 = CARTESIAN_POINT ( 'NONE',  ( 1.252801084755458927, 6.904632794191443601, -2.760834442142232968E-15 ) ) ;
#5156 = CARTESIAN_POINT ( 'NONE',  ( -1.006430356249999436, 6.821875000614514128, 1.644310252063557226E-15 ) ) ;
#5157 = CARTESIAN_POINT ( 'NONE',  ( -1.006430356249999214, 9.984982953471897460, 0.2031078473574961518 ) ) ;
#5158 = DIRECTION ( 'NONE',  ( 1.000000000000000000, 0.000000000000000000, 0.000000000000000000 ) ) ;
#5159 = ORIENTED_EDGE ( 'NONE', *, *, #2401, .F. ) ;
#5160 = CARTESIAN_POINT ( 'NONE',  ( 1.252801084755460037, 1.017132794191443201, 0.7233050435246172194 ) ) ;
#5161 = CARTESIAN_POINT ( 'NONE',  ( 1.250000000000000444, 8.218750001229031099, 0.7216878364870298324 ) ) ;
#5162 = CARTESIAN_POINT ( 'NONE',  ( 1.249999999999999556, 0.1374999999999969857, -0.7216878364870316087 ) ) ;
#5163 = CARTESIAN_POINT ( 'NONE',  ( -0.5032151781250003841, 4.159375000614513596, -0.8715942556523218476 ) ) ;
#5164 = CARTESIAN_POINT ( 'NONE',  ( -1.006430356249999658, -0.7156249993854860714, 8.587269508238526152E-16 ) ) ;
#5165 = CARTESIAN_POINT ( 'NONE',  ( -1.062732146793064491E-15, 0.07187500061451397582, -1.162125674203096537 ) ) ;
#5166 = DIRECTION ( 'NONE',  ( 0.8660254037844388186, 0.000000000000000000, -0.4999999999999997224 ) ) ;
#5167 = ORIENTED_EDGE ( 'NONE', *, *, #3783, .T. ) ;
#5168 = FACE_OUTER_BOUND ( 'NONE', #547, .T. ) ;
#5169 = EDGE_CURVE ( 'NONE', #602, #3719, #2091, .T. ) ;
#5170 = CARTESIAN_POINT ( 'NONE',  ( -1.250000000000000444, 0.7937500012290309437, -0.7216878364870294993 ) ) ;
#5171 = CARTESIAN_POINT ( 'NONE',  ( 2.527446539981169803E-15, 1.787499999999997202, 1.249999999999999556 ) ) ;
#5172 = CARTESIAN_POINT ( 'NONE',  ( 0.6249999999999974465, 0.2312500012290311102, -1.082531754730548856 ) ) ;
#5173 = CARTESIAN_POINT ( 'NONE',  ( -0.5032151781249986078, 3.296875000614513773, 0.8715942556523228468 ) ) ;
#5174 = CARTESIAN_POINT ( 'NONE',  ( 0.000000000000000000, 10.00000000000000000, 0.000000000000000000 ) ) ;
#5175 = ORIENTED_EDGE ( 'NONE', *, *, #1636, .T. ) ;
#5176 = CARTESIAN_POINT ( 'NONE',  ( 1.006430356249999658, 6.709375000614513418, -9.819791222584817478E-16 ) ) ;
#5177 = CARTESIAN_POINT ( 'NONE',  ( -2.847008746185685470E-15, 2.012499999999997069, -1.249999999999999334 ) ) ;
#5178 = FACE_OUTER_BOUND ( 'NONE', #1708, .T. ) ;
#5179 = DIRECTION ( 'NONE',  ( 0.000000000000000000, 0.000000000000000000, -1.000000000000000000 ) ) ;
#5180 = CARTESIAN_POINT ( 'NONE',  ( 0.5032151781249990519, 7.684375000614513063, -0.8715942556523228468 ) ) ;
#5181 = CYLINDRICAL_SURFACE ( 'NONE', #1686, 1.249999999999999334 ) ;
#5182 = CARTESIAN_POINT ( 'NONE',  ( 1.006430356249999436, 5.246875000614513063, -1.767562423498186358E-15 ) ) ;
#5183 = CARTESIAN_POINT ( 'NONE',  ( -1.006430356249999436, 9.971875000614511819, 1.644310252063557226E-15 ) ) ;
#5184 = CARTESIAN_POINT ( 'NONE',  ( 1.250000000000000444, 5.518750001229030033, 0.7216878364870297213 ) ) ;
#5185 = ORIENTED_EDGE ( 'NONE', *, *, #5149, .F. ) ;
#5186 = CARTESIAN_POINT ( 'NONE',  ( -0.6264005423777315729, 0.7546327941914436899, -1.084957565286927883 ) ) ;
#5187 = CARTESIAN_POINT ( 'NONE',  ( 1.249999999999998002, 9.643750001229030033, -0.7216878364870344953 ) ) ;
#5188 = CARTESIAN_POINT ( 'NONE',  ( -1.006430356249999880, 2.846875000614513596, -0.5810628371015476024 ) ) ;
#5189 = CARTESIAN_POINT ( 'NONE',  ( -1.006430356249998992, -0.6781249993854859826, 0.5810628371015487126 ) ) ;
#5190 = CARTESIAN_POINT ( 'NONE',  ( 1.006430356249999658, 1.721875000614514040, 0.5810628371015478244 ) ) ;
#5191 =( BOUNDED_CURVE ( )  B_SPLINE_CURVE ( 2, ( #2897, #3587, #497, #1840, #120, #1691, #3433, #1574, #5171 ),
 .UNSPECIFIED., .F., .F. ) 
 B_SPLINE_CURVE_WITH_KNOTS ( ( 3, 2, 2, 2, 3 ),
 ( 0.1944444444444444475, 0.1975308641975308532, 0.2037037037037036924, 0.2098765432098765316, 0.2129629629629629650 ),
 .UNSPECIFIED. ) 
 CURVE ( )  GEOMETRIC_REPRESENTATION_ITEM ( )  RATIONAL_B_SPLINE_CURVE ( ( 0.9330127018922194093, 0.9330127018922196314, 1.000000000000000000, 0.8660254037844387076, 1.000000000000000000, 0.8660254037844387076, 1.000000000000000000, 0.9330127018922190762, 0.9330127018922194093 ) ) 
 REPRESENTATION_ITEM ( '' )  );
#5192 = CARTESIAN_POINT ( 'NONE',  ( 0.6921740797557763836, 0.1810605419005483496, 0.8610049159845254430 ) ) ;
#5193 = ORIENTED_EDGE ( 'NONE', *, *, #4408, .T. ) ;
#5194 = DIRECTION ( 'NONE',  ( 0.000000000000000000, 0.000000000000000000, 1.000000000000000000 ) ) ;
#5195 = CYLINDRICAL_SURFACE ( 'NONE', #1409, 1.249999999999999334 ) ;
#5196 = LINE ( 'NONE', #4320, #5004 ) ;
#5197 = CARTESIAN_POINT ( 'NONE',  ( 1.250000000000000444, 3.718750001229030655, 0.7216878364870298324 ) ) ;
#5198 = AXIS2_PLACEMENT_3D ( 'NONE', #5357, #1384, #280 ) ;
#5199 = CARTESIAN_POINT ( 'NONE',  ( 1.006430356249999436, 3.446875000614514128, -1.767562423498186358E-15 ) ) ;
#5200 = DIRECTION ( 'NONE',  ( -0.000000000000000000, -1.000000000000000000, -0.000000000000000000 ) ) ;
#5201 = ORIENTED_EDGE ( 'NONE', *, *, #2882, .F. ) ;
#5202 = CARTESIAN_POINT ( 'NONE',  ( -1.006430356249999214, 8.321875000614515017, 0.5810628371015488236 ) ) ;
#5203 = CARTESIAN_POINT ( 'NONE',  ( -1.191095495853194869E-14, 6.062499999999997335, -1.249999999999999334 ) ) ;
#5204 = CARTESIAN_POINT ( 'NONE',  ( -0.3349364905389035640, 4.017403810567662603, 1.249999999999999112 ) ) ;
#5205 = CARTESIAN_POINT ( 'NONE',  ( 1.530808498934190831E-16, 10.00000000000000000, 1.249999999999999334 ) ) ;
#5206 = CARTESIAN_POINT ( 'NONE',  ( -0.5032151781250003841, 5.959375000614513418, -0.8715942556523218476 ) ) ;
#5207 = VECTOR ( 'NONE', #5675, 1000.000000000000114 ) ;
#5208 =( BOUNDED_CURVE ( )  B_SPLINE_CURVE ( 2, ( #4236, #5662, #285, #2917, #801, #749, #1246, #361, #4665 ),
 .UNSPECIFIED., .F., .T. ) 
 B_SPLINE_CURVE_WITH_KNOTS ( ( 3, 2, 2, 2, 3 ),
 ( 0.3611111111111111049, 0.3641975308641975384, 0.3703703703703703498, 0.3765432098765432167, 0.3796296296296296502 ),
 .UNSPECIFIED. ) 
 CURVE ( )  GEOMETRIC_REPRESENTATION_ITEM ( )  RATIONAL_B_SPLINE_CURVE ( ( 0.9330127018922194093, 0.9330127018922194093, 1.000000000000000000, 0.8660254037844387076, 1.000000000000000000, 0.8660254037844387076, 1.000000000000000000, 0.9330127018922187432, 0.9330127018922194093 ) ) 
 REPRESENTATION_ITEM ( '' )  );
#5209 = DIRECTION ( 'NONE',  ( 0.000000000000000000, 0.6546536707079755324, -0.7559289460184558385 ) ) ;
#5210 = VECTOR ( 'NONE', #553, 1000.000000000000000 ) ;
#5211 = CARTESIAN_POINT ( 'NONE',  ( -1.006430356250000324, 5.434375000614513951, -0.5810628371015467142 ) ) ;
#5212 = CARTESIAN_POINT ( 'NONE',  ( 1.249921542530132657, 10.00000000000000000, 0.1634530496454618953 ) ) ;
#5213 = VERTEX_POINT ( 'NONE', #1301 ) ;
#5214 = CARTESIAN_POINT ( 'NONE',  ( -3.099357696081660789E-15, -0.1828672058085562546, -1.446610087049238658 ) ) ;
#5215 = EDGE_CURVE ( 'NONE', #2670, #2393, #3145, .T. ) ;
#5216 = CARTESIAN_POINT ( 'NONE',  ( -3.086515833287601756E-15, 9.718750001229029323, -1.443375672974063439 ) ) ;
#5217 = VECTOR ( 'NONE', #3665, 1000.000000000000114 ) ;
#5218 = CARTESIAN_POINT ( 'NONE',  ( -0.5032151781249986078, 3.746875000614513951, 0.8715942556523228468 ) ) ;
#5219 = CARTESIAN_POINT ( 'NONE',  ( -1.006430356249998992, 1.571875000614513906, 0.5810628371015487126 ) ) ;
#5220 = CARTESIAN_POINT ( 'NONE',  ( -0.6249999999999993339, 7.899999999999997691, -1.082531754730547968 ) ) ;
#5221 = CARTESIAN_POINT ( 'NONE',  ( -0.5032151781250003841, 1.009375000614513906, -0.8715942556523218476 ) ) ;
#5222 = CARTESIAN_POINT ( 'NONE',  ( -3.569075380924708916E-16, 11.40000000000000036, 1.154700538379252128 ) ) ;
#5223 = ORIENTED_EDGE ( 'NONE', *, *, #4713, .F. ) ;
#5224 = VECTOR ( 'NONE', #5007, 1000.000000000000000 ) ;
#5225 = CARTESIAN_POINT ( 'NONE',  ( -0.3349364905389057845, 4.732596189432330291, -1.249999999999997780 ) ) ;
#5226 = CARTESIAN_POINT ( 'NONE',  ( -1.000000000000000444, 11.40000000000000036, 0.5773502691896261751 ) ) ;
#5227 = DIRECTION ( 'NONE',  ( 0.000000000000000000, 0.000000000000000000, -1.000000000000000000 ) ) ;
#5228 = CARTESIAN_POINT ( 'NONE',  ( -1.249999999999999334, 3.081250001229030477, 2.596460695863248776E-15 ) ) ;
#5229 = CARTESIAN_POINT ( 'NONE',  ( -1.006430356249998548, 4.159375000614512707, 0.5810628371015493787 ) ) ;
#5230 = CARTESIAN_POINT ( 'NONE',  ( -4.938688641342514686E-16, 3.587499999999996358, 1.249999999999999334 ) ) ;
#5231 = ORIENTED_EDGE ( 'NONE', *, *, #5057, .T. ) ;
#5232 = CARTESIAN_POINT ( 'NONE',  ( 0.5032151781249990519, 9.484375000614511109, -0.8715942556523228468 ) ) ;
#5233 = EDGE_CURVE ( 'NONE', #942, #5032, #593, .T. ) ;
#5234 = CARTESIAN_POINT ( 'NONE',  ( 1.249999999999999334, 1.899999999999996803, 0.000000000000000000 ) ) ;
#5235 = CARTESIAN_POINT ( 'NONE',  ( -1.249999999999999556, 8.012499999999995737, 0.7216878364870313867 ) ) ;
#5236 = CARTESIAN_POINT ( 'NONE',  ( 0.6250000000000012212, 5.031250001229031099, 1.082531754730547080 ) ) ;
#5237 = CARTESIAN_POINT ( 'NONE',  ( 1.006430356249999658, 6.671875000614513773, 0.5810628371015478244 ) ) ;
#5238 = CARTESIAN_POINT ( 'NONE',  ( -1.006430356249999658, 2.434375000614513507, 8.587269508238524180E-16 ) ) ;
#5239 = EDGE_CURVE ( 'NONE', #4988, #4367, #676, .T. ) ;
#5240 = CARTESIAN_POINT ( 'NONE',  ( 1.006430356249999436, 6.596875000614513596, -1.767562423498186358E-15 ) ) ;
#5241 = CARTESIAN_POINT ( 'NONE',  ( -1.969845607676301195E-15, 9.859375000614512885, -1.162125674203096093 ) ) ;
#5242 = EDGE_LOOP ( 'NONE', ( #1310, #2204, #197, #2233 ) ) ;
#5243 = CARTESIAN_POINT ( 'NONE',  ( 1.252801084755458927, 1.954632794191443423, -2.760834442142232968E-15 ) ) ;
#5244 = CARTESIAN_POINT ( 'NONE',  ( -1.969845607676301195E-15, -0.9406249993854859381, -1.162125674203096093 ) ) ;
#5245 = CARTESIAN_POINT ( 'NONE',  ( -1.006430356249999436, 2.321875000614513684, 1.644310252063557226E-15 ) ) ;
#5246 = CARTESIAN_POINT ( 'NONE',  ( 0.5032151781249999400, 5.734375000614513773, 0.8715942556523221807 ) ) ;
#5247 = CARTESIAN_POINT ( 'NONE',  ( -1.006430356249999658, 2.434375000614513507, 8.587269508238526152E-16 ) ) ;
#5248 = CARTESIAN_POINT ( 'NONE',  ( 1.006430356249998770, 1.796875000614514439, -0.5810628371015489346 ) ) ;
#5249 = CARTESIAN_POINT ( 'NONE',  ( 0.1480130658815369815, 0.3069556993332787087, -1.167413334507167333 ) ) ;
#5250 = ORIENTED_EDGE ( 'NONE', *, *, #4456, .T. ) ;
#5251 = EDGE_CURVE ( 'NONE', #3040, #3122, #1147, .T. ) ;
#5252 = PLANE ( 'NONE',  #3452 ) ;
#5253 = LINE ( 'NONE', #5315, #3535 ) ;
#5254 = FACE_OUTER_BOUND ( 'NONE', #3944, .T. ) ;
#5255 = CARTESIAN_POINT ( 'NONE',  ( 0.6249999999999974465, 3.831250001229031366, -1.082531754730548856 ) ) ;
#5256 = CARTESIAN_POINT ( 'NONE',  ( -1.006430356249999658, 9.184375000614513951, 8.587269508238524180E-16 ) ) ;
#5257 = CARTESIAN_POINT ( 'NONE',  ( -1.969845607676301195E-15, 5.359375000614513773, -1.162125674203096093 ) ) ;
#5258 = CARTESIAN_POINT ( 'NONE',  ( 7.916533216810869652E-07, 2.518749955636498949, -1.249999999999748646 ) ) ;
#5259 = ORIENTED_EDGE ( 'NONE', *, *, #1098, .F. ) ;
#5260 = ORIENTED_EDGE ( 'NONE', *, *, #594, .T. ) ;
#5261 = CARTESIAN_POINT ( 'NONE',  ( 1.006430356249999658, 9.409375000614513596, -9.819791222584817478E-16 ) ) ;
#5262 = CARTESIAN_POINT ( 'NONE',  ( 2.922199054809748253E-15, 9.042132794191442002, 1.446610087049238658 ) ) ;
#5263 = LINE ( 'NONE', #3524, #4636 ) ;
#5264 = CARTESIAN_POINT ( 'NONE',  ( -1.249999999999999112, 7.937499999999996447, -0.7216878364870322748 ) ) ;
#5265 = CARTESIAN_POINT ( 'NONE',  ( 1.006430356249999436, -1.053124999385485872, -1.767562423498186358E-15 ) ) ;
#5266 = CARTESIAN_POINT ( 'NONE',  ( 1.006430356249999658, 7.159375000614513596, -9.819791222584819450E-16 ) ) ;
#5267 = CARTESIAN_POINT ( 'NONE',  ( 0.5032151781249990519, 1.834375000614513640, -0.8715942556523228468 ) ) ;
#5268 = CARTESIAN_POINT ( 'NONE',  ( 1.006430356249999880, 4.759375000614514128, 0.5810628371015469362 ) ) ;
#5269 = CARTESIAN_POINT ( 'NONE',  ( -1.249999999999999778, 3.512499999999996625, 0.7216878364870313867 ) ) ;
#5270 = CARTESIAN_POINT ( 'NONE',  ( -0.5032151781250009392, 9.896875000614512530, -0.8715942556523212925 ) ) ;
#5271 = EDGE_LOOP ( 'NONE', ( #1779, #3969, #56, #4403 ) ) ;
#5272 = CARTESIAN_POINT ( 'NONE',  ( -0.6264005423777275761, 0.4546327941914435899, 1.084957565286930325 ) ) ;
#5273 = CARTESIAN_POINT ( 'NONE',  ( -1.006430356249998548, -0.3406249993854859603, 0.5810628371015493787 ) ) ;
#5274 = CARTESIAN_POINT ( 'NONE',  ( -1.006430356250000102, 2.284375000614513596, -0.5810628371015466032 ) ) ;
#5275 = CARTESIAN_POINT ( 'NONE',  ( -1.006430356249998992, 6.521875000614513418, 0.5810628371015487126 ) ) ;
#5276 = CARTESIAN_POINT ( 'NONE',  ( 9.204127980810867663E-16, 1.646875000614513862, 1.162125674203096537 ) ) ;
#5277 = CARTESIAN_POINT ( 'NONE',  ( 1.006430356249998770, 0.8968750006145139730, -0.5810628371015489346 ) ) ;
#5278 = LINE ( 'NONE', #5370, #5033 ) ;
#5279 = ORIENTED_EDGE ( 'NONE', *, *, #159, .F. ) ;
#5280 = CARTESIAN_POINT ( 'NONE',  ( -0.3349617935885689235, 2.273652293613716679, 1.249985391277462554 ) ) ;
#5281 = CARTESIAN_POINT ( 'NONE',  ( -1.249999999999999556, 2.612499999999996714, 0.7216878364870313867 ) ) ;
#5282 = CARTESIAN_POINT ( 'NONE',  ( -1.249999999999998224, 3.568750001229030744, 0.7216878364870340512 ) ) ;
#5283 = CARTESIAN_POINT ( 'NONE',  ( -1.062732146793064491E-15, 9.071875000614513240, -1.162125674203096537 ) ) ;
#5284 = CARTESIAN_POINT ( 'NONE',  ( 0.5032151781249982747, 7.121875000614513951, -0.8715942556523229579 ) ) ;
#5285 = CARTESIAN_POINT ( 'NONE',  ( -2.008695040746609630E-05, 5.893426676105029571, 1.249999999702753106 ) ) ;
#5286 = EDGE_LOOP ( 'NONE', ( #2812, #692, #5347, #4550 ) ) ;
#5287 = ORIENTED_EDGE ( 'NONE', *, *, #1206, .T. ) ;
#5288 = CARTESIAN_POINT ( 'NONE',  ( -4.938688641342514686E-16, 4.937499999999996447, 1.249999999999999334 ) ) ;
#5289 = CARTESIAN_POINT ( 'NONE',  ( -1.252801084755457817, 7.167132794191442002, 0.7233050435246216603 ) ) ;
#5290 = VECTOR ( 'NONE', #3776, 1000.000000000000114 ) ;
#5291 = CARTESIAN_POINT ( 'NONE',  ( 4.249308724714745864E-08, 4.318749998679439983, -1.249999999999998890 ) ) ;
#5292 = EDGE_CURVE ( 'NONE', #968, #5336, #3573, .T. ) ;
#5293 = DIRECTION ( 'NONE',  ( -0.000000000000000000, -1.000000000000000000, -0.000000000000000000 ) ) ;
#5294 = CARTESIAN_POINT ( 'NONE',  ( -1.006430356249998548, -0.3406249993854859603, 0.5810628371015493787 ) ) ;
#5295 = CARTESIAN_POINT ( 'NONE',  ( 0.5032151781249999400, 8.434375000614512174, 0.8715942556523221807 ) ) ;
#5296 = ORIENTED_EDGE ( 'NONE', *, *, #5402, .F. ) ;
#5297 = B_SPLINE_CURVE_WITH_KNOTS ( 'NONE', 3,
 ( #3828, #2282, #61, #4051, #4023, #2758, #2222, #2694 ),
 .UNSPECIFIED., .F., .F.,
 ( 4, 2, 2, 4 ),
 ( 0.000000000000000000, 0.0007994673743907698997, 0.001199201061586154795, 0.001598934748781539799 ),
 .UNSPECIFIED. ) ;
#5298 = CIRCLE ( 'NONE', #2989, 2.100000000000000089 ) ;
#5299 = CARTESIAN_POINT ( 'NONE',  ( -1.006430356249999658, 3.334375000614513418, 8.587269508238524180E-16 ) ) ;
#5300 = CARTESIAN_POINT ( 'NONE',  ( -1.006430356249999436, 7.271875000614513418, 1.644310252063557226E-15 ) ) ;
#5301 = AXIS2_PLACEMENT_3D ( 'NONE', #5443, #2896, #4642 ) ;
#5302 = CARTESIAN_POINT ( 'NONE',  ( 1.249999999999999334, 1.449999999999996847, 0.000000000000000000 ) ) ;
#5303 = CARTESIAN_POINT ( 'NONE',  ( -0.6981080339131969792, 0.3663731743529319851, 0.9894012141598189647 ) ) ;
#5304 = EDGE_LOOP ( 'NONE', ( #5077, #4989, #3762, #3721 ) ) ;
#5305 = CARTESIAN_POINT ( 'NONE',  ( 1.249999999999999112, 10.41249999999999432, 0.7216878364870323859 ) ) ;
#5306 = CARTESIAN_POINT ( 'NONE',  ( 2.922199054809748253E-15, 2.292132794191443335, 1.446610087049238658 ) ) ;
#5307 = CARTESIAN_POINT ( 'NONE',  ( 0.4341101090114855565, 10.59270339468834266, -1.192742084678344083 ) ) ;
#5308 = CARTESIAN_POINT ( 'NONE',  ( 0.5032151781249982747, 6.671875000614513773, -0.8715942556523229579 ) ) ;
#5309 = CARTESIAN_POINT ( 'NONE',  ( 1.006430356249999658, 4.909375000614513596, -9.819791222584817478E-16 ) ) ;
#5310 = CARTESIAN_POINT ( 'NONE',  ( 0.5032151781249999400, 2.134375000614513684, 0.8715942556523221807 ) ) ;
#5311 = CARTESIAN_POINT ( 'NONE',  ( -1.006430356249999658, 0.1843750006145139508, 8.587269508238524180E-16 ) ) ;
#5312 = CARTESIAN_POINT ( 'NONE',  ( -0.7800574255504010290, 0.02812500184355202701, -0.6411534698069181193 ) ) ;
#5313 = ORIENTED_EDGE ( 'NONE', *, *, #80, .F. ) ;
#5314 = CARTESIAN_POINT ( 'NONE',  ( -1.249999999999999556, 4.412499999999996092, 0.7216878364870313867 ) ) ;
#5315 = CARTESIAN_POINT ( 'NONE',  ( 0.4249999999999971023, 11.25000000000000000, -0.7361215932167770593 ) ) ;
#5316 =( BOUNDED_CURVE ( )  B_SPLINE_CURVE ( 2, ( #673, #2454, #1089, #4103, #584, #2391, #4160, #4530, #236 ),
 .UNSPECIFIED., .F., .F. ) 
 B_SPLINE_CURVE_WITH_KNOTS ( ( 3, 2, 2, 2, 3 ),
 ( 0.6387573237986761132, 0.6419351423585883953, 0.6482909358472886963, 0.6546467293359888862, 0.6578246719457647718 ),
 .UNSPECIFIED. ) 
 CURVE ( )  GEOMETRIC_REPRESENTATION_ITEM ( )  RATIONAL_B_SPLINE_CURVE ( ( 0.9330127019327658644, 0.9330143499521357242, 1.000000000000000000, 0.8660254037844387076, 1.000000000000000000, 0.8660254037844387076, 1.000000000000000000, 0.9330117350889535199, 0.9330127019061729143 ) ) 
 REPRESENTATION_ITEM ( '' )  );
#5317 = CARTESIAN_POINT ( 'NONE',  ( -0.6250000000000017764, 3.906250001229030655, -1.082531754730546636 ) ) ;
#5318 = CARTESIAN_POINT ( 'NONE',  ( 1.006430356249999436, 7.046875000614513773, -1.767562423498186358E-15 ) ) ;
#5319 = CARTESIAN_POINT ( 'NONE',  ( 1.249999999999997780, 4.693750001229030744, -0.7216878364870343843 ) ) ;
#5320 = ORIENTED_EDGE ( 'NONE', *, *, #4850, .F. ) ;
#5321 = ORIENTED_EDGE ( 'NONE', *, *, #3736, .T. ) ;
#5322 = CARTESIAN_POINT ( 'NONE',  ( 0.6249999999999997780, 5.124999999999996447, -1.082531754730547746 ) ) ;
#5323 = CARTESIAN_POINT ( 'NONE',  ( 0.6264005423777310178, 9.079632794191441647, 1.084957565286928327 ) ) ;
#5324 = CARTESIAN_POINT ( 'NONE',  ( 1.530808498934190831E-16, 10.00000000000000000, 1.249999999999999334 ) ) ;
#5325 = CARTESIAN_POINT ( 'NONE',  ( -0.6249999999999993339, 9.699999999999997513, -1.082531754730547968 ) ) ;
#5326 = CARTESIAN_POINT ( 'NONE',  ( -1.006430356250000324, 0.03437500061451398414, -0.5810628371015467142 ) ) ;
#5328 = VERTEX_POINT ( 'NONE', #3915 ) ;
#5327 = CARTESIAN_POINT ( 'NONE',  ( -0.5032151781249993849, 9.259375000614511464, 0.8715942556523227358 ) ) ;
#5329 = ADVANCED_FACE ( 'NONE', ( #4927 ), #5694, .T. ) ;
#5330 = EDGE_CURVE ( 'NONE', #2367, #4449, #2770, .T. ) ;
#5331 = CARTESIAN_POINT ( 'NONE',  ( 0.5032151781249990519, 1.384375000614513906, -0.8715942556523228468 ) ) ;
#5332 = CARTESIAN_POINT ( 'NONE',  ( 1.006430356249999436, 8.846875000614511819, -1.767562423498186358E-15 ) ) ;
#5333 = CARTESIAN_POINT ( 'NONE',  ( -1.249999999999999334, 2.087499999999996803, -0.7216878364870322748 ) ) ;
#5334 = DIRECTION ( 'NONE',  ( 0.000000000000000000, 0.000000000000000000, 1.000000000000000000 ) ) ;
#5335 = ORIENTED_EDGE ( 'NONE', *, *, #2730, .T. ) ;
#5336 = VERTEX_POINT ( 'NONE', #5342 ) ;
#5337 = CARTESIAN_POINT ( 'NONE',  ( 0.6264005423777310178, 3.679632794191443956, 1.084957565286928327 ) ) ;
#5338 = CARTESIAN_POINT ( 'NONE',  ( -1.006430356250000324, 0.9343750006145138398, -0.5810628371015467142 ) ) ;
#5339 = CARTESIAN_POINT ( 'NONE',  ( -1.006430356249998548, 6.859375000614513773, 0.5810628371015494897 ) ) ;
#5340 = CARTESIAN_POINT ( 'NONE',  ( 1.006430356249998770, 4.946875000614514128, -0.5810628371015489346 ) ) ;
#5341 = CARTESIAN_POINT ( 'NONE',  ( -1.006430356249999658, 1.084375000614513862, 8.587269508238526152E-16 ) ) ;
#5342 = CARTESIAN_POINT ( 'NONE',  ( -1.000000000000000444, 12.35000000000000320, -0.5773502691896265082 ) ) ;
#5343 = ORIENTED_EDGE ( 'NONE', *, *, #3015, .F. ) ;
#5344 = CARTESIAN_POINT ( 'NONE',  ( 1.249999999999999334, 7.806250001229030566, -2.749541545756668106E-15 ) ) ;
#5345 = CARTESIAN_POINT ( 'NONE',  ( -1.250000000000000444, 6.193750001229030744, -0.7216878364870296103 ) ) ;
#5346 = CARTESIAN_POINT ( 'NONE',  ( -0.5032151781250009392, 5.396875000614513418, -0.8715942556523212925 ) ) ;
#5347 = ORIENTED_EDGE ( 'NONE', *, *, #2196, .F. ) ;
#5348 = ORIENTED_EDGE ( 'NONE', *, *, #126, .F. ) ;
#5349 = ADVANCED_FACE ( 'NONE', ( #2705 ), #1538, .T. ) ;
#5350 =( BOUNDED_SURFACE ( )  B_SPLINE_SURFACE ( 1, 2, ( 
 ( #5104, #5493, #5580, #748, #1513, #4266, #3805, #3286, #629, #224, #2032, #284, #5551, #3374, #3836, #2498, #5137, #5524, #3747, #1163, #2946, #719, #1191, #5610, #1631, #3404, #2526, #5165, #4422, #418, #5311, #859, #2087, #2606, #2551, #1221, #2202, #3966, #4802, #5693, #4365, #3112, #1715, #3514, #3542, #4831, #3484, #5749, #4340, #5277, #2636, #3863, #5221, #2999, #1330, #3047, #390, #1659, #2172, #4772, #1270, #1767, #1245, #4316, #2580, #4748, #3942, #1300, #360, #335, #4394, #5190, #5634, #5248, #828, #5720, #4863, #3025, #3429, #1740, #3076, #777, #2110, #3458, #3885, #887, #5661, #2668, #1684, #800, #2139, #3914, #1142, #4290, #2029, #745, #2577, #2108, #2914, #1681, #2496, #5188, #3371, #2996, #2524, #4662, #3883, #1629, #687, #3456, #250, #3427, #5134, #4232, #5577, #2968, #3834, #2944, #4264, #5632, #1218, #5659, #4314, #798, #717, #333, #281, #4692, #306, #358, #4746, #1243, #2059, #5608, #2085, #3402, #5163, #3860, #1188, #4719, #1656, #2549, #3023, #2137, #5548, #3339, #5101, #885, #921, #1765, #15, #2200, #3540, #3172, #3511, #4924, #5309, #5340, #3074, #5367, #2666, #1363, #4861, #2229, #3571, #1328, #5717, #4363, #1713, #1398, #3142, #957, #3912, #446, #2738, #2604, #1738, #4485, #5246, #1267, #511, #3996, #5691, #3601, #388, #2265, #4895, #2702, #4031, #1798, #481, #3110, #3481, #4420, #4454, #41, #1827, #3045, #3964, #5275, #4799, #826, #4829, #2169, #3940, #2634, #857, #1298, #4392, #416, #5747, #4622, #4141, #5068, #2873, #2846, #2372, #2289, #1426, #1880, #4567, #4594, #4978, #1934, #621, #1071, #1012, #4084, #3200, #2317, #5484, #4953, #5517, #988, #2766, #4169, #5040, #591, #1507, #2400, #4513, #186, #1454, #1964, #4112, #3740, #1536, #4056, #1907, #2791, #4539, #3308, #566, #540, #1096, #95, #3659, #5428, #2346, #5451, #1480, #4870, #866, #3492, #5375, #518, #3580, #5283, #2295, #3151, #5256, #1277, #2675, #3084, #5729, #893, #4839, #4400, #3053, #836, #2614, #3972, #395, #424, #2179, #1746, #1371, #5755, #1773, #3548, #4429, #1805, #453, #2238, #4006, #21, #3744, #1939, #1886, #3313, #3283, #5044, #191, #1046, #3227, #2321, #5012, #4983, #1017, #1075, #3206, #656, #5073, #4117, #1101, #5456, #2879 ),
 ( #100, #3637, #4626, #2437, #5405, #1430, #2377, #4958, #3663, #1484, #992, #2774, #2823, #4572, #4145, #598, #158, #3714, #5490, #4691, #716, #279, #1160, #4263, #3802, #5162, #1596, #3370, #2495, #2058, #3833, #249, #2913, #5607, #1628, #4660, #5133, #3401, #686, #2467, #4204, #221, #1998, #2943, #3773, #5547, #1566, #3338, #5100, #1132, #4231, #5576, #2028, #5641, #2147, #4242, #3163, #60, #2281, #2221, #5302, #2627, #3530, #4916, #4384, #978, #3067, #1291, #5389, #503, #1820, #3593, #948, #2193, #1415, #2656, #5360, #5333, #1389, #2727, #4075, #3132, #4413, #4050, #3505, #877, #408, #2757, #4446, #4478, #4822, #1845, #439, #2693, #3188, #3986, #5741, #6, #3958, #35, #3622, #1790, #1759, #4944, #851, #85, #4885, #472, #2255, #2309, #3563, #1321, #4504, #911, #3101, #5269, #4853, #1353, #4022, #2338, #2421, #4159, #1554, #1031, #583, #1062, #1954, #3700, #1525, #4643, #208, #5087, #1116, #2898, #672, #2453, #3652, #5421, #1812, #5381, #5521, #2878, #272, #1621, #3475, #2963, #3827, #2051, #1674, #1210, #4711, #3854, #3394, #4285, #2079, #5626, #1651, #1373, #5407, #3153, #4431, #520, #455, #2297, #2240, #4009, #5458, #1542, #1486, #3688, #5523, #2825, #4574, #5046, #130, #2407, #4176, #1077, #3285, #3253, #1970, #2000, #2852, #1103, #4600, #627, #3716, #2469, #5550, #1598, #3341, #4234, #3775, #4985, #3315, #5015, #4119, #5103, #1134, #3746, #194, #5075, #252, #2881, #658, #689, #1569, #4628, #2916, #1512, #2439, #4664, #4206, #223, #2031, #3804, #5579, #1019, #2796, #4547, #571, #2354, #1912, #1048, #600, #2380, #4147, #161, #1941, #5492, #1683, #283, #5220, #308, #2579, #4801, #3862, #1190, #1658, #747, #3483, #2171, #1220, #2998, #5719, #3373, #5136, #1417, #4387, #3264, #2833, #1707, #821, #5393, #3166, #880, #118, #4889, #2660, #1393, #3991, #4508, #2284, #1450, #10, #477, #4920, #63, #1794, #4481, #4105, #90, #3567, #3219, #4026, #3195, #1358, #982, #506, #3138, #3655, #5362, #916, #4974, #2697, #1420, #37, #1823, #3597, #952, #2732, #1848, #3625, #4948, #2761, #1007, #2313, #4532, #3534, #5305, #3105, #5000, #644, #4683, #1120, #2458, #2394, #148, #212, #1928, #3704, #1989, #3274, #2839, #5511, #179, #5062 ) ),
 .UNSPECIFIED., .F., .F., .F. ) 
 B_SPLINE_SURFACE_WITH_KNOTS ( ( 2, 2 ),
 ( 3, 2, 2, 2, 2, 2, 2, 2, 2, 2, 2, 2, 2, 2, 2, 2, 2, 2, 2, 2, 2, 2, 2, 2, 2, 2, 2, 2, 2, 2, 2, 2, 2, 2, 2, 2, 2, 2, 2, 2, 2, 2, 2, 2, 2, 2, 2, 2, 2, 2, 2, 2, 2, 2, 2, 2, 2, 2, 2, 2, 2, 2, 2, 2, 2, 2, 2, 2, 2, 2, 2, 2, 2, 2, 2, 2, 2, 2, 2, 2, 2, 2, 2, 2, 2, 2, 2, 2, 2, 2, 2, 2, 2, 2, 2, 2, 2, 2, 2, 2, 2, 2, 2, 2, 2, 2, 2, 2, 2, 2, 2, 2, 2, 2, 2, 2, 2, 2, 2, 2, 2, 2, 2, 2, 2, 2, 2, 2, 2, 2, 2, 2, 2, 2, 2, 2, 2, 2, 2, 2, 2, 2, 2, 2, 2, 2, 2, 2, 2, 2, 2, 2, 2, 2, 2, 2, 2, 2, 3 ),
 ( 0.000000000000000000, 1.000000000000000000 ),
 ( 0.000000000000000000, 0.006172839506172839164, 0.01234567901234567833, 0.01851851851851851749, 0.02469135802469135665, 0.03086419753086419582, 0.03703703703703703498, 0.04320987654320987414, 0.04938271604938271331, 0.05555555555555555247, 0.06172839506172839164, 0.06790123456790123080, 0.07407407407407406996, 0.08024691358024690913, 0.08641975308641974829, 0.09259259259259258745, 0.09876543209876542662, 0.1049382716049382658, 0.1111111111111111049, 0.1172839506172839441, 0.1234567901234567833, 0.1296296296296296224, 0.1358024691358024616, 0.1419753086419753008, 0.1481481481481481399, 0.1543209876543209791, 0.1604938271604938183, 0.1666666666666666574, 0.1728395061728394966, 0.1790123456790123357, 0.1851851851851851749, 0.1913580246913580141, 0.1975308641975308532, 0.2037037037037036924, 0.2098765432098765316, 0.2160493827160493707, 0.2222222222222222099, 0.2283950617283950490, 0.2345679012345678882, 0.2407407407407407274, 0.2469135802469135665, 0.2530864197530864335, 0.2592592592592592449, 0.2654320987654321118, 0.2716049382716049232, 0.2777777777777777901, 0.2839506172839506015, 0.2901234567901234684, 0.2962962962962962798, 0.3024691358024691468, 0.3086419753086419582, 0.3148148148148148251, 0.3209876543209876365, 0.3271604938271605034, 0.3333333333333333148, 0.3395061728395061817, 0.3456790123456789932, 0.3518518518518518601, 0.3580246913580246715, 0.3641975308641975384, 0.3703703703703703498, 0.3765432098765432167, 0.3827160493827160281, 0.3888888888888888951, 0.3950617283950617065, 0.4012345679012345734, 0.4074074074074073848, 0.4135802469135802517, 0.4197530864197530631, 0.4259259259259259300, 0.4320987654320987414, 0.4382716049382716084, 0.4444444444444444198, 0.4506172839506172867, 0.4567901234567900981, 0.4629629629629629650, 0.4691358024691357764, 0.4753086419753086433, 0.4814814814814814548, 0.4876543209876543217, 0.4938271604938271331, 0.5000000000000000000, 0.5061728395061728669, 0.5123456790123457338, 0.5185185185185184897, 0.5246913580246913567, 0.5308641975308642236, 0.5370370370370370905, 0.5432098765432098464, 0.5493827160493827133, 0.5555555555555555802, 0.5617283950617284471, 0.5679012345679012030, 0.5740740740740740700, 0.5802469135802469369, 0.5864197530864198038, 0.5925925925925925597, 0.5987654320987654266, 0.6049382716049382935, 0.6111111111111111605, 0.6172839506172839164, 0.6234567901234567833, 0.6296296296296296502, 0.6358024691358025171, 0.6419753086419752730, 0.6481481481481481399, 0.6543209876543210068, 0.6604938271604938738, 0.6666666666666666297, 0.6728395061728394966, 0.6790123456790123635, 0.6851851851851852304, 0.6913580246913579863, 0.6975308641975308532, 0.7037037037037037202, 0.7098765432098765871, 0.7160493827160493430, 0.7222222222222222099, 0.7283950617283950768, 0.7345679012345679437, 0.7407407407407406996, 0.7469135802469135665, 0.7530864197530864335, 0.7592592592592593004, 0.7654320987654320563, 0.7716049382716049232, 0.7777777777777777901, 0.7839506172839506570, 0.7901234567901234129, 0.7962962962962962798, 0.8024691358024691468, 0.8086419753086420137, 0.8148148148148147696, 0.8209876543209876365, 0.8271604938271605034, 0.8333333333333333703, 0.8395061728395061262, 0.8456790123456789932, 0.8518518518518518601, 0.8580246913580247270, 0.8641975308641974829, 0.8703703703703703498, 0.8765432098765432167, 0.8827160493827160836, 0.8888888888888888395, 0.8950617283950617065, 0.9012345679012345734, 0.9074074074074074403, 0.9135802469135801962, 0.9197530864197530631, 0.9259259259259259300, 0.9320987654320987970, 0.9382716049382715529, 0.9444444444444444198, 0.9506172839506172867, 0.9567901234567901536, 0.9629629629629629095, 0.9691358024691357764, 0.9712146341955784079 ),
 .UNSPECIFIED. ) 
 GEOMETRIC_REPRESENTATION_ITEM ( )  RATIONAL_B_SPLINE_SURFACE ( (
 ( 1.000000000000000000, 0.8660254037844387076, 1.000000000000000000, 0.8660254037844387076, 1.000000000000000000, 0.8660254037844387076, 1.000000000000000000, 0.8660254037844387076, 1.000000000000000000, 0.8660254037844387076, 1.000000000000000000, 0.8660254037844387076, 1.000000000000000000, 0.8660254037844387076, 1.000000000000000000, 0.8660254037844387076, 1.000000000000000000, 0.8660254037844387076, 1.000000000000000000, 0.8660254037844387076, 1.000000000000000000, 0.8660254037844387076, 1.000000000000000000, 0.8660254037844387076, 1.000000000000000000, 0.8660254037844387076, 1.000000000000000000, 0.8660254037844387076, 1.000000000000000000, 0.8660254037844387076, 1.000000000000000000, 0.8660254037844387076, 1.000000000000000000, 0.8660254037844387076, 1.000000000000000000, 0.8660254037844387076, 1.000000000000000000, 0.8660254037844387076, 1.000000000000000000, 0.8660254037844387076, 1.000000000000000000, 0.8660254037844387076, 1.000000000000000000, 0.8660254037844387076, 1.000000000000000000, 0.8660254037844387076, 1.000000000000000000, 0.8660254037844387076, 1.000000000000000000, 0.8660254037844387076, 1.000000000000000000, 0.8660254037844387076, 1.000000000000000000, 0.8660254037844387076, 1.000000000000000000, 0.8660254037844387076, 1.000000000000000000, 0.8660254037844387076, 1.000000000000000000, 0.8660254037844387076, 1.000000000000000000, 0.8660254037844387076, 1.000000000000000000, 0.8660254037844387076, 1.000000000000000000, 0.8660254037844387076, 1.000000000000000000, 0.8660254037844387076, 1.000000000000000000, 0.8660254037844387076, 1.000000000000000000, 0.8660254037844387076, 1.000000000000000000, 0.8660254037844387076, 1.000000000000000000, 0.8660254037844387076, 1.000000000000000000, 0.8660254037844387076, 1.000000000000000000, 0.8660254037844387076, 1.000000000000000000, 0.8660254037844387076, 1.000000000000000000, 0.8660254037844387076, 1.000000000000000000, 0.8660254037844387076, 1.000000000000000000, 0.8660254037844387076, 1.000000000000000000, 0.8660254037844387076, 1.000000000000000000, 0.8660254037844387076, 1.000000000000000000, 0.8660254037844387076, 1.000000000000000000, 0.8660254037844387076, 1.000000000000000000, 0.8660254037844387076, 1.000000000000000000, 0.8660254037844387076, 1.000000000000000000, 0.8660254037844387076, 1.000000000000000000, 0.8660254037844387076, 1.000000000000000000, 0.8660254037844387076, 1.000000000000000000, 0.8660254037844387076, 1.000000000000000000, 0.8660254037844387076, 1.000000000000000000, 0.8660254037844387076, 1.000000000000000000, 0.8660254037844387076, 1.000000000000000000, 0.8660254037844387076, 1.000000000000000000, 0.8660254037844387076, 1.000000000000000000, 0.8660254037844387076, 1.000000000000000000, 0.8660254037844387076, 1.000000000000000000, 0.8660254037844387076, 1.000000000000000000, 0.8660254037844387076, 1.000000000000000000, 0.8660254037844387076, 1.000000000000000000, 0.8660254037844387076, 1.000000000000000000, 0.8660254037844387076, 1.000000000000000000, 0.8660254037844387076, 1.000000000000000000, 0.8660254037844387076, 1.000000000000000000, 0.8660254037844387076, 1.000000000000000000, 0.8660254037844387076, 1.000000000000000000, 0.8660254037844387076, 1.000000000000000000, 0.8660254037844387076, 1.000000000000000000, 0.8660254037844387076, 1.000000000000000000, 0.8660254037844387076, 1.000000000000000000, 0.8660254037844387076, 1.000000000000000000, 0.8660254037844387076, 1.000000000000000000, 0.8660254037844387076, 1.000000000000000000, 0.8660254037844387076, 1.000000000000000000, 0.8660254037844387076, 1.000000000000000000, 0.8660254037844387076, 1.000000000000000000, 0.8660254037844387076, 1.000000000000000000, 0.8660254037844387076, 1.000000000000000000, 0.8660254037844387076, 1.000000000000000000, 0.8660254037844387076, 1.000000000000000000, 0.8660254037844387076, 1.000000000000000000, 0.8660254037844387076, 1.000000000000000000, 0.8660254037844387076, 1.000000000000000000, 0.8660254037844387076, 1.000000000000000000, 0.8660254037844387076, 1.000000000000000000, 0.8660254037844387076, 1.000000000000000000, 0.8660254037844387076, 1.000000000000000000, 0.8660254037844387076, 1.000000000000000000, 0.8660254037844387076, 1.000000000000000000, 0.8660254037844387076, 1.000000000000000000, 0.8660254037844387076, 1.000000000000000000, 0.8660254037844387076, 1.000000000000000000, 0.8660254037844387076, 1.000000000000000000, 0.8660254037844387076, 1.000000000000000000, 0.8660254037844387076, 1.000000000000000000, 0.8660254037844387076, 1.000000000000000000, 0.8660254037844387076, 1.000000000000000000, 0.8660254037844387076, 1.000000000000000000, 0.8660254037844387076, 1.000000000000000000, 0.8660254037844387076, 1.000000000000000000, 0.8660254037844387076, 1.000000000000000000, 0.8660254037844387076, 1.000000000000000000, 0.8660254037844387076, 1.000000000000000000, 0.8660254037844387076, 1.000000000000000000, 0.8660254037844387076, 1.000000000000000000, 0.8660254037844387076, 1.000000000000000000, 0.8660254037844387076, 1.000000000000000000, 0.8660254037844387076, 1.000000000000000000, 0.8660254037844387076, 1.000000000000000000, 0.8660254037844387076, 1.000000000000000000, 0.8660254037844387076, 1.000000000000000000, 0.8660254037844387076, 1.000000000000000000, 0.8660254037844387076, 1.000000000000000000, 0.8660254037844387076, 1.000000000000000000, 0.8660254037844387076, 1.000000000000000000, 0.8660254037844387076, 1.000000000000000000, 0.8660254037844387076, 1.000000000000000000, 0.8660254037844387076, 1.000000000000000000, 0.8660254037844387076, 1.000000000000000000, 0.8660254037844387076, 1.000000000000000000, 0.8660254037844387076, 1.000000000000000000, 0.8660254037844387076, 1.000000000000000000, 0.8660254037844387076, 1.000000000000000000, 0.8660254037844387076, 1.000000000000000000, 0.8660254037844387076, 1.000000000000000000, 0.8660254037844387076, 1.000000000000000000, 0.8660254037844387076, 1.000000000000000000, 0.8660254037844387076, 1.000000000000000000, 0.8660254037844387076, 1.000000000000000000, 0.8660254037844387076, 1.000000000000000000, 0.8660254037844387076, 1.000000000000000000, 0.8660254037844387076, 1.000000000000000000, 0.8660254037844387076, 1.000000000000000000, 0.8660254037844387076, 1.000000000000000000, 0.8660254037844387076, 1.000000000000000000, 0.8660254037844387076, 1.000000000000000000, 0.8660254037844387076, 1.000000000000000000, 0.8660254037844387076, 1.000000000000000000, 0.8660254037844387076, 1.000000000000000000, 0.8660254037844387076, 1.000000000000000000, 0.8660254037844387076, 1.000000000000000000, 0.8660254037844387076, 1.000000000000000000, 0.8660254037844387076, 1.000000000000000000, 0.8660254037844387076, 1.000000000000000000, 0.8660254037844387076, 1.000000000000000000, 0.8660254037844387076, 1.000000000000000000, 0.8660254037844387076, 1.000000000000000000, 0.8660254037844387076, 1.000000000000000000, 0.8660254037844387076, 1.000000000000000000, 0.8660254037844387076, 1.000000000000000000, 0.8660254037844387076, 1.000000000000000000, 0.8660254037844387076, 1.000000000000000000, 0.8660254037844387076, 1.000000000000000000, 0.9548812761336598065, 0.9401518842874241333),
 ( 1.000000000000000000, 0.8660254037844387076, 1.000000000000000000, 0.8660254037844387076, 1.000000000000000000, 0.8660254037844387076, 1.000000000000000000, 0.8660254037844387076, 1.000000000000000000, 0.8660254037844387076, 1.000000000000000000, 0.8660254037844387076, 1.000000000000000000, 0.8660254037844387076, 1.000000000000000000, 0.8660254037844387076, 1.000000000000000000, 0.8660254037844387076, 1.000000000000000000, 0.8660254037844387076, 1.000000000000000000, 0.8660254037844387076, 1.000000000000000000, 0.8660254037844387076, 1.000000000000000000, 0.8660254037844387076, 1.000000000000000000, 0.8660254037844387076, 1.000000000000000000, 0.8660254037844387076, 1.000000000000000000, 0.8660254037844387076, 1.000000000000000000, 0.8660254037844387076, 1.000000000000000000, 0.8660254037844387076, 1.000000000000000000, 0.8660254037844387076, 1.000000000000000000, 0.8660254037844387076, 1.000000000000000000, 0.8660254037844387076, 1.000000000000000000, 0.8660254037844387076, 1.000000000000000000, 0.8660254037844387076, 1.000000000000000000, 0.8660254037844387076, 1.000000000000000000, 0.8660254037844387076, 1.000000000000000000, 0.8660254037844387076, 1.000000000000000000, 0.8660254037844387076, 1.000000000000000000, 0.8660254037844387076, 1.000000000000000000, 0.8660254037844387076, 1.000000000000000000, 0.8660254037844387076, 1.000000000000000000, 0.8660254037844387076, 1.000000000000000000, 0.8660254037844387076, 1.000000000000000000, 0.8660254037844387076, 1.000000000000000000, 0.8660254037844387076, 1.000000000000000000, 0.8660254037844387076, 1.000000000000000000, 0.8660254037844387076, 1.000000000000000000, 0.8660254037844387076, 1.000000000000000000, 0.8660254037844387076, 1.000000000000000000, 0.8660254037844387076, 1.000000000000000000, 0.8660254037844387076, 1.000000000000000000, 0.8660254037844387076, 1.000000000000000000, 0.8660254037844387076, 1.000000000000000000, 0.8660254037844387076, 1.000000000000000000, 0.8660254037844387076, 1.000000000000000000, 0.8660254037844387076, 1.000000000000000000, 0.8660254037844387076, 1.000000000000000000, 0.8660254037844387076, 1.000000000000000000, 0.8660254037844387076, 1.000000000000000000, 0.8660254037844387076, 1.000000000000000000, 0.8660254037844387076, 1.000000000000000000, 0.8660254037844387076, 1.000000000000000000, 0.8660254037844387076, 1.000000000000000000, 0.8660254037844387076, 1.000000000000000000, 0.8660254037844387076, 1.000000000000000000, 0.8660254037844387076, 1.000000000000000000, 0.8660254037844387076, 1.000000000000000000, 0.8660254037844387076, 1.000000000000000000, 0.8660254037844387076, 1.000000000000000000, 0.8660254037844387076, 1.000000000000000000, 0.8660254037844387076, 1.000000000000000000, 0.8660254037844387076, 1.000000000000000000, 0.8660254037844387076, 1.000000000000000000, 0.8660254037844387076, 1.000000000000000000, 0.8660254037844387076, 1.000000000000000000, 0.8660254037844387076, 1.000000000000000000, 0.8660254037844387076, 1.000000000000000000, 0.8660254037844387076, 1.000000000000000000, 0.8660254037844387076, 1.000000000000000000, 0.8660254037844387076, 1.000000000000000000, 0.8660254037844387076, 1.000000000000000000, 0.8660254037844387076, 1.000000000000000000, 0.8660254037844387076, 1.000000000000000000, 0.8660254037844387076, 1.000000000000000000, 0.8660254037844387076, 1.000000000000000000, 0.8660254037844387076, 1.000000000000000000, 0.8660254037844387076, 1.000000000000000000, 0.8660254037844387076, 1.000000000000000000, 0.8660254037844387076, 1.000000000000000000, 0.8660254037844387076, 1.000000000000000000, 0.8660254037844387076, 1.000000000000000000, 0.8660254037844387076, 1.000000000000000000, 0.8660254037844387076, 1.000000000000000000, 0.8660254037844387076, 1.000000000000000000, 0.8660254037844387076, 1.000000000000000000, 0.8660254037844387076, 1.000000000000000000, 0.8660254037844387076, 1.000000000000000000, 0.8660254037844387076, 1.000000000000000000, 0.8660254037844387076, 1.000000000000000000, 0.8660254037844387076, 1.000000000000000000, 0.8660254037844387076, 1.000000000000000000, 0.8660254037844387076, 1.000000000000000000, 0.8660254037844387076, 1.000000000000000000, 0.8660254037844387076, 1.000000000000000000, 0.8660254037844387076, 1.000000000000000000, 0.8660254037844387076, 1.000000000000000000, 0.8660254037844387076, 1.000000000000000000, 0.8660254037844387076, 1.000000000000000000, 0.8660254037844387076, 1.000000000000000000, 0.8660254037844387076, 1.000000000000000000, 0.8660254037844387076, 1.000000000000000000, 0.8660254037844387076, 1.000000000000000000, 0.8660254037844387076, 1.000000000000000000, 0.8660254037844387076, 1.000000000000000000, 0.8660254037844387076, 1.000000000000000000, 0.8660254037844387076, 1.000000000000000000, 0.8660254037844387076, 1.000000000000000000, 0.8660254037844387076, 1.000000000000000000, 0.8660254037844387076, 1.000000000000000000, 0.8660254037844387076, 1.000000000000000000, 0.8660254037844387076, 1.000000000000000000, 0.8660254037844387076, 1.000000000000000000, 0.8660254037844387076, 1.000000000000000000, 0.8660254037844387076, 1.000000000000000000, 0.8660254037844387076, 1.000000000000000000, 0.8660254037844387076, 1.000000000000000000, 0.8660254037844387076, 1.000000000000000000, 0.8660254037844387076, 1.000000000000000000, 0.8660254037844387076, 1.000000000000000000, 0.8660254037844387076, 1.000000000000000000, 0.8660254037844387076, 1.000000000000000000, 0.8660254037844387076, 1.000000000000000000, 0.8660254037844387076, 1.000000000000000000, 0.8660254037844387076, 1.000000000000000000, 0.8660254037844387076, 1.000000000000000000, 0.8660254037844387076, 1.000000000000000000, 0.8660254037844387076, 1.000000000000000000, 0.8660254037844387076, 1.000000000000000000, 0.8660254037844387076, 1.000000000000000000, 0.8660254037844387076, 1.000000000000000000, 0.8660254037844387076, 1.000000000000000000, 0.8660254037844387076, 1.000000000000000000, 0.8660254037844387076, 1.000000000000000000, 0.8660254037844387076, 1.000000000000000000, 0.8660254037844387076, 1.000000000000000000, 0.8660254037844387076, 1.000000000000000000, 0.8660254037844387076, 1.000000000000000000, 0.8660254037844387076, 1.000000000000000000, 0.8660254037844387076, 1.000000000000000000, 0.8660254037844387076, 1.000000000000000000, 0.8660254037844387076, 1.000000000000000000, 0.8660254037844387076, 1.000000000000000000, 0.8660254037844387076, 1.000000000000000000, 0.8660254037844387076, 1.000000000000000000, 0.8660254037844387076, 1.000000000000000000, 0.8660254037844387076, 1.000000000000000000, 0.8660254037844387076, 1.000000000000000000, 0.8660254037844387076, 1.000000000000000000, 0.8660254037844387076, 1.000000000000000000, 0.8660254037844387076, 1.000000000000000000, 0.8660254037844387076, 1.000000000000000000, 0.8660254037844387076, 1.000000000000000000, 0.8660254037844387076, 1.000000000000000000, 0.8660254037844387076, 1.000000000000000000, 0.8660254037844387076, 1.000000000000000000, 0.8660254037844387076, 1.000000000000000000, 0.8660254037844387076, 1.000000000000000000, 0.8660254037844387076, 1.000000000000000000, 0.9548812761336598065, 0.9401518842874241333) ) ) 
 REPRESENTATION_ITEM ( '' )  SURFACE ( )  );
#5351 = DIRECTION ( 'NONE',  ( 3.380207847158600868E-15, 0.000000000000000000, 1.000000000000000000 ) ) ;
#5352 = CARTESIAN_POINT ( 'NONE',  ( 0.6264005423777310178, 8.629632794191444134, 1.084957565286928327 ) ) ;
#5353 = PLANE ( 'NONE',  #5673 ) ;
#5354 = CARTESIAN_POINT ( 'NONE',  ( 0.000000000000000000, 10.00000000000000000, 0.000000000000000000 ) ) ;
#5355 = CARTESIAN_POINT ( 'NONE',  ( -0.6249999999999993339, 5.199999999999996625, -1.082531754730547968 ) ) ;
#5356 = CARTESIAN_POINT ( 'NONE',  ( -1.006430356249999880, 9.596875000614513596, -0.5810628371015476024 ) ) ;
#5357 = CARTESIAN_POINT ( 'NONE',  ( 7.846973004653627780E-15, 11.40000000000000036, 1.154700538379251906 ) ) ;
#5358 = CARTESIAN_POINT ( 'NONE',  ( -1.006430356249999214, 1.571875000614513906, 0.5810628371015488236 ) ) ;
#5359 = CARTESIAN_POINT ( 'NONE',  ( -0.5032151781249986078, 9.146875000614512530, 0.8715942556523228468 ) ) ;
#5360 = CARTESIAN_POINT ( 'NONE',  ( -0.6249999999999993339, 2.049999999999996714, -1.082531754730547968 ) ) ;
#5361 = VERTEX_POINT ( 'NONE', #154 ) ;
#5362 = CARTESIAN_POINT ( 'NONE',  ( -1.249999999999999334, 9.737499999999997158, -0.7216878364870322748 ) ) ;
#5363 = CARTESIAN_POINT ( 'NONE',  ( -0.6264005423777275761, 4.054632794191443068, 1.084957565286930325 ) ) ;
#5364 = CARTESIAN_POINT ( 'NONE',  ( 0.5032151781250004952, 1.121875000614513951, 0.8715942556523216256 ) ) ;
#5365 = CARTESIAN_POINT ( 'NONE',  ( 0.5032151781250004952, 5.171875000614513773, 0.8715942556523216256 ) ) ;
#5366 = EDGE_CURVE ( 'NONE', #1697, #1006, #2690, .T. ) ;
#5367 = CARTESIAN_POINT ( 'NONE',  ( -1.062732146793064491E-15, 5.021875000614513418, -1.162125674203096537 ) ) ;
#5368 = CARTESIAN_POINT ( 'NONE',  ( 0.5032151781249990519, 4.984375000614513773, -0.8715942556523228468 ) ) ;
#5369 = CARTESIAN_POINT ( 'NONE',  ( -0.6250000000000017764, 6.156250001229031099, -1.082531754730546636 ) ) ;
#5370 = CARTESIAN_POINT ( 'NONE',  ( -0.7142857142857106378, 11.11428571428571388, 0.4123930494211629494 ) ) ;
#5371 = DIRECTION ( 'NONE',  ( 0.000000000000000000, -0.6546536707079769757, -0.7559289460184546172 ) ) ;
#5372 = CARTESIAN_POINT ( 'NONE',  ( 0.6249999999999974465, 7.881250001229029856, -1.082531754730548856 ) ) ;
#5373 = CARTESIAN_POINT ( 'NONE',  ( 2.527446539981169803E-15, 0.8874999999999969580, 1.249999999999999556 ) ) ;
#5374 = CARTESIAN_POINT ( 'NONE',  ( -1.249999999999999334, 5.781250001229031099, 2.596460695863248776E-15 ) ) ;
#5375 = CARTESIAN_POINT ( 'NONE',  ( 1.006430356249999658, 8.959375000614514306, -9.819791222584817478E-16 ) ) ;
#5376 = CARTESIAN_POINT ( 'NONE',  ( -1.006430356249998548, 7.309375000614513063, 0.5810628371015493787 ) ) ;
#5377 = CARTESIAN_POINT ( 'NONE',  ( -1.249999999999999112, 8.387499999999995737, -0.7216878364870322748 ) ) ;
#5378 = ORIENTED_EDGE ( 'NONE', *, *, #113, .T. ) ;
#5379 = DIRECTION ( 'NONE',  ( 0.000000000000000000, 1.000000000000000000, 0.000000000000000000 ) ) ;
#5380 = CARTESIAN_POINT ( 'NONE',  ( -0.6264005423777275761, 10.35463279419144378, 1.084957565286930325 ) ) ;
#5381 = CARTESIAN_POINT ( 'NONE',  ( -1.249999999999999778, 4.412499999999996092, 0.7216878364870313867 ) ) ;
#5382 = CARTESIAN_POINT ( 'NONE',  ( -4.938688641342514686E-16, 6.287499999999996092, 1.249999999999999334 ) ) ;
#5383 = CARTESIAN_POINT ( 'NONE',  ( -0.3349837718550957577, 3.623650974917725254, 1.249972702119367174 ) ) ;
#5384 = CARTESIAN_POINT ( 'NONE',  ( -0.5032151781250003841, 8.659375000614511819, -0.8715942556523218476 ) ) ;
#5385 =( BOUNDED_CURVE ( )  B_SPLINE_CURVE ( 2, ( #3823, #2986, #4684, #5599, #1154, #2102, #4739, #4617, #767, #3877, #708, #1618, #2543, #4196, #1557, #5653, #1672, #3446, #645, #2426, #213, #3331, #2904, #4650, #677, #2459, #4223, #240, #2019, #3794, #3098, #3591, #791, #3984, #1351, #1703, #3502, #2653, #5331, #1788, #1730, #4332, #3473, #5358, #470, #436, #1289, #1260, #3561, #4020, #5267, #3, #3037, #3956, #33, #3931, #352, #2128, #5681, #4382, #5739, #2625, #2161, #3065, #3130, #4819, #5238, #1818, #875, #4790, #909, #4882, #849, #406, #379, #5710, #3014, #2689, #4444, #4851, #818, #1757, #3902, #2253, #2191, #2595, #4763, #4355, #2569, #3528, #5299, #1319, #4411, #2219, #975, #83, #1470, #2808, #1495, #142, #2389, #4559, #2335, #581, #2783, #4100, #1843, #4157, #112, #3620, #501, #1896, #4583, #3731, #2278, #58, #3186, #2834, #2725, #4476, #610, #1923, #1870, #5387, #174, #4995, #1413, #5027, #3698, #5419, #4969, #4501, #4073, #1385, #3267, #1060, #3238, #4942, #1951, #2363, #4130, #3215, #4048, #3161, #2755, #4914, #945, #5472, #3672, #4528, #1444, #531, #3649, #1029, #2307, #1001, #555, #5442, #668, #4275, #2450, #1146, #2480, #205, #761, #4247, #1983, #4612, #263, #2979, #2097, #639, #4189, #1551, #1202, #1086, #2863, #4733, #2043, #320, #5176, #2508, #3355, #1613, #3786, #5118, #4216, #2537, #294, #5504, #3847, #4303, #233, #2928, #4676, #5056, #2419, #5619, #1642, #3818, #702, #2012, #5560, #1523, #3297, #3413, #5594, #3757, #3386, #5533, #3326, #2072, #5148, #5084, #1114, #729, #2895, #4641, #1580, #1174, #2956, #4702, #3034, #5202, #4326, #460, #1341, #1313, #2153, #2122, #2647, #4875, #2589, #4844, #3895, #4811, #899, #4784, #1231, #3008, #787, #3090, #4435, #3496, #812, #4349, #841, #2681, #373, #4758, #2562, #346, #5261, #2618, #5232, #5674, #1723, #1699, #869, #4376, #5760, #1750, #3469, #1781, #4405, #3924, #1283, #1255, #5703 ),
 .UNSPECIFIED., .F., .T. ) 
 B_SPLINE_CURVE_WITH_KNOTS ( ( 3, 2, 2, 2, 2, 2, 2, 2, 2, 2, 2, 2, 2, 2, 2, 2, 2, 2, 2, 2, 2, 2, 2, 2, 2, 2, 2, 2, 2, 2, 2, 2, 2, 2, 2, 2, 2, 2, 2, 2, 2, 2, 2, 2, 2, 2, 2, 2, 2, 2, 2, 2, 2, 2, 2, 2, 2, 2, 2, 2, 2, 2, 2, 2, 2, 2, 2, 2, 2, 2, 2, 2, 2, 2, 2, 2, 2, 2, 2, 2, 2, 2, 2, 2, 2, 2, 2, 2, 2, 2, 2, 2, 2, 2, 2, 2, 2, 2, 2, 2, 2, 2, 2, 2, 2, 2, 2, 2, 2, 2, 2, 2, 2, 2, 2, 2, 2, 2, 2, 2, 2, 2, 2, 2, 2, 2, 2, 2, 2, 2, 2, 2, 2, 2, 3 ),
 ( 0.08203598141474811867, 0.08262532753108760286, 0.08898112195655588641, 0.09533691638202416996, 0.1016927108074924535, 0.1080485052329607232, 0.1144042996584289928, 0.1207600940838972903, 0.1271158885093655599, 0.1334716829348338296, 0.1398274773603020993, 0.1461832717857703967, 0.1525390662112386664, 0.1588948606367069361, 0.1652506550621752335, 0.1716064494876435031, 0.1779622439131117728, 0.1843180383385800702, 0.1906738327640483122, 0.1970296271895166096, 0.2033854216149849070, 0.2097412160404531489, 0.2160970104659214464, 0.2224528048913897438, 0.2288085993168579857, 0.2351643937423262831, 0.2415201881677945805, 0.2478759825932628780, 0.2542317770187311199, 0.2605875714441994173, 0.2669433658696676592, 0.2732991602951359567, 0.2796549547206041986, 0.2860107491460724960, 0.2923665435715407379, 0.2987223379970090908, 0.3050781324224773328, 0.3114339268479456302, 0.3177897212734138721, 0.3241455156988821695, 0.3305013101243504670, 0.3368571045498187644, 0.3432128989752869508, 0.3495686934007553037, 0.3559244878262235456, 0.3622802822516918431, 0.3686360766771600850, 0.3749918711026283824, 0.3813476655280966243, 0.3877034599535649217, 0.3940592543790332192, 0.4004150488045015166, 0.4067708432299697030, 0.4131266376554380559, 0.4194824320809063534, 0.4258382265063745953, 0.4321940209318428372, 0.4385498153573111901, 0.4449056097827794876, 0.4512614042082477295, 0.4576171986337159714, 0.4639729930591843243, 0.4703287874846525107, 0.4766845819101208637, 0.4830403763355891056, 0.4893961707610574030, 0.4957519651865256449, 0.5021077596119940534, 0.5084635540374622398, 0.5148193484629305372, 0.5211751428883988346, 0.5275309373138671321, 0.5338867317393353185, 0.5402425261648037269, 0.5465983205902719133, 0.5529541150157403218, 0.5593099094412085082, 0.5656657038666766946, 0.5720214982921451030, 0.5783772927176134004, 0.5847330871430815868, 0.5910888815685498843, 0.5974446759940181817, 0.6038004704194864791, 0.6101562648449546655, 0.6165120592704229630, 0.6228678536958912604, 0.6292236481213595578, 0.6355794425468277442, 0.6419352369722961527, 0.6482910313977643391, 0.6546468258232327475, 0.6610026202487009339, 0.6673584146741691203, 0.6737142090996375288, 0.6800700035251058262, 0.6864257979505740126, 0.6927815923760423100, 0.6991373868015106074, 0.7054931812269790159, 0.7118489756524470913, 0.7182047700779153887, 0.7245605645033837972, 0.7309163589288519836, 0.7372721533543201700, 0.7436279477797885784, 0.7499837422052568758, 0.7563395366307250622, 0.7626953310561933597, 0.7690511254816616571, 0.7754069199071298435, 0.7817627143325982519, 0.7881185087580664383, 0.7944743031835347358, 0.8008300976090031442, 0.8071858920344713306, 0.8135416864599395170, 0.8198974808854079255, 0.8262532753108761119, 0.8326090697363444093, 0.8389648641618127067, 0.8453206585872810042, 0.8516764530127491906, 0.8580322474382175990, 0.8643880418636857854, 0.8707438362891541939, 0.8770996307146223803, 0.8834554251400906777, 0.8898112195655589751, 0.8961670139910271615, 0.9025228084164954589, 0.9088786028419637564, 0.9152343972674320538, 0.9215901916929002402, 0.9270760652577387795 ),
 .UNSPECIFIED. ) 
 CURVE ( )  GEOMETRIC_REPRESENTATION_ITEM ( )  RATIONAL_B_SPLINE_CURVE ( ( 0.9774580439730785608, 0.9875770985210908792, 1.000000000000000000, 0.8660254037844387076, 1.000000000000000000, 0.8660254037844387076, 1.000000000000000000, 0.8660254037844387076, 1.000000000000000000, 0.8660254037844387076, 1.000000000000000000, 0.8660254037844387076, 1.000000000000000000, 0.8660254037844387076, 1.000000000000000000, 0.8660254037844387076, 1.000000000000000000, 0.8660254037844387076, 1.000000000000000000, 0.8660254037844387076, 1.000000000000000000, 0.8660254037844387076, 1.000000000000000000, 0.8660254037844387076, 1.000000000000000000, 0.8660254037844387076, 1.000000000000000000, 0.8660254037844387076, 1.000000000000000000, 0.8660254037844387076, 1.000000000000000000, 0.8660254037844387076, 1.000000000000000000, 0.8660254037844387076, 1.000000000000000000, 0.8660254037844387076, 1.000000000000000000, 0.8660254037844387076, 1.000000000000000000, 0.8660254037844387076, 1.000000000000000000, 0.8660254037844387076, 1.000000000000000000, 0.8660254037844387076, 1.000000000000000000, 0.8660254037844387076, 1.000000000000000000, 0.8660254037844387076, 1.000000000000000000, 0.8660254037844387076, 1.000000000000000000, 0.8660254037844387076, 1.000000000000000000, 0.8660254037844387076, 1.000000000000000000, 0.8660254037844387076, 1.000000000000000000, 0.8660254037844387076, 1.000000000000000000, 0.8660254037844387076, 1.000000000000000000, 0.8660254037844387076, 1.000000000000000000, 0.8660254037844387076, 1.000000000000000000, 0.8660254037844387076, 1.000000000000000000, 0.8660254037844387076, 1.000000000000000000, 0.8660254037844387076, 1.000000000000000000, 0.8660254037844387076, 1.000000000000000000, 0.8660254037844387076, 1.000000000000000000, 0.8660254037844387076, 1.000000000000000000, 0.8660254037844387076, 1.000000000000000000, 0.8660254037844387076, 1.000000000000000000, 0.8660254037844387076, 1.000000000000000000, 0.8660254037844387076, 1.000000000000000000, 0.8660254037844387076, 1.000000000000000000, 0.8660254037844387076, 1.000000000000000000, 0.8660254037844387076, 1.000000000000000000, 0.8660254037844387076, 1.000000000000000000, 0.8660254037844387076, 1.000000000000000000, 0.8660254037844387076, 1.000000000000000000, 0.8660254037844387076, 1.000000000000000000, 0.8660254037844387076, 1.000000000000000000, 0.8660254037844387076, 1.000000000000000000, 0.8660254037844387076, 1.000000000000000000, 0.8660254037844387076, 1.000000000000000000, 0.8660254037844387076, 1.000000000000000000, 0.8660254037844387076, 1.000000000000000000, 0.8660254037844387076, 1.000000000000000000, 0.8660254037844387076, 1.000000000000000000, 0.8660254037844387076, 1.000000000000000000, 0.8660254037844387076, 1.000000000000000000, 0.8660254037844387076, 1.000000000000000000, 0.8660254037844387076, 1.000000000000000000, 0.8660254037844387076, 1.000000000000000000, 0.8660254037844387076, 1.000000000000000000, 0.8660254037844387076, 1.000000000000000000, 0.8660254037844387076, 1.000000000000000000, 0.8660254037844387076, 1.000000000000000000, 0.8660254037844387076, 1.000000000000000000, 0.8660254037844387076, 1.000000000000000000, 0.8660254037844387076, 1.000000000000000000, 0.8660254037844387076, 1.000000000000000000, 0.8660254037844387076, 1.000000000000000000, 0.8660254037844387076, 1.000000000000000000, 0.8660254037844387076, 1.000000000000000000, 0.8660254037844387076, 1.000000000000000000, 0.8660254037844387076, 1.000000000000000000, 0.8660254037844387076, 1.000000000000000000, 0.8660254037844387076, 1.000000000000000000, 0.8660254037844387076, 1.000000000000000000, 0.8660254037844387076, 1.000000000000000000, 0.8660254037844387076, 1.000000000000000000, 0.8660254037844387076, 1.000000000000000000, 0.8660254037844387076, 1.000000000000000000, 0.8660254037844387076, 1.000000000000000000, 0.8660254037844387076, 1.000000000000000000, 0.8660254037844387076, 1.000000000000000000, 0.8660254037844387076, 1.000000000000000000, 0.8660254037844387076, 1.000000000000000000, 0.8660254037844387076, 1.000000000000000000, 0.8660254037844387076, 1.000000000000000000, 0.8660254037844387076, 1.000000000000000000, 0.8660254037844387076, 1.000000000000000000, 0.8660254037844387076, 1.000000000000000000, 0.8660254037844387076, 1.000000000000000000, 0.8660254037844387076, 1.000000000000000000, 0.8660254037844387076, 1.000000000000000000, 0.8660254037844387076, 1.000000000000000000, 0.8660254037844387076, 1.000000000000000000, 0.8660254037844387076, 1.000000000000000000, 0.8660254037844387076, 1.000000000000000000, 0.8660254037844387076, 1.000000000000000000, 0.8660254037844387076, 1.000000000000000000, 0.8660254037844387076, 1.000000000000000000, 0.8660254037844387076, 1.000000000000000000, 0.8660254037844387076, 1.000000000000000000, 0.8660254037844387076, 1.000000000000000000, 0.8660254037844387076, 1.000000000000000000, 0.8660254037844387076, 1.000000000000000000, 0.8660254037844387076, 1.000000000000000000, 0.8660254037844387076, 1.000000000000000000, 0.8660254037844387076, 1.000000000000000000, 0.8660254037844387076, 1.000000000000000000, 0.8660254037844387076, 1.000000000000000000, 0.8660254037844387076, 1.000000000000000000, 0.8660254037844387076, 1.000000000000000000, 0.8660254037844387076, 1.000000000000000000, 0.8660254037844387076, 1.000000000000000000, 0.8660254037844387076, 1.000000000000000000, 0.8660254037844387076, 1.000000000000000000, 0.8660254037844387076, 1.000000000000000000, 0.8660254037844387076, 1.000000000000000000, 0.8660254037844387076, 1.000000000000000000, 0.8660254037844387076, 1.000000000000000000, 0.8660254037844387076, 1.000000000000000000, 0.8660254037844387076, 1.000000000000000000, 0.8660254037844387076, 1.000000000000000000, 0.8660254037844387076, 1.000000000000000000, 0.8660254037844387076, 1.000000000000000000, 0.8660254037844387076, 1.000000000000000000, 0.8660254037844387076, 1.000000000000000000, 0.8660254037844387076, 1.000000000000000000, 0.8660254037844387076, 1.000000000000000000, 0.8660254037844387076, 1.000000000000000000, 0.8660254037844387076, 1.000000000000000000, 0.8843625758577454699, 0.9683452922493049897 ) ) 
 REPRESENTATION_ITEM ( '' )  );
#5386 = VECTOR ( 'NONE', #2270, 1000.000000000000000 ) ;
#5387 = CARTESIAN_POINT ( 'NONE',  ( -1.062732146793064491E-15, 4.571875000614513240, -1.162125674203096537 ) ) ;
#5388 = CARTESIAN_POINT ( 'NONE',  ( -1.006430356249999436, 9.071875000614511464, 1.644310252063557226E-15 ) ) ;
#5389 = CARTESIAN_POINT ( 'NONE',  ( -0.6250000000000002220, 1.749999999999996891, 1.082531754730547746 ) ) ;
#5390 = CARTESIAN_POINT ( 'NONE',  ( 1.250000000000000444, 8.668750001229030389, 0.7216878364870297213 ) ) ;
#5391 = VECTOR ( 'NONE', #5351, 1000.000000000000000 ) ;
#5392 = ORIENTED_EDGE ( 'NONE', *, *, #5169, .F. ) ;
#5393 = CARTESIAN_POINT ( 'NONE',  ( 1.249999999999999556, 8.687499999999996447, -0.7216878364870316087 ) ) ;
#5394 = AXIS2_PLACEMENT_3D ( 'NONE', #2163, #4823, #3934 ) ;
#5395 = CARTESIAN_POINT ( 'NONE',  ( 2.922199054809748253E-15, 3.192132794191443690, 1.446610087049238658 ) ) ;
#5396 = CARTESIAN_POINT ( 'NONE',  ( 0.5032151781249982747, -0.07812499938548599088, -0.8715942556523229579 ) ) ;
#5397 = CARTESIAN_POINT ( 'NONE',  ( 1.827526258964323273E-15, 6.034375000614514484, 1.162125674203096093 ) ) ;
#5398 = CARTESIAN_POINT ( 'NONE',  ( 9.204127980810867663E-16, 4.796875000614513773, 1.162125674203096537 ) ) ;
#5399 = CARTESIAN_POINT ( 'NONE',  ( 1.505942528553860147E-05, 6.118749128651757019, -1.249999999909284565 ) ) ;
#5400 = FACE_OUTER_BOUND ( 'NONE', #2334, .T. ) ;
#5401 = PLANE ( 'NONE',  #2985 ) ;
#5402 = EDGE_CURVE ( 'NONE', #853, #2855, #4515, .T. ) ;
#5403 = CARTESIAN_POINT ( 'NONE',  ( 0.6250000000000012212, 7.731250001229030389, 1.082531754730547080 ) ) ;
#5404 = CARTESIAN_POINT ( 'NONE',  ( -1.249999999999999334, 6.681250001229031454, 2.596460695863248776E-15 ) ) ;
#5405 = CARTESIAN_POINT ( 'NONE',  ( -0.6249999999999993339, -0.6500000000000030198, -1.082531754730547968 ) ) ;
#5406 = CARTESIAN_POINT ( 'NONE',  ( 1.006430356249999880, 8.359375000614512885, 0.5810628371015469362 ) ) ;
#5407 = CARTESIAN_POINT ( 'NONE',  ( 0.6249999999999997780, 5.124999999999996447, -1.082531754730547746 ) ) ;
#5408 = CARTESIAN_POINT ( 'NONE',  ( -1.249999999999999556, 3.062499999999996447, 0.7216878364870313867 ) ) ;
#5409 = FACE_OUTER_BOUND ( 'NONE', #5441, .T. ) ;
#5410 = ORIENTED_EDGE ( 'NONE', *, *, #5684, .F. ) ;
#5411 = CIRCLE ( 'NONE', #383, 2.250000000000000000 ) ;
#5412 = CARTESIAN_POINT ( 'NONE',  ( 0.9999999999999993339, 11.40000000000000036, 0.5773502691896267303 ) ) ;
#5413 = CARTESIAN_POINT ( 'NONE',  ( -1.252801084755460259, 10.24213279419144129, -0.7233050435246171084 ) ) ;
#5414 = CARTESIAN_POINT ( 'NONE',  ( 1.827526258964323273E-15, 0.6343750006145137954, 1.162125674203096093 ) ) ;
#5415 = CARTESIAN_POINT ( 'NONE',  ( -1.006430356249998548, 2.359375000614513773, 0.5810628371015493787 ) ) ;
#5417 = ORIENTED_EDGE ( 'NONE', *, *, #412, .T. ) ;
#5416 = CARTESIAN_POINT ( 'NONE',  ( 1.006430356249999658, 8.471875000614511819, 0.5810628371015478244 ) ) ;
#5418 = ADVANCED_FACE ( 'NONE', ( #5400 ), #541, .T. ) ;
#5419 = CARTESIAN_POINT ( 'NONE',  ( 9.204127980810865691E-16, 4.796875000614513773, 1.162125674203096537 ) ) ;
#5420 = CARTESIAN_POINT ( 'NONE',  ( -1.006430356250000324, 8.134375000614513240, -0.5810628371015467142 ) ) ;
#5421 = CARTESIAN_POINT ( 'NONE',  ( -1.249999999999999334, 4.337499999999996803, -0.7216878364870322748 ) ) ;
#5422 = CARTESIAN_POINT ( 'NONE',  ( 0.6249999999999997780, 7.374999999999997335, -1.082531754730547746 ) ) ;
#5423 = VERTEX_POINT ( 'NONE', #125 ) ;
#5424 = EDGE_CURVE ( 'NONE', #1749, #4507, #5518, .T. ) ;
#5425 = CARTESIAN_POINT ( 'NONE',  ( -3.099357696081660789E-15, 2.067132794191443690, -1.446610087049238658 ) ) ;
#5426 = CARTESIAN_POINT ( 'NONE',  ( 1.827526258964323273E-15, 1.084375000614513640, 1.162125674203096093 ) ) ;
#5427 = CARTESIAN_POINT ( 'NONE',  ( -1.006430356249998548, 6.409375000614514484, 0.5810628371015494897 ) ) ;
#5428 = CARTESIAN_POINT ( 'NONE',  ( -1.006430356249999880, 8.696875000614511464, -0.5810628371015476024 ) ) ;
#5429 = CARTESIAN_POINT ( 'NONE',  ( 2.527446539981169803E-15, 0.8874999999999969580, 1.249999999999999556 ) ) ;
#5430 = CARTESIAN_POINT ( 'NONE',  ( -5.150470502622550415E-05, 8.142894556171148324, 1.249999997922397466 ) ) ;
#5431 = CARTESIAN_POINT ( 'NONE',  ( 0.6249999999999974465, 5.181250001229030566, -1.082531754730548856 ) ) ;
#5432 = CARTESIAN_POINT ( 'NONE',  ( -1.969845607676301195E-15, 8.509375000614513240, -1.162125674203096093 ) ) ;
#5433 = DIRECTION ( 'NONE',  ( -0.000000000000000000, -1.000000000000000000, -0.000000000000000000 ) ) ;
#5434 = CARTESIAN_POINT ( 'NONE',  ( 0.3349364905389026204, 8.557596189432329581, 1.249999999999999556 ) ) ;
#5435 = ORIENTED_EDGE ( 'NONE', *, *, #3686, .T. ) ;
#5436 = CARTESIAN_POINT ( 'NONE',  ( 1.249999999999997780, 2.893750001229031366, -0.7216878364870343843 ) ) ;
#5437 = CARTESIAN_POINT ( 'NONE',  ( -3.086515833287601756E-15, -1.081249998770968723, -1.443375672974063439 ) ) ;
#5438 = CARTESIAN_POINT ( 'NONE',  ( -0.7236300453609182393, 0.4492249358574442741, 1.019244600387754218 ) ) ;
#5439 = CARTESIAN_POINT ( 'NONE',  ( 0.5032151781249982747, 2.621875000614513507, -0.8715942556523229579 ) ) ;
#5441 = EDGE_LOOP ( 'NONE', ( #4052, #1868 ) ) ;
#5440 = DIRECTION ( 'NONE',  ( 0.000000000000000000, 0.000000000000000000, -1.000000000000000000 ) ) ;
#5442 = CARTESIAN_POINT ( 'NONE',  ( 1.006430356249998992, 5.846875000614514484, -0.5810628371015489346 ) ) ;
#5443 = CARTESIAN_POINT ( 'NONE',  ( 0.000000000000000000, 10.00000000000000000, 0.000000000000000000 ) ) ;
#5444 = CARTESIAN_POINT ( 'NONE',  ( -1.037319268483618995, 0.06771101761604297886, 0.1374755842747110435 ) ) ;
#5445 = VERTEX_POINT ( 'NONE', #989 ) ;
#5446 = ORIENTED_EDGE ( 'NONE', *, *, #4638, .F. ) ;
#5447 = CARTESIAN_POINT ( 'NONE',  ( 4.249308724714745864E-08, 4.318749998679439983, -1.249999999999998890 ) ) ;
#5448 = CARTESIAN_POINT ( 'NONE',  ( 1.252801084755460037, 4.617132794191443068, 0.7233050435246172194 ) ) ;
#5449 = CARTESIAN_POINT ( 'NONE',  ( -0.5032151781250009392, 0.4468750006145138509, -0.8715942556523212925 ) ) ;
#5450 = CARTESIAN_POINT ( 'NONE',  ( 1.006430356249999436, 7.496875000614513063, -1.767562423498186358E-15 ) ) ;
#5451 = CARTESIAN_POINT ( 'NONE',  ( -1.006430356249998992, 8.771875000614514306, 0.5810628371015487126 ) ) ;
#5452 = CARTESIAN_POINT ( 'NONE',  ( 1.505942528553860147E-05, 6.118749128651757019, -1.249999999909284565 ) ) ;
#5453 = ORIENTED_EDGE ( 'NONE', *, *, #651, .F. ) ;
#5454 = DIRECTION ( 'NONE',  ( -0.000000000000000000, -1.000000000000000000, -0.000000000000000000 ) ) ;
#5455 = CARTESIAN_POINT ( 'NONE',  ( 0.6250000000000012212, 5.481250001229030389, 1.082531754730547080 ) ) ;
#5456 = CARTESIAN_POINT ( 'NONE',  ( 0.3495167815198202410, 10.84582872880722881, -0.9603320663063362739 ) ) ;
#5457 = CARTESIAN_POINT ( 'NONE',  ( -1.006430356249998548, 9.109375000614512885, 0.5810628371015493787 ) ) ;
#5458 = CARTESIAN_POINT ( 'NONE',  ( 0.6249999999999987788, 5.424999999999996270, 1.082531754730548412 ) ) ;
#5459 = CARTESIAN_POINT ( 'NONE',  ( 0.3348892075545814029, 1.413843353682305848, 1.250027298843726431 ) ) ;
#5460 = CARTESIAN_POINT ( 'NONE',  ( -5.106939308632853767E-05, 5.442952440393713509, 1.249999998184823102 ) ) ;
#5461 = VERTEX_POINT ( 'NONE', #3279 ) ;
#5462 = CARTESIAN_POINT ( 'NONE',  ( 1.249999999999999334, 0.5499999999999969358, 0.000000000000000000 ) ) ;
#5463 = ORIENTED_EDGE ( 'NONE', *, *, #3015, .T. ) ;
#5464 = CARTESIAN_POINT ( 'NONE',  ( -1.249999999999998002, 8.068750001229030744, 0.7216878364870340512 ) ) ;
#5465 = ADVANCED_FACE ( 'NONE', ( #1908 ), #2538, .T. ) ;
#5466 = CARTESIAN_POINT ( 'NONE',  ( 2.922199054809748253E-15, 9.492132794191441292, 1.446610087049238658 ) ) ;
#5467 = CARTESIAN_POINT ( 'NONE',  ( -1.249999999999999334, 9.831250001229030033, 2.596460695863248776E-15 ) ) ;
#5468 = CARTESIAN_POINT ( 'NONE',  ( -1.969845607676301195E-15, 1.759375000614513684, -1.162125674203096093 ) ) ;
#5469 = CARTESIAN_POINT ( 'NONE',  ( -1.006430356250000324, 1.384375000614514128, -0.5810628371015467142 ) ) ;
#5470 =( BOUNDED_CURVE ( )  B_SPLINE_CURVE ( 2, ( #3611, #1405, #398, #2616, #2181, #5016, #3208, #1079, #1105 ),
 .UNSPECIFIED., .F., .F. ) 
 B_SPLINE_CURVE_WITH_KNOTS ( ( 3, 2, 2, 2, 3 ),
 ( 0.6578246719457647718, 0.6610025228246877438, 0.6673583163133852691, 0.6737141098020829055, 0.6768916199024076485 ),
 .UNSPECIFIED. ) 
 CURVE ( )  GEOMETRIC_REPRESENTATION_ITEM ( )  RATIONAL_B_SPLINE_CURVE ( ( 0.9330127019061729143, 0.9330136686954852987, 1.000000000000000000, 0.8660254037844387076, 1.000000000000000000, 0.8660254037844387076, 1.000000000000000000, 0.9330208520118060678, 0.9330127028838169911 ) ) 
 REPRESENTATION_ITEM ( '' )  );
#5471 = CARTESIAN_POINT ( 'NONE',  ( -0.6545821396221770394, 10.92065498838692683, -1.137376659050822081 ) ) ;
#5472 = CARTESIAN_POINT ( 'NONE',  ( -1.062732146793064491E-15, 5.471875000614514484, -1.162125674203096537 ) ) ;
#5473 = EDGE_CURVE ( 'NONE', #1375, #3344, #2291, .T. ) ;
#5474 = CARTESIAN_POINT ( 'NONE',  ( 0.5032151781250004952, 9.671875000614511109, 0.8715942556523216256 ) ) ;
#5475 = CARTESIAN_POINT ( 'NONE',  ( 1.249999999999999112, 6.812499999999996447, 0.7216878364870324969 ) ) ;
#5476 = ORIENTED_EDGE ( 'NONE', *, *, #347, .T. ) ;
#5477 = ORIENTED_EDGE ( 'NONE', *, *, #2576, .T. ) ;
#5478 = CARTESIAN_POINT ( 'NONE',  ( -1.249999999999999112, 4.337499999999996803, -0.7216878364870322748 ) ) ;
#5479 = LINE ( 'NONE', #1008, #1215 ) ;
#5480 = CARTESIAN_POINT ( 'NONE',  ( 0.6264005423777272430, 6.529632794191442713, -1.084957565286930325 ) ) ;
#5481 = CARTESIAN_POINT ( 'NONE',  ( 1.006430356249998104, 3.484375000614514217, -0.5810628371015496008 ) ) ;
#5482 = VECTOR ( 'NONE', #2688, 1000.000000000000000 ) ;
#5483 = CARTESIAN_POINT ( 'NONE',  ( 1.006430356249999436, 8.846875000614511819, -1.767562423498186358E-15 ) ) ;
#5484 = CARTESIAN_POINT ( 'NONE',  ( 0.5032151781249990519, 7.684375000614513063, -0.8715942556523228468 ) ) ;
#5485 = DIRECTION ( 'NONE',  ( 0.000000000000000000, 1.000000000000000000, 0.000000000000000000 ) ) ;
#5486 = EDGE_LOOP ( 'NONE', ( #1761, #75, #3495, #3950 ) ) ;
#5487 = VECTOR ( 'NONE', #3123, 1000.000000000000000 ) ;
#5488 = CARTESIAN_POINT ( 'NONE',  ( 0.6249999999999974465, 0.6812500012290312323, -1.082531754730548856 ) ) ;
#5489 = CARTESIAN_POINT ( 'NONE',  ( -0.6249999999999978906, 8.556250001229031454, 1.082531754730548856 ) ) ;
#5490 = CARTESIAN_POINT ( 'NONE',  ( -1.249999999999999334, -0.1250000000000030254, -1.530808498934190831E-16 ) ) ;
#5491 = CARTESIAN_POINT ( 'NONE',  ( -1.006430356249998548, 8.209375000614512530, 0.5810628371015493787 ) ) ;
#5492 = CARTESIAN_POINT ( 'NONE',  ( 1.249999999999999556, 7.787499999999996980, -0.7216878364870316087 ) ) ;
#5493 = CARTESIAN_POINT ( 'NONE',  ( 1.006430356249998770, -0.9031249993854859603, -0.5810628371015489346 ) ) ;
#5494 = CARTESIAN_POINT ( 'NONE',  ( -5.868324150301105755E-15, 2.912499999999997424, -1.249999999999999556 ) ) ;
#5495 = ORIENTED_EDGE ( 'NONE', *, *, #3194, .F. ) ;
#5496 = ORIENTED_EDGE ( 'NONE', *, *, #3418, .F. ) ;
#5497 = VECTOR ( 'NONE', #609, 1000.000000000000000 ) ;
#5498 = CARTESIAN_POINT ( 'NONE',  ( 5.390449220144183424E-08, 8.818749997994768108, -1.249999999999998002 ) ) ;
#5499 = CARTESIAN_POINT ( 'NONE',  ( -1.252801084755460259, 9.792132794191443779, -0.7233050435246171084 ) ) ;
#5500 = CARTESIAN_POINT ( 'NONE',  ( -0.3349744971464072019, 9.923651531400246029, 1.249978056874925025 ) ) ;
#5501 = CARTESIAN_POINT ( 'NONE',  ( -0.5032151781249986078, 1.496875000614513729, 0.8715942556523228468 ) ) ;
#5502 = CARTESIAN_POINT ( 'NONE',  ( -0.5032151781250009392, 1.796875000614513773, -0.8715942556523212925 ) ) ;
#5503 = CARTESIAN_POINT ( 'NONE',  ( 0.5032151781249990519, 10.38437500061451324, -0.8715942556523228468 ) ) ;
#5504 = CARTESIAN_POINT ( 'NONE',  ( 9.204127980810865691E-16, 7.046875000614513773, 1.162125674203096537 ) ) ;
#5505 =( BOUNDED_SURFACE ( )  B_SPLINE_SURFACE ( 1, 2, ( 
 ( #5265, #5737, #4473, #4848, #873, #2622, #1346, #4380, #498, #2251, #1410, #404, #2188, #54, #1754, #3526, #4409, #3063, #1841, #5294, #3184, #433, #3159, #1317, #5764, #30, #1380, #4940, #1815, #5326, #906, #2685, #466, #4440, #3616, #3095, #973, #2753, #2304, #4816, #999, #2416, #1921, #1492, #1894, #1085, #636, #552, #608, #1440, #4186, #203, #2361, #3294, #2331, #1521, #5054, #2861, #3262, #1980, #1468, #3696, #2780, #5024, #1057, #5469, #140, #4098, #4581, #4610, #2831, #3729, #2387, #4154, #578, #5082, #5502, #3670, #3213, #172, #1948, #3755, #4967, #5531, #1549, #3324, #1112, #4525, #3236, #2891, #4639, #5415, #666, #2447, #4214, #1866, #3646, #109, #5439, #4993, #1025, #2804, #4555, #4127, #2976, #3005, #3843, #2094, #4271, #5616, #4699, #3465, #3870, #260, #5558, #4729, #5173, #4301, #3352, #785, #5199, #4755, #316, #5114, #5591, #1638, #3409, #3784, #1666, #1694, #2558, #1199, #4322, #2505, #3435, #342, #231, #3383, #1143, #5229, #699, #5642, #725, #2477, #1229, #3814, #1252, #757, #4780, #2952, #1608, #291, #2116, #2069, #4243, #3892, #3032, #2532, #5670, #2039, #5145, #807, #1170, #2009, #1578, #2585, #2925, #4672, #5730, #1720, #2210, #5257, #5346, #3118, #489, #3493, #1278, #931, #2615, #3054, #1747, #965, #3581, #838, #2272, #1308, #4008, #396, #867, #4871, #454, #4039, #894, #4840, #2642, #4401, #1337, #3973, #4904, #4808, #1776, #425, #3948, #3085, #4371, #2713, #5756, #3549, #2180, #1372, #3152, #3520, #2676, #3921, #4462, #48, #5318, #22, #5284, #1806, #1834, #3610, #4430, #5376, #2239, #1404, #3178, #4932, #4346, #368, #2148, #5700, #1460, #3715, #993, #101, #3745, #3664, #2745, #4492, #3207, #1940, #4091, #1887, #73, #570, #3639, #5491, #1485, #4599, #1859, #5406, #5045, #2775, #1431, #5432, #5074, #1511, #4960, #626, #3228, #2379, #4518, #4984, #3252, #4573, #2406, #5014, #1018, #2795, #4546, #5457, #2353, #3284, #544, #129, #4118, #2322, #1911, #3687, #1076, #1047, #2824, #599, #2851, #4175, #4146, #160, #2296, #193, #1969, #5522, #1541, #3314, #519, #4063, #746, #2497, #1219, #688, #1162, #1999, #4265, #282, #2945, #5135, #3340, #3835, #3861, #4693, #2969, #718, #2060, #5578, #4315, #4720, #1133, #657, #5609 ),
 ( #1630, #3403, #4627, #2525, #2550, #5633, #5164, #5189, #3372, #4291, #1657, #1102, #4233, #222, #334, #1568, #307, #1597, #5102, #2086, #4663, #2109, #1189, #5660, #3803, #3428, #2438, #2915, #5549, #2997, #4747, #776, #2468, #3884, #1682, #3457, #2880, #4205, #3774, #251, #2030, #3913, #1268, #922, #799, #2578, #2703, #1766, #42, #4896, #5692, #3572, #886, #2667, #5341, #1329, #1799, #2605, #2635, #4364, #3046, #3111, #858, #1714, #4800, #4339, #3541, #5219, #5718, #5276, #3075, #16, #1364, #4455, #4032, #3143, #4393, #1828, #4862, #2266, #1244, #482, #5310, #3024, #4770, #447, #359, #3482, #1739, #1299, #5247, #827, #4830, #4421, #2138, #3512, #389, #2170, #3941, #417, #2201, #3965, #5748, #2230, #3997, #1399, #1528, #2290, #2392, #1583, #3329, #2739, #4161, #4251, #3300, #2837, #177, #2455, #1956, #4057, #4681, #5564, #958, #512, #3761, #5060, #5536, #4587, #613, #268, #3359, #5122, #1556, #1854, #4615, #1090, #4486, #4954, #4194, #3734, #2485, #706, #1151, #2900, #642, #68, #3602, #2933, #3201, #210, #3631, #5508, #2866, #5398, #2423, #1427, #4645, #1986, #5368, #1064, #5089, #238, #1118, #674, #4220, #3173, #2016, #3791, #4925, #4737, #1702, #3851, #4306, #2567, #3900, #5708, #4331, #2542, #324, #2101, #4761, #1671, #2594, #4707, #5206, #3876, #1648, #765, #1178, #4353, #5650, #3444, #2076, #1259, #816, #733, #790, #1617, #378, #2160, #1235, #3472, #2512, #5237, #3036, #4788, #3013, #3930, #3417, #351, #2959, #2126, #5679, #1729, #3501, #4279, #5266, #1288, #3064, #4817, #846, #2623, #4381, #2046, #3822, #5623, #3390, #5598, #5153, #297, #5180, #1207, #2984, #4941, #499, #3527, #1, #31, #1816, #3955, #1842, #1867, #3185, #3589, #4500, #2686, #3618, #974, #405, #3558, #5295, #5416, #874, #4046, #907, #2652, #5384, #3982, #1441, #1382, #4968, #3128, #1787, #4880, #1411, #4441, #4410, #2754, #3214, #467, #529, #434, #5327, #1000, #1348, #2189, #5738, #2218, #2305, #2252, #4017, #5356, #1756, #4072, #3647, #81, #3160, #2781, #4912, #1318, #3096, #4849, #941, #2721, #4474, #2277, #55, #5025, #1026, #3756, #2362, #3785, #5503, #3353, #1493, #141, #3263, #1981, #2832, #2805, #3325, #5559, #1059, #5532, #4557, #1922, #1579, #5471, #4526 ) ),
 .UNSPECIFIED., .F., .F., .F. ) 
 B_SPLINE_SURFACE_WITH_KNOTS ( ( 2, 2 ),
 ( 3, 2, 2, 2, 2, 2, 2, 2, 2, 2, 2, 2, 2, 2, 2, 2, 2, 2, 2, 2, 2, 2, 2, 2, 2, 2, 2, 2, 2, 2, 2, 2, 2, 2, 2, 2, 2, 2, 2, 2, 2, 2, 2, 2, 2, 2, 2, 2, 2, 2, 2, 2, 2, 2, 2, 2, 2, 2, 2, 2, 2, 2, 2, 2, 2, 2, 2, 2, 2, 2, 2, 2, 2, 2, 2, 2, 2, 2, 2, 2, 2, 2, 2, 2, 2, 2, 2, 2, 2, 2, 2, 2, 2, 2, 2, 2, 2, 2, 2, 2, 2, 2, 2, 2, 2, 2, 2, 2, 2, 2, 2, 2, 2, 2, 2, 2, 2, 2, 2, 2, 2, 2, 2, 2, 2, 2, 2, 2, 2, 2, 2, 2, 2, 2, 2, 2, 2, 2, 2, 2, 2, 2, 2, 2, 2, 2, 2, 2, 2, 2, 2, 2, 2, 2, 2, 2, 2, 2, 2, 3 ),
 ( 0.000000000000000000, 1.000000000000000000 ),
 ( 0.000000000000000000, 0.006172839506172839164, 0.01234567901234567833, 0.01851851851851851749, 0.02469135802469135665, 0.03086419753086419582, 0.03703703703703703498, 0.04320987654320987414, 0.04938271604938271331, 0.05555555555555555247, 0.06172839506172839164, 0.06790123456790123080, 0.07407407407407406996, 0.08024691358024690913, 0.08641975308641974829, 0.09259259259259258745, 0.09876543209876542662, 0.1049382716049382658, 0.1111111111111111049, 0.1172839506172839441, 0.1234567901234567833, 0.1296296296296296224, 0.1358024691358024616, 0.1419753086419753008, 0.1481481481481481399, 0.1543209876543209791, 0.1604938271604938183, 0.1666666666666666574, 0.1728395061728394966, 0.1790123456790123357, 0.1851851851851851749, 0.1913580246913580141, 0.1975308641975308532, 0.2037037037037036924, 0.2098765432098765316, 0.2160493827160493707, 0.2222222222222222099, 0.2283950617283950490, 0.2345679012345678882, 0.2407407407407407274, 0.2469135802469135665, 0.2530864197530864335, 0.2592592592592592449, 0.2654320987654321118, 0.2716049382716049232, 0.2777777777777777901, 0.2839506172839506015, 0.2901234567901234684, 0.2962962962962962798, 0.3024691358024691468, 0.3086419753086419582, 0.3148148148148148251, 0.3209876543209876365, 0.3271604938271605034, 0.3333333333333333148, 0.3395061728395061817, 0.3456790123456789932, 0.3518518518518518601, 0.3580246913580246715, 0.3641975308641975384, 0.3703703703703703498, 0.3765432098765432167, 0.3827160493827160281, 0.3888888888888888951, 0.3950617283950617065, 0.4012345679012345734, 0.4074074074074073848, 0.4135802469135802517, 0.4197530864197530631, 0.4259259259259259300, 0.4320987654320987414, 0.4382716049382716084, 0.4444444444444444198, 0.4506172839506172867, 0.4567901234567900981, 0.4629629629629629650, 0.4691358024691357764, 0.4753086419753086433, 0.4814814814814814548, 0.4876543209876543217, 0.4938271604938271331, 0.5000000000000000000, 0.5061728395061728669, 0.5123456790123457338, 0.5185185185185184897, 0.5246913580246913567, 0.5308641975308642236, 0.5370370370370370905, 0.5432098765432098464, 0.5493827160493827133, 0.5555555555555555802, 0.5617283950617284471, 0.5679012345679012030, 0.5740740740740740700, 0.5802469135802469369, 0.5864197530864198038, 0.5925925925925925597, 0.5987654320987654266, 0.6049382716049382935, 0.6111111111111111605, 0.6172839506172839164, 0.6234567901234567833, 0.6296296296296296502, 0.6358024691358025171, 0.6419753086419752730, 0.6481481481481481399, 0.6543209876543210068, 0.6604938271604938738, 0.6666666666666666297, 0.6728395061728394966, 0.6790123456790123635, 0.6851851851851852304, 0.6913580246913579863, 0.6975308641975308532, 0.7037037037037037202, 0.7098765432098765871, 0.7160493827160493430, 0.7222222222222222099, 0.7283950617283950768, 0.7345679012345679437, 0.7407407407407406996, 0.7469135802469135665, 0.7530864197530864335, 0.7592592592592593004, 0.7654320987654320563, 0.7716049382716049232, 0.7777777777777777901, 0.7839506172839506570, 0.7901234567901234129, 0.7962962962962962798, 0.8024691358024691468, 0.8086419753086420137, 0.8148148148148147696, 0.8209876543209876365, 0.8271604938271605034, 0.8333333333333333703, 0.8395061728395061262, 0.8456790123456789932, 0.8518518518518518601, 0.8580246913580247270, 0.8641975308641974829, 0.8703703703703703498, 0.8765432098765432167, 0.8827160493827160836, 0.8888888888888888395, 0.8950617283950617065, 0.9012345679012345734, 0.9074074074074074403, 0.9135802469135801962, 0.9197530864197530631, 0.9259259259259259300, 0.9320987654320987970, 0.9382716049382715529, 0.9444444444444444198, 0.9506172839506172867, 0.9567901234567901536, 0.9629629629629629095, 0.9691358024691357764, 0.9712144687118385855, 0.9809266133989569258 ),
 .UNSPECIFIED. ) 
 GEOMETRIC_REPRESENTATION_ITEM ( )  RATIONAL_B_SPLINE_SURFACE ( (
 ( 1.000000000000000000, 0.8660254037844387076, 1.000000000000000000, 0.8660254037844387076, 1.000000000000000000, 0.8660254037844387076, 1.000000000000000000, 0.8660254037844387076, 1.000000000000000000, 0.8660254037844387076, 1.000000000000000000, 0.8660254037844387076, 1.000000000000000000, 0.8660254037844387076, 1.000000000000000000, 0.8660254037844387076, 1.000000000000000000, 0.8660254037844387076, 1.000000000000000000, 0.8660254037844387076, 1.000000000000000000, 0.8660254037844387076, 1.000000000000000000, 0.8660254037844387076, 1.000000000000000000, 0.8660254037844387076, 1.000000000000000000, 0.8660254037844387076, 1.000000000000000000, 0.8660254037844387076, 1.000000000000000000, 0.8660254037844387076, 1.000000000000000000, 0.8660254037844387076, 1.000000000000000000, 0.8660254037844387076, 1.000000000000000000, 0.8660254037844387076, 1.000000000000000000, 0.8660254037844387076, 1.000000000000000000, 0.8660254037844387076, 1.000000000000000000, 0.8660254037844387076, 1.000000000000000000, 0.8660254037844387076, 1.000000000000000000, 0.8660254037844387076, 1.000000000000000000, 0.8660254037844387076, 1.000000000000000000, 0.8660254037844387076, 1.000000000000000000, 0.8660254037844387076, 1.000000000000000000, 0.8660254037844387076, 1.000000000000000000, 0.8660254037844387076, 1.000000000000000000, 0.8660254037844387076, 1.000000000000000000, 0.8660254037844387076, 1.000000000000000000, 0.8660254037844387076, 1.000000000000000000, 0.8660254037844387076, 1.000000000000000000, 0.8660254037844387076, 1.000000000000000000, 0.8660254037844387076, 1.000000000000000000, 0.8660254037844387076, 1.000000000000000000, 0.8660254037844387076, 1.000000000000000000, 0.8660254037844387076, 1.000000000000000000, 0.8660254037844387076, 1.000000000000000000, 0.8660254037844387076, 1.000000000000000000, 0.8660254037844387076, 1.000000000000000000, 0.8660254037844387076, 1.000000000000000000, 0.8660254037844387076, 1.000000000000000000, 0.8660254037844387076, 1.000000000000000000, 0.8660254037844387076, 1.000000000000000000, 0.8660254037844387076, 1.000000000000000000, 0.8660254037844387076, 1.000000000000000000, 0.8660254037844387076, 1.000000000000000000, 0.8660254037844387076, 1.000000000000000000, 0.8660254037844387076, 1.000000000000000000, 0.8660254037844387076, 1.000000000000000000, 0.8660254037844387076, 1.000000000000000000, 0.8660254037844387076, 1.000000000000000000, 0.8660254037844387076, 1.000000000000000000, 0.8660254037844387076, 1.000000000000000000, 0.8660254037844387076, 1.000000000000000000, 0.8660254037844387076, 1.000000000000000000, 0.8660254037844387076, 1.000000000000000000, 0.8660254037844387076, 1.000000000000000000, 0.8660254037844387076, 1.000000000000000000, 0.8660254037844387076, 1.000000000000000000, 0.8660254037844387076, 1.000000000000000000, 0.8660254037844387076, 1.000000000000000000, 0.8660254037844387076, 1.000000000000000000, 0.8660254037844387076, 1.000000000000000000, 0.8660254037844387076, 1.000000000000000000, 0.8660254037844387076, 1.000000000000000000, 0.8660254037844387076, 1.000000000000000000, 0.8660254037844387076, 1.000000000000000000, 0.8660254037844387076, 1.000000000000000000, 0.8660254037844387076, 1.000000000000000000, 0.8660254037844387076, 1.000000000000000000, 0.8660254037844387076, 1.000000000000000000, 0.8660254037844387076, 1.000000000000000000, 0.8660254037844387076, 1.000000000000000000, 0.8660254037844387076, 1.000000000000000000, 0.8660254037844387076, 1.000000000000000000, 0.8660254037844387076, 1.000000000000000000, 0.8660254037844387076, 1.000000000000000000, 0.8660254037844387076, 1.000000000000000000, 0.8660254037844387076, 1.000000000000000000, 0.8660254037844387076, 1.000000000000000000, 0.8660254037844387076, 1.000000000000000000, 0.8660254037844387076, 1.000000000000000000, 0.8660254037844387076, 1.000000000000000000, 0.8660254037844387076, 1.000000000000000000, 0.8660254037844387076, 1.000000000000000000, 0.8660254037844387076, 1.000000000000000000, 0.8660254037844387076, 1.000000000000000000, 0.8660254037844387076, 1.000000000000000000, 0.8660254037844387076, 1.000000000000000000, 0.8660254037844387076, 1.000000000000000000, 0.8660254037844387076, 1.000000000000000000, 0.8660254037844387076, 1.000000000000000000, 0.8660254037844387076, 1.000000000000000000, 0.8660254037844387076, 1.000000000000000000, 0.8660254037844387076, 1.000000000000000000, 0.8660254037844387076, 1.000000000000000000, 0.8660254037844387076, 1.000000000000000000, 0.8660254037844387076, 1.000000000000000000, 0.8660254037844387076, 1.000000000000000000, 0.8660254037844387076, 1.000000000000000000, 0.8660254037844387076, 1.000000000000000000, 0.8660254037844387076, 1.000000000000000000, 0.8660254037844387076, 1.000000000000000000, 0.8660254037844387076, 1.000000000000000000, 0.8660254037844387076, 1.000000000000000000, 0.8660254037844387076, 1.000000000000000000, 0.8660254037844387076, 1.000000000000000000, 0.8660254037844387076, 1.000000000000000000, 0.8660254037844387076, 1.000000000000000000, 0.8660254037844387076, 1.000000000000000000, 0.8660254037844387076, 1.000000000000000000, 0.8660254037844387076, 1.000000000000000000, 0.8660254037844387076, 1.000000000000000000, 0.8660254037844387076, 1.000000000000000000, 0.8660254037844387076, 1.000000000000000000, 0.8660254037844387076, 1.000000000000000000, 0.8660254037844387076, 1.000000000000000000, 0.8660254037844387076, 1.000000000000000000, 0.8660254037844387076, 1.000000000000000000, 0.8660254037844387076, 1.000000000000000000, 0.8660254037844387076, 1.000000000000000000, 0.8660254037844387076, 1.000000000000000000, 0.8660254037844387076, 1.000000000000000000, 0.8660254037844387076, 1.000000000000000000, 0.8660254037844387076, 1.000000000000000000, 0.8660254037844387076, 1.000000000000000000, 0.8660254037844387076, 1.000000000000000000, 0.8660254037844387076, 1.000000000000000000, 0.8660254037844387076, 1.000000000000000000, 0.8660254037844387076, 1.000000000000000000, 0.8660254037844387076, 1.000000000000000000, 0.8660254037844387076, 1.000000000000000000, 0.8660254037844387076, 1.000000000000000000, 0.8660254037844387076, 1.000000000000000000, 0.8660254037844387076, 1.000000000000000000, 0.8660254037844387076, 1.000000000000000000, 0.8660254037844387076, 1.000000000000000000, 0.8660254037844387076, 1.000000000000000000, 0.8660254037844387076, 1.000000000000000000, 0.8660254037844387076, 1.000000000000000000, 0.8660254037844387076, 1.000000000000000000, 0.8660254037844387076, 1.000000000000000000, 0.8660254037844387076, 1.000000000000000000, 0.8660254037844387076, 1.000000000000000000, 0.8660254037844387076, 1.000000000000000000, 0.8660254037844387076, 1.000000000000000000, 0.8660254037844387076, 1.000000000000000000, 0.8660254037844387076, 1.000000000000000000, 0.8660254037844387076, 1.000000000000000000, 0.8660254037844387076, 1.000000000000000000, 0.8660254037844387076, 1.000000000000000000, 0.8660254037844387076, 1.000000000000000000, 0.8660254037844387076, 1.000000000000000000, 0.8660254037844387076, 1.000000000000000000, 0.8660254037844387076, 1.000000000000000000, 0.9548848677736498924, 0.9401542295229516899, 0.9401542295229516899, 0.9401542295229516899),
 ( 1.000000000000000000, 0.8660254037844387076, 1.000000000000000000, 0.8660254037844387076, 1.000000000000000000, 0.8660254037844387076, 1.000000000000000000, 0.8660254037844387076, 1.000000000000000000, 0.8660254037844387076, 1.000000000000000000, 0.8660254037844387076, 1.000000000000000000, 0.8660254037844387076, 1.000000000000000000, 0.8660254037844387076, 1.000000000000000000, 0.8660254037844387076, 1.000000000000000000, 0.8660254037844387076, 1.000000000000000000, 0.8660254037844387076, 1.000000000000000000, 0.8660254037844387076, 1.000000000000000000, 0.8660254037844387076, 1.000000000000000000, 0.8660254037844387076, 1.000000000000000000, 0.8660254037844387076, 1.000000000000000000, 0.8660254037844387076, 1.000000000000000000, 0.8660254037844387076, 1.000000000000000000, 0.8660254037844387076, 1.000000000000000000, 0.8660254037844387076, 1.000000000000000000, 0.8660254037844387076, 1.000000000000000000, 0.8660254037844387076, 1.000000000000000000, 0.8660254037844387076, 1.000000000000000000, 0.8660254037844387076, 1.000000000000000000, 0.8660254037844387076, 1.000000000000000000, 0.8660254037844387076, 1.000000000000000000, 0.8660254037844387076, 1.000000000000000000, 0.8660254037844387076, 1.000000000000000000, 0.8660254037844387076, 1.000000000000000000, 0.8660254037844387076, 1.000000000000000000, 0.8660254037844387076, 1.000000000000000000, 0.8660254037844387076, 1.000000000000000000, 0.8660254037844387076, 1.000000000000000000, 0.8660254037844387076, 1.000000000000000000, 0.8660254037844387076, 1.000000000000000000, 0.8660254037844387076, 1.000000000000000000, 0.8660254037844387076, 1.000000000000000000, 0.8660254037844387076, 1.000000000000000000, 0.8660254037844387076, 1.000000000000000000, 0.8660254037844387076, 1.000000000000000000, 0.8660254037844387076, 1.000000000000000000, 0.8660254037844387076, 1.000000000000000000, 0.8660254037844387076, 1.000000000000000000, 0.8660254037844387076, 1.000000000000000000, 0.8660254037844387076, 1.000000000000000000, 0.8660254037844387076, 1.000000000000000000, 0.8660254037844387076, 1.000000000000000000, 0.8660254037844387076, 1.000000000000000000, 0.8660254037844387076, 1.000000000000000000, 0.8660254037844387076, 1.000000000000000000, 0.8660254037844387076, 1.000000000000000000, 0.8660254037844387076, 1.000000000000000000, 0.8660254037844387076, 1.000000000000000000, 0.8660254037844387076, 1.000000000000000000, 0.8660254037844387076, 1.000000000000000000, 0.8660254037844387076, 1.000000000000000000, 0.8660254037844387076, 1.000000000000000000, 0.8660254037844387076, 1.000000000000000000, 0.8660254037844387076, 1.000000000000000000, 0.8660254037844387076, 1.000000000000000000, 0.8660254037844387076, 1.000000000000000000, 0.8660254037844387076, 1.000000000000000000, 0.8660254037844387076, 1.000000000000000000, 0.8660254037844387076, 1.000000000000000000, 0.8660254037844387076, 1.000000000000000000, 0.8660254037844387076, 1.000000000000000000, 0.8660254037844387076, 1.000000000000000000, 0.8660254037844387076, 1.000000000000000000, 0.8660254037844387076, 1.000000000000000000, 0.8660254037844387076, 1.000000000000000000, 0.8660254037844387076, 1.000000000000000000, 0.8660254037844387076, 1.000000000000000000, 0.8660254037844387076, 1.000000000000000000, 0.8660254037844387076, 1.000000000000000000, 0.8660254037844387076, 1.000000000000000000, 0.8660254037844387076, 1.000000000000000000, 0.8660254037844387076, 1.000000000000000000, 0.8660254037844387076, 1.000000000000000000, 0.8660254037844387076, 1.000000000000000000, 0.8660254037844387076, 1.000000000000000000, 0.8660254037844387076, 1.000000000000000000, 0.8660254037844387076, 1.000000000000000000, 0.8660254037844387076, 1.000000000000000000, 0.8660254037844387076, 1.000000000000000000, 0.8660254037844387076, 1.000000000000000000, 0.8660254037844387076, 1.000000000000000000, 0.8660254037844387076, 1.000000000000000000, 0.8660254037844387076, 1.000000000000000000, 0.8660254037844387076, 1.000000000000000000, 0.8660254037844387076, 1.000000000000000000, 0.8660254037844387076, 1.000000000000000000, 0.8660254037844387076, 1.000000000000000000, 0.8660254037844387076, 1.000000000000000000, 0.8660254037844387076, 1.000000000000000000, 0.8660254037844387076, 1.000000000000000000, 0.8660254037844387076, 1.000000000000000000, 0.8660254037844387076, 1.000000000000000000, 0.8660254037844387076, 1.000000000000000000, 0.8660254037844387076, 1.000000000000000000, 0.8660254037844387076, 1.000000000000000000, 0.8660254037844387076, 1.000000000000000000, 0.8660254037844387076, 1.000000000000000000, 0.8660254037844387076, 1.000000000000000000, 0.8660254037844387076, 1.000000000000000000, 0.8660254037844387076, 1.000000000000000000, 0.8660254037844387076, 1.000000000000000000, 0.8660254037844387076, 1.000000000000000000, 0.8660254037844387076, 1.000000000000000000, 0.8660254037844387076, 1.000000000000000000, 0.8660254037844387076, 1.000000000000000000, 0.8660254037844387076, 1.000000000000000000, 0.8660254037844387076, 1.000000000000000000, 0.8660254037844387076, 1.000000000000000000, 0.8660254037844387076, 1.000000000000000000, 0.8660254037844387076, 1.000000000000000000, 0.8660254037844387076, 1.000000000000000000, 0.8660254037844387076, 1.000000000000000000, 0.8660254037844387076, 1.000000000000000000, 0.8660254037844387076, 1.000000000000000000, 0.8660254037844387076, 1.000000000000000000, 0.8660254037844387076, 1.000000000000000000, 0.8660254037844387076, 1.000000000000000000, 0.8660254037844387076, 1.000000000000000000, 0.8660254037844387076, 1.000000000000000000, 0.8660254037844387076, 1.000000000000000000, 0.8660254037844387076, 1.000000000000000000, 0.8660254037844387076, 1.000000000000000000, 0.8660254037844387076, 1.000000000000000000, 0.8660254037844387076, 1.000000000000000000, 0.8660254037844387076, 1.000000000000000000, 0.8660254037844387076, 1.000000000000000000, 0.8660254037844387076, 1.000000000000000000, 0.8660254037844387076, 1.000000000000000000, 0.8660254037844387076, 1.000000000000000000, 0.8660254037844387076, 1.000000000000000000, 0.8660254037844387076, 1.000000000000000000, 0.8660254037844387076, 1.000000000000000000, 0.8660254037844387076, 1.000000000000000000, 0.8660254037844387076, 1.000000000000000000, 0.8660254037844387076, 1.000000000000000000, 0.8660254037844387076, 1.000000000000000000, 0.8660254037844387076, 1.000000000000000000, 0.8660254037844387076, 1.000000000000000000, 0.8660254037844387076, 1.000000000000000000, 0.8660254037844387076, 1.000000000000000000, 0.8660254037844387076, 1.000000000000000000, 0.8660254037844387076, 1.000000000000000000, 0.8660254037844387076, 1.000000000000000000, 0.8660254037844387076, 1.000000000000000000, 0.8660254037844387076, 1.000000000000000000, 0.8660254037844387076, 1.000000000000000000, 0.8660254037844387076, 1.000000000000000000, 0.8660254037844387076, 1.000000000000000000, 0.8660254037844387076, 1.000000000000000000, 0.8660254037844387076, 1.000000000000000000, 0.8660254037844387076, 1.000000000000000000, 0.8660254037844387076, 1.000000000000000000, 0.8660254037844387076, 1.000000000000000000, 0.9548848677736498924, 0.9401542295229516899, 0.9401542295229516899, 0.9401542295229516899) ) ) 
 REPRESENTATION_ITEM ( '' )  SURFACE ( )  );
#5506 = CARTESIAN_POINT ( 'NONE',  ( 0.000000000000000000, 10.00000000000000000, 0.000000000000000000 ) ) ;
#5507 = CARTESIAN_POINT ( 'NONE',  ( -0.8166620183440423952, 0.09792000110684669079, 0.6615371782266927791 ) ) ;
#5508 = CARTESIAN_POINT ( 'NONE',  ( -1.006430356249998992, 4.721875000614512707, 0.5810628371015487126 ) ) ;
#5509 = ORIENTED_EDGE ( 'NONE', *, *, #4798, .T. ) ;
#5510 = EDGE_CURVE ( 'NONE', #3120, #1847, #1072, .T. ) ;
#5511 = CARTESIAN_POINT ( 'NONE',  ( 0.6249999999999997780, 10.97499999999999432, -1.082531754730547746 ) ) ;
#5512 = CARTESIAN_POINT ( 'NONE',  ( 1.530808498934190831E-16, 10.00000000000000000, 1.249999999999999334 ) ) ;
#5513 = CARTESIAN_POINT ( 'NONE',  ( 0.3349364905388977354, 9.642403810567662603, -1.250000000000002665 ) ) ;
#5514 = CARTESIAN_POINT ( 'NONE',  ( 1.252801084755460037, 5.067132794191443246, 0.7233050435246172194 ) ) ;
#5515 = CARTESIAN_POINT ( 'NONE',  ( 1.006430356249998104, 2.584375000614512974, -0.5810628371015496008 ) ) ;
#5516 = CARTESIAN_POINT ( 'NONE',  ( 1.006430356249998326, 8.434375000614512174, -0.5810628371015497118 ) ) ;
#5517 = CARTESIAN_POINT ( 'NONE',  ( -0.5032151781250003841, 7.759375000614513240, -0.8715942556523218476 ) ) ;
#5518 = LINE ( 'NONE', #97, #4297 ) ;
#5519 = CARTESIAN_POINT ( 'NONE',  ( 1.249999999999997780, 3.343750001229030655, -0.7216878364870343843 ) ) ;
#5520 = CARTESIAN_POINT ( 'NONE',  ( -3.086515833287601756E-15, 9.268750001229030033, -1.443375672974063439 ) ) ;
#5521 = CARTESIAN_POINT ( 'NONE',  ( -0.6250000000000002220, 4.449999999999996625, 1.082531754730547746 ) ) ;
#5522 = CARTESIAN_POINT ( 'NONE',  ( -1.969845607676301195E-15, 9.859375000614512885, -1.162125674203096093 ) ) ;
#5523 = CARTESIAN_POINT ( 'NONE',  ( 0.6249999999999997780, 5.574999999999996625, -1.082531754730547746 ) ) ;
#5524 = CARTESIAN_POINT ( 'NONE',  ( -1.006430356249999880, -0.3031249993854860381, -0.5810628371015476024 ) ) ;
#5525 = CARTESIAN_POINT ( 'NONE',  ( 0.6249999999999997780, 8.724999999999996092, -1.082531754730547746 ) ) ;
#5526 = B_SPLINE_CURVE_WITH_KNOTS ( 'NONE', 3,
 ( #3405, #4695, #3837, #1685, #5192, #5611, #1192, #2971, #4293, #310, #3864, #2552, #778, #4317, #3886, #3459, #5249, #4803 ),
 .UNSPECIFIED., .F., .F.,
 ( 4, 2, 2, 2, 2, 2, 2, 2, 4 ),
 ( 0.002261973749063158311, 0.002702294595231519072, 0.003142615441399879833, 0.003582936287568240161, 0.004023257133736600488, 0.004463577979904961683, 0.004903898826073322011, 0.005344219672241683206, 0.005784540518410043533 ),
 .UNSPECIFIED. ) ;
#5527 = CARTESIAN_POINT ( 'NONE',  ( -0.3349461046906681005, 0.4736532349475907067, 1.249994449266889296 ) ) ;
#5528 = CARTESIAN_POINT ( 'NONE',  ( -1.249999999999999334, -0.06874999877096882317, 2.596460695863248776E-15 ) ) ;
#5529 = CARTESIAN_POINT ( 'NONE',  ( -3.569075380924708916E-16, 12.35000000000000320, 1.154700538379252128 ) ) ;
#5530 = CARTESIAN_POINT ( 'NONE',  ( -1.969845607676301195E-15, 1.309375000614513729, -1.162125674203096093 ) ) ;
#5531 = CARTESIAN_POINT ( 'NONE',  ( 1.006430356249999880, 2.059375000614514395, 0.5810628371015469362 ) ) ;
#5532 = CARTESIAN_POINT ( 'NONE',  ( 1.006430356249998770, 10.79687500061451289, -0.5810628371015489346 ) ) ;
#5533 = CARTESIAN_POINT ( 'NONE',  ( -1.006430356249999880, 7.796875000614512885, -0.5810628371015474913 ) ) ;
#5534 = CARTESIAN_POINT ( 'NONE',  ( 2.162577587529268681E-16, 12.35000000000000320, -1.154700538379252128 ) ) ;
#5535 = DIRECTION ( 'NONE',  ( -0.000000000000000000, -1.000000000000000000, -0.000000000000000000 ) ) ;
#5536 = CARTESIAN_POINT ( 'NONE',  ( -1.006430356249999658, 3.784375000614513151, 8.587269508238526152E-16 ) ) ;
#5537 = EDGE_LOOP ( 'NONE', ( #5223, #5287, #4842, #4359 ) ) ;
#5538 = CARTESIAN_POINT ( 'NONE',  ( -9.668033514238626795E-06, 6.568750581310993653, -1.249999999962611019 ) ) ;
#5539 = DIRECTION ( 'NONE',  ( -0.3535533905932737309, -0.7071067811865489050, -0.6123724356957930270 ) ) ;
#5540 =( BOUNDED_CURVE ( )  B_SPLINE_CURVE ( 2, ( #1744, #4343, #421, #1250, #3946, #5281, #4725, #2114, #3867 ),
 .UNSPECIFIED., .F., .F. ) 
 B_SPLINE_CURVE_WITH_KNOTS ( ( 3, 2, 2, 2, 3 ),
 ( 0.2685185185185185452, 0.2716049382716049232, 0.2777777777777777901, 0.2839506172839506015, 0.2870370370370370350 ),
 .UNSPECIFIED. ) 
 CURVE ( )  GEOMETRIC_REPRESENTATION_ITEM ( )  RATIONAL_B_SPLINE_CURVE ( ( 0.9330127018922194093, 0.9330127018922199644, 1.000000000000000000, 0.8660254037844387076, 1.000000000000000000, 0.8660254037844387076, 1.000000000000000000, 0.9330127018922194093, 0.9330127018922194093 ) ) 
 REPRESENTATION_ITEM ( '' )  );
#5541 = CARTESIAN_POINT ( 'NONE',  ( 0.000000000000000000, 10.00000000000000000, 0.000000000000000000 ) ) ;
#5542 = CARTESIAN_POINT ( 'NONE',  ( -1.252801084755457817, 4.917132794191444667, 0.7233050435246216603 ) ) ;
#5543 = CARTESIAN_POINT ( 'NONE',  ( 1.827526258964323273E-15, 4.234375000614513773, 1.162125674203096093 ) ) ;
#5544 = CARTESIAN_POINT ( 'NONE',  ( 1.006430356249998326, 9.334375000614512530, -0.5810628371015497118 ) ) ;
#5545 = DIRECTION ( 'NONE',  ( 0.6546536707079780859, -0.6546536707079760875, -0.3779644730092275307 ) ) ;
#5546 = CARTESIAN_POINT ( 'NONE',  ( 1.249999999999998002, 7.393750001229030921, -0.7216878364870344953 ) ) ;
#5547 = CARTESIAN_POINT ( 'NONE',  ( -2.651438096812265438E-16, 0.8874999999999967359, 1.443375672974063439 ) ) ;
#5548 = CARTESIAN_POINT ( 'NONE',  ( 1.006430356249999658, 4.459375000614513418, -9.819791222584817478E-16 ) ) ;
#5549 = CARTESIAN_POINT ( 'NONE',  ( -0.5032151781250003841, 0.1093750006145139675, -0.8715942556523218476 ) ) ;
#5550 = CARTESIAN_POINT ( 'NONE',  ( -0.6250000000000002220, 6.249999999999996447, 1.082531754730547746 ) ) ;
#5551 = CARTESIAN_POINT ( 'NONE',  ( 1.006430356249999658, -0.4906249993854859826, -9.819791222584817478E-16 ) ) ;
#5552 = CARTESIAN_POINT ( 'NONE',  ( 2.663606788145493121E-16, 10.00000000000000000, -2.100000000000000089 ) ) ;
#5553 = VERTEX_POINT ( 'NONE', #5452 ) ;
#5554 = CARTESIAN_POINT ( 'NONE',  ( -1.249999999999999334, 8.481250001229030389, 2.596460695863248776E-15 ) ) ;
#5555 = CARTESIAN_POINT ( 'NONE',  ( -0.6250000000000017764, 0.7562500012290311879, -1.082531754730546636 ) ) ;
#5556 = CARTESIAN_POINT ( 'NONE',  ( -5.148555419350819503E-05, 1.392894859732283663, 1.249999997923872064 ) ) ;
#5557 = CARTESIAN_POINT ( 'NONE',  ( 0.5032151781250004952, 3.821875000614514128, 0.8715942556523216256 ) ) ;
#5558 = CARTESIAN_POINT ( 'NONE',  ( -1.006430356249999436, 3.221875000614513596, 1.644310252063557226E-15 ) ) ;
#5559 = CARTESIAN_POINT ( 'NONE',  ( 1.006430356249999658, 10.72187500061451537, 0.5810628371015478244 ) ) ;
#5560 = CARTESIAN_POINT ( 'NONE',  ( 0.5032151781249999400, 7.534375000614513596, 0.8715942556523221807 ) ) ;
#5561 = PLANE ( 'NONE',  #2807 ) ;
#5562 = CARTESIAN_POINT ( 'NONE',  ( 0.3495212733313250442, 10.73332839407382444, -0.9603294729577546152 ) ) ;
#5563 = CARTESIAN_POINT ( 'NONE',  ( -0.9984355976695328261, 0.07757454690717340007, 0.3311501107635668739 ) ) ;
#5564 = CARTESIAN_POINT ( 'NONE',  ( 1.006430356249998770, 3.596875000614513596, -0.5810628371015489346 ) ) ;
#5565 = ORIENTED_EDGE ( 'NONE', *, *, #2484, .T. ) ;
#5566 = CYLINDRICAL_SURFACE ( 'NONE', #3170, 1.249999999999999334 ) ;
#5567 = PLANE ( 'NONE',  #3260 ) ;
#5568 = CARTESIAN_POINT ( 'NONE',  ( 2.755455298081544285E-16, 10.15000000000000036, 2.250000000000000000 ) ) ;
#5569 = CARTESIAN_POINT ( 'NONE',  ( 1.252801084755458927, 4.654632794191443601, -2.760834442142232968E-15 ) ) ;
#5570 = CARTESIAN_POINT ( 'NONE',  ( 1.827526258964323273E-15, 2.434375000614513507, 1.162125674203096093 ) ) ;
#5571 = CARTESIAN_POINT ( 'NONE',  ( -1.006430356249999436, 8.621875000614512174, 1.644310252063557226E-15 ) ) ;
#5572 = CARTESIAN_POINT ( 'NONE',  ( 0.3348924006502617123, 5.463843545268047386, 1.250025455309076161 ) ) ;
#5573 = B_SPLINE_CURVE_WITH_KNOTS ( 'NONE', 3,
 ( #3790, #1898, #2365, #5444, #5563, #176, #5507, #4132, #1582, #1004, #4585, #2785, #1526, #3673 ),
 .UNSPECIFIED., .F., .F.,
 ( 4, 2, 2, 2, 2, 2, 4 ),
 ( 0.000000000000000000, 0.0005654934372657893608, 0.001130986874531578722, 0.001413733593164473402, 0.001696480311797368516, 0.001979227030430263413, 0.002261973749063158311 ),
 .UNSPECIFIED. ) ;
#5574 = DIRECTION ( 'NONE',  ( -0.7071067811865464625, 0.7071067811865485719, 0.000000000000000000 ) ) ;
#5575 = CARTESIAN_POINT ( 'NONE',  ( 1.249999999999999334, 7.806250001229030566, -2.749541545756668106E-15 ) ) ;
#5576 = CARTESIAN_POINT ( 'NONE',  ( 8.838126989374219771E-17, 1.112499999999996936, -1.443375672974063439 ) ) ;
#5577 = CARTESIAN_POINT ( 'NONE',  ( -1.006430356249999658, 3.334375000614513418, 8.587269508238524180E-16 ) ) ;
#5578 = CARTESIAN_POINT ( 'NONE',  ( 1.006430356249998104, 10.68437500061451217, -0.5810628371015496008 ) ) ;
#5579 = CARTESIAN_POINT ( 'NONE',  ( 1.249999999999999334, 7.299999999999996270, 0.000000000000000000 ) ) ;
#5580 = CARTESIAN_POINT ( 'NONE',  ( 0.5032151781249990519, -0.8656249993854859826, -0.8715942556523228468 ) ) ;
#5581 = FACE_OUTER_BOUND ( 'NONE', #1987, .T. ) ;
#5582 = AXIS2_PLACEMENT_3D ( 'NONE', #575, #4095, #2358 ) ;
#5583 = ORIENTED_EDGE ( 'NONE', *, *, #382, .F. ) ;
#5584 = EDGE_CURVE ( 'NONE', #4335, #505, #1274, .T. ) ;
#5585 = DIRECTION ( 'NONE',  ( 0.000000000000000000, 1.000000000000000000, 0.000000000000000000 ) ) ;
#5586 = CARTESIAN_POINT ( 'NONE',  ( -0.9276600172171756142, 10.00000000000000000, 0.3903190418595154920 ) ) ;
#5587 = CARTESIAN_POINT ( 'NONE',  ( -1.249999999999998224, 1.768750001229031144, 0.7216878364870340512 ) ) ;
#5588 = CARTESIAN_POINT ( 'NONE',  ( 2.663606788145493121E-16, 12.50000000000000000, -2.100000000000000089 ) ) ;
#5589 = AXIS2_PLACEMENT_3D ( 'NONE', #2650, #5736, #1379 ) ;
#5590 = CARTESIAN_POINT ( 'NONE',  ( -1.006430356249998548, 4.609375000614513773, 0.5810628371015494897 ) ) ;
#5591 = CARTESIAN_POINT ( 'NONE',  ( -0.5032151781250009392, 3.596875000614514040, -0.8715942556523212925 ) ) ;
#5592 = CARTESIAN_POINT ( 'NONE',  ( 0.3349111871935177009, 2.313844672460641849, 1.250014608893269985 ) ) ;
#5593 = EDGE_LOOP ( 'NONE', ( #4121, #2492, #1376, #4973, #4906, #1021, #1323 ) ) ;
#5594 = CARTESIAN_POINT ( 'NONE',  ( 0.5032151781249990519, 7.684375000614513063, -0.8715942556523228468 ) ) ;
#5595 = DIRECTION ( 'NONE',  ( 0.000000000000000000, 0.000000000000000000, -1.000000000000000000 ) ) ;
#5596 = CARTESIAN_POINT ( 'NONE',  ( -5.147446852647083031E-05, 3.868753089694037861, -1.249999998940150681 ) ) ;
#5597 = CARTESIAN_POINT ( 'NONE',  ( 5.099224419178628731E-05, 4.994574862039252494, 1.249999998066108731 ) ) ;
#5598 = CARTESIAN_POINT ( 'NONE',  ( 1.006430356249999658, 7.571875000614512352, 0.5810628371015478244 ) ) ;
#5599 = CARTESIAN_POINT ( 'NONE',  ( -1.062732146793064491E-15, 0.07187500061451397582, -1.162125674203096537 ) ) ;
#5600 = CARTESIAN_POINT ( 'NONE',  ( 2.922199054809748253E-15, 7.242132794191443068, 1.446610087049238658 ) ) ;
#5601 = CARTESIAN_POINT ( 'NONE',  ( 0.5032151781250004952, 4.271875000614514306, 0.8715942556523216256 ) ) ;
#5602 = CARTESIAN_POINT ( 'NONE',  ( -0.6249999999999978906, 5.856250001229030389, 1.082531754730548856 ) ) ;
#5603 = EDGE_CURVE ( 'NONE', #3935, #3641, #3248, .T. ) ;
#5604 = ORIENTED_EDGE ( 'NONE', *, *, #1249, .T. ) ;
#5605 = CARTESIAN_POINT ( 'NONE',  ( -1.252801084755460259, 0.3421327941914435455, -0.7233050435246171084 ) ) ;
#5606 = CARTESIAN_POINT ( 'NONE',  ( 1.249999999999998002, 7.843750001229031099, -0.7216878364870344953 ) ) ;
#5607 = CARTESIAN_POINT ( 'NONE',  ( -2.651438096812265438E-16, 0.4374999999999969469, 1.443375672974063439 ) ) ;
#5608 = CARTESIAN_POINT ( 'NONE',  ( 1.006430356249998770, 4.046875000614513773, -0.5810628371015489346 ) ) ;
#5609 = CARTESIAN_POINT ( 'NONE',  ( -1.483929076555448923, 10.86995858948432847, -1.283612900399734524 ) ) ;
#5610 = CARTESIAN_POINT ( 'NONE',  ( 1.006430356249999658, -0.07812499938548608802, 0.5810628371015478244 ) ) ;
#5611 = CARTESIAN_POINT ( 'NONE',  ( 0.9025348715861416515, 0.1958271576066095976, 0.6516165554867254794 ) ) ;
#5612 = ORIENTED_EDGE ( 'NONE', *, *, #966, .F. ) ;
#5613 = CARTESIAN_POINT ( 'NONE',  ( 1.074999999999998179, 12.50000000000000000, -0.7072540797572905991 ) ) ;
#5614 = DIRECTION ( 'NONE',  ( -0.000000000000000000, -1.000000000000000000, -0.000000000000000000 ) ) ;
#5615 = CARTESIAN_POINT ( 'NONE',  ( 0.6249999999999974465, -0.2187499987709687899, -1.082531754730548856 ) ) ;
#5616 = CARTESIAN_POINT ( 'NONE',  ( 1.006430356249998104, 3.034375000614514040, -0.5810628371015496008 ) ) ;
#5617 = CARTESIAN_POINT ( 'NONE',  ( -2.845041995311512980E-05, 2.293292321606522410, 1.249999999404362461 ) ) ;
#5618 = ORIENTED_EDGE ( 'NONE', *, *, #1386, .F. ) ;
#5619 = CARTESIAN_POINT ( 'NONE',  ( -1.006430356249999880, 7.346875000614513596, -0.5810628371015474913 ) ) ;
#5620 = CARTESIAN_POINT ( 'NONE',  ( 0.000000000000000000, 10.00000000000000000, -1.249999999999999334 ) ) ;
#5621 = CARTESIAN_POINT ( 'NONE',  ( -0.3349364905389035640, 2.217403810567662781, 1.249999999999999112 ) ) ;
#5622 = FACE_OUTER_BOUND ( 'NONE', #2063, .T. ) ;
#5623 = CARTESIAN_POINT ( 'NONE',  ( 9.204127980810867663E-16, 7.496875000614513063, 1.162125674203096537 ) ) ;
#5624 = CARTESIAN_POINT ( 'NONE',  ( 0.8499999999999980904, 11.25000000000000000, -8.938771862486056842E-15 ) ) ;
#5625 = CARTESIAN_POINT ( 'NONE',  ( 1.006430356249999436, 6.146875000614514306, -1.767562423498186358E-15 ) ) ;
#5626 = CARTESIAN_POINT ( 'NONE',  ( 1.249999999999999112, 5.012499999999995737, 0.7216878364870323859 ) ) ;
#5627 = CARTESIAN_POINT ( 'NONE',  ( 1.218930799581944058, 10.00000000000000000, 0.3219326705624904195 ) ) ;
#5628 = EDGE_LOOP ( 'NONE', ( #5320, #3722, #1793 ) ) ;
#5629 = CARTESIAN_POINT ( 'NONE',  ( -0.6264005423777275761, 1.354632794191443335, 1.084957565286930325 ) ) ;
#5630 = ADVANCED_FACE ( 'NONE', ( #4541 ), #2349, .T. ) ;
#5631 = CARTESIAN_POINT ( 'NONE',  ( 1.249999999999999334, 9.606250001229030389, -2.749541545756668106E-15 ) ) ;
#5632 = CARTESIAN_POINT ( 'NONE',  ( 1.006430356249999658, 3.521875000614512974, 0.5810628371015478244 ) ) ;
#5633 = CARTESIAN_POINT ( 'NONE',  ( -1.006430356249999880, -0.7531249993854860492, -0.5810628371015476024 ) ) ;
#5634 = CARTESIAN_POINT ( 'NONE',  ( 1.006430356249999658, 1.759375000614513684, -9.819791222584817478E-16 ) ) ;
#5635 = DIRECTION ( 'NONE',  ( -0.000000000000000000, -1.000000000000000000, -0.000000000000000000 ) ) ;
#5636 = ORIENTED_EDGE ( 'NONE', *, *, #780, .F. ) ;
#5637 = CARTESIAN_POINT ( 'NONE',  ( -1.249999999999999334, 2.181250001229031010, 2.596460695863248776E-15 ) ) ;
#5638 = DIRECTION ( 'NONE',  ( -0.8660254037844413721, 0.000000000000000000, -0.4999999999999952816 ) ) ;
#5639 = CARTESIAN_POINT ( 'NONE',  ( 0.5785286891032531686, 10.00000000000000355, 1.083992032404879291 ) ) ;
#5640 = CARTESIAN_POINT ( 'NONE',  ( 1.249999999999998002, 0.6437500012290312545, -0.7216878364870344953 ) ) ;
#5641 = CARTESIAN_POINT ( 'NONE',  ( -1.249999999999999334, 1.187499999999996447, -0.7216878364870322748 ) ) ;
#5642 = CARTESIAN_POINT ( 'NONE',  ( 1.827526258964323273E-15, 4.234375000614513773, 1.162125674203096093 ) ) ;
#5643 = CARTESIAN_POINT ( 'NONE',  ( 1.530808498934190831E-16, 10.00000000000000000, 1.249999999999999334 ) ) ;
#5644 = ORIENTED_EDGE ( 'NONE', *, *, #1952, .T. ) ;
#5645 = EDGE_CURVE ( 'NONE', #554, #4001, #5069, .T. ) ;
#5646 = CARTESIAN_POINT ( 'NONE',  ( 0.3349364905389005109, 5.142403810567661715, -1.250000000000000888 ) ) ;
#5647 = CARTESIAN_POINT ( 'NONE',  ( 2.527446539981169803E-15, 1.787499999999997202, 1.249999999999999556 ) ) ;
#5648 = DIRECTION ( 'NONE',  ( -0.000000000000000000, -1.000000000000000000, -0.000000000000000000 ) ) ;
#5649 = CARTESIAN_POINT ( 'NONE',  ( 0.06913153064876162435, 0.4375261911682792326, 1.242798243111830514 ) ) ;
#5650 = CARTESIAN_POINT ( 'NONE',  ( 0.5032151781249999400, 6.184375000614513063, 0.8715942556523221807 ) ) ;
#5651 = DIRECTION ( 'NONE',  ( -0.000000000000000000, -1.000000000000000000, -0.000000000000000000 ) ) ;
#5652 = ADVANCED_FACE ( 'NONE', ( #1097 ), #514, .F. ) ;
#5653 = CARTESIAN_POINT ( 'NONE',  ( -1.062732146793064491E-15, 0.5218750006145138620, -1.162125674203096537 ) ) ;
#5654 = CARTESIAN_POINT ( 'NONE',  ( -1.006430356250000324, 6.334375000614513418, -0.5810628371015467142 ) ) ;
#5655 = FACE_OUTER_BOUND ( 'NONE', #5304, .T. ) ;
#5656 = ORIENTED_EDGE ( 'NONE', *, *, #3937, .T. ) ;
#5657 = CARTESIAN_POINT ( 'NONE',  ( -0.6264005423777275761, 1.804632794191443290, 1.084957565286930325 ) ) ;
#5658 = CARTESIAN_POINT ( 'NONE',  ( -0.5032151781249986078, -0.7531249993854860492, 0.8715942556523228468 ) ) ;
#5659 = CARTESIAN_POINT ( 'NONE',  ( 1.006430356249998770, 3.596875000614513596, -0.5810628371015489346 ) ) ;
#5660 = CARTESIAN_POINT ( 'NONE',  ( 1.006430356249999658, -0.07812499938548608802, 0.5810628371015478244 ) ) ;
#5661 = CARTESIAN_POINT ( 'NONE',  ( 0.5032151781249990519, 2.284375000614513596, -0.8715942556523228468 ) ) ;
#5662 = CARTESIAN_POINT ( 'NONE',  ( 0.3349364905389026204, 3.607596189432330736, 1.249999999999999556 ) ) ;
#5663 = ORIENTED_EDGE ( 'NONE', *, *, #3089, .F. ) ;
#5664 = VECTOR ( 'NONE', #64, 1000.000000000000000 ) ;
#5665 = CARTESIAN_POINT ( 'NONE',  ( -0.3349453624812661068, 2.088846722977907078, -1.249994877781688940 ) ) ;
#5666 = FACE_OUTER_BOUND ( 'NONE', #4466, .T. ) ;
#5667 = CARTESIAN_POINT ( 'NONE',  ( 2.909753293500117656E-15, 2.743750001229031454, 1.443375672974063439 ) ) ;
#5668 = ADVANCED_BREP_SHAPE_REPRESENTATION ( 'Screw_DIN_912_M2.5x10F_A2', ( #3192, #3925 ), #491 ) ;
#5669 = VECTOR ( 'NONE', #3951, 1000.000000000000000 ) ;
#5670 = CARTESIAN_POINT ( 'NONE',  ( 0.5032151781249982747, 4.871875000614513951, -0.8715942556523229579 ) ) ;
#5671 = CARTESIAN_POINT ( 'NONE',  ( 2.527446539981169803E-15, 1.337499999999997247, 1.249999999999999556 ) ) ;
#5672 = ORIENTED_EDGE ( 'NONE', *, *, #4714, .T. ) ;
#5673 = AXIS2_PLACEMENT_3D ( 'NONE', #2591, #3953, #1726 ) ;
#5674 = CARTESIAN_POINT ( 'NONE',  ( -1.062732146793064491E-15, 9.521875000614512530, -1.162125674203096537 ) ) ;
#5675 = DIRECTION ( 'NONE',  ( -0.8660254037844389297, 0.000000000000000000, 0.4999999999999995559 ) ) ;
#5676 = CARTESIAN_POINT ( 'NONE',  ( 1.249999999999999334, 3.287499999999996536, -0.7216878364870317197 ) ) ;
#5677 = CARTESIAN_POINT ( 'NONE',  ( 0.000000000000000000, 10.00000000000000000, 0.000000000000000000 ) ) ;
#5678 = ADVANCED_FACE ( 'NONE', ( #2464 ), #4688, .T. ) ;
#5679 = CARTESIAN_POINT ( 'NONE',  ( -0.5032151781249993849, 7.009375000614512352, 0.8715942556523227358 ) ) ;
#5680 = CARTESIAN_POINT ( 'NONE',  ( -4.938688641342514686E-16, 2.237499999999996270, 1.249999999999999334 ) ) ;
#5681 = CARTESIAN_POINT ( 'NONE',  ( 0.5032151781249999400, 2.134375000614513684, 0.8715942556523221807 ) ) ;
#5682 = CARTESIAN_POINT ( 'NONE',  ( -1.006430356249999436, 5.021875000614514306, 1.644310252063557226E-15 ) ) ;
#5683 = PLANE ( 'NONE',  #5013 ) ;
#5684 = EDGE_CURVE ( 'NONE', #3894, #1034, #3281, .T. ) ;
#5685 = ORIENTED_EDGE ( 'NONE', *, *, #2491, .F. ) ;
#5686 = CARTESIAN_POINT ( 'NONE',  ( 1.252801084755457373, 0.1921327941914436344, -0.7233050435246219934 ) ) ;
#5687 = CARTESIAN_POINT ( 'NONE',  ( -0.5032151781250009392, -0.4531249993854860048, -0.8715942556523212925 ) ) ;
#5688 = CIRCLE ( 'NONE', #5028, 2.100000000000000089 ) ;
#5689 = CARTESIAN_POINT ( 'NONE',  ( -0.5032151781250009392, 2.696875000614514128, -0.8715942556523212925 ) ) ;
#5690 =( BOUNDED_CURVE ( )  B_SPLINE_CURVE ( 2, ( #2540, #2510, #4786, #5264, #2981, #5235, #4278, #4759, #1286 ),
 .UNSPECIFIED., .F., .T. ) 
 B_SPLINE_CURVE_WITH_KNOTS ( ( 3, 2, 2, 2, 3 ),
 ( 0.7129629629629630205, 0.7160493827160493430, 0.7222222222222222099, 0.7283950617283950768, 0.7314814814814815103 ),
 .UNSPECIFIED. ) 
 CURVE ( )  GEOMETRIC_REPRESENTATION_ITEM ( )  RATIONAL_B_SPLINE_CURVE ( ( 0.9330127018922192983, 0.9330127018922205195, 1.000000000000000000, 0.8660254037844387076, 1.000000000000000000, 0.8660254037844387076, 1.000000000000000000, 0.9330127018922194093, 0.9330127018922194093 ) ) 
 REPRESENTATION_ITEM ( '' )  );
#5691 = CARTESIAN_POINT ( 'NONE',  ( 0.5032151781249990519, 5.884375000614513240, -0.8715942556523228468 ) ) ;
#5692 = CARTESIAN_POINT ( 'NONE',  ( 0.5032151781249990519, 0.9343750006145139508, -0.8715942556523228468 ) ) ;
#5693 = CARTESIAN_POINT ( 'NONE',  ( -1.062732146793064491E-15, 0.5218750006145138620, -1.162125674203096537 ) ) ;
#5694 = CYLINDRICAL_SURFACE ( 'NONE', #4751, 1.249999999999999334 ) ;
#5695 = ORIENTED_EDGE ( 'NONE', *, *, #5366, .F. ) ;
#5696 = VECTOR ( 'NONE', #5545, 1000.000000000000114 ) ;
#5697 = CARTESIAN_POINT ( 'NONE',  ( 1.249999999999997780, 1.093750001229030877, -0.7216878364870343843 ) ) ;
#5698 = CARTESIAN_POINT ( 'NONE',  ( 1.743066579297358255E-16, 9.212499999999995026, -1.249999999999999112 ) ) ;
#5699 = CARTESIAN_POINT ( 'NONE',  ( -0.6250000000000017764, 4.356250001229030389, -1.082531754730546636 ) ) ;
#5700 = CARTESIAN_POINT ( 'NONE',  ( -1.969845607676301195E-15, 7.609375000614514661, -1.162125674203096093 ) ) ;
#5701 = CARTESIAN_POINT ( 'NONE',  ( 0.5826578956284862443, 0.02812500184355341826, -0.8206167428485023896 ) ) ;
#5702 = ORIENTED_EDGE ( 'NONE', *, *, #5149, .T. ) ;
#5703 = CARTESIAN_POINT ( 'NONE',  ( -0.3774113753479410582, 9.999999999999998224, -0.9329859140091431025 ) ) ;
#5704 = CARTESIAN_POINT ( 'NONE',  ( 0.6264005423777272430, 6.979632794191443779, -1.084957565286930325 ) ) ;
#5705 = FACE_OUTER_BOUND ( 'NONE', #5286, .T. ) ;
#5706 = DIRECTION ( 'NONE',  ( 0.000000000000000000, 0.000000000000000000, -1.000000000000000000 ) ) ;
#5707 = CARTESIAN_POINT ( 'NONE',  ( -0.3349364905389035640, 7.167403810567662070, 1.249999999999999112 ) ) ;
#5708 = CARTESIAN_POINT ( 'NONE',  ( -1.006430356249998992, 5.621875000614513951, 0.5810628371015487126 ) ) ;
#5709 = CARTESIAN_POINT ( 'NONE',  ( 0.4301639428188231418, 0.4633098365691263321, 1.195020404791945268 ) ) ;
#5710 = CARTESIAN_POINT ( 'NONE',  ( -1.062732146793064491E-15, 2.771875000614514306, -1.162125674203096537 ) ) ;
#5711 = CARTESIAN_POINT ( 'NONE',  ( 0.5032151781249982747, 4.871875000614513951, -0.8715942556523229579 ) ) ;
#5712 = CARTESIAN_POINT ( 'NONE',  ( -5.868324150301105755E-15, 2.912499999999997424, -1.249999999999999556 ) ) ;
#5713 = ORIENTED_EDGE ( 'NONE', *, *, #4892, .F. ) ;
#5714 = CARTESIAN_POINT ( 'NONE',  ( 0.6264005423777272430, 2.029632794191443601, -1.084957565286930325 ) ) ;
#5715 = CARTESIAN_POINT ( 'NONE',  ( 0.6249999999999974465, 10.13125000122902897, -1.082531754730548856 ) ) ;
#5716 = CARTESIAN_POINT ( 'NONE',  ( -1.006430356249999436, 4.121875000614513951, 1.644310252063557226E-15 ) ) ;
#5717 = CARTESIAN_POINT ( 'NONE',  ( 0.5032151781249999400, 5.284375000614513596, 0.8715942556523221807 ) ) ;
#5718 = CARTESIAN_POINT ( 'NONE',  ( -0.5032151781249993849, 1.609375000614513773, 0.8715942556523227358 ) ) ;
#5719 = CARTESIAN_POINT ( 'NONE',  ( -0.6249999999999993339, 8.349999999999996092, -1.082531754730547968 ) ) ;
#5720 = CARTESIAN_POINT ( 'NONE',  ( -1.062732146793064491E-15, 1.871875000614513951, -1.162125674203096537 ) ) ;
#5721 = CARTESIAN_POINT ( 'NONE',  ( 0.6249999999999987788, 5.874999999999996447, 1.082531754730548412 ) ) ;
#5722 = ORIENTED_EDGE ( 'NONE', *, *, #2643, .T. ) ;
#5723 = CARTESIAN_POINT ( 'NONE',  ( 0.000000000000000000, 12.34999999999999964, 0.000000000000000000 ) ) ;
#5724 = EDGE_CURVE ( 'NONE', #1836, #3735, #4228, .T. ) ;
#5725 = CARTESIAN_POINT ( 'NONE',  ( -4.938688641342514686E-16, 8.987499999999993605, 1.249999999999999334 ) ) ;
#5726 = CARTESIAN_POINT ( 'NONE',  ( 0.000000000000000000, 12.50000000000000000, 0.000000000000000000 ) ) ;
#5727 =( BOUNDED_CURVE ( )  B_SPLINE_CURVE ( 2, ( #3855, #2571, #1184, #2545, #4309, #820, #5602, #4286, #2964 ),
 .UNSPECIFIED., .F., .T. ) 
 B_SPLINE_CURVE_WITH_KNOTS ( ( 3, 2, 2, 2, 3 ),
 ( 0.5815552327672746102, 0.5847330009602976775, 0.5910887944489965351, 0.5974445879376955038, 0.6006223019610823499 ),
 .UNSPECIFIED. ) 
 CURVE ( )  GEOMETRIC_REPRESENTATION_ITEM ( )  RATIONAL_B_SPLINE_CURVE ( ( 0.9330127020018332828, 0.9330154116423196031, 1.000000000000000000, 0.8660254037844387076, 1.000000000000000000, 0.8660254037844387076, 1.000000000000000000, 0.9330165534911158964, 0.9330127021136764842 ) ) 
 REPRESENTATION_ITEM ( '' )  );
#5728 = CARTESIAN_POINT ( 'NONE',  ( -3.086515833287601756E-15, 3.418750001229030833, -1.443375672974063439 ) ) ;
#5729 = CARTESIAN_POINT ( 'NONE',  ( 0.5032151781249999400, 9.334375000614514306, 0.8715942556523221807 ) ) ;
#5730 = CARTESIAN_POINT ( 'NONE',  ( 1.006430356249999436, 5.246875000614513063, -1.767562423498186358E-15 ) ) ;
#5731 = CARTESIAN_POINT ( 'NONE',  ( -1.249999999999999334, 8.424999999999995381, -1.530808498934190831E-16 ) ) ;
#5732 = ORIENTED_EDGE ( 'NONE', *, *, #3628, .T. ) ;
#5733 = CARTESIAN_POINT ( 'NONE',  ( 0.000000000000000000, 10.00000000000000000, -1.249999999999999334 ) ) ;
#5734 = CARTESIAN_POINT ( 'NONE',  ( 1.252801084755457373, 8.292132794191443779, -0.7233050435246219934 ) ) ;
#5735 = CARTESIAN_POINT ( 'NONE',  ( -1.191095495853194869E-14, 8.762499999999995737, -1.249999999999999334 ) ) ;
#5736 = DIRECTION ( 'NONE',  ( -0.000000000000000000, -1.000000000000000000, -0.000000000000000000 ) ) ;
#5737 = CARTESIAN_POINT ( 'NONE',  ( 1.006430356249998104, -1.015624999385486005, -0.5810628371015496008 ) ) ;
#5738 = CARTESIAN_POINT ( 'NONE',  ( 1.006430356249999658, 9.409375000614513596, -9.819791222584819450E-16 ) ) ;
#5739 = CARTESIAN_POINT ( 'NONE',  ( 1.006430356249999658, 2.209375000614513418, -9.819791222584817478E-16 ) ) ;
#5740 = CARTESIAN_POINT ( 'NONE',  ( -1.006430356250000324, 6.784375000614512707, -0.5810628371015467142 ) ) ;
#5741 = CARTESIAN_POINT ( 'NONE',  ( 1.249999999999999334, 2.799999999999997158, 0.000000000000000000 ) ) ;
#5742 = CARTESIAN_POINT ( 'NONE',  ( 1.743066579297358255E-16, 7.412499999999995204, -1.249999999999999112 ) ) ;
#5743 = VERTEX_POINT ( 'NONE', #3829 ) ;
#5744 = CARTESIAN_POINT ( 'NONE',  ( 0.6264005423777272430, 2.929632794191443068, -1.084957565286930325 ) ) ;
#5745 = CARTESIAN_POINT ( 'NONE',  ( -0.5032151781250009392, -0.9031249993854859603, -0.8715942556523212925 ) ) ;
#5746 = CARTESIAN_POINT ( 'NONE',  ( -1.969845607676301195E-15, 2.659375000614514040, -1.162125674203096093 ) ) ;
#5747 = CARTESIAN_POINT ( 'NONE',  ( -1.006430356249999658, 6.934375000614513951, 8.587269508238524180E-16 ) ) ;
#5748 = CARTESIAN_POINT ( 'NONE',  ( -1.006430356249999658, 2.884375000614513684, 8.587269508238526152E-16 ) ) ;
#5749 = CARTESIAN_POINT ( 'NONE',  ( 1.006430356249999658, 0.8218750006145136844, 0.5810628371015478244 ) ) ;
#5750 = CARTESIAN_POINT ( 'NONE',  ( -1.191095495853194869E-14, 6.062499999999997335, -1.249999999999999334 ) ) ;
#5751 = VERTEX_POINT ( 'NONE', #3799 ) ;
#5752 = CARTESIAN_POINT ( 'NONE',  ( 0.3349364905389005109, 4.242403810567662248, -1.250000000000000888 ) ) ;
#5753 = CARTESIAN_POINT ( 'NONE',  ( -3.801981910604345982E-05, 9.493159820316858344, 1.249999999005080520 ) ) ;
#5754 = CARTESIAN_POINT ( 'NONE',  ( -1.249999999999998224, 3.118750001229030122, 0.7216878364870340512 ) ) ;
#5755 = CARTESIAN_POINT ( 'NONE',  ( 1.006430356249999658, 9.821875000614511464, 0.5810628371015478244 ) ) ;
#5756 = CARTESIAN_POINT ( 'NONE',  ( 0.5032151781249982747, 6.671875000614513773, -0.8715942556523229579 ) ) ;
#5757 = CARTESIAN_POINT ( 'NONE',  ( -0.02846389570752339698, 10.00000000000000000, -1.067657900509007440 ) ) ;
#5758 = ORIENTED_EDGE ( 'NONE', *, *, #4892, .T. ) ;
#5759 = ORIENTED_EDGE ( 'NONE', *, *, #5473, .F. ) ;
#5760 = CARTESIAN_POINT ( 'NONE',  ( -0.5032151781249993849, 9.709375000614514306, 0.8715942556523227358 ) ) ;
#5761 = CARTESIAN_POINT ( 'NONE',  ( 0.6264005423777272430, 7.879632794191442358, -1.084957565286930325 ) ) ;
#5762 = CARTESIAN_POINT ( 'NONE',  ( -0.9254179288950649118, 0.3594751213903706888, -0.8022146016563017623 ) ) ;
#5763 = CARTESIAN_POINT ( 'NONE',  ( -1.249999999999999112, 9.737499999999995381, -0.7216878364870322748 ) ) ;
#5764 = CARTESIAN_POINT ( 'NONE',  ( 1.006430356249999436, -0.1531249993854859603, -1.767562423498186358E-15 ) ) ;
ENDSEC;
END-ISO-10303-21;
