ISO-10303-21;
HEADER;
FILE_DESCRIPTION (( 'STEP AP214' ),
    '1' );
FILE_NAME ('Screw_DIN_912_M2.5x3F_A2.STEP',
    '2024-07-15T22:32:29',
    ( '' ),
    ( '' ),
    'SwSTEP 2.0',
    'SolidWorks 2023',
    '' );
FILE_SCHEMA (( 'AUTOMOTIVE_DESIGN' ));
ENDSEC;

DATA;
#1 = CARTESIAN_POINT ( 'NONE',  ( -1.006430356249999436, 1.871875000614517948, 1.644310252063557226E-15 ) ) ;
#2 = DIRECTION ( 'NONE',  ( 0.6546536707079818607, 0.6546536707079755324, 0.3779644730092218685 ) ) ;
#3 = CARTESIAN_POINT ( 'NONE',  ( -1.250000000000000444, 1.693750001229035407, -0.7216878364870294993 ) ) ;
#4 = PLANE ( 'NONE',  #2086 ) ;
#5 = AXIS2_PLACEMENT_3D ( 'NONE', #953, #1593, #565 ) ;
#6 = AXIS2_PLACEMENT_3D ( 'NONE', #1710, #514, #306 ) ;
#7 = CARTESIAN_POINT ( 'NONE',  ( -0.6249999999999978906, 1.806250001229035229, 1.082531754730548856 ) ) ;
#8 = CARTESIAN_POINT ( 'NONE',  ( 1.006430356249999658, 0.8593750006145183251, -9.819791222584819450E-16 ) ) ;
#9 = AXIS2_PLACEMENT_3D ( 'NONE', #1353, #2518, #1150 ) ;
#10 = CARTESIAN_POINT ( 'NONE',  ( -1.006430356249998992, 3.371875000614517948, 0.5810628371015487126 ) ) ;
#11 = CARTESIAN_POINT ( 'NONE',  ( 9.204127980810867663E-16, 2.546875000614517770, 1.162125674203096537 ) ) ;
#12 = VERTEX_POINT ( 'NONE', #1286 ) ;
#13 = CARTESIAN_POINT ( 'NONE',  ( -1.006430356249999436, -0.3781249993854816638, 1.644310252063557226E-15 ) ) ;
#14 = B_SPLINE_CURVE_WITH_KNOTS ( 'NONE', 3,
 ( #2471, #2357, #602, #1396 ),
 .UNSPECIFIED., .F., .F.,
 ( 4, 4 ),
 ( 0.003800343051746658037, 0.004432871068924946166 ),
 .UNSPECIFIED. ) ;
#15 = CARTESIAN_POINT ( 'NONE',  ( -1.037318947556377324, 0.06771493646943615996, 0.1375597273108440932 ) ) ;
#16 = CARTESIAN_POINT ( 'NONE',  ( -0.6249999999999978906, 0.9062500012290354290, 1.082531754730548856 ) ) ;
#17 = LINE ( 'NONE', #2165, #1846 ) ;
#18 = CARTESIAN_POINT ( 'NONE',  ( -1.249999999999999334, 2.631250001229035629, 2.596460695863248776E-15 ) ) ;
#19 = CARTESIAN_POINT ( 'NONE',  ( 0.5032151781249999400, 0.7843750006145181475, 0.8715942556523221807 ) ) ;
#20 = CARTESIAN_POINT ( 'NONE',  ( 1.249999999999999112, -0.3874999999999986788, 0.7216878364870323859 ) ) ;
#21 = CARTESIAN_POINT ( 'NONE',  ( -1.249999999999999334, 3.925000000000000711, -1.530808498934190831E-16 ) ) ;
#22 = ORIENTED_EDGE ( 'NONE', *, *, #563, .F. ) ;
#23 = CARTESIAN_POINT ( 'NONE',  ( -1.969845607676301195E-15, 0.4093750006145182030, -1.162125674203096093 ) ) ;
#24 = DIRECTION ( 'NONE',  ( 0.000000000000000000, 0.000000000000000000, -1.000000000000000000 ) ) ;
#25 = CARTESIAN_POINT ( 'NONE',  ( -0.6249999999999993339, 1.150000000000001243, -1.082531754730547968 ) ) ;
#26 = CARTESIAN_POINT ( 'NONE',  ( 1.530808498934190831E-16, 3.000000000000000000, 1.249999999999999334 ) ) ;
#27 = CARTESIAN_POINT ( 'NONE',  ( 0.6250000000000012212, 2.781250001229035096, 1.082531754730547080 ) ) ;
#28 = ORIENTED_EDGE ( 'NONE', *, *, #658, .F. ) ;
#29 = CARTESIAN_POINT ( 'NONE',  ( 0.000000000000000000, 3.000000000000000000, 0.000000000000000000 ) ) ;
#30 = CARTESIAN_POINT ( 'NONE',  ( -1.249999999999999778, 0.8125000000000011102, 0.7216878364870313867 ) ) ;
#31 = EDGE_CURVE ( 'NONE', #1508, #1443, #64, .T. ) ;
#32 = VERTEX_POINT ( 'NONE', #460 ) ;
#33 = ADVANCED_FACE ( 'NONE', ( #2024 ), #2230, .F. ) ;
#34 = DIRECTION ( 'NONE',  ( 0.000000000000000000, 0.8660254037844363761, 0.5000000000000038858 ) ) ;
#35 = CARTESIAN_POINT ( 'NONE',  ( -1.006430356249999658, -0.7156249993854817415, 8.587269508238526152E-16 ) ) ;
#36 = CARTESIAN_POINT ( 'NONE',  ( 2.265986553086565608E-15, 1.618750001229034785, -1.249999999999999112 ) ) ;
#37 = CARTESIAN_POINT ( 'NONE',  ( 0.000000000000000000, 5.500000000000000000, 0.000000000000000000 ) ) ;
#38 = CARTESIAN_POINT ( 'NONE',  ( 0.9915339876171143096, 2.999999999999999112, 0.2174419744611218175 ) ) ;
#39 = CARTESIAN_POINT ( 'NONE',  ( 1.250000000000000444, 2.818750001229035185, 0.7216878364870298324 ) ) ;
#40 = ORIENTED_EDGE ( 'NONE', *, *, #145, .F. ) ;
#41 = CARTESIAN_POINT ( 'NONE',  ( -0.5032151781250003841, 2.809375000614518392, -0.8715942556523218476 ) ) ;
#42 = CARTESIAN_POINT ( 'NONE',  ( 1.249999999999999556, 2.387500000000001066, -0.7216878364870316087 ) ) ;
#43 = CONICAL_SURFACE ( 'NONE', #785, 1.250000000000000000, 0.5235987755983033676 ) ;
#44 = CARTESIAN_POINT ( 'NONE',  ( 0.6249999999999987788, 1.375000000000001332, 1.082531754730548412 ) ) ;
#45 = VECTOR ( 'NONE', #549, 1000.000000000000000 ) ;
#46 = ORIENTED_EDGE ( 'NONE', *, *, #2096, .T. ) ;
#47 = CARTESIAN_POINT ( 'NONE',  ( 0.5032151781249982747, 3.071875000614518125, -0.8715942556523229579 ) ) ;
#48 = CARTESIAN_POINT ( 'NONE',  ( 1.888322127572138467E-15, 0.8875000000000012879, 1.249999999999999334 ) ) ;
#49 = DIRECTION ( 'NONE',  ( -0.8660254037844413721, 0.000000000000000000, -0.4999999999999952816 ) ) ;
#50 = DIRECTION ( 'NONE',  ( 0.000000000000000000, 0.000000000000000000, -1.000000000000000000 ) ) ;
#51 = ORIENTED_EDGE ( 'NONE', *, *, #60, .T. ) ;
#52 = CARTESIAN_POINT ( 'NONE',  ( 1.827526258964323273E-15, -0.7156249993854816305, 1.162125674203096093 ) ) ;
#53 = CARTESIAN_POINT ( 'NONE',  ( -1.006430356249999880, 2.396875000614518303, -0.5810628371015474913 ) ) ;
#54 = CARTESIAN_POINT ( 'NONE',  ( -1.006430356249998992, 2.021875000614518303, 0.5810628371015487126 ) ) ;
#55 = CARTESIAN_POINT ( 'NONE',  ( -0.6250000000000002220, 1.750000000000001110, 1.082531754730547746 ) ) ;
#56 = CARTESIAN_POINT ( 'NONE',  ( -1.249999999999999112, 0.7375000000000011546, -0.7216878364870322748 ) ) ;
#57 = ORIENTED_EDGE ( 'NONE', *, *, #1466, .F. ) ;
#58 = CARTESIAN_POINT ( 'NONE',  ( 1.006430356249999436, 2.096875000614517592, -1.767562423498186358E-15 ) ) ;
#59 = FACE_OUTER_BOUND ( 'NONE', #2424, .T. ) ;
#60 = EDGE_CURVE ( 'NONE', #12, #1936, #1227, .T. ) ;
#61 = CARTESIAN_POINT ( 'NONE',  ( 0.5032151781249982747, 0.8218750006145183473, -0.8715942556523229579 ) ) ;
#62 = CARTESIAN_POINT ( 'NONE',  ( 1.743066579297358255E-16, 1.562500000000000666, -1.249999999999999112 ) ) ;
#63 =( BOUNDED_CURVE ( )  B_SPLINE_CURVE ( 2, ( #225, #584, #1185, #2515, #2312, #976, #998, #778, #2118, #2168, #1200, #1389, #201, #791, #1401, #2326, #2131, #1776, #1958, #2145, #1350, #368, #19, #1752, #8, #1377, #1587, #801, #395, #2352, #965, #2362, #2158, #597, #766, #404, #1547, #416, #606, #1971, #1174, #1763, #214, #1932, #1562, #568, #988, #1362, #1595, #382, #1981, #1161, #1797, #750, #2526, #555, #1146, #1575, #177, #955, #1945, #191, #2341, #642, #1239, #53, #838, #235, #1034, #1460, #260, #2001, #2400, #2374, #1223, #1261, #41, #815, #246, #452, #1413, #1618, #1631 ),
 .UNSPECIFIED., .F., .T. ) 
 B_SPLINE_CURVE_WITH_KNOTS ( ( 3, 2, 2, 2, 2, 2, 2, 2, 2, 2, 2, 2, 2, 2, 2, 2, 2, 2, 2, 2, 2, 2, 2, 2, 2, 2, 2, 2, 2, 2, 2, 2, 2, 2, 2, 2, 2, 2, 2, 2, 2, 3 ),
 ( 0.1955647606213105627, 0.1969696969696969613, 0.2121212121212121271, 0.2272727272727272652, 0.2424242424242424310, 0.2575757575757575690, 0.2727272727272727071, 0.2878787878787879007, 0.3030303030303030387, 0.3181818181818181768, 0.3333333333333333148, 0.3484848484848485084, 0.3636363636363636465, 0.3787878787878787845, 0.3939393939393939226, 0.4090909090909091161, 0.4242424242424242542, 0.4393939393939393367, 0.4545454545454545303, 0.4696969696969697239, 0.4848484848484848619, 0.5000000000000000000, 0.5151515151515151381, 0.5303030303030302761, 0.5454545454545454142, 0.5606060606060605522, 0.5757575757575758013, 0.5909090909090909394, 0.6060606060606060774, 0.6212121212121212155, 0.6363636363636362425, 0.6515151515151514916, 0.6666666666666666297, 0.6818181818181816567, 0.6969696969696970168, 0.7121212121212121549, 0.7272727272727272929, 0.7424242424242424310, 0.7575757575757575690, 0.7727272727272727071, 0.7878787878787878451, 0.7960438243835311622 ),
 .UNSPECIFIED. ) 
 CURVE ( )  GEOMETRIC_REPRESENTATION_ITEM ( )  RATIONAL_B_SPLINE_CURVE ( ( 0.9774580439730611303, 0.9875770985210802211, 1.000000000000000000, 0.8660254037844387076, 1.000000000000000000, 0.8660254037844387076, 1.000000000000000000, 0.8660254037844387076, 1.000000000000000000, 0.8660254037844387076, 1.000000000000000000, 0.8660254037844387076, 1.000000000000000000, 0.8660254037844387076, 1.000000000000000000, 0.8660254037844387076, 1.000000000000000000, 0.8660254037844387076, 1.000000000000000000, 0.8660254037844387076, 1.000000000000000000, 0.8660254037844387076, 1.000000000000000000, 0.8660254037844387076, 1.000000000000000000, 0.8660254037844387076, 1.000000000000000000, 0.8660254037844387076, 1.000000000000000000, 0.8660254037844387076, 1.000000000000000000, 0.8660254037844387076, 1.000000000000000000, 0.8660254037844387076, 1.000000000000000000, 0.8660254037844387076, 1.000000000000000000, 0.8660254037844387076, 1.000000000000000000, 0.8660254037844387076, 1.000000000000000000, 0.8660254037844387076, 1.000000000000000000, 0.8660254037844387076, 1.000000000000000000, 0.8660254037844387076, 1.000000000000000000, 0.8660254037844387076, 1.000000000000000000, 0.8660254037844387076, 1.000000000000000000, 0.8660254037844387076, 1.000000000000000000, 0.8660254037844387076, 1.000000000000000000, 0.8660254037844387076, 1.000000000000000000, 0.8660254037844387076, 1.000000000000000000, 0.8660254037844387076, 1.000000000000000000, 0.8660254037844387076, 1.000000000000000000, 0.8660254037844387076, 1.000000000000000000, 0.8660254037844387076, 1.000000000000000000, 0.8660254037844387076, 1.000000000000000000, 0.8660254037844387076, 1.000000000000000000, 0.8660254037844387076, 1.000000000000000000, 0.8660254037844387076, 1.000000000000000000, 0.8660254037844387076, 1.000000000000000000, 0.8660254037844387076, 1.000000000000000000, 0.8660254037844387076, 1.000000000000000000, 0.9278021070586519592, 0.9334180070662825290 ) ) 
 REPRESENTATION_ITEM ( '' )  );
#64 = LINE ( 'NONE', #849, #1844 ) ;
#65 = CARTESIAN_POINT ( 'NONE',  ( 1.249999999999997780, 1.543750001229035496, -0.7216878364870343843 ) ) ;
#66 = CARTESIAN_POINT ( 'NONE',  ( 1.249999999999999334, 2.800000000000001155, 0.000000000000000000 ) ) ;
#67 = CARTESIAN_POINT ( 'NONE',  ( 1.743066579297358255E-16, 0.6625000000000011990, -1.249999999999999112 ) ) ;
#68 = FACE_OUTER_BOUND ( 'NONE', #387, .T. ) ;
#69 = CARTESIAN_POINT ( 'NONE',  ( 0.000000000000000000, 3.000000000000000000, 0.000000000000000000 ) ) ;
#70 = EDGE_LOOP ( 'NONE', ( #492, #1354, #1858, #2171 ) ) ;
#71 = CARTESIAN_POINT ( 'NONE',  ( 1.006430356249998104, 3.034375000614518481, -0.5810628371015496008 ) ) ;
#72 = CARTESIAN_POINT ( 'NONE',  ( 1.827526258964323273E-15, 1.534375000614518259, 1.162125674203096093 ) ) ;
#73 = DIRECTION ( 'NONE',  ( -0.000000000000000000, -1.000000000000000000, -0.000000000000000000 ) ) ;
#74 = CARTESIAN_POINT ( 'NONE',  ( 0.3349364905389026204, 1.357596189432335176, 1.249999999999999556 ) ) ;
#75 = EDGE_LOOP ( 'NONE', ( #2479, #1819, #2178, #269, #2081, #1754 ) ) ;
#76 = CARTESIAN_POINT ( 'NONE',  ( -1.006430356249999436, 0.07187500061451830569, 1.644310252063557226E-15 ) ) ;
#77 = MECHANICAL_DESIGN_GEOMETRIC_PRESENTATION_REPRESENTATION (  '', ( #1186 ), #444 ) ;
#78 = CARTESIAN_POINT ( 'NONE',  ( -0.6249999999999993339, 2.950000000000001066, -1.082531754730547968 ) ) ;
#79 = EDGE_CURVE ( 'NONE', #743, #1081, #1143, .T. ) ;
#80 = CIRCLE ( 'NONE', #870, 2.100000000000000089 ) ;
#81 = CARTESIAN_POINT ( 'NONE',  ( -1.249999999999999556, 0.8125000000000009992, 0.7216878364870313867 ) ) ;
#82 = ORIENTED_EDGE ( 'NONE', *, *, #1670, .F. ) ;
#83 = CARTESIAN_POINT ( 'NONE',  ( 0.5032151781249990519, -0.8656249993854816527, -0.8715942556523228468 ) ) ;
#84 = CARTESIAN_POINT ( 'NONE',  ( -0.5032151781249986078, 0.1468750006145183029, 0.8715942556523228468 ) ) ;
#85 = CARTESIAN_POINT ( 'NONE',  ( 0.3084996068982239770, 2.999999999999999556, 0.9944398121450415129 ) ) ;
#86 = ORIENTED_EDGE ( 'NONE', *, *, #79, .T. ) ;
#87 = CARTESIAN_POINT ( 'NONE',  ( 1.006430356249998104, 0.7843750006145183695, -0.5810628371015496008 ) ) ;
#88 = CARTESIAN_POINT ( 'NONE',  ( 0.000000000000000000, 5.500000000000000000, 0.000000000000000000 ) ) ;
#89 = CARTESIAN_POINT ( 'NONE',  ( 8.838126989374219771E-17, 2.462500000000001243, -1.443375672974063439 ) ) ;
#90 = CARTESIAN_POINT ( 'NONE',  ( -4.938688641342514686E-16, 2.237500000000001155, 1.249999999999999334 ) ) ;
#91 = CARTESIAN_POINT ( 'NONE',  ( 2.571758278209441464E-16, 3.149999999999999911, -2.100000000000000089 ) ) ;
#92 = EDGE_CURVE ( 'NONE', #1009, #1381, #2087, .T. ) ;
#93 = ORIENTED_EDGE ( 'NONE', *, *, #2487, .T. ) ;
#94 = CARTESIAN_POINT ( 'NONE',  ( -1.006430356249999880, 1.046875000614517992, -0.5810628371015476024 ) ) ;
#95 = CARTESIAN_POINT ( 'NONE',  ( -0.2980888092605308848, 0.4039167410662261037, 1.195836109121526603 ) ) ;
#96 = CARTESIAN_POINT ( 'NONE',  ( 1.006430356249999658, 0.8218750006145180143, 0.5810628371015478244 ) ) ;
#97 = DIRECTION ( 'NONE',  ( 0.4999999999999996669, 0.000000000000000000, 0.8660254037844388186 ) ) ;
#98 = ORIENTED_EDGE ( 'NONE', *, *, #999, .F. ) ;
#99 = CARTESIAN_POINT ( 'NONE',  ( 0.5032151781250004952, -0.2281249993854817248, 0.8715942556523216256 ) ) ;
#100 = CYLINDRICAL_SURFACE ( 'NONE', #1777, 1.249999999999999334 ) ;
#101 = CARTESIAN_POINT ( 'NONE',  ( 2.755455298081544285E-16, 5.349999999999999645, 2.250000000000000000 ) ) ;
#102 = DIRECTION ( 'NONE',  ( 1.224646799147353207E-16, 0.000000000000000000, -1.000000000000000000 ) ) ;
#103 = CARTESIAN_POINT ( 'NONE',  ( 1.006430356249999658, 2.209375000614517859, -9.819791222584817478E-16 ) ) ;
#104 = CARTESIAN_POINT ( 'NONE',  ( 0.5677034318874409902, 0.1746080256019621191, 0.9431961203930711024 ) ) ;
#105 = EDGE_CURVE ( 'NONE', #2458, #428, #1992, .T. ) ;
#106 = CARTESIAN_POINT ( 'NONE',  ( -1.150000000000001243, 5.500000000000000000, -0.5773502691896265082 ) ) ;
#107 = ORIENTED_EDGE ( 'NONE', *, *, #417, .T. ) ;
#108 = CARTESIAN_POINT ( 'NONE',  ( 1.006430356249998770, 1.796875000614518214, -0.5810628371015489346 ) ) ;
#109 = ORIENTED_EDGE ( 'NONE', *, *, #1040, .T. ) ;
#110 = CARTESIAN_POINT ( 'NONE',  ( 1.827526258964323273E-15, 0.1843750006145182807, 1.162125674203096093 ) ) ;
#111 = CYLINDRICAL_SURFACE ( 'NONE', #1191, 1.249999999999999334 ) ;
#112 = CARTESIAN_POINT ( 'NONE',  ( 1.006430356249998770, 1.346875000614518036, -0.5810628371015489346 ) ) ;
#113 = CARTESIAN_POINT ( 'NONE',  ( -0.3349364905389030089, 2.482596189432335176, -1.249999999999999334 ) ) ;
#114 = VERTEX_POINT ( 'NONE', #1927 ) ;
#115 = CARTESIAN_POINT ( 'NONE',  ( -0.5032151781250009392, 1.346875000614518259, -0.8715942556523212925 ) ) ;
#116 = DIRECTION ( 'NONE',  ( 0.000000000000000000, 1.000000000000000000, 0.000000000000000000 ) ) ;
#117 = CARTESIAN_POINT ( 'NONE',  ( 1.249999999999999112, 3.662500000000000977, 0.7216878364870323859 ) ) ;
#118 = CARTESIAN_POINT ( 'NONE',  ( -0.6250000000000002220, 2.200000000000001066, 1.082531754730547746 ) ) ;
#119 = DIRECTION ( 'NONE',  ( -0.3535533905932716769, 0.7071067811865512365, -0.6123724356957914727 ) ) ;
#120 = CARTESIAN_POINT ( 'NONE',  ( -1.006430356249998992, 2.021875000614518303, 0.5810628371015487126 ) ) ;
#121 = VECTOR ( 'NONE', #1006, 1000.000000000000000 ) ;
#122 = PLANE ( 'NONE',  #166 ) ;
#123 = LINE ( 'NONE', #106, #285 ) ;
#124 = ORIENTED_EDGE ( 'NONE', *, *, #613, .F. ) ;
#125 = CARTESIAN_POINT ( 'NONE',  ( -0.5032151781250003841, 1.459375000614518081, -0.8715942556523218476 ) ) ;
#126 = VECTOR ( 'NONE', #1968, 999.9999999999998863 ) ;
#127 = EDGE_LOOP ( 'NONE', ( #1910, #806, #2245, #1984 ) ) ;
#128 = CARTESIAN_POINT ( 'NONE',  ( -0.6250000000000002220, 1.750000000000001110, 1.082531754730547746 ) ) ;
#129 = CARTESIAN_POINT ( 'NONE',  ( 0.000000000000000000, 5.500000000000000000, -2.250000000000000000 ) ) ;
#130 = CARTESIAN_POINT ( 'NONE',  ( -1.249999999999999556, 2.612500000000001155, 0.7216878364870313867 ) ) ;
#131 = CARTESIAN_POINT ( 'NONE',  ( 1.250000000000000444, 2.368750001229035451, 0.7216878364870297213 ) ) ;
#132 = CARTESIAN_POINT ( 'NONE',  ( -0.5032151781249986078, 1.946875000614518125, 0.8715942556523228468 ) ) ;
#133 = CARTESIAN_POINT ( 'NONE',  ( -1.006430356249999880, -0.7531249993854817193, -0.5810628371015476024 ) ) ;
#134 = CARTESIAN_POINT ( 'NONE',  ( 0.6249999999999997780, 3.775000000000000355, -1.082531754730547746 ) ) ;
#135 =( BOUNDED_CURVE ( )  B_SPLINE_CURVE ( 2, ( #1035, #2061, #1047, #1240, #1665, #1452, #118, #677, #90 ),
 .UNSPECIFIED., .F., .T. ) 
 B_SPLINE_CURVE_WITH_KNOTS ( ( 3, 2, 2, 2, 3 ),
 ( 0.5681818181818182323, 0.5757575757575758013, 0.5909090909090909394, 0.6060606060606060774, 0.6136363636363636465 ),
 .UNSPECIFIED. ) 
 CURVE ( )  GEOMETRIC_REPRESENTATION_ITEM ( )  RATIONAL_B_SPLINE_CURVE ( ( 0.9330127018922194093, 0.9330127018922198534, 1.000000000000000000, 0.8660254037844387076, 1.000000000000000000, 0.8660254037844387076, 1.000000000000000000, 0.9330127018922194093, 0.9330127018922194093 ) ) 
 REPRESENTATION_ITEM ( '' )  );
#136 = CARTESIAN_POINT ( 'NONE',  ( 1.250000000000000444, 0.5687500012290352958, 0.7216878364870298324 ) ) ;
#137 = CARTESIAN_POINT ( 'NONE',  ( -1.006430356249999658, 2.434375000614517948, 8.587269508238524180E-16 ) ) ;
#138 = LINE ( 'NONE', #907, #2497 ) ;
#139 = ORIENTED_EDGE ( 'NONE', *, *, #1554, .T. ) ;
#140 = CARTESIAN_POINT ( 'NONE',  ( -1.006430356249999658, 1.984375000614517992, 8.587269508238526152E-16 ) ) ;
#141 = EDGE_LOOP ( 'NONE', ( #1259, #1868, #900, #2402 ) ) ;
#142 = CARTESIAN_POINT ( 'NONE',  ( -0.5032151781249986078, 2.396875000614517859, 0.8715942556523228468 ) ) ;
#143 = PLANE ( 'NONE',  #1368 ) ;
#144 = CARTESIAN_POINT ( 'NONE',  ( 0.6922805160812880443, 0.1810676073229257610, 0.8609085076458311558 ) ) ;
#145 = EDGE_CURVE ( 'NONE', #1508, #2290, #158, .T. ) ;
#146 = ADVANCED_FACE ( 'NONE', ( #730 ), #552, .F. ) ;
#147 = CARTESIAN_POINT ( 'NONE',  ( -2.614599868946037210E-15, 2.518750001229035362, -1.249999999999999334 ) ) ;
#148 = CARTESIAN_POINT ( 'NONE',  ( 0.5032151781249982747, 1.721875000614518036, -0.8715942556523229579 ) ) ;
#149 = CARTESIAN_POINT ( 'NONE',  ( 1.006430356249999658, -0.07812499938548175815, 0.5810628371015478244 ) ) ;
#150 = CARTESIAN_POINT ( 'NONE',  ( -1.249999999999998224, -0.9312499987709643712, 0.7216878364870340512 ) ) ;
#151 = CARTESIAN_POINT ( 'NONE',  ( 0.6249999999999997780, 0.6250000000000012212, -1.082531754730547746 ) ) ;
#152 = ORIENTED_EDGE ( 'NONE', *, *, #840, .F. ) ;
#153 = CARTESIAN_POINT ( 'NONE',  ( -1.062732146793064886E-15, 1.421875000614517992, -1.162125674203096537 ) ) ;
#154 = CARTESIAN_POINT ( 'NONE',  ( 0.5032151781250004952, 2.921875000614517770, 0.8715942556523216256 ) ) ;
#155 = CARTESIAN_POINT ( 'NONE',  ( 1.006430356249998104, -1.015624999385481786, -0.5810628371015496008 ) ) ;
#156 = CARTESIAN_POINT ( 'NONE',  ( -1.006430356249999880, 1.046875000614517992, -0.5810628371015476024 ) ) ;
#157 = CARTESIAN_POINT ( 'NONE',  ( -0.8346582678976648406, 3.000000000000001332, 0.7605425564216471424 ) ) ;
#158 = LINE ( 'NONE', #1544, #165 ) ;
#159 = CARTESIAN_POINT ( 'NONE',  ( 0.5032151781250004952, 2.471875000614518036, 0.8715942556523216256 ) ) ;
#160 = CARTESIAN_POINT ( 'NONE',  ( -1.249999999999998224, -0.03124999877096449122, 0.7216878364870340512 ) ) ;
#161 = CARTESIAN_POINT ( 'NONE',  ( -1.006430356249999880, 2.846875000614518481, -0.5810628371015476024 ) ) ;
#162 = LINE ( 'NONE', #920, #1403 ) ;
#163 = ORIENTED_EDGE ( 'NONE', *, *, #1519, .F. ) ;
#164 = DIRECTION ( 'NONE',  ( 6.123233995736815340E-17, 0.8660254037844363761, -0.5000000000000038858 ) ) ;
#165 = VECTOR ( 'NONE', #747, 1000.000000000000114 ) ;
#166 = AXIS2_PLACEMENT_3D ( 'NONE', #906, #1696, #1506 ) ;
#167 = ORIENTED_EDGE ( 'NONE', *, *, #181, .F. ) ;
#168 = CARTESIAN_POINT ( 'NONE',  ( -0.6250000000000017764, 2.106250001229035274, -1.082531754730546636 ) ) ;
#169 = CARTESIAN_POINT ( 'NONE',  ( 1.743066579297358255E-16, 1.562500000000000666, -1.249999999999999112 ) ) ;
#170 = CARTESIAN_POINT ( 'NONE',  ( -0.5032151781250009392, -0.9031249993854816305, -0.8715942556523212925 ) ) ;
#171 = VECTOR ( 'NONE', #508, 1000.000000000000000 ) ;
#172 = PRODUCT_DEFINITION_FORMATION_WITH_SPECIFIED_SOURCE ( 'ANY', '', #1166, .NOT_KNOWN. ) ;
#173 = CARTESIAN_POINT ( 'NONE',  ( -0.8709532272967063227, 0.09281193853614232159, 0.5828774218720891298 ) ) ;
#174 = LINE ( 'NONE', #2114, #649 ) ;
#175 = CARTESIAN_POINT ( 'NONE',  ( -1.969845607676301195E-15, 3.109375000614517770, -1.162125674203096093 ) ) ;
#176 = CARTESIAN_POINT ( 'NONE',  ( -0.6250000000000017764, 0.7562500012290355178, -1.082531754730546636 ) ) ;
#177 = CARTESIAN_POINT ( 'NONE',  ( 0.5032151781249999400, 2.134375000614518125, 0.8715942556523221807 ) ) ;
#178 = EDGE_CURVE ( 'NONE', #2200, #1454, #174, .T. ) ;
#179 = CARTESIAN_POINT ( 'NONE',  ( -0.6250000000000002220, -0.4999999999999987232, 1.082531754730547746 ) ) ;
#180 = VERTEX_POINT ( 'NONE', #762 ) ;
#181 = EDGE_CURVE ( 'NONE', #1221, #2180, #2296, .T. ) ;
#182 = CARTESIAN_POINT ( 'NONE',  ( 1.006430356249998770, 2.246875000614518392, -0.5810628371015489346 ) ) ;
#183 = ORIENTED_EDGE ( 'NONE', *, *, #1908, .T. ) ;
#184 = DIRECTION ( 'NONE',  ( 0.000000000000000000, -0.000000000000000000, 1.000000000000000000 ) ) ;
#185 = CARTESIAN_POINT ( 'NONE',  ( 0.000000000000000000, 3.149999999999999911, 0.000000000000000000 ) ) ;
#186 = CARTESIAN_POINT ( 'NONE',  ( 0.5032151781249982747, 1.721875000614518036, -0.8715942556523229579 ) ) ;
#187 = DIRECTION ( 'NONE',  ( -0.6546536707079791961, 0.6546536707079754214, -0.3779644730092265315 ) ) ;
#188 = CARTESIAN_POINT ( 'NONE',  ( 2.236935443431609674E-15, 2.743750001229035451, 1.249999999999999556 ) ) ;
#189 = DIRECTION ( 'NONE',  ( 0.000000000000000000, 0.000000000000000000, -1.000000000000000000 ) ) ;
#190 = CARTESIAN_POINT ( 'NONE',  ( -0.6249999999999978906, 0.9062500012290354290, 1.082531754730548856 ) ) ;
#191 = CARTESIAN_POINT ( 'NONE',  ( 1.006430356249998992, 2.246875000614517948, -0.5810628371015489346 ) ) ;
#192 = CARTESIAN_POINT ( 'NONE',  ( -1.006430356249999658, 2.434375000614517948, 8.587269508238526152E-16 ) ) ;
#193 = VERTEX_POINT ( 'NONE', #1529 ) ;
#194 = CARTESIAN_POINT ( 'NONE',  ( -1.250000000000000444, 2.143750001229035362, -0.7216878364870294993 ) ) ;
#195 = CARTESIAN_POINT ( 'NONE',  ( -0.5032151781250009392, 1.796875000614517992, -0.8715942556523212925 ) ) ;
#196 = CARTESIAN_POINT ( 'NONE',  ( 0.7142857142857159669, 4.114285714285712992, 0.4123930494211536235 ) ) ;
#197 = FACE_BOUND ( 'NONE', #75, .T. ) ;
#198 = FACE_OUTER_BOUND ( 'NONE', #608, .T. ) ;
#199 = ADVANCED_FACE ( 'NONE', ( #564 ), #818, .T. ) ;
#200 = CARTESIAN_POINT ( 'NONE',  ( -1.249999999999998224, 1.768750001229035362, 0.7216878364870340512 ) ) ;
#201 = CARTESIAN_POINT ( 'NONE',  ( 1.006430356249999658, 0.4093750006145182030, -9.819791222584819450E-16 ) ) ;
#202 = CARTESIAN_POINT ( 'NONE',  ( 0.6249999999999987788, 0.02500000000000125733, 1.082531754730548412 ) ) ;
#203 = CARTESIAN_POINT ( 'NONE',  ( -1.062732146793064886E-15, 2.771875000614518303, -1.162125674203096537 ) ) ;
#204 = ORIENTED_EDGE ( 'NONE', *, *, #1829, .F. ) ;
#205 = AXIS2_PLACEMENT_3D ( 'NONE', #1580, #1769, #819 ) ;
#206 = CARTESIAN_POINT ( 'NONE',  ( -1.006430356250000324, 0.4843750006145182141, -0.5810628371015467142 ) ) ;
#207 = VECTOR ( 'NONE', #2320, 999.9999999999998863 ) ;
#208 = CARTESIAN_POINT ( 'NONE',  ( 0.3349364905389053959, 0.9638461906613695618, 1.249999999999998890 ) ) ;
#209 = ADVANCED_FACE ( 'NONE', ( #1941 ), #1052, .T. ) ;
#210 = CARTESIAN_POINT ( 'NONE',  ( -1.249999999999998002, 1.768750001229035140, 0.7216878364870340512 ) ) ;
#211 = CARTESIAN_POINT ( 'NONE',  ( 0.000000000000000000, 5.349999999999999645, 2.100000000000000089 ) ) ;
#212 = CIRCLE ( 'NONE', #652, 2.100000000000000089 ) ;
#213 = CARTESIAN_POINT ( 'NONE',  ( 1.249999999999999334, 2.856250001229035274, -2.749541545756668106E-15 ) ) ;
#214 = CARTESIAN_POINT ( 'NONE',  ( -1.006430356249999658, 1.534375000614518036, 8.587269508238526152E-16 ) ) ;
#215 = CARTESIAN_POINT ( 'NONE',  ( -1.250000000000000444, 3.493750001229035451, -0.7216878364870296103 ) ) ;
#216 = CARTESIAN_POINT ( 'NONE',  ( 1.249999999999999334, -0.7999999999999986011, 0.000000000000000000 ) ) ;
#217 = ORIENTED_EDGE ( 'NONE', *, *, #332, .F. ) ;
#218 = CARTESIAN_POINT ( 'NONE',  ( -4.938688641342514686E-16, 1.787500000000000977, 1.249999999999999334 ) ) ;
#219 = CARTESIAN_POINT ( 'NONE',  ( 1.006430356249999436, 1.196875000614518125, -1.767562423498186358E-15 ) ) ;
#220 = CARTESIAN_POINT ( 'NONE',  ( 0.3349364905389027869, 1.148653811796700897, -1.249999999999998446 ) ) ;
#221 = CARTESIAN_POINT ( 'NONE',  ( -2.614599868946037210E-15, 2.518750001229035362, -1.249999999999999334 ) ) ;
#222 = FACE_BOUND ( 'NONE', #695, .T. ) ;
#223 = CARTESIAN_POINT ( 'NONE',  ( -1.249999999999999334, 2.181250001229035007, 2.596460695863248776E-15 ) ) ;
#224 = ORIENTED_EDGE ( 'NONE', *, *, #2162, .T. ) ;
#225 = CARTESIAN_POINT ( 'NONE',  ( 0.5826578956285518585, 0.02812500184355231150, -0.8206167428484558712 ) ) ;
#226 = CARTESIAN_POINT ( 'NONE',  ( -1.249999999999999334, 0.7375000000000011546, -0.7216878364870322748 ) ) ;
#227 = VERTEX_POINT ( 'NONE', #2472 ) ;
#228 = CARTESIAN_POINT ( 'NONE',  ( -0.5032151781249986078, 1.496875000614518170, 0.8715942556523228468 ) ) ;
#229 =( BOUNDED_SURFACE ( )  B_SPLINE_SURFACE ( 1, 2, ( 
 ( #2251, #155, #2509, #524, #170, #1526, #494, #2294, #2085, #539, #939, #1730, #2495, #745, #1542, #2307, #1395, #590, #13, #1569, #2125, #2153, #2346, #601, #578, #2332, #1370, #1356, #2366, #992, #2139, #796, #1169, #2161, #1600, #1190, #2521, #1938, #376, #23, #1758, #206, #1383, #1964, #1792, #400, #1591, #971, #611, #408, #982, #772, #1781, #1555, #2172, #1406, #2355, #1180, #1975, #1204, #219, #808, #2319, #389, #1953, #421, #1154, #1985, #228, #1004, #1800, #561, #1581, #759, #186, #961, #195, #1770, #1, #784, #2419, #648, #1244, #1825, #58, #2181, #1039, #672, #264, #2007, #2403, #443, #661, #874, #469, #1813, #1215, #1417, #1847, #1013, #2018, #1445, #1836, #1051, #2211, #857, #253, #1659, #1455, #71, #47, #1650, #820, #1465, #2432, #2227, #457, #1255, #478, #2032, #275, #1611, #1431, #1623, #2236, #429, #1268, #2044, #288 ),
 ( #844, #1993, #83, #2195, #1064, #2380, #35, #1231, #238, #831, #1636, #2392, #622, #636, #1027, #2066, #1669, #909, #2277, #535, #681, #1859, #2478, #1476, #1295, #895, #1699, #726, #1681, #2079, #345, #2451, #1522, #2440, #922, #741, #1280, #936, #1075, #1728, #1897, #521, #1496, #2246, #1714, #2490, #1538, #1107, #358, #2288, #2263, #2055, #2304, #94, #300, #1327, #505, #1310, #1881, #1341, #696, #316, #1090, #153, #125, #1870, #2094, #1911, #1122, #2465, #2108, #711, #547, #108, #885, #331, #491, #1509, #140, #54, #1632, #1779, #587, #1177, #1821, #182, #1379, #632, #2149, #397, #192, #979, #1960, #11, #1766, #2343, #386, #1165, #753, #203, #839, #827, #573, #967, #948, #2329, #2401, #1550, #1922, #1367, #1578, #2506, #1620, #1948, #643, #769, #2190, #2390, #2528, #1427, #438, #2121, #1225, #1565, #2002, #958, #781, #1440, #2135 ) ),
 .UNSPECIFIED., .F., .F., .T. ) 
 B_SPLINE_SURFACE_WITH_KNOTS ( ( 2, 2 ),
 ( 3, 2, 2, 2, 2, 2, 2, 2, 2, 2, 2, 2, 2, 2, 2, 2, 2, 2, 2, 2, 2, 2, 2, 2, 2, 2, 2, 2, 2, 2, 2, 2, 2, 2, 2, 2, 2, 2, 2, 2, 2, 2, 2, 2, 2, 2, 2, 2, 2, 2, 2, 2, 2, 2, 2, 2, 2, 2, 2, 2, 2, 2, 2, 2, 3 ),
 ( 0.000000000000000000, 1.000000000000000000 ),
 ( 0.000000000000000000, 0.01515151515151515194, 0.03030303030303030387, 0.04545454545454545581, 0.06060606060606060774, 0.07575757575757575968, 0.09090909090909091161, 0.1060606060606060635, 0.1212121212121212155, 0.1363636363636363535, 0.1515151515151515194, 0.1666666666666666574, 0.1818181818181818232, 0.1969696969696969613, 0.2121212121212121271, 0.2272727272727272652, 0.2424242424242424310, 0.2575757575757575690, 0.2727272727272727071, 0.2878787878787879007, 0.3030303030303030387, 0.3181818181818181768, 0.3333333333333333148, 0.3484848484848485084, 0.3636363636363636465, 0.3787878787878787845, 0.3939393939393939226, 0.4090909090909091161, 0.4242424242424242542, 0.4393939393939393923, 0.4545454545454545303, 0.4696969696969697239, 0.4848484848484848619, 0.5000000000000000000, 0.5151515151515151381, 0.5303030303030302761, 0.5454545454545454142, 0.5606060606060605522, 0.5757575757575758013, 0.5909090909090909394, 0.6060606060606060774, 0.6212121212121212155, 0.6363636363636363535, 0.6515151515151514916, 0.6666666666666666297, 0.6818181818181817677, 0.6969696969696970168, 0.7121212121212121549, 0.7272727272727272929, 0.7424242424242424310, 0.7575757575757575690, 0.7727272727272727071, 0.7878787878787878451, 0.8030303030303029832, 0.8181818181818182323, 0.8333333333333333703, 0.8484848484848485084, 0.8636363636363636465, 0.8787878787878787845, 0.8939393939393939226, 0.9090909090909090606, 0.9242424242424241987, 0.9393939393939394478, 0.9545454545454545858, 0.9696969696969697239 ),
 .UNSPECIFIED. ) 
 GEOMETRIC_REPRESENTATION_ITEM ( )  RATIONAL_B_SPLINE_SURFACE ( (
 ( 1.000000000000000000, 0.8660254037844387076, 1.000000000000000000, 0.8660254037844387076, 1.000000000000000000, 0.8660254037844387076, 1.000000000000000000, 0.8660254037844387076, 1.000000000000000000, 0.8660254037844387076, 1.000000000000000000, 0.8660254037844387076, 1.000000000000000000, 0.8660254037844387076, 1.000000000000000000, 0.8660254037844387076, 1.000000000000000000, 0.8660254037844387076, 1.000000000000000000, 0.8660254037844387076, 1.000000000000000000, 0.8660254037844387076, 1.000000000000000000, 0.8660254037844387076, 1.000000000000000000, 0.8660254037844387076, 1.000000000000000000, 0.8660254037844387076, 1.000000000000000000, 0.8660254037844387076, 1.000000000000000000, 0.8660254037844387076, 1.000000000000000000, 0.8660254037844387076, 1.000000000000000000, 0.8660254037844387076, 1.000000000000000000, 0.8660254037844387076, 1.000000000000000000, 0.8660254037844387076, 1.000000000000000000, 0.8660254037844387076, 1.000000000000000000, 0.8660254037844387076, 1.000000000000000000, 0.8660254037844387076, 1.000000000000000000, 0.8660254037844387076, 1.000000000000000000, 0.8660254037844387076, 1.000000000000000000, 0.8660254037844387076, 1.000000000000000000, 0.8660254037844387076, 1.000000000000000000, 0.8660254037844387076, 1.000000000000000000, 0.8660254037844387076, 1.000000000000000000, 0.8660254037844387076, 1.000000000000000000, 0.8660254037844387076, 1.000000000000000000, 0.8660254037844387076, 1.000000000000000000, 0.8660254037844387076, 1.000000000000000000, 0.8660254037844387076, 1.000000000000000000, 0.8660254037844387076, 1.000000000000000000, 0.8660254037844387076, 1.000000000000000000, 0.8660254037844387076, 1.000000000000000000, 0.8660254037844387076, 1.000000000000000000, 0.8660254037844387076, 1.000000000000000000, 0.8660254037844387076, 1.000000000000000000, 0.8660254037844387076, 1.000000000000000000, 0.8660254037844387076, 1.000000000000000000, 0.8660254037844387076, 1.000000000000000000, 0.8660254037844387076, 1.000000000000000000, 0.8660254037844387076, 1.000000000000000000, 0.8660254037844387076, 1.000000000000000000, 0.8660254037844387076, 1.000000000000000000, 0.8660254037844387076, 1.000000000000000000, 0.8660254037844387076, 1.000000000000000000, 0.8660254037844387076, 1.000000000000000000, 0.8660254037844387076, 1.000000000000000000, 0.8660254037844387076, 1.000000000000000000, 0.8660254037844387076, 1.000000000000000000, 0.8660254037844387076, 1.000000000000000000, 0.8660254037844387076, 1.000000000000000000, 0.8660254037844387076, 1.000000000000000000, 0.8660254037844387076, 1.000000000000000000, 0.8660254037844387076, 1.000000000000000000, 0.8660254037844387076, 1.000000000000000000, 0.8660254037844387076, 1.000000000000000000, 0.8660254037844387076, 1.000000000000000000, 0.8660254037844387076, 1.000000000000000000, 0.8660254037844387076, 1.000000000000000000, 0.8660254037844387076, 1.000000000000000000),
 ( 1.000000000000000000, 0.8660254037844387076, 1.000000000000000000, 0.8660254037844387076, 1.000000000000000000, 0.8660254037844387076, 1.000000000000000000, 0.8660254037844387076, 1.000000000000000000, 0.8660254037844387076, 1.000000000000000000, 0.8660254037844387076, 1.000000000000000000, 0.8660254037844387076, 1.000000000000000000, 0.8660254037844387076, 1.000000000000000000, 0.8660254037844387076, 1.000000000000000000, 0.8660254037844387076, 1.000000000000000000, 0.8660254037844387076, 1.000000000000000000, 0.8660254037844387076, 1.000000000000000000, 0.8660254037844387076, 1.000000000000000000, 0.8660254037844387076, 1.000000000000000000, 0.8660254037844387076, 1.000000000000000000, 0.8660254037844387076, 1.000000000000000000, 0.8660254037844387076, 1.000000000000000000, 0.8660254037844387076, 1.000000000000000000, 0.8660254037844387076, 1.000000000000000000, 0.8660254037844387076, 1.000000000000000000, 0.8660254037844387076, 1.000000000000000000, 0.8660254037844387076, 1.000000000000000000, 0.8660254037844387076, 1.000000000000000000, 0.8660254037844387076, 1.000000000000000000, 0.8660254037844387076, 1.000000000000000000, 0.8660254037844387076, 1.000000000000000000, 0.8660254037844387076, 1.000000000000000000, 0.8660254037844387076, 1.000000000000000000, 0.8660254037844387076, 1.000000000000000000, 0.8660254037844387076, 1.000000000000000000, 0.8660254037844387076, 1.000000000000000000, 0.8660254037844387076, 1.000000000000000000, 0.8660254037844387076, 1.000000000000000000, 0.8660254037844387076, 1.000000000000000000, 0.8660254037844387076, 1.000000000000000000, 0.8660254037844387076, 1.000000000000000000, 0.8660254037844387076, 1.000000000000000000, 0.8660254037844387076, 1.000000000000000000, 0.8660254037844387076, 1.000000000000000000, 0.8660254037844387076, 1.000000000000000000, 0.8660254037844387076, 1.000000000000000000, 0.8660254037844387076, 1.000000000000000000, 0.8660254037844387076, 1.000000000000000000, 0.8660254037844387076, 1.000000000000000000, 0.8660254037844387076, 1.000000000000000000, 0.8660254037844387076, 1.000000000000000000, 0.8660254037844387076, 1.000000000000000000, 0.8660254037844387076, 1.000000000000000000, 0.8660254037844387076, 1.000000000000000000, 0.8660254037844387076, 1.000000000000000000, 0.8660254037844387076, 1.000000000000000000, 0.8660254037844387076, 1.000000000000000000, 0.8660254037844387076, 1.000000000000000000, 0.8660254037844387076, 1.000000000000000000, 0.8660254037844387076, 1.000000000000000000, 0.8660254037844387076, 1.000000000000000000, 0.8660254037844387076, 1.000000000000000000, 0.8660254037844387076, 1.000000000000000000, 0.8660254037844387076, 1.000000000000000000, 0.8660254037844387076, 1.000000000000000000, 0.8660254037844387076, 1.000000000000000000, 0.8660254037844387076, 1.000000000000000000, 0.8660254037844387076, 1.000000000000000000, 0.8660254037844387076, 1.000000000000000000) ) ) 
 REPRESENTATION_ITEM ( '' )  SURFACE ( )  );
#230 = CARTESIAN_POINT ( 'NONE',  ( 2.265986553086565608E-15, 1.168750001229035052, -1.249999999999999112 ) ) ;
#231 = CARTESIAN_POINT ( 'NONE',  ( 0.2069996887181502487, 0.02812500184355234273, -1.006430356244374602 ) ) ;
#232 = CARTESIAN_POINT ( 'NONE',  ( 0.9015988659224670743, 2.999999999999998668, 0.4664119915104759095 ) ) ;
#233 = CARTESIAN_POINT ( 'NONE',  ( 0.6250000000000012212, 1.431250001229035229, 1.082531754730547080 ) ) ;
#234 = ORIENTED_EDGE ( 'NONE', *, *, #567, .F. ) ;
#235 = CARTESIAN_POINT ( 'NONE',  ( -1.006430356249999214, 2.471875000614518036, 0.5810628371015488236 ) ) ;
#236 = CARTESIAN_POINT ( 'NONE',  ( 1.249999999999999556, 2.837500000000001243, -0.7216878364870316087 ) ) ;
#237 = VERTEX_POINT ( 'NONE', #718 ) ;
#238 = CARTESIAN_POINT ( 'NONE',  ( -0.5032151781249993849, -0.6406249993854816749, 0.8715942556523227358 ) ) ;
#239 = CARTESIAN_POINT ( 'NONE',  ( -4.938688641342514686E-16, 1.337500000000001243, 1.249999999999999334 ) ) ;
#240 = CARTESIAN_POINT ( 'NONE',  ( 0.8317739809518984728, 3.000000000000002665, 0.5817252484050420280 ) ) ;
#241 = VECTOR ( 'NONE', #49, 1000.000000000000000 ) ;
#242 = CARTESIAN_POINT ( 'NONE',  ( 1.249999999999999334, 3.306250001229035451, -2.749541545756668106E-15 ) ) ;
#243 = AXIS2_PLACEMENT_3D ( 'NONE', #500, #2428, #1856 ) ;
#244 = EDGE_LOOP ( 'NONE', ( #1791, #752 ) ) ;
#245 = CARTESIAN_POINT ( 'NONE',  ( 0.5032151781250004952, 0.2218750006145182585, 0.8715942556523216256 ) ) ;
#246 = CARTESIAN_POINT ( 'NONE',  ( -1.006430356249999658, 2.884375000614518125, 8.587269508238526152E-16 ) ) ;
#247 = FACE_OUTER_BOUND ( 'NONE', #660, .T. ) ;
#248 = AXIS2_PLACEMENT_3D ( 'NONE', #447, #1849, #1653 ) ;
#249 = CARTESIAN_POINT ( 'NONE',  ( 1.249999999999999556, 1.037500000000001421, -0.7216878364870316087 ) ) ;
#250 = VECTOR ( 'NONE', #164, 999.9999999999998863 ) ;
#251 = LINE ( 'NONE', #1823, #1972 ) ;
#252 = EDGE_LOOP ( 'NONE', ( #1510, #703, #1502, #533 ) ) ;
#253 = CARTESIAN_POINT ( 'NONE',  ( 0.5032151781250004952, 2.921875000614517770, 0.8715942556523216256 ) ) ;
#254 = DIRECTION ( 'NONE',  ( 0.000000000000000000, 0.000000000000000000, 1.000000000000000000 ) ) ;
#255 = CARTESIAN_POINT ( 'NONE',  ( 1.006430356249999436, 1.196875000614518125, -1.767562423498186358E-15 ) ) ;
#256 = DIRECTION ( 'NONE',  ( -0.8660254037844384856, 0.000000000000000000, -0.5000000000000001110 ) ) ;
#257 = CARTESIAN_POINT ( 'NONE',  ( 1.249999999999999334, 1.487500000000000933, -0.7216878364870317197 ) ) ;
#258 = ORIENTED_EDGE ( 'NONE', *, *, #293, .T. ) ;
#259 = CARTESIAN_POINT ( 'NONE',  ( 1.006430356249999880, -0.6406249993854816749, 0.5810628371015469362 ) ) ;
#260 = CARTESIAN_POINT ( 'NONE',  ( 0.5032151781249999400, 2.584375000614517859, 0.8715942556523221807 ) ) ;
#261 = CARTESIAN_POINT ( 'NONE',  ( 0.3349364905389026204, 1.807596189432335354, 1.249999999999999556 ) ) ;
#262 = CARTESIAN_POINT ( 'NONE',  ( 0.000000000000000000, 0.4500000000000000111, 0.000000000000000000 ) ) ;
#263 = ORIENTED_EDGE ( 'NONE', *, *, #1086, .T. ) ;
#264 = CARTESIAN_POINT ( 'NONE',  ( -0.5032151781250009392, 2.246875000614517504, -0.8715942556523212925 ) ) ;
#265 = CARTESIAN_POINT ( 'NONE',  ( -1.006430356249998548, 1.459375000614518525, 0.5810628371015494897 ) ) ;
#266 = CARTESIAN_POINT ( 'NONE',  ( -2.614599868946037210E-15, 2.968750001229034652, -1.249999999999999334 ) ) ;
#267 = EDGE_CURVE ( 'NONE', #278, #1713, #1514, .T. ) ;
#268 = CARTESIAN_POINT ( 'NONE',  ( 0.6249999999999987788, 1.375000000000001332, 1.082531754730548412 ) ) ;
#269 = ORIENTED_EDGE ( 'NONE', *, *, #1414, .T. ) ;
#270 = CARTESIAN_POINT ( 'NONE',  ( 1.006430356249999880, 0.7093750006145181919, 0.5810628371015469362 ) ) ;
#271 = EDGE_CURVE ( 'NONE', #2037, #180, #2183, .T. ) ;
#272 = CARTESIAN_POINT ( 'NONE',  ( 1.249999999999999334, 1.900000000000001021, 0.000000000000000000 ) ) ;
#273 = CARTESIAN_POINT ( 'NONE',  ( 1.249999999999999556, 1.937500000000001110, -0.7216878364870316087 ) ) ;
#274 = ORIENTED_EDGE ( 'NONE', *, *, #1208, .T. ) ;
#275 = CARTESIAN_POINT ( 'NONE',  ( 1.006430356249999436, 3.446875000614518125, -1.767562423498186358E-15 ) ) ;
#276 = CARTESIAN_POINT ( 'NONE',  ( 1.827526258964323273E-15, 0.6343750006145181253, 1.162125674203096093 ) ) ;
#277 = CARTESIAN_POINT ( 'NONE',  ( 1.177226718884762391E-16, 5.500000000000000000, -1.327905619136140913 ) ) ;
#278 = VERTEX_POINT ( 'NONE', #1386 ) ;
#279 = CARTESIAN_POINT ( 'NONE',  ( -0.5032151781250009392, -0.9031249993854816305, -0.8715942556523212925 ) ) ;
#280 = DIRECTION ( 'NONE',  ( 0.000000000000000000, 0.000000000000000000, 1.000000000000000000 ) ) ;
#281 = CARTESIAN_POINT ( 'NONE',  ( -1.249999999999999778, 2.612500000000001599, 0.7216878364870313867 ) ) ;
#282 = PLANE ( 'NONE',  #2212 ) ;
#283 = AXIS2_PLACEMENT_3D ( 'NONE', #422, #2140, #24 ) ;
#284 = CARTESIAN_POINT ( 'NONE',  ( -0.8500000000000009770, 4.249999999999999112, -0.4907477288111799507 ) ) ;
#285 = VECTOR ( 'NONE', #1920, 1000.000000000000000 ) ;
#286 = AXIS2_PLACEMENT_3D ( 'NONE', #1755, #558, #2205 ) ;
#287 = ORIENTED_EDGE ( 'NONE', *, *, #2049, .F. ) ;
#288 = CARTESIAN_POINT ( 'NONE',  ( -0.5032151781249986078, 3.746875000614518392, 0.8715942556523228468 ) ) ;
#289 = ORIENTED_EDGE ( 'NONE', *, *, #1950, .F. ) ;
#290 = CARTESIAN_POINT ( 'NONE',  ( -1.006430356249998548, -0.7906249993854815861, 0.5810628371015493787 ) ) ;
#291 = LINE ( 'NONE', #917, #454 ) ;
#292 = CARTESIAN_POINT ( 'NONE',  ( -1.000000000000000444, 5.350000000000000533, -0.5773502691896266192 ) ) ;
#293 = EDGE_CURVE ( 'NONE', #2398, #477, #2359, .T. ) ;
#294 = PLANE ( 'NONE',  #243 ) ;
#295 = CARTESIAN_POINT ( 'NONE',  ( 1.006430356249998770, 2.246875000614518392, -0.5810628371015489346 ) ) ;
#296 = EDGE_CURVE ( 'NONE', #1443, #2037, #1967, .T. ) ;
#297 = CARTESIAN_POINT ( 'NONE',  ( -1.249999999999999334, 2.631250001229035629, 2.596460695863248776E-15 ) ) ;
#298 = CARTESIAN_POINT ( 'NONE',  ( 0.6249999999999974465, 2.031250001229035096, -1.082531754730548856 ) ) ;
#299 = ORIENTED_EDGE ( 'NONE', *, *, #1949, .T. ) ;
#300 = CARTESIAN_POINT ( 'NONE',  ( -1.006430356249999658, 1.084375000614518303, 8.587269508238526152E-16 ) ) ;
#301 = CARTESIAN_POINT ( 'NONE',  ( 1.006430356249998326, 0.3343750006145182474, -0.5810628371015497118 ) ) ;
#302 = CARTESIAN_POINT ( 'NONE',  ( 0.9849160938394881937, 0.2033948449679556791, 0.5276172065951590939 ) ) ;
#303 = CARTESIAN_POINT ( 'NONE',  ( -0.3349364905389035640, 2.667403810567666955, 1.249999999999999112 ) ) ;
#304 = EDGE_LOOP ( 'NONE', ( #1032, #921, #1974, #1458 ) ) ;
#305 = CARTESIAN_POINT ( 'NONE',  ( 1.006430356249999880, 1.159375000614517814, 0.5810628371015469362 ) ) ;
#306 = DIRECTION ( 'NONE',  ( 1.224646799147353207E-16, 0.000000000000000000, -1.000000000000000000 ) ) ;
#307 = CARTESIAN_POINT ( 'NONE',  ( -1.249999999999999778, 3.512500000000000622, 0.7216878364870313867 ) ) ;
#308 = CARTESIAN_POINT ( 'NONE',  ( 0.9999999999999993339, 4.399999999999999467, 0.5773502691896267303 ) ) ;
#309 = CARTESIAN_POINT ( 'NONE',  ( -0.06652141853782510272, 3.000000000000002220, -1.204780256235257863 ) ) ;
#310 = CARTESIAN_POINT ( 'NONE',  ( -1.240237090919974028, 0.3948870563659206967, -0.1030869884539928061 ) ) ;
#311 = CARTESIAN_POINT ( 'NONE',  ( -1.006430356249999880, 1.946875000614518125, -0.5810628371015476024 ) ) ;
#312 = CARTESIAN_POINT ( 'NONE',  ( 0.3349364905389032865, 1.092403810567667000, -1.249999999999999112 ) ) ;
#313 = CARTESIAN_POINT ( 'NONE',  ( 1.249999999999997780, 0.6437500012290355844, -0.7216878364870343843 ) ) ;
#314 = ORIENTED_EDGE ( 'NONE', *, *, #2487, .F. ) ;
#315 = EDGE_CURVE ( 'NONE', #193, #477, #689, .T. ) ;
#316 = CARTESIAN_POINT ( 'NONE',  ( 1.006430356249998770, 1.346875000614518036, -0.5810628371015489346 ) ) ;
#317 = CYLINDRICAL_SURFACE ( 'NONE', #609, 1.249999999999999334 ) ;
#318 = CARTESIAN_POINT ( 'NONE',  ( 0.9785316634419460868, 0.2594589357033489918, -0.6028691327764761354 ) ) ;
#319 = CARTESIAN_POINT ( 'NONE',  ( 1.006430356249999658, 1.721875000614518259, 0.5810628371015478244 ) ) ;
#320 = CARTESIAN_POINT ( 'NONE',  ( 0.3349364905389005664, 2.948653811796700275, -1.250000000000000000 ) ) ;
#321 = CARTESIAN_POINT ( 'NONE',  ( -1.006430356250000324, 1.834375000614518303, -0.5810628371015467142 ) ) ;
#322 = DIRECTION ( 'NONE',  ( 0.000000000000000000, 0.000000000000000000, 1.000000000000000000 ) ) ;
#323 = CARTESIAN_POINT ( 'NONE',  ( 2.909753293500117656E-15, -0.4062499987709645155, 1.443375672974063439 ) ) ;
#324 = TOROIDAL_SURFACE ( 'NONE', #2203, 2.100000000000000089, 0.1499999999999999944 ) ;
#325 = CARTESIAN_POINT ( 'NONE',  ( 1.530808498934191571E-16, 0.4500000000000000111, 1.250000000000000000 ) ) ;
#326 = CARTESIAN_POINT ( 'NONE',  ( -0.5032151781249993849, 2.509375000614517681, 0.8715942556523227358 ) ) ;
#327 = FACE_OUTER_BOUND ( 'NONE', #756, .T. ) ;
#328 = CARTESIAN_POINT ( 'NONE',  ( -4.938688641342514686E-16, 2.687500000000000888, 1.249999999999999334 ) ) ;
#329 = VERTEX_POINT ( 'NONE', #2142 ) ;
#330 = AXIS2_PLACEMENT_3D ( 'NONE', #728, #912, #1512 ) ;
#331 = CARTESIAN_POINT ( 'NONE',  ( -1.062732146793064886E-15, 1.871875000614518392, -1.162125674203096537 ) ) ;
#332 = EDGE_CURVE ( 'NONE', #1279, #278, #1397, .T. ) ;
#333 = DIRECTION ( 'NONE',  ( 0.000000000000000000, 0.000000000000000000, -1.000000000000000000 ) ) ;
#334 = CARTESIAN_POINT ( 'NONE',  ( -1.249999999999999556, 1.712500000000001243, 0.7216878364870313867 ) ) ;
#335 = PLANE ( 'NONE',  #330 ) ;
#336 = CARTESIAN_POINT ( 'NONE',  ( 0.9999999999999993339, 4.399999999999999467, 0.5773502691896267303 ) ) ;
#337 = CARTESIAN_POINT ( 'NONE',  ( -1.006430356249999658, 1.084375000614518303, 8.587269508238524180E-16 ) ) ;
#338 = CARTESIAN_POINT ( 'NONE',  ( 0.6250000000000012212, 2.331250001229034918, 1.082531754730547080 ) ) ;
#339 = CARTESIAN_POINT ( 'NONE',  ( 0.5032151781250004952, 1.121875000614518170, 0.8715942556523216256 ) ) ;
#340 = CARTESIAN_POINT ( 'NONE',  ( -1.006430356249999658, -0.2656249993854817304, 8.587269508238524180E-16 ) ) ;
#341 = CARTESIAN_POINT ( 'NONE',  ( -1.250000000000000444, -0.1062499987709644572, -0.7216878364870296103 ) ) ;
#342 = CARTESIAN_POINT ( 'NONE',  ( 1.006430356249999658, 2.659375000614518481, -9.819791222584817478E-16 ) ) ;
#343 = CARTESIAN_POINT ( 'NONE',  ( 1.249999999999999334, 2.800000000000001155, 0.000000000000000000 ) ) ;
#344 = ORIENTED_EDGE ( 'NONE', *, *, #764, .F. ) ;
#345 = CARTESIAN_POINT ( 'NONE',  ( -1.006430356249999658, 0.1843750006145182807, 8.587269508238526152E-16 ) ) ;
#346 = ORIENTED_EDGE ( 'NONE', *, *, #1348, .F. ) ;
#347 = CARTESIAN_POINT ( 'NONE',  ( -1.006430356249998548, 2.359375000614518214, 0.5810628371015494897 ) ) ;
#348 = CARTESIAN_POINT ( 'NONE',  ( 0.000000000000000000, 0.000000000000000000, 0.000000000000000000 ) ) ;
#349 = CARTESIAN_POINT ( 'NONE',  ( -1.006430356249999880, 1.496875000614518614, -0.5810628371015476024 ) ) ;
#350 = CARTESIAN_POINT ( 'NONE',  ( -0.6798019849139620430, 3.000000000000007994, 0.8757540429069513577 ) ) ;
#351 = CARTESIAN_POINT ( 'NONE',  ( 2.236935443431609674E-15, 2.293750001229035274, 1.249999999999999556 ) ) ;
#352 = CARTESIAN_POINT ( 'NONE',  ( 0.5032151781249982747, 2.171875000614518214, -0.8715942556523229579 ) ) ;
#353 = CARTESIAN_POINT ( 'NONE',  ( 0.5032151781249990519, 0.03437500061451832095, -0.8715942556523228468 ) ) ;
#354 = CARTESIAN_POINT ( 'NONE',  ( -0.6249999999999978906, 0.006250001229035498720, 1.082531754730548856 ) ) ;
#355 = CARTESIAN_POINT ( 'NONE',  ( 0.5032151781249990519, 2.284375000614518036, -0.8715942556523228468 ) ) ;
#356 = CARTESIAN_POINT ( 'NONE',  ( 0.3349364905389041747, 0.5138461906613693841, 1.249999999999999334 ) ) ;
#357 = ORIENTED_EDGE ( 'NONE', *, *, #2103, .F. ) ;
#358 = CARTESIAN_POINT ( 'NONE',  ( 1.006430356249999658, 0.8593750006145183251, -9.819791222584819450E-16 ) ) ;
#359 = ORIENTED_EDGE ( 'NONE', *, *, #1786, .T. ) ;
#360 = CARTESIAN_POINT ( 'NONE',  ( 2.236935443431609674E-15, 2.293750001229035274, 1.249999999999999556 ) ) ;
#361 = CARTESIAN_POINT ( 'NONE',  ( 1.006430356249999880, 2.059375000614518392, 0.5810628371015468252 ) ) ;
#362 = LINE ( 'NONE', #129, #45 ) ;
#363 = CARTESIAN_POINT ( 'NONE',  ( 0.000000000000000000, 3.000000000000000000, 0.000000000000000000 ) ) ;
#364 = CARTESIAN_POINT ( 'NONE',  ( -1.064418141268607121, 0.4277011184983065539, 0.6430727711790334977 ) ) ;
#365 = CARTESIAN_POINT ( 'NONE',  ( 0.6249999999999974465, 2.481250001229035274, -1.082531754730548856 ) ) ;
#366 = CARTESIAN_POINT ( 'NONE',  ( 1.006430356249999436, 2.996875000614518392, -1.767562423498186358E-15 ) ) ;
#367 = CARTESIAN_POINT ( 'NONE',  ( 2.909753293500117656E-15, -0.8562499987709644156, 1.443375672974063439 ) ) ;
#368 = CARTESIAN_POINT ( 'NONE',  ( 9.204127980810867663E-16, 0.7468750006145181697, 1.162125674203096537 ) ) ;
#369 = CARTESIAN_POINT ( 'NONE',  ( 1.249999999999999112, 0.9625000000000011324, 0.7216878364870323859 ) ) ;
#370 = ORIENTED_EDGE ( 'NONE', *, *, #1208, .F. ) ;
#371 = LINE ( 'NONE', #1134, #250 ) ;
#372 = AXIS2_PLACEMENT_3D ( 'NONE', #927, #915, #1346 ) ;
#373 = EDGE_LOOP ( 'NONE', ( #2464, #93, #1875, #57 ) ) ;
#374 = DIRECTION ( 'NONE',  ( -0.6546536707079765316, 0.6546536707079755324, 0.3779644730092310279 ) ) ;
#375 = CARTESIAN_POINT ( 'NONE',  ( 0.000000000000000000, 3.000000000000000000, 0.000000000000000000 ) ) ;
#376 = CARTESIAN_POINT ( 'NONE',  ( 0.5032151781249982747, 0.3718750006145182252, -0.8715942556523229579 ) ) ;
#377 = AXIS2_PLACEMENT_3D ( 'NONE', #985, #1785, #595 ) ;
#378 = CARTESIAN_POINT ( 'NONE',  ( -0.7264155617756441474, 0.02812500184355230110, -0.7012301754892088512 ) ) ;
#379 = CARTESIAN_POINT ( 'NONE',  ( -1.006430356249998548, 3.259375000614518125, 0.5810628371015493787 ) ) ;
#380 = CARTESIAN_POINT ( 'NONE',  ( 0.6250000000000012212, -0.3687499987709644822, 1.082531754730547080 ) ) ;
#381 = ADVANCED_FACE ( 'NONE', ( #197, #581 ), #1419, .T. ) ;
#382 = CARTESIAN_POINT ( 'NONE',  ( 1.006430356249998992, 1.796875000614518214, -0.5810628371015489346 ) ) ;
#383 = CARTESIAN_POINT ( 'NONE',  ( 0.9024998974043396682, 0.1958251087229440912, 0.6516418287864380599 ) ) ;
#384 = CARTESIAN_POINT ( 'NONE',  ( 8.838126989374219771E-17, -0.2374999999999986844, -1.443375672974063439 ) ) ;
#385 = ORIENTED_EDGE ( 'NONE', *, *, #2020, .T. ) ;
#386 = CARTESIAN_POINT ( 'NONE',  ( 1.006430356249999658, 2.659375000614518481, -9.819791222584819450E-16 ) ) ;
#387 = EDGE_LOOP ( 'NONE', ( #1654, #843, #1609, #2450 ) ) ;
#388 = DIRECTION ( 'NONE',  ( 0.000000000000000000, 0.000000000000000000, 1.000000000000000000 ) ) ;
#389 = CARTESIAN_POINT ( 'NONE',  ( -1.969845607676301195E-15, 1.309375000614518170, -1.162125674203096093 ) ) ;
#390 = DIRECTION ( 'NONE',  ( -0.6546536707079801953, 0.6546536707079725348, -0.3779644730092300287 ) ) ;
#391 = CARTESIAN_POINT ( 'NONE',  ( -0.6250000000000017764, 1.656250001229035318, -1.082531754730546636 ) ) ;
#392 = DIRECTION ( 'NONE',  ( 0.8660254037844414832, 0.000000000000000000, 0.4999999999999951705 ) ) ;
#393 = PRODUCT_DEFINITION_SHAPE ( 'NONE', 'NONE',  #486 ) ;
#394 = CARTESIAN_POINT ( 'NONE',  ( -1.250000000000000444, 2.143750001229035362, -0.7216878364870296103 ) ) ;
#395 = CARTESIAN_POINT ( 'NONE',  ( -0.5032151781250003841, 1.009375000614518347, -0.8715942556523218476 ) ) ;
#396 = CARTESIAN_POINT ( 'NONE',  ( -2.651438096812265438E-16, -0.01249999999999873088, 1.443375672974063439 ) ) ;
#397 = CARTESIAN_POINT ( 'NONE',  ( -1.006430356249999880, 2.396875000614517859, -0.5810628371015476024 ) ) ;
#398 = VERTEX_POINT ( 'NONE', #2164 ) ;
#399 = CARTESIAN_POINT ( 'NONE',  ( 0.000000000000000000, 3.000000000000000000, -1.249999999999999334 ) ) ;
#400 = CARTESIAN_POINT ( 'NONE',  ( 1.827526258964323273E-15, 0.6343750006145181253, 1.162125674203096093 ) ) ;
#401 = DIRECTION ( 'NONE',  ( 0.000000000000000000, 1.000000000000000000, 0.000000000000000000 ) ) ;
#402 = CARTESIAN_POINT ( 'NONE',  ( 1.006430356249998104, 3.484375000614518214, -0.5810628371015496008 ) ) ;
#403 = CARTESIAN_POINT ( 'NONE',  ( -1.249999999999999334, 1.731250001229035274, 2.596460695863248776E-15 ) ) ;
#404 = CARTESIAN_POINT ( 'NONE',  ( 1.006430356249999658, 1.271875000614518303, 0.5810628371015478244 ) ) ;
#405 = CARTESIAN_POINT ( 'NONE',  ( 1.249999999999999112, 0.5125000000000011768, 0.7216878364870323859 ) ) ;
#406 = ORIENTED_EDGE ( 'NONE', *, *, #315, .T. ) ;
#407 = CARTESIAN_POINT ( 'NONE',  ( -0.9999999999999978906, 4.399999999999999467, 0.5773502691896302830 ) ) ;
#408 = CARTESIAN_POINT ( 'NONE',  ( 1.006430356249998104, 0.7843750006145183695, -0.5810628371015496008 ) ) ;
#409 = EDGE_CURVE ( 'NONE', #496, #743, #930, .T. ) ;
#410 = AXIS2_PLACEMENT_3D ( 'NONE', #1644, #2415, #2514 ) ;
#411 =( BOUNDED_CURVE ( )  B_SPLINE_CURVE ( 2, ( #1679, #356, #2449, #694, #1293, #313, #709, #1507, #519 ),
 .UNSPECIFIED., .F., .T. ) 
 B_SPLINE_CURVE_WITH_KNOTS ( ( 3, 2, 2, 2, 3 ),
 ( 0.3409090909090908839, 0.3484848484848485084, 0.3636363636363636465, 0.3787878787878787845, 0.3863636363636362980 ),
 .UNSPECIFIED. ) 
 CURVE ( )  GEOMETRIC_REPRESENTATION_ITEM ( )  RATIONAL_B_SPLINE_CURVE ( ( 0.9330127018922191873, 0.9330127018922190762, 1.000000000000000000, 0.8660254037844387076, 1.000000000000000000, 0.8660254037844387076, 1.000000000000000000, 0.9330127018922198534, 0.9330127018922194093 ) ) 
 REPRESENTATION_ITEM ( '' )  );
#412 = CARTESIAN_POINT ( 'NONE',  ( -1.122630074112316523, 0.4217991745128135128, 0.5271307228249971777 ) ) ;
#413 = CARTESIAN_POINT ( 'NONE',  ( 0.4125589767091645266, 0.02812500184362811198, -0.9413911226179860758 ) ) ;
#414 = CIRCLE ( 'NONE', #2417, 0.9901923788646657121 ) ;
#415 = CARTESIAN_POINT ( 'NONE',  ( 0.6249999999999974465, 2.031250001229035096, -1.082531754730548856 ) ) ;
#416 = CARTESIAN_POINT ( 'NONE',  ( 1.006430356249998992, 1.346875000614518036, -0.5810628371015489346 ) ) ;
#417 = EDGE_CURVE ( 'NONE', #180, #1063, #423, .T. ) ;
#418 = CARTESIAN_POINT ( 'NONE',  ( 0.6249999999999997780, 0.6250000000000012212, -1.082531754730547746 ) ) ;
#419 = ORIENTED_EDGE ( 'NONE', *, *, #1588, .F. ) ;
#420 = DIRECTION ( 'NONE',  ( 0.000000000000000000, 1.000000000000000000, 0.000000000000000000 ) ) ;
#421 = CARTESIAN_POINT ( 'NONE',  ( -1.006430356250000324, 1.384375000614518125, -0.5810628371015467142 ) ) ;
#422 = CARTESIAN_POINT ( 'NONE',  ( 0.000000000000000000, 3.000000000000000000, 0.000000000000000000 ) ) ;
#423 = LINE ( 'NONE', #1206, #530 ) ;
#424 = CARTESIAN_POINT ( 'NONE',  ( -1.969845607676301195E-15, 3.559375000614518392, -1.162125674203096093 ) ) ;
#425 = CARTESIAN_POINT ( 'NONE',  ( 1.250000000000000444, 1.918750001229035274, 0.7216878364870298324 ) ) ;
#426 = VERTEX_POINT ( 'NONE', #833 ) ;
#427 = CARTESIAN_POINT ( 'NONE',  ( -1.249999999999999778, 1.262500000000001066, 0.7216878364870313867 ) ) ;
#428 = VERTEX_POINT ( 'NONE', #221 ) ;
#429 = CARTESIAN_POINT ( 'NONE',  ( -1.006430356250000324, 3.634375000614518125, -0.5810628371015467142 ) ) ;
#430 = DIRECTION ( 'NONE',  ( 0.000000000000000000, 0.000000000000000000, 1.000000000000000000 ) ) ;
#431 = CARTESIAN_POINT ( 'NONE',  ( -3.569075380924708916E-16, 4.399999999999999467, 1.154700538379252128 ) ) ;
#432 = CARTESIAN_POINT ( 'NONE',  ( 2.909753293500117656E-15, 1.393750001229035362, 1.443375672974063439 ) ) ;
#433 = VERTEX_POINT ( 'NONE', #1803 ) ;
#434 = CARTESIAN_POINT ( 'NONE',  ( -1.006430356250000324, 0.03437500061451832095, -0.5810628371015467142 ) ) ;
#435 = CARTESIAN_POINT ( 'NONE',  ( 2.265986553086565608E-15, 1.618750001229035007, -1.249999999999999112 ) ) ;
#436 = CARTESIAN_POINT ( 'NONE',  ( 0.6249999999999997780, 2.875000000000001332, -1.082531754730547746 ) ) ;
#437 = EDGE_CURVE ( 'NONE', #32, #1454, #679, .T. ) ;
#438 = CARTESIAN_POINT ( 'NONE',  ( 1.006430356249999658, 3.559375000614517948, -9.819791222584819450E-16 ) ) ;
#439 = EDGE_CURVE ( 'NONE', #1009, #1668, #1477, .T. ) ;
#440 = CARTESIAN_POINT ( 'NONE',  ( -1.249999999999999778, 1.712500000000001243, 0.7216878364870313867 ) ) ;
#441 = CARTESIAN_POINT ( 'NONE',  ( -0.6249999999999993339, 0.7000000000000011768, -1.082531754730547968 ) ) ;
#442 = ORIENTED_EDGE ( 'NONE', *, *, #1596, .T. ) ;
#443 = CARTESIAN_POINT ( 'NONE',  ( -1.006430356249998548, 2.359375000614518214, 0.5810628371015493787 ) ) ;
#444 =( GEOMETRIC_REPRESENTATION_CONTEXT ( 3 ) GLOBAL_UNCERTAINTY_ASSIGNED_CONTEXT ( ( #972 ) ) GLOBAL_UNIT_ASSIGNED_CONTEXT ( ( #1317, #1888, #685 ) ) REPRESENTATION_CONTEXT ( 'NONE', 'WORKASPACE' ) );
#445 = DIRECTION ( 'NONE',  ( -0.3535533905932737309, -0.7071067811865489050, -0.6123724356957930270 ) ) ;
#446 = CARTESIAN_POINT ( 'NONE',  ( -0.9202011031609360625, 0.1977762081862501631, -0.6286664662637694301 ) ) ;
#447 = CARTESIAN_POINT ( 'NONE',  ( -1.000000000000000444, 5.350000000000000533, -0.5773502691896265082 ) ) ;
#448 = COLOUR_RGB ( '',0.6509803921568627638, 0.6196078431372549211, 0.5882352941176470784 ) ;
#449 = AXIS2_PLACEMENT_3D ( 'NONE', #1461, #119, #903 ) ;
#450 = ORIENTED_EDGE ( 'NONE', *, *, #499, .T. ) ;
#451 = CARTESIAN_POINT ( 'NONE',  ( 0.5032151781250004952, 0.6718750006145181031, 0.8715942556523216256 ) ) ;
#452 = CARTESIAN_POINT ( 'NONE',  ( -1.006430356249999214, 2.921875000614517770, 0.5810628371015488236 ) ) ;
#453 = CARTESIAN_POINT ( 'NONE',  ( 2.236935443431609674E-15, 2.293750001229035274, 1.249999999999999556 ) ) ;
#454 = VECTOR ( 'NONE', #2256, 1000.000000000000000 ) ;
#455 = CARTESIAN_POINT ( 'NONE',  ( 0.6249999999999997780, 1.975000000000000977, -1.082531754730547746 ) ) ;
#456 = EDGE_LOOP ( 'NONE', ( #2226, #1436, #217, #2344 ) ) ;
#457 = CARTESIAN_POINT ( 'NONE',  ( -0.5032151781249986078, 3.296875000614518214, 0.8715942556523228468 ) ) ;
#458 = CARTESIAN_POINT ( 'NONE',  ( -1.006430356249998548, 0.5593750006145181697, 0.5810628371015494897 ) ) ;
#459 = CARTESIAN_POINT ( 'NONE',  ( -1.000000000000000444, 5.350000000000000533, 0.5773502691896261751 ) ) ;
#460 = CARTESIAN_POINT ( 'NONE',  ( 1.743066579297358255E-16, 1.112500000000001155, -1.249999999999999112 ) ) ;
#461 = CARTESIAN_POINT ( 'NONE',  ( 0.5032151781249982747, -0.07812499938548164713, -0.8715942556523229579 ) ) ;
#462 = LINE ( 'NONE', #1250, #1149 ) ;
#463 = CARTESIAN_POINT ( 'NONE',  ( -1.249999999999999334, 2.575000000000001066, -1.530808498934190831E-16 ) ) ;
#464 = APPLICATION_PROTOCOL_DEFINITION ( 'draft international standard', 'automotive_design', 1998, #591 ) ;
#465 = CARTESIAN_POINT ( 'NONE',  ( -1.249999999999999334, 1.225000000000001199, -1.530808498934190831E-16 ) ) ;
#466 = CARTESIAN_POINT ( 'NONE',  ( 0.2083333333460492820, 0.4500000000000000111, 1.232516621476937191 ) ) ;
#467 = EDGE_LOOP ( 'NONE', ( #1799, #82, #1311, #635 ) ) ;
#468 = B_SPLINE_CURVE_WITH_KNOTS ( 'NONE', 3,
 ( #897, #1394, #600, #771 ),
 .UNSPECIFIED., .F., .F.,
 ( 4, 4 ),
 ( 9.636918370150478827E-17, 0.0002085310064896263814 ),
 .UNSPECIFIED. ) ;
#469 = CARTESIAN_POINT ( 'NONE',  ( 0.5032151781250004952, 2.471875000614518036, 0.8715942556523216256 ) ) ;
#470 = EDGE_CURVE ( 'NONE', #426, #2517, #1296, .T. ) ;
#471 = CARTESIAN_POINT ( 'NONE',  ( 0.5032151781250004952, 0.6718750006145181031, 0.8715942556523216256 ) ) ;
#472 = CARTESIAN_POINT ( 'NONE',  ( 1.249999999999999334, 2.350000000000000977, 0.000000000000000000 ) ) ;
#473 = FACE_OUTER_BOUND ( 'NONE', #373, .T. ) ;
#474 = DIRECTION ( 'NONE',  ( 0.8660254037844347108, 0.000000000000000000, -0.5000000000000066613 ) ) ;
#475 = CARTESIAN_POINT ( 'NONE',  ( 1.006430356249999436, 0.2968750006145182696, -1.767562423498186358E-15 ) ) ;
#476 = DIRECTION ( 'NONE',  ( -0.000000000000000000, -1.000000000000000000, -0.000000000000000000 ) ) ;
#477 = VERTEX_POINT ( 'NONE', #2197 ) ;
#478 = CARTESIAN_POINT ( 'NONE',  ( 0.5032151781250004952, 3.371875000614517948, 0.8715942556523216256 ) ) ;
#479 = EDGE_CURVE ( 'NONE', #433, #621, #1175, .T. ) ;
#480 = CARTESIAN_POINT ( 'NONE',  ( 2.416392863103169362E-11, 0.4312500000021960433, 1.239174682453962228 ) ) ;
#481 = DIRECTION ( 'NONE',  ( 0.3535533905932717325, 0.7071067811865517916, -0.6123724356957908066 ) ) ;
#482 = EDGE_CURVE ( 'NONE', #1081, #1281, #2091, .T. ) ;
#483 = CARTESIAN_POINT ( 'NONE',  ( 1.249999999999999334, 1.450000000000001288, 0.000000000000000000 ) ) ;
#484 = EDGE_LOOP ( 'NONE', ( #599, #314, #1796, #2078 ) ) ;
#485 = CARTESIAN_POINT ( 'NONE',  ( 1.006430356249999436, -1.053124999385481653, -1.767562423498186358E-15 ) ) ;
#486 = PRODUCT_DEFINITION ( 'UNKNOWN', '', #172, #1801 ) ;
#487 = CARTESIAN_POINT ( 'NONE',  ( 0.6912743086136765580, 3.000000000000004885, -0.8948628639090909775 ) ) ;
#488 = CARTESIAN_POINT ( 'NONE',  ( 9.204127980810863719E-16, 2.996875000614518836, 1.162125674203096537 ) ) ;
#489 = AXIS2_PLACEMENT_3D ( 'NONE', #2128, #799, #2369 ) ;
#490 = ORIENTED_EDGE ( 'NONE', *, *, #1439, .T. ) ;
#491 = CARTESIAN_POINT ( 'NONE',  ( -0.5032151781250003841, 1.909375000614518036, -0.8715942556523218476 ) ) ;
#492 = ORIENTED_EDGE ( 'NONE', *, *, #774, .T. ) ;
#493 = CARTESIAN_POINT ( 'NONE',  ( -0.7071246242977640151, 0.1677603257430828887, -0.8390408997437818206 ) ) ;
#494 = CARTESIAN_POINT ( 'NONE',  ( -1.006430356249999436, -0.8281249993854816749, 1.644310252063557226E-15 ) ) ;
#495 = CARTESIAN_POINT ( 'NONE',  ( 0.5032151781249990519, 0.9343750006145182807, -0.8715942556523228468 ) ) ;
#496 = VERTEX_POINT ( 'NONE', #1511 ) ;
#497 = CARTESIAN_POINT ( 'NONE',  ( 1.006430356249999436, 2.096875000614517592, -1.767562423498186358E-15 ) ) ;
#498 = FACE_OUTER_BOUND ( 'NONE', #710, .T. ) ;
#499 = EDGE_CURVE ( 'NONE', #2059, #1590, #523, .T. ) ;
#500 = CARTESIAN_POINT ( 'NONE',  ( 0.9999999999999993339, 5.350000000000000533, -0.5773502691896267303 ) ) ;
#501 = CARTESIAN_POINT ( 'NONE',  ( -1.082352402967307281, 0.3718879023877132428, -0.5874973870021709121 ) ) ;
#502 = CARTESIAN_POINT ( 'NONE',  ( 1.249999999999999334, 1.000000000000001332, 0.000000000000000000 ) ) ;
#503 = CARTESIAN_POINT ( 'NONE',  ( 0.3349364905389005664, 2.048653811796701252, -1.250000000000000000 ) ) ;
#504 = VERTEX_POINT ( 'NONE', #1729 ) ;
#505 = CARTESIAN_POINT ( 'NONE',  ( -0.5032151781249993849, 1.159375000614518259, 0.8715942556523227358 ) ) ;
#506 = ORIENTED_EDGE ( 'NONE', *, *, #1010, .F. ) ;
#507 = CARTESIAN_POINT ( 'NONE',  ( 0.5032151781250004952, 2.471875000614518036, 0.8715942556523216256 ) ) ;
#508 = DIRECTION ( 'NONE',  ( -0.000000000000000000, -1.000000000000000000, -0.000000000000000000 ) ) ;
#509 = DIRECTION ( 'NONE',  ( 1.000000000000000000, 0.000000000000000000, 0.000000000000000000 ) ) ;
#510 = CARTESIAN_POINT ( 'NONE',  ( 9.204127980810863719E-16, 1.646875000614518303, 1.162125674203096537 ) ) ;
#511 = DIRECTION ( 'NONE',  ( -0.000000000000000000, -1.000000000000000000, -0.000000000000000000 ) ) ;
#512 = CARTESIAN_POINT ( 'NONE',  ( 0.000000000000000000, 0.4500000000000000111, 0.000000000000000000 ) ) ;
#513 = CARTESIAN_POINT ( 'NONE',  ( 1.006430356249998104, 1.684375000614518392, -0.5810628371015496008 ) ) ;
#514 = DIRECTION ( 'NONE',  ( 1.000000000000000000, -0.000000000000000000, 1.224646799147353207E-16 ) ) ;
#515 = CARTESIAN_POINT ( 'NONE',  ( -1.250000000000000444, -0.5562499987709644822, -0.7216878364870296103 ) ) ;
#516 = EDGE_CURVE ( 'NONE', #227, #960, #1553, .T. ) ;
#517 = CARTESIAN_POINT ( 'NONE',  ( 1.006430356249999658, 3.071875000614518125, 0.5810628371015478244 ) ) ;
#518 = FACE_OUTER_BOUND ( 'NONE', #2328, .T. ) ;
#519 = CARTESIAN_POINT ( 'NONE',  ( 2.265986553086565608E-15, 0.7187500012290350959, -1.249999999999999112 ) ) ;
#520 = ORIENTED_EDGE ( 'NONE', *, *, #1670, .T. ) ;
#521 = CARTESIAN_POINT ( 'NONE',  ( -1.006430356249999880, 0.5968750006145181475, -0.5810628371015476024 ) ) ;
#522 = CARTESIAN_POINT ( 'NONE',  ( -1.249999999999998002, 2.218750001229035540, 0.7216878364870340512 ) ) ;
#523 = LINE ( 'NONE', #1355, #2126 ) ;
#524 = CARTESIAN_POINT ( 'NONE',  ( -1.969845607676301195E-15, -0.9406249993854817193, -1.162125674203096093 ) ) ;
#525 = CARTESIAN_POINT ( 'NONE',  ( 0.000000000000000000, 3.000000000000000000, -1.249999999999999334 ) ) ;
#526 = CARTESIAN_POINT ( 'NONE',  ( 1.006430356249999880, 2.509375000614518125, 0.5810628371015469362 ) ) ;
#527 = CARTESIAN_POINT ( 'NONE',  ( 1.006430356249999658, -0.5281249993854817415, 0.5810628371015478244 ) ) ;
#528 = B_SPLINE_CURVE_WITH_KNOTS ( 'NONE', 3,
 ( #2260, #2030, #2015, #2416, #501, #310, #809, #412, #364, #1771, #787, #1783 ),
 .UNSPECIFIED., .F., .F.,
 ( 4, 2, 2, 2, 2, 4 ),
 ( 0.005786206971751904973, 0.006549599966573009698, 0.007312992961394114422, 0.008076385956215220013, 0.008458082453625771074, 0.008839778951036323870 ),
 .UNSPECIFIED. ) ;
#529 = CARTESIAN_POINT ( 'NONE',  ( -0.6250000000000017764, -0.1437499987709644489, -1.082531754730546636 ) ) ;
#530 = VECTOR ( 'NONE', #1217, 1000.000000000000114 ) ;
#531 = CARTESIAN_POINT ( 'NONE',  ( 1.006430356249998770, 2.696875000614518125, -0.5810628371015489346 ) ) ;
#532 = DIRECTION ( 'NONE',  ( -0.000000000000000000, -1.000000000000000000, -0.000000000000000000 ) ) ;
#533 = ORIENTED_EDGE ( 'NONE', *, *, #2103, .T. ) ;
#534 = AXIS2_PLACEMENT_3D ( 'NONE', #69, #670, #1025 ) ;
#535 = CARTESIAN_POINT ( 'NONE',  ( -1.006430356249998992, -0.2281249993854817248, 0.5810628371015487126 ) ) ;
#536 = ADVANCED_FACE ( 'NONE', ( #1137 ), #317, .T. ) ;
#537 = ORIENTED_EDGE ( 'NONE', *, *, #2006, .F. ) ;
#538 = CARTESIAN_POINT ( 'NONE',  ( 1.006430356249999436, 2.546875000614518658, -1.767562423498186358E-15 ) ) ;
#539 = CARTESIAN_POINT ( 'NONE',  ( 1.827526258964323273E-15, -0.7156249993854816305, 1.162125674203096093 ) ) ;
#540 = CARTESIAN_POINT ( 'NONE',  ( 1.006430356249999658, 0.8593750006145183251, -9.819791222584817478E-16 ) ) ;
#541 = DIRECTION ( 'NONE',  ( -0.4999999999999995559, 0.000000000000000000, -0.8660254037844389297 ) ) ;
#542 = CARTESIAN_POINT ( 'NONE',  ( -0.5032151781250009392, 1.796875000614517992, -0.8715942556523212925 ) ) ;
#543 = CARTESIAN_POINT ( 'NONE',  ( -1.249999999999999334, 3.475000000000000533, -1.530808498934190831E-16 ) ) ;
#544 = CARTESIAN_POINT ( 'NONE',  ( -1.249999999999999334, 0.3812500012290354068, 2.596460695863248776E-15 ) ) ;
#545 = DIRECTION ( 'NONE',  ( 0.000000000000000000, 0.000000000000000000, 1.000000000000000000 ) ) ;
#546 = ORIENTED_EDGE ( 'NONE', *, *, #2224, .T. ) ;
#547 = CARTESIAN_POINT ( 'NONE',  ( 1.006430356249999658, 1.759375000614518125, -9.819791222584819450E-16 ) ) ;
#548 = CARTESIAN_POINT ( 'NONE',  ( 1.006430356249998326, 1.684375000614518392, -0.5810628371015497118 ) ) ;
#549 = DIRECTION ( 'NONE',  ( -0.000000000000000000, -1.000000000000000000, -0.000000000000000000 ) ) ;
#550 = CARTESIAN_POINT ( 'NONE',  ( 1.006430356249998770, 0.8968750006145183029, -0.5810628371015489346 ) ) ;
#551 = CARTESIAN_POINT ( 'NONE',  ( -1.214570951644245111, 2.999999999999998668, -0.06728139338254830737 ) ) ;
#552 = PLANE ( 'NONE',  #372 ) ;
#553 = CARTESIAN_POINT ( 'NONE',  ( -1.969845607676301195E-15, 2.659375000614518481, -1.162125674203096093 ) ) ;
#554 = CARTESIAN_POINT ( 'NONE',  ( -0.6250000000000017764, 0.3062500012290353957, -1.082531754730546636 ) ) ;
#555 = CARTESIAN_POINT ( 'NONE',  ( -1.006430356249999214, 2.021875000614518303, 0.5810628371015488236 ) ) ;
#556 = CARTESIAN_POINT ( 'NONE',  ( 0.3349364905389053959, 1.863846190661369251, 1.249999999999998890 ) ) ;
#557 = EDGE_LOOP ( 'NONE', ( #1806, #1430, #2519, #1294 ) ) ;
#558 = DIRECTION ( 'NONE',  ( -0.000000000000000000, -1.000000000000000000, -0.000000000000000000 ) ) ;
#559 = EDGE_LOOP ( 'NONE', ( #1020, #1521, #739, #183, #2408 ) ) ;
#560 = CARTESIAN_POINT ( 'NONE',  ( 0.5032151781250004952, 2.021875000614518303, 0.8715942556523216256 ) ) ;
#561 = CARTESIAN_POINT ( 'NONE',  ( 1.006430356249999880, 1.609375000614518436, 0.5810628371015469362 ) ) ;
#562 = LINE ( 'NONE', #1940, #693 ) ;
#563 = EDGE_CURVE ( 'NONE', #1381, #628, #803, .T. ) ;
#564 = FACE_OUTER_BOUND ( 'NONE', #467, .T. ) ;
#565 = DIRECTION ( 'NONE',  ( 0.000000000000000000, 0.000000000000000000, -1.000000000000000000 ) ) ;
#566 = CARTESIAN_POINT ( 'NONE',  ( 0.6250000000000012212, 0.08125000122903547339, 1.082531754730547080 ) ) ;
#567 = EDGE_CURVE ( 'NONE', #1267, #433, #468, .T. ) ;
#568 = CARTESIAN_POINT ( 'NONE',  ( 9.204127980810867663E-16, 1.646875000614518303, 1.162125674203096537 ) ) ;
#569 = CARTESIAN_POINT ( 'NONE',  ( -1.452555482747798916E-16, 0.4937500012290352847, 1.249999999999999334 ) ) ;
#570 = ADVANCED_FACE ( 'NONE', ( #1937 ), #779, .T. ) ;
#571 = CARTESIAN_POINT ( 'NONE',  ( -1.006430356249998992, 3.821875000614517681, 0.5810628371015487126 ) ) ;
#572 = ORIENTED_EDGE ( 'NONE', *, *, #1527, .T. ) ;
#573 = CARTESIAN_POINT ( 'NONE',  ( -1.006430356249999658, 2.884375000614518125, 8.587269508238526152E-16 ) ) ;
#574 = AXIS2_PLACEMENT_3D ( 'NONE', #407, #1382, #610 ) ;
#575 =( BOUNDED_CURVE ( )  B_SPLINE_CURVE ( 2, ( #588, #646, #441, #56, #1228, #81, #855, #2016, #2225 ),
 .UNSPECIFIED., .F., .F. ) 
 B_SPLINE_CURVE_WITH_KNOTS ( ( 3, 2, 2, 2, 3 ),
 ( 0.2954545454545454697, 0.3030303030303030387, 0.3181818181818181768, 0.3333333333333333148, 0.3409090909090909394 ),
 .UNSPECIFIED. ) 
 CURVE ( )  GEOMETRIC_REPRESENTATION_ITEM ( )  RATIONAL_B_SPLINE_CURVE ( ( 0.9330127018922194093, 0.9330127018922194093, 1.000000000000000000, 0.8660254037844387076, 1.000000000000000000, 0.8660254037844387076, 1.000000000000000000, 0.9330127018922191873, 0.9330127018922194093 ) ) 
 REPRESENTATION_ITEM ( '' )  );
#576 = ORIENTED_EDGE ( 'NONE', *, *, #1908, .F. ) ;
#577 = PLANE ( 'NONE',  #574 ) ;
#578 = CARTESIAN_POINT ( 'NONE',  ( 1.006430356249999436, -0.1531249993854816305, -1.767562423498186358E-15 ) ) ;
#579 = CIRCLE ( 'NONE', #1929, 2.100000000000000089 ) ;
#580 = CARTESIAN_POINT ( 'NONE',  ( 0.9999999999999993339, 4.399999999999999467, 0.5773502691896267303 ) ) ;
#581 = FACE_OUTER_BOUND ( 'NONE', #1635, .T. ) ;
#582 = CARTESIAN_POINT ( 'NONE',  ( 1.006430356249999436, 3.446875000614518125, -1.767562423498186358E-15 ) ) ;
#583 = CARTESIAN_POINT ( 'NONE',  ( -0.6250000000000017764, 1.656250001229035318, -1.082531754730546636 ) ) ;
#584 = CARTESIAN_POINT ( 'NONE',  ( 0.5441331347455693468, 0.03132576156137863860, -0.8479702623827469754 ) ) ;
#585 = EDGE_CURVE ( 'NONE', #477, #193, #2530, .T. ) ;
#586 = CARTESIAN_POINT ( 'NONE',  ( -1.249999999999999334, -0.1249999999999986955, -1.530808498934190831E-16 ) ) ;
#587 = CARTESIAN_POINT ( 'NONE',  ( 0.5032151781249999400, 2.134375000614518125, 0.8715942556523221807 ) ) ;
#588 = CARTESIAN_POINT ( 'NONE',  ( 1.743066579297358255E-16, 0.6625000000000011990, -1.249999999999999112 ) ) ;
#589 = ORIENTED_EDGE ( 'NONE', *, *, #1439, .F. ) ;
#590 = CARTESIAN_POINT ( 'NONE',  ( -1.006430356250000324, -0.4156249993854816971, -0.5810628371015467142 ) ) ;
#591 = APPLICATION_CONTEXT ( 'automotive_design' ) ;
#592 = CARTESIAN_POINT ( 'NONE',  ( 2.265986553086565608E-15, 1.168750001229035052, -1.249999999999999112 ) ) ;
#593 = CARTESIAN_POINT ( 'NONE',  ( 1.150000000000000133, 5.500000000000000000, -0.6639528095680710118 ) ) ;
#594 = CARTESIAN_POINT ( 'NONE',  ( 2.265986553086565608E-15, 0.7187500012290350959, -1.249999999999999112 ) ) ;
#595 = DIRECTION ( 'NONE',  ( 0.000000000000000000, 0.000000000000000000, 1.000000000000000000 ) ) ;
#596 = CARTESIAN_POINT ( 'NONE',  ( 0.6250000000000012212, 1.881250001229035185, 1.082531754730547080 ) ) ;
#597 = CARTESIAN_POINT ( 'NONE',  ( 9.204127980810867663E-16, 1.196875000614517903, 1.162125674203096537 ) ) ;
#598 = CARTESIAN_POINT ( 'NONE',  ( -1.249999999999999778, 0.3625000000000013212, 0.7216878364870313867 ) ) ;
#599 = ORIENTED_EDGE ( 'NONE', *, *, #1883, .T. ) ;
#600 = CARTESIAN_POINT ( 'NONE',  ( 0.06913153065289276422, 0.4375261911686604832, 1.242798243112057666 ) ) ;
#601 = CARTESIAN_POINT ( 'NONE',  ( 1.006430356249999880, -0.1906249993854817470, 0.5810628371015469362 ) ) ;
#602 = CARTESIAN_POINT ( 'NONE',  ( 0.4165268634652691815, 0.04972897084507060805, -0.9538711787011363574 ) ) ;
#603 = CARTESIAN_POINT ( 'NONE',  ( -0.3349364905389008995, 1.823653811796701163, 1.250000000000000000 ) ) ;
#604 = LINE ( 'NONE', #2524, #126 ) ;
#605 = CARTESIAN_POINT ( 'NONE',  ( 0.6249999999999974465, 2.481250001229035274, -1.082531754730548856 ) ) ;
#606 = CARTESIAN_POINT ( 'NONE',  ( 0.5032151781249990519, 1.384375000614518125, -0.8715942556523228468 ) ) ;
#607 = CARTESIAN_POINT ( 'NONE',  ( 0.6249999999999987788, 0.4750000000000012546, 1.082531754730548412 ) ) ;
#608 = EDGE_LOOP ( 'NONE', ( #1991, #2314 ) ) ;
#609 = AXIS2_PLACEMENT_3D ( 'NONE', #375, #2454, #1091 ) ;
#610 = DIRECTION ( 'NONE',  ( 0.000000000000000000, -0.6546536707079769757, -0.7559289460184546172 ) ) ;
#611 = CARTESIAN_POINT ( 'NONE',  ( 1.006430356249999436, 0.7468750006145183917, -1.767562423498186358E-15 ) ) ;
#612 = AXIS2_PLACEMENT_3D ( 'NONE', #2196, #445, #1028 ) ;
#613 = EDGE_CURVE ( 'NONE', #433, #2180, #1214, .T. ) ;
#614 = CARTESIAN_POINT ( 'NONE',  ( 0.6249999999999974465, 1.131250001229035407, -1.082531754730548856 ) ) ;
#615 = DIRECTION ( 'NONE',  ( 0.000000000000000000, 1.000000000000000000, 0.000000000000000000 ) ) ;
#616 = CARTESIAN_POINT ( 'NONE',  ( -0.5032151781249986078, 3.296875000614518214, 0.8715942556523228468 ) ) ;
#617 = VECTOR ( 'NONE', #1451, 1000.000000000000000 ) ;
#618 = CARTESIAN_POINT ( 'NONE',  ( -1.249999999999999334, 1.281250001229035318, 2.596460695863248776E-15 ) ) ;
#619 = ORIENTED_EDGE ( 'NONE', *, *, #271, .T. ) ;
#620 = CARTESIAN_POINT ( 'NONE',  ( 1.530808498934190831E-16, 3.000000000000000000, 1.249999999999999334 ) ) ;
#621 = VERTEX_POINT ( 'NONE', #783 ) ;
#622 = CARTESIAN_POINT ( 'NONE',  ( 1.006430356249999658, -0.4906249993854816527, -9.819791222584819450E-16 ) ) ;
#623 = CARTESIAN_POINT ( 'NONE',  ( 1.150000000000000133, 5.500000000000000000, 0.5773502691896267303 ) ) ;
#624 = ADVANCED_FACE ( 'NONE', ( #2331 ), #577, .F. ) ;
#625 = CARTESIAN_POINT ( 'NONE',  ( -0.6249999999999978906, 1.806250001229035229, 1.082531754730548856 ) ) ;
#626 = DIRECTION ( 'NONE',  ( 0.000000000000000000, 0.000000000000000000, -1.000000000000000000 ) ) ;
#627 = CARTESIAN_POINT ( 'NONE',  ( -1.249999999999998224, 3.118750001229035007, 0.7216878364870340512 ) ) ;
#628 = VERTEX_POINT ( 'NONE', #218 ) ;
#629 = CARTESIAN_POINT ( 'NONE',  ( -0.5032151781249986078, -0.7531249993854817193, 0.8715942556523228468 ) ) ;
#630 = CARTESIAN_POINT ( 'NONE',  ( 1.249999999999999334, 1.506250001229035407, -2.749541545756668106E-15 ) ) ;
#631 = CARTESIAN_POINT ( 'NONE',  ( 1.249999999999999556, 3.287500000000001421, -0.7216878364870316087 ) ) ;
#632 = CARTESIAN_POINT ( 'NONE',  ( -1.062732146793064886E-15, 2.321875000614518125, -1.162125674203096537 ) ) ;
#633 = CARTESIAN_POINT ( 'NONE',  ( 1.249999999999999556, 1.487500000000000933, -0.7216878364870316087 ) ) ;
#634 = DIRECTION ( 'NONE',  ( 0.8660254037844385966, 0.000000000000000000, 0.5000000000000001110 ) ) ;
#635 = ORIENTED_EDGE ( 'NONE', *, *, #1786, .F. ) ;
#636 = CARTESIAN_POINT ( 'NONE',  ( 1.006430356249998770, -0.4531249993854816749, -0.5810628371015489346 ) ) ;
#637 = CARTESIAN_POINT ( 'NONE',  ( -1.140708133015880144, 0.2823032828417190165, 0.2261588030756445378 ) ) ;
#638 = CARTESIAN_POINT ( 'NONE',  ( -4.938688641342514686E-16, 1.337500000000001243, 1.249999999999999334 ) ) ;
#639 = EDGE_CURVE ( 'NONE', #426, #2439, #2152, .T. ) ;
#640 = ORIENTED_EDGE ( 'NONE', *, *, #1725, .T. ) ;
#641 = CARTESIAN_POINT ( 'NONE',  ( 1.827526258964323273E-15, 0.6343750006145181253, 1.162125674203096093 ) ) ;
#642 = CARTESIAN_POINT ( 'NONE',  ( -1.062732146793064886E-15, 2.321875000614518125, -1.162125674203096537 ) ) ;
#643 = CARTESIAN_POINT ( 'NONE',  ( -1.006430356249999658, 3.334375000614517859, 8.587269508238526152E-16 ) ) ;
#644 = ADVANCED_FACE ( 'NONE', ( #2138 ), #902, .T. ) ;
#645 = EDGE_CURVE ( 'NONE', #1617, #2210, #1230, .T. ) ;
#646 = CARTESIAN_POINT ( 'NONE',  ( -0.3349364905389030089, 0.6825961894323354651, -1.249999999999999334 ) ) ;
#647 = ORIENTED_EDGE ( 'NONE', *, *, #2185, .T. ) ;
#648 = CARTESIAN_POINT ( 'NONE',  ( 1.827526258964323273E-15, 1.984375000614517992, 1.162125674203096093 ) ) ;
#649 = VECTOR ( 'NONE', #1721, 1000.000000000000000 ) ;
#650 = CARTESIAN_POINT ( 'NONE',  ( -1.006430356249999436, 0.5218750006145181919, 1.644310252063557226E-15 ) ) ;
#651 = FACE_OUTER_BOUND ( 'NONE', #127, .T. ) ;
#652 = AXIS2_PLACEMENT_3D ( 'NONE', #88, #116, #2073 ) ;
#653 =( BOUNDED_CURVE ( )  B_SPLINE_CURVE ( 2, ( #466, #1442, #1740, #2286, #1712, #1105, #151, #1088, #1494 ),
 .UNSPECIFIED., .F., .T. ) 
 B_SPLINE_CURVE_WITH_KNOTS ( ( 3, 2, 2, 2, 3 ),
 ( 0.2523726857064742535, 0.2575757575757575690, 0.2727272727272727071, 0.2878787878787879007, 0.2954545454545454697 ),
 .UNSPECIFIED. ) 
 CURVE ( )  GEOMETRIC_REPRESENTATION_ITEM ( )  RATIONAL_B_SPLINE_CURVE ( ( 0.9395835397633069963, 0.9539927561173265902, 1.000000000000000000, 0.8660254037844387076, 1.000000000000000000, 0.8660254037844387076, 1.000000000000000000, 0.9330127018922194093, 0.9330127018922194093 ) ) 
 REPRESENTATION_ITEM ( '' )  );
#654 = ORIENTED_EDGE ( 'NONE', *, *, #479, .F. ) ;
#655 = CARTESIAN_POINT ( 'NONE',  ( -0.5032151781249986078, 0.1468750006145183029, 0.8715942556523228468 ) ) ;
#656 = CARTESIAN_POINT ( 'NONE',  ( 0.6250000000000012212, 1.431250001229035229, 1.082531754730547080 ) ) ;
#657 = DIRECTION ( 'NONE',  ( 0.000000000000000000, 0.000000000000000000, 1.000000000000000000 ) ) ;
#658 = EDGE_CURVE ( 'NONE', #2042, #1713, #1168, .T. ) ;
#659 = CARTESIAN_POINT ( 'NONE',  ( 1.371722213125453672E-16, 0.000000000000000000, -0.9901923788646657121 ) ) ;
#660 = EDGE_LOOP ( 'NONE', ( #2010, #1880, #1167, #1229 ) ) ;
#661 = CARTESIAN_POINT ( 'NONE',  ( -0.5032151781249986078, 2.396875000614517859, 0.8715942556523228468 ) ) ;
#662 = CARTESIAN_POINT ( 'NONE',  ( 1.006430356249999880, 1.609375000614518436, 0.5810628371015468252 ) ) ;
#663 = FACE_OUTER_BOUND ( 'NONE', #1012, .T. ) ;
#664 = ORIENTED_EDGE ( 'NONE', *, *, #794, .T. ) ;
#665 = CARTESIAN_POINT ( 'NONE',  ( 0.5032151781249982747, -0.9781249993854815861, -0.8715942556523229579 ) ) ;
#666 = CARTESIAN_POINT ( 'NONE',  ( 0.000000000000000000, 0.000000000000000000, 0.000000000000000000 ) ) ;
#667 = CARTESIAN_POINT ( 'NONE',  ( 0.2074057592658820337, 3.000000000000001332, -1.169191149345145453 ) ) ;
#668 = CARTESIAN_POINT ( 'NONE',  ( 0.6249999999999997780, 1.975000000000000977, -1.082531754730547746 ) ) ;
#669 = ADVANCED_FACE ( 'NONE', ( #1962 ), #1453, .T. ) ;
#670 = DIRECTION ( 'NONE',  ( -0.000000000000000000, -1.000000000000000000, -0.000000000000000000 ) ) ;
#671 = ORIENTED_EDGE ( 'NONE', *, *, #2397, .F. ) ;
#672 = CARTESIAN_POINT ( 'NONE',  ( -1.969845607676301195E-15, 2.209375000614518303, -1.162125674203096093 ) ) ;
#673 = CARTESIAN_POINT ( 'NONE',  ( -0.5032151781249986078, 0.5968750006145181475, 0.8715942556523228468 ) ) ;
#674 = CARTESIAN_POINT ( 'NONE',  ( 0.3349364905389032865, 2.442403810567667310, -1.249999999999999112 ) ) ;
#675 = EDGE_LOOP ( 'NONE', ( #167, #506, #836 ) ) ;
#676 = CARTESIAN_POINT ( 'NONE',  ( 0.5032151781249990519, -0.4156249993854816416, -0.8715942556523228468 ) ) ;
#677 = CARTESIAN_POINT ( 'NONE',  ( -0.3349364905389035640, 2.217403810567666778, 1.249999999999999112 ) ) ;
#678 = CARTESIAN_POINT ( 'NONE',  ( 1.005296160080527024, 3.000000000000000000, -0.04776706510607209299 ) ) ;
#679 =( BOUNDED_CURVE ( )  B_SPLINE_CURVE ( 2, ( #994, #1986, #25, #810, #2349, #1614, #1373, #1995, #239 ),
 .UNSPECIFIED., .F., .T. ) 
 B_SPLINE_CURVE_WITH_KNOTS ( ( 3, 2, 2, 2, 3 ),
 ( 0.3863636363636363535, 0.3939393939393939226, 0.4090909090909091161, 0.4242424242424242542, 0.4318181818181818232 ),
 .UNSPECIFIED. ) 
 CURVE ( )  GEOMETRIC_REPRESENTATION_ITEM ( )  RATIONAL_B_SPLINE_CURVE ( ( 0.9330127018922194093, 0.9330127018922194093, 1.000000000000000000, 0.8660254037844387076, 1.000000000000000000, 0.8660254037844387076, 1.000000000000000000, 0.9330127018922194093, 0.9330127018922194093 ) ) 
 REPRESENTATION_ITEM ( '' )  );
#680 = ORIENTED_EDGE ( 'NONE', *, *, #105, .F. ) ;
#681 = CARTESIAN_POINT ( 'NONE',  ( -0.5032151781249993849, -0.1906249993854817193, 0.8715942556523227358 ) ) ;
#682 = CARTESIAN_POINT ( 'NONE',  ( 1.006430356249999436, 0.7468750006145183917, -1.767562423498186358E-15 ) ) ;
#683 = CARTESIAN_POINT ( 'NONE',  ( -0.5032151781250003841, 0.5593750006145181697, -0.8715942556523218476 ) ) ;
#684 = ADVANCED_FACE ( 'NONE', ( #473 ), #2023, .F. ) ;
#685 =( NAMED_UNIT ( * ) SI_UNIT ( $, .STERADIAN. ) SOLID_ANGLE_UNIT ( ) );
#686 = ORIENTED_EDGE ( 'NONE', *, *, #332, .T. ) ;
#687 = CARTESIAN_POINT ( 'NONE',  ( -1.006430356250000324, 3.184375000614518392, -0.5810628371015467142 ) ) ;
#688 = DIRECTION ( 'NONE',  ( 0.000000000000000000, 0.000000000000000000, -1.000000000000000000 ) ) ;
#689 = CIRCLE ( 'NONE', #1682, 2.250000000000000000 ) ;
#690 = LINE ( 'NONE', #2500, #1737 ) ;
#691 = VECTOR ( 'NONE', #2156, 1000.000000000000000 ) ;
#692 = PLANE ( 'NONE',  #612 ) ;
#693 = VECTOR ( 'NONE', #187, 1000.000000000000114 ) ;
#694 = CARTESIAN_POINT ( 'NONE',  ( 1.250000000000000444, 0.5687500012290352958, 0.7216878364870297213 ) ) ;
#695 = EDGE_LOOP ( 'NONE', ( #2136, #1106, #2254, #263 ) ) ;
#696 = CARTESIAN_POINT ( 'NONE',  ( 1.006430356249999658, 1.309375000614518170, -9.819791222584819450E-16 ) ) ;
#697 = ORIENTED_EDGE ( 'NONE', *, *, #1627, .T. ) ;
#698 = CARTESIAN_POINT ( 'NONE',  ( -0.5032151781250009392, 2.696875000614518569, -0.8715942556523212925 ) ) ;
#699 = CARTESIAN_POINT ( 'NONE',  ( -2.472627096062267762E-12, 0.3140625009218949160, -1.171516448314290582 ) ) ;
#700 = EDGE_CURVE ( 'NONE', #1454, #1381, #1337, .T. ) ;
#701 = CARTESIAN_POINT ( 'NONE',  ( 0.000000000000000000, 3.000000000000000000, 0.000000000000000000 ) ) ;
#702 = ADVANCED_FACE ( 'NONE', ( #2199 ), #324, .T. ) ;
#703 = ORIENTED_EDGE ( 'NONE', *, *, #2148, .F. ) ;
#704 = CARTESIAN_POINT ( 'NONE',  ( -0.5032151781249986078, 1.046875000614518214, 0.8715942556523228468 ) ) ;
#705 = LINE ( 'NONE', #1067, #1322 ) ;
#706 = CARTESIAN_POINT ( 'NONE',  ( 1.249999999999999334, 3.700000000000001066, 0.000000000000000000 ) ) ;
#707 = CARTESIAN_POINT ( 'NONE',  ( 1.249999999999999112, 1.862500000000001377, 0.7216878364870324969 ) ) ;
#708 = CARTESIAN_POINT ( 'NONE',  ( 0.000000000000000000, 3.000000000000000000, 0.000000000000000000 ) ) ;
#709 = CARTESIAN_POINT ( 'NONE',  ( 0.6249999999999974465, 0.6812500012290355622, -1.082531754730548856 ) ) ;
#710 = EDGE_LOOP ( 'NONE', ( #1898, #2269, #782, #1243 ) ) ;
#711 = CARTESIAN_POINT ( 'NONE',  ( 1.006430356249999658, 1.721875000614518259, 0.5810628371015478244 ) ) ;
#712 = MANIFOLD_SOLID_BREP ( 'Cut-Extrude2', #2166 ) ;
#713 = ORIENTED_EDGE ( 'NONE', *, *, #1014, .F. ) ;
#714 = CARTESIAN_POINT ( 'NONE',  ( 1.743066579297358255E-16, 2.912500000000000533, -1.249999999999999112 ) ) ;
#715 = CARTESIAN_POINT ( 'NONE',  ( 1.006430356249999880, 2.509375000614518125, 0.5810628371015468252 ) ) ;
#716 = CARTESIAN_POINT ( 'NONE',  ( 0.000000000000000000, 3.000000000000000000, -1.249999999999999334 ) ) ;
#717 = FACE_OUTER_BOUND ( 'NONE', #1767, .T. ) ;
#718 = CARTESIAN_POINT ( 'NONE',  ( -2.614599868946037210E-15, 2.068750001229034741, -1.249999999999999334 ) ) ;
#719 = CARTESIAN_POINT ( 'NONE',  ( -1.006430356249999436, 0.9718750006145182585, 1.644310252063557226E-15 ) ) ;
#720 = CARTESIAN_POINT ( 'NONE',  ( -0.5032151781249993849, -0.6406249993854816749, 0.8715942556523227358 ) ) ;
#721 = FACE_OUTER_BOUND ( 'NONE', #1076, .T. ) ;
#722 = CARTESIAN_POINT ( 'NONE',  ( -1.006430356249999658, 1.984375000614517992, 8.587269508238524180E-16 ) ) ;
#723 = ADVANCED_FACE ( 'NONE', ( #717 ), #1031, .T. ) ;
#724 = LINE ( 'NONE', #1520, #2004 ) ;
#725 = ORIENTED_EDGE ( 'NONE', *, *, #2049, .T. ) ;
#726 = CARTESIAN_POINT ( 'NONE',  ( -1.062732146793064886E-15, 0.07187500061451830569, -1.162125674203096537 ) ) ;
#727 = CARTESIAN_POINT ( 'NONE',  ( -1.969845607676301195E-15, 2.659375000614518481, -1.162125674203096093 ) ) ;
#728 = CARTESIAN_POINT ( 'NONE',  ( 2.162577587529268681E-16, 5.350000000000000533, -1.154700538379252128 ) ) ;
#729 = CARTESIAN_POINT ( 'NONE',  ( -3.569075380924708916E-16, 4.399999999999999467, 1.154700538379252128 ) ) ;
#730 = FACE_OUTER_BOUND ( 'NONE', #1309, .T. ) ;
#731 = CARTESIAN_POINT ( 'NONE',  ( 0.5032151781249982747, 2.621875000614517948, -0.8715942556523229579 ) ) ;
#732 = CARTESIAN_POINT ( 'NONE',  ( 1.006430356249998770, -0.003124999385481670722, -0.5810628371015489346 ) ) ;
#733 = CARTESIAN_POINT ( 'NONE',  ( -0.6249999999999993339, 3.400000000000001243, -1.082531754730547968 ) ) ;
#734 = CARTESIAN_POINT ( 'NONE',  ( 1.249999999999998002, 0.6437500012290354734, -0.7216878364870344953 ) ) ;
#735 = PRESENTATION_LAYER_ASSIGNMENT (  '', '', ( #1186 ) ) ;
#736 = CARTESIAN_POINT ( 'NONE',  ( -0.5032151781250003841, 1.909375000614518036, -0.8715942556523218476 ) ) ;
#737 = EDGE_CURVE ( 'NONE', #1852, #1237, #1751, .T. ) ;
#738 = CARTESIAN_POINT ( 'NONE',  ( -2.614599868946037210E-15, 2.068750001229034741, -1.249999999999999334 ) ) ;
#739 = ORIENTED_EDGE ( 'NONE', *, *, #1949, .F. ) ;
#740 = VECTOR ( 'NONE', #934, 999.9999999999998863 ) ;
#741 = CARTESIAN_POINT ( 'NONE',  ( 1.006430356249999658, 0.3718750006145181697, 0.5810628371015478244 ) ) ;
#742 = VECTOR ( 'NONE', #2413, 1000.000000000000000 ) ;
#743 = VERTEX_POINT ( 'NONE', #1528 ) ;
#744 = CARTESIAN_POINT ( 'NONE',  ( -1.006430356249998548, 1.909375000614518259, 0.5810628371015494897 ) ) ;
#745 = CARTESIAN_POINT ( 'NONE',  ( 1.006430356249998104, -0.5656249993854816083, -0.5810628371015496008 ) ) ;
#746 = FACE_OUTER_BOUND ( 'NONE', #559, .T. ) ;
#747 = DIRECTION ( 'NONE',  ( 4.951573353016859991E-15, 0.6546536707079755324, 0.7559289460184558385 ) ) ;
#748 = CARTESIAN_POINT ( 'NONE',  ( -1.006430356250000324, 2.734375000614517770, -0.5810628371015467142 ) ) ;
#749 = CARTESIAN_POINT ( 'NONE',  ( -1.249999999999999334, -0.06874999877096447942, 2.596460695863248776E-15 ) ) ;
#750 = CARTESIAN_POINT ( 'NONE',  ( -1.006430356249999880, 1.946875000614518347, -0.5810628371015474913 ) ) ;
#751 = CARTESIAN_POINT ( 'NONE',  ( 1.249999999999997780, 1.993750001229035451, -0.7216878364870343843 ) ) ;
#752 = ORIENTED_EDGE ( 'NONE', *, *, #1588, .T. ) ;
#753 = CARTESIAN_POINT ( 'NONE',  ( 0.5032151781249990519, 2.734375000614518214, -0.8715942556523228468 ) ) ;
#754 = EDGE_CURVE ( 'NONE', #1108, #923, #2337, .T. ) ;
#755 = ADVANCED_FACE ( 'NONE', ( #746 ), #1345, .T. ) ;
#756 = EDGE_LOOP ( 'NONE', ( #1074, #357, #981, #2330 ) ) ;
#757 = CYLINDRICAL_SURFACE ( 'NONE', #1060, 2.250000000000000000 ) ;
#758 = CARTESIAN_POINT ( 'NONE',  ( -0.3349364905389035640, 1.767403810567666822, 1.249999999999999112 ) ) ;
#759 = CARTESIAN_POINT ( 'NONE',  ( 1.006430356249998104, 1.684375000614518392, -0.5810628371015496008 ) ) ;
#760 = ADVANCED_FACE ( 'NONE', ( #2253 ), #1080, .T. ) ;
#761 = CARTESIAN_POINT ( 'NONE',  ( -0.1884909626016439410, 0.1354008689947090449, 1.055838845302812468 ) ) ;
#762 = CARTESIAN_POINT ( 'NONE',  ( 6.857310708582920113E-16, 4.249999999999999112, -0.9814954576223637872 ) ) ;
#763 = DIRECTION ( 'NONE',  ( -1.000000000000000000, 0.000000000000000000, 0.000000000000000000 ) ) ;
#764 = EDGE_CURVE ( 'NONE', #621, #496, #14, .T. ) ;
#765 = CARTESIAN_POINT ( 'NONE',  ( 1.250000000000000444, -0.7812499987709644600, 0.7216878364870298324 ) ) ;
#766 = CARTESIAN_POINT ( 'NONE',  ( 0.5032151781249999400, 1.234375000614518214, 0.8715942556523221807 ) ) ;
#767 = CARTESIAN_POINT ( 'NONE',  ( 1.006430356249999658, 3.521875000614517859, 0.5810628371015478244 ) ) ;
#768 = ORIENTED_EDGE ( 'NONE', *, *, #1421, .F. ) ;
#769 = CARTESIAN_POINT ( 'NONE',  ( -1.006430356249998992, 3.371875000614517948, 0.5810628371015487126 ) ) ;
#770 = ORIENTED_EDGE ( 'NONE', *, *, #470, .T. ) ;
#771 = CARTESIAN_POINT ( 'NONE',  ( 2.416392863103169362E-11, 0.4312500000021960433, 1.239174682453962228 ) ) ;
#772 = CARTESIAN_POINT ( 'NONE',  ( -1.969845607676301195E-15, 0.8593750006145183251, -1.162125674203096093 ) ) ;
#773 = CARTESIAN_POINT ( 'NONE',  ( -0.6249999999999978906, 1.356250001229035274, 1.082531754730548856 ) ) ;
#774 = EDGE_CURVE ( 'NONE', #227, #2065, #1501, .T. ) ;
#775 = CARTESIAN_POINT ( 'NONE',  ( -0.5375874847082612318, 0.02812500184331034186, -0.8546257061284816547 ) ) ;
#776 = CARTESIAN_POINT ( 'NONE',  ( -0.5032151781250009392, 3.596875000614518036, -0.8715942556523212925 ) ) ;
#777 = CARTESIAN_POINT ( 'NONE',  ( 1.249999999999998002, 2.893750001229035806, -0.7216878364870344953 ) ) ;
#778 = CARTESIAN_POINT ( 'NONE',  ( -1.006430356249999214, 0.2218750006145182585, 0.5810628371015488236 ) ) ;
#779 = TOROIDAL_SURFACE ( 'NONE', #205, 2.100000000000000089, 0.1499999999999999944 ) ;
#780 = CARTESIAN_POINT ( 'NONE',  ( -0.6249999999999993339, -0.1999999999999986788, -1.082531754730547968 ) ) ;
#781 = CARTESIAN_POINT ( 'NONE',  ( -1.006430356249999658, 3.784375000614517592, 8.587269508238526152E-16 ) ) ;
#782 = ORIENTED_EDGE ( 'NONE', *, *, #2364, .F. ) ;
#783 = CARTESIAN_POINT ( 'NONE',  ( 4.386717557898351547E-15, 0.09375000000000094369, -1.044318966601194276 ) ) ;
#784 = CARTESIAN_POINT ( 'NONE',  ( -1.006430356249998548, 1.909375000614518259, 0.5810628371015493787 ) ) ;
#785 = AXIS2_PLACEMENT_3D ( 'NONE', #262, #828, #1062 ) ;
#786 = CARTESIAN_POINT ( 'NONE',  ( 0.7142857142857107489, 5.064285714285715834, -0.4123930494211608955 ) ) ;
#787 = CARTESIAN_POINT ( 'NONE',  ( -0.8266562145851793497, 0.4447449576349029043, 0.9423725108785779847 ) ) ;
#788 = CARTESIAN_POINT ( 'NONE',  ( 0.000000000000000000, 3.000000000000000000, 0.000000000000000000 ) ) ;
#789 = EDGE_CURVE ( 'NONE', #2517, #114, #2257, .T. ) ;
#790 = CARTESIAN_POINT ( 'NONE',  ( 1.249999999999998002, 2.443750001229035629, -0.7216878364870344953 ) ) ;
#791 = CARTESIAN_POINT ( 'NONE',  ( 1.006430356249998992, 0.4468750006145182363, -0.5810628371015489346 ) ) ;
#792 = CARTESIAN_POINT ( 'NONE',  ( -1.006430356249999880, 3.746875000614517948, -0.5810628371015476024 ) ) ;
#793 = CARTESIAN_POINT ( 'NONE',  ( -0.6250000000000002220, 2.200000000000001066, 1.082531754730547746 ) ) ;
#794 = EDGE_CURVE ( 'NONE', #621, #1989, #1782, .T. ) ;
#795 = ORIENTED_EDGE ( 'NONE', *, *, #409, .T. ) ;
#796 = CARTESIAN_POINT ( 'NONE',  ( -1.006430356249998548, 0.1093750006145183112, 0.5810628371015493787 ) ) ;
#797 = UNCERTAINTY_MEASURE_WITH_UNIT (LENGTH_MEASURE( 1.000000000000000082E-05 ), #2446, 'distance_accuracy_value', 'NONE');
#798 = CARTESIAN_POINT ( 'NONE',  ( -0.3349364905389008995, 0.9236538117967012518, 1.250000000000000000 ) ) ;
#799 = DIRECTION ( 'NONE',  ( 0.000000000000000000, 1.000000000000000000, 0.000000000000000000 ) ) ;
#800 = CARTESIAN_POINT ( 'NONE',  ( 1.250000000000000444, 1.468750001229035540, 0.7216878364870298324 ) ) ;
#801 = CARTESIAN_POINT ( 'NONE',  ( -1.062732146793064886E-15, 0.9718750006145182585, -1.162125674203096537 ) ) ;
#802 = CARTESIAN_POINT ( 'NONE',  ( -1.249999999999998224, 3.568750001229035185, 0.7216878364870340512 ) ) ;
#803 =( BOUNDED_CURVE ( )  B_SPLINE_CURVE ( 2, ( #169, #1313, #949, #1498, #1743, #334, #128, #758, #1153 ),
 .UNSPECIFIED., .F., .T. ) 
 B_SPLINE_CURVE_WITH_KNOTS ( ( 3, 2, 2, 2, 3 ),
 ( 0.4772727272727272929, 0.4848484848484848619, 0.5000000000000000000, 0.5151515151515151381, 0.5227272727272727071 ),
 .UNSPECIFIED. ) 
 CURVE ( )  GEOMETRIC_REPRESENTATION_ITEM ( )  RATIONAL_B_SPLINE_CURVE ( ( 0.9330127018922194093, 0.9330127018922194093, 1.000000000000000000, 0.8660254037844387076, 1.000000000000000000, 0.8660254037844387076, 1.000000000000000000, 0.9330127018922194093, 0.9330127018922194093 ) ) 
 REPRESENTATION_ITEM ( '' )  );
#804 = CARTESIAN_POINT ( 'NONE',  ( -1.249999999999999334, -0.5749999999999987343, -1.530808498934190831E-16 ) ) ;
#805 = ADVANCED_FACE ( 'NONE', ( #1759 ), #1571, .F. ) ;
#806 = ORIENTED_EDGE ( 'NONE', *, *, #2019, .F. ) ;
#807 = DIRECTION ( 'NONE',  ( 0.000000000000000000, 1.000000000000000000, 0.000000000000000000 ) ) ;
#808 = CARTESIAN_POINT ( 'NONE',  ( 1.006430356249998104, 1.234375000614517992, -0.5810628371015496008 ) ) ;
#809 = CARTESIAN_POINT ( 'NONE',  ( -1.239011789008217734, 0.4046985196214650249, 0.1645122957558607657 ) ) ;
#810 = CARTESIAN_POINT ( 'NONE',  ( -1.249999999999999112, 1.187500000000001110, -0.7216878364870322748 ) ) ;
#811 = FACE_OUTER_BOUND ( 'NONE', #2354, .T. ) ;
#812 = CARTESIAN_POINT ( 'NONE',  ( 0.2945506508347887076, 0.1606380883087264178, 1.052431476792520026 ) ) ;
#813 = CARTESIAN_POINT ( 'NONE',  ( -0.6250000000000017764, 3.006250001229035185, -1.082531754730546636 ) ) ;
#814 = ORIENTED_EDGE ( 'NONE', *, *, #178, .F. ) ;
#815 = CARTESIAN_POINT ( 'NONE',  ( -1.006430356249999880, 2.846875000614517592, -0.5810628371015474913 ) ) ;
#816 = CARTESIAN_POINT ( 'NONE',  ( -0.6250000000000002220, -0.04999999999999871908, 1.082531754730547746 ) ) ;
#817 = VERTEX_POINT ( 'NONE', #993 ) ;
#818 = TOROIDAL_SURFACE ( 'NONE', #1646, 2.100000000000000089, 0.1499999999999999944 ) ;
#819 = DIRECTION ( 'NONE',  ( 0.000000000000000000, 0.000000000000000000, 1.000000000000000000 ) ) ;
#820 = CARTESIAN_POINT ( 'NONE',  ( -0.5032151781250009392, 3.146875000614518303, -0.8715942556523212925 ) ) ;
#821 = CARTESIAN_POINT ( 'NONE',  ( -0.3349364905389019542, 0.4736538117967010741, 1.249999999999999334 ) ) ;
#822 = CARTESIAN_POINT ( 'NONE',  ( 1.011627495292088730, 3.000000000000000444, 0.08548095761066379361 ) ) ;
#823 = AXIS2_PLACEMENT_3D ( 'NONE', #2395, #2184, #50 ) ;
#824 = CARTESIAN_POINT ( 'NONE',  ( 0.6249999999999974465, 2.931250001229035007, -1.082531754730548856 ) ) ;
#825 = ORIENTED_EDGE ( 'NONE', *, *, #794, .F. ) ;
#826 = CARTESIAN_POINT ( 'NONE',  ( 8.838126989374219771E-17, 2.912500000000000977, -1.443375672974063439 ) ) ;
#827 = CARTESIAN_POINT ( 'NONE',  ( -1.006430356249999880, 2.846875000614518481, -0.5810628371015476024 ) ) ;
#828 = DIRECTION ( 'NONE',  ( 0.000000000000000000, 1.000000000000000000, 0.000000000000000000 ) ) ;
#829 = VERTEX_POINT ( 'NONE', #1357 ) ;
#830 = ADVANCED_FACE ( 'NONE', ( #2347 ), #1384, .T. ) ;
#831 = CARTESIAN_POINT ( 'NONE',  ( 9.204127980810867663E-16, -0.6031249993854818081, 1.162125674203096537 ) ) ;
#832 = EDGE_CURVE ( 'NONE', #278, #1089, #1601, .T. ) ;
#833 = CARTESIAN_POINT ( 'NONE',  ( 2.265986553086565608E-15, 0.7187500012290350959, -1.249999999999999112 ) ) ;
#834 = CYLINDRICAL_SURFACE ( 'NONE', #823, 1.249999999999999334 ) ;
#835 =( BOUNDED_CURVE ( )  B_SPLINE_CURVE ( 2, ( #2422, #1030, #2229, #1996, #472, #2215, #1257, #674, #2035 ),
 .UNSPECIFIED., .F., .F. ) 
 B_SPLINE_CURVE_WITH_KNOTS ( ( 3, 2, 2, 2, 3 ),
 ( 0.6136363636363636465, 0.6212121212121212155, 0.6363636363636363535, 0.6515151515151514916, 0.6590909090909090606 ),
 .UNSPECIFIED. ) 
 CURVE ( )  GEOMETRIC_REPRESENTATION_ITEM ( )  RATIONAL_B_SPLINE_CURVE ( ( 0.9330127018922194093, 0.9330127018922194093, 1.000000000000000000, 0.8660254037844387076, 1.000000000000000000, 0.8660254037844387076, 1.000000000000000000, 0.9330127018922194093, 0.9330127018922194093 ) ) 
 REPRESENTATION_ITEM ( '' )  );
#836 = ORIENTED_EDGE ( 'NONE', *, *, #1392, .F. ) ;
#837 = CARTESIAN_POINT ( 'NONE',  ( -0.5032151781249986078, -0.3031249993854817082, 0.8715942556523228468 ) ) ;
#838 = CARTESIAN_POINT ( 'NONE',  ( -1.006430356249999658, 2.434375000614517948, 8.587269508238526152E-16 ) ) ;
#839 = CARTESIAN_POINT ( 'NONE',  ( -0.5032151781250003841, 2.809375000614518392, -0.8715942556523218476 ) ) ;
#840 = EDGE_CURVE ( 'NONE', #114, #2200, #1500, .T. ) ;
#841 = CARTESIAN_POINT ( 'NONE',  ( 1.249999999999999112, 1.862500000000001377, 0.7216878364870323859 ) ) ;
#842 = DIRECTION ( 'NONE',  ( -0.6546536707079805284, -0.6546536707079729789, -0.3779644730092287519 ) ) ;
#843 = ORIENTED_EDGE ( 'NONE', *, *, #516, .T. ) ;
#844 = CARTESIAN_POINT ( 'NONE',  ( 1.006430356249999658, -0.9406249993854816083, -9.819791222584819450E-16 ) ) ;
#845 = CARTESIAN_POINT ( 'NONE',  ( -2.614599868946037210E-15, 2.518750001229035362, -1.249999999999999334 ) ) ;
#846 = CARTESIAN_POINT ( 'NONE',  ( -1.109299025110890291, 0.2965873158442942081, 0.3750393773643589945 ) ) ;
#847 = DIRECTION ( 'NONE',  ( 0.000000000000000000, 0.000000000000000000, -1.000000000000000000 ) ) ;
#848 = FILL_AREA_STYLE ('',( #1817 ) ) ;
#849 = CARTESIAN_POINT ( 'NONE',  ( 0.4250000000000053735, 4.249999999999999112, 0.7361215932167689546 ) ) ;
#850 = CARTESIAN_POINT ( 'NONE',  ( 1.249999999999999112, 2.762500000000001066, 0.7216878364870323859 ) ) ;
#851 = DIRECTION ( 'NONE',  ( -0.8660254037844385966, 0.000000000000000000, -0.5000000000000002220 ) ) ;
#852 = PLANE ( 'NONE',  #410 ) ;
#853 = CARTESIAN_POINT ( 'NONE',  ( 1.249999999999999334, 1.000000000000001332, 0.000000000000000000 ) ) ;
#854 = CARTESIAN_POINT ( 'NONE',  ( 0.000000000000000000, 5.500000000000000000, 0.000000000000000000 ) ) ;
#855 = CARTESIAN_POINT ( 'NONE',  ( -0.6250000000000002220, 0.8500000000000011990, 1.082531754730547746 ) ) ;
#856 = ORIENTED_EDGE ( 'NONE', *, *, #2224, .F. ) ;
#857 = CARTESIAN_POINT ( 'NONE',  ( 1.827526258964323273E-15, 2.884375000614518569, 1.162125674203096093 ) ) ;
#858 = AXIS2_PLACEMENT_3D ( 'NONE', #1003, #2378, #388 ) ;
#859 = CARTESIAN_POINT ( 'NONE',  ( 0.5032151781250004952, 1.571875000614518125, 0.8715942556523216256 ) ) ;
#860 = CARTESIAN_POINT ( 'NONE',  ( 2.162577587529268681E-16, 4.399999999999999467, -1.154700538379252128 ) ) ;
#861 = AXIS2_PLACEMENT_3D ( 'NONE', #2040, #882, #1492 ) ;
#862 = DIRECTION ( 'NONE',  ( 0.8660254037844388186, 0.000000000000000000, -0.4999999999999996669 ) ) ;
#863 = CIRCLE ( 'NONE', #905, 1.250000000000000000 ) ;
#864 = VERTEX_POINT ( 'NONE', #580 ) ;
#865 = CARTESIAN_POINT ( 'NONE',  ( 1.006430356249998104, 0.3343750006145182474, -0.5810628371015496008 ) ) ;
#866 = CARTESIAN_POINT ( 'NONE',  ( 2.236935443431609674E-15, 1.843750001229035318, 1.249999999999999556 ) ) ;
#867 = CARTESIAN_POINT ( 'NONE',  ( -1.249999999999999334, 2.987500000000001155, -0.7216878364870322748 ) ) ;
#868 = EDGE_CURVE ( 'NONE', #1443, #864, #1371, .T. ) ;
#869 =( NAMED_UNIT ( * ) SI_UNIT ( $, .STERADIAN. ) SOLID_ANGLE_UNIT ( ) );
#870 = AXIS2_PLACEMENT_3D ( 'NONE', #2141, #1194, #1583 ) ;
#871 = CARTESIAN_POINT ( 'NONE',  ( -0.6250000000000002220, 1.300000000000001155, 1.082531754730547746 ) ) ;
#872 = FACE_OUTER_BOUND ( 'NONE', #2187, .T. ) ;
#873 = ORIENTED_EDGE ( 'NONE', *, *, #1829, .T. ) ;
#874 = CARTESIAN_POINT ( 'NONE',  ( 1.827526258964323273E-15, 2.434375000614517948, 1.162125674203096093 ) ) ;
#875 = ADVANCED_FACE ( 'NONE', ( #59 ), #2213, .T. ) ;
#876 = CARTESIAN_POINT ( 'NONE',  ( -1.969845607676301195E-15, 0.4093750006145182030, -1.162125674203096093 ) ) ;
#877 = LINE ( 'NONE', #2022, #1533 ) ;
#878 = ORIENTED_EDGE ( 'NONE', *, *, #1258, .T. ) ;
#879 = CARTESIAN_POINT ( 'NONE',  ( 1.006430356249999880, -0.1906249993854817470, 0.5810628371015469362 ) ) ;
#880 = CARTESIAN_POINT ( 'NONE',  ( 1.249999999999999112, 3.212500000000000799, 0.7216878364870323859 ) ) ;
#881 = CARTESIAN_POINT ( 'NONE',  ( 0.000000000000000000, 0.000000000000000000, 0.9901923788646657121 ) ) ;
#882 = DIRECTION ( 'NONE',  ( 0.000000000000000000, 1.000000000000000000, 0.000000000000000000 ) ) ;
#883 = CARTESIAN_POINT ( 'NONE',  ( -1.249999999999999334, 1.675000000000001155, -1.530808498934190831E-16 ) ) ;
#884 = ORIENTED_EDGE ( 'NONE', *, *, #2185, .F. ) ;
#885 = CARTESIAN_POINT ( 'NONE',  ( 0.5032151781249990519, 1.834375000614518081, -0.8715942556523228468 ) ) ;
#886 = CARTESIAN_POINT ( 'NONE',  ( 1.006430356249998326, 0.7843750006145184805, -0.5810628371015497118 ) ) ;
#887 = DIRECTION ( 'NONE',  ( 0.3535533905932698451, -0.7071067811865489050, -0.6123724356957953585 ) ) ;
#888 = CARTESIAN_POINT ( 'NONE',  ( -1.006430356249998992, 1.121875000614518170, 0.5810628371015487126 ) ) ;
#889 = ORIENTED_EDGE ( 'NONE', *, *, #1126, .F. ) ;
#890 = CARTESIAN_POINT ( 'NONE',  ( 0.000000000000000000, 3.000000000000000000, 0.000000000000000000 ) ) ;
#891 = LINE ( 'NONE', #1642, #742 ) ;
#892 = CARTESIAN_POINT ( 'NONE',  ( -0.5208333128494181397, 3.000000000000000888, -1.136324187996673230 ) ) ;
#893 = CARTESIAN_POINT ( 'NONE',  ( 0.6249999999999997780, 2.875000000000001332, -1.082531754730547746 ) ) ;
#894 = ORIENTED_EDGE ( 'NONE', *, *, #1965, .F. ) ;
#895 = CARTESIAN_POINT ( 'NONE',  ( 1.006430356249998770, -0.003124999385481670722, -0.5810628371015489346 ) ) ;
#896 = ORIENTED_EDGE ( 'NONE', *, *, #1348, .T. ) ;
#897 = CARTESIAN_POINT ( 'NONE',  ( 0.2083333333460492820, 0.4500000000000000111, 1.232516621476937191 ) ) ;
#898 = CARTESIAN_POINT ( 'NONE',  ( 0.1480978877066843336, 0.3069516266395694304, -1.167410983133528868 ) ) ;
#899 = CARTESIAN_POINT ( 'NONE',  ( -0.6250000000000002220, 2.650000000000000799, 1.082531754730547746 ) ) ;
#900 = ORIENTED_EDGE ( 'NONE', *, *, #832, .F. ) ;
#901 = CARTESIAN_POINT ( 'NONE',  ( 1.827526258964323273E-15, 1.534375000614518259, 1.162125674203096093 ) ) ;
#902 = TOROIDAL_SURFACE ( 'NONE', #2333, 2.100000000000000089, 0.1499999999999999944 ) ;
#903 = DIRECTION ( 'NONE',  ( -0.8660254037844388186, 0.000000000000000000, 0.4999999999999996669 ) ) ;
#904 = CARTESIAN_POINT ( 'NONE',  ( -1.062732146793064491E-15, 2.321875000614518125, -1.162125674203096537 ) ) ;
#905 = AXIS2_PLACEMENT_3D ( 'NONE', #1548, #532, #2476 ) ;
#906 = CARTESIAN_POINT ( 'NONE',  ( 0.9999999999999993339, 5.350000000000000533, 0.5773502691896267303 ) ) ;
#907 = CARTESIAN_POINT ( 'NONE',  ( -0.07500000000000013600, 5.500000000000000000, -1.284604348946918773 ) ) ;
#908 = VERTEX_POINT ( 'NONE', #2382 ) ;
#909 = CARTESIAN_POINT ( 'NONE',  ( -1.006430356249999880, -0.3031249993854817082, -0.5810628371015476024 ) ) ;
#910 = EDGE_LOOP ( 'NONE', ( #825, #654, #1497, #1921, #1152 ) ) ;
#911 = CARTESIAN_POINT ( 'NONE',  ( 1.006430356249999436, 1.646875000614518081, -1.767562423498186358E-15 ) ) ;
#912 = DIRECTION ( 'NONE',  ( 0.3535533905932711773, 0.7071067811865520136, 0.6123724356957908066 ) ) ;
#913 = DIRECTION ( 'NONE',  ( 0.000000000000000000, -0.000000000000000000, 1.000000000000000000 ) ) ;
#914 = DIRECTION ( 'NONE',  ( -0.000000000000000000, -1.000000000000000000, -0.000000000000000000 ) ) ;
#915 = DIRECTION ( 'NONE',  ( 0.7071067811865462405, -0.7071067811865489050, -7.436077881698118074E-15 ) ) ;
#916 = CARTESIAN_POINT ( 'NONE',  ( -1.006430356250000324, 2.284375000614518036, -0.5810628371015467142 ) ) ;
#917 = CARTESIAN_POINT ( 'NONE',  ( 0.7142857142857091945, 4.114285714285714768, -0.4123930494211705544 ) ) ;
#918 = CARTESIAN_POINT ( 'NONE',  ( 2.909753293500117656E-15, 0.4937500012290353402, 1.443375672974063439 ) ) ;
#919 = CARTESIAN_POINT ( 'NONE',  ( -0.5032151781250003841, 2.359375000614517770, -0.8715942556523218476 ) ) ;
#920 = CARTESIAN_POINT ( 'NONE',  ( -0.7142857142857113040, 5.064285714285714946, 0.4123930494211593967 ) ) ;
#921 = ORIENTED_EDGE ( 'NONE', *, *, #439, .F. ) ;
#922 = CARTESIAN_POINT ( 'NONE',  ( 0.5032151781249999400, 0.3343750006145182474, 0.8715942556523221807 ) ) ;
#923 = VERTEX_POINT ( 'NONE', #1278 ) ;
#924 = CARTESIAN_POINT ( 'NONE',  ( 1.006430356249999436, 2.096875000614517592, -1.767562423498186358E-15 ) ) ;
#925 = CARTESIAN_POINT ( 'NONE',  ( 0.000000000000000000, 3.000000000000000000, -1.249999999999999334 ) ) ;
#926 = CARTESIAN_POINT ( 'NONE',  ( -0.6249999999999993339, 2.500000000000000888, -1.082531754730547968 ) ) ;
#927 = CARTESIAN_POINT ( 'NONE',  ( 1.000000000000005551, 4.399999999999999467, 0.5773502691896169603 ) ) ;
#928 = CARTESIAN_POINT ( 'NONE',  ( 1.827526258964323273E-15, 2.434375000614517948, 1.162125674203096093 ) ) ;
#929 = DIRECTION ( 'NONE',  ( -0.8660254037844388186, 0.000000000000000000, 0.4999999999999996669 ) ) ;
#930 = B_SPLINE_CURVE_WITH_KNOTS ( 'NONE', 3,
 ( #1815, #413, #231, #1584 ),
 .UNSPECIFIED., .F., .F.,
 ( 4, 4 ),
 ( 1.266773341594659308E-15, 0.0006218714022885322079 ),
 .UNSPECIFIED. ) ;
#931 = EDGE_CURVE ( 'NONE', #428, #12, #1764, .T. ) ;
#932 = CARTESIAN_POINT ( 'NONE',  ( -0.6249999999999978906, 0.4562500012290353624, 1.082531754730548856 ) ) ;
#933 = CARTESIAN_POINT ( 'NONE',  ( 1.006430356249998770, 3.146875000614518747, -0.5810628371015489346 ) ) ;
#934 = DIRECTION ( 'NONE',  ( -2.601674134635989577E-15, 0.6546536707079763096, -0.7559289460184551723 ) ) ;
#935 = EDGE_LOOP ( 'NONE', ( #680, #697, #572, #1741 ) ) ;
#936 = CARTESIAN_POINT ( 'NONE',  ( 1.006430356249998770, 0.4468750006145182363, -0.5810628371015489346 ) ) ;
#937 = CARTESIAN_POINT ( 'NONE',  ( 1.006430356249999436, 2.996875000614518392, -1.767562423498186358E-15 ) ) ;
#938 = LINE ( 'NONE', #716, #171 ) ;
#939 = CARTESIAN_POINT ( 'NONE',  ( 0.5032151781250004952, -0.6781249993854816527, 0.8715942556523216256 ) ) ;
#940 = CARTESIAN_POINT ( 'NONE',  ( 1.249999999999999334, 2.856250001229035274, -2.749541545756668106E-15 ) ) ;
#941 = CARTESIAN_POINT ( 'NONE',  ( 1.006430356249999436, 2.546875000614518658, -1.767562423498186358E-15 ) ) ;
#942 = CARTESIAN_POINT ( 'NONE',  ( 0.6249999999999987788, 3.625000000000000444, 1.082531754730548412 ) ) ;
#943 = CARTESIAN_POINT ( 'NONE',  ( 1.249999999999999334, -1.193749998770964327, -2.749541545756668106E-15 ) ) ;
#944 = AXIS2_PLACEMENT_3D ( 'NONE', #1839, #97, #862 ) ;
#945 = CARTESIAN_POINT ( 'NONE',  ( -1.006430356249999658, 2.884375000614518125, 8.587269508238524180E-16 ) ) ;
#946 = LINE ( 'NONE', #2463, #1235 ) ;
#947 = VERTEX_POINT ( 'NONE', #1678 ) ;
#948 = CARTESIAN_POINT ( 'NONE',  ( -0.5032151781249993849, 2.959375000614518303, 0.8715942556523227358 ) ) ;
#949 = CARTESIAN_POINT ( 'NONE',  ( -0.6249999999999993339, 1.600000000000001199, -1.082531754730547968 ) ) ;
#950 = CARTESIAN_POINT ( 'NONE',  ( 7.846973004653627780E-15, 4.399999999999999467, 1.154700538379251906 ) ) ;
#951 = CARTESIAN_POINT ( 'NONE',  ( -0.6168296289282716449, 0.1123960926750404987, 0.8612738108084879718 ) ) ;
#952 = CARTESIAN_POINT ( 'NONE',  ( 0.6249999999999974465, 2.931250001229035007, -1.082531754730548856 ) ) ;
#953 = CARTESIAN_POINT ( 'NONE',  ( 0.000000000000000000, 3.000000000000000000, 0.000000000000000000 ) ) ;
#954 = CARTESIAN_POINT ( 'NONE',  ( -1.250000000000000444, 0.7937500012290352736, -0.7216878364870296103 ) ) ;
#955 = CARTESIAN_POINT ( 'NONE',  ( 1.006430356249999658, 2.171875000614518214, 0.5810628371015478244 ) ) ;
#956 = CARTESIAN_POINT ( 'NONE',  ( 8.838126989374219771E-17, 0.2125000000000012990, -1.443375672974063439 ) ) ;
#957 = ORIENTED_EDGE ( 'NONE', *, *, #1466, .T. ) ;
#958 = CARTESIAN_POINT ( 'NONE',  ( -1.006430356249999880, 3.746875000614517948, -0.5810628371015476024 ) ) ;
#959 = EDGE_CURVE ( 'NONE', #2065, #2217, #2182, .T. ) ;
#960 = VERTEX_POINT ( 'NONE', #2405 ) ;
#961 = CARTESIAN_POINT ( 'NONE',  ( -1.969845607676301195E-15, 1.759375000614518347, -1.162125674203096093 ) ) ;
#962 = CARTESIAN_POINT ( 'NONE',  ( 0.000000000000000000, 5.349999999999999645, 0.000000000000000000 ) ) ;
#963 = LINE ( 'NONE', #1761, #1272 ) ;
#964 = CARTESIAN_POINT ( 'NONE',  ( 0.6249999999999974465, -1.118749998770964371, -1.082531754730548856 ) ) ;
#965 = CARTESIAN_POINT ( 'NONE',  ( -1.006430356249999658, 1.084375000614518303, 8.587269508238526152E-16 ) ) ;
#966 = CARTESIAN_POINT ( 'NONE',  ( 0.5032151781249999400, 3.484375000614517770, 0.8715942556523221807 ) ) ;
#967 = CARTESIAN_POINT ( 'NONE',  ( -1.006430356249998992, 2.921875000614517770, 0.5810628371015487126 ) ) ;
#968 = VERTEX_POINT ( 'NONE', #1072 ) ;
#969 = CARTESIAN_POINT ( 'NONE',  ( -1.000000000000000444, 4.399999999999999467, 0.5773502691896261751 ) ) ;
#970 = ADVANCED_FACE ( 'NONE', ( #327 ), #692, .F. ) ;
#971 = CARTESIAN_POINT ( 'NONE',  ( 1.006430356249999880, 0.7093750006145181919, 0.5810628371015469362 ) ) ;
#972 = UNCERTAINTY_MEASURE_WITH_UNIT (LENGTH_MEASURE( 1.000000000000000082E-05 ), #1317, 'distance_accuracy_value', 'NONE');
#973 = DIRECTION ( 'NONE',  ( 0.000000000000000000, -0.000000000000000000, 1.000000000000000000 ) ) ;
#974 = CARTESIAN_POINT ( 'NONE',  ( 0.5032151781249982747, 3.521875000614517859, -0.8715942556523229579 ) ) ;
#975 = CARTESIAN_POINT ( 'NONE',  ( 1.249999999999999334, 2.406250001229035540, -2.749541545756668106E-15 ) ) ;
#976 = CARTESIAN_POINT ( 'NONE',  ( -1.006430356249999880, 0.1468750006145183029, -0.5810628371015474913 ) ) ;
#977 = CARTESIAN_POINT ( 'NONE',  ( 1.249999999999999334, 0.1000000000000013517, 0.000000000000000000 ) ) ;
#978 = CARTESIAN_POINT ( 'NONE',  ( -1.249999999999999778, 2.162500000000001421, 0.7216878364870313867 ) ) ;
#979 = CARTESIAN_POINT ( 'NONE',  ( -1.006430356249998992, 2.471875000614518036, 0.5810628371015487126 ) ) ;
#980 = VECTOR ( 'NONE', #1058, 1000.000000000000227 ) ;
#981 = ORIENTED_EDGE ( 'NONE', *, *, #417, .F. ) ;
#982 = CARTESIAN_POINT ( 'NONE',  ( 0.5032151781249982747, 0.8218750006145183473, -0.8715942556523229579 ) ) ;
#983 = CARTESIAN_POINT ( 'NONE',  ( 1.250000000000000444, 1.018750001229035140, 0.7216878364870297213 ) ) ;
#984 = CARTESIAN_POINT ( 'NONE',  ( -1.000000000000000444, 4.399999999999999467, -0.5773502691896265082 ) ) ;
#985 = CARTESIAN_POINT ( 'NONE',  ( -1.000000000000000444, 4.399999999999999467, -0.5773502691896265082 ) ) ;
#986 = CARTESIAN_POINT ( 'NONE',  ( -0.6249999999999978906, 1.356250001229035274, 1.082531754730548856 ) ) ;
#987 = EDGE_CURVE ( 'NONE', #398, #2398, #2043, .T. ) ;
#988 = CARTESIAN_POINT ( 'NONE',  ( 0.5032151781249999400, 1.684375000614518170, 0.8715942556523221807 ) ) ;
#989 = CARTESIAN_POINT ( 'NONE',  ( 1.249999999999999556, -0.3124999999999986677, -0.7216878364870316087 ) ) ;
#990 = CARTESIAN_POINT ( 'NONE',  ( -2.651438096812265438E-16, 2.237500000000001155, 1.443375672974063439 ) ) ;
#991 = ORIENTED_EDGE ( 'NONE', *, *, #1226, .F. ) ;
#992 = CARTESIAN_POINT ( 'NONE',  ( -1.006430356250000324, 0.03437500061451832095, -0.5810628371015467142 ) ) ;
#993 = CARTESIAN_POINT ( 'NONE',  ( -0.7236689573151614541, 0.4500000000000000111, 1.019216974063122061 ) ) ;
#994 = CARTESIAN_POINT ( 'NONE',  ( 1.743066579297358255E-16, 1.112500000000000933, -1.249999999999999112 ) ) ;
#995 = DIRECTION ( 'NONE',  ( 0.000000000000000000, 1.000000000000000000, 0.000000000000000000 ) ) ;
#996 = CARTESIAN_POINT ( 'NONE',  ( -1.249999999999998224, 2.668750001229035274, 0.7216878364870340512 ) ) ;
#997 = ORIENTED_EDGE ( 'NONE', *, *, #2420, .F. ) ;
#998 = CARTESIAN_POINT ( 'NONE',  ( -1.006430356249999658, 0.1843750006145182807, 8.587269508238526152E-16 ) ) ;
#999 = EDGE_CURVE ( 'NONE', #947, #32, #1851, .T. ) ;
#1000 = ADVANCED_FACE ( 'NONE', ( #518 ), #122, .T. ) ;
#1001 = CARTESIAN_POINT ( 'NONE',  ( -1.249999999999999334, -0.6124999999999987121, -0.7216878364870322748 ) ) ;
#1002 = ORIENTED_EDGE ( 'NONE', *, *, #789, .F. ) ;
#1003 = CARTESIAN_POINT ( 'NONE',  ( 0.000000000000000000, 3.000000000000000000, 0.000000000000000000 ) ) ;
#1004 = CARTESIAN_POINT ( 'NONE',  ( 1.827526258964323273E-15, 1.534375000614518259, 1.162125674203096093 ) ) ;
#1005 = CARTESIAN_POINT ( 'NONE',  ( -0.6250000000000017764, 1.206250001229035362, -1.082531754730546636 ) ) ;
#1006 = DIRECTION ( 'NONE',  ( -0.000000000000000000, 1.000000000000000000, -0.000000000000000000 ) ) ;
#1007 = LINE ( 'NONE', #431, #1366 ) ;
#1008 = CARTESIAN_POINT ( 'NONE',  ( 0.6250000000000012212, 2.331250001229034918, 1.082531754730547080 ) ) ;
#1009 = VERTEX_POINT ( 'NONE', #36 ) ;
#1010 = EDGE_CURVE ( 'NONE', #817, #1221, #2106, .T. ) ;
#1011 = CARTESIAN_POINT ( 'NONE',  ( 0.6249999999999997780, 1.075000000000001288, -1.082531754730547746 ) ) ;
#1012 = EDGE_LOOP ( 'NONE', ( #1002, #878, #1464, #768 ) ) ;
#1013 = CARTESIAN_POINT ( 'NONE',  ( -1.969845607676301195E-15, 2.659375000614518481, -1.162125674203096093 ) ) ;
#1014 = EDGE_CURVE ( 'NONE', #12, #1237, #1946, .T. ) ;
#1015 = CARTESIAN_POINT ( 'NONE',  ( -0.3349364905389035640, 1.638846190661369384, -1.250000000000000000 ) ) ;
#1016 = CARTESIAN_POINT ( 'NONE',  ( -0.2728219595378308937, 2.985119318801304544, -1.249999999999998668 ) ) ;
#1017 = AXIS2_PLACEMENT_3D ( 'NONE', #1042, #73, #847 ) ;
#1018 = CARTESIAN_POINT ( 'NONE',  ( 0.000000000000000000, 3.149999999999999911, 0.000000000000000000 ) ) ;
#1019 = CARTESIAN_POINT ( 'NONE',  ( 1.249999999999998002, 3.343750001229035096, -0.7216878364870344953 ) ) ;
#1020 = ORIENTED_EDGE ( 'NONE', *, *, #2020, .F. ) ;
#1021 = CARTESIAN_POINT ( 'NONE',  ( 1.006430356249999880, 0.2593750006145182918, 0.5810628371015469362 ) ) ;
#1022 = CARTESIAN_POINT ( 'NONE',  ( -2.651438096812265438E-16, 2.687500000000000888, 1.443375672974063439 ) ) ;
#1023 = CYLINDRICAL_SURFACE ( 'NONE', #286, 1.249999999999999334 ) ;
#1024 = CARTESIAN_POINT ( 'NONE',  ( -2.651438096812265438E-16, 1.337500000000001021, 1.443375672974063439 ) ) ;
#1025 = DIRECTION ( 'NONE',  ( 0.000000000000000000, 0.000000000000000000, -1.000000000000000000 ) ) ;
#1026 = ORIENTED_EDGE ( 'NONE', *, *, #482, .T. ) ;
#1027 = CARTESIAN_POINT ( 'NONE',  ( 0.5032151781249990519, -0.4156249993854816416, -0.8715942556523228468 ) ) ;
#1028 = DIRECTION ( 'NONE',  ( 0.000000000000000000, 0.6546536707079755324, -0.7559289460184558385 ) ) ;
#1029 = CARTESIAN_POINT ( 'NONE',  ( -0.8266280255368738672, 0.02812500184355121516, -0.5740977002031183440 ) ) ;
#1030 = CARTESIAN_POINT ( 'NONE',  ( 0.3349364905389026204, 2.257596189432335088, 1.249999999999999556 ) ) ;
#1031 = CYLINDRICAL_SURFACE ( 'NONE', #1775, 1.249999999999999334 ) ;
#1032 = ORIENTED_EDGE ( 'NONE', *, *, #1193, .F. ) ;
#1033 = CARTESIAN_POINT ( 'NONE',  ( -0.5032151781250009392, -0.4531249993854816749, -0.8715942556523212925 ) ) ;
#1034 = CARTESIAN_POINT ( 'NONE',  ( -0.5032151781249993849, 2.509375000614517681, 0.8715942556523227358 ) ) ;
#1035 = CARTESIAN_POINT ( 'NONE',  ( -4.706279764102867609E-15, 2.012500000000001510, -1.249999999999999112 ) ) ;
#1036 = FACE_OUTER_BOUND ( 'NONE', #484, .T. ) ;
#1037 = CARTESIAN_POINT ( 'NONE',  ( 1.006430356249999658, 0.4093750006145182030, -9.819791222584817478E-16 ) ) ;
#1038 = ORIENTED_EDGE ( 'NONE', *, *, #931, .T. ) ;
#1039 = CARTESIAN_POINT ( 'NONE',  ( 0.5032151781249982747, 2.171875000614518214, -0.8715942556523229579 ) ) ;
#1040 = EDGE_CURVE ( 'NONE', #2210, #193, #1321, .T. ) ;
#1041 = CARTESIAN_POINT ( 'NONE',  ( -0.5032151781249986078, 1.496875000614518170, 0.8715942556523228468 ) ) ;
#1042 = CARTESIAN_POINT ( 'NONE',  ( 0.000000000000000000, 0.4500000000000000111, 0.000000000000000000 ) ) ;
#1043 = SURFACE_SIDE_STYLE ('',( #2407 ) ) ;
#1044 = ORIENTED_EDGE ( 'NONE', *, *, #482, .F. ) ;
#1045 = CARTESIAN_POINT ( 'NONE',  ( -1.006430356249998548, 0.5593750006145181697, 0.5810628371015493787 ) ) ;
#1046 = CARTESIAN_POINT ( 'NONE',  ( -0.6249999999999993339, 2.500000000000000888, -1.082531754730547968 ) ) ;
#1047 = CARTESIAN_POINT ( 'NONE',  ( -0.6249999999999993339, 2.050000000000001155, -1.082531754730547968 ) ) ;
#1048 = DIRECTION ( 'NONE',  ( 1.000000000000000000, -0.000000000000000000, 1.224646799147353207E-16 ) ) ;
#1049 = ADVANCED_FACE ( 'NONE', ( #1264 ), #1687, .T. ) ;
#1050 = ORIENTED_EDGE ( 'NONE', *, *, #1086, .F. ) ;
#1051 = CARTESIAN_POINT ( 'NONE',  ( -1.006430356249998548, 2.809375000614517948, 0.5810628371015493787 ) ) ;
#1052 = CONICAL_SURFACE ( 'NONE', #2041, 1.250000000000000000, 0.5235987755983033676 ) ;
#1053 = CARTESIAN_POINT ( 'NONE',  ( -0.1487221287093004052, 0.1097711966026535535, -1.053568808772475052 ) ) ;
#1054 = CARTESIAN_POINT ( 'NONE',  ( 1.074999999999999734, 5.500000000000000000, -0.7072540797572931526 ) ) ;
#1055 = VECTOR ( 'NONE', #1434, 1000.000000000000000 ) ;
#1056 = ORIENTED_EDGE ( 'NONE', *, *, #931, .F. ) ;
#1057 = CARTESIAN_POINT ( 'NONE',  ( 0.5032151781250004952, -0.6781249993854816527, 0.8715942556523216256 ) ) ;
#1058 = DIRECTION ( 'NONE',  ( -1.061352678669306916E-15, 0.6546536707079728679, -0.7559289460184581699 ) ) ;
#1059 = CARTESIAN_POINT ( 'NONE',  ( 0.6249999999999997780, 2.425000000000001155, -1.082531754730547746 ) ) ;
#1060 = AXIS2_PLACEMENT_3D ( 'NONE', #1923, #1342, #333 ) ;
#1061 = ADVANCED_FACE ( 'NONE', ( #1666 ), #294, .T. ) ;
#1062 = DIRECTION ( 'NONE',  ( 0.000000000000000000, 0.000000000000000000, 1.000000000000000000 ) ) ;
#1063 = VERTEX_POINT ( 'NONE', #284 ) ;
#1064 = CARTESIAN_POINT ( 'NONE',  ( -0.5032151781250003841, -0.7906249993854816971, -0.8715942556523218476 ) ) ;
#1065 = CARTESIAN_POINT ( 'NONE',  ( -1.006430356249999880, 0.05153263737189934385, -0.3152051013095030774 ) ) ;
#1066 = VERTEX_POINT ( 'NONE', #2438 ) ;
#1067 = CARTESIAN_POINT ( 'NONE',  ( 0.07499999999999998335, 5.500000000000000000, 1.284604348946918329 ) ) ;
#1068 = CARTESIAN_POINT ( 'NONE',  ( -2.651438096812265438E-16, 3.587500000000001243, 1.443375672974063439 ) ) ;
#1069 =( NAMED_UNIT ( * ) PLANE_ANGLE_UNIT ( ) SI_UNIT ( $, .RADIAN. ) );
#1070 = CARTESIAN_POINT ( 'NONE',  ( -0.1605823231589745548, 2.999999999999999112, -1.205928927143879781 ) ) ;
#1071 = CARTESIAN_POINT ( 'NONE',  ( -1.006430356249999880, 3.296875000614518214, -0.5810628371015476024 ) ) ;
#1072 = CARTESIAN_POINT ( 'NONE',  ( -4.938688641342514686E-16, 2.237500000000001155, 1.249999999999999334 ) ) ;
#1073 = CARTESIAN_POINT ( 'NONE',  ( -2.472627096062267762E-12, 0.3140625009218949160, -1.171516448314290582 ) ) ;
#1074 = ORIENTED_EDGE ( 'NONE', *, *, #1211, .T. ) ;
#1075 = CARTESIAN_POINT ( 'NONE',  ( 0.5032151781249990519, 0.4843750006145182141, -0.8715942556523228468 ) ) ;
#1076 = EDGE_LOOP ( 'NONE', ( #1044, #46, #647, #1549, #1133, #385, #770, #2477, #1450, #1412, #1178, #1812, #1416, #1691, #1038, #51, #490, #1050 ) ) ;
#1077 = CARTESIAN_POINT ( 'NONE',  ( -0.6981080339131224832, 0.3663731743529473062, 0.9894012141598929055 ) ) ;
#1078 = CARTESIAN_POINT ( 'NONE',  ( 1.121799311078867545, 0.2378558237090315775, -0.1852631457764470080 ) ) ;
#1079 = CARTESIAN_POINT ( 'NONE',  ( 0.5032151781249999400, 0.7843750006145181475, 0.8715942556523221807 ) ) ;
#1080 = CYLINDRICAL_SURFACE ( 'NONE', #2208, 1.249999999999999334 ) ;
#1081 = VERTEX_POINT ( 'NONE', #2222 ) ;
#1082 = CARTESIAN_POINT ( 'NONE',  ( 1.827526258964323273E-15, 1.084375000614518081, 1.162125674203096093 ) ) ;
#1083 = CARTESIAN_POINT ( 'NONE',  ( -3.569075380924708916E-16, 5.350000000000000533, 1.154700538379252128 ) ) ;
#1084 = CARTESIAN_POINT ( 'NONE',  ( -1.150000000000001243, 5.500000000000000000, -0.6639528095680712338 ) ) ;
#1085 = CARTESIAN_POINT ( 'NONE',  ( 1.006430356249999658, 2.171875000614518214, 0.5810628371015478244 ) ) ;
#1086 = EDGE_CURVE ( 'NONE', #1281, #1698, #1560, .T. ) ;
#1087 = CARTESIAN_POINT ( 'NONE',  ( 1.249999999999999112, 0.9625000000000011324, 0.7216878364870324969 ) ) ;
#1088 = CARTESIAN_POINT ( 'NONE',  ( 0.3349364905389032865, 0.6424038105676669330, -1.249999999999999112 ) ) ;
#1089 = VERTEX_POINT ( 'NONE', #1084 ) ;
#1090 = CARTESIAN_POINT ( 'NONE',  ( 0.5032151781249990519, 1.384375000614518125, -0.8715942556523228468 ) ) ;
#1091 = DIRECTION ( 'NONE',  ( 0.000000000000000000, 0.000000000000000000, -1.000000000000000000 ) ) ;
#1092 = CARTESIAN_POINT ( 'NONE',  ( 0.2929260930225685566, 0.2999209058676790551, -1.135458802757826069 ) ) ;
#1093 = CARTESIAN_POINT ( 'NONE',  ( 0.5032151781249990519, 1.384375000614518125, -0.8715942556523228468 ) ) ;
#1094 = CARTESIAN_POINT ( 'NONE',  ( -1.249999999999999334, 2.575000000000001066, -1.530808498934190831E-16 ) ) ;
#1095 = DIRECTION ( 'NONE',  ( 0.000000000000000000, 0.000000000000000000, 1.000000000000000000 ) ) ;
#1096 = CARTESIAN_POINT ( 'NONE',  ( -0.5032151781250009392, 2.246875000614517504, -0.8715942556523212925 ) ) ;
#1097 = CARTESIAN_POINT ( 'NONE',  ( 1.006430356249998770, -0.9031249993854816305, -0.5810628371015489346 ) ) ;
#1098 = VECTOR ( 'NONE', #254, 1000.000000000000000 ) ;
#1099 = AXIS2_PLACEMENT_3D ( 'NONE', #1234, #1449, #626 ) ;
#1100 = CARTESIAN_POINT ( 'NONE',  ( 1.250000000000000444, 1.018750001229035362, 0.7216878364870298324 ) ) ;
#1101 = CARTESIAN_POINT ( 'NONE',  ( 0.5032151781249990519, 3.184375000614517504, -0.8715942556523228468 ) ) ;
#1102 = AXIS2_PLACEMENT_3D ( 'NONE', #2232, #476, #280 ) ;
#1103 = CARTESIAN_POINT ( 'NONE',  ( 1.530808498934190831E-16, 3.000000000000000000, 1.249999999999999334 ) ) ;
#1104 = AXIS2_PLACEMENT_3D ( 'NONE', #2493, #1952, #184 ) ;
#1105 = CARTESIAN_POINT ( 'NONE',  ( 1.249999999999999334, 0.5875000000000012434, -0.7216878364870317197 ) ) ;
#1106 = ORIENTED_EDGE ( 'NONE', *, *, #754, .T. ) ;
#1107 = CARTESIAN_POINT ( 'NONE',  ( 1.006430356249999658, 0.8218750006145180143, 0.5810628371015478244 ) ) ;
#1108 = VERTEX_POINT ( 'NONE', #2233 ) ;
#1109 = CARTESIAN_POINT ( 'NONE',  ( -0.6249999999999993339, 2.950000000000001066, -1.082531754730547968 ) ) ;
#1110 = CARTESIAN_POINT ( 'NONE',  ( 1.827526258964323273E-15, 1.984375000614517992, 1.162125674203096093 ) ) ;
#1111 = ADVANCED_FACE ( 'NONE', ( #1036 ), #2447, .T. ) ;
#1112 = CARTESIAN_POINT ( 'NONE',  ( 1.096378938620218735, 0.2180706645850555014, 0.2554106705121657606 ) ) ;
#1113 = CARTESIAN_POINT ( 'NONE',  ( -1.006430356249999658, 0.6343750006145181253, 8.587269508238524180E-16 ) ) ;
#1114 = CARTESIAN_POINT ( 'NONE',  ( -1.249999999999999334, 2.125000000000000888, -1.530808498934190831E-16 ) ) ;
#1115 = CARTESIAN_POINT ( 'NONE',  ( 0.3349364905389005664, 2.498653811796700985, -1.250000000000000000 ) ) ;
#1116 = CARTESIAN_POINT ( 'NONE',  ( -0.5032151781249986078, 1.496875000614518170, 0.8715942556523228468 ) ) ;
#1117 = CARTESIAN_POINT ( 'NONE',  ( -1.006430356249998992, -0.2281249993854817248, 0.5810628371015487126 ) ) ;
#1118 = CARTESIAN_POINT ( 'NONE',  ( 0.5032151781249999400, 3.034375000614517592, 0.8715942556523221807 ) ) ;
#1119 = DIRECTION ( 'NONE',  ( -0.000000000000000000, -1.000000000000000000, -0.000000000000000000 ) ) ;
#1120 = DIRECTION ( 'NONE',  ( 0.000000000000000000, 1.000000000000000000, 0.000000000000000000 ) ) ;
#1121 = VERTEX_POINT ( 'NONE', #1832 ) ;
#1122 = CARTESIAN_POINT ( 'NONE',  ( -0.5032151781249993849, 1.609375000614518214, 0.8715942556523227358 ) ) ;
#1123 = ORIENTED_EDGE ( 'NONE', *, *, #271, .F. ) ;
#1124 = CARTESIAN_POINT ( 'NONE',  ( 0.5032151781249982747, 2.621875000614517948, -0.8715942556523229579 ) ) ;
#1125 = DIRECTION ( 'NONE',  ( 0.000000000000000000, 0.000000000000000000, 1.000000000000000000 ) ) ;
#1126 = EDGE_CURVE ( 'NONE', #628, #908, #2008, .T. ) ;
#1127 = CARTESIAN_POINT ( 'NONE',  ( -0.3339777695962722892, 3.000000000000007550, 1.016142636213140937 ) ) ;
#1128 = CARTESIAN_POINT ( 'NONE',  ( 1.249999999999997780, 2.443750001229035185, -0.7216878364870343843 ) ) ;
#1129 = CARTESIAN_POINT ( 'NONE',  ( 0.5032151781250004952, 2.021875000614518303, 0.8715942556523216256 ) ) ;
#1130 = CARTESIAN_POINT ( 'NONE',  ( -1.250000000000000444, 0.3437500012290354290, -0.7216878364870296103 ) ) ;
#1131 = CARTESIAN_POINT ( 'NONE',  ( -1.006430356249998992, 2.471875000614518036, 0.5810628371015487126 ) ) ;
#1132 = DIRECTION ( 'NONE',  ( 0.000000000000000000, 0.8660254037844363761, 0.5000000000000038858 ) ) ;
#1133 = ORIENTED_EDGE ( 'NONE', *, *, #1010, .T. ) ;
#1134 = CARTESIAN_POINT ( 'NONE',  ( 1.530808498934191571E-16, 0.4500000000000000111, -1.250000000000000000 ) ) ;
#1135 = ORIENTED_EDGE ( 'NONE', *, *, #437, .F. ) ;
#1136 = PLANE ( 'NONE',  #1104 ) ;
#1137 = FACE_OUTER_BOUND ( 'NONE', #1658, .T. ) ;
#1138 = DIRECTION ( 'NONE',  ( 0.000000000000000000, 0.000000000000000000, -1.000000000000000000 ) ) ;
#1139 = DIRECTION ( 'NONE',  ( 0.000000000000000000, 0.000000000000000000, -1.000000000000000000 ) ) ;
#1140 = CARTESIAN_POINT ( 'NONE',  ( -0.9999999999999978906, 4.399999999999999467, 0.5773502691896302830 ) ) ;
#1141 = CARTESIAN_POINT ( 'NONE',  ( -2.614599868946037210E-15, 2.968750001229034652, -1.249999999999999334 ) ) ;
#1142 = CARTESIAN_POINT ( 'NONE',  ( 1.006430356249998104, 3.034375000614518481, -0.5810628371015496008 ) ) ;
#1143 = B_SPLINE_CURVE_WITH_KNOTS ( 'NONE', 3,
 ( #1318, #1301, #1748, #775, #1708, #378, #1734, #1158 ),
 .UNSPECIFIED., .F., .F.,
 ( 4, 2, 2, 4 ),
 ( 0.0006218714022885322079, 0.001108609597432134780, 0.001351978695003936120, 0.001595347792575737677 ),
 .UNSPECIFIED. ) ;
#1144 = CARTESIAN_POINT ( 'NONE',  ( -1.249999999999998224, 0.4187500012290353846, 0.7216878364870340512 ) ) ;
#1145 = VECTOR ( 'NONE', #973, 1000.000000000000000 ) ;
#1146 = CARTESIAN_POINT ( 'NONE',  ( -0.5032151781249993849, 2.059375000614517948, 0.8715942556523227358 ) ) ;
#1147 = CARTESIAN_POINT ( 'NONE',  ( 1.249999999999999334, -0.3499999999999986455, 0.000000000000000000 ) ) ;
#1148 = ORIENTED_EDGE ( 'NONE', *, *, #31, .T. ) ;
#1149 = VECTOR ( 'NONE', #2026, 1000.000000000000000 ) ;
#1150 = DIRECTION ( 'NONE',  ( 0.7071067811865489050, -0.7071067811865462405, 0.000000000000000000 ) ) ;
#1151 = VECTOR ( 'NONE', #851, 999.9999999999998863 ) ;
#1152 = ORIENTED_EDGE ( 'NONE', *, *, #2036, .F. ) ;
#1153 = CARTESIAN_POINT ( 'NONE',  ( -4.938688641342514686E-16, 1.787500000000000977, 1.249999999999999334 ) ) ;
#1154 = CARTESIAN_POINT ( 'NONE',  ( -1.006430356249999436, 1.421875000614518214, 1.644310252063557226E-15 ) ) ;
#1155 = CARTESIAN_POINT ( 'NONE',  ( 0.5032151781249999400, 0.3343750006145182474, 0.8715942556523221807 ) ) ;
#1156 = CARTESIAN_POINT ( 'NONE',  ( 1.530808498934191571E-16, 0.4500000000000000111, -1.250000000000000000 ) ) ;
#1157 = CARTESIAN_POINT ( 'NONE',  ( -0.8166113634594283077, 0.09792414536640323131, 0.6615976688792503113 ) ) ;
#1158 = CARTESIAN_POINT ( 'NONE',  ( -0.8266280255368738672, 0.02812500184355121516, -0.5740977002031183440 ) ) ;
#1159 = CARTESIAN_POINT ( 'NONE',  ( 0.5032151781250004952, 3.371875000614517948, 0.8715942556523216256 ) ) ;
#1160 = CARTESIAN_POINT ( 'NONE',  ( -3.086515833287601756E-15, 0.2687500012290354179, -1.443375672974063439 ) ) ;
#1161 = CARTESIAN_POINT ( 'NONE',  ( -1.062732146793064886E-15, 1.871875000614517948, -1.162125674203096537 ) ) ;
#1162 = ADVANCED_FACE ( 'NONE', ( #68 ), #852, .F. ) ;
#1163 = CARTESIAN_POINT ( 'NONE',  ( 1.006430356249999658, 3.559375000614517948, -9.819791222584817478E-16 ) ) ;
#1164 = ADVANCED_FACE ( 'NONE', ( #721 ), #2367, .F. ) ;
#1165 = CARTESIAN_POINT ( 'NONE',  ( 1.006430356249998770, 2.696875000614518125, -0.5810628371015489346 ) ) ;
#1166 = PRODUCT ( 'Screw_DIN_912_M2.5x3F_A2', 'Screw_DIN_912_M2.5x3F_A2', '', ( #2258 ) ) ;
#1167 = ORIENTED_EDGE ( 'NONE', *, *, #1126, .T. ) ;
#1168 = LINE ( 'NONE', #969, #2289 ) ;
#1169 = CARTESIAN_POINT ( 'NONE',  ( -0.5032151781249986078, 0.1468750006145183029, 0.8715942556523228468 ) ) ;
#1170 = DIRECTION ( 'NONE',  ( 0.000000000000000000, -0.6546536707079742001, -0.7559289460184569487 ) ) ;
#1171 = CARTESIAN_POINT ( 'NONE',  ( -0.3349364905389035640, 0.7388461906613696950, -1.250000000000000000 ) ) ;
#1172 = PLANE ( 'NONE',  #377 ) ;
#1173 = CARTESIAN_POINT ( 'NONE',  ( 2.909753293500117656E-15, 2.293750001229035718, 1.443375672974063439 ) ) ;
#1174 = CARTESIAN_POINT ( 'NONE',  ( -0.5032151781250003841, 1.459375000614518081, -0.8715942556523218476 ) ) ;
#1175 = B_SPLINE_CURVE_WITH_KNOTS ( 'NONE', 3,
 ( #480, #1671, #95, #1456, #1077, #2228, #2045, #846, #637, #1848, #1871, #1652, #446, #493, #2056, #2237, #1053, #1660 ),
 .UNSPECIFIED., .F., .F.,
 ( 4, 2, 2, 2, 2, 2, 2, 2, 4 ),
 ( 0.0002085310064896263814, 0.0006575075121467556603, 0.001106484017803884912, 0.001555460523461013730, 0.002004437029118142765, 0.002453413534775271583, 0.002902390040432399967, 0.003351366546089529219, 0.003800343051746658037 ),
 .UNSPECIFIED. ) ;
#1176 = CARTESIAN_POINT ( 'NONE',  ( -1.249999999999999778, -0.08749999999999870381, 0.7216878364870313867 ) ) ;
#1177 = CARTESIAN_POINT ( 'NONE',  ( 1.006430356249999658, 2.171875000614518214, 0.5810628371015478244 ) ) ;
#1178 = ORIENTED_EDGE ( 'NONE', *, *, #439, .T. ) ;
#1179 = DIRECTION ( 'NONE',  ( -0.000000000000000000, 1.000000000000000000, -0.000000000000000000 ) ) ;
#1180 = CARTESIAN_POINT ( 'NONE',  ( 1.827526258964323273E-15, 1.084375000614518081, 1.162125674203096093 ) ) ;
#1181 = CARTESIAN_POINT ( 'NONE',  ( -0.3349364905389035640, 1.188846190661369207, -1.250000000000000000 ) ) ;
#1182 = CARTESIAN_POINT ( 'NONE',  ( -1.249999999999999334, 0.8312500012290354734, 2.596460695863248776E-15 ) ) ;
#1183 = DIRECTION ( 'NONE',  ( -0.8660254037844389297, 0.000000000000000000, 0.4999999999999995559 ) ) ;
#1184 = CARTESIAN_POINT ( 'NONE',  ( -1.249999999999998224, 2.218750001229035096, 0.7216878364870340512 ) ) ;
#1185 = CARTESIAN_POINT ( 'NONE',  ( 0.5032151781249990519, 0.03437500061451832095, -0.8715942556523228468 ) ) ;
#1186 = STYLED_ITEM ( 'NONE', ( #1902 ), #712 ) ;
#1187 = CARTESIAN_POINT ( 'NONE',  ( 0.5032151781249990519, 3.634375000614517681, -0.8715942556523228468 ) ) ;
#1188 = AXIS2_PLACEMENT_3D ( 'NONE', #211, #763, #1207 ) ;
#1189 = ORIENTED_EDGE ( 'NONE', *, *, #1963, .T. ) ;
#1190 = CARTESIAN_POINT ( 'NONE',  ( 1.006430356249999880, 0.2593750006145182918, 0.5810628371015469362 ) ) ;
#1191 = AXIS2_PLACEMENT_3D ( 'NONE', #2068, #1886, #1686 ) ;
#1192 = CARTESIAN_POINT ( 'NONE',  ( 2.236935443431609674E-15, 0.9437500012290354068, 1.249999999999999556 ) ) ;
#1193 = EDGE_CURVE ( 'NONE', #1668, #628, #1585, .T. ) ;
#1194 = DIRECTION ( 'NONE',  ( 0.000000000000000000, 1.000000000000000000, 0.000000000000000000 ) ) ;
#1195 = CARTESIAN_POINT ( 'NONE',  ( 0.4249999999999976019, 4.249999999999999112, -0.7361215932167779474 ) ) ;
#1196 = FACE_OUTER_BOUND ( 'NONE', #1629, .T. ) ;
#1197 = ADVANCED_FACE ( 'NONE', ( #1196 ), #2323, .T. ) ;
#1198 = CARTESIAN_POINT ( 'NONE',  ( -1.249999999999998224, 1.318750001229035629, 0.7216878364870340512 ) ) ;
#1199 = ORIENTED_EDGE ( 'NONE', *, *, #145, .T. ) ;
#1200 = CARTESIAN_POINT ( 'NONE',  ( 0.5032151781249999400, 0.3343750006145182474, 0.8715942556523221807 ) ) ;
#1201 = PRODUCT_RELATED_PRODUCT_CATEGORY ( 'part', '', ( #1166 ) ) ;
#1202 = CARTESIAN_POINT ( 'NONE',  ( 8.838126989374219771E-17, 0.6625000000000011990, -1.443375672974063439 ) ) ;
#1203 = ORIENTED_EDGE ( 'NONE', *, *, #1258, .F. ) ;
#1204 = CARTESIAN_POINT ( 'NONE',  ( 1.006430356249999880, 1.159375000614517814, 0.5810628371015469362 ) ) ;
#1205 = CARTESIAN_POINT ( 'NONE',  ( -1.000000000000000444, 5.350000000000000533, -0.5773502691896265082 ) ) ;
#1206 = CARTESIAN_POINT ( 'NONE',  ( -0.4250000000000003775, 4.249999999999999112, -0.7361215932167717302 ) ) ;
#1207 = DIRECTION ( 'NONE',  ( 0.000000000000000000, 0.000000000000000000, 1.000000000000000000 ) ) ;
#1208 = EDGE_CURVE ( 'NONE', #1980, #1508, #17, .T. ) ;
#1209 = CARTESIAN_POINT ( 'NONE',  ( -3.086515833287601756E-15, 1.618750001229035451, -1.443375672974063439 ) ) ;
#1210 = ORIENTED_EDGE ( 'NONE', *, *, #1527, .F. ) ;
#1211 = EDGE_CURVE ( 'NONE', #1590, #1279, #2175, .T. ) ;
#1212 = CARTESIAN_POINT ( 'NONE',  ( 1.249999999999999334, 1.450000000000001288, 0.000000000000000000 ) ) ;
#1213 = ORIENTED_EDGE ( 'NONE', *, *, #754, .F. ) ;
#1214 = LINE ( 'NONE', #2345, #1361 ) ;
#1215 = CARTESIAN_POINT ( 'NONE',  ( 1.006430356249999436, 2.546875000614518658, -1.767562423498186358E-15 ) ) ;
#1216 = CARTESIAN_POINT ( 'NONE',  ( -1.250000000000000444, 2.593750001229035096, -0.7216878364870294993 ) ) ;
#1217 = DIRECTION ( 'NONE',  ( -0.8660254037844381525, 0.000000000000000000, 0.5000000000000008882 ) ) ;
#1218 = LINE ( 'NONE', #1457, #2209 ) ;
#1219 = CARTESIAN_POINT ( 'NONE',  ( 0.6249999999999997780, 1.525000000000001243, -1.082531754730547746 ) ) ;
#1220 = CARTESIAN_POINT ( 'NONE',  ( 0.6250000000000012212, 3.231250001229034829, 1.082531754730547080 ) ) ;
#1221 = VERTEX_POINT ( 'NONE', #1573 ) ;
#1222 = CARTESIAN_POINT ( 'NONE',  ( -1.006430356249998548, 0.1093750006145183112, 0.5810628371015493787 ) ) ;
#1223 = CARTESIAN_POINT ( 'NONE',  ( 0.5032151781249990519, 2.734375000614518214, -0.8715942556523228468 ) ) ;
#1224 = CARTESIAN_POINT ( 'NONE',  ( -0.6250000000000002220, 2.650000000000000799, 1.082531754730547746 ) ) ;
#1225 = CARTESIAN_POINT ( 'NONE',  ( 0.5032151781249990519, 3.634375000614517681, -0.8715942556523228468 ) ) ;
#1226 = EDGE_CURVE ( 'NONE', #1713, #1715, #604, .T. ) ;
#1227 =( BOUNDED_CURVE ( )  B_SPLINE_CURVE ( 2, ( #188, #2512, #1334, #1890, #940, #1903, #952, #320, #1141 ),
 .UNSPECIFIED., .F., .F. ) 
 B_SPLINE_CURVE_WITH_KNOTS ( ( 3, 2, 2, 2, 3 ),
 ( 0.7954545454545454142, 0.8030303030303029832, 0.8181818181818182323, 0.8333333333333333703, 0.8409090909090909394 ),
 .UNSPECIFIED. ) 
 CURVE ( )  GEOMETRIC_REPRESENTATION_ITEM ( )  RATIONAL_B_SPLINE_CURVE ( ( 0.9330127018922194093, 0.9330127018922194093, 1.000000000000000000, 0.8660254037844387076, 1.000000000000000000, 0.8660254037844387076, 1.000000000000000000, 0.9330127018922194093, 0.9330127018922194093 ) ) 
 REPRESENTATION_ITEM ( '' )  );
#1228 = CARTESIAN_POINT ( 'NONE',  ( -1.249999999999999334, 0.7750000000000011324, -1.530808498934190831E-16 ) ) ;
#1229 = ORIENTED_EDGE ( 'NONE', *, *, #2338, .F. ) ;
#1230 = CIRCLE ( 'NONE', #858, 2.100000000000000089 ) ;
#1231 = CARTESIAN_POINT ( 'NONE',  ( -1.006430356249998992, -0.6781249993854817637, 0.5810628371015487126 ) ) ;
#1232 = VECTOR ( 'NONE', #2163, 1000.000000000000114 ) ;
#1233 = CARTESIAN_POINT ( 'NONE',  ( 1.006430356249999880, 0.2593750006145182363, 0.5810628371015468252 ) ) ;
#1234 = CARTESIAN_POINT ( 'NONE',  ( 0.000000000000000000, 0.000000000000000000, 0.000000000000000000 ) ) ;
#1235 = VECTOR ( 'NONE', #1132, 999.9999999999998863 ) ;
#1236 = VECTOR ( 'NONE', #2437, 1000.000000000000114 ) ;
#1237 = VERTEX_POINT ( 'NONE', #1359 ) ;
#1238 = CARTESIAN_POINT ( 'NONE',  ( -1.006430356250000324, 0.4843750006145182141, -0.5810628371015467142 ) ) ;
#1239 = CARTESIAN_POINT ( 'NONE',  ( -0.5032151781250003841, 2.359375000614517770, -0.8715942556523218476 ) ) ;
#1240 = CARTESIAN_POINT ( 'NONE',  ( -1.249999999999999112, 2.087500000000001243, -0.7216878364870322748 ) ) ;
#1241 = CARTESIAN_POINT ( 'NONE',  ( 0.3349364905389011215, 1.992403810567667577, -1.250000000000000666 ) ) ;
#1242 = EDGE_CURVE ( 'NONE', #2398, #2492, #1577, .T. ) ;
#1243 = ORIENTED_EDGE ( 'NONE', *, *, #1869, .F. ) ;
#1244 = CARTESIAN_POINT ( 'NONE',  ( 0.5032151781250004952, 2.021875000614518303, 0.8715942556523216256 ) ) ;
#1245 = CARTESIAN_POINT ( 'NONE',  ( -1.006430356250000102, 1.384375000614518347, -0.5810628371015466032 ) ) ;
#1246 = LINE ( 'NONE', #1054, #2452 ) ;
#1247 = APPLICATION_CONTEXT ( 'automotive_design' ) ;
#1248 = DIRECTION ( 'NONE',  ( 0.000000000000000000, 0.000000000000000000, -1.000000000000000000 ) ) ;
#1249 = ORIENTED_EDGE ( 'NONE', *, *, #409, .F. ) ;
#1250 = CARTESIAN_POINT ( 'NONE',  ( 0.9999999999999993339, 4.399999999999999467, -0.5773502691896267303 ) ) ;
#1251 = CARTESIAN_POINT ( 'NONE',  ( -1.075000000000000844, 5.500000000000000000, 0.7072540797572927085 ) ) ;
#1252 = CARTESIAN_POINT ( 'NONE',  ( -0.4328500428071409556, 3.000000000000000444, -1.167010519936316104 ) ) ;
#1253 = CARTESIAN_POINT ( 'NONE',  ( -0.6249999999999993339, 1.600000000000001199, -1.082531754730547968 ) ) ;
#1254 = ORIENTED_EDGE ( 'NONE', *, *, #79, .F. ) ;
#1255 = CARTESIAN_POINT ( 'NONE',  ( 1.827526258964323273E-15, 3.334375000614518303, 1.162125674203096093 ) ) ;
#1256 = CARTESIAN_POINT ( 'NONE',  ( -0.5032151781250009392, 0.8968750006145183029, -0.8715942556523212925 ) ) ;
#1257 = CARTESIAN_POINT ( 'NONE',  ( 0.6249999999999997780, 2.425000000000001155, -1.082531754730547746 ) ) ;
#1258 = EDGE_CURVE ( 'NONE', #2517, #947, #2336, .T. ) ;
#1259 = ORIENTED_EDGE ( 'NONE', *, *, #1643, .T. ) ;
#1260 = CARTESIAN_POINT ( 'NONE',  ( 1.827526258964323273E-15, -0.2656249993854817304, 1.162125674203096093 ) ) ;
#1261 = CARTESIAN_POINT ( 'NONE',  ( -1.062732146793064886E-15, 2.771875000614517859, -1.162125674203096537 ) ) ;
#1262 = CARTESIAN_POINT ( 'NONE',  ( -1.249999999999999778, 3.062500000000000888, 0.7216878364870313867 ) ) ;
#1263 = LINE ( 'NONE', #308, #1490 ) ;
#1264 = FACE_OUTER_BOUND ( 'NONE', #910, .T. ) ;
#1265 = CARTESIAN_POINT ( 'NONE',  ( -0.6249999999999993339, 1.150000000000001243, -1.082531754730547968 ) ) ;
#1266 =( BOUNDED_CURVE ( )  B_SPLINE_CURVE ( 2, ( #2202, #1831, #656, #2389, #630, #65, #1425, #2188, #435 ),
 .UNSPECIFIED., .F., .F. ) 
 B_SPLINE_CURVE_WITH_KNOTS ( ( 3, 2, 2, 2, 3 ),
 ( 0.5227272727272727071, 0.5303030303030302761, 0.5454545454545454142, 0.5606060606060605522, 0.5681818181818181213 ),
 .UNSPECIFIED. ) 
 CURVE ( )  GEOMETRIC_REPRESENTATION_ITEM ( )  RATIONAL_B_SPLINE_CURVE ( ( 0.9330127018922194093, 0.9330127018922194093, 1.000000000000000000, 0.8660254037844387076, 1.000000000000000000, 0.8660254037844387076, 1.000000000000000000, 0.9330127018922198534, 0.9330127018922194093 ) ) 
 REPRESENTATION_ITEM ( '' )  );
#1267 = VERTEX_POINT ( 'NONE', #2360 ) ;
#1268 = CARTESIAN_POINT ( 'NONE',  ( -1.006430356249999436, 3.671875000614517770, 1.644310252063557226E-15 ) ) ;
#1269 = CARTESIAN_POINT ( 'NONE',  ( 0.5032151781249982747, 0.3718750006145182252, -0.8715942556523229579 ) ) ;
#1270 = CARTESIAN_POINT ( 'NONE',  ( 0.04193458993081564112, 2.999999999999999556, 1.005556339619434247 ) ) ;
#1271 = CARTESIAN_POINT ( 'NONE',  ( 0.3349364905389032865, 1.542403810567666955, -1.249999999999999112 ) ) ;
#1272 = VECTOR ( 'NONE', #2434, 1000.000000000000000 ) ;
#1273 = EDGE_LOOP ( 'NONE', ( #619, #107, #1369, #274, #1148, #1365 ) ) ;
#1274 = CARTESIAN_POINT ( 'NONE',  ( -1.006430356249999436, -0.3781249993854816638, 1.644310252063557226E-15 ) ) ;
#1275 = FACE_OUTER_BOUND ( 'NONE', #2391, .T. ) ;
#1276 = AXIS2_PLACEMENT_3D ( 'NONE', #666, #657, #2221 ) ;
#1277 = CARTESIAN_POINT ( 'NONE',  ( -0.5032151781250003841, 3.259375000614518125, -0.8715942556523218476 ) ) ;
#1278 = CARTESIAN_POINT ( 'NONE',  ( 0.04193458993081564112, 2.999999999999999556, 1.005556339619434247 ) ) ;
#1279 = VERTEX_POINT ( 'NONE', #1987 ) ;
#1280 = CARTESIAN_POINT ( 'NONE',  ( 1.006430356249999658, 0.4093750006145182030, -9.819791222584819450E-16 ) ) ;
#1281 = VERTEX_POINT ( 'NONE', #2513 ) ;
#1282 = CARTESIAN_POINT ( 'NONE',  ( 1.006430356249999436, 0.2968750006145182696, -1.767562423498186358E-15 ) ) ;
#1283 = CARTESIAN_POINT ( 'NONE',  ( 0.6879868884323101508, 0.2806073961851628384, -0.9358011484033494920 ) ) ;
#1284 = CARTESIAN_POINT ( 'NONE',  ( -0.5032151781249993849, 1.159375000614518259, 0.8715942556523227358 ) ) ;
#1285 = DIRECTION ( 'NONE',  ( 0.000000000000000000, 0.000000000000000000, -1.000000000000000000 ) ) ;
#1286 = CARTESIAN_POINT ( 'NONE',  ( 2.236935443431609674E-15, 2.743750001229035451, 1.249999999999999556 ) ) ;
#1287 = CARTESIAN_POINT ( 'NONE',  ( -1.969845607676301195E-15, 2.209375000614518303, -1.162125674203096093 ) ) ;
#1288 = ADVANCED_FACE ( 'NONE', ( #1977 ), #2129, .T. ) ;
#1289 = CARTESIAN_POINT ( 'NONE',  ( 2.236935443431609674E-15, 0.9437500012290354068, 1.249999999999999556 ) ) ;
#1290 = ADVANCED_FACE ( 'NONE', ( #811 ), #1172, .F. ) ;
#1291 = CARTESIAN_POINT ( 'NONE',  ( 1.006430356249999658, 1.759375000614518125, -9.819791222584817478E-16 ) ) ;
#1292 = CARTESIAN_POINT ( 'NONE',  ( 1.249999999999999334, 1.037500000000001421, -0.7216878364870317197 ) ) ;
#1293 = CARTESIAN_POINT ( 'NONE',  ( 1.249999999999999334, 0.6062500012290356066, -2.749541545756668106E-15 ) ) ;
#1294 = ORIENTED_EDGE ( 'NONE', *, *, #1380, .F. ) ;
#1295 = CARTESIAN_POINT ( 'NONE',  ( 1.006430356249999658, -0.04062499938548166240, -9.819791222584819450E-16 ) ) ;
#1296 =( BOUNDED_CURVE ( )  B_SPLINE_CURVE ( 2, ( #594, #1171, #1954, #2155, #1182, #1784, #16, #798, #1592 ),
 .UNSPECIFIED., .F., .T. ) 
 B_SPLINE_CURVE_WITH_KNOTS ( ( 3, 2, 2, 2, 3 ),
 ( 0.3863636363636362980, 0.3939393939393939226, 0.4090909090909091161, 0.4242424242424242542, 0.4318181818181818232 ),
 .UNSPECIFIED. ) 
 CURVE ( )  GEOMETRIC_REPRESENTATION_ITEM ( )  RATIONAL_B_SPLINE_CURVE ( ( 0.9330127018922194093, 0.9330127018922188542, 1.000000000000000000, 0.8660254037844387076, 1.000000000000000000, 0.8660254037844387076, 1.000000000000000000, 0.9330127018922194093, 0.9330127018922194093 ) ) 
 REPRESENTATION_ITEM ( '' )  );
#1297 = CARTESIAN_POINT ( 'NONE',  ( -1.006430356249998548, 2.809375000614518392, 0.5810628371015494897 ) ) ;
#1298 = LINE ( 'NONE', #729, #1535 ) ;
#1299 = CARTESIAN_POINT ( 'NONE',  ( 0.5032151781249999400, 1.684375000614518170, 0.8715942556523221807 ) ) ;
#1300 = CARTESIAN_POINT ( 'NONE',  ( 1.743066579297358255E-16, 2.462500000000000799, -1.249999999999999112 ) ) ;
#1301 = CARTESIAN_POINT ( 'NONE',  ( -0.1620184727599030261, 0.02812500184355217620, -1.006430356254402358 ) ) ;
#1302 = CARTESIAN_POINT ( 'NONE',  ( 1.006430356249998104, 1.234375000614517992, -0.5810628371015496008 ) ) ;
#1303 = CARTESIAN_POINT ( 'NONE',  ( -1.000000000000000444, 5.350000000000000533, 0.5773502691896261751 ) ) ;
#1304 = CARTESIAN_POINT ( 'NONE',  ( 1.249999999999999556, 3.737500000000001155, -0.7216878364870316087 ) ) ;
#1305 = CARTESIAN_POINT ( 'NONE',  ( 0.6250000000000012212, 0.9812500012290354956, 1.082531754730547080 ) ) ;
#1306 = CARTESIAN_POINT ( 'NONE',  ( -1.006430356249999880, 2.396875000614517859, -0.5810628371015476024 ) ) ;
#1307 = CARTESIAN_POINT ( 'NONE',  ( -0.7236689573151614541, 0.4500000000000000111, 1.019216974063122061 ) ) ;
#1308 = DIRECTION ( 'NONE',  ( 0.8660254037844389297, 0.000000000000000000, -0.4999999999999995559 ) ) ;
#1309 = EDGE_LOOP ( 'NONE', ( #896, #2017, #1647, #2005 ) ) ;
#1310 = CARTESIAN_POINT ( 'NONE',  ( 9.204127980810867663E-16, 1.196875000614517903, 1.162125674203096537 ) ) ;
#1311 = ORIENTED_EDGE ( 'NONE', *, *, #1242, .T. ) ;
#1312 = CARTESIAN_POINT ( 'NONE',  ( -0.3349364905389030089, 2.932596189432335354, -1.249999999999999334 ) ) ;
#1313 = CARTESIAN_POINT ( 'NONE',  ( -0.3349364905389030089, 1.582596189432335265, -1.249999999999999334 ) ) ;
#1314 = DIRECTION ( 'NONE',  ( 0.000000000000000000, 0.6546536707079769757, -0.7559289460184546172 ) ) ;
#1315 = FACE_OUTER_BOUND ( 'NONE', #557, .T. ) ;
#1316 = CARTESIAN_POINT ( 'NONE',  ( -0.5032151781250003841, 1.009375000614518347, -0.8715942556523218476 ) ) ;
#1317 =( LENGTH_UNIT ( ) NAMED_UNIT ( * ) SI_UNIT ( .MILLI., .METRE. ) );
#1318 = CARTESIAN_POINT ( 'NONE',  ( 2.734781404477624890E-11, 0.02812500184355181537, -1.006430356249999436 ) ) ;
#1319 = CARTESIAN_POINT ( 'NONE',  ( -1.006430356250000324, 0.9343750006145180587, -0.5810628371015467142 ) ) ;
#1320 = CARTESIAN_POINT ( 'NONE',  ( -1.062732146793064491E-15, -0.3781249993854816638, -1.162125674203096537 ) ) ;
#1321 = CIRCLE ( 'NONE', #1482, 0.1499999999999999667 ) ;
#1322 = VECTOR ( 'NONE', #929, 1000.000000000000000 ) ;
#1323 = CARTESIAN_POINT ( 'NONE',  ( -3.086515833287601756E-15, -1.081249998770964504, -1.443375672974063439 ) ) ;
#1324 = CARTESIAN_POINT ( 'NONE',  ( -0.5032151781249993849, 2.059375000614517948, 0.8715942556523227358 ) ) ;
#1325 = CARTESIAN_POINT ( 'NONE',  ( 2.236935443431609674E-15, 1.843750001229035318, 1.249999999999999556 ) ) ;
#1326 = ORIENTED_EDGE ( 'NONE', *, *, #1539, .F. ) ;
#1327 = CARTESIAN_POINT ( 'NONE',  ( -1.006430356249998992, 1.121875000614518170, 0.5810628371015487126 ) ) ;
#1328 = ADVANCED_FACE ( 'NONE', ( #198, #222 ), #4, .F. ) ;
#1329 = ORIENTED_EDGE ( 'NONE', *, *, #987, .F. ) ;
#1330 = CYLINDRICAL_SURFACE ( 'NONE', #2295, 1.249999999999999334 ) ;
#1331 = CARTESIAN_POINT ( 'NONE',  ( -0.5032151781249986078, 1.946875000614518125, 0.8715942556523228468 ) ) ;
#1332 = DIRECTION ( 'NONE',  ( -0.000000000000000000, -1.000000000000000000, -0.000000000000000000 ) ) ;
#1333 = CARTESIAN_POINT ( 'NONE',  ( -4.938688641342514686E-16, 2.687500000000000888, 1.249999999999999334 ) ) ;
#1334 = CARTESIAN_POINT ( 'NONE',  ( 0.6250000000000012212, 2.781250001229035096, 1.082531754730547080 ) ) ;
#1335 = CARTESIAN_POINT ( 'NONE',  ( 1.006430356249999436, 1.646875000614518081, -1.767562423498186358E-15 ) ) ;
#1336 = CARTESIAN_POINT ( 'NONE',  ( -0.5208333128494181397, 3.000000000000000888, -1.136324187996673230 ) ) ;
#1337 =( BOUNDED_CURVE ( )  B_SPLINE_CURVE ( 2, ( #2423, #74, #268, #1997, #483, #257, #1219, #1271, #1435 ),
 .UNSPECIFIED., .F., .T. ) 
 B_SPLINE_CURVE_WITH_KNOTS ( ( 3, 2, 2, 2, 3 ),
 ( 0.4318181818181818232, 0.4393939393939393923, 0.4545454545454545303, 0.4696969696969697239, 0.4772727272727272929 ),
 .UNSPECIFIED. ) 
 CURVE ( )  GEOMETRIC_REPRESENTATION_ITEM ( )  RATIONAL_B_SPLINE_CURVE ( ( 0.9330127018922194093, 0.9330127018922194093, 1.000000000000000000, 0.8660254037844387076, 1.000000000000000000, 0.8660254037844387076, 1.000000000000000000, 0.9330127018922194093, 0.9330127018922194093 ) ) 
 REPRESENTATION_ITEM ( '' )  );
#1338 = CARTESIAN_POINT ( 'NONE',  ( 1.249999999999999334, -0.7437499987709643712, -2.749541545756668106E-15 ) ) ;
#1339 = DIRECTION ( 'NONE',  ( 0.6546536707079803064, -0.6546536707079727568, -0.3779644730092294735 ) ) ;
#1340 = EDGE_LOOP ( 'NONE', ( #2235, #1605, #2160, #1485 ) ) ;
#1341 = CARTESIAN_POINT ( 'NONE',  ( 1.006430356249999658, 1.271875000614518081, 0.5810628371015478244 ) ) ;
#1342 = DIRECTION ( 'NONE',  ( -0.000000000000000000, -1.000000000000000000, -0.000000000000000000 ) ) ;
#1343 = CARTESIAN_POINT ( 'NONE',  ( -0.5032151781250009392, 2.246875000614517504, -0.8715942556523212925 ) ) ;
#1344 = FACE_OUTER_BOUND ( 'NONE', #244, .T. ) ;
#1345 = CYLINDRICAL_SURFACE ( 'NONE', #1808, 1.249999999999999334 ) ;
#1346 = DIRECTION ( 'NONE',  ( 0.7071067811865489050, 0.7071067811865462405, 0.000000000000000000 ) ) ;
#1347 = CARTESIAN_POINT ( 'NONE',  ( -1.969845607676301195E-15, 0.8593750006145183251, -1.162125674203096093 ) ) ;
#1348 = EDGE_CURVE ( 'NONE', #864, #2059, #1942, .T. ) ;
#1349 = CARTESIAN_POINT ( 'NONE',  ( 0.6250000000000012212, 0.5312500012290353180, 1.082531754730547080 ) ) ;
#1350 = CARTESIAN_POINT ( 'NONE',  ( -0.5032151781249993849, 0.7093750006145181919, 0.8715942556523227358 ) ) ;
#1351 = CARTESIAN_POINT ( 'NONE',  ( -0.6249999999999993339, 0.2500000000000013323, -1.082531754730547968 ) ) ;
#1352 = ORIENTED_EDGE ( 'NONE', *, *, #178, .T. ) ;
#1353 = CARTESIAN_POINT ( 'NONE',  ( -1.000000000000001776, 4.399999999999999467, -0.5773502691896238437 ) ) ;
#1354 = ORIENTED_EDGE ( 'NONE', *, *, #1414, .F. ) ;
#1355 = CARTESIAN_POINT ( 'NONE',  ( 0.9999999999999993339, 4.399999999999999467, -0.5773502691896267303 ) ) ;
#1356 = CARTESIAN_POINT ( 'NONE',  ( -1.969845607676301195E-15, -0.04062499938548166240, -1.162125674203096093 ) ) ;
#1357 = CARTESIAN_POINT ( 'NONE',  ( 0.9999999999999993339, 5.350000000000000533, 0.5773502691896267303 ) ) ;
#1358 = CARTESIAN_POINT ( 'NONE',  ( -0.6890273025281431485, 0.1077418065401674202, 0.8010651025958080984 ) ) ;
#1359 = CARTESIAN_POINT ( 'NONE',  ( -4.938688641342514686E-16, 2.687500000000000888, 1.249999999999999334 ) ) ;
#1360 = CARTESIAN_POINT ( 'NONE',  ( -1.249999999999998224, 0.8687500012290352291, 0.7216878364870340512 ) ) ;
#1361 = VECTOR ( 'NONE', #34, 999.9999999999998863 ) ;
#1362 = CARTESIAN_POINT ( 'NONE',  ( 1.006430356249999658, 1.721875000614518259, 0.5810628371015478244 ) ) ;
#1363 = VECTOR ( 'NONE', #1119, 1000.000000000000000 ) ;
#1364 = CARTESIAN_POINT ( 'NONE',  ( -0.5032151781249993849, 3.859375000614517770, 0.8715942556523227358 ) ) ;
#1365 = ORIENTED_EDGE ( 'NONE', *, *, #296, .T. ) ;
#1366 = VECTOR ( 'NONE', #2238, 1000.000000000000000 ) ;
#1367 = CARTESIAN_POINT ( 'NONE',  ( 1.006430356249998770, 3.146875000614518747, -0.5810628371015489346 ) ) ;
#1368 = AXIS2_PLACEMENT_3D ( 'NONE', #336, #509, #1138 ) ;
#1369 = ORIENTED_EDGE ( 'NONE', *, *, #2193, .T. ) ;
#1370 = CARTESIAN_POINT ( 'NONE',  ( 0.5032151781249982747, -0.07812499938548164713, -0.8715942556523229579 ) ) ;
#1371 = LINE ( 'NONE', #196, #1736 ) ;
#1372 = CARTESIAN_POINT ( 'NONE',  ( 0.8499999999999938716, 4.249999999999999112, -0.4907477288111921077 ) ) ;
#1373 = CARTESIAN_POINT ( 'NONE',  ( -0.6250000000000002220, 1.300000000000001155, 1.082531754730547746 ) ) ;
#1374 = CARTESIAN_POINT ( 'NONE',  ( -1.006430356250000324, 3.634375000614518125, -0.5810628371015467142 ) ) ;
#1375 = CARTESIAN_POINT ( 'NONE',  ( -3.086515833287601756E-15, 2.068750001229035185, -1.443375672974063439 ) ) ;
#1376 = CARTESIAN_POINT ( 'NONE',  ( 1.070533390785127578E-13, 0.1453125009217820507, 1.074088590388475151 ) ) ;
#1377 = CARTESIAN_POINT ( 'NONE',  ( 1.006430356249998992, 0.8968750006145183029, -0.5810628371015489346 ) ) ;
#1378 = CARTESIAN_POINT ( 'NONE',  ( -1.249999999999999778, -0.5374999999999987566, 0.7216878364870313867 ) ) ;
#1379 = CARTESIAN_POINT ( 'NONE',  ( 0.5032151781249990519, 2.284375000614518036, -0.8715942556523228468 ) ) ;
#1380 = EDGE_CURVE ( 'NONE', #1936, #1121, #963, .T. ) ;
#1381 = VERTEX_POINT ( 'NONE', #62 ) ;
#1382 = DIRECTION ( 'NONE',  ( -0.3535533905932697341, -0.7071067811865489050, 0.6123724356957954695 ) ) ;
#1383 = CARTESIAN_POINT ( 'NONE',  ( -1.006430356249999436, 0.5218750006145181919, 1.644310252063557226E-15 ) ) ;
#1384 = CYLINDRICAL_SURFACE ( 'NONE', #283, 1.249999999999999334 ) ;
#1385 = CARTESIAN_POINT ( 'NONE',  ( -0.8266280255368738672, 0.02812500184355121516, -0.5740977002031183440 ) ) ;
#1386 = CARTESIAN_POINT ( 'NONE',  ( -1.000000000000000444, 5.350000000000000533, -0.5773502691896265082 ) ) ;
#1387 = CARTESIAN_POINT ( 'NONE',  ( 0.9999999999999993339, 4.399999999999999467, 0.5773502691896267303 ) ) ;
#1388 = CARTESIAN_POINT ( 'NONE',  ( -3.086515833287601756E-15, 2.518750001229035362, -1.443375672974063439 ) ) ;
#1389 = CARTESIAN_POINT ( 'NONE',  ( 1.006430356249999658, 0.3718750006145182252, 0.5810628371015478244 ) ) ;
#1390 = CARTESIAN_POINT ( 'NONE',  ( -0.6250000000000002220, 0.4000000000000012434, 1.082531754730547746 ) ) ;
#1391 = ADVANCED_FACE ( 'NONE', ( #663 ), #834, .T. ) ;
#1392 = EDGE_CURVE ( 'NONE', #2180, #817, #1809, .T. ) ;
#1393 = ORIENTED_EDGE ( 'NONE', *, *, #1979, .F. ) ;
#1394 = CARTESIAN_POINT ( 'NONE',  ( 0.1385715426763052260, 0.4437753459259769495, 1.240663732098898908 ) ) ;
#1395 = CARTESIAN_POINT ( 'NONE',  ( -0.5032151781250009392, -0.4531249993854816749, -0.8715942556523212925 ) ) ;
#1396 = CARTESIAN_POINT ( 'NONE',  ( 0.5826578956285518585, 0.02812500184355231150, -0.8206167428484558712 ) ) ;
#1397 = LINE ( 'NONE', #984, #121 ) ;
#1398 = CARTESIAN_POINT ( 'NONE',  ( 1.006430356249999880, 3.409375000614517592, 0.5810628371015469362 ) ) ;
#1399 = CARTESIAN_POINT ( 'NONE',  ( 2.909753293500117656E-15, 2.743750001229035895, 1.443375672974063439 ) ) ;
#1400 = DIRECTION ( 'NONE',  ( -0.000000000000000000, -1.000000000000000000, -0.000000000000000000 ) ) ;
#1401 = CARTESIAN_POINT ( 'NONE',  ( 0.5032151781249990519, 0.4843750006145182141, -0.8715942556523228468 ) ) ;
#1402 = CARTESIAN_POINT ( 'NONE',  ( 1.249999999999999334, 0.5500000000000012657, 0.000000000000000000 ) ) ;
#1403 = VECTOR ( 'NONE', #1339, 1000.000000000000000 ) ;
#1404 = ORIENTED_EDGE ( 'NONE', *, *, #1518, .F. ) ;
#1405 = CARTESIAN_POINT ( 'NONE',  ( 0.000000000000000000, 3.149999999999999911, 0.000000000000000000 ) ) ;
#1406 = CARTESIAN_POINT ( 'NONE',  ( -1.006430356249998548, 1.009375000614518125, 0.5810628371015493787 ) ) ;
#1407 = AXIS2_PLACEMENT_3D ( 'NONE', #348, #2266, #913 ) ;
#1408 = CARTESIAN_POINT ( 'NONE',  ( 1.249999999999997780, 1.093750001229035096, -0.7216878364870343843 ) ) ;
#1409 = DIRECTION ( 'NONE',  ( -1.051620219116009054E-14, 0.000000000000000000, -1.000000000000000000 ) ) ;
#1410 = DIRECTION ( 'NONE',  ( -0.000000000000000000, -1.000000000000000000, -0.000000000000000000 ) ) ;
#1411 = CARTESIAN_POINT ( 'NONE',  ( -1.250000000000000444, 1.693750001229035407, -0.7216878364870296103 ) ) ;
#1412 = ORIENTED_EDGE ( 'NONE', *, *, #1612, .T. ) ;
#1413 = CARTESIAN_POINT ( 'NONE',  ( -0.5032151781249993849, 2.959375000614518303, 0.8715942556523227358 ) ) ;
#1414 = EDGE_CURVE ( 'NONE', #1537, #2065, #1246, .T. ) ;
#1415 = CARTESIAN_POINT ( 'NONE',  ( -1.249999999999999778, 3.962500000000000799, 0.7216878364870313867 ) ) ;
#1416 = ORIENTED_EDGE ( 'NONE', *, *, #2146, .T. ) ;
#1417 = CARTESIAN_POINT ( 'NONE',  ( 1.006430356249998104, 2.584375000614517859, -0.5810628371015496008 ) ) ;
#1418 = CARTESIAN_POINT ( 'NONE',  ( 0.6249999999999987788, 0.9250000000000011546, 1.082531754730548412 ) ) ;
#1419 = PLANE ( 'NONE',  #2370 ) ;
#1420 = CARTESIAN_POINT ( 'NONE',  ( 1.005296160080527024, 3.000000000000000000, -0.04776706510607209299 ) ) ;
#1421 = EDGE_CURVE ( 'NONE', #114, #32, #877, .T. ) ;
#1422 = CARTESIAN_POINT ( 'NONE',  ( -0.6249999999999978906, 3.156250001229035096, 1.082531754730548856 ) ) ;
#1423 = ORIENTED_EDGE ( 'NONE', *, *, #31, .F. ) ;
#1424 = CARTESIAN_POINT ( 'NONE',  ( 1.006430356249998104, -0.1156249993854816388, -0.5810628371015496008 ) ) ;
#1425 = CARTESIAN_POINT ( 'NONE',  ( 0.6249999999999974465, 1.581250001229035362, -1.082531754730548856 ) ) ;
#1426 = CARTESIAN_POINT ( 'NONE',  ( 0.6249999999999997780, 3.325000000000000622, -1.082531754730547746 ) ) ;
#1427 = CARTESIAN_POINT ( 'NONE',  ( 1.006430356249999658, 3.521875000614517859, 0.5810628371015478244 ) ) ;
#1428 = B_SPLINE_CURVE_WITH_KNOTS ( 'NONE', 3,
 ( #1385, #1966, #1926, #15, #2358, #173, #1157, #1358, #951, #1747, #2511, #761, #1558, #2321 ),
 .UNSPECIFIED., .F., .F.,
 ( 4, 2, 2, 2, 2, 2, 4 ),
 ( 1.167286503384585137E-13, 0.0005656480546431209497, 0.001131296109169513224, 0.001414120136432709144, 0.001696944163695905065, 0.001979768190959100768, 0.002262592218222296905 ),
 .UNSPECIFIED. ) ;
#1429 = CARTESIAN_POINT ( 'NONE',  ( 1.249999999999999334, 1.900000000000001021, 0.000000000000000000 ) ) ;
#1430 = ORIENTED_EDGE ( 'NONE', *, *, #1014, .T. ) ;
#1431 = CARTESIAN_POINT ( 'NONE',  ( 0.5032151781249982747, 3.521875000614517859, -0.8715942556523229579 ) ) ;
#1432 = CARTESIAN_POINT ( 'NONE',  ( -0.3349364905389008995, 2.723653811796701518, 1.250000000000000000 ) ) ;
#1433 = CARTESIAN_POINT ( 'NONE',  ( -1.006430356249998548, 0.1093750006145182974, 0.5810628371015494897 ) ) ;
#1434 = DIRECTION ( 'NONE',  ( -0.000000000000000000, 1.000000000000000000, -0.000000000000000000 ) ) ;
#1435 = CARTESIAN_POINT ( 'NONE',  ( 1.743066579297358255E-16, 1.562500000000000666, -1.249999999999999112 ) ) ;
#1436 = ORIENTED_EDGE ( 'NONE', *, *, #2414, .T. ) ;
#1437 = CARTESIAN_POINT ( 'NONE',  ( -0.5032151781250009392, 0.4468750006145182363, -0.8715942556523212925 ) ) ;
#1438 = CARTESIAN_POINT ( 'NONE',  ( -1.006430356249999658, 0.1843750006145182807, 8.587269508238524180E-16 ) ) ;
#1439 = EDGE_CURVE ( 'NONE', #1936, #1698, #2273, .T. ) ;
#1440 = CARTESIAN_POINT ( 'NONE',  ( -1.006430356249998992, 3.821875000614517681, 0.5810628371015487126 ) ) ;
#1441 = AXIS2_PLACEMENT_3D ( 'NONE', #854, #1645, #1248 ) ;
#1442 = CARTESIAN_POINT ( 'NONE',  ( 0.4301639428188619996, 0.4633098365691330489, 1.195020404791923063 ) ) ;
#1443 = VERTEX_POINT ( 'NONE', #1816 ) ;
#1444 = VECTOR ( 'NONE', #1410, 1000.000000000000000 ) ;
#1445 = CARTESIAN_POINT ( 'NONE',  ( -1.006430356250000324, 2.734375000614517770, -0.5810628371015467142 ) ) ;
#1446 = CIRCLE ( 'NONE', #1099, 0.9901923788646657121 ) ;
#1447 = DIRECTION ( 'NONE',  ( -0.000000000000000000, -1.000000000000000000, -0.000000000000000000 ) ) ;
#1448 = CARTESIAN_POINT ( 'NONE',  ( -1.969845607676301195E-15, 1.309375000614518170, -1.162125674203096093 ) ) ;
#1449 = DIRECTION ( 'NONE',  ( -0.000000000000000000, -1.000000000000000000, -0.000000000000000000 ) ) ;
#1450 = ORIENTED_EDGE ( 'NONE', *, *, #840, .T. ) ;
#1451 = DIRECTION ( 'NONE',  ( -0.000000000000000000, -1.000000000000000000, -0.000000000000000000 ) ) ;
#1452 = CARTESIAN_POINT ( 'NONE',  ( -1.249999999999999556, 2.162500000000001421, 0.7216878364870313867 ) ) ;
#1453 = CYLINDRICAL_SURFACE ( 'NONE', #1441, 2.250000000000000000 ) ;
#1454 = VERTEX_POINT ( 'NONE', #638 ) ;
#1455 = CARTESIAN_POINT ( 'NONE',  ( 1.006430356249999436, 2.996875000614518392, -1.767562423498186358E-15 ) ) ;
#1456 = CARTESIAN_POINT ( 'NONE',  ( -0.5710193786993208453, 0.3781739787777523287, 1.075487378160709495 ) ) ;
#1457 = CARTESIAN_POINT ( 'NONE',  ( -1.000000000000000444, 4.399999999999999467, -0.5773502691896265082 ) ) ;
#1458 = ORIENTED_EDGE ( 'NONE', *, *, #563, .T. ) ;
#1459 = CARTESIAN_POINT ( 'NONE',  ( 0.5032151781249982747, 0.3718750006145182252, -0.8715942556523229579 ) ) ;
#1460 = CARTESIAN_POINT ( 'NONE',  ( 9.204127980810867663E-16, 2.546875000614517770, 1.162125674203096537 ) ) ;
#1461 = CARTESIAN_POINT ( 'NONE',  ( -3.569075380924708916E-16, 5.350000000000000533, 1.154700538379252128 ) ) ;
#1462 = CARTESIAN_POINT ( 'NONE',  ( 0.6249999999999987788, 1.825000000000001066, 1.082531754730548412 ) ) ;
#1463 = CARTESIAN_POINT ( 'NONE',  ( 1.743066579297358255E-16, 2.462500000000000799, -1.249999999999999112 ) ) ;
#1464 = ORIENTED_EDGE ( 'NONE', *, *, #999, .T. ) ;
#1465 = CARTESIAN_POINT ( 'NONE',  ( -1.006430356250000324, 3.184375000614518392, -0.5810628371015467142 ) ) ;
#1466 = EDGE_CURVE ( 'NONE', #2290, #864, #1007, .T. ) ;
#1467 = ADVANCED_FACE ( 'NONE', ( #651 ), #1838, .T. ) ;
#1468 = CARTESIAN_POINT ( 'NONE',  ( -1.969845607676301195E-15, 0.8593750006145183251, -1.162125674203096093 ) ) ;
#1469 = CARTESIAN_POINT ( 'NONE',  ( 0.5651917336864209496, 3.000000000000000888, 0.8734191423995371073 ) ) ;
#1470 = ORIENTED_EDGE ( 'NONE', *, *, #92, .F. ) ;
#1471 = CARTESIAN_POINT ( 'NONE',  ( -0.5032151781250003841, -0.7906249993854816971, -0.8715942556523218476 ) ) ;
#1472 = CARTESIAN_POINT ( 'NONE',  ( -1.000000000000000444, 4.399999999999999467, 0.5773502691896261751 ) ) ;
#1473 = CARTESIAN_POINT ( 'NONE',  ( 1.017732408389628418, 2.999999999999999556, -0.2338311190844206133 ) ) ;
#1474 = CARTESIAN_POINT ( 'NONE',  ( 1.006430356249999658, 3.109375000614518214, -9.819791222584817478E-16 ) ) ;
#1475 = ORIENTED_EDGE ( 'NONE', *, *, #315, .F. ) ;
#1476 = CARTESIAN_POINT ( 'NONE',  ( 1.006430356249999658, -0.07812499938548175815, 0.5810628371015478244 ) ) ;
#1477 =( BOUNDED_CURVE ( )  B_SPLINE_CURVE ( 2, ( #1772, #1015, #391, #3, #2383, #210, #625, #603, #2335 ),
 .UNSPECIFIED., .F., .T. ) 
 B_SPLINE_CURVE_WITH_KNOTS ( ( 3, 2, 2, 2, 3 ),
 ( 0.5681818181818181213, 0.5757575757575758013, 0.5909090909090909394, 0.6060606060606060774, 0.6136363636363636465 ),
 .UNSPECIFIED. ) 
 CURVE ( )  GEOMETRIC_REPRESENTATION_ITEM ( )  RATIONAL_B_SPLINE_CURVE ( ( 0.9330127018922194093, 0.9330127018922188542, 1.000000000000000000, 0.8660254037844387076, 1.000000000000000000, 0.8660254037844387076, 1.000000000000000000, 0.9330127018922194093, 0.9330127018922194093 ) ) 
 REPRESENTATION_ITEM ( '' )  );
#1478 = ADVANCED_FACE ( 'NONE', ( #1626 ), #1804, .T. ) ;
#1479 = CARTESIAN_POINT ( 'NONE',  ( -0.5032151781249986078, 1.046875000614518214, 0.8715942556523228468 ) ) ;
#1480 = FACE_OUTER_BOUND ( 'NONE', #141, .T. ) ;
#1481 = PLANE ( 'NONE',  #1407 ) ;
#1482 = AXIS2_PLACEMENT_3D ( 'NONE', #91, #1048, #102 ) ;
#1483 = CARTESIAN_POINT ( 'NONE',  ( -1.006430356249999880, 0.5968750006145181475, -0.5810628371015476024 ) ) ;
#1484 = VECTOR ( 'NONE', #634, 1000.000000000000000 ) ;
#1485 = ORIENTED_EDGE ( 'NONE', *, *, #2397, .T. ) ;
#1486 = CARTESIAN_POINT ( 'NONE',  ( 1.006430356249998104, 2.584375000614517859, -0.5810628371015496008 ) ) ;
#1487 = CARTESIAN_POINT ( 'NONE',  ( 9.204127980810863719E-16, -0.1531249993854817137, 1.162125674203096537 ) ) ;
#1488 = EDGE_CURVE ( 'NONE', #1590, #960, #1828, .T. ) ;
#1489 = DIRECTION ( 'NONE',  ( -0.5000000000000002220, 0.000000000000000000, 0.8660254037844385966 ) ) ;
#1490 = VECTOR ( 'NONE', #1656, 1000.000000000000000 ) ;
#1491 = B_SPLINE_CURVE_WITH_KNOTS ( 'NONE', 3,
 ( #1270, #85, #1469, #240, #232, #38, #822, #1420 ),
 .UNSPECIFIED., .F., .F.,
 ( 4, 2, 2, 4 ),
 ( 0.000000000000000000, 0.0007953094646811643270, 0.001192964197021746491, 0.001590618929362328654 ),
 .UNSPECIFIED. ) ;
#1492 = DIRECTION ( 'NONE',  ( 0.000000000000000000, 0.000000000000000000, 1.000000000000000000 ) ) ;
#1493 = CARTESIAN_POINT ( 'NONE',  ( 0.000000000000000000, 5.349999999999999645, 0.000000000000000000 ) ) ;
#1494 = CARTESIAN_POINT ( 'NONE',  ( 1.743066579297358255E-16, 0.6625000000000011990, -1.249999999999999112 ) ) ;
#1495 = EDGE_LOOP ( 'NONE', ( #957, #1934, #1423, #1199 ) ) ;
#1496 = CARTESIAN_POINT ( 'NONE',  ( -1.006430356249999658, 0.6343750006145181253, 8.587269508238526152E-16 ) ) ;
#1497 = ORIENTED_EDGE ( 'NONE', *, *, #613, .T. ) ;
#1498 = CARTESIAN_POINT ( 'NONE',  ( -1.249999999999999112, 1.637500000000001288, -0.7216878364870322748 ) ) ;
#1499 = CARTESIAN_POINT ( 'NONE',  ( 1.150000000000000133, 5.500000000000000000, 0.6639528095680711228 ) ) ;
#1500 =( BOUNDED_CURVE ( )  B_SPLINE_CURVE ( 2, ( #230, #1181, #1005, #2510, #2127, #1939, #773, #2154, #2334 ),
 .UNSPECIFIED., .F., .F. ) 
 B_SPLINE_CURVE_WITH_KNOTS ( ( 3, 2, 2, 2, 3 ),
 ( 0.4772727272727272374, 0.4848484848484848619, 0.5000000000000000000, 0.5151515151515151381, 0.5227272727272727071 ),
 .UNSPECIFIED. ) 
 CURVE ( )  GEOMETRIC_REPRESENTATION_ITEM ( )  RATIONAL_B_SPLINE_CURVE ( ( 0.9330127018922194093, 0.9330127018922188542, 1.000000000000000000, 0.8660254037844387076, 1.000000000000000000, 0.8660254037844387076, 1.000000000000000000, 0.9330127018922194093, 0.9330127018922194093 ) ) 
 REPRESENTATION_ITEM ( '' )  );
#1501 = LINE ( 'NONE', #786, #1232 ) ;
#1502 = ORIENTED_EDGE ( 'NONE', *, *, #2193, .F. ) ;
#1503 = CARTESIAN_POINT ( 'NONE',  ( -1.969845607676301195E-15, 1.309375000614518170, -1.162125674203096093 ) ) ;
#1504 = CARTESIAN_POINT ( 'NONE',  ( 2.909753293500117656E-15, 0.9437500012290352958, 1.443375672974063439 ) ) ;
#1505 = CARTESIAN_POINT ( 'NONE',  ( 0.5032151781249990519, 2.734375000614518214, -0.8715942556523228468 ) ) ;
#1506 = DIRECTION ( 'NONE',  ( 0.000000000000000000, 0.000000000000000000, 1.000000000000000000 ) ) ;
#1507 = CARTESIAN_POINT ( 'NONE',  ( 0.3349364905389027869, 0.6986538117967010519, -1.249999999999998446 ) ) ;
#1508 = VERTEX_POINT ( 'NONE', #2384 ) ;
#1509 = CARTESIAN_POINT ( 'NONE',  ( -1.006430356249999880, 1.946875000614518125, -0.5810628371015476024 ) ) ;
#1510 = ORIENTED_EDGE ( 'NONE', *, *, #1519, .T. ) ;
#1511 = CARTESIAN_POINT ( 'NONE',  ( 0.5826578956285518585, 0.02812500184355231150, -0.8206167428484558712 ) ) ;
#1512 = DIRECTION ( 'NONE',  ( 0.8660254037844389297, 0.000000000000000000, -0.4999999999999995559 ) ) ;
#1513 = CARTESIAN_POINT ( 'NONE',  ( 1.124428336642569803, 0.2249108214392231408, 0.1077924123924964284 ) ) ;
#1514 = LINE ( 'NONE', #2281, #1145 ) ;
#1515 = CARTESIAN_POINT ( 'NONE',  ( -1.006430356249999436, 2.321875000614518125, 1.644310252063557226E-15 ) ) ;
#1516 = DIRECTION ( 'NONE',  ( -0.000000000000000000, -1.000000000000000000, -0.000000000000000000 ) ) ;
#1517 = CARTESIAN_POINT ( 'NONE',  ( -0.6250000000000017764, -0.5937499987709644600, -1.082531754730546636 ) ) ;
#1518 = EDGE_CURVE ( 'NONE', #2505, #1896, #1446, .T. ) ;
#1519 = EDGE_CURVE ( 'NONE', #1279, #2042, #1218, .T. ) ;
#1520 = CARTESIAN_POINT ( 'NONE',  ( 0.9999999999999993339, 5.350000000000000533, -0.5773502691896267303 ) ) ;
#1521 = ORIENTED_EDGE ( 'NONE', *, *, #181, .T. ) ;
#1522 = CARTESIAN_POINT ( 'NONE',  ( -0.5032151781249993849, 0.2593750006145182363, 0.8715942556523227358 ) ) ;
#1523 = CARTESIAN_POINT ( 'NONE',  ( -1.006430356249999436, 2.321875000614518125, 1.644310252063557226E-15 ) ) ;
#1524 = CARTESIAN_POINT ( 'NONE',  ( 2.162577587529268681E-16, 4.399999999999999467, -1.154700538379252128 ) ) ;
#1525 = CARTESIAN_POINT ( 'NONE',  ( -0.5032151781250003841, 0.1093750006145182974, -0.8715942556523218476 ) ) ;
#1526 = CARTESIAN_POINT ( 'NONE',  ( -1.006430356250000324, -0.8656249993854816527, -0.5810628371015467142 ) ) ;
#1527 = EDGE_CURVE ( 'NONE', #968, #1852, #835, .T. ) ;
#1528 = CARTESIAN_POINT ( 'NONE',  ( 2.734781404477624890E-11, 0.02812500184355181537, -1.006430356249999436 ) ) ;
#1529 = CARTESIAN_POINT ( 'NONE',  ( 0.000000000000000000, 3.149999999999999911, -2.250000000000000000 ) ) ;
#1530 = CARTESIAN_POINT ( 'NONE',  ( -1.006430356250000324, 1.384375000614518125, -0.5810628371015467142 ) ) ;
#1531 = VECTOR ( 'NONE', #390, 1000.000000000000000 ) ;
#1532 = CARTESIAN_POINT ( 'NONE',  ( -0.5032151781249993849, 0.2593750006145182363, 0.8715942556523227358 ) ) ;
#1533 = VECTOR ( 'NONE', #1661, 1000.000000000000000 ) ;
#1534 = CARTESIAN_POINT ( 'NONE',  ( 1.249999999999998002, -1.156249998770964238, -0.7216878364870344953 ) ) ;
#1535 = VECTOR ( 'NONE', #1703, 1000.000000000000000 ) ;
#1536 = CARTESIAN_POINT ( 'NONE',  ( 1.084202172485504434E-15, 4.114285714285718321, -0.8247860988423266759 ) ) ;
#1537 = VERTEX_POINT ( 'NONE', #277 ) ;
#1538 = CARTESIAN_POINT ( 'NONE',  ( 0.5032151781249999400, 0.7843750006145181475, 0.8715942556523221807 ) ) ;
#1539 = EDGE_CURVE ( 'NONE', #923, #1281, #1491, .T. ) ;
#1540 = FACE_OUTER_BOUND ( 'NONE', #2431, .T. ) ;
#1541 = CARTESIAN_POINT ( 'NONE',  ( -1.006430356250000102, 2.284375000614518036, -0.5810628371015466032 ) ) ;
#1542 = CARTESIAN_POINT ( 'NONE',  ( 0.5032151781249982747, -0.5281249993854816305, -0.8715942556523229579 ) ) ;
#1543 =( BOUNDED_SURFACE ( )  B_SPLINE_SURFACE ( 1, 2, ( 
 ( #2460, #1097, #1693, #1892, #1471, #133, #2485, #2474, #720, #2283, #1664, #527, #2102, #2242, #676, #1320, #2089, #2048, #340, #1117, #2298, #1487, #1905, #149, #1723, #732, #353, #1744, #1525, #2293, #1438, #2012, #1532, #2356, #1155, #2111, #1037, #1833, #1789, #2069, #683, #1483, #1113, #2252, #1688, #2470, #1079, #96, #540, #550, #495, #1915, #1316, #156, #337, #888, #1284, #2058, #1887, #1901, #1873, #112, #1093, #1719, #2098, #349, #2457, #2267, #1731, #510, #1299, #319, #1291, #2062, #2051, #2105, #736, #311, #722, #120, #1324, #2301, #1907, #1085, #103, #295, #355, #904, #919, #1306, #137, #1131, #326, #2285, #2462, #1919, #342, #531, #1505, #2092, #2244, #161, #945, #1739, #2274, #488, #1118, #517, #1474, #933, #1101, #2076, #1277, #1071, #1677, #10, #2516, #1947, #966, #767, #1163, #2327, #1187, #1959, #1576, #792, #1563, #571, #1364 ),
 ( #216, #2133, #1973, #1778, #2342, #1001, #804, #1378, #179, #1589, #1765, #20, #1147, #989, #2527, #384, #780, #2147, #586, #1176, #816, #396, #202, #1933, #977, #2353, #1597, #956, #1351, #2363, #1753, #598, #1390, #2159, #607, #405, #1402, #2170, #418, #1202, #1982, #226, #1798, #30, #1607, #2376, #2119, #369, #853, #249, #1011, #2223, #1265, #2234, #465, #427, #871, #1024, #44, #1857, #1212, #633, #2429, #1822, #1253, #2014, #883, #440, #55, #1633, #1462, #841, #1429, #273, #668, #2192, #1707, #2443, #1114, #978, #793, #990, #2412, #2436, #2204, #42, #1059, #89, #1046, #2220, #463, #281, #1224, #1022, #2027, #850, #66, #236, #436, #826, #78, #867, #2426, #1262, #2039, #1854, #1619, #880, #2179, #631, #1426, #2189, #733, #2299, #543, #307, #1675, #1068, #942, #117, #706, #1304, #134, #2271, #2074, #1790, #21, #1415, #1566 ) ),
 .UNSPECIFIED., .F., .F., .T. ) 
 B_SPLINE_SURFACE_WITH_KNOTS ( ( 2, 2 ),
 ( 3, 2, 2, 2, 2, 2, 2, 2, 2, 2, 2, 2, 2, 2, 2, 2, 2, 2, 2, 2, 2, 2, 2, 2, 2, 2, 2, 2, 2, 2, 2, 2, 2, 2, 2, 2, 2, 2, 2, 2, 2, 2, 2, 2, 2, 2, 2, 2, 2, 2, 2, 2, 2, 2, 2, 2, 2, 2, 2, 2, 2, 2, 2, 2, 3 ),
 ( 0.000000000000000000, 1.000000000000000000 ),
 ( 0.000000000000000000, 0.01515151515151515194, 0.03030303030303030387, 0.04545454545454545581, 0.06060606060606060774, 0.07575757575757575968, 0.09090909090909091161, 0.1060606060606060635, 0.1212121212121212155, 0.1363636363636363535, 0.1515151515151515194, 0.1666666666666666574, 0.1818181818181818232, 0.1969696969696969613, 0.2121212121212121271, 0.2272727272727272652, 0.2424242424242424310, 0.2575757575757575690, 0.2727272727272727071, 0.2878787878787879007, 0.3030303030303030387, 0.3181818181818181768, 0.3333333333333333148, 0.3484848484848485084, 0.3636363636363636465, 0.3787878787878787845, 0.3939393939393939226, 0.4090909090909091161, 0.4242424242424242542, 0.4393939393939393923, 0.4545454545454545303, 0.4696969696969697239, 0.4848484848484848619, 0.5000000000000000000, 0.5151515151515151381, 0.5303030303030302761, 0.5454545454545454142, 0.5606060606060605522, 0.5757575757575758013, 0.5909090909090909394, 0.6060606060606060774, 0.6212121212121212155, 0.6363636363636363535, 0.6515151515151514916, 0.6666666666666666297, 0.6818181818181817677, 0.6969696969696970168, 0.7121212121212121549, 0.7272727272727272929, 0.7424242424242424310, 0.7575757575757575690, 0.7727272727272727071, 0.7878787878787878451, 0.8030303030303029832, 0.8181818181818182323, 0.8333333333333333703, 0.8484848484848485084, 0.8636363636363636465, 0.8787878787878787845, 0.8939393939393939226, 0.9090909090909090606, 0.9242424242424241987, 0.9393939393939394478, 0.9545454545454545858, 0.9696969696969697239 ),
 .UNSPECIFIED. ) 
 GEOMETRIC_REPRESENTATION_ITEM ( )  RATIONAL_B_SPLINE_SURFACE ( (
 ( 1.000000000000000000, 0.8660254037844387076, 1.000000000000000000, 0.8660254037844387076, 1.000000000000000000, 0.8660254037844387076, 1.000000000000000000, 0.8660254037844387076, 1.000000000000000000, 0.8660254037844387076, 1.000000000000000000, 0.8660254037844387076, 1.000000000000000000, 0.8660254037844387076, 1.000000000000000000, 0.8660254037844387076, 1.000000000000000000, 0.8660254037844387076, 1.000000000000000000, 0.8660254037844387076, 1.000000000000000000, 0.8660254037844387076, 1.000000000000000000, 0.8660254037844387076, 1.000000000000000000, 0.8660254037844387076, 1.000000000000000000, 0.8660254037844387076, 1.000000000000000000, 0.8660254037844387076, 1.000000000000000000, 0.8660254037844387076, 1.000000000000000000, 0.8660254037844387076, 1.000000000000000000, 0.8660254037844387076, 1.000000000000000000, 0.8660254037844387076, 1.000000000000000000, 0.8660254037844387076, 1.000000000000000000, 0.8660254037844387076, 1.000000000000000000, 0.8660254037844387076, 1.000000000000000000, 0.8660254037844387076, 1.000000000000000000, 0.8660254037844387076, 1.000000000000000000, 0.8660254037844387076, 1.000000000000000000, 0.8660254037844387076, 1.000000000000000000, 0.8660254037844387076, 1.000000000000000000, 0.8660254037844387076, 1.000000000000000000, 0.8660254037844387076, 1.000000000000000000, 0.8660254037844387076, 1.000000000000000000, 0.8660254037844387076, 1.000000000000000000, 0.8660254037844387076, 1.000000000000000000, 0.8660254037844387076, 1.000000000000000000, 0.8660254037844387076, 1.000000000000000000, 0.8660254037844387076, 1.000000000000000000, 0.8660254037844387076, 1.000000000000000000, 0.8660254037844387076, 1.000000000000000000, 0.8660254037844387076, 1.000000000000000000, 0.8660254037844387076, 1.000000000000000000, 0.8660254037844387076, 1.000000000000000000, 0.8660254037844387076, 1.000000000000000000, 0.8660254037844387076, 1.000000000000000000, 0.8660254037844387076, 1.000000000000000000, 0.8660254037844387076, 1.000000000000000000, 0.8660254037844387076, 1.000000000000000000, 0.8660254037844387076, 1.000000000000000000, 0.8660254037844387076, 1.000000000000000000, 0.8660254037844387076, 1.000000000000000000, 0.8660254037844387076, 1.000000000000000000, 0.8660254037844387076, 1.000000000000000000, 0.8660254037844387076, 1.000000000000000000, 0.8660254037844387076, 1.000000000000000000, 0.8660254037844387076, 1.000000000000000000, 0.8660254037844387076, 1.000000000000000000, 0.8660254037844387076, 1.000000000000000000, 0.8660254037844387076, 1.000000000000000000, 0.8660254037844387076, 1.000000000000000000, 0.8660254037844387076, 1.000000000000000000, 0.8660254037844387076, 1.000000000000000000, 0.8660254037844387076, 1.000000000000000000, 0.8660254037844387076, 1.000000000000000000, 0.8660254037844387076, 1.000000000000000000, 0.8660254037844387076, 1.000000000000000000, 0.8660254037844387076, 1.000000000000000000),
 ( 1.000000000000000000, 0.8660254037844387076, 1.000000000000000000, 0.8660254037844387076, 1.000000000000000000, 0.8660254037844387076, 1.000000000000000000, 0.8660254037844387076, 1.000000000000000000, 0.8660254037844387076, 1.000000000000000000, 0.8660254037844387076, 1.000000000000000000, 0.8660254037844387076, 1.000000000000000000, 0.8660254037844387076, 1.000000000000000000, 0.8660254037844387076, 1.000000000000000000, 0.8660254037844387076, 1.000000000000000000, 0.8660254037844387076, 1.000000000000000000, 0.8660254037844387076, 1.000000000000000000, 0.8660254037844387076, 1.000000000000000000, 0.8660254037844387076, 1.000000000000000000, 0.8660254037844387076, 1.000000000000000000, 0.8660254037844387076, 1.000000000000000000, 0.8660254037844387076, 1.000000000000000000, 0.8660254037844387076, 1.000000000000000000, 0.8660254037844387076, 1.000000000000000000, 0.8660254037844387076, 1.000000000000000000, 0.8660254037844387076, 1.000000000000000000, 0.8660254037844387076, 1.000000000000000000, 0.8660254037844387076, 1.000000000000000000, 0.8660254037844387076, 1.000000000000000000, 0.8660254037844387076, 1.000000000000000000, 0.8660254037844387076, 1.000000000000000000, 0.8660254037844387076, 1.000000000000000000, 0.8660254037844387076, 1.000000000000000000, 0.8660254037844387076, 1.000000000000000000, 0.8660254037844387076, 1.000000000000000000, 0.8660254037844387076, 1.000000000000000000, 0.8660254037844387076, 1.000000000000000000, 0.8660254037844387076, 1.000000000000000000, 0.8660254037844387076, 1.000000000000000000, 0.8660254037844387076, 1.000000000000000000, 0.8660254037844387076, 1.000000000000000000, 0.8660254037844387076, 1.000000000000000000, 0.8660254037844387076, 1.000000000000000000, 0.8660254037844387076, 1.000000000000000000, 0.8660254037844387076, 1.000000000000000000, 0.8660254037844387076, 1.000000000000000000, 0.8660254037844387076, 1.000000000000000000, 0.8660254037844387076, 1.000000000000000000, 0.8660254037844387076, 1.000000000000000000, 0.8660254037844387076, 1.000000000000000000, 0.8660254037844387076, 1.000000000000000000, 0.8660254037844387076, 1.000000000000000000, 0.8660254037844387076, 1.000000000000000000, 0.8660254037844387076, 1.000000000000000000, 0.8660254037844387076, 1.000000000000000000, 0.8660254037844387076, 1.000000000000000000, 0.8660254037844387076, 1.000000000000000000, 0.8660254037844387076, 1.000000000000000000, 0.8660254037844387076, 1.000000000000000000, 0.8660254037844387076, 1.000000000000000000, 0.8660254037844387076, 1.000000000000000000, 0.8660254037844387076, 1.000000000000000000, 0.8660254037844387076, 1.000000000000000000, 0.8660254037844387076, 1.000000000000000000, 0.8660254037844387076, 1.000000000000000000, 0.8660254037844387076, 1.000000000000000000, 0.8660254037844387076, 1.000000000000000000, 0.8660254037844387076, 1.000000000000000000, 0.8660254037844387076, 1.000000000000000000) ) ) 
 REPRESENTATION_ITEM ( '' )  SURFACE ( )  );
#1544 = CARTESIAN_POINT ( 'NONE',  ( 5.854691731421723944E-15, 4.114285714285712992, 0.8247860988423202366 ) ) ;
#1545 = CARTESIAN_POINT ( 'NONE',  ( -1.006430356249998548, 2.809375000614517948, 0.5810628371015493787 ) ) ;
#1546 = CARTESIAN_POINT ( 'NONE',  ( 0.6249999999999974465, -0.2187499987709644322, -1.082531754730548856 ) ) ;
#1547 = CARTESIAN_POINT ( 'NONE',  ( 1.006430356249999658, 1.309375000614518170, -9.819791222584819450E-16 ) ) ;
#1548 = CARTESIAN_POINT ( 'NONE',  ( 0.000000000000000000, 0.4500000000000000111, 0.000000000000000000 ) ) ;
#1549 = ORIENTED_EDGE ( 'NONE', *, *, #2036, .T. ) ;
#1550 = CARTESIAN_POINT ( 'NONE',  ( 1.006430356249999658, 3.071875000614518125, 0.5810628371015478244 ) ) ;
#1551 = ORIENTED_EDGE ( 'NONE', *, *, #1883, .F. ) ;
#1552 = CARTESIAN_POINT ( 'NONE',  ( -1.249999999999999334, 2.181250001229035007, 2.596460695863248776E-15 ) ) ;
#1553 = LINE ( 'NONE', #2494, #1969 ) ;
#1554 = EDGE_CURVE ( 'NONE', #428, #1852, #938, .T. ) ;
#1555 = CARTESIAN_POINT ( 'NONE',  ( -1.006430356250000324, 0.9343750006145180587, -0.5810628371015467142 ) ) ;
#1556 = ADVANCED_FACE ( 'NONE', ( #1480 ), #335, .T. ) ;
#1557 = CARTESIAN_POINT ( 'NONE',  ( 1.249999999999999334, 1.056250001229035451, -2.749541545756668106E-15 ) ) ;
#1558 = CARTESIAN_POINT ( 'NONE',  ( -0.09395285551638667132, 0.1403921915822225752, 1.071247848466793995 ) ) ;
#1559 = CARTESIAN_POINT ( 'NONE',  ( 2.162577587529268681E-16, 4.399999999999999467, -1.154700538379252128 ) ) ;
#1560 = B_SPLINE_CURVE_WITH_KNOTS ( 'NONE', 3,
 ( #678, #1473, #2243, #2259, #487, #2050, #667, #309, #1070, #1864, #1252, #892 ),
 .UNSPECIFIED., .F., .F.,
 ( 4, 2, 2, 2, 2, 4 ),
 ( 0.000000000000000000, 0.0005531029927959075273, 0.001106205985591815055, 0.001659308978387722582, 0.001935860474785676237, 0.002212411971183630109 ),
 .UNSPECIFIED. ) ;
#1561 = CARTESIAN_POINT ( 'NONE',  ( 0.6250000000000012212, -0.8187499987709645488, 1.082531754730547080 ) ) ;
#1562 = CARTESIAN_POINT ( 'NONE',  ( -0.5032151781249993849, 1.609375000614518214, 0.8715942556523227358 ) ) ;
#1563 = CARTESIAN_POINT ( 'NONE',  ( -1.006430356249999658, 3.784375000614517592, 8.587269508238524180E-16 ) ) ;
#1564 = ORIENTED_EDGE ( 'NONE', *, *, #585, .F. ) ;
#1565 = CARTESIAN_POINT ( 'NONE',  ( -1.062732146793064886E-15, 3.671875000614517770, -1.162125674203096537 ) ) ;
#1566 = CARTESIAN_POINT ( 'NONE',  ( -0.6250000000000002220, 4.000000000000000888, 1.082531754730547746 ) ) ;
#1567 = ORIENTED_EDGE ( 'NONE', *, *, #2148, .T. ) ;
#1568 = DIRECTION ( 'NONE',  ( 0.000000000000000000, 0.000000000000000000, 1.000000000000000000 ) ) ;
#1569 = CARTESIAN_POINT ( 'NONE',  ( -1.006430356249998548, -0.3406249993854816860, 0.5810628371015493787 ) ) ;
#1570 = ADVANCED_FACE ( 'NONE', ( #1885 ), #2046, .F. ) ;
#1571 = PLANE ( 'NONE',  #1648 ) ;
#1572 = DIRECTION ( 'NONE',  ( 0.000000000000000000, 0.000000000000000000, 1.000000000000000000 ) ) ;
#1573 = CARTESIAN_POINT ( 'NONE',  ( -1.452555482747798916E-16, 0.4937500012290352847, 1.249999999999999334 ) ) ;
#1574 = CARTESIAN_POINT ( 'NONE',  ( -3.086515833287601756E-15, 3.418750001229034829, -1.443375672974063439 ) ) ;
#1575 = CARTESIAN_POINT ( 'NONE',  ( 9.204127980810867663E-16, 2.096875000614518036, 1.162125674203096537 ) ) ;
#1576 = CARTESIAN_POINT ( 'NONE',  ( -0.5032151781250003841, 3.709375000614517859, -0.8715942556523218476 ) ) ;
#1577 = CIRCLE ( 'NONE', #1188, 0.1499999999999999667 ) ;
#1578 = CARTESIAN_POINT ( 'NONE',  ( 0.5032151781249990519, 3.184375000614517504, -0.8715942556523228468 ) ) ;
#1579 = ORIENTED_EDGE ( 'NONE', *, *, #639, .T. ) ;
#1580 = CARTESIAN_POINT ( 'NONE',  ( 0.000000000000000000, 5.349999999999999645, 0.000000000000000000 ) ) ;
#1581 = CARTESIAN_POINT ( 'NONE',  ( 1.006430356249999436, 1.646875000614518081, -1.767562423498186358E-15 ) ) ;
#1582 = CARTESIAN_POINT ( 'NONE',  ( 7.846973004653627780E-15, 4.399999999999999467, 1.154700538379251906 ) ) ;
#1583 = DIRECTION ( 'NONE',  ( 0.000000000000000000, 0.000000000000000000, 1.000000000000000000 ) ) ;
#1584 = CARTESIAN_POINT ( 'NONE',  ( 2.734781404477624890E-11, 0.02812500184355181537, -1.006430356249999436 ) ) ;
#1585 = LINE ( 'NONE', #2350, #1444 ) ;
#1586 = CARTESIAN_POINT ( 'NONE',  ( 1.249999999999998002, 1.093750001229035096, -0.7216878364870344953 ) ) ;
#1587 = CARTESIAN_POINT ( 'NONE',  ( 0.5032151781249990519, 0.9343750006145182807, -0.8715942556523228468 ) ) ;
#1588 = EDGE_CURVE ( 'NONE', #1896, #2505, #414, .T. ) ;
#1589 = CARTESIAN_POINT ( 'NONE',  ( -2.651438096812265438E-16, -0.4624999999999986899, 1.443375672974063439 ) ) ;
#1590 = VERTEX_POINT ( 'NONE', #1524 ) ;
#1591 = CARTESIAN_POINT ( 'NONE',  ( 0.5032151781250004952, 0.6718750006145181031, 0.8715942556523216256 ) ) ;
#1592 = CARTESIAN_POINT ( 'NONE',  ( 2.236935443431609674E-15, 0.9437500012290354068, 1.249999999999999556 ) ) ;
#1593 = DIRECTION ( 'NONE',  ( -0.000000000000000000, -1.000000000000000000, -0.000000000000000000 ) ) ;
#1594 = CARTESIAN_POINT ( 'NONE',  ( 2.909753293500117656E-15, 1.843750001229035540, 1.443375672974063439 ) ) ;
#1595 = CARTESIAN_POINT ( 'NONE',  ( 1.006430356249999658, 1.759375000614518125, -9.819791222584819450E-16 ) ) ;
#1596 = EDGE_CURVE ( 'NONE', #496, #923, #63, .T. ) ;
#1597 = CARTESIAN_POINT ( 'NONE',  ( 0.6249999999999997780, 0.1750000000000013212, -1.082531754730547746 ) ) ;
#1598 = ORIENTED_EDGE ( 'NONE', *, *, #267, .T. ) ;
#1599 = DIRECTION ( 'NONE',  ( -0.000000000000000000, -1.000000000000000000, -0.000000000000000000 ) ) ;
#1600 = CARTESIAN_POINT ( 'NONE',  ( 0.5032151781250004952, 0.2218750006145182585, 0.8715942556523216256 ) ) ;
#1601 = LINE ( 'NONE', #1205, #1531 ) ;
#1602 = CARTESIAN_POINT ( 'NONE',  ( 2.755455298081544285E-16, 5.500000000000000000, 2.250000000000000000 ) ) ;
#1603 = DIRECTION ( 'NONE',  ( 0.000000000000000000, -0.000000000000000000, 1.000000000000000000 ) ) ;
#1604 = CARTESIAN_POINT ( 'NONE',  ( -1.250000000000000444, 3.043750001229035274, -0.7216878364870296103 ) ) ;
#1605 = ORIENTED_EDGE ( 'NONE', *, *, #2146, .F. ) ;
#1606 = VECTOR ( 'NONE', #2483, 1000.000000000000000 ) ;
#1607 = CARTESIAN_POINT ( 'NONE',  ( -0.6250000000000002220, 0.8500000000000011990, 1.082531754730547746 ) ) ;
#1608 = CIRCLE ( 'NONE', #1102, 2.250000000000000000 ) ;
#1609 = ORIENTED_EDGE ( 'NONE', *, *, #1488, .F. ) ;
#1610 = DIRECTION ( 'NONE',  ( 0.000000000000000000, 0.000000000000000000, 1.000000000000000000 ) ) ;
#1611 = CARTESIAN_POINT ( 'NONE',  ( 1.006430356249998104, 3.484375000614518214, -0.5810628371015496008 ) ) ;
#1612 = EDGE_CURVE ( 'NONE', #2200, #1009, #1266, .T. ) ;
#1613 = DIRECTION ( 'NONE',  ( 0.000000000000000000, 0.000000000000000000, -1.000000000000000000 ) ) ;
#1614 = CARTESIAN_POINT ( 'NONE',  ( -1.249999999999999556, 1.262500000000001066, 0.7216878364870313867 ) ) ;
#1615 = CARTESIAN_POINT ( 'NONE',  ( -0.5208333128494181397, 3.000000000000000888, -1.136324187996673230 ) ) ;
#1616 = CARTESIAN_POINT ( 'NONE',  ( 1.249999999999999334, 1.956250001229035140, -2.749541545756668106E-15 ) ) ;
#1617 = VERTEX_POINT ( 'NONE', #2410 ) ;
#1618 = CARTESIAN_POINT ( 'NONE',  ( -0.2500924891385801763, 2.978237907080016011, 1.017734708276633260 ) ) ;
#1619 = CARTESIAN_POINT ( 'NONE',  ( 0.6249999999999987788, 3.175000000000000711, 1.082531754730548412 ) ) ;
#1620 = CARTESIAN_POINT ( 'NONE',  ( -0.5032151781250003841, 3.259375000614518125, -0.8715942556523218476 ) ) ;
#1621 = LINE ( 'NONE', #1834, #1484 ) ;
#1622 = EDGE_LOOP ( 'NONE', ( #450, #289, #1123, #640 ) ) ;
#1623 = CARTESIAN_POINT ( 'NONE',  ( -1.969845607676301195E-15, 3.559375000614518392, -1.162125674203096093 ) ) ;
#1624 = CARTESIAN_POINT ( 'NONE',  ( -0.6250000000000017764, 2.556250001229035451, -1.082531754730546636 ) ) ;
#1625 = CARTESIAN_POINT ( 'NONE',  ( 0.5032151781250004952, 1.121875000614518170, 0.8715942556523216256 ) ) ;
#1626 = FACE_OUTER_BOUND ( 'NONE', #1861, .T. ) ;
#1627 = EDGE_CURVE ( 'NONE', #2458, #968, #1641, .T. ) ;
#1628 = DIRECTION ( 'NONE',  ( 0.000000000000000000, 0.000000000000000000, 1.000000000000000000 ) ) ;
#1629 = EDGE_LOOP ( 'NONE', ( #713, #1056, #139, #1961 ) ) ;
#1630 = CARTESIAN_POINT ( 'NONE',  ( -0.5032151781250009392, -0.003124999385481670722, -0.8715942556523212925 ) ) ;
#1631 = CARTESIAN_POINT ( 'NONE',  ( 0.04193458993081564112, 2.999999999999999556, 1.005556339619434247 ) ) ;
#1632 = CARTESIAN_POINT ( 'NONE',  ( -0.5032151781249993849, 2.059375000614517948, 0.8715942556523227358 ) ) ;
#1633 = CARTESIAN_POINT ( 'NONE',  ( -2.651438096812265438E-16, 1.787500000000001199, 1.443375672974063439 ) ) ;
#1634 =( BOUNDED_CURVE ( )  B_SPLINE_CURVE ( 2, ( #714, #1312, #1109, #2082, #2480 ),
 .UNSPECIFIED., .F., .T. ) 
 B_SPLINE_CURVE_WITH_KNOTS ( ( 3, 2, 3 ),
 ( 0.7500000000000000000, 0.7575757575757575690, 0.7675242008579880038 ),
 .UNSPECIFIED. ) 
 CURVE ( )  GEOMETRIC_REPRESENTATION_ITEM ( )  RATIONAL_B_SPLINE_CURVE ( ( 0.9330127018922194093, 0.9330127018922194093, 1.000000000000000000, 0.9120326476671243299, 0.9395835397632992247 ) ) 
 REPRESENTATION_ITEM ( '' )  );
#1635 = EDGE_LOOP ( 'NONE', ( #725, #359 ) ) ;
#1636 = CARTESIAN_POINT ( 'NONE',  ( 0.5032151781249999400, -0.5656249993854817193, 0.8715942556523221807 ) ) ;
#1637 = CARTESIAN_POINT ( 'NONE',  ( -1.006430356249999436, 0.07187500061451830569, 1.644310252063557226E-15 ) ) ;
#1638 = DIRECTION ( 'NONE',  ( 0.8660254037844385966, 0.000000000000000000, 0.5000000000000001110 ) ) ;
#1639 = ORIENTED_EDGE ( 'NONE', *, *, #2385, .F. ) ;
#1640 = CARTESIAN_POINT ( 'NONE',  ( -1.006430356250000324, -0.4156249993854816971, -0.5810628371015467142 ) ) ;
#1641 = LINE ( 'NONE', #620, #617 ) ;
#1642 = CARTESIAN_POINT ( 'NONE',  ( 0.9999999999999993339, 5.350000000000000533, 0.5773502691896268413 ) ) ;
#1643 = EDGE_CURVE ( 'NONE', #960, #1537, #1655, .T. ) ;
#1644 = CARTESIAN_POINT ( 'NONE',  ( 0.9999999999999993339, 4.399999999999999467, -0.5773502691896267303 ) ) ;
#1645 = DIRECTION ( 'NONE',  ( -0.000000000000000000, -1.000000000000000000, -0.000000000000000000 ) ) ;
#1646 = AXIS2_PLACEMENT_3D ( 'NONE', #962, #1760, #1572 ) ;
#1647 = ORIENTED_EDGE ( 'NONE', *, *, #296, .F. ) ;
#1648 = AXIS2_PLACEMENT_3D ( 'NONE', #1582, #2173, #1170 ) ;
#1649 =( BOUNDED_CURVE ( )  B_SPLINE_CURVE ( 2, ( #1716, #2137, #168, #194, #1552, #522, #1768, #2278, #360 ),
 .UNSPECIFIED., .F., .T. ) 
 B_SPLINE_CURVE_WITH_KNOTS ( ( 3, 2, 2, 2, 3 ),
 ( 0.6590909090909090606, 0.6666666666666666297, 0.6818181818181817677, 0.6969696969696970168, 0.7045454545454545858 ),
 .UNSPECIFIED. ) 
 CURVE ( )  GEOMETRIC_REPRESENTATION_ITEM ( )  RATIONAL_B_SPLINE_CURVE ( ( 0.9330127018922194093, 0.9330127018922194093, 1.000000000000000000, 0.8660254037844387076, 1.000000000000000000, 0.8660254037844387076, 1.000000000000000000, 0.9330127018922194093, 0.9330127018922194093 ) ) 
 REPRESENTATION_ITEM ( '' )  );
#1650 = CARTESIAN_POINT ( 'NONE',  ( -1.969845607676301195E-15, 3.109375000614517770, -1.162125674203096093 ) ) ;
#1651 = CIRCLE ( 'NONE', #6, 0.1499999999999999667 ) ;
#1652 = CARTESIAN_POINT ( 'NONE',  ( -1.004631816868760685, 0.2131262215866912280, -0.5027597611685256096 ) ) ;
#1653 = DIRECTION ( 'NONE',  ( 0.000000000000000000, 0.000000000000000000, -1.000000000000000000 ) ) ;
#1654 = ORIENTED_EDGE ( 'NONE', *, *, #1667, .T. ) ;
#1655 = LINE ( 'NONE', #2219, #980 ) ;
#1656 = DIRECTION ( 'NONE',  ( -0.000000000000000000, 1.000000000000000000, -0.000000000000000000 ) ) ;
#1657 = CYLINDRICAL_SURFACE ( 'NONE', #534, 1.249999999999999334 ) ;
#1658 = EDGE_LOOP ( 'NONE', ( #2134, #1352, #2489, #1470 ) ) ;
#1659 = CARTESIAN_POINT ( 'NONE',  ( 1.006430356249999880, 2.959375000614518303, 0.5810628371015469362 ) ) ;
#1660 = CARTESIAN_POINT ( 'NONE',  ( 4.386717557898351547E-15, 0.09375000000000094369, -1.044318966601194276 ) ) ;
#1661 = DIRECTION ( 'NONE',  ( -0.000000000000000000, -1.000000000000000000, -0.000000000000000000 ) ) ;
#1662 = ORIENTED_EDGE ( 'NONE', *, *, #1931, .T. ) ;
#1663 = CARTESIAN_POINT ( 'NONE',  ( 0.5032151781249982747, 0.8218750006145183473, -0.8715942556523229579 ) ) ;
#1664 = CARTESIAN_POINT ( 'NONE',  ( 0.5032151781249999400, -0.5656249993854817193, 0.8715942556523221807 ) ) ;
#1665 = CARTESIAN_POINT ( 'NONE',  ( -1.249999999999999334, 2.125000000000000888, -1.530808498934190831E-16 ) ) ;
#1666 = FACE_OUTER_BOUND ( 'NONE', #70, .T. ) ;
#1667 = EDGE_CURVE ( 'NONE', #2059, #227, #462, .T. ) ;
#1668 = VERTEX_POINT ( 'NONE', #866 ) ;
#1669 = CARTESIAN_POINT ( 'NONE',  ( -0.5032151781250003841, -0.3406249993854816860, -0.8715942556523218476 ) ) ;
#1670 = EDGE_CURVE ( 'NONE', #2398, #398, #1608, .T. ) ;
#1671 = CARTESIAN_POINT ( 'NONE',  ( -0.1488432515139109236, 0.4177370820616386760, 1.231372995646348167 ) ) ;
#1672 = ORIENTED_EDGE ( 'NONE', *, *, #1685, .F. ) ;
#1673 = CARTESIAN_POINT ( 'NONE',  ( 1.006430356249998104, 2.134375000614518125, -0.5810628371015496008 ) ) ;
#1674 = FACE_OUTER_BOUND ( 'NONE', #1340, .T. ) ;
#1675 = CARTESIAN_POINT ( 'NONE',  ( -0.6250000000000002220, 3.550000000000001155, 1.082531754730547746 ) ) ;
#1676 = CARTESIAN_POINT ( 'NONE',  ( 0.000000000000000000, 5.500000000000000000, 2.100000000000000089 ) ) ;
#1677 = CARTESIAN_POINT ( 'NONE',  ( -1.006430356249999658, 3.334375000614517859, 8.587269508238524180E-16 ) ) ;
#1678 = CARTESIAN_POINT ( 'NONE',  ( 1.888322127572138467E-15, 0.8875000000000013989, 1.249999999999999334 ) ) ;
#1679 = CARTESIAN_POINT ( 'NONE',  ( -1.452555482747798916E-16, 0.4937500012290352847, 1.249999999999999334 ) ) ;
#1680 = ORIENTED_EDGE ( 'NONE', *, *, #1242, .F. ) ;
#1681 = CARTESIAN_POINT ( 'NONE',  ( -0.5032151781250003841, 0.1093750006145182974, -0.8715942556523218476 ) ) ;
#1682 = AXIS2_PLACEMENT_3D ( 'NONE', #1793, #615, #430 ) ;
#1683 = ORIENTED_EDGE ( 'NONE', *, *, #2162, .F. ) ;
#1684 = CARTESIAN_POINT ( 'NONE',  ( -0.5032151781249986078, 2.846875000614518481, 0.8715942556523228468 ) ) ;
#1685 = EDGE_CURVE ( 'NONE', #2210, #1617, #579, .T. ) ;
#1686 = DIRECTION ( 'NONE',  ( 0.000000000000000000, 0.000000000000000000, -1.000000000000000000 ) ) ;
#1687 = CONICAL_SURFACE ( 'NONE', #861, 1.250000000000000000, 0.5235987755983033676 ) ;
#1688 = CARTESIAN_POINT ( 'NONE',  ( -0.5032151781249993849, 0.7093750006145181919, 0.8715942556523227358 ) ) ;
#1689 = DIRECTION ( 'NONE',  ( -0.000000000000000000, -1.000000000000000000, -0.000000000000000000 ) ) ;
#1690 = AXIS2_PLACEMENT_3D ( 'NONE', #1702, #887, #1314 ) ;
#1691 = ORIENTED_EDGE ( 'NONE', *, *, #105, .T. ) ;
#1692 = CARTESIAN_POINT ( 'NONE',  ( 0.5032151781250004952, 1.571875000614518125, 0.8715942556523216256 ) ) ;
#1693 = CARTESIAN_POINT ( 'NONE',  ( 0.5032151781249990519, -0.8656249993854816527, -0.8715942556523228468 ) ) ;
#1694 = SHAPE_DEFINITION_REPRESENTATION ( #393, #2080 ) ;
#1695 = VECTOR ( 'NONE', #2280, 1000.000000000000000 ) ;
#1696 = DIRECTION ( 'NONE',  ( -0.7071067811865434649, 0.7071067811865515695, 0.000000000000000000 ) ) ;
#1697 = CARTESIAN_POINT ( 'NONE',  ( 1.250000000000000444, 1.918750001229035274, 0.7216878364870297213 ) ) ;
#1698 = VERTEX_POINT ( 'NONE', #1336 ) ;
#1699 = CARTESIAN_POINT ( 'NONE',  ( 0.5032151781249990519, 0.03437500061451832095, -0.8715942556523228468 ) ) ;
#1700 = VERTEX_POINT ( 'NONE', #1877 ) ;
#1701 = CARTESIAN_POINT ( 'NONE',  ( 0.5032151781249982747, 1.721875000614518036, -0.8715942556523229579 ) ) ;
#1702 = CARTESIAN_POINT ( 'NONE',  ( 0.9999999999999935607, 4.399999999999999467, -0.5773502691896372774 ) ) ;
#1703 = DIRECTION ( 'NONE',  ( -0.000000000000000000, 1.000000000000000000, -0.000000000000000000 ) ) ;
#1704 = EDGE_CURVE ( 'NONE', #2217, #504, #705, .T. ) ;
#1705 = DIRECTION ( 'NONE',  ( 0.000000000000000000, 0.000000000000000000, -1.000000000000000000 ) ) ;
#1706 = EDGE_CURVE ( 'NONE', #398, #329, #1651, .T. ) ;
#1707 = CARTESIAN_POINT ( 'NONE',  ( -0.6249999999999993339, 2.050000000000001155, -1.082531754730547968 ) ) ;
#1708 = CARTESIAN_POINT ( 'NONE',  ( -0.6055082011283264842, 0.02812500184355217966, -0.8079375877954860785 ) ) ;
#1709 = CARTESIAN_POINT ( 'NONE',  ( 1.006430356249999880, 2.059375000614518392, 0.5810628371015469362 ) ) ;
#1710 = CARTESIAN_POINT ( 'NONE',  ( 2.571758278209441464E-16, 5.349999999999999645, -2.100000000000000089 ) ) ;
#1711 = CARTESIAN_POINT ( 'NONE',  ( -0.6249999999999978906, -0.8937499987709645044, 1.082531754730548856 ) ) ;
#1712 = CARTESIAN_POINT ( 'NONE',  ( 1.249999999999999334, 0.5500000000000012657, 0.000000000000000000 ) ) ;
#1713 = VERTEX_POINT ( 'NONE', #1303 ) ;
#1714 = CARTESIAN_POINT ( 'NONE',  ( -0.5032151781249993849, 0.7093750006145181919, 0.8715942556523227358 ) ) ;
#1715 = VERTEX_POINT ( 'NONE', #1083 ) ;
#1716 = CARTESIAN_POINT ( 'NONE',  ( -2.614599868946037210E-15, 2.068750001229034741, -1.249999999999999334 ) ) ;
#1717 = CARTESIAN_POINT ( 'NONE',  ( 1.827526258964323273E-15, 2.434375000614517948, 1.162125674203096093 ) ) ;
#1718 = CARTESIAN_POINT ( 'NONE',  ( -0.8499999999999993117, 4.249999999999999112, 2.873176670084808549E-15 ) ) ;
#1719 = CARTESIAN_POINT ( 'NONE',  ( -1.062732146793064491E-15, 1.421875000614517992, -1.162125674203096537 ) ) ;
#1720 = CARTESIAN_POINT ( 'NONE',  ( -1.152942375056563495, 3.000000000000001332, 0.3000138812100013874 ) ) ;
#1721 = DIRECTION ( 'NONE',  ( -0.000000000000000000, -1.000000000000000000, -0.000000000000000000 ) ) ;
#1722 = CARTESIAN_POINT ( 'NONE',  ( -0.5032151781250009392, 2.696875000614518569, -0.8715942556523212925 ) ) ;
#1723 = CARTESIAN_POINT ( 'NONE',  ( 1.006430356249999658, -0.04062499938548166240, -9.819791222584817478E-16 ) ) ;
#1724 = CARTESIAN_POINT ( 'NONE',  ( 1.249999999999999334, 0.6062500012290356066, -2.749541545756668106E-15 ) ) ;
#1725 = EDGE_CURVE ( 'NONE', #2037, #2059, #291, .T. ) ;
#1726 = CARTESIAN_POINT ( 'NONE',  ( 1.743066579297358255E-16, 2.912500000000000533, -1.249999999999999112 ) ) ;
#1727 = ORIENTED_EDGE ( 'NONE', *, *, #2033, .T. ) ;
#1728 = CARTESIAN_POINT ( 'NONE',  ( -1.062732146793064886E-15, 0.5218750006145181919, -1.162125674203096537 ) ) ;
#1729 = CARTESIAN_POINT ( 'NONE',  ( -7.730731209901696172E-16, 5.500000000000000000, 1.327905619136140691 ) ) ;
#1730 = CARTESIAN_POINT ( 'NONE',  ( 1.006430356249999880, -0.6406249993854816749, 0.5810628371015469362 ) ) ;
#1731 = CARTESIAN_POINT ( 'NONE',  ( -0.5032151781249993849, 1.609375000614518214, 0.8715942556523227358 ) ) ;
#1732 = VECTOR ( 'NONE', #2100, 1000.000000000000000 ) ;
#1733 = CARTESIAN_POINT ( 'NONE',  ( -0.1435880471699087502, 3.000000000000000444, 1.037389688894538198 ) ) ;
#1734 = CARTESIAN_POINT ( 'NONE',  ( -0.7800574255503401888, 0.02812500184355111801, -0.6411534698069962790 ) ) ;
#1735 = CARTESIAN_POINT ( 'NONE',  ( -0.5032151781249986078, 2.846875000614518481, 0.8715942556523228468 ) ) ;
#1736 = VECTOR ( 'NONE', #2, 1000.000000000000000 ) ;
#1737 = VECTOR ( 'NONE', #2430, 1000.000000000000227 ) ;
#1738 = CARTESIAN_POINT ( 'NONE',  ( -1.249999999999999334, -0.5187499987709645044, 2.596460695863248776E-15 ) ) ;
#1739 = CARTESIAN_POINT ( 'NONE',  ( -1.006430356249998992, 2.921875000614517770, 0.5810628371015487126 ) ) ;
#1740 = CARTESIAN_POINT ( 'NONE',  ( 0.6249999999999987788, 0.4750000000000012546, 1.082531754730548412 ) ) ;
#1741 = ORIENTED_EDGE ( 'NONE', *, *, #1554, .F. ) ;
#1742 = FACE_OUTER_BOUND ( 'NONE', #252, .T. ) ;
#1743 = CARTESIAN_POINT ( 'NONE',  ( -1.249999999999999334, 1.675000000000001155, -1.530808498934190831E-16 ) ) ;
#1744 = CARTESIAN_POINT ( 'NONE',  ( -1.062732146793064491E-15, 0.07187500061451830569, -1.162125674203096537 ) ) ;
#1745 = DIRECTION ( 'NONE',  ( -1.000000000000000000, 0.000000000000000000, 0.000000000000000000 ) ) ;
#1746 = CARTESIAN_POINT ( 'NONE',  ( -1.208360020550159009, 3.000000000000000444, -0.2528674505066651479 ) ) ;
#1747 = CARTESIAN_POINT ( 'NONE',  ( -0.4552239887361299031, 0.1212081845194790536, 0.9621871962422074986 ) ) ;
#1748 = CARTESIAN_POINT ( 'NONE',  ( -0.3235125376595138769, 0.02812500184331050493, -0.9665273183902053367 ) ) ;
#1749 = CARTESIAN_POINT ( 'NONE',  ( 1.827526258964323273E-15, 3.334375000614518303, 1.162125674203096093 ) ) ;
#1750 = CARTESIAN_POINT ( 'NONE',  ( -1.249999999999999334, 0.8312500012290354734, 2.596460695863248776E-15 ) ) ;
#1751 =( BOUNDED_CURVE ( )  B_SPLINE_CURVE ( 2, ( #1300, #113, #926, #1874, #1094, #130, #899, #303, #1333 ),
 .UNSPECIFIED., .F., .T. ) 
 B_SPLINE_CURVE_WITH_KNOTS ( ( 3, 2, 2, 2, 3 ),
 ( 0.6590909090909090606, 0.6666666666666666297, 0.6818181818181817677, 0.6969696969696970168, 0.7045454545454545858 ),
 .UNSPECIFIED. ) 
 CURVE ( )  GEOMETRIC_REPRESENTATION_ITEM ( )  RATIONAL_B_SPLINE_CURVE ( ( 0.9330127018922194093, 0.9330127018922194093, 1.000000000000000000, 0.8660254037844387076, 1.000000000000000000, 0.8660254037844387076, 1.000000000000000000, 0.9330127018922194093, 0.9330127018922194093 ) ) 
 REPRESENTATION_ITEM ( '' )  );
#1752 = CARTESIAN_POINT ( 'NONE',  ( 1.006430356249999658, 0.8218750006145180143, 0.5810628371015478244 ) ) ;
#1753 = CARTESIAN_POINT ( 'NONE',  ( -1.249999999999999334, 0.3250000000000012879, -1.530808498934190831E-16 ) ) ;
#1754 = ORIENTED_EDGE ( 'NONE', *, *, #1704, .T. ) ;
#1755 = CARTESIAN_POINT ( 'NONE',  ( 0.000000000000000000, 3.000000000000000000, 0.000000000000000000 ) ) ;
#1756 = ADVANCED_FACE ( 'NONE', ( #1674 ), #100, .T. ) ;
#1757 = ORIENTED_EDGE ( 'NONE', *, *, #645, .F. ) ;
#1758 = CARTESIAN_POINT ( 'NONE',  ( -0.5032151781250009392, 0.4468750006145182363, -0.8715942556523212925 ) ) ;
#1759 = FACE_OUTER_BOUND ( 'NONE', #1495, .T. ) ;
#1760 = DIRECTION ( 'NONE',  ( 0.000000000000000000, 1.000000000000000000, 0.000000000000000000 ) ) ;
#1761 = CARTESIAN_POINT ( 'NONE',  ( 0.000000000000000000, 3.000000000000000000, -1.249999999999999334 ) ) ;
#1762 = CARTESIAN_POINT ( 'NONE',  ( 1.249999999999998002, -0.7062499987709643934, -0.7216878364870344953 ) ) ;
#1763 = CARTESIAN_POINT ( 'NONE',  ( -1.006430356249999880, 1.496875000614518614, -0.5810628371015474913 ) ) ;
#1764 =( BOUNDED_CURVE ( )  B_SPLINE_CURVE ( 2, ( #845, #2448, #1624, #1216, #297, #1994, #2393, #1432, #1814 ),
 .UNSPECIFIED., .F., .T. ) 
 B_SPLINE_CURVE_WITH_KNOTS ( ( 3, 2, 2, 2, 3 ),
 ( 0.7500000000000000000, 0.7575757575757575690, 0.7727272727272727071, 0.7878787878787878451, 0.7954545454545454142 ),
 .UNSPECIFIED. ) 
 CURVE ( )  GEOMETRIC_REPRESENTATION_ITEM ( )  RATIONAL_B_SPLINE_CURVE ( ( 0.9330127018922194093, 0.9330127018922194093, 1.000000000000000000, 0.8660254037844387076, 1.000000000000000000, 0.8660254037844387076, 1.000000000000000000, 0.9330127018922194093, 0.9330127018922194093 ) ) 
 REPRESENTATION_ITEM ( '' )  );
#1765 = CARTESIAN_POINT ( 'NONE',  ( 0.6249999999999987788, -0.4249999999999986566, 1.082531754730548412 ) ) ;
#1766 = CARTESIAN_POINT ( 'NONE',  ( 0.5032151781249999400, 2.584375000614517859, 0.8715942556523221807 ) ) ;
#1767 = EDGE_LOOP ( 'NONE', ( #589, #2107, #224, #1393 ) ) ;
#1768 = CARTESIAN_POINT ( 'NONE',  ( -0.6249999999999978906, 2.256250001229035185, 1.082531754730548856 ) ) ;
#1769 = DIRECTION ( 'NONE',  ( 0.000000000000000000, 1.000000000000000000, 0.000000000000000000 ) ) ;
#1770 = CARTESIAN_POINT ( 'NONE',  ( -1.006430356250000324, 1.834375000614518303, -0.5810628371015467142 ) ) ;
#1771 = CARTESIAN_POINT ( 'NONE',  ( -0.9172508250319331147, 0.4391053493071120917, 0.8494197428574865594 ) ) ;
#1772 = CARTESIAN_POINT ( 'NONE',  ( 2.265986553086565608E-15, 1.618750001229035007, -1.249999999999999112 ) ) ;
#1773 = AXIS2_PLACEMENT_3D ( 'NONE', #2501, #541, #2523 ) ;
#1774 = CARTESIAN_POINT ( 'NONE',  ( -1.250000000000000444, 1.243750001229035673, -0.7216878364870296103 ) ) ;
#1775 = AXIS2_PLACEMENT_3D ( 'NONE', #2268, #511, #1285 ) ;
#1776 = CARTESIAN_POINT ( 'NONE',  ( -1.006430356249999880, 0.5968750006145181475, -0.5810628371015474913 ) ) ;
#1777 = AXIS2_PLACEMENT_3D ( 'NONE', #890, #1516, #688 ) ;
#1778 = CARTESIAN_POINT ( 'NONE',  ( 8.838126989374219771E-17, -0.6874999999999986677, -1.443375672974063439 ) ) ;
#1779 = CARTESIAN_POINT ( 'NONE',  ( 9.204127980810867663E-16, 2.096875000614518036, 1.162125674203096537 ) ) ;
#1780 = ORIENTED_EDGE ( 'NONE', *, *, #1706, .T. ) ;
#1781 = CARTESIAN_POINT ( 'NONE',  ( -0.5032151781250009392, 0.8968750006145183029, -0.8715942556523212925 ) ) ;
#1782 = LINE ( 'NONE', #1156, #207 ) ;
#1783 = CARTESIAN_POINT ( 'NONE',  ( -0.7236689573151614541, 0.4500000000000000111, 1.019216974063122061 ) ) ;
#1784 = CARTESIAN_POINT ( 'NONE',  ( -1.249999999999998002, 0.8687500012290352291, 0.7216878364870340512 ) ) ;
#1785 = DIRECTION ( 'NONE',  ( -1.000000000000000000, 0.000000000000000000, 0.000000000000000000 ) ) ;
#1786 = EDGE_CURVE ( 'NONE', #329, #2492, #212, .T. ) ;
#1787 = CARTESIAN_POINT ( 'NONE',  ( 1.249999999999998002, 1.993750001229035451, -0.7216878364870344953 ) ) ;
#1788 = CARTESIAN_POINT ( 'NONE',  ( -1.249999999999999334, 3.531250001229034652, 2.596460695863248776E-15 ) ) ;
#1789 = CARTESIAN_POINT ( 'NONE',  ( 0.5032151781249990519, 0.4843750006145182141, -0.8715942556523228468 ) ) ;
#1790 = CARTESIAN_POINT ( 'NONE',  ( -1.249999999999999334, 3.887500000000001066, -0.7216878364870322748 ) ) ;
#1791 = ORIENTED_EDGE ( 'NONE', *, *, #1518, .T. ) ;
#1792 = CARTESIAN_POINT ( 'NONE',  ( -0.5032151781249986078, 0.5968750006145181475, 0.8715942556523228468 ) ) ;
#1793 = CARTESIAN_POINT ( 'NONE',  ( 0.000000000000000000, 3.149999999999999911, 0.000000000000000000 ) ) ;
#1794 = CARTESIAN_POINT ( 'NONE',  ( -1.006430356249998548, 3.709375000614518303, 0.5810628371015493787 ) ) ;
#1795 = CARTESIAN_POINT ( 'NONE',  ( 0.6249999999999974465, 1.131250001229035407, -1.082531754730548856 ) ) ;
#1796 = ORIENTED_EDGE ( 'NONE', *, *, #2033, .F. ) ;
#1797 = CARTESIAN_POINT ( 'NONE',  ( -0.5032151781250003841, 1.909375000614518036, -0.8715942556523218476 ) ) ;
#1798 = CARTESIAN_POINT ( 'NONE',  ( -1.249999999999999334, 0.7750000000000011324, -1.530808498934190831E-16 ) ) ;
#1799 = ORIENTED_EDGE ( 'NONE', *, *, #1706, .F. ) ;
#1800 = CARTESIAN_POINT ( 'NONE',  ( 0.5032151781250004952, 1.571875000614518125, 0.8715942556523216256 ) ) ;
#1801 = PRODUCT_DEFINITION_CONTEXT ( 'detailed design', #591, 'design' ) ;
#1802 = CARTESIAN_POINT ( 'NONE',  ( -0.6249999999999978906, 0.4562500012290353624, 1.082531754730548856 ) ) ;
#1803 = CARTESIAN_POINT ( 'NONE',  ( 2.416392863103169362E-11, 0.4312500000021960433, 1.239174682453962228 ) ) ;
#1804 = PLANE ( 'NONE',  #2375 ) ;
#1805 = CARTESIAN_POINT ( 'NONE',  ( -0.6250000000000017764, 2.556250001229035451, -1.082531754730546636 ) ) ;
#1806 = ORIENTED_EDGE ( 'NONE', *, *, #60, .F. ) ;
#1807 = VECTOR ( 'NONE', #1976, 1000.000000000000000 ) ;
#1808 = AXIS2_PLACEMENT_3D ( 'NONE', #363, #1689, #1139 ) ;
#1809 = CIRCLE ( 'NONE', #1017, 1.250000000000000000 ) ;
#1810 = ADVANCED_FACE ( 'NONE', ( #1275 ), #1543, .F. ) ;
#1811 = FACE_OUTER_BOUND ( 'NONE', #2529, .T. ) ;
#1812 = ORIENTED_EDGE ( 'NONE', *, *, #1935, .T. ) ;
#1813 = CARTESIAN_POINT ( 'NONE',  ( 1.006430356249999880, 2.509375000614518125, 0.5810628371015469362 ) ) ;
#1814 = CARTESIAN_POINT ( 'NONE',  ( 2.236935443431609674E-15, 2.743750001229035451, 1.249999999999999556 ) ) ;
#1815 = CARTESIAN_POINT ( 'NONE',  ( 0.5826578956285518585, 0.02812500184355231150, -0.8206167428484558712 ) ) ;
#1816 = CARTESIAN_POINT ( 'NONE',  ( 0.8500000000000043077, 4.249999999999999112, 0.4907477288111741220 ) ) ;
#1817 = FILL_AREA_STYLE_COLOUR ( '', #448 ) ;
#1818 = CARTESIAN_POINT ( 'NONE',  ( 0.6249999999999974465, 3.381250001229034741, -1.082531754730548856 ) ) ;
#1819 = ORIENTED_EDGE ( 'NONE', *, *, #2019, .T. ) ;
#1820 = CARTESIAN_POINT ( 'NONE',  ( -1.006430356249999436, -0.8281249993854816749, 1.644310252063557226E-15 ) ) ;
#1821 = CARTESIAN_POINT ( 'NONE',  ( 1.006430356249999658, 2.209375000614517859, -9.819791222584819450E-16 ) ) ;
#1822 = CARTESIAN_POINT ( 'NONE',  ( 8.838126989374219771E-17, 1.562500000000000888, -1.443375672974063439 ) ) ;
#1823 = CARTESIAN_POINT ( 'NONE',  ( 0.7142857142857105268, 5.064285714285714946, 0.4123930494211606734 ) ) ;
#1824 = ORIENTED_EDGE ( 'NONE', *, *, #1931, .F. ) ;
#1825 = CARTESIAN_POINT ( 'NONE',  ( 1.006430356249999880, 2.059375000614518392, 0.5810628371015469362 ) ) ;
#1826 = CARTESIAN_POINT ( 'NONE',  ( 0.3349364905389036751, 0.9075961894323354429, 1.249999999999999112 ) ) ;
#1827 = CARTESIAN_POINT ( 'NONE',  ( 0.5032151781249982747, 1.271875000614518303, -0.8715942556523229579 ) ) ;
#1828 = LINE ( 'NONE', #860, #1055 ) ;
#1829 = EDGE_CURVE ( 'NONE', #2439, #947, #575, .T. ) ;
#1830 = CARTESIAN_POINT ( 'NONE',  ( -1.006430356249998548, -0.3406249993854816860, 0.5810628371015493787 ) ) ;
#1831 = CARTESIAN_POINT ( 'NONE',  ( 0.3349364905389053959, 1.413846190661369517, 1.249999999999998890 ) ) ;
#1832 = CARTESIAN_POINT ( 'NONE',  ( 1.743066579297358255E-16, 2.912500000000000977, -1.249999999999999112 ) ) ;
#1833 = CARTESIAN_POINT ( 'NONE',  ( 1.006430356249998770, 0.4468750006145182363, -0.5810628371015489346 ) ) ;
#1834 = CARTESIAN_POINT ( 'NONE',  ( -1.000000000000000444, 4.399999999999999467, 0.5773502691896261751 ) ) ;
#1835 = ORIENTED_EDGE ( 'NONE', *, *, #1596, .F. ) ;
#1836 = CARTESIAN_POINT ( 'NONE',  ( -1.006430356249999436, 2.771875000614517859, 1.644310252063557226E-15 ) ) ;
#1837 = CARTESIAN_POINT ( 'NONE',  ( 1.827526258964323273E-15, 1.084375000614518081, 1.162125674203096093 ) ) ;
#1838 = PLANE ( 'NONE',  #248 ) ;
#1839 = CARTESIAN_POINT ( 'NONE',  ( -3.569075380924708916E-16, 4.399999999999999467, 1.154700538379252128 ) ) ;
#1840 = ADVANCED_FACE ( 'NONE', ( #872 ), #1657, .T. ) ;
#1841 = ORIENTED_EDGE ( 'NONE', *, *, #567, .T. ) ;
#1842 = CARTESIAN_POINT ( 'NONE',  ( 1.006430356249999436, -0.6031249993854815861, -1.767562423498186358E-15 ) ) ;
#1843 = LINE ( 'NONE', #292, #1236 ) ;
#1844 = VECTOR ( 'NONE', #474, 1000.000000000000114 ) ;
#1845 = ORIENTED_EDGE ( 'NONE', *, *, #2096, .F. ) ;
#1846 = VECTOR ( 'NONE', #392, 1000.000000000000114 ) ;
#1847 = CARTESIAN_POINT ( 'NONE',  ( 0.5032151781249982747, 2.621875000614517948, -0.8715942556523229579 ) ) ;
#1848 = CARTESIAN_POINT ( 'NONE',  ( -1.145349079970673589, 0.2558465741427744522, -0.07444787102377788124 ) ) ;
#1849 = DIRECTION ( 'NONE',  ( 0.7071067811865434649, 0.7071067811865515695, 0.000000000000000000 ) ) ;
#1850 = VECTOR ( 'NONE', #1332, 1000.000000000000000 ) ;
#1851 =( BOUNDED_CURVE ( )  B_SPLINE_CURVE ( 2, ( #48, #1826, #1418, #1087, #502, #1292, #2063, #312, #1878 ),
 .UNSPECIFIED., .F., .T. ) 
 B_SPLINE_CURVE_WITH_KNOTS ( ( 3, 2, 2, 2, 3 ),
 ( 0.3409090909090909394, 0.3484848484848485084, 0.3636363636363636465, 0.3787878787878787845, 0.3863636363636363535 ),
 .UNSPECIFIED. ) 
 CURVE ( )  GEOMETRIC_REPRESENTATION_ITEM ( )  RATIONAL_B_SPLINE_CURVE ( ( 0.9330127018922194093, 0.9330127018922196314, 1.000000000000000000, 0.8660254037844387076, 1.000000000000000000, 0.8660254037844387076, 1.000000000000000000, 0.9330127018922194093, 0.9330127018922194093 ) ) 
 REPRESENTATION_ITEM ( '' )  );
#1852 = VERTEX_POINT ( 'NONE', #1463 ) ;
#1853 = CARTESIAN_POINT ( 'NONE',  ( -1.969845607676301195E-15, -0.04062499938548166240, -1.162125674203096093 ) ) ;
#1854 = CARTESIAN_POINT ( 'NONE',  ( -2.651438096812265438E-16, 3.137500000000001510, 1.443375672974063439 ) ) ;
#1855 = DIRECTION ( 'NONE',  ( 0.8660254037844384856, 0.000000000000000000, 0.5000000000000001110 ) ) ;
#1856 = DIRECTION ( 'NONE',  ( 0.8660254037844385966, -0.000000000000000000, 0.5000000000000000000 ) ) ;
#1857 = CARTESIAN_POINT ( 'NONE',  ( 1.249999999999999112, 1.412500000000000977, 0.7216878364870323859 ) ) ;
#1858 = ORIENTED_EDGE ( 'NONE', *, *, #1643, .F. ) ;
#1859 = CARTESIAN_POINT ( 'NONE',  ( 9.204127980810867663E-16, -0.1531249993854817137, 1.162125674203096537 ) ) ;
#1860 = CARTESIAN_POINT ( 'NONE',  ( -1.006430356250000102, 0.9343750006145180587, -0.5810628371015466032 ) ) ;
#1861 = EDGE_LOOP ( 'NONE', ( #1727, #991, #537, #997 ) ) ;
#1862 = CARTESIAN_POINT ( 'NONE',  ( 0.5032151781249982747, -0.5281249993854816305, -0.8715942556523229579 ) ) ;
#1863 = DIRECTION ( 'NONE',  ( -0.000000000000000000, -1.000000000000000000, -0.000000000000000000 ) ) ;
#1864 = CARTESIAN_POINT ( 'NONE',  ( -0.3431750250517555667, 2.999999999999999112, -1.186888791386159214 ) ) ;
#1865 = ADVANCED_FACE ( 'NONE', ( #1811 ), #43, .T. ) ;
#1866 = DIRECTION ( 'NONE',  ( 0.000000000000000000, 0.000000000000000000, 1.000000000000000000 ) ) ;
#1867 = CARTESIAN_POINT ( 'NONE',  ( 0.6249999999999987788, 2.725000000000000977, 1.082531754730548412 ) ) ;
#1868 = ORIENTED_EDGE ( 'NONE', *, *, #1990, .F. ) ;
#1869 = EDGE_CURVE ( 'NONE', #2042, #2290, #1621, .T. ) ;
#1870 = CARTESIAN_POINT ( 'NONE',  ( -1.006430356249999880, 1.496875000614518614, -0.5810628371015476024 ) ) ;
#1871 = CARTESIAN_POINT ( 'NONE',  ( -1.118404748241864421, 0.2428074363512795764, -0.2228698077458707849 ) ) ;
#1872 = LINE ( 'NONE', #1718, #1695 ) ;
#1873 = CARTESIAN_POINT ( 'NONE',  ( 1.006430356249999658, 1.309375000614518170, -9.819791222584817478E-16 ) ) ;
#1874 = CARTESIAN_POINT ( 'NONE',  ( -1.249999999999999112, 2.537500000000000977, -0.7216878364870322748 ) ) ;
#1875 = ORIENTED_EDGE ( 'NONE', *, *, #2496, .F. ) ;
#1876 = CARTESIAN_POINT ( 'NONE',  ( 0.5032151781249982747, 1.271875000614518303, -0.8715942556523229579 ) ) ;
#1877 = CARTESIAN_POINT ( 'NONE',  ( -1.150000000000001243, 5.500000000000000000, 0.6639528095680705677 ) ) ;
#1878 = CARTESIAN_POINT ( 'NONE',  ( 1.743066579297358255E-16, 1.112500000000000933, -1.249999999999999112 ) ) ;
#1879 = CARTESIAN_POINT ( 'NONE',  ( -2.614599868946037210E-15, 2.968750001229034652, -1.249999999999999334 ) ) ;
#1880 = ORIENTED_EDGE ( 'NONE', *, *, #1193, .T. ) ;
#1881 = CARTESIAN_POINT ( 'NONE',  ( 0.5032151781249999400, 1.234375000614518214, 0.8715942556523221807 ) ) ;
#1882 = AXIS2_PLACEMENT_3D ( 'NONE', #185, #807, #1568 ) ;
#1883 = EDGE_CURVE ( 'NONE', #2217, #829, #251, .T. ) ;
#1884 = CARTESIAN_POINT ( 'NONE',  ( -1.006430356249999436, 1.871875000614517948, 1.644310252063557226E-15 ) ) ;
#1885 = FACE_OUTER_BOUND ( 'NONE', #1622, .T. ) ;
#1886 = DIRECTION ( 'NONE',  ( -0.000000000000000000, -1.000000000000000000, -0.000000000000000000 ) ) ;
#1887 = CARTESIAN_POINT ( 'NONE',  ( 0.5032151781249999400, 1.234375000614518214, 0.8715942556523221807 ) ) ;
#1888 =( NAMED_UNIT ( * ) PLANE_ANGLE_UNIT ( ) SI_UNIT ( $, .RADIAN. ) );
#1889 = AXIS2_PLACEMENT_3D ( 'NONE', #2313, #1120, #545 ) ;
#1890 = CARTESIAN_POINT ( 'NONE',  ( 1.250000000000000444, 2.818750001229035185, 0.7216878364870297213 ) ) ;
#1891 = CARTESIAN_POINT ( 'NONE',  ( -1.006430356249998548, 1.459375000614518525, 0.5810628371015493787 ) ) ;
#1892 = CARTESIAN_POINT ( 'NONE',  ( -1.062732146793064491E-15, -0.8281249993854816749, -1.162125674203096537 ) ) ;
#1893 = CIRCLE ( 'NONE', #2455, 0.1499999999999999667 ) ;
#1894 = CARTESIAN_POINT ( 'NONE',  ( 1.249999999999999334, 1.056250001229035451, -2.749541545756668106E-15 ) ) ;
#1895 = CARTESIAN_POINT ( 'NONE',  ( 1.249999999999999112, 2.762500000000001066, 0.7216878364870324969 ) ) ;
#1896 = VERTEX_POINT ( 'NONE', #659 ) ;
#1897 = CARTESIAN_POINT ( 'NONE',  ( -0.5032151781250003841, 0.5593750006145181697, -0.8715942556523218476 ) ) ;
#1898 = ORIENTED_EDGE ( 'NONE', *, *, #658, .T. ) ;
#1899 = CARTESIAN_POINT ( 'NONE',  ( 1.827526258964323273E-15, 2.884375000614518569, 1.162125674203096093 ) ) ;
#1900 = CARTESIAN_POINT ( 'NONE',  ( 1.091451797878403518, 0.2450420992218145244, -0.3328664658665160259 ) ) ;
#1901 = CARTESIAN_POINT ( 'NONE',  ( 1.006430356249999658, 1.271875000614518081, 0.5810628371015478244 ) ) ;
#1902 = PRESENTATION_STYLE_ASSIGNMENT (( #2070 ) ) ;
#1903 = CARTESIAN_POINT ( 'NONE',  ( 1.249999999999997780, 2.893750001229035806, -0.7216878364870343843 ) ) ;
#1904 = CARTESIAN_POINT ( 'NONE',  ( -0.5032151781250009392, 0.8968750006145183029, -0.8715942556523212925 ) ) ;
#1905 = CARTESIAN_POINT ( 'NONE',  ( 0.5032151781249999400, -0.1156249993854817498, 0.8715942556523221807 ) ) ;
#1906 = CARTESIAN_POINT ( 'NONE',  ( -0.6250000000000017764, -1.043749998770964416, -1.082531754730546636 ) ) ;
#1907 = CARTESIAN_POINT ( 'NONE',  ( 0.5032151781249999400, 2.134375000614518125, 0.8715942556523221807 ) ) ;
#1908 = EDGE_CURVE ( 'NONE', #1267, #2439, #653, .T. ) ;
#1909 = LINE ( 'NONE', #1536, #740 ) ;
#1910 = ORIENTED_EDGE ( 'NONE', *, *, #832, .T. ) ;
#1911 = CARTESIAN_POINT ( 'NONE',  ( -1.006430356249998992, 1.571875000614518347, 0.5810628371015487126 ) ) ;
#1912 = ORIENTED_EDGE ( 'NONE', *, *, #737, .F. ) ;
#1913 = CARTESIAN_POINT ( 'NONE',  ( -1.969845607676301195E-15, 1.759375000614518347, -1.162125674203096093 ) ) ;
#1914 = CARTESIAN_POINT ( 'NONE',  ( 0.8948846942881949484, 0.2668332481763084907, -0.7279894207336327083 ) ) ;
#1915 = CARTESIAN_POINT ( 'NONE',  ( -1.062732146793064491E-15, 0.9718750006145182585, -1.162125674203096537 ) ) ;
#1916 = CARTESIAN_POINT ( 'NONE',  ( 1.249999999999999334, 2.406250001229035540, -2.749541545756668106E-15 ) ) ;
#1917 = CARTESIAN_POINT ( 'NONE',  ( -1.006430356249998548, 2.359375000614518214, 0.5810628371015493787 ) ) ;
#1918 = CARTESIAN_POINT ( 'NONE',  ( -3.086515833287601756E-15, 0.7187500012290354290, -1.443375672974063439 ) ) ;
#1919 = CARTESIAN_POINT ( 'NONE',  ( 1.006430356249999658, 2.621875000614518392, 0.5810628371015478244 ) ) ;
#1920 = DIRECTION ( 'NONE',  ( 0.000000000000000000, 0.000000000000000000, -1.000000000000000000 ) ) ;
#1921 = ORIENTED_EDGE ( 'NONE', *, *, #1392, .T. ) ;
#1922 = CARTESIAN_POINT ( 'NONE',  ( 1.006430356249999658, 3.109375000614518214, -9.819791222584819450E-16 ) ) ;
#1923 = CARTESIAN_POINT ( 'NONE',  ( 0.000000000000000000, 5.500000000000000000, 0.000000000000000000 ) ) ;
#1924 = CARTESIAN_POINT ( 'NONE',  ( 0.000000000000000000, 3.149999999999999911, 2.100000000000000089 ) ) ;
#1925 = CARTESIAN_POINT ( 'NONE',  ( -1.207585681742749495, 3.000000000000000888, 0.02748050622219674541 ) ) ;
#1926 = CARTESIAN_POINT ( 'NONE',  ( -1.008137368038803494, 0.04929469869582748381, -0.2383959406250580060 ) ) ;
#1927 = CARTESIAN_POINT ( 'NONE',  ( 2.265986553086565608E-15, 1.168750001229035052, -1.249999999999999112 ) ) ;
#1928 = CARTESIAN_POINT ( 'NONE',  ( 0.5032151781249982747, 3.071875000614518125, -0.8715942556523229579 ) ) ;
#1929 = AXIS2_PLACEMENT_3D ( 'NONE', #29, #1863, #322 ) ;
#1930 = CARTESIAN_POINT ( 'NONE',  ( -3.086515833287601756E-15, -0.6312499987709645488, -1.443375672974063439 ) ) ;
#1931 = EDGE_CURVE ( 'NONE', #829, #227, #724, .T. ) ;
#1932 = CARTESIAN_POINT ( 'NONE',  ( -1.006430356249999214, 1.571875000614518347, 0.5810628371015488236 ) ) ;
#1933 = CARTESIAN_POINT ( 'NONE',  ( 1.249999999999999112, 0.06250000000000124900, 0.7216878364870323859 ) ) ;
#1934 = ORIENTED_EDGE ( 'NONE', *, *, #868, .F. ) ;
#1935 = EDGE_CURVE ( 'NONE', #1668, #237, #2404, .T. ) ;
#1936 = VERTEX_POINT ( 'NONE', #1879 ) ;
#1937 = FACE_OUTER_BOUND ( 'NONE', #2120, .T. ) ;
#1938 = CARTESIAN_POINT ( 'NONE',  ( 1.006430356249998104, 0.3343750006145182474, -0.5810628371015496008 ) ) ;
#1939 = CARTESIAN_POINT ( 'NONE',  ( -1.249999999999998002, 1.318750001229035629, 0.7216878364870340512 ) ) ;
#1940 = CARTESIAN_POINT ( 'NONE',  ( -0.7142857142857133024, 4.114285714285712992, -0.4123930494211585085 ) ) ;
#1941 = FACE_OUTER_BOUND ( 'NONE', #2466, .T. ) ;
#1942 = LINE ( 'NONE', #1387, #2247 ) ;
#1943 = FACE_OUTER_BOUND ( 'NONE', #1273, .T. ) ;
#1944 = CARTESIAN_POINT ( 'NONE',  ( 1.250000000000000444, -0.3312499987709645044, 0.7216878364870298324 ) ) ;
#1945 = CARTESIAN_POINT ( 'NONE',  ( 1.006430356249999658, 2.209375000614517859, -9.819791222584819450E-16 ) ) ;
#1946 = LINE ( 'NONE', #1103, #1363 ) ;
#1947 = CARTESIAN_POINT ( 'NONE',  ( 9.204127980810863719E-16, 3.446875000614518125, 1.162125674203096537 ) ) ;
#1948 = CARTESIAN_POINT ( 'NONE',  ( -1.006430356249999880, 3.296875000614518214, -0.5810628371015476024 ) ) ;
#1949 = EDGE_CURVE ( 'NONE', #1267, #2180, #863, .T. ) ;
#1950 = EDGE_CURVE ( 'NONE', #180, #1590, #1909, .T. ) ;
#1951 = EDGE_LOOP ( 'NONE', ( #124, #234, #299 ) ) ;
#1952 = DIRECTION ( 'NONE',  ( 0.000000000000000000, 1.000000000000000000, 0.000000000000000000 ) ) ;
#1953 = CARTESIAN_POINT ( 'NONE',  ( -0.5032151781250009392, 1.346875000614518259, -0.8715942556523212925 ) ) ;
#1954 = CARTESIAN_POINT ( 'NONE',  ( -0.6250000000000017764, 0.7562500012290355178, -1.082531754730546636 ) ) ;
#1955 = CARTESIAN_POINT ( 'NONE',  ( -1.006430356249999436, 3.671875000614517770, 1.644310252063557226E-15 ) ) ;
#1956 = CARTESIAN_POINT ( 'NONE',  ( -0.6249999999999978906, 2.706250001229035362, 1.082531754730548856 ) ) ;
#1957 = CARTESIAN_POINT ( 'NONE',  ( 0.000000000000000000, 3.000000000000000000, 0.000000000000000000 ) ) ;
#1958 = CARTESIAN_POINT ( 'NONE',  ( -1.006430356249999658, 0.6343750006145181253, 8.587269508238526152E-16 ) ) ;
#1959 = CARTESIAN_POINT ( 'NONE',  ( -1.062732146793064491E-15, 3.671875000614517770, -1.162125674203096537 ) ) ;
#1960 = CARTESIAN_POINT ( 'NONE',  ( -0.5032151781249993849, 2.509375000614517681, 0.8715942556523227358 ) ) ;
#1961 = ORIENTED_EDGE ( 'NONE', *, *, #737, .T. ) ;
#1962 = FACE_OUTER_BOUND ( 'NONE', #2287, .T. ) ;
#1963 = EDGE_CURVE ( 'NONE', #2505, #1066, #946, .T. ) ;
#1964 = CARTESIAN_POINT ( 'NONE',  ( -1.006430356249998548, 0.5593750006145181697, 0.5810628371015493787 ) ) ;
#1965 = EDGE_CURVE ( 'NONE', #1237, #1121, #1983, .T. ) ;
#1966 = CARTESIAN_POINT ( 'NONE',  ( -0.9403468430323600469, 0.03873705059571518061, -0.4210977938086911121 ) ) ;
#1967 = LINE ( 'NONE', #2368, #2491 ) ;
#1968 = DIRECTION ( 'NONE',  ( 0.8660254037844385966, 0.000000000000000000, 0.5000000000000002220 ) ) ;
#1969 = VECTOR ( 'NONE', #2318, 999.9999999999998863 ) ;
#1970 = CARTESIAN_POINT ( 'NONE',  ( 1.250000000000000444, 2.368750001229035451, 0.7216878364870298324 ) ) ;
#1971 = CARTESIAN_POINT ( 'NONE',  ( -1.062732146793064886E-15, 1.421875000614517992, -1.162125674203096537 ) ) ;
#1972 = VECTOR ( 'NONE', #842, 999.9999999999998863 ) ;
#1973 = CARTESIAN_POINT ( 'NONE',  ( 0.6249999999999997780, -0.7249999999999986455, -1.082531754730547746 ) ) ;
#1974 = ORIENTED_EDGE ( 'NONE', *, *, #92, .T. ) ;
#1975 = CARTESIAN_POINT ( 'NONE',  ( 0.5032151781250004952, 1.121875000614518170, 0.8715942556523216256 ) ) ;
#1976 = DIRECTION ( 'NONE',  ( -0.000000000000000000, -1.000000000000000000, -0.000000000000000000 ) ) ;
#1977 = FACE_OUTER_BOUND ( 'NONE', #1951, .T. ) ;
#1978 = CARTESIAN_POINT ( 'NONE',  ( 1.249999999999998002, 1.543750001229035496, -0.7216878364870344953 ) ) ;
#1979 = EDGE_CURVE ( 'NONE', #1698, #1108, #2169, .T. ) ;
#1980 = VERTEX_POINT ( 'NONE', #2064 ) ;
#1981 = CARTESIAN_POINT ( 'NONE',  ( 0.5032151781249990519, 1.834375000614518081, -0.8715942556523228468 ) ) ;
#1982 = CARTESIAN_POINT ( 'NONE',  ( -0.6249999999999993339, 0.7000000000000011768, -1.082531754730547968 ) ) ;
#1983 =( BOUNDED_CURVE ( )  B_SPLINE_CURVE ( 2, ( #328, #2275, #1867, #1895, #343, #2302, #893, #2053, #1726 ),
 .UNSPECIFIED., .F., .F. ) 
 B_SPLINE_CURVE_WITH_KNOTS ( ( 3, 2, 2, 2, 3 ),
 ( 0.7045454545454545858, 0.7121212121212121549, 0.7272727272727272929, 0.7424242424242424310, 0.7500000000000000000 ),
 .UNSPECIFIED. ) 
 CURVE ( )  GEOMETRIC_REPRESENTATION_ITEM ( )  RATIONAL_B_SPLINE_CURVE ( ( 0.9330127018922194093, 0.9330127018922194093, 1.000000000000000000, 0.8660254037844387076, 1.000000000000000000, 0.8660254037844387076, 1.000000000000000000, 0.9330127018922194093, 0.9330127018922194093 ) ) 
 REPRESENTATION_ITEM ( '' )  );
#1984 = ORIENTED_EDGE ( 'NONE', *, *, #267, .F. ) ;
#1985 = CARTESIAN_POINT ( 'NONE',  ( -1.006430356249998548, 1.459375000614518525, 0.5810628371015493787 ) ) ;
#1986 = CARTESIAN_POINT ( 'NONE',  ( -0.3349364905389030089, 1.132596189432335532, -1.249999999999999334 ) ) ;
#1987 = CARTESIAN_POINT ( 'NONE',  ( -1.000000000000001776, 4.399999999999999467, -0.5773502691896238437 ) ) ;
#1988 = CARTESIAN_POINT ( 'NONE',  ( -0.6249999999999978906, 2.256250001229035185, 1.082531754730548856 ) ) ;
#1989 = VERTEX_POINT ( 'NONE', #1073 ) ;
#1990 = EDGE_CURVE ( 'NONE', #1089, #1537, #138, .T. ) ;
#1991 = ORIENTED_EDGE ( 'NONE', *, *, #645, .T. ) ;
#1992 =( BOUNDED_CURVE ( )  B_SPLINE_CURVE ( 2, ( #351, #2309, #338, #131, #1916, #1128, #365, #1115, #147 ),
 .UNSPECIFIED., .F., .T. ) 
 B_SPLINE_CURVE_WITH_KNOTS ( ( 3, 2, 2, 2, 3 ),
 ( 0.7045454545454545858, 0.7121212121212121549, 0.7272727272727272929, 0.7424242424242424310, 0.7500000000000000000 ),
 .UNSPECIFIED. ) 
 CURVE ( )  GEOMETRIC_REPRESENTATION_ITEM ( )  RATIONAL_B_SPLINE_CURVE ( ( 0.9330127018922194093, 0.9330127018922194093, 1.000000000000000000, 0.8660254037844387076, 1.000000000000000000, 0.8660254037844387076, 1.000000000000000000, 0.9330127018922194093, 0.9330127018922194093 ) ) 
 REPRESENTATION_ITEM ( '' )  );
#1993 = CARTESIAN_POINT ( 'NONE',  ( 1.006430356249998770, -0.9031249993854816305, -0.5810628371015489346 ) ) ;
#1994 = CARTESIAN_POINT ( 'NONE',  ( -1.249999999999998002, 2.668750001229035274, 0.7216878364870340512 ) ) ;
#1995 = CARTESIAN_POINT ( 'NONE',  ( -0.3349364905389035640, 1.317403810567667310, 1.249999999999999112 ) ) ;
#1996 = CARTESIAN_POINT ( 'NONE',  ( 1.249999999999999112, 2.312500000000000888, 0.7216878364870324969 ) ) ;
#1997 = CARTESIAN_POINT ( 'NONE',  ( 1.249999999999999112, 1.412500000000000977, 0.7216878364870324969 ) ) ;
#1998 = CARTESIAN_POINT ( 'NONE',  ( 1.250000000000000444, 3.268750001229034918, 0.7216878364870298324 ) ) ;
#1999 = ORIENTED_EDGE ( 'NONE', *, *, #2324, .T. ) ;
#2000 = CARTESIAN_POINT ( 'NONE',  ( 1.827526258964323273E-15, 0.1843750006145182807, 1.162125674203096093 ) ) ;
#2001 = CARTESIAN_POINT ( 'NONE',  ( 1.006430356249999658, 2.621875000614518392, 0.5810628371015478244 ) ) ;
#2002 = CARTESIAN_POINT ( 'NONE',  ( -0.5032151781250003841, 3.709375000614517859, -0.8715942556523218476 ) ) ;
#2003 = VECTOR ( 'NONE', #1599, 1000.000000000000000 ) ;
#2004 = VECTOR ( 'NONE', #2504, 1000.000000000000000 ) ;
#2005 = ORIENTED_EDGE ( 'NONE', *, *, #868, .T. ) ;
#2006 = EDGE_CURVE ( 'NONE', #1700, #1713, #162, .T. ) ;
#2007 = CARTESIAN_POINT ( 'NONE',  ( -1.006430356250000324, 2.284375000614518036, -0.5810628371015467142 ) ) ;
#2008 =( BOUNDED_CURVE ( )  B_SPLINE_CURVE ( 2, ( #2029, #261, #2461, #707, #272, #2207, #455, #1241, #2013 ),
 .UNSPECIFIED., .F., .F. ) 
 B_SPLINE_CURVE_WITH_KNOTS ( ( 3, 2, 2, 2, 3 ),
 ( 0.5227272727272727071, 0.5303030303030302761, 0.5454545454545454142, 0.5606060606060605522, 0.5681818181818182323 ),
 .UNSPECIFIED. ) 
 CURVE ( )  GEOMETRIC_REPRESENTATION_ITEM ( )  RATIONAL_B_SPLINE_CURVE ( ( 0.9330127018922194093, 0.9330127018922194093, 1.000000000000000000, 0.8660254037844387076, 1.000000000000000000, 0.8660254037844387076, 1.000000000000000000, 0.9330127018922188542, 0.9330127018922194093 ) ) 
 REPRESENTATION_ITEM ( '' )  );
#2009 = CARTESIAN_POINT ( 'NONE',  ( 1.006430356249999880, 0.7093750006145181919, 0.5810628371015468252 ) ) ;
#2010 = ORIENTED_EDGE ( 'NONE', *, *, #1935, .F. ) ;
#2011 = CARTESIAN_POINT ( 'NONE',  ( -1.006430356250000324, -0.8656249993854816527, -0.5810628371015467142 ) ) ;
#2012 = CARTESIAN_POINT ( 'NONE',  ( -1.006430356249998992, 0.2218750006145182585, 0.5810628371015487126 ) ) ;
#2013 = CARTESIAN_POINT ( 'NONE',  ( -4.706279764102867609E-15, 2.012500000000001510, -1.249999999999999112 ) ) ;
#2014 = CARTESIAN_POINT ( 'NONE',  ( -1.249999999999999334, 1.637500000000001288, -0.7216878364870322748 ) ) ;
#2015 = CARTESIAN_POINT ( 'NONE',  ( -0.5093240311037042778, 0.3372383747544466237, -1.100005204721868468 ) ) ;
#2016 = CARTESIAN_POINT ( 'NONE',  ( -0.3349364905389024538, 0.8674038105676670218, 1.249999999999999778 ) ) ;
#2017 = ORIENTED_EDGE ( 'NONE', *, *, #1725, .F. ) ;
#2018 = CARTESIAN_POINT ( 'NONE',  ( -0.5032151781250009392, 2.696875000614518569, -0.8715942556523212925 ) ) ;
#2019 = EDGE_CURVE ( 'NONE', #1700, #1089, #123, .T. ) ;
#2020 = EDGE_CURVE ( 'NONE', #1221, #426, #411, .T. ) ;
#2021 = CARTESIAN_POINT ( 'NONE',  ( -1.006430356249999436, 1.421875000614518214, 1.644310252063557226E-15 ) ) ;
#2022 = CARTESIAN_POINT ( 'NONE',  ( 0.000000000000000000, 3.000000000000000000, -1.249999999999999334 ) ) ;
#2023 = PLANE ( 'NONE',  #944 ) ;
#2024 = FACE_OUTER_BOUND ( 'NONE', #456, .T. ) ;
#2025 = CARTESIAN_POINT ( 'NONE',  ( -0.5032151781249986078, 0.5968750006145181475, 0.8715942556523228468 ) ) ;
#2026 = DIRECTION ( 'NONE',  ( -0.000000000000000000, 1.000000000000000000, -0.000000000000000000 ) ) ;
#2027 = CARTESIAN_POINT ( 'NONE',  ( 0.6249999999999987788, 2.725000000000000977, 1.082531754730548412 ) ) ;
#2028 = LINE ( 'NONE', #1251, #1151 ) ;
#2029 = CARTESIAN_POINT ( 'NONE',  ( -4.938688641342514686E-16, 1.787500000000000977, 1.249999999999999334 ) ) ;
#2030 = CARTESIAN_POINT ( 'NONE',  ( -0.2566838838730889361, 0.3263870982320711267, -1.178632057888433060 ) ) ;
#2031 = ORIENTED_EDGE ( 'NONE', *, *, #2385, .T. ) ;
#2032 = CARTESIAN_POINT ( 'NONE',  ( 1.006430356249999880, 3.409375000614517592, 0.5810628371015469362 ) ) ;
#2033 = EDGE_CURVE ( 'NONE', #504, #1715, #690, .T. ) ;
#2034 = CARTESIAN_POINT ( 'NONE',  ( -1.006430356249998548, 1.009375000614518125, 0.5810628371015494897 ) ) ;
#2035 = CARTESIAN_POINT ( 'NONE',  ( 1.743066579297358255E-16, 2.462500000000000799, -1.249999999999999112 ) ) ;
#2036 = EDGE_CURVE ( 'NONE', #1989, #817, #528, .T. ) ;
#2037 = VERTEX_POINT ( 'NONE', #1372 ) ;
#2038 = CARTESIAN_POINT ( 'NONE',  ( 1.006430356249999436, 0.7468750006145183917, -1.767562423498186358E-15 ) ) ;
#2039 = CARTESIAN_POINT ( 'NONE',  ( -0.6250000000000002220, 3.100000000000000977, 1.082531754730547746 ) ) ;
#2040 = CARTESIAN_POINT ( 'NONE',  ( 0.000000000000000000, 0.4500000000000000111, 0.000000000000000000 ) ) ;
#2041 = AXIS2_PLACEMENT_3D ( 'NONE', #512, #2071, #1095 ) ;
#2042 = VERTEX_POINT ( 'NONE', #1140 ) ;
#2043 = CIRCLE ( 'NONE', #2372, 2.250000000000000000 ) ;
#2044 = CARTESIAN_POINT ( 'NONE',  ( -1.006430356249998548, 3.709375000614518303, 0.5810628371015493787 ) ) ;
#2045 = CARTESIAN_POINT ( 'NONE',  ( -0.9932604060587482131, 0.3252335032086796640, 0.6506332144618399704 ) ) ;
#2046 = PLANE ( 'NONE',  #1690 ) ;
#2047 = EDGE_LOOP ( 'NONE', ( #2316, #40, #370, #1567 ) ) ;
#2048 = CARTESIAN_POINT ( 'NONE',  ( -1.006430356249999880, -0.3031249993854817082, -0.5810628371015476024 ) ) ;
#2049 = EDGE_CURVE ( 'NONE', #2492, #329, #80, .T. ) ;
#2050 = CARTESIAN_POINT ( 'NONE',  ( 0.3848788666503857869, 3.000000000000004885, -1.102127625896412333 ) ) ;
#2051 = CARTESIAN_POINT ( 'NONE',  ( 0.5032151781249990519, 1.834375000614518081, -0.8715942556523228468 ) ) ;
#2052 = DIRECTION ( 'NONE',  ( -0.000000000000000000, -1.000000000000000000, -0.000000000000000000 ) ) ;
#2053 = CARTESIAN_POINT ( 'NONE',  ( 0.3349364905389032865, 2.892403810567666600, -1.249999999999999112 ) ) ;
#2054 = EDGE_LOOP ( 'NONE', ( #1672, #109, #1564, #2151 ) ) ;
#2055 = CARTESIAN_POINT ( 'NONE',  ( -1.062732146793064886E-15, 0.9718750006145182585, -1.162125674203096537 ) ) ;
#2056 = CARTESIAN_POINT ( 'NONE',  ( -0.5786509504792416436, 0.1541788916994861203, -0.9230155632244951835 ) ) ;
#2057 = CARTESIAN_POINT ( 'NONE',  ( 2.236935443431609674E-15, 1.393750001229035362, 1.249999999999999556 ) ) ;
#2058 = CARTESIAN_POINT ( 'NONE',  ( 9.204127980810863719E-16, 1.196875000614517903, 1.162125674203096537 ) ) ;
#2059 = VERTEX_POINT ( 'NONE', #2348 ) ;
#2060 = CARTESIAN_POINT ( 'NONE',  ( 1.006430356249999880, 2.959375000614518303, 0.5810628371015469362 ) ) ;
#2061 = CARTESIAN_POINT ( 'NONE',  ( -0.3349364905389052294, 2.032596189432335443, -1.249999999999997780 ) ) ;
#2062 = CARTESIAN_POINT ( 'NONE',  ( 1.006430356249998770, 1.796875000614518214, -0.5810628371015489346 ) ) ;
#2063 = CARTESIAN_POINT ( 'NONE',  ( 0.6249999999999997780, 1.075000000000001288, -1.082531754730547746 ) ) ;
#2064 = CARTESIAN_POINT ( 'NONE',  ( -0.8499999999999976463, 4.249999999999999112, 0.4907477288111853908 ) ) ;
#2065 = VERTEX_POINT ( 'NONE', #593 ) ;
#2066 = CARTESIAN_POINT ( 'NONE',  ( -1.062732146793064886E-15, -0.3781249993854816638, -1.162125674203096537 ) ) ;
#2067 = CARTESIAN_POINT ( 'NONE',  ( 1.006430356249999880, 2.959375000614518303, 0.5810628371015468252 ) ) ;
#2068 = CARTESIAN_POINT ( 'NONE',  ( 0.000000000000000000, 3.000000000000000000, 0.000000000000000000 ) ) ;
#2069 = CARTESIAN_POINT ( 'NONE',  ( -1.062732146793064491E-15, 0.5218750006145181919, -1.162125674203096537 ) ) ;
#2070 = SURFACE_STYLE_USAGE ( .BOTH. , #1043 ) ;
#2071 = DIRECTION ( 'NONE',  ( 0.000000000000000000, 1.000000000000000000, 0.000000000000000000 ) ) ;
#2072 = CARTESIAN_POINT ( 'NONE',  ( -1.969845607676301195E-15, 1.759375000614518347, -1.162125674203096093 ) ) ;
#2073 = DIRECTION ( 'NONE',  ( 0.000000000000000000, 0.000000000000000000, 1.000000000000000000 ) ) ;
#2074 = CARTESIAN_POINT ( 'NONE',  ( -0.6249999999999993339, 3.850000000000000977, -1.082531754730547968 ) ) ;
#2075 = CARTESIAN_POINT ( 'NONE',  ( 2.909753293500117656E-15, 0.04375000122903548866, 1.443375672974063439 ) ) ;
#2076 = CARTESIAN_POINT ( 'NONE',  ( -1.062732146793064491E-15, 3.221875000614517592, -1.162125674203096537 ) ) ;
#2077 = CARTESIAN_POINT ( 'NONE',  ( -0.6758206704428987299, 0.4532007610024613165, 1.053190426969943250 ) ) ;
#2078 = ORIENTED_EDGE ( 'NONE', *, *, #1704, .F. ) ;
#2079 = CARTESIAN_POINT ( 'NONE',  ( -1.006430356249999880, 0.1468750006145182474, -0.5810628371015476024 ) ) ;
#2080 = ADVANCED_BREP_SHAPE_REPRESENTATION ( 'Screw_DIN_912_M2.5x3F_A2', ( #712, #1276 ), #2499 ) ;
#2081 = ORIENTED_EDGE ( 'NONE', *, *, #959, .T. ) ;
#2082 = CARTESIAN_POINT ( 'NONE',  ( -1.014672114362369149, 2.973380326861743139, -0.8575544546077435992 ) ) ;
#2083 = CARTESIAN_POINT ( 'NONE',  ( -1.006430356250000102, 2.734375000614517770, -0.5810628371015466032 ) ) ;
#2084 = CARTESIAN_POINT ( 'NONE',  ( 0.000000000000000000, 0.000000000000000000, 0.000000000000000000 ) ) ;
#2085 = CARTESIAN_POINT ( 'NONE',  ( -0.5032151781249986078, -0.7531249993854817193, 0.8715942556523228468 ) ) ;
#2086 = AXIS2_PLACEMENT_3D ( 'NONE', #788, #995, #1603 ) ;
#2087 = LINE ( 'NONE', #525, #1732 ) ;
#2088 = CARTESIAN_POINT ( 'NONE',  ( -1.006430356249998548, 1.909375000614518259, 0.5810628371015493787 ) ) ;
#2089 = CARTESIAN_POINT ( 'NONE',  ( -0.5032151781250003841, -0.3406249993854816860, -0.8715942556523218476 ) ) ;
#2090 = CARTESIAN_POINT ( 'NONE',  ( 1.250000000000000444, 0.1187500012290354651, 0.7216878364870298324 ) ) ;
#2091 =( BOUNDED_CURVE ( )  B_SPLINE_CURVE ( 2, ( #1029, #1065, #1637, #1433, #84, #110, #2421, #1233, #1282, #301, #1269, #876, #2433, #2249, #650, #458, #673, #276, #471, #2009, #682, #886, #61, #1468, #1256, #1860, #2441, #2034, #1479, #1837, #1625, #2394, #255, #2406, #1827, #1448, #2214, #1245, #2021, #265, #1041, #72, #859, #662, #911, #548, #1701, #1913, #2467, #2306, #1884, #744, #1331, #1110, #560, #361, #924, #2265, #2095, #2279, #1343, #1541, #1523, #347, #142, #1717, #507, #715, #538, #2292, #1124, #727, #698, #2083, #2124, #1297, #1684, #1899, #154, #2067, #937, #2481, #2109 ),
 .UNSPECIFIED., .F., .T. ) 
 B_SPLINE_CURVE_WITH_KNOTS ( ( 3, 2, 2, 2, 2, 2, 2, 2, 2, 2, 2, 2, 2, 2, 2, 2, 2, 2, 2, 2, 2, 2, 2, 2, 2, 2, 2, 2, 2, 2, 2, 2, 2, 2, 2, 2, 2, 2, 2, 2, 2, 3 ),
 ( 0.2185168712373019850, 0.2272727272727272652, 0.2424242424242424310, 0.2575757575757575690, 0.2727272727272727071, 0.2878787878787879007, 0.3030303030303030387, 0.3181818181818181768, 0.3333333333333333148, 0.3484848484848485084, 0.3636363636363636465, 0.3787878787878787845, 0.3939393939393939226, 0.4090909090909091161, 0.4242424242424242542, 0.4393939393939393923, 0.4545454545454545303, 0.4696969696969697239, 0.4848484848484848619, 0.5000000000000000000, 0.5151515151515151381, 0.5303030303030302761, 0.5454545454545454142, 0.5606060606060605522, 0.5757575757575758013, 0.5909090909090909394, 0.6060606060606060774, 0.6212121212121212155, 0.6363636363636363535, 0.6515151515151514916, 0.6666666666666666297, 0.6818181818181816567, 0.6969696969696970168, 0.7121212121212121549, 0.7272727272727272929, 0.7424242424242424310, 0.7575757575757575690, 0.7727272727272727071, 0.7878787878787878451, 0.8030303030303029832, 0.8181818181818182323, 0.8188967939650138028 ),
 .UNSPECIFIED. ) 
 CURVE ( )  GEOMETRIC_REPRESENTATION_ITEM ( )  RATIONAL_B_SPLINE_CURVE ( ( 0.9346381638529898117, 0.9225778897267324918, 1.000000000000000000, 0.8660254037844387076, 1.000000000000000000, 0.8660254037844387076, 1.000000000000000000, 0.8660254037844387076, 1.000000000000000000, 0.8660254037844387076, 1.000000000000000000, 0.8660254037844387076, 1.000000000000000000, 0.8660254037844387076, 1.000000000000000000, 0.8660254037844387076, 1.000000000000000000, 0.8660254037844387076, 1.000000000000000000, 0.8660254037844387076, 1.000000000000000000, 0.8660254037844387076, 1.000000000000000000, 0.8660254037844387076, 1.000000000000000000, 0.8660254037844387076, 1.000000000000000000, 0.8660254037844387076, 1.000000000000000000, 0.8660254037844387076, 1.000000000000000000, 0.8660254037844387076, 1.000000000000000000, 0.8660254037844387076, 1.000000000000000000, 0.8660254037844387076, 1.000000000000000000, 0.8660254037844387076, 1.000000000000000000, 0.8660254037844387076, 1.000000000000000000, 0.8660254037844387076, 1.000000000000000000, 0.8660254037844387076, 1.000000000000000000, 0.8660254037844387076, 1.000000000000000000, 0.8660254037844387076, 1.000000000000000000, 0.8660254037844387076, 1.000000000000000000, 0.8660254037844387076, 1.000000000000000000, 0.8660254037844387076, 1.000000000000000000, 0.8660254037844387076, 1.000000000000000000, 0.8660254037844387076, 1.000000000000000000, 0.8660254037844387076, 1.000000000000000000, 0.8660254037844387076, 1.000000000000000000, 0.8660254037844387076, 1.000000000000000000, 0.8660254037844387076, 1.000000000000000000, 0.8660254037844387076, 1.000000000000000000, 0.8660254037844387076, 1.000000000000000000, 0.8660254037844387076, 1.000000000000000000, 0.8660254037844387076, 1.000000000000000000, 0.8660254037844387076, 1.000000000000000000, 0.8660254037844387076, 1.000000000000000000, 0.8660254037844387076, 1.000000000000000000, 0.9936779529374030195, 0.9879525604674033179 ) ) 
 REPRESENTATION_ITEM ( '' )  );
#2092 = CARTESIAN_POINT ( 'NONE',  ( -1.062732146793064491E-15, 2.771875000614518303, -1.162125674203096537 ) ) ;
#2093 = ORIENTED_EDGE ( 'NONE', *, *, #700, .F. ) ;
#2094 = CARTESIAN_POINT ( 'NONE',  ( -1.006430356249999658, 1.534375000614518036, 8.587269508238526152E-16 ) ) ;
#2095 = CARTESIAN_POINT ( 'NONE',  ( 0.5032151781249982747, 2.171875000614518214, -0.8715942556523229579 ) ) ;
#2096 = EDGE_CURVE ( 'NONE', #1081, #1066, #1428, .T. ) ;
#2097 = CARTESIAN_POINT ( 'NONE',  ( 0.5637772732198487180, 0.2866441394163095624, -1.019534868189075461 ) ) ;
#2098 = CARTESIAN_POINT ( 'NONE',  ( -0.5032151781250003841, 1.459375000614518081, -0.8715942556523218476 ) ) ;
#2099 = CARTESIAN_POINT ( 'NONE',  ( -1.070762284662934105, 3.000000000000000444, 0.4736376729554713227 ) ) ;
#2100 = DIRECTION ( 'NONE',  ( -0.000000000000000000, -1.000000000000000000, -0.000000000000000000 ) ) ;
#2101 = CARTESIAN_POINT ( 'NONE',  ( -1.006430356249999436, 1.871875000614517948, 1.644310252063557226E-15 ) ) ;
#2102 = CARTESIAN_POINT ( 'NONE',  ( 1.006430356249999658, -0.4906249993854816527, -9.819791222584817478E-16 ) ) ;
#2103 = EDGE_CURVE ( 'NONE', #1063, #1279, #562, .T. ) ;
#2104 = CARTESIAN_POINT ( 'NONE',  ( 0.6249999999999974465, -0.6687499987709644156, -1.082531754730548856 ) ) ;
#2105 = CARTESIAN_POINT ( 'NONE',  ( -1.062732146793064491E-15, 1.871875000614518392, -1.162125674203096537 ) ) ;
#2106 =( BOUNDED_CURVE ( )  B_SPLINE_CURVE ( 2, ( #1307, #2077, #1802, #821, #569 ),
 .UNSPECIFIED., .F., .F. ) 
 B_SPLINE_CURVE_WITH_KNOTS ( ( 3, 2, 3 ),
 ( 0.3319283964510038043, 0.3333333333333333148, 0.3409090909090908839 ),
 .UNSPECIFIED. ) 
 CURVE ( )  GEOMETRIC_REPRESENTATION_ITEM ( )  RATIONAL_B_SPLINE_CURVE ( ( 0.9774580362816105428, 0.9875770937997825349, 1.000000000000000000, 0.9330127018922195203, 0.9330127018922191873 ) ) 
 REPRESENTATION_ITEM ( '' )  );
#2107 = ORIENTED_EDGE ( 'NONE', *, *, #1380, .T. ) ;
#2108 = CARTESIAN_POINT ( 'NONE',  ( 0.5032151781249999400, 1.684375000614518170, 0.8715942556523221807 ) ) ;
#2109 = CARTESIAN_POINT ( 'NONE',  ( 1.005296160080527024, 3.000000000000000444, -0.04776706510607209299 ) ) ;
#2110 = FACE_OUTER_BOUND ( 'NONE', #2194, .T. ) ;
#2111 = CARTESIAN_POINT ( 'NONE',  ( 1.006430356249999658, 0.3718750006145181697, 0.5810628371015478244 ) ) ;
#2112 = CARTESIAN_POINT ( 'NONE',  ( -1.171557371454120755, 3.000000000000000444, -0.4358363516177944930 ) ) ;
#2113 = ADVANCED_FACE ( 'NONE', ( #1943 ), #1136, .T. ) ;
#2114 = CARTESIAN_POINT ( 'NONE',  ( 1.530808498934190831E-16, 3.000000000000000000, 1.249999999999999334 ) ) ;
#2115 = CARTESIAN_POINT ( 'NONE',  ( 1.827526258964323273E-15, 1.984375000614517992, 1.162125674203096093 ) ) ;
#2116 = CARTESIAN_POINT ( 'NONE',  ( 1.249999999999999334, -0.2937499987709644156, -2.749541545756668106E-15 ) ) ;
#2117 = ADVANCED_FACE ( 'NONE', ( #1540 ), #757, .T. ) ;
#2118 = CARTESIAN_POINT ( 'NONE',  ( -0.5032151781249993849, 0.2593750006145182363, 0.8715942556523227358 ) ) ;
#2119 = CARTESIAN_POINT ( 'NONE',  ( 0.6249999999999987788, 0.9250000000000011546, 1.082531754730548412 ) ) ;
#2120 = EDGE_LOOP ( 'NONE', ( #1329, #1780, #287, #1680 ) ) ;
#2121 = CARTESIAN_POINT ( 'NONE',  ( 1.006430356249998770, 3.596875000614518481, -0.5810628371015489346 ) ) ;
#2122 = ORIENTED_EDGE ( 'NONE', *, *, #1963, .F. ) ;
#2123 = CARTESIAN_POINT ( 'NONE',  ( -0.7142857142857106378, 4.114285714285712992, 0.4123930494211629494 ) ) ;
#2124 = CARTESIAN_POINT ( 'NONE',  ( -1.006430356249999436, 2.771875000614517859, 1.644310252063557226E-15 ) ) ;
#2125 = CARTESIAN_POINT ( 'NONE',  ( -0.5032151781249986078, -0.3031249993854817082, 0.8715942556523228468 ) ) ;
#2126 = VECTOR ( 'NONE', #2508, 1000.000000000000114 ) ;
#2127 = CARTESIAN_POINT ( 'NONE',  ( -1.249999999999999334, 1.281250001229035318, 2.596460695863248776E-15 ) ) ;
#2128 = CARTESIAN_POINT ( 'NONE',  ( 0.000000000000000000, 0.4500000000000000111, 0.000000000000000000 ) ) ;
#2129 = CONICAL_SURFACE ( 'NONE', #489, 1.250000000000000000, 0.5235987755983033676 ) ;
#2130 = CARTESIAN_POINT ( 'NONE',  ( -3.086515833287601756E-15, -0.1812499987709644822, -1.443375672974063439 ) ) ;
#2131 = CARTESIAN_POINT ( 'NONE',  ( -0.5032151781250003841, 0.5593750006145181697, -0.8715942556523218476 ) ) ;
#2132 = VECTOR ( 'NONE', #374, 1000.000000000000114 ) ;
#2133 = CARTESIAN_POINT ( 'NONE',  ( 1.249999999999999556, -0.7624999999999986233, -0.7216878364870316087 ) ) ;
#2134 = ORIENTED_EDGE ( 'NONE', *, *, #1612, .F. ) ;
#2135 = CARTESIAN_POINT ( 'NONE',  ( -0.5032151781249993849, 3.859375000614517770, 0.8715942556523227358 ) ) ;
#2136 = ORIENTED_EDGE ( 'NONE', *, *, #1979, .T. ) ;
#2137 = CARTESIAN_POINT ( 'NONE',  ( -0.3349364905389057290, 2.088846190661369562, -1.249999999999998668 ) ) ;
#2138 = FACE_OUTER_BOUND ( 'NONE', #2248, .T. ) ;
#2139 = CARTESIAN_POINT ( 'NONE',  ( -1.006430356249999436, 0.07187500061451830569, 1.644310252063557226E-15 ) ) ;
#2140 = DIRECTION ( 'NONE',  ( -0.000000000000000000, -1.000000000000000000, -0.000000000000000000 ) ) ;
#2141 = CARTESIAN_POINT ( 'NONE',  ( 0.000000000000000000, 5.500000000000000000, 0.000000000000000000 ) ) ;
#2142 = CARTESIAN_POINT ( 'NONE',  ( 2.663606788145493121E-16, 5.500000000000000000, -2.100000000000000089 ) ) ;
#2143 = CARTESIAN_POINT ( 'NONE',  ( -0.5032151781249986078, 3.746875000614518392, 0.8715942556523228468 ) ) ;
#2144 = CARTESIAN_POINT ( 'NONE',  ( 1.249999999999999334, 1.506250001229035407, -2.749541545756668106E-15 ) ) ;
#2145 = CARTESIAN_POINT ( 'NONE',  ( -1.006430356249999214, 0.6718750006145179920, 0.5810628371015488236 ) ) ;
#2146 = EDGE_CURVE ( 'NONE', #237, #2458, #1649, .T. ) ;
#2147 = CARTESIAN_POINT ( 'NONE',  ( -1.249999999999999334, -0.1624999999999987010, -0.7216878364870322748 ) ) ;
#2148 = EDGE_CURVE ( 'NONE', #1980, #2042, #2317, .T. ) ;
#2149 = CARTESIAN_POINT ( 'NONE',  ( -0.5032151781250003841, 2.359375000614517770, -0.8715942556523218476 ) ) ;
#2150 = B_SPLINE_CURVE_WITH_KNOTS ( 'NONE', 3,
 ( #1376, #2216, #812, #104, #144, #383, #302, #1112, #1513, #1078, #1900, #318, #1914, #1283, #2097, #1092, #898, #699 ),
 .UNSPECIFIED., .F., .F.,
 ( 4, 2, 2, 2, 2, 2, 2, 2, 4 ),
 ( 0.002262592218222296905, 0.002703044062413497914, 0.003143495906604698922, 0.003583947750795899931, 0.004024399594987100939, 0.004464851439178301948, 0.004905303283369502956, 0.005345755127560703965, 0.005786206971751904973 ),
 .UNSPECIFIED. ) ;
#2151 = ORIENTED_EDGE ( 'NONE', *, *, #2324, .F. ) ;
#2152 = LINE ( 'NONE', #399, #2003 ) ;
#2153 = CARTESIAN_POINT ( 'NONE',  ( 1.827526258964323273E-15, -0.2656249993854817304, 1.162125674203096093 ) ) ;
#2154 = CARTESIAN_POINT ( 'NONE',  ( -0.3349364905389008995, 1.373653811796701429, 1.250000000000000000 ) ) ;
#2155 = CARTESIAN_POINT ( 'NONE',  ( -1.250000000000000444, 0.7937500012290352736, -0.7216878364870294993 ) ) ;
#2156 = DIRECTION ( 'NONE',  ( -0.000000000000000000, -1.000000000000000000, -0.000000000000000000 ) ) ;
#2157 = CARTESIAN_POINT ( 'NONE',  ( 0.6249999999999974465, 1.581250001229035362, -1.082531754730548856 ) ) ;
#2158 = CARTESIAN_POINT ( 'NONE',  ( -0.5032151781249993849, 1.159375000614518259, 0.8715942556523227358 ) ) ;
#2159 = CARTESIAN_POINT ( 'NONE',  ( -2.651438096812265438E-16, 0.4375000000000012212, 1.443375672974063439 ) ) ;
#2160 = ORIENTED_EDGE ( 'NONE', *, *, #2338, .T. ) ;
#2161 = CARTESIAN_POINT ( 'NONE',  ( 1.827526258964323273E-15, 0.1843750006145182807, 1.162125674203096093 ) ) ;
#2162 = EDGE_CURVE ( 'NONE', #1121, #1108, #1634, .T. ) ;
#2163 = DIRECTION ( 'NONE',  ( 0.6546536707079805284, 0.6546536707079729789, -0.3779644730092285299 ) ) ;
#2164 = CARTESIAN_POINT ( 'NONE',  ( 0.000000000000000000, 5.349999999999999645, -2.250000000000000000 ) ) ;
#2165 = CARTESIAN_POINT ( 'NONE',  ( -0.4249999999999954370, 4.249999999999999112, 0.7361215932167745057 ) ) ;
#2166 = CLOSED_SHELL ( 'NONE', ( #209, #1865, #1049, #570, #702, #669, #755, #2191, #760, #2381, #536, #1391, #723, #1197, #1756, #2176, #1840, #875, #830, #2117, #381, #1328, #1162, #2305, #684, #2520, #1290, #33, #644, #199, #2379, #1164, #1810, #1288, #2239, #1000, #1061, #1111, #1556, #1478, #1467, #1570, #146, #805, #624, #2396, #970, #2113 ) ) ;
#2167 = CARTESIAN_POINT ( 'NONE',  ( -3.086515833287601756E-15, 2.968750001229035096, -1.443375672974063439 ) ) ;
#2168 = CARTESIAN_POINT ( 'NONE',  ( 9.204127980810867663E-16, 0.2968750006145182696, 1.162125674203096537 ) ) ;
#2169 = CIRCLE ( 'NONE', #1889, 1.249999999999999334 ) ;
#2170 = CARTESIAN_POINT ( 'NONE',  ( 1.249999999999999556, 0.5875000000000012434, -0.7216878364870316087 ) ) ;
#2171 = ORIENTED_EDGE ( 'NONE', *, *, #516, .F. ) ;
#2172 = CARTESIAN_POINT ( 'NONE',  ( -1.006430356249999436, 0.9718750006145182585, 1.644310252063557226E-15 ) ) ;
#2173 = DIRECTION ( 'NONE',  ( 0.3535533905932778942, -0.7071067811865487940, 0.6123724356957908066 ) ) ;
#2174 = DIRECTION ( 'NONE',  ( 0.000000000000000000, -0.000000000000000000, 1.000000000000000000 ) ) ;
#2175 = LINE ( 'NONE', #1559, #2339 ) ;
#2176 = ADVANCED_FACE ( 'NONE', ( #2291 ), #1330, .T. ) ;
#2177 = CARTESIAN_POINT ( 'NONE',  ( -0.6250000000000017764, 1.206250001229035362, -1.082531754730546636 ) ) ;
#2178 = ORIENTED_EDGE ( 'NONE', *, *, #1990, .T. ) ;
#2179 = CARTESIAN_POINT ( 'NONE',  ( 1.249999999999999334, 3.250000000000001332, 0.000000000000000000 ) ) ;
#2180 = VERTEX_POINT ( 'NONE', #325 ) ;
#2181 = CARTESIAN_POINT ( 'NONE',  ( 1.006430356249998104, 2.134375000614518125, -0.5810628371015496008 ) ) ;
#2182 = LINE ( 'NONE', #623, #1098 ) ;
#2183 = LINE ( 'NONE', #1195, #241 ) ;
#2184 = DIRECTION ( 'NONE',  ( -0.000000000000000000, -1.000000000000000000, -0.000000000000000000 ) ) ;
#2185 = EDGE_CURVE ( 'NONE', #1066, #1989, #2150, .T. ) ;
#2186 = CARTESIAN_POINT ( 'NONE',  ( 2.909753293500117656E-15, 3.193750001229035629, 1.443375672974063439 ) ) ;
#2187 = EDGE_LOOP ( 'NONE', ( #814, #152, #2453, #2444 ) ) ;
#2188 = CARTESIAN_POINT ( 'NONE',  ( 0.3349364905389027869, 1.598653811796700852, -1.249999999999998446 ) ) ;
#2189 = CARTESIAN_POINT ( 'NONE',  ( 8.838126989374219771E-17, 3.362500000000001155, -1.443375672974063439 ) ) ;
#2190 = CARTESIAN_POINT ( 'NONE',  ( -0.5032151781249993849, 3.409375000614518036, 0.8715942556523227358 ) ) ;
#2191 = ADVANCED_FACE ( 'NONE', ( #1315 ), #111, .T. ) ;
#2192 = CARTESIAN_POINT ( 'NONE',  ( 8.838126989374219771E-17, 2.012500000000001510, -1.443375672974063439 ) ) ;
#2193 = EDGE_CURVE ( 'NONE', #1063, #1980, #1872, .T. ) ;
#2194 = EDGE_LOOP ( 'NONE', ( #2240, #1662, #2507, #346 ) ) ;
#2195 = CARTESIAN_POINT ( 'NONE',  ( -1.062732146793064886E-15, -0.8281249993854816749, -1.162125674203096537 ) ) ;
#2196 = CARTESIAN_POINT ( 'NONE',  ( 2.162577587529268681E-16, 4.399999999999999467, -1.154700538379252128 ) ) ;
#2197 = CARTESIAN_POINT ( 'NONE',  ( 2.755455298081544285E-16, 3.149999999999999911, 2.250000000000000000 ) ) ;
#2198 = DIRECTION ( 'NONE',  ( 0.000000000000000000, 0.000000000000000000, 1.000000000000000000 ) ) ;
#2199 = FACE_OUTER_BOUND ( 'NONE', #2054, .T. ) ;
#2200 = VERTEX_POINT ( 'NONE', #2057 ) ;
#2201 = CARTESIAN_POINT ( 'NONE',  ( -1.969845607676301195E-15, -0.4906249993854817082, -1.162125674203096093 ) ) ;
#2202 = CARTESIAN_POINT ( 'NONE',  ( 2.236935443431609674E-15, 1.393750001229035362, 1.249999999999999556 ) ) ;
#2203 = AXIS2_PLACEMENT_3D ( 'NONE', #1018, #2442, #1628 ) ;
#2204 = CARTESIAN_POINT ( 'NONE',  ( 1.249999999999999334, 2.350000000000000977, 0.000000000000000000 ) ) ;
#2205 = DIRECTION ( 'NONE',  ( 0.000000000000000000, 0.000000000000000000, -1.000000000000000000 ) ) ;
#2206 = AXIS2_PLACEMENT_3D ( 'NONE', #708, #2052, #1613 ) ;
#2207 = CARTESIAN_POINT ( 'NONE',  ( 1.249999999999999334, 1.937500000000001110, -0.7216878364870317197 ) ) ;
#2208 = AXIS2_PLACEMENT_3D ( 'NONE', #701, #914, #1705 ) ;
#2209 = VECTOR ( 'NONE', #2198, 1000.000000000000000 ) ;
#2210 = VERTEX_POINT ( 'NONE', #2456 ) ;
#2211 = CARTESIAN_POINT ( 'NONE',  ( -0.5032151781249986078, 2.846875000614518481, 0.8715942556523228468 ) ) ;
#2212 = AXIS2_PLACEMENT_3D ( 'NONE', #1472, #1489, #1855 ) ;
#2213 = CYLINDRICAL_SURFACE ( 'NONE', #2206, 1.249999999999999334 ) ;
#2214 = CARTESIAN_POINT ( 'NONE',  ( -0.5032151781250009392, 1.346875000614518259, -0.8715942556523212925 ) ) ;
#2215 = CARTESIAN_POINT ( 'NONE',  ( 1.249999999999999334, 2.387500000000001510, -0.7216878364870317197 ) ) ;
#2216 = CARTESIAN_POINT ( 'NONE',  ( 0.1463160993771919771, 0.1529750723927110478, 1.078512578089886320 ) ) ;
#2217 = VERTEX_POINT ( 'NONE', #1499 ) ;
#2218 = CARTESIAN_POINT ( 'NONE',  ( 1.006430356249999436, -0.1531249993854816305, -1.767562423498186358E-15 ) ) ;
#2219 = CARTESIAN_POINT ( 'NONE',  ( 6.505213034913026604E-16, 5.064285714285714946, -0.8247860988423193485 ) ) ;
#2220 = CARTESIAN_POINT ( 'NONE',  ( -1.249999999999999334, 2.537500000000001421, -0.7216878364870322748 ) ) ;
#2221 = DIRECTION ( 'NONE',  ( 1.000000000000000000, 0.000000000000000000, 0.000000000000000000 ) ) ;
#2222 = CARTESIAN_POINT ( 'NONE',  ( -0.8266280255368738672, 0.02812500184355121516, -0.5740977002031183440 ) ) ;
#2223 = CARTESIAN_POINT ( 'NONE',  ( 8.838126989374219771E-17, 1.112500000000001377, -1.443375672974063439 ) ) ;
#2224 = EDGE_CURVE ( 'NONE', #398, #193, #362, .T. ) ;
#2225 = CARTESIAN_POINT ( 'NONE',  ( 1.888322127572138467E-15, 0.8875000000000012879, 1.249999999999999334 ) ) ;
#2226 = ORIENTED_EDGE ( 'NONE', *, *, #1488, .T. ) ;
#2227 = CARTESIAN_POINT ( 'NONE',  ( -1.006430356249998548, 3.259375000614518125, 0.5810628371015493787 ) ) ;
#2228 = CARTESIAN_POINT ( 'NONE',  ( -0.9079824769307978105, 0.3396645575175060161, 0.7778262432463096676 ) ) ;
#2229 = CARTESIAN_POINT ( 'NONE',  ( 0.6249999999999987788, 2.275000000000000799, 1.082531754730548412 ) ) ;
#2230 = PLANE ( 'NONE',  #1773 ) ;
#2231 = CARTESIAN_POINT ( 'NONE',  ( -1.006430356249999436, 0.5218750006145181919, 1.644310252063557226E-15 ) ) ;
#2232 = CARTESIAN_POINT ( 'NONE',  ( 0.000000000000000000, 5.349999999999999645, 0.000000000000000000 ) ) ;
#2233 = CARTESIAN_POINT ( 'NONE',  ( -1.171557371454120755, 3.000000000000000444, -0.4358363516177944930 ) ) ;
#2234 = CARTESIAN_POINT ( 'NONE',  ( -1.249999999999999334, 1.187500000000001110, -0.7216878364870322748 ) ) ;
#2235 = ORIENTED_EDGE ( 'NONE', *, *, #1627, .F. ) ;
#2236 = CARTESIAN_POINT ( 'NONE',  ( -0.5032151781250009392, 3.596875000614518036, -0.8715942556523212925 ) ) ;
#2237 = CARTESIAN_POINT ( 'NONE',  ( -0.3007578315736688657, 0.1256972178714330368, -1.030105340660199431 ) ) ;
#2238 = DIRECTION ( 'NONE',  ( 0.8660254037844388186, 0.000000000000000000, -0.4999999999999997224 ) ) ;
#2239 = ADVANCED_FACE ( 'NONE', ( #1344 ), #1481, .F. ) ;
#2240 = ORIENTED_EDGE ( 'NONE', *, *, #2496, .T. ) ;
#2241 = CARTESIAN_POINT ( 'NONE',  ( 1.006430356249998104, -1.015624999385481786, -0.5810628371015496008 ) ) ;
#2242 = CARTESIAN_POINT ( 'NONE',  ( 1.006430356249998770, -0.4531249993854816749, -0.5810628371015489346 ) ) ;
#2243 = CARTESIAN_POINT ( 'NONE',  ( 0.9802956009543974947, 2.999999999999999112, -0.4203540554118982975 ) ) ;
#2244 = CARTESIAN_POINT ( 'NONE',  ( -0.5032151781250003841, 2.809375000614518392, -0.8715942556523218476 ) ) ;
#2245 = ORIENTED_EDGE ( 'NONE', *, *, #2006, .T. ) ;
#2246 = CARTESIAN_POINT ( 'NONE',  ( -1.006430356249998992, 0.6718750006145181031, 0.5810628371015487126 ) ) ;
#2247 = VECTOR ( 'NONE', #189, 1000.000000000000000 ) ;
#2248 = EDGE_LOOP ( 'NONE', ( #2377, #1757, #1999, #1475 ) ) ;
#2249 = CARTESIAN_POINT ( 'NONE',  ( -1.006430356250000102, 0.4843750006145182141, -0.5810628371015466032 ) ) ;
#2250 = DIRECTION ( 'NONE',  ( 0.000000000000000000, 0.000000000000000000, -1.000000000000000000 ) ) ;
#2251 = CARTESIAN_POINT ( 'NONE',  ( 1.006430356249999436, -1.053124999385481653, -1.767562423498186358E-15 ) ) ;
#2252 = CARTESIAN_POINT ( 'NONE',  ( -1.006430356249998992, 0.6718750006145181031, 0.5810628371015487126 ) ) ;
#2253 = FACE_OUTER_BOUND ( 'NONE', #935, .T. ) ;
#2254 = ORIENTED_EDGE ( 'NONE', *, *, #1539, .T. ) ;
#2255 = CARTESIAN_POINT ( 'NONE',  ( -1.006430356249999436, 3.221875000614518036, 1.644310252063557226E-15 ) ) ;
#2256 = DIRECTION ( 'NONE',  ( 0.6546536707079748663, 0.6546536707079764206, -0.3779644730092326932 ) ) ;
#2257 =( BOUNDED_CURVE ( )  B_SPLINE_CURVE ( 2, ( #1192, #208, #2522, #983, #1557, #1408, #614, #220, #592 ),
 .UNSPECIFIED., .F., .F. ) 
 B_SPLINE_CURVE_WITH_KNOTS ( ( 3, 2, 2, 2, 3 ),
 ( 0.4318181818181818232, 0.4393939393939393923, 0.4545454545454545303, 0.4696969696969697239, 0.4772727272727272374 ),
 .UNSPECIFIED. ) 
 CURVE ( )  GEOMETRIC_REPRESENTATION_ITEM ( )  RATIONAL_B_SPLINE_CURVE ( ( 0.9330127018922194093, 0.9330127018922194093, 1.000000000000000000, 0.8660254037844387076, 1.000000000000000000, 0.8660254037844387076, 1.000000000000000000, 0.9330127018922198534, 0.9330127018922194093 ) ) 
 REPRESENTATION_ITEM ( '' )  );
#2258 = PRODUCT_CONTEXT ( 'NONE', #1247, 'mechanical' ) ;
#2259 = CARTESIAN_POINT ( 'NONE',  ( 0.8178385533527876561, 2.999999999999999112, -0.7507643415026497014 ) ) ;
#2260 = CARTESIAN_POINT ( 'NONE',  ( -2.472627096062267762E-12, 0.3140625009218949160, -1.171516448314290582 ) ) ;
#2261 = CARTESIAN_POINT ( 'NONE',  ( 1.249999999999999334, 1.956250001229035140, -2.749541545756668106E-15 ) ) ;
#2262 = ORIENTED_EDGE ( 'NONE', *, *, #764, .T. ) ;
#2263 = CARTESIAN_POINT ( 'NONE',  ( 0.5032151781249990519, 0.9343750006145182807, -0.8715942556523228468 ) ) ;
#2264 = ORIENTED_EDGE ( 'NONE', *, *, #585, .T. ) ;
#2265 = CARTESIAN_POINT ( 'NONE',  ( 1.006430356249998326, 2.134375000614518125, -0.5810628371015497118 ) ) ;
#2266 = DIRECTION ( 'NONE',  ( 0.000000000000000000, 1.000000000000000000, 0.000000000000000000 ) ) ;
#2267 = CARTESIAN_POINT ( 'NONE',  ( -1.006430356249998992, 1.571875000614518347, 0.5810628371015487126 ) ) ;
#2268 = CARTESIAN_POINT ( 'NONE',  ( 0.000000000000000000, 3.000000000000000000, 0.000000000000000000 ) ) ;
#2269 = ORIENTED_EDGE ( 'NONE', *, *, #1226, .T. ) ;
#2270 = CARTESIAN_POINT ( 'NONE',  ( 1.006430356249999436, 1.196875000614518125, -1.767562423498186358E-15 ) ) ;
#2271 = CARTESIAN_POINT ( 'NONE',  ( 8.838126989374219771E-17, 3.812500000000000444, -1.443375672974063439 ) ) ;
#2272 = CARTESIAN_POINT ( 'NONE',  ( 1.249999999999999334, 0.1562500012290354567, -2.749541545756668106E-15 ) ) ;
#2273 =( BOUNDED_CURVE ( )  B_SPLINE_CURVE ( 2, ( #266, #1016, #1615 ),
 .UNSPECIFIED., .F., .T. ) 
 B_SPLINE_CURVE_WITH_KNOTS ( ( 3, 3 ),
 ( 0.8409090909090909394, 0.8470799116025192754 ),
 .UNSPECIFIED. ) 
 CURVE ( )  GEOMETRIC_REPRESENTATION_ITEM ( )  RATIONAL_B_SPLINE_CURVE ( ( 0.9330127018922194093, 0.9330127018922194093, 0.9774580362816145396 ) ) 
 REPRESENTATION_ITEM ( '' )  );
#2274 = CARTESIAN_POINT ( 'NONE',  ( -0.5032151781249993849, 2.959375000614518303, 0.8715942556523227358 ) ) ;
#2275 = CARTESIAN_POINT ( 'NONE',  ( 0.3349364905389026204, 2.707596189432335265, 1.249999999999999556 ) ) ;
#2276 = ORIENTED_EDGE ( 'NONE', *, *, #479, .T. ) ;
#2277 = CARTESIAN_POINT ( 'NONE',  ( -1.006430356249999658, -0.2656249993854817304, 8.587269508238526152E-16 ) ) ;
#2278 = CARTESIAN_POINT ( 'NONE',  ( -0.3349364905389008995, 2.273653811796700897, 1.250000000000000000 ) ) ;
#2279 = CARTESIAN_POINT ( 'NONE',  ( -1.969845607676301195E-15, 2.209375000614518303, -1.162125674203096093 ) ) ;
#2280 = DIRECTION ( 'NONE',  ( 3.380207847158600868E-15, 0.000000000000000000, 1.000000000000000000 ) ) ;
#2281 = CARTESIAN_POINT ( 'NONE',  ( -1.000000000000000444, 5.350000000000000533, 0.5773502691896261751 ) ) ;
#2282 = CARTESIAN_POINT ( 'NONE',  ( -1.006430356249999436, 1.421875000614518214, 1.644310252063557226E-15 ) ) ;
#2283 = CARTESIAN_POINT ( 'NONE',  ( 9.204127980810863719E-16, -0.6031249993854818081, 1.162125674203096537 ) ) ;
#2284 = CARTESIAN_POINT ( 'NONE',  ( 0.6249999999999974465, 0.6812500012290355622, -1.082531754730548856 ) ) ;
#2285 = CARTESIAN_POINT ( 'NONE',  ( 9.204127980810863719E-16, 2.546875000614517770, 1.162125674203096537 ) ) ;
#2286 = CARTESIAN_POINT ( 'NONE',  ( 1.249999999999999112, 0.5125000000000012879, 0.7216878364870324969 ) ) ;
#2287 = EDGE_LOOP ( 'NONE', ( #2365, #258, #2264, #856 ) ) ;
#2288 = CARTESIAN_POINT ( 'NONE',  ( 1.006430356249998770, 0.8968750006145183029, -0.5810628371015489346 ) ) ;
#2289 = VECTOR ( 'NONE', #1179, 1000.000000000000000 ) ;
#2290 = VERTEX_POINT ( 'NONE', #950 ) ;
#2291 = FACE_OUTER_BOUND ( 'NONE', #304, .T. ) ;
#2292 = CARTESIAN_POINT ( 'NONE',  ( 1.006430356249998326, 2.584375000614517859, -0.5810628371015497118 ) ) ;
#2293 = CARTESIAN_POINT ( 'NONE',  ( -1.006430356249999880, 0.1468750006145182474, -0.5810628371015476024 ) ) ;
#2294 = CARTESIAN_POINT ( 'NONE',  ( -1.006430356249998548, -0.7906249993854815861, 0.5810628371015493787 ) ) ;
#2295 = AXIS2_PLACEMENT_3D ( 'NONE', #1957, #1400, #2411 ) ;
#2296 = LINE ( 'NONE', #2322, #1606 ) ;
#2297 = CARTESIAN_POINT ( 'NONE',  ( -1.006430356249998548, 1.009375000614518125, 0.5810628371015493787 ) ) ;
#2298 = CARTESIAN_POINT ( 'NONE',  ( -0.5032151781249993849, -0.1906249993854817193, 0.8715942556523227358 ) ) ;
#2299 = CARTESIAN_POINT ( 'NONE',  ( -1.249999999999999334, 3.437500000000000888, -0.7216878364870322748 ) ) ;
#2300 = CARTESIAN_POINT ( 'NONE',  ( -0.6249999999999978906, -0.4437499987709644933, 1.082531754730548856 ) ) ;
#2301 = CARTESIAN_POINT ( 'NONE',  ( 9.204127980810863719E-16, 2.096875000614518036, 1.162125674203096537 ) ) ;
#2302 = CARTESIAN_POINT ( 'NONE',  ( 1.249999999999999334, 2.837500000000001243, -0.7216878364870317197 ) ) ;
#2303 = ORIENTED_EDGE ( 'NONE', *, *, #470, .F. ) ;
#2304 = CARTESIAN_POINT ( 'NONE',  ( -0.5032151781250003841, 1.009375000614518347, -0.8715942556523218476 ) ) ;
#2305 = ADVANCED_FACE ( 'NONE', ( #2110 ), #143, .F. ) ;
#2306 = CARTESIAN_POINT ( 'NONE',  ( -1.006430356250000102, 1.834375000614518303, -0.5810628371015466032 ) ) ;
#2307 = CARTESIAN_POINT ( 'NONE',  ( -1.969845607676301195E-15, -0.4906249993854817082, -1.162125674203096093 ) ) ;
#2308 = CARTESIAN_POINT ( 'NONE',  ( -1.195194745873184416, 3.000000000000000444, -0.3447998510401737438 ) ) ;
#2309 = CARTESIAN_POINT ( 'NONE',  ( 0.3349364905389053959, 2.313846190661369207, 1.249999999999998890 ) ) ;
#2310 = CARTESIAN_POINT ( 'NONE',  ( 0.5032151781250004952, 2.921875000614517770, 0.8715942556523216256 ) ) ;
#2311 = CARTESIAN_POINT ( 'NONE',  ( 1.249999999999998002, 0.1937500012290354345, -0.7216878364870344953 ) ) ;
#2312 = CARTESIAN_POINT ( 'NONE',  ( -0.5032151781250003841, 0.1093750006145182974, -0.8715942556523218476 ) ) ;
#2313 = CARTESIAN_POINT ( 'NONE',  ( 0.000000000000000000, 3.000000000000000000, 0.000000000000000000 ) ) ;
#2314 = ORIENTED_EDGE ( 'NONE', *, *, #1685, .T. ) ;
#2315 = PLANE ( 'NONE',  #9 ) ;
#2316 = ORIENTED_EDGE ( 'NONE', *, *, #1869, .T. ) ;
#2317 = LINE ( 'NONE', #2123, #2132 ) ;
#2318 = DIRECTION ( 'NONE',  ( -0.8660254037844387076, 0.000000000000000000, -0.5000000000000001110 ) ) ;
#2319 = CARTESIAN_POINT ( 'NONE',  ( 0.5032151781249982747, 1.271875000614518303, -0.8715942556523229579 ) ) ;
#2320 = DIRECTION ( 'NONE',  ( 6.123233995736815340E-17, 0.8660254037844363761, -0.5000000000000038858 ) ) ;
#2321 = CARTESIAN_POINT ( 'NONE',  ( 1.070533390785127578E-13, 0.1453125009217820507, 1.074088590388475151 ) ) ;
#2322 = CARTESIAN_POINT ( 'NONE',  ( 1.530808498934190831E-16, 3.000000000000000000, 1.249999999999999334 ) ) ;
#2323 = CYLINDRICAL_SURFACE ( 'NONE', #5, 1.249999999999999334 ) ;
#2324 = EDGE_CURVE ( 'NONE', #1617, #477, #1893, .T. ) ;
#2325 = CARTESIAN_POINT ( 'NONE',  ( -1.249999999999999334, -0.9687499987709644600, 2.596460695863248776E-15 ) ) ;
#2326 = CARTESIAN_POINT ( 'NONE',  ( -1.062732146793064886E-15, 0.5218750006145181919, -1.162125674203096537 ) ) ;
#2327 = CARTESIAN_POINT ( 'NONE',  ( 1.006430356249998770, 3.596875000614518481, -0.5810628371015489346 ) ) ;
#2328 = EDGE_LOOP ( 'NONE', ( #1551, #2373, #2435, #1824 ) ) ;
#2329 = CARTESIAN_POINT ( 'NONE',  ( 9.204127980810867663E-16, 2.996875000614518836, 1.162125674203096537 ) ) ;
#2330 = ORIENTED_EDGE ( 'NONE', *, *, #1950, .T. ) ;
#2331 = FACE_OUTER_BOUND ( 'NONE', #2047, .T. ) ;
#2332 = CARTESIAN_POINT ( 'NONE',  ( 1.006430356249998104, -0.1156249993854816388, -0.5810628371015496008 ) ) ;
#2333 = AXIS2_PLACEMENT_3D ( 'NONE', #1405, #420, #1610 ) ;
#2334 = CARTESIAN_POINT ( 'NONE',  ( 2.236935443431609674E-15, 1.393750001229035362, 1.249999999999999556 ) ) ;
#2335 = CARTESIAN_POINT ( 'NONE',  ( 2.236935443431609674E-15, 1.843750001229035318, 1.249999999999999556 ) ) ;
#2336 = LINE ( 'NONE', #26, #691 ) ;
#2337 = B_SPLINE_CURVE_WITH_KNOTS ( 'NONE', 3,
 ( #2112, #2308, #1746, #551, #1925, #1720, #2099, #157, #350, #1127, #1733, #2498 ),
 .UNSPECIFIED., .F., .F.,
 ( 4, 2, 2, 2, 2, 4 ),
 ( 0.000000000000000000, 0.0002781600436233983573, 0.0005563200872467967146, 0.001112640174493593429, 0.001668960261740390577, 0.002225280348987187726 ),
 .UNSPECIFIED. ) ;
#2338 = EDGE_CURVE ( 'NONE', #237, #908, #2482, .T. ) ;
#2339 = VECTOR ( 'NONE', #1183, 1000.000000000000114 ) ;
#2340 = CARTESIAN_POINT ( 'NONE',  ( -0.6250000000000017764, 3.456250001229035362, -1.082531754730546636 ) ) ;
#2341 = CARTESIAN_POINT ( 'NONE',  ( 0.5032151781249990519, 2.284375000614518036, -0.8715942556523228468 ) ) ;
#2342 = CARTESIAN_POINT ( 'NONE',  ( -0.6249999999999993339, -0.6499999999999986899, -1.082531754730547968 ) ) ;
#2343 = CARTESIAN_POINT ( 'NONE',  ( 1.006430356249999658, 2.621875000614518392, 0.5810628371015478244 ) ) ;
#2344 = ORIENTED_EDGE ( 'NONE', *, *, #1211, .F. ) ;
#2345 = CARTESIAN_POINT ( 'NONE',  ( 0.000000000000000000, 0.4500000000000000111, 1.250000000000000000 ) ) ;
#2346 = CARTESIAN_POINT ( 'NONE',  ( 0.5032151781250004952, -0.2281249993854817248, 0.8715942556523216256 ) ) ;
#2347 = FACE_OUTER_BOUND ( 'NONE', #675, .T. ) ;
#2348 = CARTESIAN_POINT ( 'NONE',  ( 0.9999999999999935607, 4.399999999999999467, -0.5773502691896372774 ) ) ;
#2349 = CARTESIAN_POINT ( 'NONE',  ( -1.249999999999999334, 1.225000000000001199, -1.530808498934190831E-16 ) ) ;
#2350 = CARTESIAN_POINT ( 'NONE',  ( 1.530808498934190831E-16, 3.000000000000000000, 1.249999999999999334 ) ) ;
#2351 = CARTESIAN_POINT ( 'NONE',  ( -3.086515833287601756E-15, 1.168750001229035052, -1.443375672974063439 ) ) ;
#2352 = CARTESIAN_POINT ( 'NONE',  ( -1.006430356249999880, 1.046875000614517992, -0.5810628371015474913 ) ) ;
#2353 = CARTESIAN_POINT ( 'NONE',  ( 1.249999999999999556, 0.1375000000000013156, -0.7216878364870316087 ) ) ;
#2354 = EDGE_LOOP ( 'NONE', ( #686, #1598, #28, #163 ) ) ;
#2355 = CARTESIAN_POINT ( 'NONE',  ( -0.5032151781249986078, 1.046875000614518214, 0.8715942556523228468 ) ) ;
#2356 = CARTESIAN_POINT ( 'NONE',  ( 9.204127980810863719E-16, 0.2968750006145182696, 1.162125674203096537 ) ) ;
#2357 = CARTESIAN_POINT ( 'NONE',  ( 0.2095230195739187229, 0.07117898438512602899, -1.031287584660062207 ) ) ;
#2358 = CARTESIAN_POINT ( 'NONE',  ( -0.9984139683137547294, 0.07757755545621333737, 0.3312015731507560456 ) ) ;
#2359 = LINE ( 'NONE', #1602, #1807 ) ;
#2360 = CARTESIAN_POINT ( 'NONE',  ( 0.2083333333460492820, 0.4500000000000000111, 1.232516621476937191 ) ) ;
#2361 = CARTESIAN_POINT ( 'NONE',  ( -0.6250000000000017764, 2.106250001229035274, -1.082531754730546636 ) ) ;
#2362 = CARTESIAN_POINT ( 'NONE',  ( -1.006430356249999214, 1.121875000614517948, 0.5810628371015488236 ) ) ;
#2363 = CARTESIAN_POINT ( 'NONE',  ( -1.249999999999999334, 0.2875000000000013101, -0.7216878364870322748 ) ) ;
#2364 = EDGE_CURVE ( 'NONE', #2290, #1715, #1298, .T. ) ;
#2365 = ORIENTED_EDGE ( 'NONE', *, *, #987, .T. ) ;
#2366 = CARTESIAN_POINT ( 'NONE',  ( -0.5032151781250009392, -0.003124999385481670722, -0.8715942556523212925 ) ) ;
#2367 =( BOUNDED_SURFACE ( )  B_SPLINE_SURFACE ( 1, 2, ( 
 ( #943, #1534, #964, #1323, #1906, #2486, #2325, #150, #1711, #367, #1561, #765, #1338, #1762, #2104, #1930, #1517, #515, #1738, #2525, #2300, #323, #380, #1944, #2116, #2503, #1546, #2130, #529, #341, #749, #160, #354, #2075, #566, #2090, #2272, #2311, #2475, #1160, #554, #1130, #544, #1144, #932, #918, #1349, #136, #1724, #734, #2284, #1918, #176, #954, #1750, #1360, #190, #1504, #1305, #1100, #1894, #1586, #1795, #2351, #2177, #1774, #618, #1198, #986, #432, #233, #800, #2144, #1978, #2157, #1209, #583, #1411, #403, #200, #7, #1594, #596, #425, #1616, #1787, #415, #1375, #2361, #394, #223, #1184, #1988, #1173, #1008, #1970, #975, #790, #605, #1388, #1805, #2386, #18, #996, #1956, #1399, #27, #39, #213, #777, #824, #2167, #813, #1604, #2371, #627, #1422, #2186, #1220, #1998, #242, #1019, #1818, #1574, #2340, #215, #1788, #802, #2425 ),
 ( #485, #2241, #665, #2388, #279, #2011, #1820, #290, #629, #52, #1057, #259, #1842, #2409, #1862, #2201, #1033, #1640, #1274, #1830, #837, #1260, #99, #879, #2218, #1424, #461, #1853, #1630, #434, #76, #1222, #655, #2000, #245, #1021, #475, #865, #1459, #2399, #1437, #1238, #2231, #1045, #2025, #641, #451, #270, #2038, #87, #1663, #1347, #1904, #1319, #719, #2297, #704, #1082, #339, #305, #2270, #1302, #1876, #1503, #115, #1530, #2282, #1891, #1116, #901, #1692, #2459, #1335, #513, #148, #2072, #542, #321, #2101, #2088, #132, #2115, #1129, #1709, #497, #1673, #352, #1287, #1096, #916, #1515, #1917, #2473, #928, #159, #526, #941, #1486, #731, #553, #1722, #748, #2484, #1545, #1735, #2502, #2310, #2060, #366, #1142, #1928, #175, #2445, #687, #2255, #379, #616, #1749, #1159, #1398, #582, #402, #974, #424, #776, #1374, #1955, #1794, #2143 ) ),
 .UNSPECIFIED., .F., .F., .T. ) 
 B_SPLINE_SURFACE_WITH_KNOTS ( ( 2, 2 ),
 ( 3, 2, 2, 2, 2, 2, 2, 2, 2, 2, 2, 2, 2, 2, 2, 2, 2, 2, 2, 2, 2, 2, 2, 2, 2, 2, 2, 2, 2, 2, 2, 2, 2, 2, 2, 2, 2, 2, 2, 2, 2, 2, 2, 2, 2, 2, 2, 2, 2, 2, 2, 2, 2, 2, 2, 2, 2, 2, 2, 2, 2, 2, 2, 2, 3 ),
 ( 0.000000000000000000, 1.000000000000000000 ),
 ( 0.000000000000000000, 0.01515151515151515194, 0.03030303030303030387, 0.04545454545454545581, 0.06060606060606060774, 0.07575757575757575968, 0.09090909090909091161, 0.1060606060606060635, 0.1212121212121212155, 0.1363636363636363535, 0.1515151515151515194, 0.1666666666666666574, 0.1818181818181818232, 0.1969696969696969613, 0.2121212121212121271, 0.2272727272727272652, 0.2424242424242424310, 0.2575757575757575690, 0.2727272727272727071, 0.2878787878787879007, 0.3030303030303030387, 0.3181818181818181768, 0.3333333333333333148, 0.3484848484848485084, 0.3636363636363636465, 0.3787878787878787845, 0.3939393939393939226, 0.4090909090909091161, 0.4242424242424242542, 0.4393939393939393923, 0.4545454545454545303, 0.4696969696969697239, 0.4848484848484848619, 0.5000000000000000000, 0.5151515151515151381, 0.5303030303030302761, 0.5454545454545454142, 0.5606060606060605522, 0.5757575757575758013, 0.5909090909090909394, 0.6060606060606060774, 0.6212121212121212155, 0.6363636363636363535, 0.6515151515151514916, 0.6666666666666666297, 0.6818181818181817677, 0.6969696969696970168, 0.7121212121212121549, 0.7272727272727272929, 0.7424242424242424310, 0.7575757575757575690, 0.7727272727272727071, 0.7878787878787878451, 0.8030303030303029832, 0.8181818181818182323, 0.8333333333333333703, 0.8484848484848485084, 0.8636363636363636465, 0.8787878787878787845, 0.8939393939393939226, 0.9090909090909090606, 0.9242424242424241987, 0.9393939393939394478, 0.9545454545454545858, 0.9696969696969697239 ),
 .UNSPECIFIED. ) 
 GEOMETRIC_REPRESENTATION_ITEM ( )  RATIONAL_B_SPLINE_SURFACE ( (
 ( 1.000000000000000000, 0.8660254037844387076, 1.000000000000000000, 0.8660254037844387076, 1.000000000000000000, 0.8660254037844387076, 1.000000000000000000, 0.8660254037844387076, 1.000000000000000000, 0.8660254037844387076, 1.000000000000000000, 0.8660254037844387076, 1.000000000000000000, 0.8660254037844387076, 1.000000000000000000, 0.8660254037844387076, 1.000000000000000000, 0.8660254037844387076, 1.000000000000000000, 0.8660254037844387076, 1.000000000000000000, 0.8660254037844387076, 1.000000000000000000, 0.8660254037844387076, 1.000000000000000000, 0.8660254037844387076, 1.000000000000000000, 0.8660254037844387076, 1.000000000000000000, 0.8660254037844387076, 1.000000000000000000, 0.8660254037844387076, 1.000000000000000000, 0.8660254037844387076, 1.000000000000000000, 0.8660254037844387076, 1.000000000000000000, 0.8660254037844387076, 1.000000000000000000, 0.8660254037844387076, 1.000000000000000000, 0.8660254037844387076, 1.000000000000000000, 0.8660254037844387076, 1.000000000000000000, 0.8660254037844387076, 1.000000000000000000, 0.8660254037844387076, 1.000000000000000000, 0.8660254037844387076, 1.000000000000000000, 0.8660254037844387076, 1.000000000000000000, 0.8660254037844387076, 1.000000000000000000, 0.8660254037844387076, 1.000000000000000000, 0.8660254037844387076, 1.000000000000000000, 0.8660254037844387076, 1.000000000000000000, 0.8660254037844387076, 1.000000000000000000, 0.8660254037844387076, 1.000000000000000000, 0.8660254037844387076, 1.000000000000000000, 0.8660254037844387076, 1.000000000000000000, 0.8660254037844387076, 1.000000000000000000, 0.8660254037844387076, 1.000000000000000000, 0.8660254037844387076, 1.000000000000000000, 0.8660254037844387076, 1.000000000000000000, 0.8660254037844387076, 1.000000000000000000, 0.8660254037844387076, 1.000000000000000000, 0.8660254037844387076, 1.000000000000000000, 0.8660254037844387076, 1.000000000000000000, 0.8660254037844387076, 1.000000000000000000, 0.8660254037844387076, 1.000000000000000000, 0.8660254037844387076, 1.000000000000000000, 0.8660254037844387076, 1.000000000000000000, 0.8660254037844387076, 1.000000000000000000, 0.8660254037844387076, 1.000000000000000000, 0.8660254037844387076, 1.000000000000000000, 0.8660254037844387076, 1.000000000000000000, 0.8660254037844387076, 1.000000000000000000, 0.8660254037844387076, 1.000000000000000000, 0.8660254037844387076, 1.000000000000000000, 0.8660254037844387076, 1.000000000000000000, 0.8660254037844387076, 1.000000000000000000, 0.8660254037844387076, 1.000000000000000000, 0.8660254037844387076, 1.000000000000000000, 0.8660254037844387076, 1.000000000000000000, 0.8660254037844387076, 1.000000000000000000, 0.8660254037844387076, 1.000000000000000000, 0.8660254037844387076, 1.000000000000000000, 0.8660254037844387076, 1.000000000000000000, 0.8660254037844387076, 1.000000000000000000, 0.8660254037844387076, 1.000000000000000000),
 ( 1.000000000000000000, 0.8660254037844387076, 1.000000000000000000, 0.8660254037844387076, 1.000000000000000000, 0.8660254037844387076, 1.000000000000000000, 0.8660254037844387076, 1.000000000000000000, 0.8660254037844387076, 1.000000000000000000, 0.8660254037844387076, 1.000000000000000000, 0.8660254037844387076, 1.000000000000000000, 0.8660254037844387076, 1.000000000000000000, 0.8660254037844387076, 1.000000000000000000, 0.8660254037844387076, 1.000000000000000000, 0.8660254037844387076, 1.000000000000000000, 0.8660254037844387076, 1.000000000000000000, 0.8660254037844387076, 1.000000000000000000, 0.8660254037844387076, 1.000000000000000000, 0.8660254037844387076, 1.000000000000000000, 0.8660254037844387076, 1.000000000000000000, 0.8660254037844387076, 1.000000000000000000, 0.8660254037844387076, 1.000000000000000000, 0.8660254037844387076, 1.000000000000000000, 0.8660254037844387076, 1.000000000000000000, 0.8660254037844387076, 1.000000000000000000, 0.8660254037844387076, 1.000000000000000000, 0.8660254037844387076, 1.000000000000000000, 0.8660254037844387076, 1.000000000000000000, 0.8660254037844387076, 1.000000000000000000, 0.8660254037844387076, 1.000000000000000000, 0.8660254037844387076, 1.000000000000000000, 0.8660254037844387076, 1.000000000000000000, 0.8660254037844387076, 1.000000000000000000, 0.8660254037844387076, 1.000000000000000000, 0.8660254037844387076, 1.000000000000000000, 0.8660254037844387076, 1.000000000000000000, 0.8660254037844387076, 1.000000000000000000, 0.8660254037844387076, 1.000000000000000000, 0.8660254037844387076, 1.000000000000000000, 0.8660254037844387076, 1.000000000000000000, 0.8660254037844387076, 1.000000000000000000, 0.8660254037844387076, 1.000000000000000000, 0.8660254037844387076, 1.000000000000000000, 0.8660254037844387076, 1.000000000000000000, 0.8660254037844387076, 1.000000000000000000, 0.8660254037844387076, 1.000000000000000000, 0.8660254037844387076, 1.000000000000000000, 0.8660254037844387076, 1.000000000000000000, 0.8660254037844387076, 1.000000000000000000, 0.8660254037844387076, 1.000000000000000000, 0.8660254037844387076, 1.000000000000000000, 0.8660254037844387076, 1.000000000000000000, 0.8660254037844387076, 1.000000000000000000, 0.8660254037844387076, 1.000000000000000000, 0.8660254037844387076, 1.000000000000000000, 0.8660254037844387076, 1.000000000000000000, 0.8660254037844387076, 1.000000000000000000, 0.8660254037844387076, 1.000000000000000000, 0.8660254037844387076, 1.000000000000000000, 0.8660254037844387076, 1.000000000000000000, 0.8660254037844387076, 1.000000000000000000, 0.8660254037844387076, 1.000000000000000000, 0.8660254037844387076, 1.000000000000000000, 0.8660254037844387076, 1.000000000000000000, 0.8660254037844387076, 1.000000000000000000, 0.8660254037844387076, 1.000000000000000000, 0.8660254037844387076, 1.000000000000000000, 0.8660254037844387076, 1.000000000000000000) ) ) 
 REPRESENTATION_ITEM ( '' )  SURFACE ( )  );
#2368 = CARTESIAN_POINT ( 'NONE',  ( 0.8499999999999989786, 4.249999999999999112, -8.938771862486066309E-15 ) ) ;
#2369 = DIRECTION ( 'NONE',  ( 0.000000000000000000, 0.000000000000000000, 1.000000000000000000 ) ) ;
#2370 = AXIS2_PLACEMENT_3D ( 'NONE', #37, #401, #2174 ) ;
#2371 = CARTESIAN_POINT ( 'NONE',  ( -1.249999999999999334, 3.081250001229034918, 2.596460695863248776E-15 ) ) ;
#2372 = AXIS2_PLACEMENT_3D ( 'NONE', #1493, #1447, #1866 ) ;
#2373 = ORIENTED_EDGE ( 'NONE', *, *, #959, .F. ) ;
#2374 = CARTESIAN_POINT ( 'NONE',  ( 1.006430356249998992, 2.696875000614518125, -0.5810628371015489346 ) ) ;
#2375 = AXIS2_PLACEMENT_3D ( 'NONE', #459, #481, #256 ) ;
#2376 = CARTESIAN_POINT ( 'NONE',  ( -2.651438096812265438E-16, 0.8875000000000012879, 1.443375672974063439 ) ) ;
#2377 = ORIENTED_EDGE ( 'NONE', *, *, #1040, .F. ) ;
#2378 = DIRECTION ( 'NONE',  ( -0.000000000000000000, -1.000000000000000000, -0.000000000000000000 ) ) ;
#2379 = ADVANCED_FACE ( 'NONE', ( #2469 ), #229, .F. ) ;
#2380 = CARTESIAN_POINT ( 'NONE',  ( -1.006430356249999880, -0.7531249993854817193, -0.5810628371015476024 ) ) ;
#2381 = ADVANCED_FACE ( 'NONE', ( #247 ), #1023, .T. ) ;
#2382 = CARTESIAN_POINT ( 'NONE',  ( -4.706279764102867609E-15, 2.012500000000001510, -1.249999999999999112 ) ) ;
#2383 = CARTESIAN_POINT ( 'NONE',  ( -1.249999999999999334, 1.731250001229035274, 2.596460695863248776E-15 ) ) ;
#2384 = CARTESIAN_POINT ( 'NONE',  ( 6.688938834793732195E-15, 4.249999999999999112, 0.9814954576223633431 ) ) ;
#2385 = EDGE_CURVE ( 'NONE', #1896, #743, #371, .T. ) ;
#2386 = CARTESIAN_POINT ( 'NONE',  ( -1.250000000000000444, 2.593750001229035096, -0.7216878364870296103 ) ) ;
#2387 = EDGE_LOOP ( 'NONE', ( #1835, #795, #86, #1026, #1326 ) ) ;
#2388 = CARTESIAN_POINT ( 'NONE',  ( -1.969845607676301195E-15, -0.9406249993854817193, -1.162125674203096093 ) ) ;
#2389 = CARTESIAN_POINT ( 'NONE',  ( 1.250000000000000444, 1.468750001229035540, 0.7216878364870297213 ) ) ;
#2390 = CARTESIAN_POINT ( 'NONE',  ( 9.204127980810867663E-16, 3.446875000614518125, 1.162125674203096537 ) ) ;
#2391 = EDGE_LOOP ( 'NONE', ( #576, #1841, #2276, #2262, #442, #1213, #1683, #894, #1912, #1210, #671, #889, #22, #2093, #1135, #98, #204 ) ) ;
#2392 = CARTESIAN_POINT ( 'NONE',  ( 1.006430356249999658, -0.5281249993854817415, 0.5810628371015478244 ) ) ;
#2393 = CARTESIAN_POINT ( 'NONE',  ( -0.6249999999999978906, 2.706250001229035362, 1.082531754730548856 ) ) ;
#2394 = CARTESIAN_POINT ( 'NONE',  ( 1.006430356249999880, 1.159375000614518036, 0.5810628371015468252 ) ) ;
#2395 = CARTESIAN_POINT ( 'NONE',  ( 0.000000000000000000, 3.000000000000000000, 0.000000000000000000 ) ) ;
#2396 = ADVANCED_FACE ( 'NONE', ( #1742 ), #2315, .F. ) ;
#2397 = EDGE_CURVE ( 'NONE', #908, #968, #135, .T. ) ;
#2398 = VERTEX_POINT ( 'NONE', #101 ) ;
#2399 = CARTESIAN_POINT ( 'NONE',  ( -1.969845607676301195E-15, 0.4093750006145182030, -1.162125674203096093 ) ) ;
#2400 = CARTESIAN_POINT ( 'NONE',  ( 1.006430356249999658, 2.659375000614518481, -9.819791222584819450E-16 ) ) ;
#2401 = CARTESIAN_POINT ( 'NONE',  ( 0.5032151781249999400, 3.034375000614517592, 0.8715942556523221807 ) ) ;
#2402 = ORIENTED_EDGE ( 'NONE', *, *, #2414, .F. ) ;
#2403 = CARTESIAN_POINT ( 'NONE',  ( -1.006430356249999436, 2.321875000614518125, 1.644310252063557226E-15 ) ) ;
#2404 =( BOUNDED_CURVE ( )  B_SPLINE_CURVE ( 2, ( #1325, #556, #2488, #1697, #2261, #751, #298, #503, #738 ),
 .UNSPECIFIED., .F., .F. ) 
 B_SPLINE_CURVE_WITH_KNOTS ( ( 3, 2, 2, 2, 3 ),
 ( 0.6136363636363636465, 0.6212121212121212155, 0.6363636363636363535, 0.6515151515151514916, 0.6590909090909090606 ),
 .UNSPECIFIED. ) 
 CURVE ( )  GEOMETRIC_REPRESENTATION_ITEM ( )  RATIONAL_B_SPLINE_CURVE ( ( 0.9330127018922194093, 0.9330127018922194093, 1.000000000000000000, 0.8660254037844387076, 1.000000000000000000, 0.8660254037844387076, 1.000000000000000000, 0.9330127018922194093, 0.9330127018922194093 ) ) 
 REPRESENTATION_ITEM ( '' )  );
#2405 = CARTESIAN_POINT ( 'NONE',  ( 2.162577587529268681E-16, 5.350000000000000533, -1.154700538379252128 ) ) ;
#2406 = CARTESIAN_POINT ( 'NONE',  ( 1.006430356249998326, 1.234375000614517770, -0.5810628371015497118 ) ) ;
#2407 = SURFACE_STYLE_FILL_AREA ( #848 ) ;
#2408 = ORIENTED_EDGE ( 'NONE', *, *, #639, .F. ) ;
#2409 = CARTESIAN_POINT ( 'NONE',  ( 1.006430356249998104, -0.5656249993854816083, -0.5810628371015496008 ) ) ;
#2410 = CARTESIAN_POINT ( 'NONE',  ( 0.000000000000000000, 3.000000000000000000, 2.100000000000000089 ) ) ;
#2411 = DIRECTION ( 'NONE',  ( 0.000000000000000000, 0.000000000000000000, -1.000000000000000000 ) ) ;
#2412 = CARTESIAN_POINT ( 'NONE',  ( 0.6249999999999987788, 2.275000000000000799, 1.082531754730548412 ) ) ;
#2413 = DIRECTION ( 'NONE',  ( 0.8660254037844388186, 0.000000000000000000, -0.4999999999999996669 ) ) ;
#2414 = EDGE_CURVE ( 'NONE', #960, #278, #1843, .T. ) ;
#2415 = DIRECTION ( 'NONE',  ( 0.5000000000000001110, 0.000000000000000000, -0.8660254037844387076 ) ) ;
#2416 = CARTESIAN_POINT ( 'NONE',  ( -0.9255125811781315104, 0.3594800497042492382, -0.8021501518600923086 ) ) ;
#2417 = AXIS2_PLACEMENT_3D ( 'NONE', #2084, #2468, #2250 ) ;
#2418 = ORIENTED_EDGE ( 'NONE', *, *, #293, .F. ) ;
#2419 = CARTESIAN_POINT ( 'NONE',  ( -0.5032151781249986078, 1.946875000614518125, 0.8715942556523228468 ) ) ;
#2420 = EDGE_CURVE ( 'NONE', #504, #1700, #2028, .T. ) ;
#2421 = CARTESIAN_POINT ( 'NONE',  ( 0.5032151781250004952, 0.2218750006145182585, 0.8715942556523216256 ) ) ;
#2422 = CARTESIAN_POINT ( 'NONE',  ( -4.938688641342514686E-16, 2.237500000000001155, 1.249999999999999334 ) ) ;
#2423 = CARTESIAN_POINT ( 'NONE',  ( -4.938688641342514686E-16, 1.337500000000001243, 1.249999999999999334 ) ) ;
#2424 = EDGE_LOOP ( 'NONE', ( #1203, #2303, #1579, #873 ) ) ;
#2425 = CARTESIAN_POINT ( 'NONE',  ( -0.6249999999999978906, 3.606250001229035274, 1.082531754730548856 ) ) ;
#2426 = CARTESIAN_POINT ( 'NONE',  ( -1.249999999999999334, 3.025000000000001243, -1.530808498934190831E-16 ) ) ;
#2427 = APPLICATION_PROTOCOL_DEFINITION ( 'draft international standard', 'automotive_design', 1998, #1247 ) ;
#2428 = DIRECTION ( 'NONE',  ( -0.3535533905932718990, 0.7071067811865512365, 0.6123724356957912507 ) ) ;
#2429 = CARTESIAN_POINT ( 'NONE',  ( 0.6249999999999997780, 1.525000000000001243, -1.082531754730547746 ) ) ;
#2430 = DIRECTION ( 'NONE',  ( 1.091024637105415207E-15, -0.6546536707079728679, -0.7559289460184581699 ) ) ;
#2431 = EDGE_LOOP ( 'NONE', ( #2418, #520, #546, #406 ) ) ;
#2432 = CARTESIAN_POINT ( 'NONE',  ( -1.006430356249999436, 3.221875000614518036, 1.644310252063557226E-15 ) ) ;
#2433 = CARTESIAN_POINT ( 'NONE',  ( -0.5032151781250009392, 0.4468750006145182363, -0.8715942556523212925 ) ) ;
#2434 = DIRECTION ( 'NONE',  ( -0.000000000000000000, -1.000000000000000000, -0.000000000000000000 ) ) ;
#2435 = ORIENTED_EDGE ( 'NONE', *, *, #774, .F. ) ;
#2436 = CARTESIAN_POINT ( 'NONE',  ( 1.249999999999999112, 2.312500000000000888, 0.7216878364870323859 ) ) ;
#2437 = DIRECTION ( 'NONE',  ( -0.8660254037844389297, 0.000000000000000000, 0.4999999999999995559 ) ) ;
#2438 = CARTESIAN_POINT ( 'NONE',  ( 1.070533390785127578E-13, 0.1453125009217820507, 1.074088590388475151 ) ) ;
#2439 = VERTEX_POINT ( 'NONE', #67 ) ;
#2440 = CARTESIAN_POINT ( 'NONE',  ( 9.204127980810867663E-16, 0.2968750006145182696, 1.162125674203096537 ) ) ;
#2441 = CARTESIAN_POINT ( 'NONE',  ( -1.006430356249999436, 0.9718750006145182585, 1.644310252063557226E-15 ) ) ;
#2442 = DIRECTION ( 'NONE',  ( 0.000000000000000000, 1.000000000000000000, 0.000000000000000000 ) ) ;
#2443 = CARTESIAN_POINT ( 'NONE',  ( -1.249999999999999334, 2.087500000000001243, -0.7216878364870322748 ) ) ;
#2444 = ORIENTED_EDGE ( 'NONE', *, *, #437, .T. ) ;
#2445 = CARTESIAN_POINT ( 'NONE',  ( -0.5032151781250009392, 3.146875000614518303, -0.8715942556523212925 ) ) ;
#2446 =( LENGTH_UNIT ( ) NAMED_UNIT ( * ) SI_UNIT ( .MILLI., .METRE. ) );
#2447 = PLANE ( 'NONE',  #449 ) ;
#2448 = CARTESIAN_POINT ( 'NONE',  ( -0.3349364905389057290, 2.538846190661369739, -1.249999999999998668 ) ) ;
#2449 = CARTESIAN_POINT ( 'NONE',  ( 0.6250000000000012212, 0.5312500012290353180, 1.082531754730547080 ) ) ;
#2450 = ORIENTED_EDGE ( 'NONE', *, *, #499, .F. ) ;
#2451 = CARTESIAN_POINT ( 'NONE',  ( -1.006430356249998992, 0.2218750006145182585, 0.5810628371015487126 ) ) ;
#2452 = VECTOR ( 'NONE', #1638, 1000.000000000000114 ) ;
#2453 = ORIENTED_EDGE ( 'NONE', *, *, #1421, .T. ) ;
#2454 = DIRECTION ( 'NONE',  ( -0.000000000000000000, -1.000000000000000000, -0.000000000000000000 ) ) ;
#2455 = AXIS2_PLACEMENT_3D ( 'NONE', #1924, #1745, #1125 ) ;
#2456 = CARTESIAN_POINT ( 'NONE',  ( 2.663606788145493121E-16, 3.000000000000000000, -2.100000000000000089 ) ) ;
#2457 = CARTESIAN_POINT ( 'NONE',  ( -1.006430356249999658, 1.534375000614518036, 8.587269508238524180E-16 ) ) ;
#2458 = VERTEX_POINT ( 'NONE', #453 ) ;
#2459 = CARTESIAN_POINT ( 'NONE',  ( 1.006430356249999880, 1.609375000614518436, 0.5810628371015469362 ) ) ;
#2460 = CARTESIAN_POINT ( 'NONE',  ( 1.006430356249999658, -0.9406249993854816083, -9.819791222584817478E-16 ) ) ;
#2461 = CARTESIAN_POINT ( 'NONE',  ( 0.6249999999999987788, 1.825000000000001066, 1.082531754730548412 ) ) ;
#2462 = CARTESIAN_POINT ( 'NONE',  ( 0.5032151781249999400, 2.584375000614517859, 0.8715942556523221807 ) ) ;
#2463 = CARTESIAN_POINT ( 'NONE',  ( 0.000000000000000000, 0.4500000000000000111, 1.250000000000000000 ) ) ;
#2464 = ORIENTED_EDGE ( 'NONE', *, *, #2364, .T. ) ;
#2465 = CARTESIAN_POINT ( 'NONE',  ( 9.204127980810867663E-16, 1.646875000614518303, 1.162125674203096537 ) ) ;
#2466 = EDGE_LOOP ( 'NONE', ( #419, #2031, #1249, #344, #664, #884, #2122 ) ) ;
#2467 = CARTESIAN_POINT ( 'NONE',  ( -0.5032151781250009392, 1.796875000614517992, -0.8715942556523212925 ) ) ;
#2468 = DIRECTION ( 'NONE',  ( -0.000000000000000000, -1.000000000000000000, -0.000000000000000000 ) ) ;
#2469 = FACE_OUTER_BOUND ( 'NONE', #2387, .T. ) ;
#2470 = CARTESIAN_POINT ( 'NONE',  ( 9.204127980810863719E-16, 0.7468750006145181697, 1.162125674203096537 ) ) ;
#2471 = CARTESIAN_POINT ( 'NONE',  ( 4.386717557898351547E-15, 0.09375000000000094369, -1.044318966601194276 ) ) ;
#2472 = CARTESIAN_POINT ( 'NONE',  ( 0.9999999999999993339, 5.350000000000000533, -0.5773502691896267303 ) ) ;
#2473 = CARTESIAN_POINT ( 'NONE',  ( -0.5032151781249986078, 2.396875000614517859, 0.8715942556523228468 ) ) ;
#2474 = CARTESIAN_POINT ( 'NONE',  ( -1.006430356249998992, -0.6781249993854817637, 0.5810628371015487126 ) ) ;
#2475 = CARTESIAN_POINT ( 'NONE',  ( 0.6249999999999974465, 0.2312500012290354401, -1.082531754730548856 ) ) ;
#2476 = DIRECTION ( 'NONE',  ( 0.000000000000000000, 0.000000000000000000, -1.000000000000000000 ) ) ;
#2477 = ORIENTED_EDGE ( 'NONE', *, *, #789, .T. ) ;
#2478 = CARTESIAN_POINT ( 'NONE',  ( 0.5032151781249999400, -0.1156249993854817498, 0.8715942556523221807 ) ) ;
#2479 = ORIENTED_EDGE ( 'NONE', *, *, #2420, .T. ) ;
#2480 = CARTESIAN_POINT ( 'NONE',  ( -1.171557371454120755, 3.000000000000000444, -0.4358363516177944930 ) ) ;
#2481 = CARTESIAN_POINT ( 'NONE',  ( 1.006430356249999214, 2.998417239016841318, -0.02389699790775350052 ) ) ;
#2482 = LINE ( 'NONE', #925, #1850 ) ;
#2483 = DIRECTION ( 'NONE',  ( -0.000000000000000000, -1.000000000000000000, -0.000000000000000000 ) ) ;
#2484 = CARTESIAN_POINT ( 'NONE',  ( -1.006430356249999436, 2.771875000614517859, 1.644310252063557226E-15 ) ) ;
#2485 = CARTESIAN_POINT ( 'NONE',  ( -1.006430356249999658, -0.7156249993854817415, 8.587269508238524180E-16 ) ) ;
#2486 = CARTESIAN_POINT ( 'NONE',  ( -1.250000000000000444, -1.006249998770964549, -0.7216878364870296103 ) ) ;
#2487 = EDGE_CURVE ( 'NONE', #1715, #829, #891, .T. ) ;
#2488 = CARTESIAN_POINT ( 'NONE',  ( 0.6250000000000012212, 1.881250001229035185, 1.082531754730547080 ) ) ;
#2489 = ORIENTED_EDGE ( 'NONE', *, *, #700, .T. ) ;
#2490 = CARTESIAN_POINT ( 'NONE',  ( 9.204127980810867663E-16, 0.7468750006145181697, 1.162125674203096537 ) ) ;
#2491 = VECTOR ( 'NONE', #1409, 1000.000000000000000 ) ;
#2492 = VERTEX_POINT ( 'NONE', #1676 ) ;
#2493 = CARTESIAN_POINT ( 'NONE',  ( 0.000000000000000000, 4.249999999999999112, 0.000000000000000000 ) ) ;
#2494 = CARTESIAN_POINT ( 'NONE',  ( 1.241802165235712317E-16, 5.350000000000000533, -1.154700538379252128 ) ) ;
#2495 = CARTESIAN_POINT ( 'NONE',  ( 1.006430356249999436, -0.6031249993854815861, -1.767562423498186358E-15 ) ) ;
#2496 = EDGE_CURVE ( 'NONE', #864, #829, #1263, .T. ) ;
#2497 = VECTOR ( 'NONE', #1308, 1000.000000000000114 ) ;
#2498 = CARTESIAN_POINT ( 'NONE',  ( 0.04193458993081564112, 2.999999999999999556, 1.005556339619434247 ) ) ;
#2499 =( GEOMETRIC_REPRESENTATION_CONTEXT ( 3 ) GLOBAL_UNCERTAINTY_ASSIGNED_CONTEXT ( ( #797 ) ) GLOBAL_UNIT_ASSIGNED_CONTEXT ( ( #2446, #1069, #869 ) ) REPRESENTATION_CONTEXT ( 'NONE', 'WORKASPACE' ) );
#2500 = CARTESIAN_POINT ( 'NONE',  ( 2.168404344971008868E-16, 5.064285714285715834, 0.8247860988423204587 ) ) ;
#2501 = CARTESIAN_POINT ( 'NONE',  ( 2.162577587529268681E-16, 4.399999999999999467, -1.154700538379252128 ) ) ;
#2502 = CARTESIAN_POINT ( 'NONE',  ( 1.827526258964323273E-15, 2.884375000614518569, 1.162125674203096093 ) ) ;
#2503 = CARTESIAN_POINT ( 'NONE',  ( 1.249999999999998002, -0.2562499987709644378, -0.7216878364870344953 ) ) ;
#2504 = DIRECTION ( 'NONE',  ( 0.000000000000000000, 0.000000000000000000, -1.000000000000000000 ) ) ;
#2505 = VERTEX_POINT ( 'NONE', #881 ) ;
#2506 = CARTESIAN_POINT ( 'NONE',  ( -1.062732146793064886E-15, 3.221875000614517592, -1.162125674203096537 ) ) ;
#2507 = ORIENTED_EDGE ( 'NONE', *, *, #1667, .F. ) ;
#2508 = DIRECTION ( 'NONE',  ( -0.8660254037844385966, 0.000000000000000000, -0.4999999999999999445 ) ) ;
#2509 = CARTESIAN_POINT ( 'NONE',  ( 0.5032151781249982747, -0.9781249993854815861, -0.8715942556523229579 ) ) ;
#2510 = CARTESIAN_POINT ( 'NONE',  ( -1.250000000000000444, 1.243750001229035673, -0.7216878364870294993 ) ) ;
#2511 = CARTESIAN_POINT ( 'NONE',  ( -0.3693265440253001852, 0.1257782059043864309, 1.001040633112945555 ) ) ;
#2512 = CARTESIAN_POINT ( 'NONE',  ( 0.3349364905389053959, 2.763846190661369384, 1.249999999999998890 ) ) ;
#2513 = CARTESIAN_POINT ( 'NONE',  ( 1.005296160080527024, 3.000000000000000000, -0.04776706510607209299 ) ) ;
#2514 = DIRECTION ( 'NONE',  ( -0.8660254037844385966, 0.000000000000000000, -0.5000000000000000000 ) ) ;
#2515 = CARTESIAN_POINT ( 'NONE',  ( -1.062732146793064886E-15, 0.07187500061451830569, -1.162125674203096537 ) ) ;
#2516 = CARTESIAN_POINT ( 'NONE',  ( -0.5032151781249993849, 3.409375000614518036, 0.8715942556523227358 ) ) ;
#2517 = VERTEX_POINT ( 'NONE', #1289 ) ;
#2518 = DIRECTION ( 'NONE',  ( -0.7071067811865462405, -0.7071067811865489050, 2.390167890545823441E-15 ) ) ;
#2519 = ORIENTED_EDGE ( 'NONE', *, *, #1965, .T. ) ;
#2520 = ADVANCED_FACE ( 'NONE', ( #498 ), #282, .F. ) ;
#2521 = CARTESIAN_POINT ( 'NONE',  ( 1.006430356249999436, 0.2968750006145182696, -1.767562423498186358E-15 ) ) ;
#2522 = CARTESIAN_POINT ( 'NONE',  ( 0.6250000000000012212, 0.9812500012290354956, 1.082531754730547080 ) ) ;
#2523 = DIRECTION ( 'NONE',  ( -0.8660254037844389297, 0.000000000000000000, 0.4999999999999995559 ) ) ;
#2524 = CARTESIAN_POINT ( 'NONE',  ( -5.285485590866834116E-16, 5.350000000000000533, 1.154700538379252128 ) ) ;
#2525 = CARTESIAN_POINT ( 'NONE',  ( -1.249999999999998224, -0.4812499987709645266, 0.7216878364870340512 ) ) ;
#2526 = CARTESIAN_POINT ( 'NONE',  ( -1.006430356249999658, 1.984375000614517992, 8.587269508238526152E-16 ) ) ;
#2527 = CARTESIAN_POINT ( 'NONE',  ( 0.6249999999999997780, -0.2749999999999986344, -1.082531754730547746 ) ) ;
#2528 = CARTESIAN_POINT ( 'NONE',  ( 0.5032151781249999400, 3.484375000614517770, 0.8715942556523221807 ) ) ;
#2529 = EDGE_LOOP ( 'NONE', ( #1639, #1404, #1189, #1845, #1254 ) ) ;
#2530 = CIRCLE ( 'NONE', #1882, 2.250000000000000000 ) ;
ENDSEC;
END-ISO-10303-21;
