ISO-10303-21;
HEADER;
FILE_DESCRIPTION (( 'STEP AP214' ),
    '1' );
FILE_NAME ('Screw_DIN_912_M2.5x12F_A2.STEP',
    '2024-07-15T23:19:43',
    ( '' ),
    ( '' ),
    'SwSTEP 2.0',
    'SolidWorks 2023',
    '' );
FILE_SCHEMA (( 'AUTOMOTIVE_DESIGN' ));
ENDSEC;

DATA;
#1 = CARTESIAN_POINT ( 'NONE',  ( 1.249999999999997780, 11.89375000122903181, -0.7216878364870343843 ) ) ;
#2 = CARTESIAN_POINT ( 'NONE',  ( -0.3349364905389057290, 10.63884619066136494, -1.249999999999998668 ) ) ;
#3 = LINE ( 'NONE', #974, #3635 ) ;
#4 = ORIENTED_EDGE ( 'NONE', *, *, #984, .T. ) ;
#5 = DIRECTION ( 'NONE',  ( -0.000000000000000000, -1.000000000000000000, -0.000000000000000000 ) ) ;
#6 = CARTESIAN_POINT ( 'NONE',  ( 8.838126989374219771E-17, 2.012499999999998845, -1.443375672974063439 ) ) ;
#7 = DIRECTION ( 'NONE',  ( 0.000000000000000000, 0.000000000000000000, 1.000000000000000000 ) ) ;
#8 = CARTESIAN_POINT ( 'NONE',  ( -1.969845607676301195E-15, 9.859375000614512885, -1.162125674203096093 ) ) ;
#9 = CARTESIAN_POINT ( 'NONE',  ( -0.5032151781250003841, 0.1093750006145157022, -0.8715942556523218476 ) ) ;
#10 = ORIENTED_EDGE ( 'NONE', *, *, #1051, .T. ) ;
#11 = EDGE_CURVE ( 'NONE', #480, #2277, #1867, .T. ) ;
#12 = CARTESIAN_POINT ( 'NONE',  ( 1.006430356249999658, 7.121875000614513951, 0.5810628371015478244 ) ) ;
#13 = CARTESIAN_POINT ( 'NONE',  ( -1.145349079970667372, 0.2558465741427862761, -0.07444787102359791409 ) ) ;
#14 = CARTESIAN_POINT ( 'NONE',  ( 1.006430356249999658, 8.959375000614514306, -9.819791222584817478E-16 ) ) ;
#15 = CARTESIAN_POINT ( 'NONE',  ( -0.5032151781250009392, 8.996875000614515727, -0.8715942556523212925 ) ) ;
#16 = DIRECTION ( 'NONE',  ( 1.224646799147353207E-16, 0.000000000000000000, -1.000000000000000000 ) ) ;
#17 = DIRECTION ( 'NONE',  ( -0.000000000000000000, -1.000000000000000000, -0.000000000000000000 ) ) ;
#18 = CARTESIAN_POINT ( 'NONE',  ( 0.5032151781250004952, 1.571875000614515461, 0.8715942556523216256 ) ) ;
#19 = CARTESIAN_POINT ( 'NONE',  ( 0.3349364905389026204, 11.25759618943233420, 1.249999999999999556 ) ) ;
#20 = ADVANCED_FACE ( 'NONE', ( #757 ), #4624, .T. ) ;
#21 = VERTEX_POINT ( 'NONE', #147 ) ;
#22 = ORIENTED_EDGE ( 'NONE', *, *, #5766, .F. ) ;
#23 = CARTESIAN_POINT ( 'NONE',  ( -0.5032151781249993849, 1.159375000614515594, 0.8715942556523227358 ) ) ;
#24 = CARTESIAN_POINT ( 'NONE',  ( 0.5032151781250004952, 2.921875000614515550, 0.8715942556523216256 ) ) ;
#25 = CARTESIAN_POINT ( 'NONE',  ( 1.249999999999999334, 8.199999999999999289, 0.000000000000000000 ) ) ;
#26 = CARTESIAN_POINT ( 'NONE',  ( -0.3349364905389042302, 1.638846190661366942, -1.249999999999999556 ) ) ;
#27 = CARTESIAN_POINT ( 'NONE',  ( 0.6249999999999974465, 8.331250001229031810, -1.082531754730548856 ) ) ;
#28 = CARTESIAN_POINT ( 'NONE',  ( 1.006430356249999436, 7.046875000614515550, -1.767562423498186358E-15 ) ) ;
#29 = VECTOR ( 'NONE', #6165, 1000.000000000000114 ) ;
#30 = AXIS2_PLACEMENT_3D ( 'NONE', #1550, #4790, #978 ) ;
#31 = CARTESIAN_POINT ( 'NONE',  ( 0.5032151781249999400, 6.184375000614514839, 0.8715942556523221807 ) ) ;
#32 = CARTESIAN_POINT ( 'NONE',  ( 0.3349364905389005664, 4.748653811796697433, -1.250000000000000000 ) ) ;
#33 = CARTESIAN_POINT ( 'NONE',  ( 0.9785316634416392212, 0.2594589357033748045, -0.6028691327769479802 ) ) ;
#34 = CARTESIAN_POINT ( 'NONE',  ( 0.000000000000000000, 12.00000000000000000, -1.249999999999999334 ) ) ;
#35 = CARTESIAN_POINT ( 'NONE',  ( -0.5032151781250009392, -0.003124999385484272807, -0.8715942556523212925 ) ) ;
#36 = CARTESIAN_POINT ( 'NONE',  ( -1.037318947556147286, 0.06771493646938933630, 0.1375597273100288287 ) ) ;
#37 = ORIENTED_EDGE ( 'NONE', *, *, #1330, .F. ) ;
#38 = CARTESIAN_POINT ( 'NONE',  ( -0.3349364905389035640, 2.217403810567664113, 1.249999999999999112 ) ) ;
#39 = CARTESIAN_POINT ( 'NONE',  ( 0.6249999999999987788, 0.4749999999999986455, 1.082531754730548412 ) ) ;
#40 = CARTESIAN_POINT ( 'NONE',  ( -1.249999999999999112, 10.63749999999999751, -0.7216878364870322748 ) ) ;
#41 = CARTESIAN_POINT ( 'NONE',  ( 0.5032151781250004952, 11.02187500061451431, 0.8715942556523216256 ) ) ;
#42 = CARTESIAN_POINT ( 'NONE',  ( 1.006430356249998770, -0.4531249993854842839, -0.5810628371015489346 ) ) ;
#43 = EDGE_LOOP ( 'NONE', ( #4318, #275, #2313, #3786 ) ) ;
#44 = CARTESIAN_POINT ( 'NONE',  ( -1.006430356249999658, 6.484375000614514661, 8.587269508238526152E-16 ) ) ;
#45 = DIRECTION ( 'NONE',  ( -0.000000000000000000, -1.000000000000000000, -0.000000000000000000 ) ) ;
#46 = CARTESIAN_POINT ( 'NONE',  ( 0.5032151781249990519, 8.134375000614515017, -0.8715942556523228468 ) ) ;
#47 = CARTESIAN_POINT ( 'NONE',  ( 0.5032151781249982747, 9.821875000614515017, -0.8715942556523229579 ) ) ;
#48 = CARTESIAN_POINT ( 'NONE',  ( 1.249999999999997780, 7.393750001229032698, -0.7216878364870343843 ) ) ;
#49 = ADVANCED_FACE ( 'NONE', ( #1564 ), #1501, .T. ) ;
#50 = CARTESIAN_POINT ( 'NONE',  ( 1.530808498934190831E-16, 12.00000000000000000, 1.249999999999999334 ) ) ;
#51 = CARTESIAN_POINT ( 'NONE',  ( -1.006430356249998548, 3.259375000614515461, 0.5810628371015493787 ) ) ;
#52 = CARTESIAN_POINT ( 'NONE',  ( -1.006430356249999880, 10.49687500061451395, -0.5810628371015474913 ) ) ;
#53 = LINE ( 'NONE', #3924, #6162 ) ;
#54 = ORIENTED_EDGE ( 'NONE', *, *, #1255, .F. ) ;
#55 = CARTESIAN_POINT ( 'NONE',  ( 0.5032151781249999400, 0.7843750006145154829, 0.8715942556523221807 ) ) ;
#56 = CARTESIAN_POINT ( 'NONE',  ( 1.006430356249998326, 3.034375000614515816, -0.5810628371015497118 ) ) ;
#57 = CARTESIAN_POINT ( 'NONE',  ( 1.249999999999999112, 9.062499999999996447, 0.7216878364870323859 ) ) ;
#58 = EDGE_CURVE ( 'NONE', #887, #2131, #1028, .T. ) ;
#59 = DIRECTION ( 'NONE',  ( -0.000000000000000000, -1.000000000000000000, -0.000000000000000000 ) ) ;
#60 = CARTESIAN_POINT ( 'NONE',  ( -0.6249999999999978906, 10.35625000122903216, 1.082531754730548856 ) ) ;
#61 = CARTESIAN_POINT ( 'NONE',  ( 1.006430356249998104, 8.434375000614513951, -0.5810628371015496008 ) ) ;
#62 = CARTESIAN_POINT ( 'NONE',  ( 0.5032151781249999400, 7.084375000614515194, 0.8715942556523221807 ) ) ;
#63 = CARTESIAN_POINT ( 'NONE',  ( 0.9999999999999993339, 14.35000000000000497, 0.5773502691896267303 ) ) ;
#64 = CARTESIAN_POINT ( 'NONE',  ( 1.249999999999999334, 1.956250001229032698, -2.749541545756668106E-15 ) ) ;
#65 = EDGE_CURVE ( 'NONE', #2262, #6186, #5127, .T. ) ;
#66 = CARTESIAN_POINT ( 'NONE',  ( 0.000000000000000000, 12.00000000000000000, 0.000000000000000000 ) ) ;
#67 = CARTESIAN_POINT ( 'NONE',  ( 1.006430356249999436, -0.1531249993854842395, -1.767562423498186358E-15 ) ) ;
#68 = PRESENTATION_LAYER_ASSIGNMENT (  '', '', ( #5922 ) ) ;
#69 = DIRECTION ( 'NONE',  ( 0.000000000000000000, 0.000000000000000000, -1.000000000000000000 ) ) ;
#70 = EDGE_LOOP ( 'NONE', ( #161, #3354, #4752, #2655 ) ) ;
#71 = CARTESIAN_POINT ( 'NONE',  ( 0.8178385533527393614, 12.00000000000000000, -0.7507643415027072109 ) ) ;
#72 = CARTESIAN_POINT ( 'NONE',  ( 0.6249999999999997780, 1.524999999999998579, -1.082531754730547746 ) ) ;
#73 = CARTESIAN_POINT ( 'NONE',  ( 0.6249999999999974465, 3.381250001229032076, -1.082531754730548856 ) ) ;
#74 = PLANE ( 'NONE',  #5687 ) ;
#75 = CARTESIAN_POINT ( 'NONE',  ( 1.827526258964323273E-15, 11.88437500061451324, 1.162125674203096093 ) ) ;
#76 = CARTESIAN_POINT ( 'NONE',  ( 0.5032151781249999400, -0.5656249993854843838, 0.8715942556523221807 ) ) ;
#77 = EDGE_LOOP ( 'NONE', ( #5688, #3301, #4153, #1952 ) ) ;
#78 = CARTESIAN_POINT ( 'NONE',  ( -1.062732146793064886E-15, 7.271875000614515194, -1.162125674203096537 ) ) ;
#79 = CARTESIAN_POINT ( 'NONE',  ( -4.938688641342514686E-16, 8.987499999999998934, 1.249999999999999334 ) ) ;
#80 = CARTESIAN_POINT ( 'NONE',  ( 0.5032151781249990519, 9.034375000614515372, -0.8715942556523228468 ) ) ;
#81 = VECTOR ( 'NONE', #1224, 1000.000000000000000 ) ;
#82 = CARTESIAN_POINT ( 'NONE',  ( 0.5032151781250004952, 11.47187500061451537, 0.8715942556523216256 ) ) ;
#83 = CARTESIAN_POINT ( 'NONE',  ( 1.249999999999999334, 1.037499999999998757, -0.7216878364870317197 ) ) ;
#84 = CARTESIAN_POINT ( 'NONE',  ( 2.909753293500117656E-15, 0.9437500012290326312, 1.443375672974063439 ) ) ;
#85 = CARTESIAN_POINT ( 'NONE',  ( 1.006430356249999436, 3.446875000614515461, -1.767562423498186358E-15 ) ) ;
#86 = CARTESIAN_POINT ( 'NONE',  ( -2.614599868946037210E-15, 9.268750001229031810, -1.249999999999999334 ) ) ;
#87 = ORIENTED_EDGE ( 'NONE', *, *, #5897, .F. ) ;
#88 = CARTESIAN_POINT ( 'NONE',  ( -0.5032151781250003841, 1.459375000614515638, -0.8715942556523218476 ) ) ;
#89 = CARTESIAN_POINT ( 'NONE',  ( -1.006430356249998548, 3.709375000614514750, 0.5810628371015494897 ) ) ;
#90 = CARTESIAN_POINT ( 'NONE',  ( 8.838126989374219771E-17, 8.312499999999996447, -1.443375672974063439 ) ) ;
#91 = LINE ( 'NONE', #2915, #2820 ) ;
#92 = CARTESIAN_POINT ( 'NONE',  ( 0.6250000000000012212, 8.631250001229030744, 1.082531754730547080 ) ) ;
#93 = EDGE_CURVE ( 'NONE', #3956, #316, #2372, .T. ) ;
#94 = CARTESIAN_POINT ( 'NONE',  ( -1.062732146793064886E-15, 9.071875000614515017, -1.162125674203096537 ) ) ;
#95 = CARTESIAN_POINT ( 'NONE',  ( -1.249999999999999112, 4.787499999999999645, -0.7216878364870322748 ) ) ;
#96 = DIRECTION ( 'NONE',  ( -0.000000000000000000, -1.000000000000000000, -0.000000000000000000 ) ) ;
#97 = CARTESIAN_POINT ( 'NONE',  ( -0.6250000000000002220, 5.799999999999998046, 1.082531754730547746 ) ) ;
#98 = CARTESIAN_POINT ( 'NONE',  ( 0.5032151781249982747, 1.271875000614515638, -0.8715942556523229579 ) ) ;
#99 = DIRECTION ( 'NONE',  ( 0.000000000000000000, 0.000000000000000000, -1.000000000000000000 ) ) ;
#100 = EDGE_LOOP ( 'NONE', ( #1301, #5014, #2030, #1180 ) ) ;
#101 = EDGE_CURVE ( 'NONE', #3229, #2513, #2591, .T. ) ;
#102 = CARTESIAN_POINT ( 'NONE',  ( -0.5032151781249993849, 2.509375000614515461, 0.8715942556523227358 ) ) ;
#103 = CARTESIAN_POINT ( 'NONE',  ( 0.3349364905389032865, 6.942403810567664202, -1.249999999999999112 ) ) ;
#104 = CARTESIAN_POINT ( 'NONE',  ( -2.651438096812265438E-16, 3.587499999999998579, 1.443375672974063439 ) ) ;
#105 = CARTESIAN_POINT ( 'NONE',  ( -0.6250000000000017764, 4.356250001229032165, -1.082531754730546636 ) ) ;
#106 = DIRECTION ( 'NONE',  ( -0.000000000000000000, -1.000000000000000000, -0.000000000000000000 ) ) ;
#107 = CARTESIAN_POINT ( 'NONE',  ( -1.969845607676301195E-15, 12.10937500061451466, -1.162125674203096093 ) ) ;
#108 = VERTEX_POINT ( 'NONE', #528 ) ;
#109 = CARTESIAN_POINT ( 'NONE',  ( 1.006430356249999658, 5.321875000614515905, 0.5810628371015478244 ) ) ;
#110 = CARTESIAN_POINT ( 'NONE',  ( 2.236935443431609674E-15, 6.343750001229031987, 1.249999999999999556 ) ) ;
#111 = CARTESIAN_POINT ( 'NONE',  ( -1.006430356249998992, 11.47187500061451537, 0.5810628371015487126 ) ) ;
#112 = CARTESIAN_POINT ( 'NONE',  ( -0.3349364905389030089, 6.532596189432333667, -1.249999999999999334 ) ) ;
#113 = CARTESIAN_POINT ( 'NONE',  ( -3.086515833287601756E-15, -0.1812499987709670912, -1.443375672974063439 ) ) ;
#114 = CARTESIAN_POINT ( 'NONE',  ( -0.5032151781250009392, 4.496875000614515727, -0.8715942556523212925 ) ) ;
#115 = CARTESIAN_POINT ( 'NONE',  ( -0.5032151781249993849, 10.60937500061451644, 0.8715942556523227358 ) ) ;
#116 = CARTESIAN_POINT ( 'NONE',  ( 1.250000000000000444, 9.118750001229033231, 0.7216878364870297213 ) ) ;
#117 = CARTESIAN_POINT ( 'NONE',  ( -0.5032151781250003841, 1.909375000614515372, -0.8715942556523218476 ) ) ;
#118 = CARTESIAN_POINT ( 'NONE',  ( -1.006430356249999436, 4.571875000614515905, 1.644310252063557226E-15 ) ) ;
#119 = CARTESIAN_POINT ( 'NONE',  ( -0.6249999999999993339, 9.699999999999997513, -1.082531754730547968 ) ) ;
#120 = CARTESIAN_POINT ( 'NONE',  ( -2.614599868946037210E-15, 5.218750001229032875, -1.249999999999999334 ) ) ;
#121 = CARTESIAN_POINT ( 'NONE',  ( -1.249999999999999334, 12.53125000122903110, 2.596460695863248776E-15 ) ) ;
#122 =( BOUNDED_CURVE ( )  B_SPLINE_CURVE ( 2, ( #3921, #493, #1435, #2847, #3861, #3831, #5368, #3892, #5716 ),
 .UNSPECIFIED., .F., .T. ) 
 B_SPLINE_CURVE_WITH_KNOTS ( ( 3, 2, 2, 2, 3 ),
 ( 0.7500000000000000000, 0.7526881720430107503, 0.7580645161290322509, 0.7634408602150537515, 0.7661290322580645018 ),
 .UNSPECIFIED. ) 
 CURVE ( )  GEOMETRIC_REPRESENTATION_ITEM ( )  RATIONAL_B_SPLINE_CURVE ( ( 0.9330127018922194093, 0.9330127018922194093, 1.000000000000000000, 0.8660254037844387076, 1.000000000000000000, 0.8660254037844387076, 1.000000000000000000, 0.9330127018922194093, 0.9330127018922194093 ) ) 
 REPRESENTATION_ITEM ( '' )  );
#123 = CARTESIAN_POINT ( 'NONE',  ( -1.006430356249999658, 9.184375000614513951, 8.587269508238526152E-16 ) ) ;
#124 = CARTESIAN_POINT ( 'NONE',  ( -1.249999999999999556, 7.112499999999998046, 0.7216878364870313867 ) ) ;
#125 = CARTESIAN_POINT ( 'NONE',  ( -4.938688641342514686E-16, 6.287499999999997868, 1.249999999999999334 ) ) ;
#126 = CARTESIAN_POINT ( 'NONE',  ( 2.236935443431609674E-15, 8.143750001229031810, 1.249999999999999556 ) ) ;
#127 = CARTESIAN_POINT ( 'NONE',  ( -1.006430356249998548, 1.909375000614515816, 0.5810628371015493787 ) ) ;
#128 = EDGE_CURVE ( 'NONE', #2997, #4836, #53, .T. ) ;
#129 = DIRECTION ( 'NONE',  ( 0.000000000000000000, 0.000000000000000000, -1.000000000000000000 ) ) ;
#130 = CIRCLE ( 'NONE', #533, 0.9901923788646657121 ) ;
#131 = ORIENTED_EDGE ( 'NONE', *, *, #1373, .T. ) ;
#132 = CARTESIAN_POINT ( 'NONE',  ( -1.006430356249999658, 1.984375000614515328, 8.587269508238526152E-16 ) ) ;
#133 = CARTESIAN_POINT ( 'NONE',  ( -0.6250000000000002220, 3.999999999999998224, 1.082531754730547746 ) ) ;
#134 = CARTESIAN_POINT ( 'NONE',  ( 0.6249999999999987788, 4.074999999999998401, 1.082531754730548412 ) ) ;
#135 = CARTESIAN_POINT ( 'NONE',  ( -1.249999999999999334, 3.981250001229033053, 2.596460695863248776E-15 ) ) ;
#136 = CARTESIAN_POINT ( 'NONE',  ( -4.938688641342514686E-16, 11.68749999999999645, 1.249999999999999334 ) ) ;
#137 = EDGE_CURVE ( 'NONE', #5482, #338, #5338, .T. ) ;
#138 = CARTESIAN_POINT ( 'NONE',  ( 1.006430356249999436, 11.99687500061451395, -1.767562423498186358E-15 ) ) ;
#139 = ORIENTED_EDGE ( 'NONE', *, *, #2509, .F. ) ;
#140 = CARTESIAN_POINT ( 'NONE',  ( 0.5032151781249990519, 6.334375000614515194, -0.8715942556523228468 ) ) ;
#141 = DIRECTION ( 'NONE',  ( -0.8660254037844389297, 0.000000000000000000, 0.4999999999999995559 ) ) ;
#142 = CARTESIAN_POINT ( 'NONE',  ( 1.006430356249999658, 9.409375000614517148, -9.819791222584817478E-16 ) ) ;
#143 = CARTESIAN_POINT ( 'NONE',  ( 0.000000000000000000, 12.00000000000000000, 0.000000000000000000 ) ) ;
#144 = CARTESIAN_POINT ( 'NONE',  ( 2.909753293500117656E-15, 0.4937500012290327867, 1.443375672974063439 ) ) ;
#145 = CARTESIAN_POINT ( 'NONE',  ( 1.006430356249999880, 4.309375000614515727, 0.5810628371015469362 ) ) ;
#146 = CARTESIAN_POINT ( 'NONE',  ( 1.006430356249999658, 11.65937500061451537, -9.819791222584819450E-16 ) ) ;
#147 = CARTESIAN_POINT ( 'NONE',  ( -2.614599868946037210E-15, 4.318750001229032520, -1.249999999999999334 ) ) ;
#148 = CARTESIAN_POINT ( 'NONE',  ( -1.006430356249999880, 3.746875000614515283, -0.5810628371015476024 ) ) ;
#149 =( BOUNDED_CURVE ( )  B_SPLINE_CURVE ( 2, ( #6205, #4209, #3202, #813, #6115, #2727, #2788, #368, #1788 ),
 .UNSPECIFIED., .F., .F. ) 
 B_SPLINE_CURVE_WITH_KNOTS ( ( 3, 2, 2, 2, 3 ),
 ( 0.1693548387096774077, 0.1720430107526881858, 0.1774193548387096864, 0.1827956989247311870, 0.1854838709677419373 ),
 .UNSPECIFIED. ) 
 CURVE ( )  GEOMETRIC_REPRESENTATION_ITEM ( )  RATIONAL_B_SPLINE_CURVE ( ( 0.9330127018922192983, 0.9330127018922189652, 1.000000000000000000, 0.8660254037844387076, 1.000000000000000000, 0.8660254037844387076, 1.000000000000000000, 0.9330127018922194093, 0.9330127018922194093 ) ) 
 REPRESENTATION_ITEM ( '' )  );
#150 = CARTESIAN_POINT ( 'NONE',  ( -0.5032151781250009392, 4.946875000614515017, -0.8715942556523212925 ) ) ;
#151 = CARTESIAN_POINT ( 'NONE',  ( 1.249999999999999112, 11.76249999999999929, 0.7216878364870323859 ) ) ;
#152 = CARTESIAN_POINT ( 'NONE',  ( 0.6249999999999997780, 3.324999999999997957, -1.082531754730547746 ) ) ;
#153 = CARTESIAN_POINT ( 'NONE',  ( 1.249999999999999334, 11.85625000122903216, -2.749541545756668106E-15 ) ) ;
#154 = CARTESIAN_POINT ( 'NONE',  ( 1.006430356249999658, 8.059375000614515727, -9.819791222584819450E-16 ) ) ;
#155 = CARTESIAN_POINT ( 'NONE',  ( 0.000000000000000000, 12.00000000000000000, 0.000000000000000000 ) ) ;
#156 = FACE_OUTER_BOUND ( 'NONE', #5362, .T. ) ;
#157 = CARTESIAN_POINT ( 'NONE',  ( 1.121372832681300312E-14, 8.368750001229029678, -1.249999999999999334 ) ) ;
#158 = CARTESIAN_POINT ( 'NONE',  ( -0.5032151781250009392, 0.8968750006145157494, -0.8715942556523212925 ) ) ;
#159 = CARTESIAN_POINT ( 'NONE',  ( 1.250000000000000444, 0.5687500012290328533, 0.7216878364870297213 ) ) ;
#160 =( BOUNDED_CURVE ( )  B_SPLINE_CURVE ( 2, ( #5334, #431, #1025, #3351, #1888, #2367, #5271, #5805, #4333 ),
 .UNSPECIFIED., .F., .T. ) 
 B_SPLINE_CURVE_WITH_KNOTS ( ( 3, 2, 2, 2, 3 ),
 ( 0.5403225806451612545, 0.5430107526881720048, 0.5483870967741935054, 0.5537634408602150060, 0.5564516129032257563 ),
 .UNSPECIFIED. ) 
 CURVE ( )  GEOMETRIC_REPRESENTATION_ITEM ( )  RATIONAL_B_SPLINE_CURVE ( ( 0.9330127018922194093, 0.9330127018922194093, 1.000000000000000000, 0.8660254037844387076, 1.000000000000000000, 0.8660254037844387076, 1.000000000000000000, 0.9330127018922194093, 0.9330127018922194093 ) ) 
 REPRESENTATION_ITEM ( '' )  );
#161 = ORIENTED_EDGE ( 'NONE', *, *, #1365, .T. ) ;
#162 = CARTESIAN_POINT ( 'NONE',  ( -1.062732146793064886E-15, 2.771875000614515194, -1.162125674203096537 ) ) ;
#163 = ADVANCED_FACE ( 'NONE', ( #5932 ), #5402, .F. ) ;
#164 = CARTESIAN_POINT ( 'NONE',  ( -1.249999999999999556, 10.26249999999999929, 0.7216878364870313867 ) ) ;
#165 = CARTESIAN_POINT ( 'NONE',  ( 8.838126989374219771E-17, 3.812499999999997780, -1.443375672974063439 ) ) ;
#166 = CARTESIAN_POINT ( 'NONE',  ( -1.249999999999999334, 4.431250001229033231, 2.596460695863248776E-15 ) ) ;
#167 = DIRECTION ( 'NONE',  ( -0.000000000000000000, -1.000000000000000000, -0.000000000000000000 ) ) ;
#168 = CARTESIAN_POINT ( 'NONE',  ( 0.5032151781249982747, 12.07187500061451502, -0.8715942556523229579 ) ) ;
#169 = VERTEX_POINT ( 'NONE', #994 ) ;
#170 = CARTESIAN_POINT ( 'NONE',  ( -1.006430356249999658, 7.834375000614516082, 8.587269508238526152E-16 ) ) ;
#171 = CARTESIAN_POINT ( 'NONE',  ( 1.006430356249998770, 10.34687500061451537, -0.5810628371015489346 ) ) ;
#172 = CARTESIAN_POINT ( 'NONE',  ( 1.250000000000000444, 1.018750001229032698, 0.7216878364870297213 ) ) ;
#173 = CARTESIAN_POINT ( 'NONE',  ( -1.249999999999998224, 0.4187500012290327756, 0.7216878364870340512 ) ) ;
#174 = CARTESIAN_POINT ( 'NONE',  ( 0.5032151781250004952, 5.621875000614515727, 0.8715942556523216256 ) ) ;
#175 = CARTESIAN_POINT ( 'NONE',  ( 0.5032151781250004952, 8.321875000614515017, 0.8715942556523216256 ) ) ;
#176 = VERTEX_POINT ( 'NONE', #2942 ) ;
#177 = CARTESIAN_POINT ( 'NONE',  ( 0.000000000000000000, 12.00000000000000000, -1.249999999999999334 ) ) ;
#178 = VECTOR ( 'NONE', #525, 1000.000000000000000 ) ;
#179 = EDGE_CURVE ( 'NONE', #6186, #4303, #1472, .T. ) ;
#180 = CARTESIAN_POINT ( 'NONE',  ( -1.006430356249999880, 2.396875000614515638, -0.5810628371015476024 ) ) ;
#181 = CARTESIAN_POINT ( 'NONE',  ( -1.006430356249999436, 5.471875000614515372, 1.644310252063557226E-15 ) ) ;
#182 = CARTESIAN_POINT ( 'NONE',  ( 1.249999999999999112, 10.41249999999999964, 0.7216878364870323859 ) ) ;
#183 = CARTESIAN_POINT ( 'NONE',  ( 0.3349364905389053959, 9.513846190661366720, 1.249999999999998890 ) ) ;
#184 = CARTESIAN_POINT ( 'NONE',  ( 1.006430356249998104, -1.015624999385484006, -0.5810628371015496008 ) ) ;
#185 = CARTESIAN_POINT ( 'NONE',  ( 0.5032151781249999400, 8.884375000614515017, 0.8715942556523221807 ) ) ;
#186 = CARTESIAN_POINT ( 'NONE',  ( 1.530808498934190831E-16, 12.00000000000000000, 1.249999999999999334 ) ) ;
#187 = DIRECTION ( 'NONE',  ( -0.000000000000000000, -1.000000000000000000, -0.000000000000000000 ) ) ;
#188 = CARTESIAN_POINT ( 'NONE',  ( 2.236935443431609674E-15, 6.793750001229031277, 1.249999999999999556 ) ) ;
#189 = CARTESIAN_POINT ( 'NONE',  ( 1.006430356249998104, 0.3343750006145156939, -0.5810628371015496008 ) ) ;
#190 = CARTESIAN_POINT ( 'NONE',  ( -1.250000000000000444, 2.143750001229032698, -0.7216878364870294993 ) ) ;
#191 = VERTEX_POINT ( 'NONE', #2529 ) ;
#192 = CARTESIAN_POINT ( 'NONE',  ( -1.006430356249999880, 1.496875000614515727, -0.5810628371015476024 ) ) ;
#193 = CARTESIAN_POINT ( 'NONE',  ( -1.249999999999999334, 3.924999999999998046, -1.530808498934190831E-16 ) ) ;
#194 = CARTESIAN_POINT ( 'NONE',  ( -0.6249999999999993339, 4.299999999999998046, -1.082531754730547968 ) ) ;
#195 = CARTESIAN_POINT ( 'NONE',  ( -0.6249999999999978906, 4.956250001229031810, 1.082531754730548856 ) ) ;
#196 = CARTESIAN_POINT ( 'NONE',  ( -1.250000000000000444, 11.59375000122903110, -0.7216878364870294993 ) ) ;
#197 = ORIENTED_EDGE ( 'NONE', *, *, #3620, .F. ) ;
#198 = CARTESIAN_POINT ( 'NONE',  ( -0.5032151781249993849, 8.359375000614514661, 0.8715942556523227358 ) ) ;
#199 = FACE_OUTER_BOUND ( 'NONE', #77, .T. ) ;
#200 = CARTESIAN_POINT ( 'NONE',  ( -1.006430356249999658, 10.08437500061451431, 8.587269508238524180E-16 ) ) ;
#201 = CARTESIAN_POINT ( 'NONE',  ( 0.6249999999999974465, 2.481250001229033053, -1.082531754730548856 ) ) ;
#202 = VECTOR ( 'NONE', #555, 999.9999999999998863 ) ;
#203 = CARTESIAN_POINT ( 'NONE',  ( -0.6250000000000017764, -1.043749998770967080, -1.082531754730546636 ) ) ;
#204 = CARTESIAN_POINT ( 'NONE',  ( 1.006430356249999436, 5.246875000614514839, -1.767562423498186358E-15 ) ) ;
#205 = CARTESIAN_POINT ( 'NONE',  ( -1.969845607676301195E-15, 8.059375000614513951, -1.162125674203096093 ) ) ;
#206 = EDGE_CURVE ( 'NONE', #1219, #4548, #4040, .T. ) ;
#207 = ORIENTED_EDGE ( 'NONE', *, *, #434, .T. ) ;
#208 = CARTESIAN_POINT ( 'NONE',  ( 9.204127980810867663E-16, 1.646875000614515638, 1.162125674203096537 ) ) ;
#209 = CARTESIAN_POINT ( 'NONE',  ( -0.5032151781250003841, 3.709375000614515194, -0.8715942556523218476 ) ) ;
#210 = CARTESIAN_POINT ( 'NONE',  ( -0.5032151781249986078, 4.196875000614515905, 0.8715942556523228468 ) ) ;
#211 = ORIENTED_EDGE ( 'NONE', *, *, #5020, .F. ) ;
#212 = CARTESIAN_POINT ( 'NONE',  ( 8.838126989374219771E-17, 11.01249999999999751, -1.443375672974063439 ) ) ;
#213 = CARTESIAN_POINT ( 'NONE',  ( -3.086515833287601756E-15, 11.51875000122903359, -1.443375672974063439 ) ) ;
#214 = EDGE_CURVE ( 'NONE', #2353, #1555, #2753, .T. ) ;
#215 = B_SPLINE_CURVE_WITH_KNOTS ( 'NONE', 3,
 ( #5194, #2247, #3810, #824, #4312, #3720, #4191, #2769, #350, #3333, #445, #2279 ),
 .UNSPECIFIED., .F., .F.,
 ( 4, 2, 2, 2, 2, 4 ),
 ( 0.000000000000000000, 0.0002781600436234034530, 0.0005563200872468069061, 0.001112640174493613812, 0.001668960261740421152, 0.002225280348987228492 ),
 .UNSPECIFIED. ) ;
#216 = AXIS2_PLACEMENT_3D ( 'NONE', #4189, #4689, #290 ) ;
#217 = CARTESIAN_POINT ( 'NONE',  ( -1.006430356249999658, 8.284375000614515372, 8.587269508238526152E-16 ) ) ;
#218 = LINE ( 'NONE', #186, #3263 ) ;
#219 = FACE_OUTER_BOUND ( 'NONE', #249, .T. ) ;
#220 = CARTESIAN_POINT ( 'NONE',  ( 0.9999999999999993339, 13.40000000000000036, 0.5773502691896267303 ) ) ;
#221 = CARTESIAN_POINT ( 'NONE',  ( 1.006430356249999436, 2.096875000614515372, -1.767562423498186358E-15 ) ) ;
#222 = CARTESIAN_POINT ( 'NONE',  ( -1.249999999999998002, 2.668750001229032609, 0.7216878364870340512 ) ) ;
#223 = ORIENTED_EDGE ( 'NONE', *, *, #3939, .T. ) ;
#224 = CARTESIAN_POINT ( 'NONE',  ( 1.006430356249999658, 2.171875000614515550, 0.5810628371015478244 ) ) ;
#225 = CARTESIAN_POINT ( 'NONE',  ( -0.3349364905389030089, 3.832596189432332601, -1.249999999999999334 ) ) ;
#226 = CARTESIAN_POINT ( 'NONE',  ( -0.6249999999999993339, 2.949999999999998845, -1.082531754730547968 ) ) ;
#227 = CARTESIAN_POINT ( 'NONE',  ( 1.006430356249999436, 11.09687500061451360, -1.767562423498186358E-15 ) ) ;
#228 = AXIS2_PLACEMENT_3D ( 'NONE', #5618, #803, #3192 ) ;
#229 = CARTESIAN_POINT ( 'NONE',  ( -0.6250000000000017764, 6.606250001229033053, -1.082531754730546636 ) ) ;
#230 = CARTESIAN_POINT ( 'NONE',  ( 2.236935443431609674E-15, 5.893750001229030921, 1.249999999999999556 ) ) ;
#231 = CARTESIAN_POINT ( 'NONE',  ( -0.6250000000000002220, 8.049999999999998934, 1.082531754730547746 ) ) ;
#232 = ORIENTED_EDGE ( 'NONE', *, *, #2214, .F. ) ;
#233 = CARTESIAN_POINT ( 'NONE',  ( -0.5032151781250003841, 9.559375000614513951, -0.8715942556523218476 ) ) ;
#234 = CARTESIAN_POINT ( 'NONE',  ( 0.6250000000000012212, 1.431250001229032787, 1.082531754730547080 ) ) ;
#235 = CARTESIAN_POINT ( 'NONE',  ( -1.062732146793064491E-15, 11.32187500061451324, -1.162125674203096537 ) ) ;
#236 = CARTESIAN_POINT ( 'NONE',  ( 0.000000000000000000, 12.00000000000000000, -1.249999999999999334 ) ) ;
#237 = CARTESIAN_POINT ( 'NONE',  ( -0.6250000000000017764, 3.006250001229032520, -1.082531754730546636 ) ) ;
#238 = CARTESIAN_POINT ( 'NONE',  ( -1.006430356249998548, 4.159375000614515372, 0.5810628371015493787 ) ) ;
#239 = CARTESIAN_POINT ( 'NONE',  ( -0.5032151781249986078, 8.696875000614515017, 0.8715942556523228468 ) ) ;
#240 = EDGE_LOOP ( 'NONE', ( #3705, #4387, #661, #893 ) ) ;
#241 = CARTESIAN_POINT ( 'NONE',  ( 1.006430356249999658, 2.209375000614515194, -9.819791222584819450E-16 ) ) ;
#242 = CARTESIAN_POINT ( 'NONE',  ( 0.5032151781249990519, 2.284375000614515372, -0.8715942556523228468 ) ) ;
#243 = EDGE_CURVE ( 'NONE', #1293, #2294, #3680, .T. ) ;
#244 = CARTESIAN_POINT ( 'NONE',  ( -1.969845607676301195E-15, 7.609375000614516438, -1.162125674203096093 ) ) ;
#245 = CARTESIAN_POINT ( 'NONE',  ( -1.249999999999999334, 11.12499999999999645, -1.530808498934190831E-16 ) ) ;
#246 = LINE ( 'NONE', #1632, #5534 ) ;
#247 = CARTESIAN_POINT ( 'NONE',  ( 1.250000000000000444, 12.26875000122903181, 0.7216878364870298324 ) ) ;
#248 = VECTOR ( 'NONE', #3267, 1000.000000000000000 ) ;
#249 = EDGE_LOOP ( 'NONE', ( #403, #5036, #284, #6084 ) ) ;
#250 = CARTESIAN_POINT ( 'NONE',  ( -1.006430356249998992, 10.12187500061451395, 0.5810628371015487126 ) ) ;
#251 = CARTESIAN_POINT ( 'NONE',  ( 0.000000000000000000, 12.00000000000000000, 0.000000000000000000 ) ) ;
#252 = EDGE_CURVE ( 'NONE', #5730, #1718, #4754, .T. ) ;
#253 = CARTESIAN_POINT ( 'NONE',  ( -1.006430356249999436, 0.5218750006145156384, 1.644310252063557226E-15 ) ) ;
#254 = CARTESIAN_POINT ( 'NONE',  ( -1.250000000000000444, 6.643750001229032698, -0.7216878364870294993 ) ) ;
#255 = CARTESIAN_POINT ( 'NONE',  ( 1.827526258964323273E-15, 3.784375000614515816, 1.162125674203096093 ) ) ;
#256 = CARTESIAN_POINT ( 'NONE',  ( -2.614599868946037210E-15, 2.518750001229032698, -1.249999999999999334 ) ) ;
#257 = ORIENTED_EDGE ( 'NONE', *, *, #2264, .T. ) ;
#258 = CARTESIAN_POINT ( 'NONE',  ( 9.204127980810867663E-16, 3.446875000614515905, 1.162125674203096537 ) ) ;
#259 = EDGE_CURVE ( 'NONE', #5549, #5295, #6217, .T. ) ;
#260 = CARTESIAN_POINT ( 'NONE',  ( -0.3349364905389045632, 1.582596189432333045, -1.249999999999998668 ) ) ;
#261 = CARTESIAN_POINT ( 'NONE',  ( 0.6249999999999987788, 6.774999999999997691, 1.082531754730548412 ) ) ;
#262 = CARTESIAN_POINT ( 'NONE',  ( 0.5032151781250004952, 11.02187500061451431, 0.8715942556523216256 ) ) ;
#263 = CARTESIAN_POINT ( 'NONE',  ( -1.249999999999999334, 7.131250001229031632, 2.596460695863248776E-15 ) ) ;
#264 = CARTESIAN_POINT ( 'NONE',  ( 0.6249999999999997780, 1.524999999999998579, -1.082531754730547746 ) ) ;
#265 = CARTESIAN_POINT ( 'NONE',  ( 1.743066579297358255E-16, 0.6624999999999986455, -1.249999999999999112 ) ) ;
#266 = ORIENTED_EDGE ( 'NONE', *, *, #5118, .F. ) ;
#267 = CARTESIAN_POINT ( 'NONE',  ( -1.006430356249999658, 8.284375000614515372, 8.587269508238526152E-16 ) ) ;
#268 = CARTESIAN_POINT ( 'NONE',  ( 0.4250000000000049849, 13.25000000000000000, 0.7361215932167681775 ) ) ;
#269 = CARTESIAN_POINT ( 'NONE',  ( 0.6249999999999997780, -0.2750000000000012434, -1.082531754730547746 ) ) ;
#270 = CARTESIAN_POINT ( 'NONE',  ( 1.249999999999997780, 1.093750001229032653, -0.7216878364870343843 ) ) ;
#271 = CARTESIAN_POINT ( 'NONE',  ( 1.249999999999998002, 2.893750001229033142, -0.7216878364870344953 ) ) ;
#272 = CARTESIAN_POINT ( 'NONE',  ( -0.5032151781250009392, 8.546875000614514661, -0.8715942556523212925 ) ) ;
#273 = CARTESIAN_POINT ( 'NONE',  ( 1.006430356249999436, 9.746875000614513951, -1.767562423498186358E-15 ) ) ;
#274 = AXIS2_PLACEMENT_3D ( 'NONE', #66, #1419, #3935 ) ;
#275 = ORIENTED_EDGE ( 'NONE', *, *, #3555, .F. ) ;
#276 = CARTESIAN_POINT ( 'NONE',  ( 9.204127980810867663E-16, 1.196875000614515461, 1.162125674203096537 ) ) ;
#277 = CARTESIAN_POINT ( 'NONE',  ( 9.204127980810863719E-16, 6.146875000614514306, 1.162125674203096537 ) ) ;
#278 = CARTESIAN_POINT ( 'NONE',  ( -0.5032151781250009392, 7.646875000614515194, -0.8715942556523212925 ) ) ;
#279 = EDGE_LOOP ( 'NONE', ( #266, #4501, #2551, #2982 ) ) ;
#280 = CARTESIAN_POINT ( 'NONE',  ( -1.249999999999999334, 11.53749999999999964, -0.7216878364870322748 ) ) ;
#281 = CARTESIAN_POINT ( 'NONE',  ( -2.614599868946037210E-15, 11.06875000122903252, -1.249999999999999334 ) ) ;
#282 = CARTESIAN_POINT ( 'NONE',  ( 0.5032151781249982747, -0.07812499938548425615, -0.8715942556523229579 ) ) ;
#283 = AXIS2_PLACEMENT_3D ( 'NONE', #5169, #323, #1806 ) ;
#284 = ORIENTED_EDGE ( 'NONE', *, *, #5931, .F. ) ;
#285 = CARTESIAN_POINT ( 'NONE',  ( 1.006430356249999658, 11.62187500061451573, 0.5810628371015478244 ) ) ;
#286 = CARTESIAN_POINT ( 'NONE',  ( -0.6250000000000002220, 7.149999999999997691, 1.082531754730547746 ) ) ;
#287 = CARTESIAN_POINT ( 'NONE',  ( 0.7142857142857091945, 13.11428571428571566, -0.4123930494211705544 ) ) ;
#288 = CARTESIAN_POINT ( 'NONE',  ( 2.236935443431609674E-15, 8.143750001229031810, 1.249999999999999556 ) ) ;
#289 = CARTESIAN_POINT ( 'NONE',  ( -1.006430356250000324, 3.184375000614515727, -0.5810628371015467142 ) ) ;
#290 = DIRECTION ( 'NONE',  ( 0.000000000000000000, 0.000000000000000000, 1.000000000000000000 ) ) ;
#291 = CARTESIAN_POINT ( 'NONE',  ( -0.5032151781249993849, 3.409375000614515372, 0.8715942556523227358 ) ) ;
#292 = CARTESIAN_POINT ( 'NONE',  ( -0.6249999999999993339, 9.249999999999998224, -1.082531754730547968 ) ) ;
#293 = CARTESIAN_POINT ( 'NONE',  ( -1.250000000000000444, 7.093750001229032875, -0.7216878364870296103 ) ) ;
#294 = EDGE_CURVE ( 'NONE', #5952, #450, #1923, .T. ) ;
#295 = ORIENTED_EDGE ( 'NONE', *, *, #4698, .F. ) ;
#296 = CARTESIAN_POINT ( 'NONE',  ( 1.006430356249998992, 9.446875000614515017, -0.5810628371015489346 ) ) ;
#297 = CARTESIAN_POINT ( 'NONE',  ( 0.3349364905389032865, 8.292403810567662958, -1.249999999999999112 ) ) ;
#298 = CARTESIAN_POINT ( 'NONE',  ( 1.249999999999999334, -0.8000000000000012657, 0.000000000000000000 ) ) ;
#299 = CARTESIAN_POINT ( 'NONE',  ( -1.249999999999999112, 3.437499999999998668, -0.7216878364870322748 ) ) ;
#300 = CARTESIAN_POINT ( 'NONE',  ( 0.6250000000000012212, 2.331250001229032698, 1.082531754730547080 ) ) ;
#301 = CARTESIAN_POINT ( 'NONE',  ( -1.006430356249998548, 6.859375000614515550, 0.5810628371015493787 ) ) ;
#302 = CARTESIAN_POINT ( 'NONE',  ( -1.006430356249998548, 11.35937500061451289, 0.5810628371015493787 ) ) ;
#303 = ORIENTED_EDGE ( 'NONE', *, *, #1126, .F. ) ;
#304 = CARTESIAN_POINT ( 'NONE',  ( -1.062732146793064886E-15, 1.421875000614515328, -1.162125674203096537 ) ) ;
#305 = CARTESIAN_POINT ( 'NONE',  ( 1.006430356249998770, 5.846875000614515372, -0.5810628371015489346 ) ) ;
#306 = CARTESIAN_POINT ( 'NONE',  ( -1.969845607676301195E-15, 6.709375000614515194, -1.162125674203096093 ) ) ;
#307 = ORIENTED_EDGE ( 'NONE', *, *, #4706, .F. ) ;
#308 = CARTESIAN_POINT ( 'NONE',  ( -1.249999999999999334, 12.43749999999999645, -0.7216878364870322748 ) ) ;
#309 = LINE ( 'NONE', #2206, #3022 ) ;
#310 = CARTESIAN_POINT ( 'NONE',  ( -0.5032151781249986078, -0.7531249993854842728, 0.8715942556523228468 ) ) ;
#311 = CARTESIAN_POINT ( 'NONE',  ( 0.000000000000000000, 12.15000000000000036, 0.000000000000000000 ) ) ;
#312 = CARTESIAN_POINT ( 'NONE',  ( 1.006430356249998326, 0.7843750006145157050, -0.5810628371015497118 ) ) ;
#313 = DIRECTION ( 'NONE',  ( -0.000000000000000000, -1.000000000000000000, -0.000000000000000000 ) ) ;
#314 = CARTESIAN_POINT ( 'NONE',  ( -1.006430356249998548, 4.159375000614515372, 0.5810628371015493787 ) ) ;
#315 = FACE_OUTER_BOUND ( 'NONE', #2776, .T. ) ;
#316 = VERTEX_POINT ( 'NONE', #2831 ) ;
#317 = CARTESIAN_POINT ( 'NONE',  ( -1.006430356249999658, 5.134375000614515017, 8.587269508238526152E-16 ) ) ;
#318 = CARTESIAN_POINT ( 'NONE',  ( 1.743066579297358255E-16, 7.862499999999998046, -1.249999999999999112 ) ) ;
#319 = DIRECTION ( 'NONE',  ( -0.8660254037844389297, 0.000000000000000000, 0.4999999999999995559 ) ) ;
#320 = EDGE_CURVE ( 'NONE', #3082, #21, #4317, .T. ) ;
#321 = CARTESIAN_POINT ( 'NONE',  ( 1.249999999999999334, 2.837499999999998579, -0.7216878364870317197 ) ) ;
#322 = DIRECTION ( 'NONE',  ( 0.000000000000000000, 0.000000000000000000, -1.000000000000000000 ) ) ;
#323 = DIRECTION ( 'NONE',  ( 0.000000000000000000, 1.000000000000000000, 0.000000000000000000 ) ) ;
#324 = ORIENTED_EDGE ( 'NONE', *, *, #3165, .T. ) ;
#325 = CARTESIAN_POINT ( 'NONE',  ( 1.006430356249999658, 9.821875000614518569, 0.5810628371015478244 ) ) ;
#326 = CARTESIAN_POINT ( 'NONE',  ( 0.6250000000000012212, 10.43125000122902968, 1.082531754730547080 ) ) ;
#327 = CARTESIAN_POINT ( 'NONE',  ( 0.6249999999999997780, 0.1749999999999987121, -1.082531754730547746 ) ) ;
#328 = EDGE_CURVE ( 'NONE', #3792, #1317, #5283, .T. ) ;
#329 = DIRECTION ( 'NONE',  ( 0.000000000000000000, 0.000000000000000000, 1.000000000000000000 ) ) ;
#330 = CARTESIAN_POINT ( 'NONE',  ( -0.6250000000000017764, 1.656250001229032653, -1.082531754730546636 ) ) ;
#331 = CARTESIAN_POINT ( 'NONE',  ( 1.006430356249999436, 6.596875000614515372, -1.767562423498186358E-15 ) ) ;
#332 = CARTESIAN_POINT ( 'NONE',  ( -0.5032151781249986078, 10.04687500061451466, 0.8715942556523228468 ) ) ;
#333 = AXIS2_PLACEMENT_3D ( 'NONE', #1836, #4661, #319 ) ;
#334 = ORIENTED_EDGE ( 'NONE', *, *, #1565, .F. ) ;
#335 = CARTESIAN_POINT ( 'NONE',  ( 0.5032151781249990519, 0.9343750006145157272, -0.8715942556523228468 ) ) ;
#336 = CARTESIAN_POINT ( 'NONE',  ( 1.006430356249999658, 5.321875000614515017, 0.5810628371015478244 ) ) ;
#337 = CARTESIAN_POINT ( 'NONE',  ( -1.006430356250000102, 7.684375000614514839, -0.5810628371015466032 ) ) ;
#338 = VERTEX_POINT ( 'NONE', #318 ) ;
#339 = CARTESIAN_POINT ( 'NONE',  ( -0.3349364905389035640, 8.967403810567665445, 1.249999999999999112 ) ) ;
#340 = DIRECTION ( 'NONE',  ( 0.000000000000000000, 0.000000000000000000, 1.000000000000000000 ) ) ;
#341 = CARTESIAN_POINT ( 'NONE',  ( -1.006430356249999436, 0.5218750006145156384, 1.644310252063557226E-15 ) ) ;
#342 = ORIENTED_EDGE ( 'NONE', *, *, #400, .T. ) ;
#343 = FACE_OUTER_BOUND ( 'NONE', #4610, .T. ) ;
#344 = DIRECTION ( 'NONE',  ( 0.000000000000000000, 0.000000000000000000, -1.000000000000000000 ) ) ;
#345 = CARTESIAN_POINT ( 'NONE',  ( 0.6250000000000012212, 3.681250001229032787, 1.082531754730547080 ) ) ;
#346 = CARTESIAN_POINT ( 'NONE',  ( 0.5032151781249982747, 3.071875000614515461, -0.8715942556523229579 ) ) ;
#347 = CARTESIAN_POINT ( 'NONE',  ( 1.743066579297358255E-16, 9.212499999999998579, -1.249999999999999112 ) ) ;
#348 = ORIENTED_EDGE ( 'NONE', *, *, #5312, .T. ) ;
#349 = CARTESIAN_POINT ( 'NONE',  ( 1.006430356249999658, 4.421875000614515550, 0.5810628371015478244 ) ) ;
#350 = CARTESIAN_POINT ( 'NONE',  ( -0.6798019849139197435, 12.00000000000000888, 0.8757540429069902155 ) ) ;
#351 = CARTESIAN_POINT ( 'NONE',  ( 0.000000000000000000, 12.00000000000000000, 0.000000000000000000 ) ) ;
#352 =( BOUNDED_CURVE ( )  B_SPLINE_CURVE ( 2, ( #1332, #3281, #326, #3787, #6104, #1303, #3694, #5145, #5259 ),
 .UNSPECIFIED., .F., .F. ) 
 B_SPLINE_CURVE_WITH_KNOTS ( ( 3, 2, 2, 2, 3 ),
 ( 0.8306451612903226200, 0.8333333333333333703, 0.8387096774193548709, 0.8440860215053763715, 0.8467741935483871218 ),
 .UNSPECIFIED. ) 
 CURVE ( )  GEOMETRIC_REPRESENTATION_ITEM ( )  RATIONAL_B_SPLINE_CURVE ( ( 0.9330127018922194093, 0.9330127018922194093, 1.000000000000000000, 0.8660254037844387076, 1.000000000000000000, 0.8660254037844387076, 1.000000000000000000, 0.9330127018922194093, 0.9330127018922194093 ) ) 
 REPRESENTATION_ITEM ( '' )  );
#353 = DIRECTION ( 'NONE',  ( -0.000000000000000000, -1.000000000000000000, -0.000000000000000000 ) ) ;
#354 = CARTESIAN_POINT ( 'NONE',  ( 1.743066579297358255E-16, 6.512499999999998401, -1.249999999999999112 ) ) ;
#355 = CARTESIAN_POINT ( 'NONE',  ( -0.3349364905389035640, 8.067403810567663314, 1.249999999999999112 ) ) ;
#356 = ORIENTED_EDGE ( 'NONE', *, *, #2706, .T. ) ;
#357 = DIRECTION ( 'NONE',  ( -0.000000000000000000, -1.000000000000000000, -0.000000000000000000 ) ) ;
#358 = CARTESIAN_POINT ( 'NONE',  ( -1.006430356249998992, 12.37187500061451573, 0.5810628371015487126 ) ) ;
#359 = CARTESIAN_POINT ( 'NONE',  ( 2.236935443431609674E-15, 9.493750001229033231, 1.249999999999999556 ) ) ;
#360 = CARTESIAN_POINT ( 'NONE',  ( -0.5032151781250009392, 6.746875000614515727, -0.8715942556523212925 ) ) ;
#361 = CARTESIAN_POINT ( 'NONE',  ( 1.006430356249999880, 11.95937500061451253, 0.5810628371015469362 ) ) ;
#362 = ORIENTED_EDGE ( 'NONE', *, *, #1765, .F. ) ;
#363 =( BOUNDED_CURVE ( )  B_SPLINE_CURVE ( 2, ( #4098, #260, #5916, #727, #1074, #3027, #4950, #608, #1579 ),
 .UNSPECIFIED., .F., .T. ) 
 B_SPLINE_CURVE_WITH_KNOTS ( ( 3, 2, 2, 2, 3 ),
 ( 0.1693548387096774355, 0.1720430107526881858, 0.1774193548387096864, 0.1827956989247311870, 0.1854838709677419373 ),
 .UNSPECIFIED. ) 
 CURVE ( )  GEOMETRIC_REPRESENTATION_ITEM ( )  RATIONAL_B_SPLINE_CURVE ( ( 0.9330127018922192983, 0.9330127018922196314, 1.000000000000000000, 0.8660254037844387076, 1.000000000000000000, 0.8660254037844387076, 1.000000000000000000, 0.9330127018922194093, 0.9330127018922194093 ) ) 
 REPRESENTATION_ITEM ( '' )  );
#364 = EDGE_CURVE ( 'NONE', #5504, #4548, #215, .T. ) ;
#365 = CARTESIAN_POINT ( 'NONE',  ( 1.006430356249999658, 4.459375000614515194, -9.819791222584819450E-16 ) ) ;
#366 = CARTESIAN_POINT ( 'NONE',  ( -0.5032151781249993849, 6.109375000614514661, 0.8715942556523227358 ) ) ;
#367 = CARTESIAN_POINT ( 'NONE',  ( -1.006430356249999436, 8.171875000614514661, 1.644310252063557226E-15 ) ) ;
#368 = CARTESIAN_POINT ( 'NONE',  ( -0.3349364905389008995, 1.373653811796698987, 1.250000000000000000 ) ) ;
#369 = AXIS2_PLACEMENT_3D ( 'NONE', #5891, #1200, #3152 ) ;
#370 = CARTESIAN_POINT ( 'NONE',  ( 1.250000000000000444, 10.91875000122903216, 0.7216878364870297213 ) ) ;
#371 = CARTESIAN_POINT ( 'NONE',  ( -1.969845607676301195E-15, 1.309375000614515283, -1.162125674203096093 ) ) ;
#372 = EDGE_CURVE ( 'NONE', #5952, #1439, #4221, .T. ) ;
#373 = VERTEX_POINT ( 'NONE', #854 ) ;
#374 = CARTESIAN_POINT ( 'NONE',  ( -2.472104176088478329E-12, 0.3140625009218929731, -1.171516448314289693 ) ) ;
#375 = CARTESIAN_POINT ( 'NONE',  ( 0.3349364905389032865, 10.99240381056766402, -1.249999999999999112 ) ) ;
#376 = CARTESIAN_POINT ( 'NONE',  ( 1.249999999999999556, 6.437499999999997335, -0.7216878364870316087 ) ) ;
#377 = CARTESIAN_POINT ( 'NONE',  ( 1.249999999999999112, 10.41249999999999609, 0.7216878364870324969 ) ) ;
#378 = CARTESIAN_POINT ( 'NONE',  ( -1.006430356249998548, 2.809375000614515283, 0.5810628371015493787 ) ) ;
#379 = VERTEX_POINT ( 'NONE', #2800 ) ;
#380 = CARTESIAN_POINT ( 'NONE',  ( -0.5032151781250003841, 4.159375000614515372, -0.8715942556523218476 ) ) ;
#381 = CARTESIAN_POINT ( 'NONE',  ( -1.249999999999999556, 8.462499999999998579, 0.7216878364870313867 ) ) ;
#382 = VECTOR ( 'NONE', #1376, 1000.000000000000000 ) ;
#383 = CARTESIAN_POINT ( 'NONE',  ( -0.6249999999999978906, 7.206250001229032698, 1.082531754730548856 ) ) ;
#384 = DIRECTION ( 'NONE',  ( -0.000000000000000000, -1.000000000000000000, -0.000000000000000000 ) ) ;
#385 = FACE_OUTER_BOUND ( 'NONE', #1652, .T. ) ;
#386 = PLANE ( 'NONE',  #1188 ) ;
#387 = VERTEX_POINT ( 'NONE', #1356 ) ;
#388 = CARTESIAN_POINT ( 'NONE',  ( -1.249999999999999334, 7.581250001229032698, 2.596460695863248776E-15 ) ) ;
#389 = CARTESIAN_POINT ( 'NONE',  ( 1.006430356249998770, 11.69687500061451324, -0.5810628371015489346 ) ) ;
#390 = CARTESIAN_POINT ( 'NONE',  ( 0.3349364905389032865, 10.09240381056766189, -1.249999999999999112 ) ) ;
#391 = CARTESIAN_POINT ( 'NONE',  ( -1.969845607676301195E-15, 6.709375000614515194, -1.162125674203096093 ) ) ;
#392 = CARTESIAN_POINT ( 'NONE',  ( 1.827526258964323273E-15, 10.08437500061451608, 1.162125674203096093 ) ) ;
#393 = B_SPLINE_CURVE_WITH_KNOTS ( 'NONE', 3,
 ( #6020, #5554, #4484, #1206, #3160, #5078, #737, #2683 ),
 .UNSPECIFIED., .F., .F.,
 ( 4, 2, 2, 4 ),
 ( 0.0006218714022896663918, 0.001108609597433344316, 0.001351978695005183386, 0.001595347792577022240 ),
 .UNSPECIFIED. ) ;
#394 = ORIENTED_EDGE ( 'NONE', *, *, #3468, .F. ) ;
#395 = CARTESIAN_POINT ( 'NONE',  ( 1.006430356249999658, 4.009375000614515017, -9.819791222584819450E-16 ) ) ;
#396 = CARTESIAN_POINT ( 'NONE',  ( 1.006430356249999658, 10.27187500061451253, 0.5810628371015478244 ) ) ;
#397 = CARTESIAN_POINT ( 'NONE',  ( -1.006430356249998992, 5.171875000614515550, 0.5810628371015487126 ) ) ;
#398 = CARTESIAN_POINT ( 'NONE',  ( -0.5032151781250009392, 10.79687500061451466, -0.8715942556523212925 ) ) ;
#399 = CARTESIAN_POINT ( 'NONE',  ( 1.249999999999999556, 12.28749999999999609, -0.7216878364870316087 ) ) ;
#400 = EDGE_CURVE ( 'NONE', #5083, #4263, #1438, .T. ) ;
#401 = CARTESIAN_POINT ( 'NONE',  ( 1.249999999999999334, 3.737499999999998490, -0.7216878364870317197 ) ) ;
#402 = CARTESIAN_POINT ( 'NONE',  ( 1.827526258964323273E-15, 0.6343750006145156828, 1.162125674203096093 ) ) ;
#403 = ORIENTED_EDGE ( 'NONE', *, *, #1246, .T. ) ;
#404 = VERTEX_POINT ( 'NONE', #63 ) ;
#405 = CARTESIAN_POINT ( 'NONE',  ( 1.249999999999999334, 7.337499999999997691, -0.7216878364870317197 ) ) ;
#406 = CARTESIAN_POINT ( 'NONE',  ( 0.5032151781249982747, 2.621875000614515283, -0.8715942556523229579 ) ) ;
#407 = CARTESIAN_POINT ( 'NONE',  ( -1.249999999999999334, 6.587499999999997691, -0.7216878364870322748 ) ) ;
#408 = EDGE_CURVE ( 'NONE', #4704, #191, #1890, .T. ) ;
#409 = CARTESIAN_POINT ( 'NONE',  ( 0.04193458993087735565, 12.00000000000000000, 1.005556339619431805 ) ) ;
#410 = CARTESIAN_POINT ( 'NONE',  ( -0.6250000000000017764, 6.156250001229032875, -1.082531754730546636 ) ) ;
#411 = CARTESIAN_POINT ( 'NONE',  ( 1.006430356249999880, 6.559375000614514839, 0.5810628371015469362 ) ) ;
#412 = EDGE_LOOP ( 'NONE', ( #1247, #3978, #3879, #4239, #1674, #1516, #5371, #5273, #2871, #2960, #2823, #4273, #1881, #5244, #1392, #2895, #4219, #4079, #3316, #1262, #530, #5320, #648, #207, #2454, #5767, #3206, #6240, #2271, #633, #1819, #5235, #3562, #5582, #5133, #10, #1211, #4295, #3910, #807, #1618, #1379, #1318, #2692, #2215, #5230, #1485, #2337, #3855, #356, #2943, #4450, #3221, #437, #2304, #2704, #553, #3143 ) ) ;
#413 = CARTESIAN_POINT ( 'NONE',  ( -1.006430356249999658, 6.934375000614515727, 8.587269508238526152E-16 ) ) ;
#414 = CARTESIAN_POINT ( 'NONE',  ( -0.6249999999999993339, 8.349999999999996092, -1.082531754730547968 ) ) ;
#415 = CARTESIAN_POINT ( 'NONE',  ( 1.743066579297358255E-16, 9.212499999999998579, -1.249999999999999112 ) ) ;
#416 = CARTESIAN_POINT ( 'NONE',  ( -0.6250000000000017764, 9.756250001229032520, -1.082531754730546636 ) ) ;
#417 = CARTESIAN_POINT ( 'NONE',  ( -2.614599868946037210E-15, 10.61875000122902968, -1.249999999999999334 ) ) ;
#418 = DIRECTION ( 'NONE',  ( -0.8660254037844384856, 0.000000000000000000, -0.5000000000000001110 ) ) ;
#419 = ORIENTED_EDGE ( 'NONE', *, *, #1051, .F. ) ;
#420 = CARTESIAN_POINT ( 'NONE',  ( -4.938688641342514686E-16, 0.8874999999999985123, 1.249999999999999334 ) ) ;
#421 = CARTESIAN_POINT ( 'NONE',  ( -2.651438096812265438E-16, 0.4374999999999986122, 1.443375672974063439 ) ) ;
#422 = LINE ( 'NONE', #3668, #2772 ) ;
#423 = CARTESIAN_POINT ( 'NONE',  ( -1.006430356249999436, 10.42187500061451466, 1.644310252063557226E-15 ) ) ;
#424 = CARTESIAN_POINT ( 'NONE',  ( 1.006430356249999880, 10.60937500061451466, 0.5810628371015469362 ) ) ;
#425 = ORIENTED_EDGE ( 'NONE', *, *, #2312, .F. ) ;
#426 = CARTESIAN_POINT ( 'NONE',  ( -1.006430356249999214, 4.721875000614514484, 0.5810628371015488236 ) ) ;
#427 = CARTESIAN_POINT ( 'NONE',  ( -0.5032151781250003841, 11.35937500061451289, -0.8715942556523218476 ) ) ;
#428 = CARTESIAN_POINT ( 'NONE',  ( 1.006430356249999658, 8.921875000614514661, 0.5810628371015478244 ) ) ;
#429 = CARTESIAN_POINT ( 'NONE',  ( -1.006430356249999436, 9.521875000614514306, 1.644310252063557226E-15 ) ) ;
#430 = CARTESIAN_POINT ( 'NONE',  ( 0.3349364905389053959, 7.263846190661366720, 1.249999999999998890 ) ) ;
#431 = CARTESIAN_POINT ( 'NONE',  ( 0.3349364905389053959, 6.363846190661366364, 1.249999999999998890 ) ) ;
#432 = CARTESIAN_POINT ( 'NONE',  ( -1.006430356249998548, 3.709375000614515194, 0.5810628371015493787 ) ) ;
#433 = CIRCLE ( 'NONE', #2354, 2.250000000000000000 ) ;
#434 = EDGE_CURVE ( 'NONE', #5730, #3025, #4961, .T. ) ;
#435 = ORIENTED_EDGE ( 'NONE', *, *, #4665, .T. ) ;
#436 = AXIS2_PLACEMENT_3D ( 'NONE', #3772, #2240, #5691 ) ;
#437 = ORIENTED_EDGE ( 'NONE', *, *, #3620, .T. ) ;
#438 = CARTESIAN_POINT ( 'NONE',  ( -2.614599868946037210E-15, 6.568750001229032520, -1.249999999999999334 ) ) ;
#439 = CARTESIAN_POINT ( 'NONE',  ( -0.5032151781250009392, 2.696875000614515905, -0.8715942556523212925 ) ) ;
#440 = CARTESIAN_POINT ( 'NONE',  ( -1.249999999999999334, 7.074999999999998401, -1.530808498934190831E-16 ) ) ;
#441 = DIRECTION ( 'NONE',  ( -0.000000000000000000, -1.000000000000000000, -0.000000000000000000 ) ) ;
#442 = CARTESIAN_POINT ( 'NONE',  ( 2.909753293500117656E-15, 7.243750001229032343, 1.443375672974063439 ) ) ;
#443 = CARTESIAN_POINT ( 'NONE',  ( 0.5032151781250004952, 6.971875000614515372, 0.8715942556523216256 ) ) ;
#444 = CARTESIAN_POINT ( 'NONE',  ( 1.006430356249998770, 5.396875000614515194, -0.5810628371015489346 ) ) ;
#445 = CARTESIAN_POINT ( 'NONE',  ( -0.1435880471698485206, 12.00000000000000178, 1.037389688894547746 ) ) ;
#446 = CARTESIAN_POINT ( 'NONE',  ( 0.000000000000000000, 12.15000000000000036, 2.100000000000000089 ) ) ;
#447 = CARTESIAN_POINT ( 'NONE',  ( -1.249999999999999334, 5.724999999999998757, -1.530808498934190831E-16 ) ) ;
#448 = CARTESIAN_POINT ( 'NONE',  ( -1.969845607676301195E-15, -0.4906249993854842617, -1.162125674203096093 ) ) ;
#449 = LINE ( 'NONE', #3307, #2520 ) ;
#450 = VERTEX_POINT ( 'NONE', #5909 ) ;
#451 = EDGE_CURVE ( 'NONE', #1702, #338, #1233, .T. ) ;
#452 = CARTESIAN_POINT ( 'NONE',  ( -3.195622062045156678E-15, 2.012499999999999289, -1.249999999999999112 ) ) ;
#453 = CARTESIAN_POINT ( 'NONE',  ( -1.249999999999999778, 1.712499999999998801, 0.7216878364870313867 ) ) ;
#454 = DIRECTION ( 'NONE',  ( -0.000000000000000000, -1.000000000000000000, -0.000000000000000000 ) ) ;
#455 = CARTESIAN_POINT ( 'NONE',  ( 0.5032151781249982747, 10.27187500061451253, -0.8715942556523229579 ) ) ;
#456 = CARTESIAN_POINT ( 'NONE',  ( -0.5032151781250009392, 12.59687500061451360, -0.8715942556523212925 ) ) ;
#457 = ORIENTED_EDGE ( 'NONE', *, *, #5054, .T. ) ;
#458 = CARTESIAN_POINT ( 'NONE',  ( 1.006430356249998992, 4.496875000614515727, -0.5810628371015489346 ) ) ;
#459 = CARTESIAN_POINT ( 'NONE',  ( -1.006430356249999658, 10.53437500061451360, 8.587269508238526152E-16 ) ) ;
#460 = CARTESIAN_POINT ( 'NONE',  ( -1.006430356249998992, 7.421875000614513773, 0.5810628371015487126 ) ) ;
#461 = CARTESIAN_POINT ( 'NONE',  ( -1.006430356249999436, 9.971875000614513596, 1.644310252063557226E-15 ) ) ;
#462 = CARTESIAN_POINT ( 'NONE',  ( -0.3349364905389008995, 8.573653811796695834, 1.250000000000000000 ) ) ;
#463 = LINE ( 'NONE', #50, #382 ) ;
#464 = CARTESIAN_POINT ( 'NONE',  ( 1.006430356249999436, 3.896875000614515638, -1.767562423498186358E-15 ) ) ;
#465 = VERTEX_POINT ( 'NONE', #3964 ) ;
#466 = ORIENTED_EDGE ( 'NONE', *, *, #2150, .T. ) ;
#467 = CARTESIAN_POINT ( 'NONE',  ( -1.006430356249999658, 0.6343750006145155718, 8.587269508238524180E-16 ) ) ;
#468 = CARTESIAN_POINT ( 'NONE',  ( 1.006430356249999880, 2.959375000614515638, 0.5810628371015468252 ) ) ;
#469 = CARTESIAN_POINT ( 'NONE',  ( 0.6249999999999997780, 8.274999999999996803, -1.082531754730547746 ) ) ;
#470 = CARTESIAN_POINT ( 'NONE',  ( -2.614599868946037210E-15, 8.818750001229032520, -1.249999999999999334 ) ) ;
#471 = CARTESIAN_POINT ( 'NONE',  ( -1.250000000000000444, 9.793750001229032165, -0.7216878364870296103 ) ) ;
#472 = CARTESIAN_POINT ( 'NONE',  ( 1.006430356249999880, 5.659375000614516260, 0.5810628371015469362 ) ) ;
#473 = CARTESIAN_POINT ( 'NONE',  ( 1.006430356249999658, 6.671875000614515550, 0.5810628371015478244 ) ) ;
#474 = CARTESIAN_POINT ( 'NONE',  ( -1.074999999999998623, 14.50000000000000000, 0.7072540797572888227 ) ) ;
#475 = CARTESIAN_POINT ( 'NONE',  ( -0.3349364905389057290, 4.788846190661366187, -1.249999999999998668 ) ) ;
#476 = LINE ( 'NONE', #34, #3309 ) ;
#477 = CARTESIAN_POINT ( 'NONE',  ( -0.5032151781250009392, -0.9031249993854842950, -0.8715942556523212925 ) ) ;
#478 = EDGE_CURVE ( 'NONE', #678, #2969, #5364, .T. ) ;
#479 = CARTESIAN_POINT ( 'NONE',  ( -0.1884909626031219809, 0.1354008689946288035, 1.055838845302407680 ) ) ;
#480 = VERTEX_POINT ( 'NONE', #1039 ) ;
#481 = LINE ( 'NONE', #5854, #1949 ) ;
#482 = CARTESIAN_POINT ( 'NONE',  ( 1.249999999999999112, 0.5124999999999986233, 0.7216878364870323859 ) ) ;
#483 = FACE_OUTER_BOUND ( 'NONE', #5143, .T. ) ;
#484 = EDGE_CURVE ( 'NONE', #3718, #4803, #1449, .T. ) ;
#485 = CARTESIAN_POINT ( 'NONE',  ( 1.006430356249999436, 9.296875000614514661, -1.767562423498186358E-15 ) ) ;
#486 = CARTESIAN_POINT ( 'NONE',  ( -1.006430356249999880, -0.3031249993854842617, -0.5810628371015476024 ) ) ;
#487 = ORIENTED_EDGE ( 'NONE', *, *, #1330, .T. ) ;
#488 = CARTESIAN_POINT ( 'NONE',  ( 0.5032151781249990519, 4.084375000614516082, -0.8715942556523228468 ) ) ;
#489 = CARTESIAN_POINT ( 'NONE',  ( 1.006430356249998770, 12.59687500061451537, -0.5810628371015489346 ) ) ;
#490 = CARTESIAN_POINT ( 'NONE',  ( -0.5032151781249993849, 8.809375000614515727, 0.8715942556523227358 ) ) ;
#491 = CARTESIAN_POINT ( 'NONE',  ( -1.006430356249999436, 10.42187500061451466, 1.644310252063557226E-15 ) ) ;
#492 = CARTESIAN_POINT ( 'NONE',  ( -1.249999999999999112, 6.587499999999996803, -0.7216878364870322748 ) ) ;
#493 = CARTESIAN_POINT ( 'NONE',  ( -0.3349364905389030089, 9.682596189432333134, -1.249999999999999334 ) ) ;
#494 = CARTESIAN_POINT ( 'NONE',  ( 1.006430356249999436, 1.646875000614515416, -1.767562423498186358E-15 ) ) ;
#495 = CARTESIAN_POINT ( 'NONE',  ( -1.006430356249999214, 10.57187500061451324, 0.5810628371015488236 ) ) ;
#496 = EDGE_LOOP ( 'NONE', ( #2201, #1832, #223, #3434 ) ) ;
#497 = EDGE_LOOP ( 'NONE', ( #3419, #4539, #4047, #4734 ) ) ;
#498 = CARTESIAN_POINT ( 'NONE',  ( 1.006430356249999658, 0.4093750006145155940, -9.819791222584817478E-16 ) ) ;
#499 = CARTESIAN_POINT ( 'NONE',  ( 1.006430356249999436, 2.546875000614515994, -1.767562423498186358E-15 ) ) ;
#500 = CARTESIAN_POINT ( 'NONE',  ( -2.651438096812265438E-16, 8.537499999999996092, 1.443375672974063439 ) ) ;
#501 = CARTESIAN_POINT ( 'NONE',  ( -1.149999999999996803, 14.50000000000000000, 0.6639528095680679032 ) ) ;
#502 = CARTESIAN_POINT ( 'NONE',  ( 1.250000000000000444, 10.01875000122903181, 0.7216878364870298324 ) ) ;
#503 = CARTESIAN_POINT ( 'NONE',  ( -0.5032151781249986078, 5.546875000614514661, 0.8715942556523228468 ) ) ;
#504 = CARTESIAN_POINT ( 'NONE',  ( 0.5032151781249990519, 5.434375000614515727, -0.8715942556523228468 ) ) ;
#505 = CARTESIAN_POINT ( 'NONE',  ( -0.3349364905389030089, 6.982596189432330291, -1.249999999999999334 ) ) ;
#506 = VECTOR ( 'NONE', #4287, 1000.000000000000114 ) ;
#507 = CARTESIAN_POINT ( 'NONE',  ( 2.236935443431609674E-15, 11.74375000122903145, 1.249999999999999556 ) ) ;
#508 = DIRECTION ( 'NONE',  ( 0.6546536707079818607, 0.6546536707079755324, 0.3779644730092218685 ) ) ;
#509 = CARTESIAN_POINT ( 'NONE',  ( -1.000000000000000444, 14.35000000000000497, 0.5773502691896261751 ) ) ;
#510 = EDGE_LOOP ( 'NONE', ( #5945, #3164, #5737, #4868 ) ) ;
#511 = EDGE_CURVE ( 'NONE', #931, #5952, #5606, .T. ) ;
#512 = FACE_OUTER_BOUND ( 'NONE', #6070, .T. ) ;
#513 = CARTESIAN_POINT ( 'NONE',  ( -1.249999999999999334, 2.087499999999998579, -0.7216878364870322748 ) ) ;
#514 = CARTESIAN_POINT ( 'NONE',  ( 0.3349364905389032865, 6.042403810567662958, -1.249999999999999112 ) ) ;
#515 = CARTESIAN_POINT ( 'NONE',  ( -1.006430356249998548, 10.45937500061451253, 0.5810628371015493787 ) ) ;
#516 = CARTESIAN_POINT ( 'NONE',  ( -1.062732146793064886E-15, -0.3781249993854842728, -1.162125674203096537 ) ) ;
#517 =( BOUNDED_CURVE ( )  B_SPLINE_CURVE ( 2, ( #2627, #1154, #2595, #5058, #1064, #4939, #597, #716, #4524 ),
 .UNSPECIFIED., .F., .T. ) 
 B_SPLINE_CURVE_WITH_KNOTS ( ( 3, 2, 2, 2, 3 ),
 ( 0.4435483870967741882, 0.4462365591397849385, 0.4516129032258064391, 0.4569892473118279397, 0.4596774193548386900 ),
 .UNSPECIFIED. ) 
 CURVE ( )  GEOMETRIC_REPRESENTATION_ITEM ( )  RATIONAL_B_SPLINE_CURVE ( ( 0.9330127018922194093, 0.9330127018922194093, 1.000000000000000000, 0.8660254037844387076, 1.000000000000000000, 0.8660254037844387076, 1.000000000000000000, 0.9330127018922194093, 0.9330127018922194093 ) ) 
 REPRESENTATION_ITEM ( '' )  );
#518 = ORIENTED_EDGE ( 'NONE', *, *, #1789, .T. ) ;
#519 = CARTESIAN_POINT ( 'NONE',  ( -1.006430356249999880, 6.446875000614515017, -0.5810628371015474913 ) ) ;
#520 = EDGE_CURVE ( 'NONE', #3473, #5024, #2577, .T. ) ;
#521 = CARTESIAN_POINT ( 'NONE',  ( -1.118404748241983881, 0.2428074363513093026, -0.2228698077455451565 ) ) ;
#522 = CARTESIAN_POINT ( 'NONE',  ( 0.5032151781249999400, 7.084375000614515194, 0.8715942556523221807 ) ) ;
#523 = CARTESIAN_POINT ( 'NONE',  ( 1.006430356249999880, 10.15937500061451360, 0.5810628371015468252 ) ) ;
#524 = CARTESIAN_POINT ( 'NONE',  ( -0.5093240311073192750, 0.3372383747546335853, -1.100005204719383789 ) ) ;
#525 = DIRECTION ( 'NONE',  ( -0.000000000000000000, -1.000000000000000000, -0.000000000000000000 ) ) ;
#526 = CARTESIAN_POINT ( 'NONE',  ( 1.006430356249999436, 2.996875000614515727, -1.767562423498186358E-15 ) ) ;
#527 = CARTESIAN_POINT ( 'NONE',  ( 0.5032151781249999400, 10.68437500061451395, 0.8715942556523221807 ) ) ;
#528 = CARTESIAN_POINT ( 'NONE',  ( -4.938688641342514686E-16, 4.037499999999997868, 1.249999999999999334 ) ) ;
#529 = EDGE_CURVE ( 'NONE', #2262, #1555, #218, .T. ) ;
#530 = ORIENTED_EDGE ( 'NONE', *, *, #3154, .T. ) ;
#531 = ORIENTED_EDGE ( 'NONE', *, *, #2779, .T. ) ;
#532 = CARTESIAN_POINT ( 'NONE',  ( -1.006430356249999880, 0.1468750006145156661, -0.5810628371015476024 ) ) ;
#533 = AXIS2_PLACEMENT_3D ( 'NONE', #6196, #3341, #3438 ) ;
#534 = CARTESIAN_POINT ( 'NONE',  ( -1.006430356250000102, 1.384375000614515683, -0.5810628371015466032 ) ) ;
#535 = CARTESIAN_POINT ( 'NONE',  ( 1.249999999999999556, 9.137499999999997513, -0.7216878364870316087 ) ) ;
#536 = CARTESIAN_POINT ( 'NONE',  ( 7.553288510288552685E-16, 1.618750001229032787, -1.249999999999999334 ) ) ;
#537 = CARTESIAN_POINT ( 'NONE',  ( 1.249999999999999334, 10.05625000122903323, -2.749541545756668106E-15 ) ) ;
#538 = CARTESIAN_POINT ( 'NONE',  ( 0.5032151781250004952, 6.521875000614515194, 0.8715942556523216256 ) ) ;
#539 = CIRCLE ( 'NONE', #5689, 0.1499999999999999667 ) ;
#540 = CARTESIAN_POINT ( 'NONE',  ( 1.006430356249999658, 5.321875000614515017, 0.5810628371015478244 ) ) ;
#541 = CARTESIAN_POINT ( 'NONE',  ( 1.249999999999999334, 9.549999999999998934, 0.000000000000000000 ) ) ;
#542 = CARTESIAN_POINT ( 'NONE',  ( -4.938688641342514686E-16, 4.037499999999997868, 1.249999999999999334 ) ) ;
#543 = DIRECTION ( 'NONE',  ( 0.000000000000000000, 0.000000000000000000, -1.000000000000000000 ) ) ;
#544 = CARTESIAN_POINT ( 'NONE',  ( -0.3349364905389008995, 10.82365381179669583, 1.250000000000000000 ) ) ;
#545 = CARTESIAN_POINT ( 'NONE',  ( -0.3349364905389008995, 2.273653811796698676, 1.250000000000000000 ) ) ;
#546 = ORIENTED_EDGE ( 'NONE', *, *, #3018, .F. ) ;
#547 = LINE ( 'NONE', #2419, #4684 ) ;
#548 = CARTESIAN_POINT ( 'NONE',  ( -1.249999999999999334, 1.674999999999998490, -1.530808498934190831E-16 ) ) ;
#549 = CARTESIAN_POINT ( 'NONE',  ( -1.249999999999999334, 5.331250001229032698, 2.596460695863248776E-15 ) ) ;
#550 = CARTESIAN_POINT ( 'NONE',  ( 2.236935443431609674E-15, 11.29375000122903216, 1.249999999999999556 ) ) ;
#551 = CARTESIAN_POINT ( 'NONE',  ( 1.827526258964323273E-15, 9.634375000614513240, 1.162125674203096093 ) ) ;
#552 = CARTESIAN_POINT ( 'NONE',  ( 1.006430356249999658, 0.3718750006145156162, 0.5810628371015478244 ) ) ;
#553 = ORIENTED_EDGE ( 'NONE', *, *, #4549, .T. ) ;
#554 = CARTESIAN_POINT ( 'NONE',  ( -0.5032151781249993849, 7.009375000614514128, 0.8715942556523227358 ) ) ;
#555 = DIRECTION ( 'NONE',  ( 6.123233995736815340E-17, 0.8660254037844363761, -0.5000000000000038858 ) ) ;
#556 = CARTESIAN_POINT ( 'NONE',  ( 9.204127980810863719E-16, 8.396875000614512530, 1.162125674203096537 ) ) ;
#557 = CARTESIAN_POINT ( 'NONE',  ( 0.6249999999999997780, 1.074999999999998623, -1.082531754730547746 ) ) ;
#558 = CARTESIAN_POINT ( 'NONE',  ( -1.249999999999999334, 0.8312500012290329199, 2.596460695863248776E-15 ) ) ;
#559 = CARTESIAN_POINT ( 'NONE',  ( 0.5032151781250004952, 2.921875000614515550, 0.8715942556523216256 ) ) ;
#560 = CARTESIAN_POINT ( 'NONE',  ( 0.5032151781249990519, 11.28437500061451537, -0.8715942556523228468 ) ) ;
#561 = CARTESIAN_POINT ( 'NONE',  ( 0.6249999999999974465, 3.381250001229032076, -1.082531754730548856 ) ) ;
#562 = EDGE_LOOP ( 'NONE', ( #3122, #2239, #5340, #4789 ) ) ;
#563 = CARTESIAN_POINT ( 'NONE',  ( -1.006430356249999658, -0.2656249993854842839, 8.587269508238524180E-16 ) ) ;
#564 = CARTESIAN_POINT ( 'NONE',  ( -0.5032151781249986078, 5.096875000614515372, 0.8715942556523228468 ) ) ;
#565 = CARTESIAN_POINT ( 'NONE',  ( -1.249999999999999778, 9.362499999999998934, 0.7216878364870313867 ) ) ;
#566 = CARTESIAN_POINT ( 'NONE',  ( 1.249999999999999334, 10.48749999999999716, -0.7216878364870317197 ) ) ;
#567 = CARTESIAN_POINT ( 'NONE',  ( 2.909753293500117656E-15, 8.143750001229031810, 1.443375672974063439 ) ) ;
#568 = EDGE_CURVE ( 'NONE', #4263, #2736, #4927, .T. ) ;
#569 =( BOUNDED_CURVE ( )  B_SPLINE_CURVE ( 2, ( #3805, #820, #3212 ),
 .UNSPECIFIED., .F., .T. ) 
 B_SPLINE_CURVE_WITH_KNOTS ( ( 3, 3 ),
 ( 0.9435483870967742437, 0.9457380331492813985 ),
 .UNSPECIFIED. ) 
 CURVE ( )  GEOMETRIC_REPRESENTATION_ITEM ( )  RATIONAL_B_SPLINE_CURVE ( ( 0.9330127018922194093, 0.9330127018922194093, 0.9774580362816279733 ) ) 
 REPRESENTATION_ITEM ( '' )  );
#570 = CARTESIAN_POINT ( 'NONE',  ( 1.006430356249998770, 8.546875000614514661, -0.5810628371015489346 ) ) ;
#571 = CARTESIAN_POINT ( 'NONE',  ( 0.3349364905389053959, 9.963846190661366009, 1.249999999999998890 ) ) ;
#572 = CARTESIAN_POINT ( 'NONE',  ( -2.472104176088478329E-12, 0.3140625009218929731, -1.171516448314289693 ) ) ;
#573 = DIRECTION ( 'NONE',  ( -0.000000000000000000, -1.000000000000000000, -0.000000000000000000 ) ) ;
#574 = CARTESIAN_POINT ( 'NONE',  ( -0.5032151781250009392, 1.796875000614515550, -0.8715942556523212925 ) ) ;
#575 = CIRCLE ( 'NONE', #773, 2.100000000000000089 ) ;
#576 = CARTESIAN_POINT ( 'NONE',  ( 0.000000000000000000, 12.00000000000000000, 0.000000000000000000 ) ) ;
#577 = ORIENTED_EDGE ( 'NONE', *, *, #2735, .F. ) ;
#578 = CARTESIAN_POINT ( 'NONE',  ( 0.3848788666503268896, 11.99999999999999645, -1.102127625896436980 ) ) ;
#579 = CARTESIAN_POINT ( 'NONE',  ( -1.249999999999999334, 3.024999999999998579, -1.530808498934190831E-16 ) ) ;
#580 = CARTESIAN_POINT ( 'NONE',  ( -1.249999999999999334, 4.881250001229032520, 2.596460695863248776E-15 ) ) ;
#581 = CARTESIAN_POINT ( 'NONE',  ( -0.6250000000000017764, 11.55625000122903145, -1.082531754730546636 ) ) ;
#582 = CARTESIAN_POINT ( 'NONE',  ( 1.006430356249998104, 12.03437500061451537, -0.5810628371015496008 ) ) ;
#583 = ORIENTED_EDGE ( 'NONE', *, *, #2493, .T. ) ;
#584 = CARTESIAN_POINT ( 'NONE',  ( -0.5032151781250003841, 5.509375000614515017, -0.8715942556523218476 ) ) ;
#585 = CARTESIAN_POINT ( 'NONE',  ( -0.6981080339132139656, 0.3663731743529328178, 0.9894012141598075294 ) ) ;
#586 = CARTESIAN_POINT ( 'NONE',  ( 9.204127980810863719E-16, 10.64687500061451608, 1.162125674203096537 ) ) ;
#587 = CARTESIAN_POINT ( 'NONE',  ( 0.3349364905389026204, 0.9075961894323327783, 1.249999999999999556 ) ) ;
#588 = CARTESIAN_POINT ( 'NONE',  ( 0.6249999999999974465, 1.131250001229032742, -1.082531754730548856 ) ) ;
#589 = CARTESIAN_POINT ( 'NONE',  ( 1.006430356249999436, 5.696875000614515017, -1.767562423498186358E-15 ) ) ;
#590 = CARTESIAN_POINT ( 'NONE',  ( -1.249999999999999112, 2.987499999999998490, -0.7216878364870322748 ) ) ;
#591 = CARTESIAN_POINT ( 'NONE',  ( 1.250000000000000444, 3.268750001229032254, 0.7216878364870297213 ) ) ;
#592 = CARTESIAN_POINT ( 'NONE',  ( -0.5032151781249993849, 0.2593750006145156828, 0.8715942556523227358 ) ) ;
#593 = EDGE_CURVE ( 'NONE', #4562, #4765, #2792, .T. ) ;
#594 =( BOUNDED_CURVE ( )  B_SPLINE_CURVE ( 2, ( #3572, #2167, #4514, #172, #1589, #270, #5018, #5427, #674 ),
 .UNSPECIFIED., .F., .F. ) 
 B_SPLINE_CURVE_WITH_KNOTS ( ( 3, 2, 2, 2, 3 ),
 ( 0.1532258064516129059, 0.1559139784946236562, 0.1612903225806451568, 0.1666666666666666574, 0.1693548387096774077 ),
 .UNSPECIFIED. ) 
 CURVE ( )  GEOMETRIC_REPRESENTATION_ITEM ( )  RATIONAL_B_SPLINE_CURVE ( ( 0.9330127018922194093, 0.9330127018922194093, 1.000000000000000000, 0.8660254037844387076, 1.000000000000000000, 0.8660254037844387076, 1.000000000000000000, 0.9330127018922196314, 0.9330127018922192983 ) ) 
 REPRESENTATION_ITEM ( '' )  );
#595 = CARTESIAN_POINT ( 'NONE',  ( 1.006430356249999436, 4.796875000614515550, -1.767562423498186358E-15 ) ) ;
#596 = CARTESIAN_POINT ( 'NONE',  ( -1.249999999999999778, 8.462499999999998579, 0.7216878364870313867 ) ) ;
#597 = CARTESIAN_POINT ( 'NONE',  ( 0.6249999999999997780, 5.574999999999998401, -1.082531754730547746 ) ) ;
#598 = CARTESIAN_POINT ( 'NONE',  ( -1.249999999999999334, 9.381250001229030744, 2.596460695863248776E-15 ) ) ;
#599 = CARTESIAN_POINT ( 'NONE',  ( 9.204127980810867663E-16, 8.396875000614512530, 1.162125674203096537 ) ) ;
#600 = CARTESIAN_POINT ( 'NONE',  ( 1.743066579297358255E-16, 6.962499999999998579, -1.249999999999999112 ) ) ;
#601 = EDGE_CURVE ( 'NONE', #1251, #5482, #5800, .T. ) ;
#602 = CARTESIAN_POINT ( 'NONE',  ( 0.3349364905389005664, 11.49865381179669654, -1.250000000000000000 ) ) ;
#603 = CARTESIAN_POINT ( 'NONE',  ( 7.846973004653627780E-15, 13.40000000000000036, 1.154700538379251906 ) ) ;
#604 = CARTESIAN_POINT ( 'NONE',  ( 0.5032151781249982747, 1.721875000614515372, -0.8715942556523229579 ) ) ;
#605 = CARTESIAN_POINT ( 'NONE',  ( 0.3349364905389036751, 0.5138461906613668306, 1.249999999999999778 ) ) ;
#606 = ORIENTED_EDGE ( 'NONE', *, *, #5321, .F. ) ;
#607 = CARTESIAN_POINT ( 'NONE',  ( 0.5032151781249999400, 2.584375000614515194, 0.8715942556523221807 ) ) ;
#608 = CARTESIAN_POINT ( 'NONE',  ( -0.3349364905389035640, 1.767403810567664602, 1.249999999999999112 ) ) ;
#609 = CARTESIAN_POINT ( 'NONE',  ( -1.249999999999999778, 3.062499999999998668, 0.7216878364870313867 ) ) ;
#610 = CARTESIAN_POINT ( 'NONE',  ( -3.086515833287601756E-15, 4.768750001229032698, -1.443375672974063439 ) ) ;
#611 = CARTESIAN_POINT ( 'NONE',  ( 7.553288510288552685E-16, 1.618750001229032787, -1.249999999999999334 ) ) ;
#612 = CARTESIAN_POINT ( 'NONE',  ( -1.006430356250000324, 12.18437500061451395, -0.5810628371015467142 ) ) ;
#613 = ORIENTED_EDGE ( 'NONE', *, *, #2854, .F. ) ;
#614 = CARTESIAN_POINT ( 'NONE',  ( -0.5032151781249993849, 6.109375000614514661, 0.8715942556523227358 ) ) ;
#615 = CARTESIAN_POINT ( 'NONE',  ( -0.9932604060588117179, 0.3252335032086609568, 0.6506332144616959745 ) ) ;
#616 = CARTESIAN_POINT ( 'NONE',  ( 9.204127980810863719E-16, 9.746875000614513951, 1.162125674203096537 ) ) ;
#617 = CARTESIAN_POINT ( 'NONE',  ( 1.249999999999997780, 2.443750001229032076, -0.7216878364870343843 ) ) ;
#618 = CARTESIAN_POINT ( 'NONE',  ( -1.249999999999998224, -0.03124999877096709677, 0.7216878364870340512 ) ) ;
#619 = CARTESIAN_POINT ( 'NONE',  ( 0.5032151781250004952, 4.271875000614516082, 0.8715942556523216256 ) ) ;
#620 = CARTESIAN_POINT ( 'NONE',  ( 1.006430356249999658, 3.559375000614515283, -9.819791222584817478E-16 ) ) ;
#621 = CARTESIAN_POINT ( 'NONE',  ( -1.969845607676301195E-15, 5.809375000614515727, -1.162125674203096093 ) ) ;
#622 = CARTESIAN_POINT ( 'NONE',  ( 1.249999999999999556, 11.83749999999999680, -0.7216878364870316087 ) ) ;
#623 = DIRECTION ( 'NONE',  ( -0.000000000000000000, -1.000000000000000000, -0.000000000000000000 ) ) ;
#624 = CARTESIAN_POINT ( 'NONE',  ( 2.909753293500117656E-15, 10.84375000122903288, 1.443375672974063439 ) ) ;
#625 = ADVANCED_FACE ( 'NONE', ( #720 ), #6004, .T. ) ;
#626 = CARTESIAN_POINT ( 'NONE',  ( 1.006430356249998770, 8.996875000614513951, -0.5810628371015489346 ) ) ;
#627 = CARTESIAN_POINT ( 'NONE',  ( 2.236935443431609674E-15, 8.593750001229029323, 1.249999999999999556 ) ) ;
#628 = CARTESIAN_POINT ( 'NONE',  ( -0.3349364905389030089, 6.082596189432332601, -1.249999999999999334 ) ) ;
#629 = CARTESIAN_POINT ( 'NONE',  ( 0.6249999999999974465, 8.331250001229031810, -1.082531754730548856 ) ) ;
#630 = CARTESIAN_POINT ( 'NONE',  ( 0.5032151781250004952, 2.471875000614515372, 0.8715942556523216256 ) ) ;
#631 = DIRECTION ( 'NONE',  ( -0.000000000000000000, -1.000000000000000000, -0.000000000000000000 ) ) ;
#632 = ADVANCED_FACE ( 'NONE', ( #3175 ), #4122, .T. ) ;
#633 = ORIENTED_EDGE ( 'NONE', *, *, #1940, .T. ) ;
#634 = CARTESIAN_POINT ( 'NONE',  ( -0.5032151781249993849, 2.059375000614515283, 0.8715942556523227358 ) ) ;
#635 = CARTESIAN_POINT ( 'NONE',  ( 0.000000000000000000, 12.00000000000000000, 0.000000000000000000 ) ) ;
#636 = CARTESIAN_POINT ( 'NONE',  ( -0.6249999999999993339, 3.849999999999998312, -1.082531754730547968 ) ) ;
#637 = CARTESIAN_POINT ( 'NONE',  ( 0.6249999999999974465, 5.181250001229032343, -1.082531754730548856 ) ) ;
#638 = CARTESIAN_POINT ( 'NONE',  ( 0.000000000000000000, 12.00000000000000000, -1.249999999999999334 ) ) ;
#639 = CARTESIAN_POINT ( 'NONE',  ( -0.5032151781250009392, 11.69687500061451502, -0.8715942556523212925 ) ) ;
#640 = ADVANCED_FACE ( 'NONE', ( #2085 ), #2148, .T. ) ;
#641 = ORIENTED_EDGE ( 'NONE', *, *, #11, .T. ) ;
#642 = CARTESIAN_POINT ( 'NONE',  ( 0.5032151781249990519, 6.784375000614515372, -0.8715942556523228468 ) ) ;
#643 = DIRECTION ( 'NONE',  ( 0.8660254037844347108, 0.000000000000000000, -0.5000000000000066613 ) ) ;
#644 = CARTESIAN_POINT ( 'NONE',  ( 1.006430356249998770, 9.896875000614516082, -0.5810628371015489346 ) ) ;
#645 = CARTESIAN_POINT ( 'NONE',  ( 1.249999999999998002, -1.156249998770966902, -0.7216878364870344953 ) ) ;
#646 = CARTESIAN_POINT ( 'NONE',  ( 1.006430356249999436, 4.796875000614515550, -1.767562423498186358E-15 ) ) ;
#647 = CARTESIAN_POINT ( 'NONE',  ( 1.006430356249999880, 9.259375000614513240, 0.5810628371015469362 ) ) ;
#648 = ORIENTED_EDGE ( 'NONE', *, *, #1749, .T. ) ;
#649 = CARTESIAN_POINT ( 'NONE',  ( 0.6250000000000012212, 3.231250001229032165, 1.082531754730547080 ) ) ;
#650 = CARTESIAN_POINT ( 'NONE',  ( 9.204127980810863719E-16, 3.896875000614515638, 1.162125674203096537 ) ) ;
#651 = CARTESIAN_POINT ( 'NONE',  ( -1.006430356249999436, 3.671875000614515105, 1.644310252063557226E-15 ) ) ;
#652 = CARTESIAN_POINT ( 'NONE',  ( -2.651438096812265438E-16, 11.68749999999999822, 1.443375672974063439 ) ) ;
#653 = CARTESIAN_POINT ( 'NONE',  ( 1.743066579297358255E-16, 6.062499999999997335, -1.249999999999999112 ) ) ;
#654 = CARTESIAN_POINT ( 'NONE',  ( -0.6249999999999978906, 12.60625000122903039, 1.082531754730548856 ) ) ;
#655 = CARTESIAN_POINT ( 'NONE',  ( -0.5032151781250003841, 9.109375000614514661, -0.8715942556523218476 ) ) ;
#656 = LINE ( 'NONE', #5498, #4884 ) ;
#657 = CARTESIAN_POINT ( 'NONE',  ( -1.250000000000000444, 3.043750001229033497, -0.7216878364870294993 ) ) ;
#658 = CARTESIAN_POINT ( 'NONE',  ( -0.3349364905389057290, 0.7388461906613672525, -1.249999999999998668 ) ) ;
#659 = CARTESIAN_POINT ( 'NONE',  ( -0.5032151781250009392, 0.4468750006145156273, -0.8715942556523212925 ) ) ;
#660 = DIRECTION ( 'NONE',  ( -0.000000000000000000, -1.000000000000000000, -0.000000000000000000 ) ) ;
#661 = ORIENTED_EDGE ( 'NONE', *, *, #451, .T. ) ;
#662 = CARTESIAN_POINT ( 'NONE',  ( -1.006430356249999658, 1.084375000614515638, 8.587269508238526152E-16 ) ) ;
#663 = CARTESIAN_POINT ( 'NONE',  ( -0.3349364905389057290, 9.288846190661367075, -1.249999999999998668 ) ) ;
#664 = AXIS2_PLACEMENT_3D ( 'NONE', #4478, #1583, #5858 ) ;
#665 = CARTESIAN_POINT ( 'NONE',  ( -1.249999999999999334, 4.337499999999998579, -0.7216878364870322748 ) ) ;
#666 = ADVANCED_FACE ( 'NONE', ( #3553 ), #5469, .T. ) ;
#667 = CARTESIAN_POINT ( 'NONE',  ( 1.827526258964323273E-15, 11.88437500061451502, 1.162125674203096093 ) ) ;
#668 = CARTESIAN_POINT ( 'NONE',  ( -1.249999999999998224, 5.368750001229033231, 0.7216878364870340512 ) ) ;
#669 = CARTESIAN_POINT ( 'NONE',  ( -0.5032151781250009392, 11.24687500061451395, -0.8715942556523212925 ) ) ;
#670 = ORIENTED_EDGE ( 'NONE', *, *, #259, .T. ) ;
#671 = CARTESIAN_POINT ( 'NONE',  ( -1.006430356249999880, 9.146875000614514306, -0.5810628371015474913 ) ) ;
#672 = CARTESIAN_POINT ( 'NONE',  ( -1.006430356249998992, 10.12187500061451395, 0.5810628371015487126 ) ) ;
#673 = EDGE_CURVE ( 'NONE', #1226, #4892, #656, .T. ) ;
#674 = CARTESIAN_POINT ( 'NONE',  ( 7.553288510288552685E-16, 1.168750001229032831, -1.249999999999999334 ) ) ;
#675 = CARTESIAN_POINT ( 'NONE',  ( 0.6249999999999974465, -0.6687499987709670801, -1.082531754730548856 ) ) ;
#676 = CARTESIAN_POINT ( 'NONE',  ( 0.5032151781250004952, 4.721875000614515372, 0.8715942556523216256 ) ) ;
#677 = CARTESIAN_POINT ( 'NONE',  ( 0.5032151781250004952, 7.871875000614513951, 0.8715942556523216256 ) ) ;
#678 = VERTEX_POINT ( 'NONE', #4620 ) ;
#679 = CARTESIAN_POINT ( 'NONE',  ( -0.5032151781250003841, 1.459375000614515638, -0.8715942556523218476 ) ) ;
#680 = TOROIDAL_SURFACE ( 'NONE', #2918, 2.100000000000000089, 0.1499999999999999944 ) ;
#681 = CARTESIAN_POINT ( 'NONE',  ( 1.006430356249999658, 3.071875000614515461, 0.5810628371015478244 ) ) ;
#682 = CARTESIAN_POINT ( 'NONE',  ( 1.006430356249999436, 5.696875000614515017, -1.767562423498186358E-15 ) ) ;
#683 = CARTESIAN_POINT ( 'NONE',  ( 0.6249999999999987788, 11.72499999999999964, 1.082531754730548412 ) ) ;
#684 = CARTESIAN_POINT ( 'NONE',  ( 1.249999999999999334, 3.249999999999998668, 0.000000000000000000 ) ) ;
#685 = CARTESIAN_POINT ( 'NONE',  ( -0.6249999999999978906, 10.80625000122903145, 1.082531754730548856 ) ) ;
#686 = AXIS2_PLACEMENT_3D ( 'NONE', #6222, #5319, #1391 ) ;
#687 = CARTESIAN_POINT ( 'NONE',  ( 1.006430356249999658, 9.859375000614514661, -9.819791222584819450E-16 ) ) ;
#688 = CARTESIAN_POINT ( 'NONE',  ( 1.074999999999997513, 14.50000000000000000, -0.7072540797572894888 ) ) ;
#689 = CARTESIAN_POINT ( 'NONE',  ( 0.6249999999999987788, 0.4749999999999986455, 1.082531754730548412 ) ) ;
#690 = CARTESIAN_POINT ( 'NONE',  ( 1.249999999999999334, 5.049999999999998046, 0.000000000000000000 ) ) ;
#691 = CARTESIAN_POINT ( 'NONE',  ( -0.5032151781250009392, 1.346875000614515594, -0.8715942556523212925 ) ) ;
#692 = DIRECTION ( 'NONE',  ( 0.000000000000000000, 0.000000000000000000, 1.000000000000000000 ) ) ;
#693 = ORIENTED_EDGE ( 'NONE', *, *, #2291, .T. ) ;
#694 = CARTESIAN_POINT ( 'NONE',  ( 0.5032151781249990519, 1.834375000614515416, -0.8715942556523228468 ) ) ;
#695 = CARTESIAN_POINT ( 'NONE',  ( -3.195622062045156678E-15, 2.462499999999998579, -1.249999999999999112 ) ) ;
#696 = CARTESIAN_POINT ( 'NONE',  ( 1.249999999999999556, 3.287499999999998757, -0.7216878364870316087 ) ) ;
#697 = CARTESIAN_POINT ( 'NONE',  ( 0.5032151781249982747, 11.17187500061451466, -0.8715942556523229579 ) ) ;
#698 = CARTESIAN_POINT ( 'NONE',  ( 1.249999999999998002, 7.843750001229031099, -0.7216878364870344953 ) ) ;
#699 = CARTESIAN_POINT ( 'NONE',  ( -0.3349364905389008995, 11.72365381179669974, 1.250000000000000000 ) ) ;
#700 = CARTESIAN_POINT ( 'NONE',  ( -1.249999999999998002, 5.368750001229032343, 0.7216878364870340512 ) ) ;
#701 = ORIENTED_EDGE ( 'NONE', *, *, #1177, .F. ) ;
#702 = EDGE_CURVE ( 'NONE', #2277, #5295, #3108, .T. ) ;
#703 = CARTESIAN_POINT ( 'NONE',  ( 0.5032151781249990519, 7.684375000614514839, -0.8715942556523228468 ) ) ;
#704 = CARTESIAN_POINT ( 'NONE',  ( 0.000000000000000000, 12.00000000000000000, -1.249999999999999334 ) ) ;
#705 = CARTESIAN_POINT ( 'NONE',  ( 0.5032151781249999400, 10.68437500061451395, 0.8715942556523221807 ) ) ;
#706 = CARTESIAN_POINT ( 'NONE',  ( 1.250000000000000444, 2.368750001229032343, 0.7216878364870297213 ) ) ;
#707 = CARTESIAN_POINT ( 'NONE',  ( 1.250000000000000444, 2.818750001229032520, 0.7216878364870298324 ) ) ;
#708 = CARTESIAN_POINT ( 'NONE',  ( -1.006430356249999436, 5.471875000614515372, 1.644310252063557226E-15 ) ) ;
#709 = CARTESIAN_POINT ( 'NONE',  ( 1.006430356249999880, 8.809375000614515727, 0.5810628371015469362 ) ) ;
#710 = ORIENTED_EDGE ( 'NONE', *, *, #5666, .F. ) ;
#711 = ADVANCED_FACE ( 'NONE', ( #4558 ), #2154, .T. ) ;
#712 = CARTESIAN_POINT ( 'NONE',  ( -1.006430356249999658, 0.1843750006145156717, 8.587269508238526152E-16 ) ) ;
#713 = CARTESIAN_POINT ( 'NONE',  ( 9.204127980810863719E-16, 2.096875000614515372, 1.162125674203096537 ) ) ;
#714 = CARTESIAN_POINT ( 'NONE',  ( 1.006430356249999436, 8.396875000614514306, -1.767562423498186358E-15 ) ) ;
#715 = CARTESIAN_POINT ( 'NONE',  ( 1.249999999999999112, 11.31249999999999645, 0.7216878364870323859 ) ) ;
#716 = CARTESIAN_POINT ( 'NONE',  ( 0.3349364905389032865, 5.592403810567664557, -1.249999999999999112 ) ) ;
#717 = CARTESIAN_POINT ( 'NONE',  ( -1.250000000000000444, 12.04375000122903216, -0.7216878364870296103 ) ) ;
#718 = ADVANCED_FACE ( 'NONE', ( #3209 ), #1349, .T. ) ;
#719 = CARTESIAN_POINT ( 'NONE',  ( -1.006430356249999880, 10.49687500061451395, -0.5810628371015476024 ) ) ;
#720 = FACE_OUTER_BOUND ( 'NONE', #1112, .T. ) ;
#721 = CARTESIAN_POINT ( 'NONE',  ( 0.3349364905389032865, 0.6424038105676644905, -1.249999999999999112 ) ) ;
#722 = CARTESIAN_POINT ( 'NONE',  ( -0.3349364905389008995, 0.9236538117966985872, 1.250000000000000000 ) ) ;
#723 = CARTESIAN_POINT ( 'NONE',  ( -1.006430356250000324, 3.634375000614515461, -0.5810628371015467142 ) ) ;
#724 = DIRECTION ( 'NONE',  ( 1.000000000000000000, 0.000000000000000000, 0.000000000000000000 ) ) ;
#725 = ORIENTED_EDGE ( 'NONE', *, *, #4290, .T. ) ;
#726 = CARTESIAN_POINT ( 'NONE',  ( -1.006430356249999658, 2.434375000614515283, 8.587269508238526152E-16 ) ) ;
#727 = CARTESIAN_POINT ( 'NONE',  ( -1.249999999999999112, 1.637499999999998845, -0.7216878364870322748 ) ) ;
#728 = CARTESIAN_POINT ( 'NONE',  ( -1.249999999999999334, 6.624999999999998224, -1.530808498934190831E-16 ) ) ;
#729 = CARTESIAN_POINT ( 'NONE',  ( 1.530808498934190831E-16, 12.00000000000000000, 1.249999999999999334 ) ) ;
#730 = CARTESIAN_POINT ( 'NONE',  ( -3.086515833287601756E-15, 5.668750001229033053, -1.443375672974063439 ) ) ;
#731 = DIRECTION ( 'NONE',  ( -0.8660254037844413721, 0.000000000000000000, -0.4999999999999952816 ) ) ;
#732 = CARTESIAN_POINT ( 'NONE',  ( 2.236935443431609674E-15, 4.543750001229032165, 1.249999999999999556 ) ) ;
#733 = EDGE_LOOP ( 'NONE', ( #1283, #5216, #3925, #3645 ) ) ;
#734 = CARTESIAN_POINT ( 'NONE',  ( 1.006430356249999658, 8.059375000614515727, -9.819791222584819450E-16 ) ) ;
#735 = DIRECTION ( 'NONE',  ( -0.000000000000000000, -1.000000000000000000, -0.000000000000000000 ) ) ;
#736 = CARTESIAN_POINT ( 'NONE',  ( -0.5032151781249993849, 12.40937500061451537, 0.8715942556523227358 ) ) ;
#737 = CARTESIAN_POINT ( 'NONE',  ( -0.7800574255503549548, 0.02812500184355116312, -0.6411534698069789595 ) ) ;
#738 = CARTESIAN_POINT ( 'NONE',  ( 1.250000000000000444, 1.918750001229032831, 0.7216878364870298324 ) ) ;
#739 = CARTESIAN_POINT ( 'NONE',  ( 1.006430356249998104, 7.084375000614515194, -0.5810628371015496008 ) ) ;
#740 = CARTESIAN_POINT ( 'NONE',  ( -1.969845607676301195E-15, 8.959375000614514306, -1.162125674203096093 ) ) ;
#741 = ORIENTED_EDGE ( 'NONE', *, *, #5403, .F. ) ;
#742 = CARTESIAN_POINT ( 'NONE',  ( 1.006430356249998992, 0.4468750006145156273, -0.5810628371015489346 ) ) ;
#743 = CARTESIAN_POINT ( 'NONE',  ( 0.5032151781249990519, 2.734375000614515550, -0.8715942556523228468 ) ) ;
#744 = CARTESIAN_POINT ( 'NONE',  ( -1.006430356249998548, 7.309375000614514839, 0.5810628371015494897 ) ) ;
#745 = ORIENTED_EDGE ( 'NONE', *, *, #1213, .F. ) ;
#746 = CARTESIAN_POINT ( 'NONE',  ( -0.6249999999999993339, 10.59999999999999787, -1.082531754730547968 ) ) ;
#747 = CARTESIAN_POINT ( 'NONE',  ( -0.7142857142857128583, 14.06428571428571850, 0.4123930494211604514 ) ) ;
#748 = CARTESIAN_POINT ( 'NONE',  ( -3.086515833287601756E-15, 10.61875000122903145, -1.443375672974063439 ) ) ;
#749 = ORIENTED_EDGE ( 'NONE', *, *, #4903, .F. ) ;
#750 = CARTESIAN_POINT ( 'NONE',  ( 0.5032151781249999400, 10.68437500061451395, 0.8715942556523221807 ) ) ;
#751 = ORIENTED_EDGE ( 'NONE', *, *, #320, .F. ) ;
#752 = CARTESIAN_POINT ( 'NONE',  ( 0.6250000000000012212, 7.731250001229032165, 1.082531754730547080 ) ) ;
#753 = CARTESIAN_POINT ( 'NONE',  ( -1.006430356250000102, 0.4843750006145156051, -0.5810628371015466032 ) ) ;
#754 = EDGE_CURVE ( 'NONE', #960, #5083, #6119, .T. ) ;
#755 = CARTESIAN_POINT ( 'NONE',  ( 0.3349364905389005664, 3.848653811796698410, -1.250000000000000000 ) ) ;
#756 = CARTESIAN_POINT ( 'NONE',  ( -0.5032151781250009392, 2.696875000614515905, -0.8715942556523212925 ) ) ;
#757 = FACE_OUTER_BOUND ( 'NONE', #100, .T. ) ;
#758 = CARTESIAN_POINT ( 'NONE',  ( -1.062732146793064886E-15, 4.571875000614514128, -1.162125674203096537 ) ) ;
#759 = DIRECTION ( 'NONE',  ( 0.000000000000000000, 1.000000000000000000, 0.000000000000000000 ) ) ;
#760 =( LENGTH_UNIT ( ) NAMED_UNIT ( * ) SI_UNIT ( .MILLI., .METRE. ) );
#761 = CARTESIAN_POINT ( 'NONE',  ( -3.086515833287601756E-15, 6.568750001229032520, -1.443375672974063439 ) ) ;
#762 = CARTESIAN_POINT ( 'NONE',  ( 0.6249999999999997780, 6.474999999999997868, -1.082531754730547746 ) ) ;
#763 = CARTESIAN_POINT ( 'NONE',  ( 3.660439816524452409E-15, 0.09374999999999715505, -1.044318966601192056 ) ) ;
#764 = ORIENTED_EDGE ( 'NONE', *, *, #2509, .T. ) ;
#765 = CARTESIAN_POINT ( 'NONE',  ( 1.006430356249999658, 9.371875000614512174, 0.5810628371015478244 ) ) ;
#766 =( BOUNDED_CURVE ( )  B_SPLINE_CURVE ( 2, ( #4214, #4713, #5129, #2764, #1705, #3239, #5188, #375, #848 ),
 .UNSPECIFIED., .F., .T. ) 
 B_SPLINE_CURVE_WITH_KNOTS ( ( 3, 2, 2, 2, 3 ),
 ( 0.8306451612903226200, 0.8333333333333333703, 0.8387096774193548709, 0.8440860215053763715, 0.8467741935483871218 ),
 .UNSPECIFIED. ) 
 CURVE ( )  GEOMETRIC_REPRESENTATION_ITEM ( )  RATIONAL_B_SPLINE_CURVE ( ( 0.9330127018922194093, 0.9330127018922194093, 1.000000000000000000, 0.8660254037844387076, 1.000000000000000000, 0.8660254037844387076, 1.000000000000000000, 0.9330127018922194093, 0.9330127018922194093 ) ) 
 REPRESENTATION_ITEM ( '' )  );
#767 = CARTESIAN_POINT ( 'NONE',  ( -0.07499999999999788780, 14.50000000000000000, -1.284604348946914998 ) ) ;
#768 = CARTESIAN_POINT ( 'NONE',  ( 0.6249999999999987788, 0.02499999999999865524, 1.082531754730548412 ) ) ;
#769 = CARTESIAN_POINT ( 'NONE',  ( 1.249999999999999334, 10.03749999999999609, -0.7216878364870317197 ) ) ;
#770 = CARTESIAN_POINT ( 'NONE',  ( -0.6249999999999978906, 1.806250001229032565, 1.082531754730548856 ) ) ;
#771 = CARTESIAN_POINT ( 'NONE',  ( -0.5032151781249986078, 6.896875000614514306, 0.8715942556523228468 ) ) ;
#772 = CARTESIAN_POINT ( 'NONE',  ( -0.5032151781249986078, 10.49687500061451395, 0.8715942556523228468 ) ) ;
#773 = AXIS2_PLACEMENT_3D ( 'NONE', #5820, #573, #4440 ) ;
#774 = EDGE_LOOP ( 'NONE', ( #3377, #2671, #5491, #4530 ) ) ;
#775 = CARTESIAN_POINT ( 'NONE',  ( -1.006430356249999880, 1.496875000614515727, -0.5810628371015474913 ) ) ;
#776 = CARTESIAN_POINT ( 'NONE',  ( -0.5032151781249993849, 5.659375000614514484, 0.8715942556523227358 ) ) ;
#777 = CARTESIAN_POINT ( 'NONE',  ( 1.006430356249999880, 7.909375000614515372, 0.5810628371015468252 ) ) ;
#778 = VERTEX_POINT ( 'NONE', #2339 ) ;
#779 = CARTESIAN_POINT ( 'NONE',  ( -0.6249999999999993339, 8.799999999999998934, -1.082531754730547968 ) ) ;
#780 = CARTESIAN_POINT ( 'NONE',  ( 1.743066579297358255E-16, 8.312499999999996447, -1.249999999999999112 ) ) ;
#781 = CARTESIAN_POINT ( 'NONE',  ( -1.006430356249999436, -0.3781249993854842728, 1.644310252063557226E-15 ) ) ;
#782 = AXIS2_PLACEMENT_3D ( 'NONE', #5603, #2242, #4156 ) ;
#783 = EDGE_CURVE ( 'NONE', #6178, #4948, #3238, .T. ) ;
#784 = CARTESIAN_POINT ( 'NONE',  ( 0.5032151781249990519, -0.8656249993854842062, -0.8715942556523228468 ) ) ;
#785 = CARTESIAN_POINT ( 'NONE',  ( 1.006430356249999880, 0.2593750006145156828, 0.5810628371015468252 ) ) ;
#786 = CARTESIAN_POINT ( 'NONE',  ( -2.614599868946037210E-15, 0.7187500012290328755, -1.249999999999999334 ) ) ;
#787 = CARTESIAN_POINT ( 'NONE',  ( -1.006430356249999436, 4.571875000614515905, 1.644310252063557226E-15 ) ) ;
#788 = CONICAL_SURFACE ( 'NONE', #2617, 1.250000000000000000, 0.5235987755983033676 ) ;
#789 = CARTESIAN_POINT ( 'NONE',  ( 0.9999999999999993339, 13.40000000000000036, 0.5773502691896267303 ) ) ;
#790 = VERTEX_POINT ( 'NONE', #2731 ) ;
#791 = EDGE_CURVE ( 'NONE', #373, #191, #4651, .T. ) ;
#792 = CARTESIAN_POINT ( 'NONE',  ( 9.204127980810867663E-16, 4.796875000614515550, 1.162125674203096537 ) ) ;
#793 = CARTESIAN_POINT ( 'NONE',  ( -0.6250000000000017764, 3.906250001229032431, -1.082531754730546636 ) ) ;
#794 = CARTESIAN_POINT ( 'NONE',  ( 0.9999999999999993339, 14.35000000000000497, -0.5773502691896267303 ) ) ;
#795 =( BOUNDED_CURVE ( )  B_SPLINE_CURVE ( 2, ( #2104, #5956, #1116, #2197, #2616, #1084, #4544, #4010, #3065 ),
 .UNSPECIFIED., .F., .F. ) 
 B_SPLINE_CURVE_WITH_KNOTS ( ( 3, 2, 2, 2, 3 ),
 ( 0.4919354838709677491, 0.4946236559139784994, 0.5000000000000000000, 0.5053763440860215006, 0.5080645161290322509 ),
 .UNSPECIFIED. ) 
 CURVE ( )  GEOMETRIC_REPRESENTATION_ITEM ( )  RATIONAL_B_SPLINE_CURVE ( ( 0.9330127018922194093, 0.9330127018922194093, 1.000000000000000000, 0.8660254037844387076, 1.000000000000000000, 0.8660254037844387076, 1.000000000000000000, 0.9330127018922194093, 0.9330127018922194093 ) ) 
 REPRESENTATION_ITEM ( '' )  );
#796 = CARTESIAN_POINT ( 'NONE',  ( -3.086515833287601756E-15, 7.468750001229032875, -1.443375672974063439 ) ) ;
#797 = DIRECTION ( 'NONE',  ( -2.601674134635989577E-15, 0.6546536707079763096, -0.7559289460184551723 ) ) ;
#798 = CARTESIAN_POINT ( 'NONE',  ( 0.3084996068982855388, 11.99999999999999822, 0.9944398121450226391 ) ) ;
#799 = ORIENTED_EDGE ( 'NONE', *, *, #5673, .F. ) ;
#800 = CARTESIAN_POINT ( 'NONE',  ( -1.006430356249999880, 10.04687500061451644, -0.5810628371015474913 ) ) ;
#801 = CARTESIAN_POINT ( 'NONE',  ( -2.614599868946037210E-15, 7.018750001229031810, -1.249999999999999334 ) ) ;
#802 = CARTESIAN_POINT ( 'NONE',  ( -0.5032151781249993849, 12.85937500061451466, 0.8715942556523227358 ) ) ;
#803 = DIRECTION ( 'NONE',  ( -0.000000000000000000, -1.000000000000000000, -0.000000000000000000 ) ) ;
#804 = CARTESIAN_POINT ( 'NONE',  ( 2.909753293500117656E-15, 1.393750001229033142, 1.443375672974063439 ) ) ;
#805 = CARTESIAN_POINT ( 'NONE',  ( 0.5032151781250004952, 6.521875000614515194, 0.8715942556523216256 ) ) ;
#806 = CARTESIAN_POINT ( 'NONE',  ( 1.827526258964323273E-15, 10.98437500061451466, 1.162125674203096093 ) ) ;
#807 = ORIENTED_EDGE ( 'NONE', *, *, #4471, .T. ) ;
#808 =( BOUNDED_CURVE ( )  B_SPLINE_CURVE ( 2, ( #4463, #183, #2115, #2050, #3073, #2660, #6000, #3615, #5466 ),
 .UNSPECIFIED., .F., .T. ) 
 B_SPLINE_CURVE_WITH_KNOTS ( ( 3, 2, 2, 2, 3 ),
 ( 0.7661290322580645018, 0.7688172043010752521, 0.7741935483870967527, 0.7795698924731182533, 0.7822580645161290036 ),
 .UNSPECIFIED. ) 
 CURVE ( )  GEOMETRIC_REPRESENTATION_ITEM ( )  RATIONAL_B_SPLINE_CURVE ( ( 0.9330127018922194093, 0.9330127018922194093, 1.000000000000000000, 0.8660254037844387076, 1.000000000000000000, 0.8660254037844387076, 1.000000000000000000, 0.9330127018922194093, 0.9330127018922194093 ) ) 
 REPRESENTATION_ITEM ( '' )  );
#809 = CARTESIAN_POINT ( 'NONE',  ( -1.006430356249999658, 2.434375000614515283, 8.587269508238526152E-16 ) ) ;
#810 = VECTOR ( 'NONE', #4631, 1000.000000000000000 ) ;
#811 = CARTESIAN_POINT ( 'NONE',  ( 0.5032151781249999400, 6.634375000614515017, 0.8715942556523221807 ) ) ;
#812 = CARTESIAN_POINT ( 'NONE',  ( 1.827526258964323273E-15, 6.484375000614514661, 1.162125674203096093 ) ) ;
#813 = CARTESIAN_POINT ( 'NONE',  ( -1.250000000000000444, 1.243750001229033009, -0.7216878364870294993 ) ) ;
#814 = CARTESIAN_POINT ( 'NONE',  ( 1.530808498934190831E-16, 12.00000000000000000, 1.249999999999999334 ) ) ;
#815 = CARTESIAN_POINT ( 'NONE',  ( 1.006430356249999436, 0.2968750006145156606, -1.767562423498186358E-15 ) ) ;
#816 = VERTEX_POINT ( 'NONE', #438 ) ;
#817 = CARTESIAN_POINT ( 'NONE',  ( 1.743066579297358255E-16, 7.412499999999996980, -1.249999999999999112 ) ) ;
#818 = CARTESIAN_POINT ( 'NONE',  ( 0.5032151781250004952, 0.2218750006145156772, 0.8715942556523216256 ) ) ;
#819 = AXIS2_PLACEMENT_3D ( 'NONE', #446, #1418, #5910 ) ;
#820 = CARTESIAN_POINT ( 'NONE',  ( -0.2728219595378714724, 11.98511931880130277, -1.249999999999998890 ) ) ;
#821 = CARTESIAN_POINT ( 'NONE',  ( 1.006430356249999880, 4.759375000614515905, 0.5810628371015469362 ) ) ;
#822 = ORIENTED_EDGE ( 'NONE', *, *, #859, .T. ) ;
#823 = CARTESIAN_POINT ( 'NONE',  ( 1.006430356249998770, 4.496875000614515727, -0.5810628371015489346 ) ) ;
#824 = CARTESIAN_POINT ( 'NONE',  ( -1.214570951644252217, 12.00000000000000178, -0.06728139338249870816 ) ) ;
#825 = CARTESIAN_POINT ( 'NONE',  ( -4.938688641342514686E-16, 5.387499999999997513, 1.249999999999999334 ) ) ;
#826 = CARTESIAN_POINT ( 'NONE',  ( 1.005296160080523915, 12.00000000000000178, -0.04776706510613754758 ) ) ;
#827 = CARTESIAN_POINT ( 'NONE',  ( 1.530808498934190831E-16, 12.00000000000000000, 1.249999999999999334 ) ) ;
#828 = ORIENTED_EDGE ( 'NONE', *, *, #1789, .F. ) ;
#829 =( BOUNDED_CURVE ( )  B_SPLINE_CURVE ( 2, ( #3750, #1299, #5642, #1805, #1746, #2710, #2741, #5612, #2191 ),
 .UNSPECIFIED., .F., .T. ) 
 B_SPLINE_CURVE_WITH_KNOTS ( ( 3, 2, 2, 2, 3 ),
 ( 0.8951612903225806273, 0.8978494623655913776, 0.9032258064516128782, 0.9086021505376343788, 0.9112903225806451291 ),
 .UNSPECIFIED. ) 
 CURVE ( )  GEOMETRIC_REPRESENTATION_ITEM ( )  RATIONAL_B_SPLINE_CURVE ( ( 0.9330127018922194093, 0.9330127018922194093, 1.000000000000000000, 0.8660254037844387076, 1.000000000000000000, 0.8660254037844387076, 1.000000000000000000, 0.9330127018922194093, 0.9330127018922194093 ) ) 
 REPRESENTATION_ITEM ( '' )  );
#830 = VECTOR ( 'NONE', #5204, 1000.000000000000000 ) ;
#831 =( BOUNDED_CURVE ( )  B_SPLINE_CURVE ( 2, ( #4770, #430, #957, #1055, #5333, #48, #4332, #1977, #3950 ),
 .UNSPECIFIED., .F., .F. ) 
 B_SPLINE_CURVE_WITH_KNOTS ( ( 3, 2, 2, 2, 3 ),
 ( 0.6048387096774193727, 0.6075268817204301230, 0.6129032258064516236, 0.6182795698924731242, 0.6209677419354838745 ),
 .UNSPECIFIED. ) 
 CURVE ( )  GEOMETRIC_REPRESENTATION_ITEM ( )  RATIONAL_B_SPLINE_CURVE ( ( 0.9330127018922194093, 0.9330127018922194093, 1.000000000000000000, 0.8660254037844387076, 1.000000000000000000, 0.8660254037844387076, 1.000000000000000000, 0.9330127018922194093, 0.9330127018922194093 ) ) 
 REPRESENTATION_ITEM ( '' )  );
#832 = DIRECTION ( 'NONE',  ( 1.000000000000000000, -0.000000000000000000, 1.224646799147353207E-16 ) ) ;
#833 = CARTESIAN_POINT ( 'NONE',  ( 0.6249999999999997780, -0.7250000000000011990, -1.082531754730547746 ) ) ;
#834 = DIRECTION ( 'NONE',  ( -0.000000000000000000, -1.000000000000000000, -0.000000000000000000 ) ) ;
#836 = EDGE_CURVE ( 'NONE', #5024, #4836, #2542, .T. ) ;
#835 = CARTESIAN_POINT ( 'NONE',  ( -1.249999999999999334, 2.631250001229032964, 2.596460695863248776E-15 ) ) ;
#837 = CARTESIAN_POINT ( 'NONE',  ( -1.006430356250000324, 7.234375000614515550, -0.5810628371015467142 ) ) ;
#838 = CARTESIAN_POINT ( 'NONE',  ( 1.827526258964323273E-15, 11.88437500061451324, 1.162125674203096093 ) ) ;
#839 = VECTOR ( 'NONE', #4647, 1000.000000000000114 ) ;
#840 = ORIENTED_EDGE ( 'NONE', *, *, #3116, .T. ) ;
#841 = CARTESIAN_POINT ( 'NONE',  ( 0.5032151781249999400, 3.484375000614515105, 0.8715942556523221807 ) ) ;
#842 = CARTESIAN_POINT ( 'NONE',  ( -1.062732146793064491E-15, 6.371875000614515727, -1.162125674203096537 ) ) ;
#843 = CARTESIAN_POINT ( 'NONE',  ( 1.006430356249999436, 6.146875000614516082, -1.767562423498186358E-15 ) ) ;
#844 = CARTESIAN_POINT ( 'NONE',  ( 1.250000000000000444, 5.068750001229031632, 0.7216878364870297213 ) ) ;
#845 = CARTESIAN_POINT ( 'NONE',  ( -4.938688641342514686E-16, 1.337499999999998357, 1.249999999999999334 ) ) ;
#846 = CARTESIAN_POINT ( 'NONE',  ( 1.827526258964323273E-15, 1.084375000614515416, 1.162125674203096093 ) ) ;
#847 = CARTESIAN_POINT ( 'NONE',  ( 1.006430356249999658, -0.5281249993854842950, 0.5810628371015478244 ) ) ;
#848 = CARTESIAN_POINT ( 'NONE',  ( 1.743066579297358255E-16, 11.01249999999999751, -1.249999999999999112 ) ) ;
#849 = CARTESIAN_POINT ( 'NONE',  ( -1.249999999999999778, 6.212499999999998579, 0.7216878364870313867 ) ) ;
#850 = CARTESIAN_POINT ( 'NONE',  ( -1.249999999999999334, 8.031250001229031099, 2.596460695863248776E-15 ) ) ;
#851 = CARTESIAN_POINT ( 'NONE',  ( -0.5032151781250009392, 4.946875000614515017, -0.8715942556523212925 ) ) ;
#852 = CARTESIAN_POINT ( 'NONE',  ( 2.168404344971008868E-16, 14.06428571428572027, -0.8247860988423215689 ) ) ;
#853 = CARTESIAN_POINT ( 'NONE',  ( 1.006430356249998770, 4.946875000614515017, -0.5810628371015489346 ) ) ;
#854 = CARTESIAN_POINT ( 'NONE',  ( 2.236935443431609674E-15, 4.993750001229032343, 1.249999999999999556 ) ) ;
#855 = CARTESIAN_POINT ( 'NONE',  ( -0.3349364905389030089, 9.232596189432332068, -1.249999999999999334 ) ) ;
#856 = CYLINDRICAL_SURFACE ( 'NONE', #6024, 1.249999999999999334 ) ;
#857 = CARTESIAN_POINT ( 'NONE',  ( 1.005296160080523915, 12.00000000000000178, -0.04776706510613754758 ) ) ;
#858 = ORIENTED_EDGE ( 'NONE', *, *, #6185, .F. ) ;
#859 = EDGE_CURVE ( 'NONE', #5549, #480, #1766, .T. ) ;
#860 = CARTESIAN_POINT ( 'NONE',  ( 0.6250000000000012212, 5.481250001229032165, 1.082531754730547080 ) ) ;
#861 = CARTESIAN_POINT ( 'NONE',  ( -1.006430356249999880, 12.29687500061451466, -0.5810628371015476024 ) ) ;
#862 = FACE_OUTER_BOUND ( 'NONE', #1577, .T. ) ;
#863 = CARTESIAN_POINT ( 'NONE',  ( -1.006430356249998548, 7.759375000614515017, 0.5810628371015493787 ) ) ;
#864 = CARTESIAN_POINT ( 'NONE',  ( -1.006430356249998548, 10.90937500061451537, 0.5810628371015493787 ) ) ;
#865 = VERTEX_POINT ( 'NONE', #374 ) ;
#866 = CARTESIAN_POINT ( 'NONE',  ( -1.006430356249999214, 3.821875000614515017, 0.5810628371015488236 ) ) ;
#867 = EDGE_CURVE ( 'NONE', #3112, #2401, #3711, .T. ) ;
#868 = CARTESIAN_POINT ( 'NONE',  ( -1.006430356249998992, 12.37187500061451573, 0.5810628371015487126 ) ) ;
#869 = CARTESIAN_POINT ( 'NONE',  ( -1.062732146793064491E-15, 5.921875000614515550, -1.162125674203096537 ) ) ;
#870 = CARTESIAN_POINT ( 'NONE',  ( 1.827526258964323273E-15, 8.734375000614514661, 1.162125674203096093 ) ) ;
#871 = AXIS2_PLACEMENT_3D ( 'NONE', #5227, #1266, #3813 ) ;
#872 = LINE ( 'NONE', #814, #2285 ) ;
#873 = CARTESIAN_POINT ( 'NONE',  ( 1.006430356249999880, 1.159375000614515372, 0.5810628371015469362 ) ) ;
#874 = EDGE_LOOP ( 'NONE', ( #139, #6231, #3655, #4029 ) ) ;
#875 = CARTESIAN_POINT ( 'NONE',  ( 1.249999999999999112, 7.262499999999997513, 0.7216878364870324969 ) ) ;
#876 = CARTESIAN_POINT ( 'NONE',  ( -1.006430356249999436, 0.07187500061451571054, 1.644310252063557226E-15 ) ) ;
#877 = CARTESIAN_POINT ( 'NONE',  ( -2.651438096812265438E-16, 6.287499999999996980, 1.443375672974063439 ) ) ;
#878 = CARTESIAN_POINT ( 'NONE',  ( -1.249999999999999334, 4.374999999999999112, -1.530808498934190831E-16 ) ) ;
#879 = CARTESIAN_POINT ( 'NONE',  ( -1.006430356249998548, 5.509375000614515905, 0.5810628371015493787 ) ) ;
#880 = EDGE_LOOP ( 'NONE', ( #3484, #2881, #1385, #2267 ) ) ;
#881 = CARTESIAN_POINT ( 'NONE',  ( -1.006430356249999880, 6.896875000614515194, -0.5810628371015476024 ) ) ;
#882 = CARTESIAN_POINT ( 'NONE',  ( 0.000000000000000000, 12.00000000000000000, -1.249999999999999334 ) ) ;
#883 = CARTESIAN_POINT ( 'NONE',  ( -2.614599868946037210E-15, 7.018750001229031810, -1.249999999999999334 ) ) ;
#884 = CARTESIAN_POINT ( 'NONE',  ( -0.5208333128494885278, 11.99999999999999822, -1.136324187996641033 ) ) ;
#885 = CARTESIAN_POINT ( 'NONE',  ( 2.236935443431609674E-15, 10.84375000122902932, 1.249999999999999556 ) ) ;
#886 = CARTESIAN_POINT ( 'NONE',  ( -0.6168296289277325206, 0.1123960926750608019, 0.8612738108086736011 ) ) ;
#887 = VERTEX_POINT ( 'NONE', #4685 ) ;
#888 = CARTESIAN_POINT ( 'NONE',  ( -4.938688641342514686E-16, 1.787499999999998757, 1.249999999999999334 ) ) ;
#889 = CARTESIAN_POINT ( 'NONE',  ( 1.249999999999999334, 0.5499999999999986011, 0.000000000000000000 ) ) ;
#890 = CARTESIAN_POINT ( 'NONE',  ( 0.5032151781250004952, 9.221875000614515372, 0.8715942556523216256 ) ) ;
#891 = CARTESIAN_POINT ( 'NONE',  ( -1.969845607676301195E-15, 11.65937500061451360, -1.162125674203096093 ) ) ;
#892 = ADVANCED_FACE ( 'NONE', ( #5601 ), #5719, .T. ) ;
#893 = ORIENTED_EDGE ( 'NONE', *, *, #137, .F. ) ;
#894 = CARTESIAN_POINT ( 'NONE',  ( -0.5032151781249993849, 3.859375000614515550, 0.8715942556523227358 ) ) ;
#895 = CARTESIAN_POINT ( 'NONE',  ( -1.006430356249999880, 11.39687500061451608, -0.5810628371015476024 ) ) ;
#896 = CARTESIAN_POINT ( 'NONE',  ( 1.006430356249999658, 5.809375000614514839, -9.819791222584817478E-16 ) ) ;
#897 = CARTESIAN_POINT ( 'NONE',  ( -1.006430356250000102, 8.584375000614514306, -0.5810628371015466032 ) ) ;
#898 = CARTESIAN_POINT ( 'NONE',  ( 2.162577587529268681E-16, 13.40000000000000036, -1.154700538379252128 ) ) ;
#899 = CARTESIAN_POINT ( 'NONE',  ( -4.938688641342514686E-16, 7.637499999999997513, 1.249999999999999334 ) ) ;
#900 = CARTESIAN_POINT ( 'NONE',  ( 1.006430356249998104, 3.484375000614515994, -0.5810628371015496008 ) ) ;
#901 = ADVANCED_FACE ( 'NONE', ( #343 ), #2870, .T. ) ;
#902 = ORIENTED_EDGE ( 'NONE', *, *, #1514, .F. ) ;
#903 = CARTESIAN_POINT ( 'NONE',  ( 1.006430356249998770, -0.9031249993854841840, -0.5810628371015489346 ) ) ;
#904 = CARTESIAN_POINT ( 'NONE',  ( -1.969845607676301195E-15, 2.209375000614515638, -1.162125674203096093 ) ) ;
#905 = CARTESIAN_POINT ( 'NONE',  ( -2.651438096812265438E-16, 6.737499999999998934, 1.443375672974063439 ) ) ;
#906 = DIRECTION ( 'NONE',  ( 0.000000000000000000, 0.000000000000000000, -1.000000000000000000 ) ) ;
#907 = CARTESIAN_POINT ( 'NONE',  ( 1.249999999999999334, 6.906250001229032875, -2.749541545756668106E-15 ) ) ;
#908 = CARTESIAN_POINT ( 'NONE',  ( 1.827526258964323273E-15, 6.484375000614515550, 1.162125674203096093 ) ) ;
#909 = VECTOR ( 'NONE', #2250, 1000.000000000000000 ) ;
#910 = ADVANCED_FACE ( 'NONE', ( #3326 ), #4683, .F. ) ;
#911 = CARTESIAN_POINT ( 'NONE',  ( 1.006430356249998770, 7.196875000614515017, -0.5810628371015489346 ) ) ;
#912 = CARTESIAN_POINT ( 'NONE',  ( 1.250000000000000444, 4.168750001229032165, 0.7216878364870297213 ) ) ;
#913 = FACE_OUTER_BOUND ( 'NONE', #496, .T. ) ;
#914 = CARTESIAN_POINT ( 'NONE',  ( 0.3349364905389026204, 2.707596189432332601, 1.249999999999999556 ) ) ;
#915 = CARTESIAN_POINT ( 'NONE',  ( 1.827526258964323273E-15, -0.2656249993854843394, 1.162125674203096093 ) ) ;
#916 = CARTESIAN_POINT ( 'NONE',  ( -2.614599868946037210E-15, 9.718750001229031099, -1.249999999999999334 ) ) ;
#917 = ORIENTED_EDGE ( 'NONE', *, *, #5162, .F. ) ;
#918 = CARTESIAN_POINT ( 'NONE',  ( 1.249999999999999334, 8.237499999999998934, -0.7216878364870317197 ) ) ;
#919 = CARTESIAN_POINT ( 'NONE',  ( 0.6249999999999987788, 1.374999999999998668, 1.082531754730548412 ) ) ;
#920 = CARTESIAN_POINT ( 'NONE',  ( -0.6249999999999993339, 10.59999999999999787, -1.082531754730547968 ) ) ;
#921 = CARTESIAN_POINT ( 'NONE',  ( -0.5032151781249986078, 10.49687500061451395, 0.8715942556523228468 ) ) ;
#922 = CARTESIAN_POINT ( 'NONE',  ( -1.006430356249999880, -0.7531249993854842728, -0.5810628371015476024 ) ) ;
#923 = ORIENTED_EDGE ( 'NONE', *, *, #6122, .T. ) ;
#924 = CARTESIAN_POINT ( 'NONE',  ( 0.5032151781249999400, 2.584375000614515194, 0.8715942556523221807 ) ) ;
#925 = CARTESIAN_POINT ( 'NONE',  ( 1.006430356249998770, 10.79687500061451644, -0.5810628371015489346 ) ) ;
#926 = CARTESIAN_POINT ( 'NONE',  ( -1.062732146793064491E-15, 8.171875000614512885, -1.162125674203096537 ) ) ;
#927 = CARTESIAN_POINT ( 'NONE',  ( 1.006430356249999880, 9.709375000614516082, 0.5810628371015468252 ) ) ;
#928 = CARTESIAN_POINT ( 'NONE',  ( -2.614599868946037210E-15, 2.968750001229032431, -1.249999999999999334 ) ) ;
#929 = DIRECTION ( 'NONE',  ( -0.000000000000000000, -1.000000000000000000, -0.000000000000000000 ) ) ;
#930 = CARTESIAN_POINT ( 'NONE',  ( -1.006430356249999436, 3.221875000614515372, 1.644310252063557226E-15 ) ) ;
#931 = VERTEX_POINT ( 'NONE', #5213 ) ;
#932 = CARTESIAN_POINT ( 'NONE',  ( -0.5032151781250003841, -0.3406249993854842950, -0.8715942556523218476 ) ) ;
#933 = CARTESIAN_POINT ( 'NONE',  ( -1.969845607676301195E-15, 3.109375000614515105, -1.162125674203096093 ) ) ;
#934 = CARTESIAN_POINT ( 'NONE',  ( 1.249999999999999334, 5.049999999999998046, 0.000000000000000000 ) ) ;
#935 = CARTESIAN_POINT ( 'NONE',  ( 1.743066579297358255E-16, 4.712499999999996803, -1.249999999999999112 ) ) ;
#936 = CARTESIAN_POINT ( 'NONE',  ( 0.6249999999999974465, 9.681250001229033231, -1.082531754730548856 ) ) ;
#937 = CARTESIAN_POINT ( 'NONE',  ( -1.006430356249998548, 5.059375000614516615, 0.5810628371015493787 ) ) ;
#938 = CARTESIAN_POINT ( 'NONE',  ( -1.006430356249998992, 5.621875000614516615, 0.5810628371015487126 ) ) ;
#939 = CARTESIAN_POINT ( 'NONE',  ( 0.6249999999999997780, 11.42499999999999716, -1.082531754730547746 ) ) ;
#940 = EDGE_CURVE ( 'NONE', #373, #4977, #3878, .T. ) ;
#941 = CARTESIAN_POINT ( 'NONE',  ( 1.124428336642618653, 0.2249108214392021021, 0.1077924123929030892 ) ) ;
#942 = CARTESIAN_POINT ( 'NONE',  ( -2.614599868946037210E-15, 11.96875000122902932, -1.249999999999999334 ) ) ;
#943 = CARTESIAN_POINT ( 'NONE',  ( 0.7142857142857159669, 13.11428571428571388, 0.4123930494211536235 ) ) ;
#944 = DIRECTION ( 'NONE',  ( -0.3535533905932697341, -0.7071067811865489050, 0.6123724356957954695 ) ) ;
#945 = ORIENTED_EDGE ( 'NONE', *, *, #5731, .F. ) ;
#946 = CARTESIAN_POINT ( 'NONE',  ( -2.614599868946037210E-15, 7.468750001229031987, -1.249999999999999334 ) ) ;
#947 = CARTESIAN_POINT ( 'NONE',  ( -0.6250000000000002220, 1.749999999999998446, 1.082531754730547746 ) ) ;
#948 = LINE ( 'NONE', #4889, #4077 ) ;
#949 = CARTESIAN_POINT ( 'NONE',  ( -0.5032151781250009392, 9.896875000614514306, -0.8715942556523212925 ) ) ;
#950 = CARTESIAN_POINT ( 'NONE',  ( 0.5032151781249982747, 12.52187500061451431, -0.8715942556523229579 ) ) ;
#951 =( BOUNDED_CURVE ( )  B_SPLINE_CURVE ( 2, ( #3079, #658, #4591, #3556, #1606, #5001, #5064, #722, #2600 ),
 .UNSPECIFIED., .F., .T. ) 
 B_SPLINE_CURVE_WITH_KNOTS ( ( 3, 2, 2, 2, 3 ),
 ( 0.1370967741935483764, 0.1397849462365591267, 0.1451612903225806550, 0.1505376344086021556, 0.1532258064516129059 ),
 .UNSPECIFIED. ) 
 CURVE ( )  GEOMETRIC_REPRESENTATION_ITEM ( )  RATIONAL_B_SPLINE_CURVE ( ( 0.9330127018922194093, 0.9330127018922194093, 1.000000000000000000, 0.8660254037844387076, 1.000000000000000000, 0.8660254037844387076, 1.000000000000000000, 0.9330127018922194093, 0.9330127018922194093 ) ) 
 REPRESENTATION_ITEM ( '' )  );
#952 = ORIENTED_EDGE ( 'NONE', *, *, #5196, .T. ) ;
#953 = CARTESIAN_POINT ( 'NONE',  ( -0.5032151781250003841, 3.709375000614515194, -0.8715942556523218476 ) ) ;
#954 = CARTESIAN_POINT ( 'NONE',  ( -0.2980888092605374906, 0.4039167410662213853, 1.195836109121520829 ) ) ;
#955 = CARTESIAN_POINT ( 'NONE',  ( 9.204127980810863719E-16, 7.496875000614514839, 1.162125674203096537 ) ) ;
#956 = CARTESIAN_POINT ( 'NONE',  ( -1.006430356249998548, 9.559375000614513951, 0.5810628371015494897 ) ) ;
#957 = CARTESIAN_POINT ( 'NONE',  ( 0.6250000000000012212, 7.281250001229032875, 1.082531754730547080 ) ) ;
#958 = CARTESIAN_POINT ( 'NONE',  ( -0.3349364905389030089, 7.432596189432331357, -1.249999999999999334 ) ) ;
#959 = CARTESIAN_POINT ( 'NONE',  ( 0.5032151781250004952, 3.821875000614515905, 0.8715942556523216256 ) ) ;
#960 = VERTEX_POINT ( 'NONE', #3765 ) ;
#961 = ORIENTED_EDGE ( 'NONE', *, *, #511, .F. ) ;
#962 = CARTESIAN_POINT ( 'NONE',  ( 1.006430356249998770, 0.4468750006145155718, -0.5810628371015489346 ) ) ;
#963 = CARTESIAN_POINT ( 'NONE',  ( 0.5032151781249982747, 2.171875000614515550, -0.8715942556523229579 ) ) ;
#964 = CARTESIAN_POINT ( 'NONE',  ( -1.249999999999999778, 8.912499999999997868, 0.7216878364870313867 ) ) ;
#965 = CARTESIAN_POINT ( 'NONE',  ( -2.614599868946037210E-15, 11.06875000122903252, -1.249999999999999334 ) ) ;
#966 = CARTESIAN_POINT ( 'NONE',  ( -3.086515833287601756E-15, 10.16875000122903039, -1.443375672974063439 ) ) ;
#967 = CARTESIAN_POINT ( 'NONE',  ( -1.969845607676301195E-15, 6.709375000614515194, -1.162125674203096093 ) ) ;
#968 = EDGE_CURVE ( 'NONE', #2736, #2234, #6233, .T. ) ;
#969 = CARTESIAN_POINT ( 'NONE',  ( -0.5032151781249993849, 6.559375000614515727, 0.8715942556523227358 ) ) ;
#970 = CARTESIAN_POINT ( 'NONE',  ( 0.3349364905389070057, 10.14865381179669868, -1.249999999999996447 ) ) ;
#971 = CARTESIAN_POINT ( 'NONE',  ( -0.3349364905389008995, 4.973653811796697966, 1.250000000000000000 ) ) ;
#972 = FACE_OUTER_BOUND ( 'NONE', #3641, .T. ) ;
#973 = CARTESIAN_POINT ( 'NONE',  ( -1.006430356249999436, -0.3781249993854842728, 1.644310252063557226E-15 ) ) ;
#974 = CARTESIAN_POINT ( 'NONE',  ( 0.000000000000000000, 12.00000000000000000, -1.249999999999999334 ) ) ;
#975 = EDGE_CURVE ( 'NONE', #3112, #6008, #149, .T. ) ;
#976 = EDGE_LOOP ( 'NONE', ( #5862, #5823, #5523, #6032, #1270 ) ) ;
#977 = VECTOR ( 'NONE', #4945, 1000.000000000000000 ) ;
#978 = DIRECTION ( 'NONE',  ( 0.000000000000000000, 0.000000000000000000, -1.000000000000000000 ) ) ;
#979 = CARTESIAN_POINT ( 'NONE',  ( -1.249999999999999334, 1.187499999999998224, -0.7216878364870322748 ) ) ;
#980 = CARTESIAN_POINT ( 'NONE',  ( 1.743066579297358255E-16, 6.062499999999997335, -1.249999999999999112 ) ) ;
#981 = CARTESIAN_POINT ( 'NONE',  ( 1.827526258964323273E-15, 10.53437500061451360, 1.162125674203096093 ) ) ;
#982 = CARTESIAN_POINT ( 'NONE',  ( -1.006430356249999880, 0.1468750006145156661, -0.5810628371015476024 ) ) ;
#983 = CONICAL_SURFACE ( 'NONE', #5541, 1.250000000000000000, 0.5235987755983033676 ) ;
#984 = EDGE_CURVE ( 'NONE', #3718, #1378, #1375, .T. ) ;
#985 = EDGE_LOOP ( 'NONE', ( #2230, #4175 ) ) ;
#986 = CARTESIAN_POINT ( 'NONE',  ( 1.006430356249998992, 5.396875000614515194, -0.5810628371015489346 ) ) ;
#987 = CARTESIAN_POINT ( 'NONE',  ( 2.396954162930941074E-16, 14.50000000000000000, -1.327905619136135584 ) ) ;
#988 = CARTESIAN_POINT ( 'NONE',  ( -1.062732146793064491E-15, 7.271875000614515194, -1.162125674203096537 ) ) ;
#989 = CARTESIAN_POINT ( 'NONE',  ( 1.006430356249999436, 10.64687500061451431, -1.767562423498186358E-15 ) ) ;
#990 = CARTESIAN_POINT ( 'NONE',  ( 1.743066579297358255E-16, 6.512499999999998401, -1.249999999999999112 ) ) ;
#991 = LINE ( 'NONE', #2939, #5033 ) ;
#992 = CARTESIAN_POINT ( 'NONE',  ( 1.827526258964323273E-15, 2.434375000614515283, 1.162125674203096093 ) ) ;
#993 = CARTESIAN_POINT ( 'NONE',  ( 1.006430356249999658, 11.20937500061451608, -9.819791222584819450E-16 ) ) ;
#994 = CARTESIAN_POINT ( 'NONE',  ( 1.743066579297358255E-16, 5.162499999999998757, -1.249999999999999112 ) ) ;
#995 = EDGE_LOOP ( 'NONE', ( #6102, #3866, #1800, #342 ) ) ;
#996 = EDGE_LOOP ( 'NONE', ( #2812, #466, #693, #5985, #4326, #1934, #1018, #3896, #3280, #4954, #6016, #2122, #2369, #5005, #1459, #37, #4774, #5630, #2208, #858, #2687, #4068, #1323, #5067, #799, #4856, #4336, #4869, #1044, #613, #1422, #1825, #5703, #1996, #1502, #2758, #5614, #4602, #6060, #6124, #1761, #3701, #5185, #1814, #1951, #3356, #2543, #5126, #546, #3215, #6145, #1309, #5177, #1493, #6168, #303, #4397 ) ) ;
#997 = CARTESIAN_POINT ( 'NONE',  ( -1.062732146793064491E-15, 0.07187500061451571054, -1.162125674203096537 ) ) ;
#998 = CARTESIAN_POINT ( 'NONE',  ( 1.006430356249999880, 3.409375000614515372, 0.5810628371015468252 ) ) ;
#999 = CARTESIAN_POINT ( 'NONE',  ( 0.6249999999999987788, 7.674999999999998934, 1.082531754730548412 ) ) ;
#1000 = CARTESIAN_POINT ( 'NONE',  ( 1.530808498934190831E-16, 12.00000000000000000, 1.249999999999999334 ) ) ;
#1001 = CARTESIAN_POINT ( 'NONE',  ( -1.249999999999998224, 10.31875000122903430, 0.7216878364870340512 ) ) ;
#1002 = CARTESIAN_POINT ( 'NONE',  ( 1.827526258964323273E-15, 6.034375000614515372, 1.162125674203096093 ) ) ;
#1003 =( BOUNDED_CURVE ( )  B_SPLINE_CURVE ( 2, ( #883, #3721, #3246, #1742, #2738, #5166, #383, #3749, #5576 ),
 .UNSPECIFIED., .F., .F. ) 
 B_SPLINE_CURVE_WITH_KNOTS ( ( 3, 2, 2, 2, 3 ),
 ( 0.5887096774193548709, 0.5913978494623656212, 0.5967741935483871218, 0.6021505376344086224, 0.6048387096774193727 ),
 .UNSPECIFIED. ) 
 CURVE ( )  GEOMETRIC_REPRESENTATION_ITEM ( )  RATIONAL_B_SPLINE_CURVE ( ( 0.9330127018922194093, 0.9330127018922194093, 1.000000000000000000, 0.8660254037844387076, 1.000000000000000000, 0.8660254037844387076, 1.000000000000000000, 0.9330127018922194093, 0.9330127018922194093 ) ) 
 REPRESENTATION_ITEM ( '' )  );
#1004 = CARTESIAN_POINT ( 'NONE',  ( -1.062732146793064886E-15, 5.471875000614515372, -1.162125674203096537 ) ) ;
#1005 = CARTESIAN_POINT ( 'NONE',  ( -0.6250000000000002220, 4.899999999999997691, 1.082531754730547746 ) ) ;
#1006 = CARTESIAN_POINT ( 'NONE',  ( -1.249999999999998002, 4.918750001229033053, 0.7216878364870340512 ) ) ;
#1007 = VECTOR ( 'NONE', #731, 1000.000000000000000 ) ;
#1008 = CARTESIAN_POINT ( 'NONE',  ( -1.249999999999999556, 5.762500000000000178, 0.7216878364870313867 ) ) ;
#1009 = CARTESIAN_POINT ( 'NONE',  ( 0.5032151781249982747, -0.9781249993854842506, -0.8715942556523229579 ) ) ;
#1010 = CARTESIAN_POINT ( 'NONE',  ( 0.000000000000000000, 12.00000000000000000, 0.000000000000000000 ) ) ;
#1011 = ORIENTED_EDGE ( 'NONE', *, *, #3976, .F. ) ;
#1012 = CARTESIAN_POINT ( 'NONE',  ( 1.249999999999999112, 6.812499999999998224, 0.7216878364870324969 ) ) ;
#1013 = CARTESIAN_POINT ( 'NONE',  ( -2.651438096812265438E-16, 2.237499999999998490, 1.443375672974063439 ) ) ;
#1014 = CARTESIAN_POINT ( 'NONE',  ( -1.249999999999998224, 4.918750001229033053, 0.7216878364870340512 ) ) ;
#1015 = CARTESIAN_POINT ( 'NONE',  ( -1.249999999999999334, 10.67499999999999716, -1.530808498934190831E-16 ) ) ;
#1016 = CARTESIAN_POINT ( 'NONE',  ( 1.006430356249999436, 8.846875000614513596, -1.767562423498186358E-15 ) ) ;
#1017 = CARTESIAN_POINT ( 'NONE',  ( -0.5032151781250003841, -0.7906249993854842506, -0.8715942556523218476 ) ) ;
#1018 = ORIENTED_EDGE ( 'NONE', *, *, #2029, .F. ) ;
#1019 = CARTESIAN_POINT ( 'NONE',  ( -1.006430356249999880, 5.096875000614515372, -0.5810628371015474913 ) ) ;
#1020 = CARTESIAN_POINT ( 'NONE',  ( 1.006430356249999658, 12.55937500061451217, -9.819791222584819450E-16 ) ) ;
#1021 = CARTESIAN_POINT ( 'NONE',  ( -1.006430356249999658, 7.834375000614516082, 8.587269508238524180E-16 ) ) ;
#1022 = EDGE_CURVE ( 'NONE', #4918, #4418, #4709, .T. ) ;
#1023 = CARTESIAN_POINT ( 'NONE',  ( -1.000000000000001776, 13.40000000000000036, -0.5773502691896238437 ) ) ;
#1024 = CARTESIAN_POINT ( 'NONE',  ( -0.2566838838682359292, 0.3263870982318359260, -1.178632057888297391 ) ) ;
#1025 = CARTESIAN_POINT ( 'NONE',  ( 0.6250000000000012212, 6.381250001229032520, 1.082531754730547080 ) ) ;
#1026 = CARTESIAN_POINT ( 'NONE',  ( -1.006430356249998548, 2.809375000614515283, 0.5810628371015493787 ) ) ;
#1027 = CARTESIAN_POINT ( 'NONE',  ( -0.5032151781250003841, 11.80937500061451573, -0.8715942556523218476 ) ) ;
#1028 = LINE ( 'NONE', #3451, #4975 ) ;
#1029 = VERTEX_POINT ( 'NONE', #5240 ) ;
#1030 = CARTESIAN_POINT ( 'NONE',  ( 1.006430356249999658, 1.721875000614515594, 0.5810628371015478244 ) ) ;
#1031 = VECTOR ( 'NONE', #4004, 1000.000000000000000 ) ;
#1032 =( BOUNDED_CURVE ( )  B_SPLINE_CURVE ( 2, ( #4989, #2074, #1622, #4573, #5487, #3095, #4072, #5991, #1657 ),
 .UNSPECIFIED., .F., .T. ) 
 B_SPLINE_CURVE_WITH_KNOTS ( ( 3, 2, 2, 2, 3 ),
 ( 0.3790322580645161255, 0.3817204301075268758, 0.3870967741935483764, 0.3924731182795698770, 0.3951612903225806273 ),
 .UNSPECIFIED. ) 
 CURVE ( )  GEOMETRIC_REPRESENTATION_ITEM ( )  RATIONAL_B_SPLINE_CURVE ( ( 0.9330127018922194093, 0.9330127018922194093, 1.000000000000000000, 0.8660254037844387076, 1.000000000000000000, 0.8660254037844387076, 1.000000000000000000, 0.9330127018922194093, 0.9330127018922194093 ) ) 
 REPRESENTATION_ITEM ( '' )  );
#1033 = CARTESIAN_POINT ( 'NONE',  ( 1.827526258964323273E-15, 1.984375000614515328, 1.162125674203096093 ) ) ;
#1034 = CARTESIAN_POINT ( 'NONE',  ( 1.249999999999999556, 8.687499999999996447, -0.7216878364870316087 ) ) ;
#1035 = CARTESIAN_POINT ( 'NONE',  ( -0.6250000000000017764, 9.306250001229033231, -1.082531754730546636 ) ) ;
#1036 = CARTESIAN_POINT ( 'NONE',  ( -0.5032151781249986078, 9.146875000614514306, 0.8715942556523228468 ) ) ;
#1037 = AXIS2_PLACEMENT_3D ( 'NONE', #1222, #2210, #4527 ) ;
#1038 = CARTESIAN_POINT ( 'NONE',  ( -1.062732146793064886E-15, 9.971875000614515372, -1.162125674203096537 ) ) ;
#1039 = CARTESIAN_POINT ( 'NONE',  ( 2.162577587529268681E-16, 14.35000000000000497, -1.154700538379252128 ) ) ;
#1040 = CARTESIAN_POINT ( 'NONE',  ( 7.553288510288552685E-16, 2.068750001229032964, -1.249999999999999334 ) ) ;
#1041 = CARTESIAN_POINT ( 'NONE',  ( 0.000000000000000000, 12.00000000000000000, -1.249999999999999334 ) ) ;
#1042 = CARTESIAN_POINT ( 'NONE',  ( -0.5032151781250009392, 2.246875000614515283, -0.8715942556523212925 ) ) ;
#1043 = LINE ( 'NONE', #2994, #1292 ) ;
#1044 = ORIENTED_EDGE ( 'NONE', *, *, #520, .F. ) ;
#1045 = CARTESIAN_POINT ( 'NONE',  ( 1.249999999999999334, 6.887499999999997513, -0.7216878364870317197 ) ) ;
#1046 = CARTESIAN_POINT ( 'NONE',  ( 1.249999999999999334, 3.249999999999998668, 0.000000000000000000 ) ) ;
#1047 = CARTESIAN_POINT ( 'NONE',  ( 1.249999999999998002, 4.243750001229033231, -0.7216878364870344953 ) ) ;
#1048 = CARTESIAN_POINT ( 'NONE',  ( 1.006430356249999880, 11.50937500061451324, 0.5810628371015469362 ) ) ;
#1049 = CARTESIAN_POINT ( 'NONE',  ( -1.006430356249999436, 12.22187500061451360, 1.644310252063557226E-15 ) ) ;
#1050 = VERTEX_POINT ( 'NONE', #898 ) ;
#1051 = EDGE_CURVE ( 'NONE', #2109, #2997, #831, .T. ) ;
#1052 = CARTESIAN_POINT ( 'NONE',  ( -1.006430356249999880, 7.346875000614516260, -0.5810628371015474913 ) ) ;
#1053 = CARTESIAN_POINT ( 'NONE',  ( -1.250000000000000444, 6.193750001229032520, -0.7216878364870294993 ) ) ;
#1054 = CARTESIAN_POINT ( 'NONE',  ( -1.006430356249998992, 8.321875000614515017, 0.5810628371015487126 ) ) ;
#1055 = CARTESIAN_POINT ( 'NONE',  ( 1.250000000000000444, 7.318750001229032520, 0.7216878364870297213 ) ) ;
#1056 = CARTESIAN_POINT ( 'NONE',  ( -1.249999999999998224, -0.4812499987709670801, 0.7216878364870340512 ) ) ;
#1057 = CARTESIAN_POINT ( 'NONE',  ( -1.006430356250000324, 5.884375000614515017, -0.5810628371015467142 ) ) ;
#1058 = CARTESIAN_POINT ( 'NONE',  ( 1.006430356249998992, 10.34687500061451360, -0.5810628371015489346 ) ) ;
#1059 = EDGE_CURVE ( 'NONE', #865, #1194, #5215, .T. ) ;
#1060 = CARTESIAN_POINT ( 'NONE',  ( -0.3349364905389057290, 3.438846190661366542, -1.249999999999998668 ) ) ;
#1061 = CARTESIAN_POINT ( 'NONE',  ( -1.006430356249999658, 1.084375000614515638, 8.587269508238524180E-16 ) ) ;
#1062 = CARTESIAN_POINT ( 'NONE',  ( -1.006430356249998548, 5.959375000614516971, 0.5810628371015494897 ) ) ;
#1063 = CARTESIAN_POINT ( 'NONE',  ( -0.6249999999999993339, 7.899999999999997691, -1.082531754730547968 ) ) ;
#1064 = CARTESIAN_POINT ( 'NONE',  ( 1.249999999999999334, 5.499999999999998224, 0.000000000000000000 ) ) ;
#1065 = CARTESIAN_POINT ( 'NONE',  ( -0.6250000000000017764, 8.856250001229033941, -1.082531754730546636 ) ) ;
#1066 = CARTESIAN_POINT ( 'NONE',  ( -0.5032151781249993849, 7.909375000614515372, 0.8715942556523227358 ) ) ;
#1067 = CARTESIAN_POINT ( 'NONE',  ( 0.3349364905389026204, 9.457596189432331713, 1.249999999999999556 ) ) ;
#1068 = CARTESIAN_POINT ( 'NONE',  ( 0.3349364905389053959, 11.76384619066136494, 1.249999999999998890 ) ) ;
#1069 = CARTESIAN_POINT ( 'NONE',  ( -1.006430356249999436, 2.321875000614515461, 1.644310252063557226E-15 ) ) ;
#1070 = AXIS2_PLACEMENT_3D ( 'NONE', #2382, #5849, #3367 ) ;
#1071 = CARTESIAN_POINT ( 'NONE',  ( 1.249999999999997780, 0.6437500012290328089, -0.7216878364870343843 ) ) ;
#1072 = ORIENTED_EDGE ( 'NONE', *, *, #4931, .F. ) ;
#1073 = CARTESIAN_POINT ( 'NONE',  ( -1.062732146793064886E-15, 1.421875000614515105, -1.162125674203096537 ) ) ;
#1074 = CARTESIAN_POINT ( 'NONE',  ( -1.249999999999999334, 1.674999999999998490, -1.530808498934190831E-16 ) ) ;
#1075 = CARTESIAN_POINT ( 'NONE',  ( 8.838126989374219771E-17, 2.912499999999998757, -1.443375672974063439 ) ) ;
#1076 = CARTESIAN_POINT ( 'NONE',  ( -1.249999999999998224, 3.568750001229032520, 0.7216878364870340512 ) ) ;
#1077 = CARTESIAN_POINT ( 'NONE',  ( 1.530808498934190831E-16, 12.00000000000000000, 1.249999999999999334 ) ) ;
#1078 = CARTESIAN_POINT ( 'NONE',  ( 0.5032151781249982747, 11.62187500061451395, -0.8715942556523229579 ) ) ;
#1079 = VECTOR ( 'NONE', #2775, 1000.000000000000000 ) ;
#1080 = ORIENTED_EDGE ( 'NONE', *, *, #4465, .F. ) ;
#1081 = CARTESIAN_POINT ( 'NONE',  ( 0.5032151781249990519, 4.984375000614515550, -0.8715942556523228468 ) ) ;
#1082 = CYLINDRICAL_SURFACE ( 'NONE', #1610, 1.249999999999999334 ) ;
#1083 = CARTESIAN_POINT ( 'NONE',  ( -0.5032151781249993849, 11.50937500061451502, 0.8715942556523227358 ) ) ;
#1084 = CARTESIAN_POINT ( 'NONE',  ( -1.249999999999998002, 5.818750001229032520, 0.7216878364870340512 ) ) ;
#1085 = EDGE_CURVE ( 'NONE', #4365, #3600, #2127, .T. ) ;
#1086 = AXIS2_PLACEMENT_3D ( 'NONE', #1933, #4288, #4757 ) ;
#1087 = CARTESIAN_POINT ( 'NONE',  ( -0.6249999999999978906, -0.8937499987709670579, 1.082531754730548856 ) ) ;
#1088 = CARTESIAN_POINT ( 'NONE',  ( -1.969845607676301195E-15, 6.259375000614515905, -1.162125674203096093 ) ) ;
#1089 = CARTESIAN_POINT ( 'NONE',  ( 0.5032151781249999400, 10.23437500061451644, 0.8715942556523221807 ) ) ;
#1090 = CARTESIAN_POINT ( 'NONE',  ( -1.249999999999998002, 3.568750001229032520, 0.7216878364870340512 ) ) ;
#1091 = AXIS2_PLACEMENT_3D ( 'NONE', #3526, #4976, #4500 ) ;
#1092 = CARTESIAN_POINT ( 'NONE',  ( 1.006430356249998770, 3.146875000614516082, -0.5810628371015489346 ) ) ;
#1093 = CARTESIAN_POINT ( 'NONE',  ( -1.006430356249998548, 4.159375000614515372, 0.5810628371015494897 ) ) ;
#1094 = CARTESIAN_POINT ( 'NONE',  ( -0.6250000000000002220, 8.949999999999999289, 1.082531754730547746 ) ) ;
#1095 = CARTESIAN_POINT ( 'NONE',  ( 0.6249999999999987788, 3.174999999999998046, 1.082531754730548412 ) ) ;
#1096 = CARTESIAN_POINT ( 'NONE',  ( -0.6250000000000017764, 12.00625000122903074, -1.082531754730546636 ) ) ;
#1097 = CARTESIAN_POINT ( 'NONE',  ( -0.5032151781250003841, 9.559375000614513951, -0.8715942556523218476 ) ) ;
#1098 = CARTESIAN_POINT ( 'NONE',  ( 0.3349364905389005664, 8.798653811796697255, -1.250000000000000000 ) ) ;
#1099 = CYLINDRICAL_SURFACE ( 'NONE', #5893, 1.249999999999999334 ) ;
#1100 = EDGE_CURVE ( 'NONE', #5384, #3207, #539, .T. ) ;
#1101 = CARTESIAN_POINT ( 'NONE',  ( 1.249999999999999334, 8.256250001229030744, -2.749541545756668106E-15 ) ) ;
#1102 = CARTESIAN_POINT ( 'NONE',  ( 1.006430356249999880, 1.159375000614515372, 0.5810628371015469362 ) ) ;
#1103 = CARTESIAN_POINT ( 'NONE',  ( 0.000000000000000000, 13.25000000000000000, 0.000000000000000000 ) ) ;
#1104 = ORIENTED_EDGE ( 'NONE', *, *, #1296, .T. ) ;
#1105 = AXIS2_PLACEMENT_3D ( 'NONE', #4320, #5354, #2962 ) ;
#1106 = CARTESIAN_POINT ( 'NONE',  ( -1.006430356249999880, 1.946875000614515683, -0.5810628371015476024 ) ) ;
#1107 = CARTESIAN_POINT ( 'NONE',  ( -1.249999999999999556, 2.612499999999998046, 0.7216878364870313867 ) ) ;
#1108 = CARTESIAN_POINT ( 'NONE',  ( 1.249999999999999334, 2.799999999999998490, 0.000000000000000000 ) ) ;
#1109 = CARTESIAN_POINT ( 'NONE',  ( -0.6249999999999978906, 3.606250001229032609, 1.082531754730548856 ) ) ;
#1110 = CARTESIAN_POINT ( 'NONE',  ( -0.3349364905389008995, 4.523653811796698676, 1.250000000000000000 ) ) ;
#1111 = CARTESIAN_POINT ( 'NONE',  ( -1.171557371454131857, 11.99999999999999645, -0.4358363516177629071 ) ) ;
#1112 = EDGE_LOOP ( 'NONE', ( #5792, #3237, #3770, #4509 ) ) ;
#1113 = CARTESIAN_POINT ( 'NONE',  ( 1.006430356249999658, 5.809375000614514839, -9.819791222584819450E-16 ) ) ;
#1114 = LINE ( 'NONE', #2715, #2330 ) ;
#1115 = CARTESIAN_POINT ( 'NONE',  ( -1.006430356249998992, 9.671875000614514661, 0.5810628371015487126 ) ) ;
#1116 = CARTESIAN_POINT ( 'NONE',  ( -0.6250000000000017764, 5.706250001229031810, -1.082531754730546636 ) ) ;
#1117 = CARTESIAN_POINT ( 'NONE',  ( -0.6249999999999978906, -0.4437499987709671023, 1.082531754730548856 ) ) ;
#1118 = CARTESIAN_POINT ( 'NONE',  ( 0.5032151781249982747, 3.971875000614515816, -0.8715942556523229579 ) ) ;
#1119 = CARTESIAN_POINT ( 'NONE',  ( -1.249999999999999556, 3.062499999999997780, 0.7216878364870313867 ) ) ;
#1120 = CARTESIAN_POINT ( 'NONE',  ( -1.249999999999999334, 3.531250001229031987, 2.596460695863248776E-15 ) ) ;
#1121 = CARTESIAN_POINT ( 'NONE',  ( -1.062732146793064491E-15, 2.771875000614515194, -1.162125674203096537 ) ) ;
#1122 = CARTESIAN_POINT ( 'NONE',  ( -0.5032151781249986078, 5.546875000614514661, 0.8715942556523228468 ) ) ;
#1123 = CARTESIAN_POINT ( 'NONE',  ( -1.249999999999999334, 10.67499999999999716, -1.530808498934190831E-16 ) ) ;
#1124 = CARTESIAN_POINT ( 'NONE',  ( -1.249999999999999112, 1.187499999999998224, -0.7216878364870322748 ) ) ;
#1125 = CARTESIAN_POINT ( 'NONE',  ( -0.6250000000000017764, 11.55625000122903145, -1.082531754730546636 ) ) ;
#1126 = EDGE_CURVE ( 'NONE', #2722, #2401, #4078, .T. ) ;
#1127 = CARTESIAN_POINT ( 'NONE',  ( 1.006430356249999658, 8.959375000614514306, -9.819791222584819450E-16 ) ) ;
#1128 = CARTESIAN_POINT ( 'NONE',  ( 0.6249999999999974465, 7.881250001229033408, -1.082531754730548856 ) ) ;
#1129 = CARTESIAN_POINT ( 'NONE',  ( -1.249999999999999556, 6.212499999999998579, 0.7216878364870313867 ) ) ;
#1130 = CARTESIAN_POINT ( 'NONE',  ( -1.249999999999999334, 6.681250001229033231, 2.596460695863248776E-15 ) ) ;
#1131 = CARTESIAN_POINT ( 'NONE',  ( 1.006430356249998104, 0.7843750006145157050, -0.5810628371015496008 ) ) ;
#1132 = DIRECTION ( 'NONE',  ( -0.000000000000000000, 1.000000000000000000, -0.000000000000000000 ) ) ;
#1133 = ORIENTED_EDGE ( 'NONE', *, *, #2580, .F. ) ;
#1134 = EDGE_CURVE ( 'NONE', #960, #4562, #4718, .T. ) ;
#1135 = CARTESIAN_POINT ( 'NONE',  ( -1.062732146793064886E-15, 0.5218750006145156384, -1.162125674203096537 ) ) ;
#1136 = CARTESIAN_POINT ( 'NONE',  ( -0.6250000000000002220, 2.649999999999998135, 1.082531754730547746 ) ) ;
#1137 = CARTESIAN_POINT ( 'NONE',  ( -0.6249999999999993339, 3.399999999999998579, -1.082531754730547968 ) ) ;
#1138 = CARTESIAN_POINT ( 'NONE',  ( -0.5032151781249986078, 11.84687500061451360, 0.8715942556523228468 ) ) ;
#1139 = CARTESIAN_POINT ( 'NONE',  ( -1.250000000000000444, 5.293750001229033053, -0.7216878364870296103 ) ) ;
#1140 = CARTESIAN_POINT ( 'NONE',  ( 6.231346292442433321E-16, 13.25000000000000000, -0.9814954576223628990 ) ) ;
#1141 = CARTESIAN_POINT ( 'NONE',  ( -1.006430356249999436, 11.32187500061451324, 1.644310252063557226E-15 ) ) ;
#1142 = EDGE_LOOP ( 'NONE', ( #5892, #4719, #457, #4633 ) ) ;
#1143 = CARTESIAN_POINT ( 'NONE',  ( -1.006430356249999214, 9.671875000614514661, 0.5810628371015488236 ) ) ;
#1144 = DIRECTION ( 'NONE',  ( -0.3535533905932737309, -0.7071067811865489050, -0.6123724356957930270 ) ) ;
#1145 = CARTESIAN_POINT ( 'NONE',  ( 1.006430356249999658, 10.75937500061451324, -9.819791222584817478E-16 ) ) ;
#1146 = CARTESIAN_POINT ( 'NONE',  ( -1.250000000000000444, -1.006249998770966991, -0.7216878364870296103 ) ) ;
#1147 = CARTESIAN_POINT ( 'NONE',  ( -1.006430356250000324, 4.984375000614515550, -0.5810628371015467142 ) ) ;
#1148 = CARTESIAN_POINT ( 'NONE',  ( -0.5032151781250009392, 8.546875000614514661, -0.8715942556523212925 ) ) ;
#1149 = ORIENTED_EDGE ( 'NONE', *, *, #4969, .F. ) ;
#1150 = CARTESIAN_POINT ( 'NONE',  ( 1.006430356249998992, 1.346875000614515372, -0.5810628371015489346 ) ) ;
#1151 = CARTESIAN_POINT ( 'NONE',  ( 9.204127980810863719E-16, 3.446875000614515905, 1.162125674203096537 ) ) ;
#1152 = CARTESIAN_POINT ( 'NONE',  ( 0.5032151781249982747, 5.321875000614515905, -0.8715942556523229579 ) ) ;
#1153 = CARTESIAN_POINT ( 'NONE',  ( 8.838126989374219771E-17, 11.91249999999999432, -1.443375672974063439 ) ) ;
#1154 = CARTESIAN_POINT ( 'NONE',  ( 0.3349364905389026204, 5.407596189432332778, 1.249999999999999556 ) ) ;
#1155 = CARTESIAN_POINT ( 'NONE',  ( -0.6250000000000017764, 10.65625000122903288, -1.082531754730546636 ) ) ;
#1156 =( BOUNDED_CURVE ( )  B_SPLINE_CURVE ( 2, ( #5537, #2276, #6039, #4656, #2153, #2244, #5605, #2634, #347 ),
 .UNSPECIFIED., .F., .T. ) 
 B_SPLINE_CURVE_WITH_KNOTS ( ( 3, 2, 2, 2, 3 ),
 ( 0.7016129032258064946, 0.7043010752688172449, 0.7096774193548387455, 0.7150537634408602461, 0.7177419354838709964 ),
 .UNSPECIFIED. ) 
 CURVE ( )  GEOMETRIC_REPRESENTATION_ITEM ( )  RATIONAL_B_SPLINE_CURVE ( ( 0.9330127018922194093, 0.9330127018922194093, 1.000000000000000000, 0.8660254037844387076, 1.000000000000000000, 0.8660254037844387076, 1.000000000000000000, 0.9330127018922194093, 0.9330127018922194093 ) ) 
 REPRESENTATION_ITEM ( '' )  );
#1157 = CARTESIAN_POINT ( 'NONE',  ( -1.006430356249999658, 9.634375000614516793, 8.587269508238526152E-16 ) ) ;
#1158 = CARTESIAN_POINT ( 'NONE',  ( 1.250000000000000444, 7.768750001229032698, 0.7216878364870297213 ) ) ;
#1159 = CARTESIAN_POINT ( 'NONE',  ( 0.6249999999999997780, 0.6249999999999985567, -1.082531754730547746 ) ) ;
#1160 = LINE ( 'NONE', #5535, #1887 ) ;
#1161 = CARTESIAN_POINT ( 'NONE',  ( 1.827526258964323273E-15, 1.984375000614515328, 1.162125674203096093 ) ) ;
#1162 = EDGE_CURVE ( 'NONE', #3345, #2698, #2996, .T. ) ;
#1163 = ORIENTED_EDGE ( 'NONE', *, *, #5707, .F. ) ;
#1164 = CARTESIAN_POINT ( 'NONE',  ( -0.5032151781250003841, 1.459375000614515638, -0.8715942556523218476 ) ) ;
#1165 = VECTOR ( 'NONE', #5167, 1000.000000000000000 ) ;
#1166 = CARTESIAN_POINT ( 'NONE',  ( 1.249999999999999112, 2.762499999999998401, 0.7216878364870323859 ) ) ;
#1167 = CARTESIAN_POINT ( 'NONE',  ( 1.249999999999999334, 7.806250001229032343, -2.749541545756668106E-15 ) ) ;
#1168 = CARTESIAN_POINT ( 'NONE',  ( -0.6250000000000002220, 11.64999999999999680, 1.082531754730547746 ) ) ;
#1169 = ADVANCED_FACE ( 'NONE', ( #2876 ), #4862, .T. ) ;
#1170 = CARTESIAN_POINT ( 'NONE',  ( 1.006430356249999880, 12.40937500061451537, 0.5810628371015469362 ) ) ;
#1171 = ORIENTED_EDGE ( 'NONE', *, *, #6156, .T. ) ;
#1172 = CARTESIAN_POINT ( 'NONE',  ( -1.006430356249999214, 8.321875000614515017, 0.5810628371015488236 ) ) ;
#1173 = DIRECTION ( 'NONE',  ( 0.000000000000000000, 0.6546536707079755324, -0.7559289460184558385 ) ) ;
#1174 = CARTESIAN_POINT ( 'NONE',  ( -1.006430356249999658, 9.634375000614516793, 8.587269508238524180E-16 ) ) ;
#1175 = CARTESIAN_POINT ( 'NONE',  ( 2.236935443431609674E-15, 11.74375000122903145, 1.249999999999999556 ) ) ;
#1177 = EDGE_CURVE ( 'NONE', #1776, #6137, #3394, .T. ) ;
#1176 = CARTESIAN_POINT ( 'NONE',  ( 1.249999999999998002, 0.6437500012290329199, -0.7216878364870344953 ) ) ;
#1178 = CARTESIAN_POINT ( 'NONE',  ( 1.006430356249998104, 4.834375000614515194, -0.5810628371015496008 ) ) ;
#1179 = CARTESIAN_POINT ( 'NONE',  ( 1.006430356249998104, 8.884375000614513240, -0.5810628371015496008 ) ) ;
#1180 = ORIENTED_EDGE ( 'NONE', *, *, #4046, .F. ) ;
#1181 = CARTESIAN_POINT ( 'NONE',  ( -0.5032151781250003841, 1.009375000614515683, -0.8715942556523218476 ) ) ;
#1182 = AXIS2_PLACEMENT_3D ( 'NONE', #4215, #313, #1797 ) ;
#1183 = CARTESIAN_POINT ( 'NONE',  ( -1.006430356249998992, 2.021875000614515638, 0.5810628371015487126 ) ) ;
#1184 = CARTESIAN_POINT ( 'NONE',  ( 0.5032151781250004952, 8.321875000614515017, 0.8715942556523216256 ) ) ;
#1185 = CARTESIAN_POINT ( 'NONE',  ( -1.249999999999999334, 10.63749999999999751, -0.7216878364870322748 ) ) ;
#1186 = FACE_OUTER_BOUND ( 'NONE', #2590, .T. ) ;
#1187 = CARTESIAN_POINT ( 'NONE',  ( 1.249999999999999334, 10.95625000122903181, -2.749541545756668106E-15 ) ) ;
#1188 = AXIS2_PLACEMENT_3D ( 'NONE', #2804, #1452, #1839 ) ;
#1189 = CARTESIAN_POINT ( 'NONE',  ( -1.062732146793064886E-15, 12.22187500061451537, -1.162125674203096537 ) ) ;
#1190 = CARTESIAN_POINT ( 'NONE',  ( 1.249999999999997780, 7.843750001229031099, -0.7216878364870343843 ) ) ;
#1191 = DIRECTION ( 'NONE',  ( 0.000000000000000000, 0.000000000000000000, -1.000000000000000000 ) ) ;
#1192 = DIRECTION ( 'NONE',  ( -0.000000000000000000, -1.000000000000000000, -0.000000000000000000 ) ) ;
#1193 = CARTESIAN_POINT ( 'NONE',  ( -1.006430356249998548, 3.259375000614515461, 0.5810628371015493787 ) ) ;
#1194 = VERTEX_POINT ( 'NONE', #5927 ) ;
#1195 = CARTESIAN_POINT ( 'NONE',  ( 1.006430356249999658, 1.309375000614515505, -9.819791222584819450E-16 ) ) ;
#1196 = CARTESIAN_POINT ( 'NONE',  ( -1.249999999999999112, 2.537499999999998312, -0.7216878364870322748 ) ) ;
#1197 = CARTESIAN_POINT ( 'NONE',  ( 0.6249999999999997780, 5.574999999999998401, -1.082531754730547746 ) ) ;
#1198 = CARTESIAN_POINT ( 'NONE',  ( -3.086515833287601756E-15, 7.918750001229032165, -1.443375672974063439 ) ) ;
#1199 = CARTESIAN_POINT ( 'NONE',  ( 0.6249999999999974465, 6.081250001229032698, -1.082531754730548856 ) ) ;
#1200 = DIRECTION ( 'NONE',  ( -0.000000000000000000, -1.000000000000000000, -0.000000000000000000 ) ) ;
#1201 = VERTEX_POINT ( 'NONE', #1175 ) ;
#1202 = CARTESIAN_POINT ( 'NONE',  ( 1.006430356249999658, 8.021875000614516082, 0.5810628371015478244 ) ) ;
#1203 =( BOUNDED_CURVE ( )  B_SPLINE_CURVE ( 2, ( #3370, #2447, #2863, #1361, #2894, #2835, #3432, #3337, #3877 ),
 .UNSPECIFIED., .F., .T. ) 
 B_SPLINE_CURVE_WITH_KNOTS ( ( 3, 2, 2, 2, 3 ),
 ( 0.5725806451612903691, 0.5752688172043011194, 0.5806451612903226200, 0.5860215053763441206, 0.5887096774193548709 ),
 .UNSPECIFIED. ) 
 CURVE ( )  GEOMETRIC_REPRESENTATION_ITEM ( )  RATIONAL_B_SPLINE_CURVE ( ( 0.9330127018922194093, 0.9330127018922194093, 1.000000000000000000, 0.8660254037844387076, 1.000000000000000000, 0.8660254037844387076, 1.000000000000000000, 0.9330127018922194093, 0.9330127018922194093 ) ) 
 REPRESENTATION_ITEM ( '' )  );
#1204 = DIRECTION ( 'NONE',  ( 0.000000000000000000, 0.000000000000000000, -1.000000000000000000 ) ) ;
#1205 = CARTESIAN_POINT ( 'NONE',  ( -1.062732146793064491E-15, 12.67187500061451466, -1.162125674203096537 ) ) ;
#1206 = CARTESIAN_POINT ( 'NONE',  ( -0.5375874847082566799, 0.02812500184330998451, -0.8546257061284857626 ) ) ;
#1207 = VECTOR ( 'NONE', #4511, 1000.000000000000000 ) ;
#1208 = CARTESIAN_POINT ( 'NONE',  ( -0.6249999999999978906, 2.706250001229032698, 1.082531754730548856 ) ) ;
#1209 = CARTESIAN_POINT ( 'NONE',  ( 0.5032151781249982747, 6.671875000614515550, -0.8715942556523229579 ) ) ;
#1210 = CARTESIAN_POINT ( 'NONE',  ( 0.5032151781249982747, 8.921875000614514661, -0.8715942556523229579 ) ) ;
#1211 = ORIENTED_EDGE ( 'NONE', *, *, #2690, .T. ) ;
#1212 = CARTESIAN_POINT ( 'NONE',  ( -1.006430356249999214, 2.471875000614515372, 0.5810628371015488236 ) ) ;
#1213 = EDGE_CURVE ( 'NONE', #2448, #3112, #594, .T. ) ;
#1214 = CARTESIAN_POINT ( 'NONE',  ( 0.5032151781249999400, 3.934375000614515727, 0.8715942556523221807 ) ) ;
#1215 = CARTESIAN_POINT ( 'NONE',  ( 0.5032151781250004952, 6.071875000614515017, 0.8715942556523216256 ) ) ;
#1216 = CARTESIAN_POINT ( 'NONE',  ( -1.249999999999999334, 12.02499999999999680, -1.530808498934190831E-16 ) ) ;
#1217 = CARTESIAN_POINT ( 'NONE',  ( 2.236935443431609674E-15, 9.043750001229030389, 1.249999999999999556 ) ) ;
#1218 = CARTESIAN_POINT ( 'NONE',  ( 1.250000000000000444, 10.91875000122903216, 0.7216878364870298324 ) ) ;
#1219 = VERTEX_POINT ( 'NONE', #3508 ) ;
#1220 = AXIS2_PLACEMENT_3D ( 'NONE', #4192, #1357, #3275 ) ;
#1221 = CARTESIAN_POINT ( 'NONE',  ( -0.5032151781249993849, 11.50937500061451502, 0.8715942556523227358 ) ) ;
#1222 = CARTESIAN_POINT ( 'NONE',  ( 0.000000000000000000, 12.00000000000000000, 0.000000000000000000 ) ) ;
#1223 = CARTESIAN_POINT ( 'NONE',  ( -0.5032151781250009392, 0.4468750006145156273, -0.8715942556523212925 ) ) ;
#1224 = DIRECTION ( 'NONE',  ( 0.000000000000000000, 0.000000000000000000, 1.000000000000000000 ) ) ;
#1225 = CARTESIAN_POINT ( 'NONE',  ( -1.006430356249999436, 4.121875000614515727, 1.644310252063557226E-15 ) ) ;
#1226 = VERTEX_POINT ( 'NONE', #2556 ) ;
#1227 = CARTESIAN_POINT ( 'NONE',  ( 9.204127980810867663E-16, 4.346875000614515372, 1.162125674203096537 ) ) ;
#1228 = FACE_OUTER_BOUND ( 'NONE', #2424, .T. ) ;
#1229 = CARTESIAN_POINT ( 'NONE',  ( 1.249999999999999556, 5.087499999999998579, -0.7216878364870316087 ) ) ;
#1230 =( BOUNDED_CURVE ( )  B_SPLINE_CURVE ( 2, ( #2837, #2223, #3339, #2355, #3223, #918, #4635, #297, #4168 ),
 .UNSPECIFIED., .F., .F. ) 
 B_SPLINE_CURVE_WITH_KNOTS ( ( 3, 2, 2, 2, 3 ),
 ( 0.6370967741935483764, 0.6397849462365591267, 0.6451612903225806273, 0.6505376344086021279, 0.6532258064516128782 ),
 .UNSPECIFIED. ) 
 CURVE ( )  GEOMETRIC_REPRESENTATION_ITEM ( )  RATIONAL_B_SPLINE_CURVE ( ( 0.9330127018922194093, 0.9330127018922194093, 1.000000000000000000, 0.8660254037844387076, 1.000000000000000000, 0.8660254037844387076, 1.000000000000000000, 0.9330127018922194093, 0.9330127018922194093 ) ) 
 REPRESENTATION_ITEM ( '' )  );
#1231 = FILL_AREA_STYLE ('',( #6012 ) ) ;
#1232 = AXIS2_PLACEMENT_3D ( 'NONE', #5324, #2421, #5292 ) ;
#1233 =( BOUNDED_CURVE ( )  B_SPLINE_CURVE ( 2, ( #3459, #3429, #3905, #4344, #2443, #2953, #2890, #4436, #5787 ),
 .UNSPECIFIED., .F., .T. ) 
 B_SPLINE_CURVE_WITH_KNOTS ( ( 3, 2, 2, 2, 3 ),
 ( 0.6048387096774193727, 0.6075268817204301230, 0.6129032258064516236, 0.6182795698924731242, 0.6209677419354838745 ),
 .UNSPECIFIED. ) 
 CURVE ( )  GEOMETRIC_REPRESENTATION_ITEM ( )  RATIONAL_B_SPLINE_CURVE ( ( 0.9330127018922194093, 0.9330127018922194093, 1.000000000000000000, 0.8660254037844387076, 1.000000000000000000, 0.8660254037844387076, 1.000000000000000000, 0.9330127018922194093, 0.9330127018922194093 ) ) 
 REPRESENTATION_ITEM ( '' )  );
#1234 = CARTESIAN_POINT ( 'NONE',  ( -1.250000000000000444, 6.643750001229032698, -0.7216878364870296103 ) ) ;
#1235 = CARTESIAN_POINT ( 'NONE',  ( -4.938688641342514686E-16, 5.387499999999997513, 1.249999999999999334 ) ) ;
#1236 = CARTESIAN_POINT ( 'NONE',  ( -4.938688641342514686E-16, 11.23749999999999893, 1.249999999999999334 ) ) ;
#1237 = ORIENTED_EDGE ( 'NONE', *, *, #2743, .T. ) ;
#1238 = PRODUCT_RELATED_PRODUCT_CATEGORY ( 'part', '', ( #4139 ) ) ;
#1239 = CARTESIAN_POINT ( 'NONE',  ( 1.006430356249999658, 8.959375000614514306, -9.819791222584819450E-16 ) ) ;
#1240 = AXIS2_PLACEMENT_3D ( 'NONE', #1893, #5187, #2793 ) ;
#1241 = FACE_OUTER_BOUND ( 'NONE', #1784, .T. ) ;
#1242 = CARTESIAN_POINT ( 'NONE',  ( -1.249999999999999778, -0.5375000000000013101, 0.7216878364870313867 ) ) ;
#1243 = CARTESIAN_POINT ( 'NONE',  ( 0.6250000000000012212, 1.881250001229032520, 1.082531754730547080 ) ) ;
#1244 = CARTESIAN_POINT ( 'NONE',  ( 1.006430356249998104, 6.634375000614515905, -0.5810628371015496008 ) ) ;
#1245 = CARTESIAN_POINT ( 'NONE',  ( -1.006430356250000324, 7.684375000614514839, -0.5810628371015467142 ) ) ;
#1246 = EDGE_CURVE ( 'NONE', #4226, #1921, #2648, .T. ) ;
#1247 = ORIENTED_EDGE ( 'NONE', *, *, #3748, .F. ) ;
#1248 = CARTESIAN_POINT ( 'NONE',  ( -1.006430356249999880, 1.946875000614515683, -0.5810628371015474913 ) ) ;
#1249 = CARTESIAN_POINT ( 'NONE',  ( -1.062732146793064491E-15, 5.471875000614515372, -1.162125674203096537 ) ) ;
#1250 = CARTESIAN_POINT ( 'NONE',  ( 0.5032151781250004952, 7.871875000614513951, 0.8715942556523216256 ) ) ;
#1251 = VERTEX_POINT ( 'NONE', #3539 ) ;
#1252 = CARTESIAN_POINT ( 'NONE',  ( 1.249999999999999334, 10.44999999999999751, 0.000000000000000000 ) ) ;
#1253 = CARTESIAN_POINT ( 'NONE',  ( -4.938688641342514686E-16, 3.587499999999998135, 1.249999999999999334 ) ) ;
#1254 = CARTESIAN_POINT ( 'NONE',  ( -0.5032151781249986078, 1.496875000614515505, 0.8715942556523228468 ) ) ;
#1255 = EDGE_CURVE ( 'NONE', #5514, #5151, #795, .T. ) ;
#1256 = ORIENTED_EDGE ( 'NONE', *, *, #5846, .F. ) ;
#1257 = CARTESIAN_POINT ( 'NONE',  ( -1.006430356249998992, -0.6781249993854843172, 0.5810628371015487126 ) ) ;
#1258 = CARTESIAN_POINT ( 'NONE',  ( 1.006430356249999880, 0.7093750006145155274, 0.5810628371015468252 ) ) ;
#1259 = CARTESIAN_POINT ( 'NONE',  ( -0.6250000000000002220, 4.449999999999998401, 1.082531754730547746 ) ) ;
#1260 = CARTESIAN_POINT ( 'NONE',  ( -1.969845607676301195E-15, 4.459375000614515194, -1.162125674203096093 ) ) ;
#1261 = CARTESIAN_POINT ( 'NONE',  ( -0.6249999999999978906, 2.706250001229032698, 1.082531754730548856 ) ) ;
#1262 = ORIENTED_EDGE ( 'NONE', *, *, #4618, .T. ) ;
#1263 = CARTESIAN_POINT ( 'NONE',  ( -1.006430356249999880, 4.196875000614515905, -0.5810628371015476024 ) ) ;
#1264 = DIRECTION ( 'NONE',  ( 0.000000000000000000, 0.000000000000000000, 1.000000000000000000 ) ) ;
#1265 = APPLICATION_CONTEXT ( 'automotive_design' ) ;
#1266 = DIRECTION ( 'NONE',  ( 0.7071067811865460184, 0.7071067811865490160, 0.000000000000000000 ) ) ;
#1267 = CARTESIAN_POINT ( 'NONE',  ( 2.909753293500117656E-15, 6.343750001229031987, 1.443375672974063439 ) ) ;
#1268 = CARTESIAN_POINT ( 'NONE',  ( 1.249999999999999112, 1.412499999999998312, 0.7216878364870324969 ) ) ;
#1269 = CARTESIAN_POINT ( 'NONE',  ( -0.3349364905389030089, 11.03259618943233278, -1.249999999999999334 ) ) ;
#1270 = ORIENTED_EDGE ( 'NONE', *, *, #1645, .F. ) ;
#1271 = CARTESIAN_POINT ( 'NONE',  ( 9.204127980810867663E-16, 7.496875000614514839, 1.162125674203096537 ) ) ;
#1272 = CARTESIAN_POINT ( 'NONE',  ( -0.6249999999999978906, 7.656250001229031099, 1.082531754730548856 ) ) ;
#1273 = CARTESIAN_POINT ( 'NONE',  ( -1.062732146793064491E-15, 11.77187500061451253, -1.162125674203096537 ) ) ;
#1274 = DIRECTION ( 'NONE',  ( -0.6546536707079765316, 0.6546536707079755324, 0.3779644730092310279 ) ) ;
#1275 = CARTESIAN_POINT ( 'NONE',  ( -1.249999999999999334, 2.181250001229032343, 2.596460695863248776E-15 ) ) ;
#1276 = CARTESIAN_POINT ( 'NONE',  ( -1.006430356249999436, 7.721875000614516260, 1.644310252063557226E-15 ) ) ;
#1277 = CARTESIAN_POINT ( 'NONE',  ( 1.006430356249999436, 11.09687500061451360, -1.767562423498186358E-15 ) ) ;
#1278 = ORIENTED_EDGE ( 'NONE', *, *, #1100, .T. ) ;
#1279 = CARTESIAN_POINT ( 'NONE',  ( -1.062732146793064886E-15, 0.5218750006145156384, -1.162125674203096537 ) ) ;
#1280 = CARTESIAN_POINT ( 'NONE',  ( -1.006430356249999658, 6.484375000614514661, 8.587269508238524180E-16 ) ) ;
#1281 = EDGE_CURVE ( 'NONE', #1718, #4704, #1032, .T. ) ;
#1282 = CARTESIAN_POINT ( 'NONE',  ( 1.006430356249998326, 6.184375000614513951, -0.5810628371015497118 ) ) ;
#1283 = ORIENTED_EDGE ( 'NONE', *, *, #2779, .F. ) ;
#1284 = CARTESIAN_POINT ( 'NONE',  ( -1.249999999999999334, 8.874999999999998224, -1.530808498934190831E-16 ) ) ;
#1285 = CARTESIAN_POINT ( 'NONE',  ( -0.3349364905389008995, 9.023653811796696900, 1.250000000000000000 ) ) ;
#1286 = CARTESIAN_POINT ( 'NONE',  ( -1.006430356249999436, -0.8281249993854842284, 1.644310252063557226E-15 ) ) ;
#1287 = AXIS2_PLACEMENT_3D ( 'NONE', #5375, #5966, #3016 ) ;
#1288 = CARTESIAN_POINT ( 'NONE',  ( -0.5032151781249993849, -0.6406249993854843394, 0.8715942556523227358 ) ) ;
#1289 = CARTESIAN_POINT ( 'NONE',  ( 1.006430356249998326, 1.234375000614515328, -0.5810628371015497118 ) ) ;
#1290 = PLANE ( 'NONE',  #5135 ) ;
#1291 = CARTESIAN_POINT ( 'NONE',  ( -1.969845607676301195E-15, 4.009375000614515905, -1.162125674203096093 ) ) ;
#1292 = VECTOR ( 'NONE', #6123, 1000.000000000000000 ) ;
#1293 = VERTEX_POINT ( 'NONE', #3605 ) ;
#1294 = CARTESIAN_POINT ( 'NONE',  ( -1.006430356249998992, 4.271875000614514306, 0.5810628371015487126 ) ) ;
#1295 = CARTESIAN_POINT ( 'NONE',  ( -1.249999999999998002, 10.31875000122903430, 0.7216878364870340512 ) ) ;
#1296 = EDGE_CURVE ( 'NONE', #6137, #3371, #5518, .T. ) ;
#1297 = CARTESIAN_POINT ( 'NONE',  ( -2.614599868946037210E-15, 3.868750001229031898, -1.249999999999999334 ) ) ;
#1298 = FACE_OUTER_BOUND ( 'NONE', #3250, .T. ) ;
#1299 = CARTESIAN_POINT ( 'NONE',  ( 0.3349364905389026204, 11.70759618943233349, 1.249999999999999556 ) ) ;
#1300 = CARTESIAN_POINT ( 'NONE',  ( -1.249999999999999556, 11.16249999999999964, 0.7216878364870313867 ) ) ;
#1301 = ORIENTED_EDGE ( 'NONE', *, *, #1365, .F. ) ;
#1302 = CARTESIAN_POINT ( 'NONE',  ( -0.5032151781250003841, 10.00937500061451679, -0.8715942556523218476 ) ) ;
#1303 = CARTESIAN_POINT ( 'NONE',  ( 1.249999999999997780, 10.54375000122903216, -0.7216878364870343843 ) ) ;
#1304 = CARTESIAN_POINT ( 'NONE',  ( -0.5032151781250003841, 11.80937500061451573, -0.8715942556523218476 ) ) ;
#1305 = CARTESIAN_POINT ( 'NONE',  ( -0.8266280255368944063, 0.02812500184355131230, -0.5740977002030890342 ) ) ;
#1306 = CARTESIAN_POINT ( 'NONE',  ( 1.249999999999999334, 1.956250001229032698, -2.749541545756668106E-15 ) ) ;
#1307 = CARTESIAN_POINT ( 'NONE',  ( -0.5032151781249986078, 7.796875000614514661, 0.8715942556523228468 ) ) ;
#1308 = CARTESIAN_POINT ( 'NONE',  ( 1.006430356249999436, 10.19687500061451502, -1.767562423498186358E-15 ) ) ;
#1309 = ORIENTED_EDGE ( 'NONE', *, *, #2743, .F. ) ;
#1310 = CARTESIAN_POINT ( 'NONE',  ( 0.5032151781249990519, 3.184375000614515283, -0.8715942556523228468 ) ) ;
#1311 = VECTOR ( 'NONE', #508, 1000.000000000000000 ) ;
#1312 = CARTESIAN_POINT ( 'NONE',  ( 1.006430356249999658, 6.709375000614515194, -9.819791222584817478E-16 ) ) ;
#1313 = CARTESIAN_POINT ( 'NONE',  ( 1.006430356249998326, 7.984375000614513773, -0.5810628371015497118 ) ) ;
#1314 = CARTESIAN_POINT ( 'NONE',  ( -0.6249999999999993339, 12.39999999999999858, -1.082531754730547968 ) ) ;
#1315 = CARTESIAN_POINT ( 'NONE',  ( 0.000000000000000000, 14.34999999999999964, -2.250000000000000000 ) ) ;
#1316 = CARTESIAN_POINT ( 'NONE',  ( -1.006430356249999436, 0.9718750006145157050, 1.644310252063557226E-15 ) ) ;
#1317 = VERTEX_POINT ( 'NONE', #1560 ) ;
#1318 = ORIENTED_EDGE ( 'NONE', *, *, #5243, .T. ) ;
#1319 = CARTESIAN_POINT ( 'NONE',  ( 0.5032151781249982747, 0.3718750006145156162, -0.8715942556523229579 ) ) ;
#1320 = DIRECTION ( 'NONE',  ( -0.000000000000000000, -1.000000000000000000, -0.000000000000000000 ) ) ;
#1321 = CARTESIAN_POINT ( 'NONE',  ( 1.006430356249998104, 4.384375000614515905, -0.5810628371015496008 ) ) ;
#1322 = EDGE_CURVE ( 'NONE', #4892, #1453, #393, .T. ) ;
#1323 = ORIENTED_EDGE ( 'NONE', *, *, #400, .F. ) ;
#1324 = CARTESIAN_POINT ( 'NONE',  ( 1.006430356249999658, 3.521875000614515194, 0.5810628371015478244 ) ) ;
#1325 = CARTESIAN_POINT ( 'NONE',  ( -0.6249999999999978906, 10.35625000122903216, 1.082531754730548856 ) ) ;
#1326 = DIRECTION ( 'NONE',  ( 0.000000000000000000, 0.000000000000000000, -1.000000000000000000 ) ) ;
#1327 = CYLINDRICAL_SURFACE ( 'NONE', #2398, 1.249999999999999334 ) ;
#1328 = CARTESIAN_POINT ( 'NONE',  ( 0.3349364905389026204, 1.357596189432332734, 1.249999999999999556 ) ) ;
#1329 = CARTESIAN_POINT ( 'NONE',  ( -1.249999999999999334, 11.12499999999999645, -1.530808498934190831E-16 ) ) ;
#1330 = EDGE_CURVE ( 'NONE', #3800, #1439, #2090, .T. ) ;
#1331 = ORIENTED_EDGE ( 'NONE', *, *, #5278, .T. ) ;
#1332 = CARTESIAN_POINT ( 'NONE',  ( 2.236935443431609674E-15, 10.39375000122903003, 1.249999999999999556 ) ) ;
#1333 = CARTESIAN_POINT ( 'NONE',  ( 0.5032151781249990519, 12.63437500061451502, -0.8715942556523228468 ) ) ;
#1334 = CYLINDRICAL_SURFACE ( 'NONE', #228, 1.249999999999999334 ) ;
#1335 = CARTESIAN_POINT ( 'NONE',  ( 1.827526258964323273E-15, 7.384375000614515017, 1.162125674203096093 ) ) ;
#1336 = CARTESIAN_POINT ( 'NONE',  ( -1.006430356249998548, 10.45937500061451253, 0.5810628371015493787 ) ) ;
#1337 = AXIS2_PLACEMENT_3D ( 'NONE', #3183, #4251, #6157 ) ;
#1338 = ORIENTED_EDGE ( 'NONE', *, *, #1322, .T. ) ;
#1339 = CARTESIAN_POINT ( 'NONE',  ( 0.5032151781249999400, 3.034375000614514928, 0.8715942556523221807 ) ) ;
#1340 = CARTESIAN_POINT ( 'NONE',  ( -1.062732146793064886E-15, 10.42187500061451644, -1.162125674203096537 ) ) ;
#1341 = CARTESIAN_POINT ( 'NONE',  ( 1.006430356249999658, 4.421875000614515550, 0.5810628371015478244 ) ) ;
#1342 = CARTESIAN_POINT ( 'NONE',  ( 1.006430356249999880, 9.259375000614513240, 0.5810628371015468252 ) ) ;
#1343 = CARTESIAN_POINT ( 'NONE',  ( -1.249999999999999778, 12.51249999999999929, 0.7216878364870313867 ) ) ;
#1344 = AXIS2_PLACEMENT_3D ( 'NONE', #2599, #3965, #2631 ) ;
#1345 = CARTESIAN_POINT ( 'NONE',  ( 1.530808498934190831E-16, 12.00000000000000000, 1.249999999999999334 ) ) ;
#1346 = CARTESIAN_POINT ( 'NONE',  ( -0.5032151781250009392, -0.003124999385484272807, -0.8715942556523212925 ) ) ;
#1347 = ORIENTED_EDGE ( 'NONE', *, *, #1059, .F. ) ;
#1348 = ORIENTED_EDGE ( 'NONE', *, *, #2385, .F. ) ;
#1349 = CYLINDRICAL_SURFACE ( 'NONE', #436, 1.249999999999999334 ) ;
#1350 = CYLINDRICAL_SURFACE ( 'NONE', #4585, 1.249999999999999334 ) ;
#1351 = CARTESIAN_POINT ( 'NONE',  ( -1.249999999999999778, 5.762500000000000178, 0.7216878364870313867 ) ) ;
#1352 = CARTESIAN_POINT ( 'NONE',  ( -0.3349364905389030089, 4.282596189432331890, -1.249999999999999334 ) ) ;
#1353 = CARTESIAN_POINT ( 'NONE',  ( 1.827526258964323273E-15, 5.134375000614515017, 1.162125674203096093 ) ) ;
#1354 = EDGE_LOOP ( 'NONE', ( #4697, #764, #6056, #3801 ) ) ;
#1355 = CARTESIAN_POINT ( 'NONE',  ( 0.5032151781249999400, 3.034375000614514928, 0.8715942556523221807 ) ) ;
#1356 = CARTESIAN_POINT ( 'NONE',  ( 7.553288510288552685E-16, 2.068750001229032964, -1.249999999999999334 ) ) ;
#1357 = DIRECTION ( 'NONE',  ( 0.000000000000000000, 1.000000000000000000, 0.000000000000000000 ) ) ;
#1358 = ADVANCED_FACE ( 'NONE', ( #3283 ), #1334, .T. ) ;
#1359 = CARTESIAN_POINT ( 'NONE',  ( -0.3349364905389025648, 0.4736538117966985761, 1.249999999999999112 ) ) ;
#1360 = CARTESIAN_POINT ( 'NONE',  ( 0.3349364905389026204, 6.307596189432333134, 1.249999999999999556 ) ) ;
#1361 = CARTESIAN_POINT ( 'NONE',  ( 1.250000000000000444, 6.868750001229031454, 0.7216878364870297213 ) ) ;
#1362 = ORIENTED_EDGE ( 'NONE', *, *, #3075, .F. ) ;
#1363 = CARTESIAN_POINT ( 'NONE',  ( 1.530808498934190831E-16, 12.00000000000000000, 1.249999999999999334 ) ) ;
#1364 = CARTESIAN_POINT ( 'NONE',  ( 8.838126989374219771E-17, 2.462499999999998135, -1.443375672974063439 ) ) ;
#1365 = EDGE_CURVE ( 'NONE', #1609, #404, #4201, .T. ) ;
#1366 = CARTESIAN_POINT ( 'NONE',  ( 6.420295233745270867E-15, 3.137499999999999289, 1.249999999999999334 ) ) ;
#1367 = CARTESIAN_POINT ( 'NONE',  ( 0.5032151781250004952, 10.57187500061451324, 0.8715942556523216256 ) ) ;
#1368 = CARTESIAN_POINT ( 'NONE',  ( 1.006430356249998104, 11.58437500061451608, -0.5810628371015496008 ) ) ;
#1369 = VERTEX_POINT ( 'NONE', #359 ) ;
#1370 = CARTESIAN_POINT ( 'NONE',  ( -1.006430356249999658, 4.684375000614515727, 8.587269508238526152E-16 ) ) ;
#1371 = CARTESIAN_POINT ( 'NONE',  ( 9.204127980810867663E-16, 10.64687500061451608, 1.162125674203096537 ) ) ;
#1372 = CARTESIAN_POINT ( 'NONE',  ( -1.006430356249999658, 5.584375000614515194, 8.587269508238524180E-16 ) ) ;
#1373 = EDGE_CURVE ( 'NONE', #2513, #4226, #5111, .T. ) ;
#1374 = CARTESIAN_POINT ( 'NONE',  ( 1.006430356249999436, 9.746875000614513951, -1.767562423498186358E-15 ) ) ;
#1375 = LINE ( 'NONE', #2817, #3180 ) ;
#1376 = DIRECTION ( 'NONE',  ( -0.000000000000000000, -1.000000000000000000, -0.000000000000000000 ) ) ;
#1377 = CARTESIAN_POINT ( 'NONE',  ( -1.969845607676301195E-15, -0.4906249993854842617, -1.162125674203096093 ) ) ;
#1378 = VERTEX_POINT ( 'NONE', #1723 ) ;
#1379 = ORIENTED_EDGE ( 'NONE', *, *, #593, .T. ) ;
#1380 = CARTESIAN_POINT ( 'NONE',  ( 1.827526258964323273E-15, 3.334375000614516082, 1.162125674203096093 ) ) ;
#1381 = CARTESIAN_POINT ( 'NONE',  ( -0.6249999999999993339, 6.999999999999998224, -1.082531754730547968 ) ) ;
#1382 = CARTESIAN_POINT ( 'NONE',  ( -0.6250000000000017764, 1.656250001229032653, -1.082531754730546636 ) ) ;
#1383 = CARTESIAN_POINT ( 'NONE',  ( -0.6250000000000017764, 5.706250001229031810, -1.082531754730546636 ) ) ;
#1384 = CARTESIAN_POINT ( 'NONE',  ( -0.5032151781249986078, 5.996875000614514839, 0.8715942556523228468 ) ) ;
#1385 = ORIENTED_EDGE ( 'NONE', *, *, #1645, .T. ) ;
#1386 = CARTESIAN_POINT ( 'NONE',  ( 9.204127980810867663E-16, 6.146875000614514306, 1.162125674203096537 ) ) ;
#1387 = CARTESIAN_POINT ( 'NONE',  ( 1.743066579297358255E-16, 11.46249999999999680, -1.249999999999999112 ) ) ;
#1388 = LINE ( 'NONE', #3334, #4865 ) ;
#1389 = CARTESIAN_POINT ( 'NONE',  ( 0.000000000000000000, 12.00000000000000000, 0.000000000000000000 ) ) ;
#1390 = CARTESIAN_POINT ( 'NONE',  ( 0.6249999999999997780, 2.424999999999998490, -1.082531754730547746 ) ) ;
#1391 = DIRECTION ( 'NONE',  ( 0.000000000000000000, 0.000000000000000000, -1.000000000000000000 ) ) ;
#1392 = ORIENTED_EDGE ( 'NONE', *, *, #6192, .T. ) ;
#1393 = CARTESIAN_POINT ( 'NONE',  ( 1.249999999999999334, 1.937499999999998446, -0.7216878364870317197 ) ) ;
#1394 = CARTESIAN_POINT ( 'NONE',  ( -0.6250000000000002220, 1.299999999999998712, 1.082531754730547746 ) ) ;
#1395 = CYLINDRICAL_SURFACE ( 'NONE', #2457, 1.249999999999999334 ) ;
#1396 = CARTESIAN_POINT ( 'NONE',  ( -1.006430356249999436, 9.521875000614514306, 1.644310252063557226E-15 ) ) ;
#1397 = CARTESIAN_POINT ( 'NONE',  ( -1.006430356250000324, 10.83437500061451608, -0.5810628371015467142 ) ) ;
#1398 =( BOUNDED_SURFACE ( )  B_SPLINE_SURFACE ( 1, 2, ( 
 ( #4485, #645, #5428, #5992, #203, #1146, #4515, #3096, #1087, #3066, #2011, #3541, #5488, #5019, #675, #1658, #3037, #4990, #4454, #1056, #1117, #3509, #2494, #3573, #3008, #5519, #5899, #113, #4932, #1561, #2106, #618, #4011, #2043, #5458, #3983, #4424, #3606, #2618, #5868, #2136, #4959, #2557, #173, #5928, #144, #2075, #3951, #4545, #1176, #1623, #4043, #1591, #3128, #558, #4073, #2587, #84, #5958, #1530, #3480, #5399, #588, #2526, #1724, #6107, #4172, #2198, #3193, #804, #6021, #4672, #5555, #1754, #3697, #2750, #330, #6081, #1781, #2226, #770, #1690, #1243, #738, #1306, #5619, #4574, #5049, #4607, #5649, #1275, #2259, #5588, #3636, #300, #4142, #6052, #3254, #5174, #5112, #2684, #3669, #835, #3226, #1208, #5148, #2719, #707, #2649, #271, #3161, #4638, #237, #4202, #3730, #2168, #4109, #5079, #3532, #3029, #2034, #5449, #73, #2000, #3437, #4506, #3974, #1076, #1109, #5889, #2608, #3087, #4034, #3058, #5949, #1552, #5918, #4888, #135, #2095, #1615, #3565, #4536, #3500, #1581, #1047, #3942, #4003, #105, #5356, #166, #5856, #2128, #2517, #3000, #1519, #4447, #4982, #5419, #610, #4921, #2066, #580, #1014, #195, #5479, #2483, #5010, #4952, #2548, #637, #4476, #2578, #1139, #549, #668, #4065, #5982, #2965, #4414, #3469, #5388, #3806, #730, #1383, #3149, #4663, #2740, #2376, #2190, #1681, #6044, #3330, #1745, #4599, #3185, #410, #4567, #4278, #3626, #3689, #1267, #2343, #6183, #6074, #5250, #4163, #761, #229, #1234, #5072, #4779, #3218, #3118, #3597, #2676, #907, #5611, #1865, #3661, #2160, #293, #263, #4132, #2856, #442, #5579, #1715, #5104, #4309, #5139, #796, #2709, #5722, #5041, #2218, #4630, #1649, #5510, #5546, #1167, #698, #2641, #1198, #4101, #6013, #6213, #4809, #2504, #567, #1988, #3489, #4371, #1539, #27, #1957, #5878, #4841, #3392, #3902, #2472, #5408, #92, #2534, #6245, #2987, #1507, #2948, #1065, #1414, #3361, #5280, #3017, #4874, #4940, #5844, #4341, #1927, #5815, #5783, #1035, #3961, #598, #1897, #3840, #3871, #5752, #2407, #4402, #5345, #936, #2886, #1446, #471, #2440, #5310, #1476, #3424, #4434, #502, #537, #3456, #3930, #966, #4910, #2916, #5376, #1001, #60, #2020, #5907, #2051, #3616, #3046, #5938, #748, #1155, #3105, #1570, #5029, #685, #624, #1633, #1218, #1187, #5059, #4054, #5530, #2177, #4968, #2565, #3550, #5437, #6001, #1600, #5467, #3583, #2628, #4555, #213, #1125, #3074, #4464, #2146, #4118, #4525, #4494, #4086, #153, #3172, #4997, #3137, #1096, #717, #1667, #3519, #5564, #2661, #4584, #247, #6031, #1699, #2083, #3648, #4021, #5091, #121, #3990, #654 ),
 ( #2596, #184, #2116, #5967, #5496, #3799, #1286, #5183, #310, #3205, #3265, #5629, #4617, #5686, #5123, #1377, #1764, #2237, #781, #3708, #4238, #2761, #6117, #4182, #5658, #6091, #282, #5717, #1346, #1733, #4270, #3235, #5156, #2300, #1790, #4682, #815, #6063, #4742, #3323, #3767, #6144, #341, #5242, #2695, #402, #2270, #2335, #4211, #3294, #5214, #2207, #3740, #2730, #1316, #6177, #2791, #846, #4711, #873, #5598, #2819, #4649, #371, #1822, #1857, #4152, #3679, #1254, #3416, #18, #5745, #494, #2400, #3952, #2463, #2368, #2848, #4334, #4425, #5335, #5369, #2909, #3832, #5806, #5775, #3862, #2012, #5869, #4833, #6239, #1919, #1531, #992, #2940, #4802, #1889, #4864, #1436, #1405, #3481, #4900, #4394, #1026, #2432, #2977, #559, #4362, #526, #3384, #1948, #5836, #3352, #3449, #930, #51, #1979, #3922, #1499, #2495, #85, #900, #3893, #5272, #1466, #5302, #4772, #432, #4302, #6207, #959, #2878, #464, #3607, #1118, #2044, #4044, #4012, #2076, #238, #2169, #3067, #619, #145, #6022, #3574, #1624, #3038, #114, #5489, #2558, #3984, #4110, #3129, #676, #5520, #646, #1178, #5050, #4991, #5929, #1147, #2588, #1592, #3097, #5900, #1562, #5400, #204, #3542, #4516, #5021, #5459, #4575, #708, #5993, #2619, #1659, #174, #4546, #589, #2107, #4074, #2650, #1691, #1057, #5959, #2137, #4960, #3510, #3009, #4933, #2527, #4455, #5429, #1088, #4486, #3194, #4143, #2720, #5175, #3698, #805, #5113, #331, #1244, #1209, #391, #360, #2685, #5205, #301, #771, #3255, #2751, #5620, #4173, #739, #5677, #2325, #4702, #837, #2228, #4731, #3638, #1335, #4639, #3285, #6082, #2289, #4229, #4261, #1755, #3670, #1276, #863, #1307, #4608, #2260, #4203, #2781, #3227, #5589, #3162, #6135, #6166, #5149, #5556, #1725, #5080, #2199, #1811, #3758, #5650, #2810, #4674, #272, #6108, #1782, #6054, #3731, #5262, #1910, #4351, #1016, #1970, #4416, #1879, #4853, #3406, #4823, #2967, #3314, #5233, #890, #4890, #485, #5359, #1457, #6197, #3821, #3853, #1396, #2931, #5827, #551, #1491, #2485, #5735, #3439, #4293, #8, #949, #1846, #3790, #3342, #2840, #4324, #5708, #5764, #1426, #4385, #455, #2422, #5325, #3883, #423, #515, #921, #981, #1367, #4763, #2868, #2358, #4793, #2452, #2390, #6228, #3375, #1938, #5796, #5293, #41, #3913, #2900, #3534, #3120, #3089, #669, #5920, #1141, #4067, #4923, #2519, #5421, #1048, #1617, #1554, #1078, #5451, #639, #4508, #4984, #3502, #3031, #75, #2581, #5984, #138, #582, #168, #107, #5043, #612, #5481, #3002, #5013, #2097, #3471, #1170, #3567, #4036, #5951, #4953, #2610, #4449, #4538, #1651, #3599 ) ),
 .UNSPECIFIED., .F., .F., .T. ) 
 B_SPLINE_SURFACE_WITH_KNOTS ( ( 2, 2 ),
 ( 3, 2, 2, 2, 2, 2, 2, 2, 2, 2, 2, 2, 2, 2, 2, 2, 2, 2, 2, 2, 2, 2, 2, 2, 2, 2, 2, 2, 2, 2, 2, 2, 2, 2, 2, 2, 2, 2, 2, 2, 2, 2, 2, 2, 2, 2, 2, 2, 2, 2, 2, 2, 2, 2, 2, 2, 2, 2, 2, 2, 2, 2, 2, 2, 2, 2, 2, 2, 2, 2, 2, 2, 2, 2, 2, 2, 2, 2, 2, 2, 2, 2, 2, 2, 2, 2, 2, 2, 2, 2, 2, 2, 2, 2, 2, 2, 2, 2, 2, 2, 2, 2, 2, 2, 2, 2, 2, 2, 2, 2, 2, 2, 2, 2, 2, 2, 2, 2, 2, 2, 2, 2, 2, 2, 2, 2, 2, 2, 2, 2, 2, 2, 2, 2, 2, 2, 2, 2, 2, 2, 2, 2, 2, 2, 2, 2, 2, 2, 2, 2, 2, 2, 2, 2, 2, 2, 2, 2, 2, 2, 2, 2, 2, 2, 2, 2, 2, 2, 2, 2, 2, 2, 2, 2, 2, 2, 2, 2, 2, 2, 2, 2, 2, 2, 3 ),
 ( 0.000000000000000000, 1.000000000000000000 ),
 ( 0.000000000000000000, 0.005376344086021505805, 0.01075268817204301161, 0.01612903225806451568, 0.02150537634408602322, 0.02688172043010752729, 0.03225806451612903136, 0.03763440860215053890, 0.04301075268817204644, 0.04838709677419354704, 0.05376344086021505458, 0.05913978494623656212, 0.06451612903225806273, 0.06989247311827956333, 0.07526881720430107781, 0.08064516129032257841, 0.08602150537634409289, 0.09139784946236559349, 0.09677419354838709409, 0.1021505376344086086, 0.1075268817204301092, 0.1129032258064516098, 0.1182795698924731242, 0.1236559139784946248, 0.1290322580645161255, 0.1344086021505376261, 0.1397849462365591267, 0.1451612903225806550, 0.1505376344086021556, 0.1559139784946236562, 0.1612903225806451568, 0.1666666666666666574, 0.1720430107526881858, 0.1774193548387096864, 0.1827956989247311870, 0.1881720430107526876, 0.1935483870967741882, 0.1989247311827956888, 0.2043010752688172171, 0.2096774193548387177, 0.2150537634408602183, 0.2204301075268817189, 0.2258064516129032195, 0.2311827956989247201, 0.2365591397849462485, 0.2419354838709677491, 0.2473118279569892497, 0.2526881720430107503, 0.2580645161290322509, 0.2634408602150537515, 0.2688172043010752521, 0.2741935483870967527, 0.2795698924731182533, 0.2849462365591398094, 0.2903225806451613100, 0.2956989247311828106, 0.3010752688172043112, 0.3064516129032258118, 0.3118279569892473124, 0.3172043010752688130, 0.3225806451612903136, 0.3279569892473118142, 0.3333333333333333148, 0.3387096774193548154, 0.3440860215053763715, 0.3494623655913978721, 0.3548387096774193727, 0.3602150537634408733, 0.3655913978494623739, 0.3709677419354838745, 0.3763440860215053752, 0.3817204301075268758, 0.3870967741935483764, 0.3924731182795698770, 0.3978494623655913776, 0.4032258064516128782, 0.4086021505376344343, 0.4139784946236559349, 0.4193548387096774355, 0.4247311827956989361, 0.4301075268817204367, 0.4354838709677419373, 0.4408602150537634379, 0.4462365591397849385, 0.4516129032258064391, 0.4569892473118279397, 0.4623655913978494403, 0.4677419354838709409, 0.4731182795698924970, 0.4784946236559139976, 0.4838709677419354982, 0.4892473118279569988, 0.4946236559139784994, 0.5000000000000000000, 0.5053763440860215006, 0.5107526881720430012, 0.5161290322580645018, 0.5215053763440860024, 0.5268817204301075030, 0.5322580645161290036, 0.5376344086021505042, 0.5430107526881720048, 0.5483870967741935054, 0.5537634408602150060, 0.5591397849462365066, 0.5645161290322581182, 0.5698924731182796188, 0.5752688172043011194, 0.5806451612903226200, 0.5860215053763441206, 0.5913978494623656212, 0.5967741935483871218, 0.6021505376344086224, 0.6075268817204301230, 0.6129032258064516236, 0.6182795698924731242, 0.6236559139784946248, 0.6290322580645161255, 0.6344086021505376261, 0.6397849462365591267, 0.6451612903225806273, 0.6505376344086021279, 0.6559139784946236285, 0.6612903225806451291, 0.6666666666666666297, 0.6720430107526881303, 0.6774193548387096309, 0.6827956989247311315, 0.6881720430107527431, 0.6935483870967742437, 0.6989247311827957443, 0.7043010752688172449, 0.7096774193548387455, 0.7150537634408602461, 0.7204301075268817467, 0.7258064516129032473, 0.7311827956989247479, 0.7365591397849462485, 0.7419354838709677491, 0.7473118279569892497, 0.7526881720430107503, 0.7580645161290322509, 0.7634408602150537515, 0.7688172043010752521, 0.7741935483870967527, 0.7795698924731182533, 0.7849462365591397539, 0.7903225806451612545, 0.7956989247311827551, 0.8010752688172042557, 0.8064516129032257563, 0.8118279569892472569, 0.8172043010752688685, 0.8225806451612903691, 0.8279569892473118697, 0.8333333333333333703, 0.8387096774193548709, 0.8440860215053763715, 0.8494623655913978721, 0.8548387096774193727, 0.8602150537634408733, 0.8655913978494623739, 0.8709677419354838745, 0.8763440860215053752, 0.8817204301075268758, 0.8870967741935483764, 0.8924731182795698770, 0.8978494623655913776, 0.9032258064516128782, 0.9086021505376343788, 0.9139784946236558794, 0.9193548387096773800, 0.9247311827956988806, 0.9301075268817203812, 0.9354838709677418818, 0.9408602150537634934, 0.9462365591397849940, 0.9516129032258064946, 0.9569892473118279952, 0.9623655913978494958, 0.9677419354838709964, 0.9731182795698924970, 0.9784946236559139976, 0.9838709677419354982, 0.9892473118279569988 ),
 .UNSPECIFIED. ) 
 GEOMETRIC_REPRESENTATION_ITEM ( )  RATIONAL_B_SPLINE_SURFACE ( (
 ( 1.000000000000000000, 0.8660254037844387076, 1.000000000000000000, 0.8660254037844387076, 1.000000000000000000, 0.8660254037844387076, 1.000000000000000000, 0.8660254037844387076, 1.000000000000000000, 0.8660254037844387076, 1.000000000000000000, 0.8660254037844387076, 1.000000000000000000, 0.8660254037844387076, 1.000000000000000000, 0.8660254037844387076, 1.000000000000000000, 0.8660254037844387076, 1.000000000000000000, 0.8660254037844387076, 1.000000000000000000, 0.8660254037844387076, 1.000000000000000000, 0.8660254037844387076, 1.000000000000000000, 0.8660254037844387076, 1.000000000000000000, 0.8660254037844387076, 1.000000000000000000, 0.8660254037844387076, 1.000000000000000000, 0.8660254037844387076, 1.000000000000000000, 0.8660254037844387076, 1.000000000000000000, 0.8660254037844387076, 1.000000000000000000, 0.8660254037844387076, 1.000000000000000000, 0.8660254037844387076, 1.000000000000000000, 0.8660254037844387076, 1.000000000000000000, 0.8660254037844387076, 1.000000000000000000, 0.8660254037844387076, 1.000000000000000000, 0.8660254037844387076, 1.000000000000000000, 0.8660254037844387076, 1.000000000000000000, 0.8660254037844387076, 1.000000000000000000, 0.8660254037844387076, 1.000000000000000000, 0.8660254037844387076, 1.000000000000000000, 0.8660254037844387076, 1.000000000000000000, 0.8660254037844387076, 1.000000000000000000, 0.8660254037844387076, 1.000000000000000000, 0.8660254037844387076, 1.000000000000000000, 0.8660254037844387076, 1.000000000000000000, 0.8660254037844387076, 1.000000000000000000, 0.8660254037844387076, 1.000000000000000000, 0.8660254037844387076, 1.000000000000000000, 0.8660254037844387076, 1.000000000000000000, 0.8660254037844387076, 1.000000000000000000, 0.8660254037844387076, 1.000000000000000000, 0.8660254037844387076, 1.000000000000000000, 0.8660254037844387076, 1.000000000000000000, 0.8660254037844387076, 1.000000000000000000, 0.8660254037844387076, 1.000000000000000000, 0.8660254037844387076, 1.000000000000000000, 0.8660254037844387076, 1.000000000000000000, 0.8660254037844387076, 1.000000000000000000, 0.8660254037844387076, 1.000000000000000000, 0.8660254037844387076, 1.000000000000000000, 0.8660254037844387076, 1.000000000000000000, 0.8660254037844387076, 1.000000000000000000, 0.8660254037844387076, 1.000000000000000000, 0.8660254037844387076, 1.000000000000000000, 0.8660254037844387076, 1.000000000000000000, 0.8660254037844387076, 1.000000000000000000, 0.8660254037844387076, 1.000000000000000000, 0.8660254037844387076, 1.000000000000000000, 0.8660254037844387076, 1.000000000000000000, 0.8660254037844387076, 1.000000000000000000, 0.8660254037844387076, 1.000000000000000000, 0.8660254037844387076, 1.000000000000000000, 0.8660254037844387076, 1.000000000000000000, 0.8660254037844387076, 1.000000000000000000, 0.8660254037844387076, 1.000000000000000000, 0.8660254037844387076, 1.000000000000000000, 0.8660254037844387076, 1.000000000000000000, 0.8660254037844387076, 1.000000000000000000, 0.8660254037844387076, 1.000000000000000000, 0.8660254037844387076, 1.000000000000000000, 0.8660254037844387076, 1.000000000000000000, 0.8660254037844387076, 1.000000000000000000, 0.8660254037844387076, 1.000000000000000000, 0.8660254037844387076, 1.000000000000000000, 0.8660254037844387076, 1.000000000000000000, 0.8660254037844387076, 1.000000000000000000, 0.8660254037844387076, 1.000000000000000000, 0.8660254037844387076, 1.000000000000000000, 0.8660254037844387076, 1.000000000000000000, 0.8660254037844387076, 1.000000000000000000, 0.8660254037844387076, 1.000000000000000000, 0.8660254037844387076, 1.000000000000000000, 0.8660254037844387076, 1.000000000000000000, 0.8660254037844387076, 1.000000000000000000, 0.8660254037844387076, 1.000000000000000000, 0.8660254037844387076, 1.000000000000000000, 0.8660254037844387076, 1.000000000000000000, 0.8660254037844387076, 1.000000000000000000, 0.8660254037844387076, 1.000000000000000000, 0.8660254037844387076, 1.000000000000000000, 0.8660254037844387076, 1.000000000000000000, 0.8660254037844387076, 1.000000000000000000, 0.8660254037844387076, 1.000000000000000000, 0.8660254037844387076, 1.000000000000000000, 0.8660254037844387076, 1.000000000000000000, 0.8660254037844387076, 1.000000000000000000, 0.8660254037844387076, 1.000000000000000000, 0.8660254037844387076, 1.000000000000000000, 0.8660254037844387076, 1.000000000000000000, 0.8660254037844387076, 1.000000000000000000, 0.8660254037844387076, 1.000000000000000000, 0.8660254037844387076, 1.000000000000000000, 0.8660254037844387076, 1.000000000000000000, 0.8660254037844387076, 1.000000000000000000, 0.8660254037844387076, 1.000000000000000000, 0.8660254037844387076, 1.000000000000000000, 0.8660254037844387076, 1.000000000000000000, 0.8660254037844387076, 1.000000000000000000, 0.8660254037844387076, 1.000000000000000000, 0.8660254037844387076, 1.000000000000000000, 0.8660254037844387076, 1.000000000000000000, 0.8660254037844387076, 1.000000000000000000, 0.8660254037844387076, 1.000000000000000000, 0.8660254037844387076, 1.000000000000000000, 0.8660254037844387076, 1.000000000000000000, 0.8660254037844387076, 1.000000000000000000, 0.8660254037844387076, 1.000000000000000000, 0.8660254037844387076, 1.000000000000000000, 0.8660254037844387076, 1.000000000000000000, 0.8660254037844387076, 1.000000000000000000, 0.8660254037844387076, 1.000000000000000000, 0.8660254037844387076, 1.000000000000000000, 0.8660254037844387076, 1.000000000000000000, 0.8660254037844387076, 1.000000000000000000, 0.8660254037844387076, 1.000000000000000000, 0.8660254037844387076, 1.000000000000000000, 0.8660254037844387076, 1.000000000000000000, 0.8660254037844387076, 1.000000000000000000, 0.8660254037844387076, 1.000000000000000000, 0.8660254037844387076, 1.000000000000000000, 0.8660254037844387076, 1.000000000000000000, 0.8660254037844387076, 1.000000000000000000, 0.8660254037844387076, 1.000000000000000000, 0.8660254037844387076, 1.000000000000000000, 0.8660254037844387076, 1.000000000000000000, 0.8660254037844387076, 1.000000000000000000, 0.8660254037844387076, 1.000000000000000000, 0.8660254037844387076, 1.000000000000000000, 0.8660254037844387076, 1.000000000000000000, 0.8660254037844387076, 1.000000000000000000, 0.8660254037844387076, 1.000000000000000000, 0.8660254037844387076, 1.000000000000000000, 0.8660254037844387076, 1.000000000000000000, 0.8660254037844387076, 1.000000000000000000, 0.8660254037844387076, 1.000000000000000000, 0.8660254037844387076, 1.000000000000000000, 0.8660254037844387076, 1.000000000000000000, 0.8660254037844387076, 1.000000000000000000, 0.8660254037844387076, 1.000000000000000000, 0.8660254037844387076, 1.000000000000000000, 0.8660254037844387076, 1.000000000000000000, 0.8660254037844387076, 1.000000000000000000, 0.8660254037844387076, 1.000000000000000000, 0.8660254037844387076, 1.000000000000000000, 0.8660254037844387076, 1.000000000000000000, 0.8660254037844387076, 1.000000000000000000, 0.8660254037844387076, 1.000000000000000000, 0.8660254037844387076, 1.000000000000000000, 0.8660254037844387076, 1.000000000000000000, 0.8660254037844387076, 1.000000000000000000, 0.8660254037844387076, 1.000000000000000000, 0.8660254037844387076, 1.000000000000000000, 0.8660254037844387076, 1.000000000000000000, 0.8660254037844387076, 1.000000000000000000, 0.8660254037844387076, 1.000000000000000000, 0.8660254037844387076, 1.000000000000000000, 0.8660254037844387076, 1.000000000000000000, 0.8660254037844387076, 1.000000000000000000, 0.8660254037844387076, 1.000000000000000000, 0.8660254037844387076, 1.000000000000000000, 0.8660254037844387076, 1.000000000000000000, 0.8660254037844387076, 1.000000000000000000, 0.8660254037844387076, 1.000000000000000000, 0.8660254037844387076, 1.000000000000000000, 0.8660254037844387076, 1.000000000000000000, 0.8660254037844387076, 1.000000000000000000, 0.8660254037844387076, 1.000000000000000000, 0.8660254037844387076, 1.000000000000000000, 0.8660254037844387076, 1.000000000000000000, 0.8660254037844387076, 1.000000000000000000, 0.8660254037844387076, 1.000000000000000000, 0.8660254037844387076, 1.000000000000000000, 0.8660254037844387076, 1.000000000000000000, 0.8660254037844387076, 1.000000000000000000, 0.8660254037844387076, 1.000000000000000000, 0.8660254037844387076, 1.000000000000000000),
 ( 1.000000000000000000, 0.8660254037844387076, 1.000000000000000000, 0.8660254037844387076, 1.000000000000000000, 0.8660254037844387076, 1.000000000000000000, 0.8660254037844387076, 1.000000000000000000, 0.8660254037844387076, 1.000000000000000000, 0.8660254037844387076, 1.000000000000000000, 0.8660254037844387076, 1.000000000000000000, 0.8660254037844387076, 1.000000000000000000, 0.8660254037844387076, 1.000000000000000000, 0.8660254037844387076, 1.000000000000000000, 0.8660254037844387076, 1.000000000000000000, 0.8660254037844387076, 1.000000000000000000, 0.8660254037844387076, 1.000000000000000000, 0.8660254037844387076, 1.000000000000000000, 0.8660254037844387076, 1.000000000000000000, 0.8660254037844387076, 1.000000000000000000, 0.8660254037844387076, 1.000000000000000000, 0.8660254037844387076, 1.000000000000000000, 0.8660254037844387076, 1.000000000000000000, 0.8660254037844387076, 1.000000000000000000, 0.8660254037844387076, 1.000000000000000000, 0.8660254037844387076, 1.000000000000000000, 0.8660254037844387076, 1.000000000000000000, 0.8660254037844387076, 1.000000000000000000, 0.8660254037844387076, 1.000000000000000000, 0.8660254037844387076, 1.000000000000000000, 0.8660254037844387076, 1.000000000000000000, 0.8660254037844387076, 1.000000000000000000, 0.8660254037844387076, 1.000000000000000000, 0.8660254037844387076, 1.000000000000000000, 0.8660254037844387076, 1.000000000000000000, 0.8660254037844387076, 1.000000000000000000, 0.8660254037844387076, 1.000000000000000000, 0.8660254037844387076, 1.000000000000000000, 0.8660254037844387076, 1.000000000000000000, 0.8660254037844387076, 1.000000000000000000, 0.8660254037844387076, 1.000000000000000000, 0.8660254037844387076, 1.000000000000000000, 0.8660254037844387076, 1.000000000000000000, 0.8660254037844387076, 1.000000000000000000, 0.8660254037844387076, 1.000000000000000000, 0.8660254037844387076, 1.000000000000000000, 0.8660254037844387076, 1.000000000000000000, 0.8660254037844387076, 1.000000000000000000, 0.8660254037844387076, 1.000000000000000000, 0.8660254037844387076, 1.000000000000000000, 0.8660254037844387076, 1.000000000000000000, 0.8660254037844387076, 1.000000000000000000, 0.8660254037844387076, 1.000000000000000000, 0.8660254037844387076, 1.000000000000000000, 0.8660254037844387076, 1.000000000000000000, 0.8660254037844387076, 1.000000000000000000, 0.8660254037844387076, 1.000000000000000000, 0.8660254037844387076, 1.000000000000000000, 0.8660254037844387076, 1.000000000000000000, 0.8660254037844387076, 1.000000000000000000, 0.8660254037844387076, 1.000000000000000000, 0.8660254037844387076, 1.000000000000000000, 0.8660254037844387076, 1.000000000000000000, 0.8660254037844387076, 1.000000000000000000, 0.8660254037844387076, 1.000000000000000000, 0.8660254037844387076, 1.000000000000000000, 0.8660254037844387076, 1.000000000000000000, 0.8660254037844387076, 1.000000000000000000, 0.8660254037844387076, 1.000000000000000000, 0.8660254037844387076, 1.000000000000000000, 0.8660254037844387076, 1.000000000000000000, 0.8660254037844387076, 1.000000000000000000, 0.8660254037844387076, 1.000000000000000000, 0.8660254037844387076, 1.000000000000000000, 0.8660254037844387076, 1.000000000000000000, 0.8660254037844387076, 1.000000000000000000, 0.8660254037844387076, 1.000000000000000000, 0.8660254037844387076, 1.000000000000000000, 0.8660254037844387076, 1.000000000000000000, 0.8660254037844387076, 1.000000000000000000, 0.8660254037844387076, 1.000000000000000000, 0.8660254037844387076, 1.000000000000000000, 0.8660254037844387076, 1.000000000000000000, 0.8660254037844387076, 1.000000000000000000, 0.8660254037844387076, 1.000000000000000000, 0.8660254037844387076, 1.000000000000000000, 0.8660254037844387076, 1.000000000000000000, 0.8660254037844387076, 1.000000000000000000, 0.8660254037844387076, 1.000000000000000000, 0.8660254037844387076, 1.000000000000000000, 0.8660254037844387076, 1.000000000000000000, 0.8660254037844387076, 1.000000000000000000, 0.8660254037844387076, 1.000000000000000000, 0.8660254037844387076, 1.000000000000000000, 0.8660254037844387076, 1.000000000000000000, 0.8660254037844387076, 1.000000000000000000, 0.8660254037844387076, 1.000000000000000000, 0.8660254037844387076, 1.000000000000000000, 0.8660254037844387076, 1.000000000000000000, 0.8660254037844387076, 1.000000000000000000, 0.8660254037844387076, 1.000000000000000000, 0.8660254037844387076, 1.000000000000000000, 0.8660254037844387076, 1.000000000000000000, 0.8660254037844387076, 1.000000000000000000, 0.8660254037844387076, 1.000000000000000000, 0.8660254037844387076, 1.000000000000000000, 0.8660254037844387076, 1.000000000000000000, 0.8660254037844387076, 1.000000000000000000, 0.8660254037844387076, 1.000000000000000000, 0.8660254037844387076, 1.000000000000000000, 0.8660254037844387076, 1.000000000000000000, 0.8660254037844387076, 1.000000000000000000, 0.8660254037844387076, 1.000000000000000000, 0.8660254037844387076, 1.000000000000000000, 0.8660254037844387076, 1.000000000000000000, 0.8660254037844387076, 1.000000000000000000, 0.8660254037844387076, 1.000000000000000000, 0.8660254037844387076, 1.000000000000000000, 0.8660254037844387076, 1.000000000000000000, 0.8660254037844387076, 1.000000000000000000, 0.8660254037844387076, 1.000000000000000000, 0.8660254037844387076, 1.000000000000000000, 0.8660254037844387076, 1.000000000000000000, 0.8660254037844387076, 1.000000000000000000, 0.8660254037844387076, 1.000000000000000000, 0.8660254037844387076, 1.000000000000000000, 0.8660254037844387076, 1.000000000000000000, 0.8660254037844387076, 1.000000000000000000, 0.8660254037844387076, 1.000000000000000000, 0.8660254037844387076, 1.000000000000000000, 0.8660254037844387076, 1.000000000000000000, 0.8660254037844387076, 1.000000000000000000, 0.8660254037844387076, 1.000000000000000000, 0.8660254037844387076, 1.000000000000000000, 0.8660254037844387076, 1.000000000000000000, 0.8660254037844387076, 1.000000000000000000, 0.8660254037844387076, 1.000000000000000000, 0.8660254037844387076, 1.000000000000000000, 0.8660254037844387076, 1.000000000000000000, 0.8660254037844387076, 1.000000000000000000, 0.8660254037844387076, 1.000000000000000000, 0.8660254037844387076, 1.000000000000000000, 0.8660254037844387076, 1.000000000000000000, 0.8660254037844387076, 1.000000000000000000, 0.8660254037844387076, 1.000000000000000000, 0.8660254037844387076, 1.000000000000000000, 0.8660254037844387076, 1.000000000000000000, 0.8660254037844387076, 1.000000000000000000, 0.8660254037844387076, 1.000000000000000000, 0.8660254037844387076, 1.000000000000000000, 0.8660254037844387076, 1.000000000000000000, 0.8660254037844387076, 1.000000000000000000, 0.8660254037844387076, 1.000000000000000000, 0.8660254037844387076, 1.000000000000000000, 0.8660254037844387076, 1.000000000000000000, 0.8660254037844387076, 1.000000000000000000, 0.8660254037844387076, 1.000000000000000000, 0.8660254037844387076, 1.000000000000000000, 0.8660254037844387076, 1.000000000000000000, 0.8660254037844387076, 1.000000000000000000, 0.8660254037844387076, 1.000000000000000000, 0.8660254037844387076, 1.000000000000000000, 0.8660254037844387076, 1.000000000000000000, 0.8660254037844387076, 1.000000000000000000, 0.8660254037844387076, 1.000000000000000000, 0.8660254037844387076, 1.000000000000000000, 0.8660254037844387076, 1.000000000000000000, 0.8660254037844387076, 1.000000000000000000, 0.8660254037844387076, 1.000000000000000000, 0.8660254037844387076, 1.000000000000000000, 0.8660254037844387076, 1.000000000000000000, 0.8660254037844387076, 1.000000000000000000, 0.8660254037844387076, 1.000000000000000000, 0.8660254037844387076, 1.000000000000000000, 0.8660254037844387076, 1.000000000000000000, 0.8660254037844387076, 1.000000000000000000, 0.8660254037844387076, 1.000000000000000000, 0.8660254037844387076, 1.000000000000000000, 0.8660254037844387076, 1.000000000000000000, 0.8660254037844387076, 1.000000000000000000, 0.8660254037844387076, 1.000000000000000000, 0.8660254037844387076, 1.000000000000000000, 0.8660254037844387076, 1.000000000000000000, 0.8660254037844387076, 1.000000000000000000, 0.8660254037844387076, 1.000000000000000000, 0.8660254037844387076, 1.000000000000000000, 0.8660254037844387076, 1.000000000000000000, 0.8660254037844387076, 1.000000000000000000) ) ) 
 REPRESENTATION_ITEM ( '' )  SURFACE ( )  );
#1399 = ORIENTED_EDGE ( 'NONE', *, *, #3310, .F. ) ;
#1400 = CARTESIAN_POINT ( 'NONE',  ( 1.006430356249999658, 3.109375000614515550, -9.819791222584819450E-16 ) ) ;
#1401 = CARTESIAN_POINT ( 'NONE',  ( -1.006430356249999658, 11.88437500061451502, 8.587269508238526152E-16 ) ) ;
#1402 = CARTESIAN_POINT ( 'NONE',  ( -0.5032151781250003841, 6.859375000614515550, -0.8715942556523218476 ) ) ;
#1403 = CARTESIAN_POINT ( 'NONE',  ( -0.5032151781249986078, 9.596875000614515372, 0.8715942556523228468 ) ) ;
#1404 = CARTESIAN_POINT ( 'NONE',  ( 1.249999999999999334, 2.856250001229032609, -2.749541545756668106E-15 ) ) ;
#1405 = CARTESIAN_POINT ( 'NONE',  ( -1.969845607676301195E-15, 2.659375000614515816, -1.162125674203096093 ) ) ;
#1406 = EDGE_CURVE ( 'NONE', #387, #6174, #3729, .T. ) ;
#1407 = ORIENTED_EDGE ( 'NONE', *, *, #754, .F. ) ;
#1408 = EDGE_LOOP ( 'NONE', ( #5798, #3386, #5445, #1072 ) ) ;
#1409 =( BOUNDED_CURVE ( )  B_SPLINE_CURVE ( 2, ( #1253, #6090, #2269, #3293, #1821, #401, #4151, #2789, #5657 ),
 .UNSPECIFIED., .F., .T. ) 
 B_SPLINE_CURVE_WITH_KNOTS ( ( 3, 2, 2, 2, 3 ),
 ( 0.3145161290322580627, 0.3172043010752688130, 0.3225806451612903136, 0.3279569892473118142, 0.3306451612903225645 ),
 .UNSPECIFIED. ) 
 CURVE ( )  GEOMETRIC_REPRESENTATION_ITEM ( )  RATIONAL_B_SPLINE_CURVE ( ( 0.9330127018922194093, 0.9330127018922194093, 1.000000000000000000, 0.8660254037844387076, 1.000000000000000000, 0.8660254037844387076, 1.000000000000000000, 0.9330127018922194093, 0.9330127018922194093 ) ) 
 REPRESENTATION_ITEM ( '' )  );
#1410 = CARTESIAN_POINT ( 'NONE',  ( 1.006430356249998770, -0.4531249993854842839, -0.5810628371015489346 ) ) ;
#1411 = CARTESIAN_POINT ( 'NONE',  ( 1.006430356249998326, 2.584375000614515194, -0.5810628371015497118 ) ) ;
#1412 = CARTESIAN_POINT ( 'NONE',  ( 8.838126989374219771E-17, 6.512499999999997513, -1.443375672974063439 ) ) ;
#1413 = CARTESIAN_POINT ( 'NONE',  ( -1.365402153782930631E-14, 10.56249999999999645, -1.249999999999999112 ) ) ;
#1414 = CARTESIAN_POINT ( 'NONE',  ( -1.250000000000000444, 8.893750001229033586, -0.7216878364870296103 ) ) ;
#1415 = CARTESIAN_POINT ( 'NONE',  ( -1.006430356249999436, 6.371875000614515727, 1.644310252063557226E-15 ) ) ;
#1416 = CARTESIAN_POINT ( 'NONE',  ( -0.5032151781250003841, 7.309375000614514839, -0.8715942556523218476 ) ) ;
#1417 = CARTESIAN_POINT ( 'NONE',  ( 0.7142857142857117481, 14.06428571428571850, -0.4123930494211606734 ) ) ;
#1418 = DIRECTION ( 'NONE',  ( -1.000000000000000000, 0.000000000000000000, 0.000000000000000000 ) ) ;
#1419 = DIRECTION ( 'NONE',  ( -0.000000000000000000, -1.000000000000000000, -0.000000000000000000 ) ) ;
#1420 = CARTESIAN_POINT ( 'NONE',  ( 0.8499999999999929834, 13.25000000000000000, -0.4907477288111915525 ) ) ;
#1421 = CARTESIAN_POINT ( 'NONE',  ( -0.8709532272961957311, 0.09281193853619486289, 0.5828774218729684264 ) ) ;
#1422 = ORIENTED_EDGE ( 'NONE', *, *, #1085, .F. ) ;
#1423 = CARTESIAN_POINT ( 'NONE',  ( 0.000000000000000000, 12.00000000000000000, 0.000000000000000000 ) ) ;
#1424 = CARTESIAN_POINT ( 'NONE',  ( 0.6249999999999997780, 2.424999999999998490, -1.082531754730547746 ) ) ;
#1425 = FACE_OUTER_BOUND ( 'NONE', #2480, .T. ) ;
#1426 = CARTESIAN_POINT ( 'NONE',  ( 1.006430356249999436, 10.19687500061451502, -1.767562423498186358E-15 ) ) ;
#1427 = CARTESIAN_POINT ( 'NONE',  ( 1.006430356249998770, -0.003124999385484272807, -0.5810628371015489346 ) ) ;
#1428 = ORIENTED_EDGE ( 'NONE', *, *, #5544, .T. ) ;
#1429 = CARTESIAN_POINT ( 'NONE',  ( 1.006430356249998992, 4.946875000614515017, -0.5810628371015489346 ) ) ;
#1430 = CARTESIAN_POINT ( 'NONE',  ( -0.6250000000000017764, 6.156250001229032875, -1.082531754730546636 ) ) ;
#1431 = CARTESIAN_POINT ( 'NONE',  ( -0.5032151781249993849, 7.909375000614515372, 0.8715942556523227358 ) ) ;
#1432 = CARTESIAN_POINT ( 'NONE',  ( -1.006430356250000102, 9.934375000614513951, -0.5810628371015466032 ) ) ;
#1433 = CARTESIAN_POINT ( 'NONE',  ( -1.239011789007528730, 0.4046985196215903136, 0.1645122957586540036 ) ) ;
#1434 = EDGE_CURVE ( 'NONE', #1050, #480, #422, .T. ) ;
#1435 = CARTESIAN_POINT ( 'NONE',  ( -0.6249999999999993339, 9.699999999999997513, -1.082531754730547968 ) ) ;
#1436 = CARTESIAN_POINT ( 'NONE',  ( 0.5032151781249982747, 2.621875000614515283, -0.8715942556523229579 ) ) ;
#1437 = AXIS2_PLACEMENT_3D ( 'NONE', #1845, #5706, #5232 ) ;
#1438 =( BOUNDED_CURVE ( )  B_SPLINE_CURVE ( 2, ( #3747, #5668, #414, #1835, #6155, #381, #2316, #4250, #2347 ),
 .UNSPECIFIED., .F., .F. ) 
 B_SPLINE_CURVE_WITH_KNOTS ( ( 3, 2, 2, 2, 3 ),
 ( 0.6532258064516128782, 0.6559139784946236285, 0.6612903225806451291, 0.6666666666666666297, 0.6693548387096773800 ),
 .UNSPECIFIED. ) 
 CURVE ( )  GEOMETRIC_REPRESENTATION_ITEM ( )  RATIONAL_B_SPLINE_CURVE ( ( 0.9330127018922194093, 0.9330127018922194093, 1.000000000000000000, 0.8660254037844387076, 1.000000000000000000, 0.8660254037844387076, 1.000000000000000000, 0.9330127018922194093, 0.9330127018922194093 ) ) 
 REPRESENTATION_ITEM ( '' )  );
#1439 = VERTEX_POINT ( 'NONE', #5587 ) ;
#1440 = VERTEX_POINT ( 'NONE', #4671 ) ;
#1441 = CARTESIAN_POINT ( 'NONE',  ( -1.006430356249999658, 0.1843750006145156717, 8.587269508238524180E-16 ) ) ;
#1442 = CARTESIAN_POINT ( 'NONE',  ( 0.5032151781250004952, 2.021875000614515638, 0.8715942556523216256 ) ) ;
#1443 = CARTESIAN_POINT ( 'NONE',  ( 8.838126989374219771E-17, 7.862499999999998046, -1.443375672974063439 ) ) ;
#1444 = EDGE_CURVE ( 'NONE', #4765, #2736, #2809, .T. ) ;
#1445 = FACE_OUTER_BOUND ( 'NONE', #874, .T. ) ;
#1446 = CARTESIAN_POINT ( 'NONE',  ( -0.6250000000000017764, 9.756250001229032520, -1.082531754730546636 ) ) ;
#1447 = CARTESIAN_POINT ( 'NONE',  ( 0.5032151781250004952, 6.071875000614515017, 0.8715942556523216256 ) ) ;
#1448 = CARTESIAN_POINT ( 'NONE',  ( -1.062732146793064886E-15, 7.271875000614515194, -1.162125674203096537 ) ) ;
#1449 = LINE ( 'NONE', #474, #5968 ) ;
#1450 = CYLINDRICAL_SURFACE ( 'NONE', #4925, 1.249999999999999334 ) ;
#1451 = CARTESIAN_POINT ( 'NONE',  ( 1.006430356249999436, -0.6031249993854842506, -1.767562423498186358E-15 ) ) ;
#1452 = DIRECTION ( 'NONE',  ( -1.000000000000000000, 0.000000000000000000, 0.000000000000000000 ) ) ;
#1453 = VERTEX_POINT ( 'NONE', #1305 ) ;
#1454 = CARTESIAN_POINT ( 'NONE',  ( -1.249999999999999334, 2.124999999999998224, -1.530808498934190831E-16 ) ) ;
#1455 = CARTESIAN_POINT ( 'NONE',  ( 1.249999999999999556, 2.387499999999998845, -0.7216878364870316087 ) ) ;
#1456 = CARTESIAN_POINT ( 'NONE',  ( 1.249999999999999334, 5.987499999999998046, -0.7216878364870317197 ) ) ;
#1457 = CARTESIAN_POINT ( 'NONE',  ( 0.5032151781249982747, 9.371875000614513951, -0.8715942556523229579 ) ) ;
#1458 = CARTESIAN_POINT ( 'NONE',  ( 1.006430356249999658, -0.5281249993854842950, 0.5810628371015478244 ) ) ;
#1459 = ORIENTED_EDGE ( 'NONE', *, *, #3042, .F. ) ;
#1460 = CARTESIAN_POINT ( 'NONE',  ( 1.006430356249999658, 5.771875000614516971, 0.5810628371015478244 ) ) ;
#1461 = CARTESIAN_POINT ( 'NONE',  ( -0.5032151781249993849, 12.85937500061451466, 0.8715942556523227358 ) ) ;
#1462 = CARTESIAN_POINT ( 'NONE',  ( -0.5032151781250003841, 7.309375000614514839, -0.8715942556523218476 ) ) ;
#1463 = CARTESIAN_POINT ( 'NONE',  ( 1.827526258964323273E-15, 10.53437500061451004, 1.162125674203096093 ) ) ;
#1464 = CARTESIAN_POINT ( 'NONE',  ( -0.6249999999999978906, 8.556250001229031454, 1.082531754730548856 ) ) ;
#1465 = CARTESIAN_POINT ( 'NONE',  ( 0.000000000000000000, 12.00000000000000000, 2.100000000000000089 ) ) ;
#1466 = CARTESIAN_POINT ( 'NONE',  ( -0.5032151781250009392, 3.596875000614515816, -0.8715942556523212925 ) ) ;
#1467 = CARTESIAN_POINT ( 'NONE',  ( -1.006430356249999658, 11.43437500061451573, 8.587269508238526152E-16 ) ) ;
#1468 = VERTEX_POINT ( 'NONE', #1810 ) ;
#1469 = ORIENTED_EDGE ( 'NONE', *, *, #3211, .F. ) ;
#1470 = AXIS2_PLACEMENT_3D ( 'NONE', #4554, #2533, #2145 ) ;
#1471 = CARTESIAN_POINT ( 'NONE',  ( -0.5032151781250003841, 0.5593750006145156162, -0.8715942556523218476 ) ) ;
#1472 =( BOUNDED_CURVE ( )  B_SPLINE_CURVE ( 2, ( #4458, #1060, #1981, #5461, #1120, #1090, #3012, #4935, #3069 ),
 .UNSPECIFIED., .F., .F. ) 
 B_SPLINE_CURVE_WITH_KNOTS ( ( 3, 2, 2, 2, 3 ),
 ( 0.3306451612903225645, 0.3333333333333333148, 0.3387096774193548154, 0.3440860215053763715, 0.3467741935483871218 ),
 .UNSPECIFIED. ) 
 CURVE ( )  GEOMETRIC_REPRESENTATION_ITEM ( )  RATIONAL_B_SPLINE_CURVE ( ( 0.9330127018922194093, 0.9330127018922194093, 1.000000000000000000, 0.8660254037844387076, 1.000000000000000000, 0.8660254037844387076, 1.000000000000000000, 0.9330127018922194093, 0.9330127018922194093 ) ) 
 REPRESENTATION_ITEM ( '' )  );
#1473 = CARTESIAN_POINT ( 'NONE',  ( -1.969845607676301195E-15, 2.659375000614515816, -1.162125674203096093 ) ) ;
#1474 = CARTESIAN_POINT ( 'NONE',  ( -0.6249999999999993339, 8.799999999999998934, -1.082531754730547968 ) ) ;
#1475 = DIRECTION ( 'NONE',  ( -0.000000000000000000, -1.000000000000000000, -0.000000000000000000 ) ) ;
#1476 = CARTESIAN_POINT ( 'NONE',  ( -0.6249999999999978906, 9.906250001229032875, 1.082531754730548856 ) ) ;
#1477 = CARTESIAN_POINT ( 'NONE',  ( -1.969845607676301195E-15, 5.809375000614516615, -1.162125674203096093 ) ) ;
#1478 = EDGE_CURVE ( 'NONE', #1317, #2245, #4260, .T. ) ;
#1479 = CARTESIAN_POINT ( 'NONE',  ( 1.006430356249999658, 7.609375000614514661, -9.819791222584819450E-16 ) ) ;
#1480 = CARTESIAN_POINT ( 'NONE',  ( 0.6249999999999974465, 4.731250001229033053, -1.082531754730548856 ) ) ;
#1481 = DIRECTION ( 'NONE',  ( -0.000000000000000000, -1.000000000000000000, -0.000000000000000000 ) ) ;
#1482 = DIRECTION ( 'NONE',  ( -0.000000000000000000, -1.000000000000000000, -0.000000000000000000 ) ) ;
#1483 = CARTESIAN_POINT ( 'NONE',  ( -1.250000000000000444, 10.69375000122903074, -0.7216878364870294993 ) ) ;
#1484 = DIRECTION ( 'NONE',  ( 0.3535533905932728982, 0.7071067811865494601, -0.6123724356957928050 ) ) ;
#1485 = ORIENTED_EDGE ( 'NONE', *, *, #4016, .T. ) ;
#1486 = AXIS2_PLACEMENT_3D ( 'NONE', #4361, #17, #5241 ) ;
#1487 = EDGE_CURVE ( 'NONE', #6025, #790, #1680, .T. ) ;
#1488 = CARTESIAN_POINT ( 'NONE',  ( 0.6249999999999997780, 6.924999999999998046, -1.082531754730547746 ) ) ;
#1489 = CARTESIAN_POINT ( 'NONE',  ( -0.6249999999999993339, 2.499999999999998224, -1.082531754730547968 ) ) ;
#1490 = DIRECTION ( 'NONE',  ( -0.000000000000000000, -1.000000000000000000, -0.000000000000000000 ) ) ;
#1491 = CARTESIAN_POINT ( 'NONE',  ( 0.5032151781250004952, 9.671875000614512885, 0.8715942556523216256 ) ) ;
#1492 = CARTESIAN_POINT ( 'NONE',  ( 1.006430356249998104, 12.48437500061451466, -0.5810628371015496008 ) ) ;
#1493 = ORIENTED_EDGE ( 'NONE', *, *, #2110, .F. ) ;
#1494 = CARTESIAN_POINT ( 'NONE',  ( -1.062732146793064886E-15, 6.821875000614515017, -1.162125674203096537 ) ) ;
#1495 = CARTESIAN_POINT ( 'NONE',  ( 0.5032151781249990519, 12.63437500061451502, -0.8715942556523228468 ) ) ;
#1496 = CARTESIAN_POINT ( 'NONE',  ( -1.006430356249999880, 6.896875000614515194, -0.5810628371015476024 ) ) ;
#1497 = CARTESIAN_POINT ( 'NONE',  ( 1.005296160080523915, 12.00000000000000178, -0.04776706510613754758 ) ) ;
#1498 = CARTESIAN_POINT ( 'NONE',  ( -4.938688641342514686E-16, 0.8874999999999985123, 1.249999999999999334 ) ) ;
#1499 = CARTESIAN_POINT ( 'NONE',  ( 0.5032151781250004952, 3.371875000614515283, 0.8715942556523216256 ) ) ;
#1500 = CARTESIAN_POINT ( 'NONE',  ( 1.006430356249999658, 11.62187500061451573, 0.5810628371015478244 ) ) ;
#1501 = CYLINDRICAL_SURFACE ( 'NONE', #1831, 1.249999999999999334 ) ;
#1502 = ORIENTED_EDGE ( 'NONE', *, *, #4097, .F. ) ;
#1503 = CARTESIAN_POINT ( 'NONE',  ( 0.5032151781249999400, 1.684375000614515505, 0.8715942556523221807 ) ) ;
#1504 = CARTESIAN_POINT ( 'NONE',  ( -1.006430356249999436, 3.221875000614515372, 1.644310252063557226E-15 ) ) ;
#1505 = CARTESIAN_POINT ( 'NONE',  ( -1.249999999999999334, 7.937499999999996447, -0.7216878364870322748 ) ) ;
#1506 = CARTESIAN_POINT ( 'NONE',  ( 0.6249999999999997780, 10.52499999999999680, -1.082531754730547746 ) ) ;
#1507 = CARTESIAN_POINT ( 'NONE',  ( 0.6249999999999974465, 8.781250001229031099, -1.082531754730548856 ) ) ;
#1508 = CARTESIAN_POINT ( 'NONE',  ( 1.006430356249999880, 7.909375000614515372, 0.5810628371015469362 ) ) ;
#1509 = CARTESIAN_POINT ( 'NONE',  ( -1.062732146793064886E-15, 6.821875000614515017, -1.162125674203096537 ) ) ;
#1510 = CARTESIAN_POINT ( 'NONE',  ( 1.249999999999999334, 4.149999999999998579, 0.000000000000000000 ) ) ;
#1511 = VECTOR ( 'NONE', #5585, 1000.000000000000114 ) ;
#1512 = CARTESIAN_POINT ( 'NONE',  ( 0.5826578956285143329, 0.02812500184355281457, -0.8206167428484825166 ) ) ;
#1513 = CARTESIAN_POINT ( 'NONE',  ( 1.006430356249999436, 1.196875000614515683, -1.767562423498186358E-15 ) ) ;
#1514 = EDGE_CURVE ( 'NONE', #176, #2294, #4171, .T. ) ;
#1515 = CARTESIAN_POINT ( 'NONE',  ( 1.530808498934190831E-16, 12.00000000000000000, 1.249999999999999334 ) ) ;
#1516 = ORIENTED_EDGE ( 'NONE', *, *, #6110, .T. ) ;
#1517 = CARTESIAN_POINT ( 'NONE',  ( 0.9802956009543719595, 12.00000000000000178, -0.4203540554119683526 ) ) ;
#1518 = CARTESIAN_POINT ( 'NONE',  ( 0.6249999999999997780, 4.224999999999998757, -1.082531754730547746 ) ) ;
#1519 = CARTESIAN_POINT ( 'NONE',  ( 1.250000000000000444, 4.618750001229031454, 0.7216878364870298324 ) ) ;
#1520 = FACE_OUTER_BOUND ( 'NONE', #6193, .T. ) ;
#1521 = EDGE_CURVE ( 'NONE', #5710, #3207, #433, .T. ) ;
#1522 = CARTESIAN_POINT ( 'NONE',  ( -2.614599868946037210E-15, 5.218750001229032875, -1.249999999999999334 ) ) ;
#1523 = CARTESIAN_POINT ( 'NONE',  ( 1.006430356249998770, 0.4468750006145155718, -0.5810628371015489346 ) ) ;
#1524 = ORIENTED_EDGE ( 'NONE', *, *, #1478, .F. ) ;
#1525 = CARTESIAN_POINT ( 'NONE',  ( 1.006430356249998992, 7.196875000614515017, -0.5810628371015489346 ) ) ;
#1526 = DIRECTION ( 'NONE',  ( 0.000000000000000000, 0.000000000000000000, -1.000000000000000000 ) ) ;
#1527 = CARTESIAN_POINT ( 'NONE',  ( 1.006430356249998770, 6.746875000614513951, -0.5810628371015489346 ) ) ;
#1528 = CARTESIAN_POINT ( 'NONE',  ( 1.006430356249999436, 11.99841723901683999, -0.02389699790778627639 ) ) ;
#1529 = CARTESIAN_POINT ( 'NONE',  ( 0.6249999999999987788, 0.9249999999999984901, 1.082531754730548412 ) ) ;
#1530 = CARTESIAN_POINT ( 'NONE',  ( 1.250000000000000444, 1.018750001229032698, 0.7216878364870298324 ) ) ;
#1531 = CARTESIAN_POINT ( 'NONE',  ( -0.5032151781249986078, 2.396875000614515194, 0.8715942556523228468 ) ) ;
#1532 = CARTESIAN_POINT ( 'NONE',  ( 1.249999999999999112, 11.31249999999999645, 0.7216878364870324969 ) ) ;
#1533 = DIRECTION ( 'NONE',  ( -0.000000000000000000, -1.000000000000000000, -0.000000000000000000 ) ) ;
#1534 = EDGE_LOOP ( 'NONE', ( #419, #5574, #3131, #4037 ) ) ;
#1535 = CARTESIAN_POINT ( 'NONE',  ( 0.5032151781249990519, 0.9343750006145157272, -0.8715942556523228468 ) ) ;
#1536 = CARTESIAN_POINT ( 'NONE',  ( 1.006430356249998326, 5.284375000614515372, -0.5810628371015497118 ) ) ;
#1537 = CARTESIAN_POINT ( 'NONE',  ( -1.249999999999999778, 8.012499999999999289, 0.7216878364870313867 ) ) ;
#1538 = CARTESIAN_POINT ( 'NONE',  ( 0.3349364905389057290, 3.157596189432332334, 1.249999999999997558 ) ) ;
#1539 = CARTESIAN_POINT ( 'NONE',  ( 1.249999999999998002, 8.293750001229033941, -0.7216878364870344953 ) ) ;
#1540 = VECTOR ( 'NONE', #2371, 1000.000000000000000 ) ;
#1541 = CARTESIAN_POINT ( 'NONE',  ( -0.5032151781250003841, 8.659375000614515372, -0.8715942556523218476 ) ) ;
#1542 = CARTESIAN_POINT ( 'NONE',  ( 0.6250000000000012212, 9.981250001229032165, 1.082531754730547080 ) ) ;
#1543 = CARTESIAN_POINT ( 'NONE',  ( -0.6250000000000002220, 6.249999999999997335, 1.082531754730547746 ) ) ;
#1544 = DIRECTION ( 'NONE',  ( 0.000000000000000000, 0.000000000000000000, 1.000000000000000000 ) ) ;
#1545 = CARTESIAN_POINT ( 'NONE',  ( -1.006430356249998548, 1.459375000614515638, 0.5810628371015493787 ) ) ;
#1546 = DIRECTION ( 'NONE',  ( -0.000000000000000000, -1.000000000000000000, -0.000000000000000000 ) ) ;
#1547 = ORIENTED_EDGE ( 'NONE', *, *, #2706, .F. ) ;
#1548 = CARTESIAN_POINT ( 'NONE',  ( -1.006430356249999658, 1.534375000614515594, 8.587269508238526152E-16 ) ) ;
#1549 = ADVANCED_FACE ( 'NONE', ( #862 ), #4729, .T. ) ;
#1550 = CARTESIAN_POINT ( 'NONE',  ( 0.000000000000000000, 12.00000000000000000, 0.000000000000000000 ) ) ;
#1551 = CARTESIAN_POINT ( 'NONE',  ( -1.249999999999999334, 4.787499999999997868, -0.7216878364870322748 ) ) ;
#1552 = CARTESIAN_POINT ( 'NONE',  ( -3.086515833287601756E-15, 3.868750001229032343, -1.443375672974063439 ) ) ;
#1553 = CARTESIAN_POINT ( 'NONE',  ( 2.755455298081544285E-16, 14.50000000000000000, 2.250000000000000000 ) ) ;
#1554 = CARTESIAN_POINT ( 'NONE',  ( 1.006430356249998104, 11.58437500061451608, -0.5810628371015496008 ) ) ;
#1555 = VERTEX_POINT ( 'NONE', #1366 ) ;
#1556 = CARTESIAN_POINT ( 'NONE',  ( 0.5032151781249999400, 5.284375000614515372, 0.8715942556523221807 ) ) ;
#1557 = EDGE_CURVE ( 'NONE', #5808, #5044, #2336, .T. ) ;
#1558 = CARTESIAN_POINT ( 'NONE',  ( -1.006430356249999658, 12.78437500061451537, 8.587269508238526152E-16 ) ) ;
#1559 = CARTESIAN_POINT ( 'NONE',  ( 9.204127980810863719E-16, 10.19687500061451502, 1.162125674203096537 ) ) ;
#1560 = CARTESIAN_POINT ( 'NONE',  ( -1.000000000000000444, 14.35000000000000497, -0.5773502691896265082 ) ) ;
#1561 = CARTESIAN_POINT ( 'NONE',  ( -1.250000000000000444, -0.1062499987709670801, -0.7216878364870296103 ) ) ;
#1562 = CARTESIAN_POINT ( 'NONE',  ( 0.5032151781250004952, 5.171875000614515550, 0.8715942556523216256 ) ) ;
#1563 = CARTESIAN_POINT ( 'NONE',  ( -1.062732146793064886E-15, 10.42187500061451644, -1.162125674203096537 ) ) ;
#1564 = FACE_OUTER_BOUND ( 'NONE', #3338, .T. ) ;
#1565 = EDGE_CURVE ( 'NONE', #4418, #6178, #3820, .T. ) ;
#1566 = CARTESIAN_POINT ( 'NONE',  ( -0.5032151781249993849, 2.059375000614515283, 0.8715942556523227358 ) ) ;
#1567 = CARTESIAN_POINT ( 'NONE',  ( -1.006430356250000102, 4.534375000614515372, -0.5810628371015466032 ) ) ;
#1568 = CARTESIAN_POINT ( 'NONE',  ( 1.249999999999999334, 9.099999999999997868, 0.000000000000000000 ) ) ;
#1569 = CARTESIAN_POINT ( 'NONE',  ( 6.624406217058045595E-15, 13.25000000000000000, 0.9814954576223624549 ) ) ;
#1570 = CARTESIAN_POINT ( 'NONE',  ( -1.249999999999999334, 10.73125000122903216, 2.596460695863248776E-15 ) ) ;
#1571 = CARTESIAN_POINT ( 'NONE',  ( 9.204127980810867663E-16, 9.746875000614513951, 1.162125674203096537 ) ) ;
#1572 = CARTESIAN_POINT ( 'NONE',  ( -0.3349364905389030089, 4.732596189432331180, -1.249999999999999334 ) ) ;
#1573 = DIRECTION ( 'NONE',  ( -0.5000000000000002220, 0.000000000000000000, 0.8660254037844385966 ) ) ;
#1574 = CARTESIAN_POINT ( 'NONE',  ( 0.3349364905389053959, 8.163846190661365299, 1.249999999999998890 ) ) ;
#1575 = CARTESIAN_POINT ( 'NONE',  ( 1.827526258964323273E-15, 1.084375000614515416, 1.162125674203096093 ) ) ;
#1576 = FACE_OUTER_BOUND ( 'NONE', #4825, .T. ) ;
#1577 = EDGE_LOOP ( 'NONE', ( #641, #1133, #1524, #2635 ) ) ;
#1578 = CARTESIAN_POINT ( 'NONE',  ( -1.062732146793064886E-15, 0.9718750006145157050, -1.162125674203096537 ) ) ;
#1579 = CARTESIAN_POINT ( 'NONE',  ( -4.938688641342514686E-16, 1.787499999999998757, 1.249999999999999334 ) ) ;
#1580 = CARTESIAN_POINT ( 'NONE',  ( 1.249999999999999112, 4.112499999999998046, 0.7216878364870323859 ) ) ;
#1581 = CARTESIAN_POINT ( 'NONE',  ( 1.249999999999999334, 4.206250001229032698, -2.749541545756668106E-15 ) ) ;
#1582 = CYLINDRICAL_SURFACE ( 'NONE', #4256, 1.249999999999999334 ) ;
#1583 = DIRECTION ( 'NONE',  ( 0.000000000000000000, 1.000000000000000000, 0.000000000000000000 ) ) ;
#1584 = AXIS2_PLACEMENT_3D ( 'NONE', #4973, #1192, #2182 ) ;
#1585 = ORIENTED_EDGE ( 'NONE', *, *, #4811, .F. ) ;
#1586 = CARTESIAN_POINT ( 'NONE',  ( -1.006430356249999214, 5.621875000614516615, 0.5810628371015488236 ) ) ;
#1587 = LINE ( 'NONE', #2584, #1207 ) ;
#1588 = CARTESIAN_POINT ( 'NONE',  ( -1.006430356249998992, 11.02187500061451608, 0.5810628371015487126 ) ) ;
#1589 = CARTESIAN_POINT ( 'NONE',  ( 1.249999999999999334, 1.056250001229032787, -2.749541545756668106E-15 ) ) ;
#1590 = AXIS2_PLACEMENT_3D ( 'NONE', #3654, #692, #724 ) ;
#1591 = CARTESIAN_POINT ( 'NONE',  ( -0.6250000000000017764, 0.7562500012290329643, -1.082531754730546636 ) ) ;
#1592 = CARTESIAN_POINT ( 'NONE',  ( -1.006430356249998548, 5.059375000614516615, 0.5810628371015493787 ) ) ;
#1593 = ADVANCED_FACE ( 'NONE', ( #5734 ), #4852, .T. ) ;
#1594 = CARTESIAN_POINT ( 'NONE',  ( 9.204127980810867663E-16, 11.54687500061451289, 1.162125674203096537 ) ) ;
#1595 = DIRECTION ( 'NONE',  ( -0.000000000000000000, -1.000000000000000000, -0.000000000000000000 ) ) ;
#1596 = CARTESIAN_POINT ( 'NONE',  ( -0.5032151781250003841, 2.809375000614515727, -0.8715942556523218476 ) ) ;
#1597 = CARTESIAN_POINT ( 'NONE',  ( -0.5032151781249986078, 3.746875000614515727, 0.8715942556523228468 ) ) ;
#1598 = CARTESIAN_POINT ( 'NONE',  ( -1.249999999999999334, 10.18749999999999822, -0.7216878364870322748 ) ) ;
#1599 = CARTESIAN_POINT ( 'NONE',  ( -0.3349364905389030089, 1.132596189432332645, -1.249999999999999334 ) ) ;
#1600 = CARTESIAN_POINT ( 'NONE',  ( 0.6250000000000012212, 11.33125000122903181, 1.082531754730547080 ) ) ;
#1601 = ADVANCED_FACE ( 'NONE', ( #1520 ), #2867, .T. ) ;
#1602 =( BOUNDED_CURVE ( )  B_SPLINE_CURVE ( 2, ( #5315, #4844, #5756, #3430, #64, #1993, #3934, #5848, #1040 ),
 .UNSPECIFIED., .F., .T. ) 
 B_SPLINE_CURVE_WITH_KNOTS ( ( 3, 2, 2, 2, 3 ),
 ( 0.2177419354838709686, 0.2204301075268817189, 0.2258064516129032195, 0.2311827956989247201, 0.2338709677419354704 ),
 .UNSPECIFIED. ) 
 CURVE ( )  GEOMETRIC_REPRESENTATION_ITEM ( )  RATIONAL_B_SPLINE_CURVE ( ( 0.9330127018922194093, 0.9330127018922194093, 1.000000000000000000, 0.8660254037844387076, 1.000000000000000000, 0.8660254037844387076, 1.000000000000000000, 0.9330127018922196314, 0.9330127018922192983 ) ) 
 REPRESENTATION_ITEM ( '' )  );
#1603 = CARTESIAN_POINT ( 'NONE',  ( -1.062732146793064886E-15, 8.621875000614515727, -1.162125674203096537 ) ) ;
#1604 = CARTESIAN_POINT ( 'NONE',  ( 1.249999999999999334, 8.687499999999996447, -0.7216878364870317197 ) ) ;
#1605 = DIRECTION ( 'NONE',  ( 0.8660254037844384856, 0.000000000000000000, 0.5000000000000001110 ) ) ;
#1606 = CARTESIAN_POINT ( 'NONE',  ( -1.249999999999999334, 0.8312500012290329199, 2.596460695863248776E-15 ) ) ;
#1607 = CARTESIAN_POINT ( 'NONE',  ( 1.006430356249999436, 0.2968750006145156606, -1.767562423498186358E-15 ) ) ;
#1608 = FACE_OUTER_BOUND ( 'NONE', #1709, .T. ) ;
#1609 = VERTEX_POINT ( 'NONE', #1877 ) ;
#1610 = AXIS2_PLACEMENT_3D ( 'NONE', #4827, #45, #1526 ) ;
#1611 = CARTESIAN_POINT ( 'NONE',  ( -0.5032151781250003841, 0.5593750006145156162, -0.8715942556523218476 ) ) ;
#1612 = VERTEX_POINT ( 'NONE', #1937 ) ;
#1613 = CARTESIAN_POINT ( 'NONE',  ( 2.236935443431609674E-15, 4.093750001229031987, 1.249999999999999556 ) ) ;
#1614 = CARTESIAN_POINT ( 'NONE',  ( 0.6249999999999997780, 4.674999999999998934, -1.082531754730547746 ) ) ;
#1615 = CARTESIAN_POINT ( 'NONE',  ( -0.6249999999999978906, 4.056250001229032343, 1.082531754730548856 ) ) ;
#1616 = CARTESIAN_POINT ( 'NONE',  ( 0.000000000000000000, 0.000000000000000000, 0.000000000000000000 ) ) ;
#1617 = CARTESIAN_POINT ( 'NONE',  ( 1.006430356249999436, 11.54687500061451289, -1.767562423498186358E-15 ) ) ;
#1618 = ORIENTED_EDGE ( 'NONE', *, *, #1134, .T. ) ;
#1619 = CARTESIAN_POINT ( 'NONE',  ( 0.5032151781249990519, 9.034375000614515372, -0.8715942556523228468 ) ) ;
#1620 = CARTESIAN_POINT ( 'NONE',  ( 0.3349364905389021208, 1.598653811796698632, -1.249999999999999556 ) ) ;
#1621 = CARTESIAN_POINT ( 'NONE',  ( 0.5032151781249990519, 9.934375000614513951, -0.8715942556523228468 ) ) ;
#1622 = CARTESIAN_POINT ( 'NONE',  ( 0.6249999999999987788, 4.524999999999998579, 1.082531754730548412 ) ) ;
#1623 = CARTESIAN_POINT ( 'NONE',  ( 0.6249999999999974465, 0.6812500012290328977, -1.082531754730548856 ) ) ;
#1624 = CARTESIAN_POINT ( 'NONE',  ( 0.5032151781249982747, 4.421875000614515550, -0.8715942556523229579 ) ) ;
#1625 = CARTESIAN_POINT ( 'NONE',  ( -0.5032151781250009392, 9.446875000614513240, -0.8715942556523212925 ) ) ;
#1626 = ORIENTED_EDGE ( 'NONE', *, *, #206, .F. ) ;
#1627 = CARTESIAN_POINT ( 'NONE',  ( -0.5032151781249993849, 2.509375000614515461, 0.8715942556523227358 ) ) ;
#1628 = CARTESIAN_POINT ( 'NONE',  ( -1.062732146793064491E-15, 4.121875000614514839, -1.162125674203096537 ) ) ;
#1629 = EDGE_CURVE ( 'NONE', #5747, #1226, #130, .T. ) ;
#1630 = CARTESIAN_POINT ( 'NONE',  ( 1.006430356249999436, 4.346875000614515372, -1.767562423498186358E-15 ) ) ;
#1631 = CARTESIAN_POINT ( 'NONE',  ( 0.6249999999999997780, 11.42499999999999716, -1.082531754730547746 ) ) ;
#1632 = CARTESIAN_POINT ( 'NONE',  ( 0.000000000000000000, 0.4500000000000000111, 1.250000000000000000 ) ) ;
#1633 = CARTESIAN_POINT ( 'NONE',  ( 0.6250000000000012212, 10.88125000122903252, 1.082531754730547080 ) ) ;
#1634 = CARTESIAN_POINT ( 'NONE',  ( -1.006430356249999880, 7.796875000614514661, -0.5810628371015476024 ) ) ;
#1635 = CARTESIAN_POINT ( 'NONE',  ( -2.614599868946037210E-15, 7.918750001229033053, -1.249999999999999334 ) ) ;
#1636 = EDGE_CURVE ( 'NONE', #1807, #2303, #5567, .T. ) ;
#1637 = CARTESIAN_POINT ( 'NONE',  ( -0.3349364905389008995, 3.173653811796698143, 1.250000000000000000 ) ) ;
#1638 = DIRECTION ( 'NONE',  ( 0.000000000000000000, 0.8660254037844363761, 0.5000000000000038858 ) ) ;
#1639 = CARTESIAN_POINT ( 'NONE',  ( -1.006430356250000324, 1.384375000614515905, -0.5810628371015467142 ) ) ;
#1640 = CARTESIAN_POINT ( 'NONE',  ( 0.3349364905389005664, 0.6986538117966987205, -1.250000000000000000 ) ) ;
#1641 = AXIS2_PLACEMENT_3D ( 'NONE', #143, #3127, #5048 ) ;
#1642 = AXIS2_PLACEMENT_3D ( 'NONE', #5761, #5793, #3972 ) ;
#1643 = EDGE_LOOP ( 'NONE', ( #1920, #2621, #952, #6199 ) ) ;
#1644 = CARTESIAN_POINT ( 'NONE',  ( -0.5032151781249993849, 1.609375000614515550, 0.8715942556523227358 ) ) ;
#1645 = EDGE_CURVE ( 'NONE', #4641, #465, #948, .T. ) ;
#1646 = CARTESIAN_POINT ( 'NONE',  ( -1.249999999999998002, 9.418750001229032165, 0.7216878364870340512 ) ) ;
#1647 = CARTESIAN_POINT ( 'NONE',  ( 0.6249999999999987788, 4.974999999999998757, 1.082531754730548412 ) ) ;
#1648 = CARTESIAN_POINT ( 'NONE',  ( 0.2083333333333360071, 0.4500000000000000111, 1.232516621479086139 ) ) ;
#1649 = CARTESIAN_POINT ( 'NONE',  ( 2.909753293500117656E-15, 7.693750001229032520, 1.443375672974063439 ) ) ;
#1650 = CARTESIAN_POINT ( 'NONE',  ( -1.249999999999999334, 11.57499999999999929, -1.530808498934190831E-16 ) ) ;
#1651 = CARTESIAN_POINT ( 'NONE',  ( -1.006430356249998548, 12.70937500061451253, 0.5810628371015493787 ) ) ;
#1652 = EDGE_LOOP ( 'NONE', ( #3621, #1278, #6064, #2582 ) ) ;
#1653 = CARTESIAN_POINT ( 'NONE',  ( -1.006430356249999214, 7.421875000614513773, 0.5810628371015488236 ) ) ;
#1654 =( BOUNDED_CURVE ( )  B_SPLINE_CURVE ( 2, ( #507, #1068, #4815, #2415, #2445, #1, #1931, #1963, #942 ),
 .UNSPECIFIED., .F., .T. ) 
 B_SPLINE_CURVE_WITH_KNOTS ( ( 3, 2, 2, 2, 3 ),
 ( 0.9274193548387096309, 0.9301075268817203812, 0.9354838709677418818, 0.9408602150537634934, 0.9435483870967742437 ),
 .UNSPECIFIED. ) 
 CURVE ( )  GEOMETRIC_REPRESENTATION_ITEM ( )  RATIONAL_B_SPLINE_CURVE ( ( 0.9330127018922194093, 0.9330127018922194093, 1.000000000000000000, 0.8660254037844387076, 1.000000000000000000, 0.8660254037844387076, 1.000000000000000000, 0.9330127018922194093, 0.9330127018922194093 ) ) 
 REPRESENTATION_ITEM ( '' )  );
#1655 = CARTESIAN_POINT ( 'NONE',  ( 1.530808498934190831E-16, 12.00000000000000000, 1.249999999999999334 ) ) ;
#1656 = CARTESIAN_POINT ( 'NONE',  ( 0.5032151781249999400, 11.13437500061451324, 0.8715942556523221807 ) ) ;
#1657 = CARTESIAN_POINT ( 'NONE',  ( 1.743066579297358255E-16, 4.712499999999996803, -1.249999999999999112 ) ) ;
#1658 = CARTESIAN_POINT ( 'NONE',  ( -3.086515833287601756E-15, -0.6312499987709669913, -1.443375672974063439 ) ) ;
#1659 = CARTESIAN_POINT ( 'NONE',  ( 1.827526258964323273E-15, 5.584375000614515194, 1.162125674203096093 ) ) ;
#1660 = CARTESIAN_POINT ( 'NONE',  ( 1.827526258964323273E-15, 9.184375000614513951, 1.162125674203096093 ) ) ;
#1661 = ORIENTED_EDGE ( 'NONE', *, *, #867, .T. ) ;
#1662 = CARTESIAN_POINT ( 'NONE',  ( 0.5032151781249990519, 1.834375000614515416, -0.8715942556523228468 ) ) ;
#1663 = CARTESIAN_POINT ( 'NONE',  ( -0.5032151781249993849, 3.409375000614515372, 0.8715942556523227358 ) ) ;
#1664 = CARTESIAN_POINT ( 'NONE',  ( -1.006430356250000102, 5.434375000614515727, -0.5810628371015466032 ) ) ;
#1665 = CARTESIAN_POINT ( 'NONE',  ( -1.249999999999999778, 10.71249999999999503, 0.7216878364870313867 ) ) ;
#1666 = CARTESIAN_POINT ( 'NONE',  ( 0.9999999999999935607, 13.40000000000000036, -0.5773502691896372774 ) ) ;
#1667 = CARTESIAN_POINT ( 'NONE',  ( -1.249999999999999334, 12.08125000122903181, 2.596460695863248776E-15 ) ) ;
#1668 = CARTESIAN_POINT ( 'NONE',  ( 0.5032151781249999400, 8.434375000614515727, 0.8715942556523221807 ) ) ;
#1669 = CARTESIAN_POINT ( 'NONE',  ( 0.3349364905389053959, 7.713846190661366009, 1.249999999999998890 ) ) ;
#1670 = CARTESIAN_POINT ( 'NONE',  ( -0.6250000000000017764, 3.006250001229032520, -1.082531754730546636 ) ) ;
#1671 = CARTESIAN_POINT ( 'NONE',  ( -0.3349364905389057290, 6.588846190661366897, -1.249999999999998668 ) ) ;
#1672 = CARTESIAN_POINT ( 'NONE',  ( -0.5032151781249986078, 2.846875000614515816, 0.8715942556523228468 ) ) ;
#1673 = CARTESIAN_POINT ( 'NONE',  ( -4.938688641342514686E-16, 1.337499999999998357, 1.249999999999999334 ) ) ;
#1674 = ORIENTED_EDGE ( 'NONE', *, *, #3976, .T. ) ;
#1675 = CARTESIAN_POINT ( 'NONE',  ( -1.062732146793064886E-15, 2.321875000614515461, -1.162125674203096537 ) ) ;
#1676 = CARTESIAN_POINT ( 'NONE',  ( 1.743066579297358255E-16, 9.212499999999998579, -1.249999999999999112 ) ) ;
#1677 = MECHANICAL_DESIGN_GEOMETRIC_PRESENTATION_REPRESENTATION (  '', ( #5922 ), #5125 ) ;
#1678 = CARTESIAN_POINT ( 'NONE',  ( 0.6249999999999997780, 7.374999999999999112, -1.082531754730547746 ) ) ;
#1679 = CARTESIAN_POINT ( 'NONE',  ( 1.827526258964323273E-15, 10.98437500061451466, 1.162125674203096093 ) ) ;
#1680 =( BOUNDED_CURVE ( )  B_SPLINE_CURVE ( 2, ( #3313, #3225, #2288, #299, #2225, #4228, #2839, #6134, #2749 ),
 .UNSPECIFIED., .F., .T. ) 
 B_SPLINE_CURVE_WITH_KNOTS ( ( 3, 2, 2, 2, 3 ),
 ( 0.2983870967741935609, 0.3010752688172043112, 0.3064516129032258118, 0.3118279569892473124, 0.3145161290322580627 ),
 .UNSPECIFIED. ) 
 CURVE ( )  GEOMETRIC_REPRESENTATION_ITEM ( )  RATIONAL_B_SPLINE_CURVE ( ( 0.9330127018922194093, 0.9330127018922194093, 1.000000000000000000, 0.8660254037844387076, 1.000000000000000000, 0.8660254037844387076, 1.000000000000000000, 0.9330127018922194093, 0.9330127018922194093 ) ) 
 REPRESENTATION_ITEM ( '' )  );
#1681 = CARTESIAN_POINT ( 'NONE',  ( 0.6250000000000012212, 5.931250001229032343, 1.082531754730547080 ) ) ;
#1682 = CARTESIAN_POINT ( 'NONE',  ( 0.9999999999999935607, 13.40000000000000036, -0.5773502691896372774 ) ) ;
#1683 = CARTESIAN_POINT ( 'NONE',  ( 2.755455298081544285E-16, 12.15000000000000036, 2.250000000000000000 ) ) ;
#1684 = ADVANCED_FACE ( 'NONE', ( #1425 ), #1395, .T. ) ;
#1685 = VERTEX_POINT ( 'NONE', #550 ) ;
#1686 = CARTESIAN_POINT ( 'NONE',  ( -1.006430356249999658, 7.384375000614515017, 8.587269508238526152E-16 ) ) ;
#1687 = CARTESIAN_POINT ( 'NONE',  ( -1.000000000000000444, 13.40000000000000036, 0.5773502691896261751 ) ) ;
#1688 = CARTESIAN_POINT ( 'NONE',  ( -1.006430356249999880, 9.146875000614516082, -0.5810628371015476024 ) ) ;
#1689 = CARTESIAN_POINT ( 'NONE',  ( 0.3349364905389053959, 2.313846190661366542, 1.249999999999998890 ) ) ;
#1690 = CARTESIAN_POINT ( 'NONE',  ( 2.909753293500117656E-15, 1.843750001229032653, 1.443375672974063439 ) ) ;
#1691 = CARTESIAN_POINT ( 'NONE',  ( -0.5032151781250009392, 5.846875000614515372, -0.8715942556523212925 ) ) ;
#1692 = CARTESIAN_POINT ( 'NONE',  ( -0.5032151781249986078, 7.796875000614514661, 0.8715942556523228468 ) ) ;
#1693 = ORIENTED_EDGE ( 'NONE', *, *, #6122, .F. ) ;
#1694 = CARTESIAN_POINT ( 'NONE',  ( -0.5032151781249993849, 1.159375000614515594, 0.8715942556523227358 ) ) ;
#1695 = CARTESIAN_POINT ( 'NONE',  ( -1.006430356249999880, 1.946875000614515683, -0.5810628371015476024 ) ) ;
#1696 = CARTESIAN_POINT ( 'NONE',  ( 0.5032151781249982747, 7.121875000614515727, -0.8715942556523229579 ) ) ;
#1697 = CARTESIAN_POINT ( 'NONE',  ( -0.6249999999999993339, 11.49999999999999645, -1.082531754730547968 ) ) ;
#1698 = CARTESIAN_POINT ( 'NONE',  ( 2.236935443431609674E-15, 5.893750001229030921, 1.249999999999999556 ) ) ;
#1699 = CARTESIAN_POINT ( 'NONE',  ( 1.249999999999998002, 12.34375000122903288, -0.7216878364870344953 ) ) ;
#1700 = PRODUCT_DEFINITION_SHAPE ( 'NONE', 'NONE',  #3769 ) ;
#1701 = PRODUCT_DEFINITION_FORMATION_WITH_SPECIFIED_SOURCE ( 'ANY', '', #4139, .NOT_KNOWN. ) ;
#1702 = VERTEX_POINT ( 'NONE', #2484 ) ;
#1703 = CARTESIAN_POINT ( 'NONE',  ( 0.5032151781249990519, 12.18437500061451573, -0.8715942556523228468 ) ) ;
#1704 = CARTESIAN_POINT ( 'NONE',  ( 1.249999999999997780, 8.743750001229031454, -0.7216878364870343843 ) ) ;
#1705 = CARTESIAN_POINT ( 'NONE',  ( 1.249999999999999334, 10.89999999999999680, 0.000000000000000000 ) ) ;
#1706 = CARTESIAN_POINT ( 'NONE',  ( 1.743066579297358255E-16, 6.512499999999998401, -1.249999999999999112 ) ) ;
#1707 = CARTESIAN_POINT ( 'NONE',  ( 1.006430356249998104, 4.834375000614515194, -0.5810628371015496008 ) ) ;
#1708 = APPLICATION_PROTOCOL_DEFINITION ( 'draft international standard', 'automotive_design', 1998, #5507 ) ;
#1709 = EDGE_LOOP ( 'NONE', ( #2099, #4676, #5304, #4248, #583, #5415 ) ) ;
#1710 = CARTESIAN_POINT ( 'NONE',  ( 1.006430356249999658, 3.559375000614515283, -9.819791222584819450E-16 ) ) ;
#1711 = CARTESIAN_POINT ( 'NONE',  ( -3.195622062045156678E-15, 1.562499999999998890, -1.249999999999999112 ) ) ;
#1712 = CARTESIAN_POINT ( 'NONE',  ( 0.6249999999999997780, 5.124999999999998224, -1.082531754730547746 ) ) ;
#1713 = EDGE_CURVE ( 'NONE', #2498, #1468, #4882, .T. ) ;
#1714 = CARTESIAN_POINT ( 'NONE',  ( -0.5032151781249986078, 11.39687500061451431, 0.8715942556523228468 ) ) ;
#1715 = CARTESIAN_POINT ( 'NONE',  ( 1.250000000000000444, 7.318750001229031632, 0.7216878364870298324 ) ) ;
#1716 = LINE ( 'NONE', #3662, #506 ) ;
#1717 = CARTESIAN_POINT ( 'NONE',  ( -4.938688641342514686E-16, 0.8874999999999985123, 1.249999999999999334 ) ) ;
#1718 = VERTEX_POINT ( 'NONE', #4822 ) ;
#1719 = CARTESIAN_POINT ( 'NONE',  ( 1.006430356249999658, 7.609375000614514661, -9.819791222584819450E-16 ) ) ;
#1720 = CYLINDRICAL_SURFACE ( 'NONE', #5060, 1.249999999999999334 ) ;
#1721 = CARTESIAN_POINT ( 'NONE',  ( -1.249999999999999334, -0.6125000000000012657, -0.7216878364870322748 ) ) ;
#1722 = ADVANCED_FACE ( 'NONE', ( #4922, #483 ), #74, .T. ) ;
#1723 = CARTESIAN_POINT ( 'NONE',  ( -3.569075380924708916E-16, 14.35000000000000497, 1.154700538379252128 ) ) ;
#1724 = CARTESIAN_POINT ( 'NONE',  ( -0.6250000000000017764, 1.206250001229032698, -1.082531754730546636 ) ) ;
#1725 = CARTESIAN_POINT ( 'NONE',  ( -0.5032151781249986078, 8.246875000614513951, 0.8715942556523228468 ) ) ;
#1726 = CARTESIAN_POINT ( 'NONE',  ( -1.006430356250000324, 8.584375000614512530, -0.5810628371015467142 ) ) ;
#1727 = VERTEX_POINT ( 'NONE', #3943 ) ;
#1728 = CARTESIAN_POINT ( 'NONE',  ( -0.5032151781249993849, 1.609375000614515550, 0.8715942556523227358 ) ) ;
#1729 = CARTESIAN_POINT ( 'NONE',  ( -0.5032151781250003841, 5.059375000614514839, -0.8715942556523218476 ) ) ;
#1730 = CARTESIAN_POINT ( 'NONE',  ( -0.5032151781249986078, 6.896875000614514306, 0.8715942556523228468 ) ) ;
#1731 = CARTESIAN_POINT ( 'NONE',  ( -0.6250000000000002220, 10.75000000000000000, 1.082531754730547746 ) ) ;
#1732 = DIRECTION ( 'NONE',  ( 0.000000000000000000, 0.000000000000000000, -1.000000000000000000 ) ) ;
#1733 = CARTESIAN_POINT ( 'NONE',  ( -1.006430356250000324, 0.03437500061451571887, -0.5810628371015467142 ) ) ;
#1734 = CARTESIAN_POINT ( 'NONE',  ( -1.062732146793064886E-15, 10.87187500061451573, -1.162125674203096537 ) ) ;
#1735 = CARTESIAN_POINT ( 'NONE',  ( 0.6249999999999997780, 8.724999999999996092, -1.082531754730547746 ) ) ;
#1736 = DIRECTION ( 'NONE',  ( -0.000000000000000000, -1.000000000000000000, -0.000000000000000000 ) ) ;
#1737 = DIRECTION ( 'NONE',  ( -0.8660254037844388186, 0.000000000000000000, 0.4999999999999996669 ) ) ;
#1738 = CARTESIAN_POINT ( 'NONE',  ( -0.5032151781250009392, 3.596875000614515816, -0.8715942556523212925 ) ) ;
#1739 = CARTESIAN_POINT ( 'NONE',  ( -1.250000000000000444, 2.593750001229031987, -0.7216878364870294993 ) ) ;
#1740 = ORIENTED_EDGE ( 'NONE', *, *, #6002, .T. ) ;
#1741 = CARTESIAN_POINT ( 'NONE',  ( 1.006430356249999658, 3.071875000614515461, 0.5810628371015478244 ) ) ;
#1742 = CARTESIAN_POINT ( 'NONE',  ( -1.250000000000000444, 7.093750001229032875, -0.7216878364870294993 ) ) ;
#1743 = CARTESIAN_POINT ( 'NONE',  ( 1.249999999999999112, 2.762499999999998401, 0.7216878364870324969 ) ) ;
#1744 = VECTOR ( 'NONE', #4108, 1000.000000000000000 ) ;
#1745 = CARTESIAN_POINT ( 'NONE',  ( 1.249999999999998002, 6.043750001229031277, -0.7216878364870344953 ) ) ;
#1746 = CARTESIAN_POINT ( 'NONE',  ( 1.249999999999999334, 11.79999999999999716, 0.000000000000000000 ) ) ;
#1747 = LINE ( 'NONE', #3249, #3827 ) ;
#1748 = VERTEX_POINT ( 'NONE', #6227 ) ;
#1749 = EDGE_CURVE ( 'NONE', #21, #5730, #2293, .T. ) ;
#1750 = CARTESIAN_POINT ( 'NONE',  ( 0.5032151781249990519, 8.134375000614515017, -0.8715942556523228468 ) ) ;
#1751 = CARTESIAN_POINT ( 'NONE',  ( -0.3349364905389057290, 7.488846190661367253, -1.249999999999998668 ) ) ;
#1752 = CARTESIAN_POINT ( 'NONE',  ( 0.5032151781249990519, 12.18437500061451573, -0.8715942556523228468 ) ) ;
#1753 = DIRECTION ( 'NONE',  ( 0.000000000000000000, 1.000000000000000000, 0.000000000000000000 ) ) ;
#1754 = CARTESIAN_POINT ( 'NONE',  ( 1.249999999999998002, 1.543750001229033053, -0.7216878364870344953 ) ) ;
#1755 = CARTESIAN_POINT ( 'NONE',  ( -0.5032151781250009392, 7.646875000614515194, -0.8715942556523212925 ) ) ;
#1756 = CARTESIAN_POINT ( 'NONE',  ( -1.006430356249999436, 10.42187500061451466, 1.644310252063557226E-15 ) ) ;
#1757 = VERTEX_POINT ( 'NONE', #1140 ) ;
#1758 = CARTESIAN_POINT ( 'NONE',  ( -1.006430356249999658, 0.6343750006145155718, 8.587269508238526152E-16 ) ) ;
#1759 = CARTESIAN_POINT ( 'NONE',  ( 1.006430356249999658, 4.909375000614515372, -9.819791222584817478E-16 ) ) ;
#1760 = CARTESIAN_POINT ( 'NONE',  ( -0.5032151781250009392, 8.096875000614513596, -0.8715942556523212925 ) ) ;
#1761 = ORIENTED_EDGE ( 'NONE', *, *, #4556, .F. ) ;
#1762 = CARTESIAN_POINT ( 'NONE',  ( -1.249999999999999334, 12.47499999999999609, -1.530808498934190831E-16 ) ) ;
#1763 = CARTESIAN_POINT ( 'NONE',  ( 0.3349364905389053959, 10.86384619066136636, 1.249999999999998890 ) ) ;
#1764 = CARTESIAN_POINT ( 'NONE',  ( -0.5032151781250009392, -0.4531249993854842839, -0.8715942556523212925 ) ) ;
#1765 = EDGE_CURVE ( 'NONE', #379, #1748, #2067, .T. ) ;
#1766 = LINE ( 'NONE', #2272, #5594 ) ;
#1767 = CARTESIAN_POINT ( 'NONE',  ( 1.006430356249999436, 0.7468750006145157272, -1.767562423498186358E-15 ) ) ;
#1768 = DIRECTION ( 'NONE',  ( 0.7071067811865489050, 0.7071067811865462405, 0.000000000000000000 ) ) ;
#1769 = CARTESIAN_POINT ( 'NONE',  ( -1.006430356249998548, 4.609375000614515550, 0.5810628371015493787 ) ) ;
#1770 = ORIENTED_EDGE ( 'NONE', *, *, #4549, .F. ) ;
#1771 = CARTESIAN_POINT ( 'NONE',  ( -1.006430356249999880, 3.746875000614515283, -0.5810628371015476024 ) ) ;
#1772 = LINE ( 'NONE', #5640, #3277 ) ;
#1773 = CARTESIAN_POINT ( 'NONE',  ( 1.743066579297358255E-16, 2.912499999999998312, -1.249999999999999112 ) ) ;
#1774 = CARTESIAN_POINT ( 'NONE',  ( 0.000000000000000000, 12.00000000000000000, 0.000000000000000000 ) ) ;
#1775 = DIRECTION ( 'NONE',  ( 0.000000000000000000, 0.000000000000000000, 1.000000000000000000 ) ) ;
#1776 = VERTEX_POINT ( 'NONE', #2609 ) ;
#1777 = CARTESIAN_POINT ( 'NONE',  ( -1.062732146793064886E-15, 9.971875000614515372, -1.162125674203096537 ) ) ;
#1778 = CARTESIAN_POINT ( 'NONE',  ( 1.249999999999997780, 5.593750001229031987, -0.7216878364870343843 ) ) ;
#1779 = CARTESIAN_POINT ( 'NONE',  ( 1.006430356249999658, 12.55937500061451217, -9.819791222584817478E-16 ) ) ;
#1780 = CARTESIAN_POINT ( 'NONE',  ( 1.249999999999999112, 9.962499999999998579, 0.7216878364870324969 ) ) ;
#1781 = CARTESIAN_POINT ( 'NONE',  ( -1.249999999999999334, 1.731250001229032609, 2.596460695863248776E-15 ) ) ;
#1782 = CARTESIAN_POINT ( 'NONE',  ( -1.006430356249999436, 8.621875000614513951, 1.644310252063557226E-15 ) ) ;
#1783 = CARTESIAN_POINT ( 'NONE',  ( 1.006430356249999436, 11.99687500061451395, -1.767562423498186358E-15 ) ) ;
#1784 = EDGE_LOOP ( 'NONE', ( #917, #2783, #435, #4667 ) ) ;
#1785 = CARTESIAN_POINT ( 'NONE',  ( -0.5032151781250003841, 4.609375000614515550, -0.8715942556523218476 ) ) ;
#1786 = CARTESIAN_POINT ( 'NONE',  ( 1.006430356249999658, 6.671875000614515550, 0.5810628371015478244 ) ) ;
#1787 = CARTESIAN_POINT ( 'NONE',  ( 1.006430356249999880, 6.559375000614514839, 0.5810628371015468252 ) ) ;
#1788 = CARTESIAN_POINT ( 'NONE',  ( 2.236935443431609674E-15, 1.393750001229032920, 1.249999999999999556 ) ) ;
#1789 = EDGE_CURVE ( 'NONE', #2498, #5710, #5890, .T. ) ;
#1790 = CARTESIAN_POINT ( 'NONE',  ( 0.5032151781250004952, 0.2218750006145156772, 0.8715942556523216256 ) ) ;
#1791 = AXIS2_PLACEMENT_3D ( 'NONE', #3299, #5220, #1737 ) ;
#1792 = ORIENTED_EDGE ( 'NONE', *, *, #484, .F. ) ;
#1793 = VERTEX_POINT ( 'NONE', #611 ) ;
#1794 = CARTESIAN_POINT ( 'NONE',  ( 9.204127980810863719E-16, -0.6031249993854843616, 1.162125674203096537 ) ) ;
#1795 = DIRECTION ( 'NONE',  ( 0.6546536707079748663, 0.6546536707079764206, -0.3779644730092326932 ) ) ;
#1796 = EDGE_CURVE ( 'NONE', #4977, #169, #3533, .T. ) ;
#1797 = DIRECTION ( 'NONE',  ( 0.000000000000000000, 0.000000000000000000, -1.000000000000000000 ) ) ;
#1798 = CARTESIAN_POINT ( 'NONE',  ( 1.827526258964323273E-15, 4.684375000614515727, 1.162125674203096093 ) ) ;
#1799 = CARTESIAN_POINT ( 'NONE',  ( -0.3349364905389057290, 2.538846190661367075, -1.249999999999998668 ) ) ;
#1800 = ORIENTED_EDGE ( 'NONE', *, *, #754, .T. ) ;
#1801 = CARTESIAN_POINT ( 'NONE',  ( 1.006430356249999658, 4.909375000614515372, -9.819791222584819450E-16 ) ) ;
#1802 = CARTESIAN_POINT ( 'NONE',  ( -0.6250000000000017764, 10.20625000122903003, -1.082531754730546636 ) ) ;
#1803 = CARTESIAN_POINT ( 'NONE',  ( -1.249999999999998002, 4.018750001229031810, 0.7216878364870340512 ) ) ;
#1804 = DIRECTION ( 'NONE',  ( 0.000000000000000000, 0.000000000000000000, -1.000000000000000000 ) ) ;
#1805 = CARTESIAN_POINT ( 'NONE',  ( 1.249999999999999112, 11.76249999999999929, 0.7216878364870324969 ) ) ;
#1806 = DIRECTION ( 'NONE',  ( 0.000000000000000000, 0.000000000000000000, 1.000000000000000000 ) ) ;
#1807 = VERTEX_POINT ( 'NONE', #3059 ) ;
#1808 = DIRECTION ( 'NONE',  ( 1.224646799147353207E-16, 0.000000000000000000, -1.000000000000000000 ) ) ;
#1809 = CARTESIAN_POINT ( 'NONE',  ( -0.5032151781249993849, 11.95937500061451253, 0.8715942556523227358 ) ) ;
#1810 = CARTESIAN_POINT ( 'NONE',  ( 0.000000000000000000, 14.50000000000000000, 2.100000000000000089 ) ) ;
#1811 = CARTESIAN_POINT ( 'NONE',  ( 1.006430356249999880, 8.359375000614514661, 0.5810628371015469362 ) ) ;
#1812 = CARTESIAN_POINT ( 'NONE',  ( 0.5032151781250004952, 11.47187500061451537, 0.8715942556523216256 ) ) ;
#1813 = PRODUCT_DEFINITION_CONTEXT ( 'detailed design', #1265, 'design' ) ;
#1814 = ORIENTED_EDGE ( 'NONE', *, *, #5196, .F. ) ;
#1815 = CARTESIAN_POINT ( 'NONE',  ( -1.006430356249999214, 2.921875000614515994, 0.5810628371015488236 ) ) ;
#1816 = VECTOR ( 'NONE', #2458, 1000.000000000000000 ) ;
#1817 = CARTESIAN_POINT ( 'NONE',  ( 0.5032151781249990519, 4.984375000614515550, -0.8715942556523228468 ) ) ;
#1818 = CARTESIAN_POINT ( 'NONE',  ( -1.969845607676301195E-15, 7.159375000614515372, -1.162125674203096093 ) ) ;
#1819 = ORIENTED_EDGE ( 'NONE', *, *, #2348, .T. ) ;
#1820 = CARTESIAN_POINT ( 'NONE',  ( 0.6249999999999997780, 12.77499999999999858, -1.082531754730547746 ) ) ;
#1821 = CARTESIAN_POINT ( 'NONE',  ( 1.249999999999999334, 3.699999999999998401, 0.000000000000000000 ) ) ;
#1822 = CARTESIAN_POINT ( 'NONE',  ( -0.5032151781250009392, 1.346875000614515594, -0.8715942556523212925 ) ) ;
#1823 = EDGE_CURVE ( 'NONE', #1226, #5747, #1842, .T. ) ;
#1824 = EDGE_LOOP ( 'NONE', ( #3895, #5157, #4480, #2392 ) ) ;
#1825 = ORIENTED_EDGE ( 'NONE', *, *, #2037, .F. ) ;
#1826 = DIRECTION ( 'NONE',  ( -0.000000000000000000, -1.000000000000000000, -0.000000000000000000 ) ) ;
#1827 = CARTESIAN_POINT ( 'NONE',  ( 1.827526258964323273E-15, 0.1843750006145156717, 1.162125674203096093 ) ) ;
#1828 = CARTESIAN_POINT ( 'NONE',  ( -0.6249999999999993339, 6.549999999999998934, -1.082531754730547968 ) ) ;
#1829 = CARTESIAN_POINT ( 'NONE',  ( 1.249999999999999334, 3.756250001229032520, -2.749541545756668106E-15 ) ) ;
#1830 = CARTESIAN_POINT ( 'NONE',  ( 0.5032151781249982747, 5.771875000614515194, -0.8715942556523229579 ) ) ;
#1831 = AXIS2_PLACEMENT_3D ( 'NONE', #2014, #1595, #4048 ) ;
#1832 = ORIENTED_EDGE ( 'NONE', *, *, #5463, .T. ) ;
#1833 = ADVANCED_FACE ( 'NONE', ( #4983 ), #3501, .F. ) ;
#1834 = CARTESIAN_POINT ( 'NONE',  ( -1.062732146793064886E-15, 5.021875000614514306, -1.162125674203096537 ) ) ;
#1835 = CARTESIAN_POINT ( 'NONE',  ( -1.249999999999999112, 8.387499999999999289, -0.7216878364870322748 ) ) ;
#1836 = CARTESIAN_POINT ( 'NONE',  ( 2.162577587529268681E-16, 13.40000000000000036, -1.154700538379252128 ) ) ;
#1837 = CARTESIAN_POINT ( 'NONE',  ( 1.249999999999999334, 2.799999999999998490, 0.000000000000000000 ) ) ;
#1838 = CARTESIAN_POINT ( 'NONE',  ( -2.614599868946037210E-15, 6.118750001229032343, -1.249999999999999334 ) ) ;
#1839 = DIRECTION ( 'NONE',  ( 0.000000000000000000, 0.000000000000000000, 1.000000000000000000 ) ) ;
#1840 = EDGE_LOOP ( 'NONE', ( #1348, #1740, #4241, #2910 ) ) ;
#1841 = ADVANCED_FACE ( 'NONE', ( #5919 ), #1582, .T. ) ;
#1842 = CIRCLE ( 'NONE', #5361, 0.9901923788646657121 ) ;
#1843 = CARTESIAN_POINT ( 'NONE',  ( -1.250000000000000444, 7.543750001229032165, -0.7216878364870294993 ) ) ;
#1844 = CARTESIAN_POINT ( 'NONE',  ( 8.838126989374219771E-17, -0.2375000000000012934, -1.443375672974063439 ) ) ;
#1845 = CARTESIAN_POINT ( 'NONE',  ( 2.162577587529268681E-16, 14.35000000000000497, -1.154700538379252128 ) ) ;
#1846 = CARTESIAN_POINT ( 'NONE',  ( -1.006430356250000324, 9.934375000614513951, -0.5810628371015467142 ) ) ;
#1847 = CARTESIAN_POINT ( 'NONE',  ( -0.5032151781250009392, 10.34687500061451360, -0.8715942556523212925 ) ) ;
#1848 =( BOUNDED_CURVE ( )  B_SPLINE_CURVE ( 2, ( #2747, #4886, #5386, #1012, #4349, #1045, #1488, #103, #1998 ),
 .UNSPECIFIED., .F., .F. ) 
 B_SPLINE_CURVE_WITH_KNOTS ( ( 3, 2, 2, 2, 3 ),
 ( 0.5403225806451612545, 0.5430107526881720048, 0.5483870967741935054, 0.5537634408602150060, 0.5564516129032257563 ),
 .UNSPECIFIED. ) 
 CURVE ( )  GEOMETRIC_REPRESENTATION_ITEM ( )  RATIONAL_B_SPLINE_CURVE ( ( 0.9330127018922194093, 0.9330127018922194093, 1.000000000000000000, 0.8660254037844387076, 1.000000000000000000, 0.8660254037844387076, 1.000000000000000000, 0.9330127018922194093, 0.9330127018922194093 ) ) 
 REPRESENTATION_ITEM ( '' )  );
#1849 = VECTOR ( 'NONE', #1826, 1000.000000000000000 ) ;
#1850 = ORIENTED_EDGE ( 'NONE', *, *, #3700, .T. ) ;
#1851 = CARTESIAN_POINT ( 'NONE',  ( -1.062732146793064886E-15, 4.571875000614515017, -1.162125674203096537 ) ) ;
#1852 = CARTESIAN_POINT ( 'NONE',  ( -1.006430356249999658, 10.08437500061451431, 8.587269508238526152E-16 ) ) ;
#1853 = CARTESIAN_POINT ( 'NONE',  ( -1.006430356249998992, 4.721875000614514484, 0.5810628371015487126 ) ) ;
#1854 = CARTESIAN_POINT ( 'NONE',  ( 1.006430356249999436, 8.846875000614513596, -1.767562423498186358E-15 ) ) ;
#1855 = CARTESIAN_POINT ( 'NONE',  ( -2.614599868946037210E-15, 5.218750001229032875, -1.249999999999999334 ) ) ;
#1856 = FACE_OUTER_BOUND ( 'NONE', #412, .T. ) ;
#1857 = CARTESIAN_POINT ( 'NONE',  ( -1.006430356250000324, 1.384375000614515905, -0.5810628371015467142 ) ) ;
#1858 = ORIENTED_EDGE ( 'NONE', *, *, #4323, .T. ) ;
#1859 = EDGE_LOOP ( 'NONE', ( #2754, #2435, #5607, #1407 ) ) ;
#1860 =( BOUNDED_CURVE ( )  B_SPLINE_CURVE ( 2, ( #4879, #5349, #3875, #5789, #447, #1008, #97, #4376, #5286 ),
 .UNSPECIFIED., .F., .T. ) 
 B_SPLINE_CURVE_WITH_KNOTS ( ( 3, 2, 2, 2, 3 ),
 ( 0.4596774193548386900, 0.4623655913978494403, 0.4677419354838709409, 0.4731182795698924970, 0.4758064516129032473 ),
 .UNSPECIFIED. ) 
 CURVE ( )  GEOMETRIC_REPRESENTATION_ITEM ( )  RATIONAL_B_SPLINE_CURVE ( ( 0.9330127018922194093, 0.9330127018922194093, 1.000000000000000000, 0.8660254037844387076, 1.000000000000000000, 0.8660254037844387076, 1.000000000000000000, 0.9330127018922194093, 0.9330127018922194093 ) ) 
 REPRESENTATION_ITEM ( '' )  );
#1861 = CARTESIAN_POINT ( 'NONE',  ( 0.000000000000000000, 12.00000000000000000, -1.249999999999999334 ) ) ;
#1862 = CARTESIAN_POINT ( 'NONE',  ( 0.5032151781249982747, 1.271875000614515638, -0.8715942556523229579 ) ) ;
#1863 = CARTESIAN_POINT ( 'NONE',  ( -1.249999999999999334, 5.724999999999998757, -1.530808498934190831E-16 ) ) ;
#1864 = CARTESIAN_POINT ( 'NONE',  ( 2.236935443431609674E-15, 8.593750001229029323, 1.249999999999999556 ) ) ;
#1865 = CARTESIAN_POINT ( 'NONE',  ( 0.6249999999999974465, 6.981250001229033053, -1.082531754730548856 ) ) ;
#1866 = CARTESIAN_POINT ( 'NONE',  ( 1.827526258964323273E-15, 6.934375000614516615, 1.162125674203096093 ) ) ;
#1867 = LINE ( 'NONE', #852, #2957 ) ;
#1868 = CARTESIAN_POINT ( 'NONE',  ( 1.006430356249999658, 5.771875000614515194, 0.5810628371015478244 ) ) ;
#1869 = DIRECTION ( 'NONE',  ( -0.000000000000000000, 1.000000000000000000, -0.000000000000000000 ) ) ;
#1870 = CARTESIAN_POINT ( 'NONE',  ( 2.236935443431609674E-15, 4.093750001229031987, 1.249999999999999556 ) ) ;
#1871 = CARTESIAN_POINT ( 'NONE',  ( 0.3349364905389032865, 2.892403810567664824, -1.249999999999999112 ) ) ;
#1872 = CARTESIAN_POINT ( 'NONE',  ( 1.006430356249999436, -1.053124999385484317, -1.767562423498186358E-15 ) ) ;
#1873 = CARTESIAN_POINT ( 'NONE',  ( 1.085639967805704632E-13, 0.1453125009217802743, 1.074088590388474262 ) ) ;
#1874 = ORIENTED_EDGE ( 'NONE', *, *, #2291, .F. ) ;
#1875 = LINE ( 'NONE', #1363, #4758 ) ;
#1876 = CARTESIAN_POINT ( 'NONE',  ( -2.651438096812265438E-16, 1.787499999999998757, 1.443375672974063439 ) ) ;
#1877 = CARTESIAN_POINT ( 'NONE',  ( 1.149999999999995692, 14.50000000000000000, 0.6639528095680686803 ) ) ;
#1878 = ADVANCED_FACE ( 'NONE', ( #2579 ), #3119, .T. ) ;
#1879 = CARTESIAN_POINT ( 'NONE',  ( -1.969845607676301195E-15, 8.959375000614514306, -1.162125674203096093 ) ) ;
#1880 = CARTESIAN_POINT ( 'NONE',  ( -0.5032151781250009392, 11.69687500061451502, -0.8715942556523212925 ) ) ;
#1881 = ORIENTED_EDGE ( 'NONE', *, *, #6118, .T. ) ;
#1882 = CARTESIAN_POINT ( 'NONE',  ( -1.006430356249999658, 4.234375000614515550, 8.587269508238526152E-16 ) ) ;
#1883 = CARTESIAN_POINT ( 'NONE',  ( 1.006430356249999658, 10.72187500061451537, 0.5810628371015478244 ) ) ;
#1884 = CARTESIAN_POINT ( 'NONE',  ( -1.006430356249998992, 6.971875000614515372, 0.5810628371015487126 ) ) ;
#1885 = CARTESIAN_POINT ( 'NONE',  ( -0.5032151781250009392, 9.896875000614514306, -0.8715942556523212925 ) ) ;
#1886 = CARTESIAN_POINT ( 'NONE',  ( 2.236935443431609674E-15, 4.993750001229032343, 1.249999999999999556 ) ) ;
#1887 = VECTOR ( 'NONE', #1638, 999.9999999999998863 ) ;
#1888 = CARTESIAN_POINT ( 'NONE',  ( 1.249999999999999334, 6.456250001229032698, -2.749541545756668106E-15 ) ) ;
#1889 = CARTESIAN_POINT ( 'NONE',  ( 1.006430356249999436, 2.546875000614515994, -1.767562423498186358E-15 ) ) ;
#1890 =( BOUNDED_CURVE ( )  B_SPLINE_CURVE ( 2, ( #3992, #1572, #3396, #95, #2023, #4813, #1005, #6248, #5348 ),
 .UNSPECIFIED., .F., .F. ) 
 B_SPLINE_CURVE_WITH_KNOTS ( ( 3, 2, 2, 2, 3 ),
 ( 0.3951612903225806273, 0.3978494623655913776, 0.4032258064516128782, 0.4086021505376344343, 0.4112903225806451846 ),
 .UNSPECIFIED. ) 
 CURVE ( )  GEOMETRIC_REPRESENTATION_ITEM ( )  RATIONAL_B_SPLINE_CURVE ( ( 0.9330127018922194093, 0.9330127018922194093, 1.000000000000000000, 0.8660254037844387076, 1.000000000000000000, 0.8660254037844387076, 1.000000000000000000, 0.9330127018922194093, 0.9330127018922194093 ) ) 
 REPRESENTATION_ITEM ( '' )  );
#1891 = EDGE_LOOP ( 'NONE', ( #2762, #5961 ) ) ;
#1892 = ORIENTED_EDGE ( 'NONE', *, *, #5659, .F. ) ;
#1893 = CARTESIAN_POINT ( 'NONE',  ( 0.000000000000000000, 14.34999999999999964, 0.000000000000000000 ) ) ;
#1894 = CARTESIAN_POINT ( 'NONE',  ( -1.006430356249998548, 2.809375000614516171, 0.5810628371015494897 ) ) ;
#1895 = CARTESIAN_POINT ( 'NONE',  ( -0.6250000000000002220, 6.249999999999997335, 1.082531754730547746 ) ) ;
#1896 = CARTESIAN_POINT ( 'NONE',  ( 0.000000000000000000, 12.00000000000000000, 0.000000000000000000 ) ) ;
#1897 = CARTESIAN_POINT ( 'NONE',  ( -1.249999999999998224, 9.418750001229032165, 0.7216878364870340512 ) ) ;
#1898 = CARTESIAN_POINT ( 'NONE',  ( -1.006430356250000324, 7.234375000614515550, -0.5810628371015467142 ) ) ;
#1899 = VECTOR ( 'NONE', #4103, 1000.000000000000000 ) ;
#1900 = CARTESIAN_POINT ( 'NONE',  ( 1.006430356249999658, 6.709375000614515194, -9.819791222584819450E-16 ) ) ;
#1901 = CARTESIAN_POINT ( 'NONE',  ( 0.6249999999999997780, 4.224999999999998757, -1.082531754730547746 ) ) ;
#1902 = DIRECTION ( 'NONE',  ( -0.000000000000000000, -1.000000000000000000, -0.000000000000000000 ) ) ;
#1903 = CARTESIAN_POINT ( 'NONE',  ( 0.2083333333333360071, 0.4500000000000000111, 1.232516621479086139 ) ) ;
#1904 = CARTESIAN_POINT ( 'NONE',  ( -1.008137368039168980, 0.04929469869595690112, -0.2383959406224766542 ) ) ;
#1905 = ORIENTED_EDGE ( 'NONE', *, *, #1434, .T. ) ;
#1906 = EDGE_CURVE ( 'NONE', #176, #1201, #4885, .T. ) ;
#1907 = CARTESIAN_POINT ( 'NONE',  ( -0.4328500428072135087, 11.99999999999999822, -1.167010519936289903 ) ) ;
#1908 = CARTESIAN_POINT ( 'NONE',  ( 8.838126989374219771E-17, 1.562499999999998224, -1.443375672974063439 ) ) ;
#1909 = CARTESIAN_POINT ( 'NONE',  ( -1.249999999999998002, 4.468750001229031987, 0.7216878364870340512 ) ) ;
#1910 = CARTESIAN_POINT ( 'NONE',  ( 0.5032151781250004952, 8.771875000614514306, 0.8715942556523216256 ) ) ;
#1911 = CARTESIAN_POINT ( 'NONE',  ( -1.006430356250000324, 12.63437500061451324, -0.5810628371015467142 ) ) ;
#1912 = ORIENTED_EDGE ( 'NONE', *, *, #5707, .T. ) ;
#1913 = CARTESIAN_POINT ( 'NONE',  ( 1.006430356249998992, 4.046875000614515550, -0.5810628371015489346 ) ) ;
#1914 = EDGE_CURVE ( 'NONE', #2294, #2798, #2951, .T. ) ;
#1915 = DIRECTION ( 'NONE',  ( -0.000000000000000000, -1.000000000000000000, -0.000000000000000000 ) ) ;
#1916 = CARTESIAN_POINT ( 'NONE',  ( 1.006430356249999658, 7.609375000614514661, -9.819791222584817478E-16 ) ) ;
#1917 = CARTESIAN_POINT ( 'NONE',  ( 1.006430356249999880, 8.809375000614515727, 0.5810628371015468252 ) ) ;
#1918 = CARTESIAN_POINT ( 'NONE',  ( 1.149999999999995692, 14.50000000000000000, -0.6639528095680686803 ) ) ;
#1919 = CARTESIAN_POINT ( 'NONE',  ( -1.006430356249998548, 2.359375000614515994, 0.5810628371015493787 ) ) ;
#1920 = ORIENTED_EDGE ( 'NONE', *, *, #4618, .F. ) ;
#1921 = VERTEX_POINT ( 'NONE', #2642 ) ;
#1922 = CARTESIAN_POINT ( 'NONE',  ( -1.006430356249998992, 1.121875000614515283, 0.5810628371015487126 ) ) ;
#1923 =( BOUNDED_CURVE ( )  B_SPLINE_CURVE ( 2, ( #4721, #6098, #1802, #4660, #5638, #1295, #1325, #3365, #6188 ),
 .UNSPECIFIED., .F., .F. ) 
 B_SPLINE_CURVE_WITH_KNOTS ( ( 3, 2, 2, 2, 3 ),
 ( 0.8145161290322580072, 0.8172043010752688685, 0.8225806451612903691, 0.8279569892473118697, 0.8306451612903226200 ),
 .UNSPECIFIED. ) 
 CURVE ( )  GEOMETRIC_REPRESENTATION_ITEM ( )  RATIONAL_B_SPLINE_CURVE ( ( 0.9330127018922194093, 0.9330127018922179660, 1.000000000000000000, 0.8660254037844387076, 1.000000000000000000, 0.8660254037844387076, 1.000000000000000000, 0.9330127018922194093, 0.9330127018922194093 ) ) 
 REPRESENTATION_ITEM ( '' )  );
#1924 = CARTESIAN_POINT ( 'NONE',  ( -0.5032151781250009392, 2.246875000614515283, -0.8715942556523212925 ) ) ;
#1925 = CARTESIAN_POINT ( 'NONE',  ( -1.249999999999999334, 7.974999999999999645, -1.530808498934190831E-16 ) ) ;
#1926 = CARTESIAN_POINT ( 'NONE',  ( 0.000000000000000000, 12.00000000000000000, -1.249999999999999334 ) ) ;
#1927 = CARTESIAN_POINT ( 'NONE',  ( 1.249999999999998002, 9.193750001229032520, -0.7216878364870344953 ) ) ;
#1928 = CARTESIAN_POINT ( 'NONE',  ( 1.006430356249999880, 5.209375000614516971, 0.5810628371015469362 ) ) ;
#1929 = CARTESIAN_POINT ( 'NONE',  ( 9.204127980810867663E-16, 7.046875000614514661, 1.162125674203096537 ) ) ;
#1930 = DIRECTION ( 'NONE',  ( 0.000000000000000000, 0.000000000000000000, -1.000000000000000000 ) ) ;
#1931 = CARTESIAN_POINT ( 'NONE',  ( 0.6249999999999974465, 11.93125000122903145, -1.082531754730548856 ) ) ;
#1932 = CARTESIAN_POINT ( 'NONE',  ( -1.969845607676301195E-15, -0.9406249993854841618, -1.162125674203096093 ) ) ;
#1933 = CARTESIAN_POINT ( 'NONE',  ( 0.9999999999999993339, 14.35000000000000497, -0.5773502691896267303 ) ) ;
#1934 = ORIENTED_EDGE ( 'NONE', *, *, #364, .F. ) ;
#1935 = CARTESIAN_POINT ( 'NONE',  ( 0.2074057592658162530, 11.99999999999999467, -1.169191149345156111 ) ) ;
#1936 = CARTESIAN_POINT ( 'NONE',  ( 1.249999999999999112, 0.9624999999999985789, 0.7216878364870323859 ) ) ;
#1937 = CARTESIAN_POINT ( 'NONE',  ( 2.425814137964271543E-11, 0.4312500000022007063, 1.239174682453964893 ) ) ;
#1938 = CARTESIAN_POINT ( 'NONE',  ( -1.006430356249998548, 10.90937500061451537, 0.5810628371015493787 ) ) ;
#1939 = CARTESIAN_POINT ( 'NONE',  ( -1.006430356249999658, -0.7156249993854842950, 8.587269508238526152E-16 ) ) ;
#1940 = EDGE_CURVE ( 'NONE', #5151, #4061, #3602, .T. ) ;
#1941 = ORIENTED_EDGE ( 'NONE', *, *, #5931, .T. ) ;
#1942 = CARTESIAN_POINT ( 'NONE',  ( -1.006430356249999880, 5.546875000614514661, -0.5810628371015474913 ) ) ;
#1943 = CARTESIAN_POINT ( 'NONE',  ( 2.425814137964271543E-11, 0.4312500000022007063, 1.239174682453964893 ) ) ;
#1944 = CARTESIAN_POINT ( 'NONE',  ( -1.006430356249998992, 7.871875000614514839, 0.5810628371015487126 ) ) ;
#1945 = CARTESIAN_POINT ( 'NONE',  ( -1.969845607676301195E-15, 10.30937500061451395, -1.162125674203096093 ) ) ;
#1946 = CARTESIAN_POINT ( 'NONE',  ( -1.082352402968656424, 0.3718879023878879919, -0.5874973869985390396 ) ) ;
#1947 = CARTESIAN_POINT ( 'NONE',  ( 2.162577587529268681E-16, 13.40000000000000036, -1.154700538379252128 ) ) ;
#1948 = CARTESIAN_POINT ( 'NONE',  ( 0.5032151781249982747, 3.071875000614515461, -0.8715942556523229579 ) ) ;
#1949 = VECTOR ( 'NONE', #2032, 999.9999999999998863 ) ;
#1950 = CARTESIAN_POINT ( 'NONE',  ( -1.062732146793064886E-15, 11.32187500061451324, -1.162125674203096537 ) ) ;
#1951 = ORIENTED_EDGE ( 'NONE', *, *, #1487, .F. ) ;
#1952 = ORIENTED_EDGE ( 'NONE', *, *, #2021, .T. ) ;
#1953 = CARTESIAN_POINT ( 'NONE',  ( 9.204127980810863719E-16, 1.196875000614515461, 1.162125674203096537 ) ) ;
#1954 = CARTESIAN_POINT ( 'NONE',  ( -1.006430356249998548, 3.259375000614515461, 0.5810628371015494897 ) ) ;
#1955 = CARTESIAN_POINT ( 'NONE',  ( -1.249999999999999778, 7.562499999999997335, 0.7216878364870313867 ) ) ;
#1956 = CARTESIAN_POINT ( 'NONE',  ( -0.3349364905389008995, 1.823653811796698498, 1.250000000000000000 ) ) ;
#1957 = CARTESIAN_POINT ( 'NONE',  ( -3.086515833287601756E-15, 8.368750001229031454, -1.443375672974063439 ) ) ;
#1958 = CARTESIAN_POINT ( 'NONE',  ( -0.5032151781249986078, 7.346875000614515372, 0.8715942556523228468 ) ) ;
#1959 = ADVANCED_FACE ( 'NONE', ( #385 ), #2744, .T. ) ;
#1960 = CARTESIAN_POINT ( 'NONE',  ( 1.006430356249999658, 6.221875000614516260, 0.5810628371015478244 ) ) ;
#1961 = CARTESIAN_POINT ( 'NONE',  ( 0.6250000000000012212, 4.581250001229032698, 1.082531754730547080 ) ) ;
#1962 = CARTESIAN_POINT ( 'NONE',  ( 0.9849160938386284370, 0.2033948449678454895, 0.5276172065971349578 ) ) ;
#1963 = CARTESIAN_POINT ( 'NONE',  ( 0.3349364905389005664, 11.94865381179669583, -1.250000000000000000 ) ) ;
#1964 = CARTESIAN_POINT ( 'NONE',  ( -0.6250000000000017764, 10.65625000122903288, -1.082531754730546636 ) ) ;
#1965 = FACE_OUTER_BOUND ( 'NONE', #3295, .T. ) ;
#1966 = VERTEX_POINT ( 'NONE', #826 ) ;
#1967 = CARTESIAN_POINT ( 'NONE',  ( -4.938688641342514686E-16, 2.237499999999998490, 1.249999999999999334 ) ) ;
#1968 = CARTESIAN_POINT ( 'NONE',  ( -0.6249999999999993339, 2.049999999999998490, -1.082531754730547968 ) ) ;
#1969 = CARTESIAN_POINT ( 'NONE',  ( -1.249999999999999556, 10.71249999999999680, 0.7216878364870313867 ) ) ;
#1970 = CARTESIAN_POINT ( 'NONE',  ( 1.006430356249998104, 8.884375000614513240, -0.5810628371015496008 ) ) ;
#1971 = CARTESIAN_POINT ( 'NONE',  ( -1.006430356249999658, 0.1843750006145156717, 8.587269508238526152E-16 ) ) ;
#1972 = ORIENTED_EDGE ( 'NONE', *, *, #3907, .T. ) ;
#1973 = CARTESIAN_POINT ( 'NONE',  ( 1.006430356249998992, 6.746875000614513951, -0.5810628371015489346 ) ) ;
#1974 = CARTESIAN_POINT ( 'NONE',  ( -0.9202011031610197733, 0.1977762081862577404, -0.6286664662636892720 ) ) ;
#1975 = CARTESIAN_POINT ( 'NONE',  ( 9.204127980810863719E-16, 7.046875000614514661, 1.162125674203096537 ) ) ;
#1976 = CARTESIAN_POINT ( 'NONE',  ( -1.006430356249999436, 8.621875000614513951, 1.644310252063557226E-15 ) ) ;
#1977 = CARTESIAN_POINT ( 'NONE',  ( 0.3349364905389005664, 7.448653811796697610, -1.250000000000000000 ) ) ;
#1978 = CARTESIAN_POINT ( 'NONE',  ( -0.6250000000000002220, 7.599999999999997868, 1.082531754730547746 ) ) ;
#1979 = CARTESIAN_POINT ( 'NONE',  ( -0.5032151781249986078, 3.296875000614515550, 0.8715942556523228468 ) ) ;
#1980 = CARTESIAN_POINT ( 'NONE',  ( -1.006430356249999214, 11.02187500061451608, 0.5810628371015488236 ) ) ;
#1981 = CARTESIAN_POINT ( 'NONE',  ( -0.6250000000000017764, 3.456250001229032698, -1.082531754730546636 ) ) ;
#1982 = ORIENTED_EDGE ( 'NONE', *, *, #3504, .T. ) ;
#1983 = CARTESIAN_POINT ( 'NONE',  ( 1.006430356249998770, 1.346875000614515372, -0.5810628371015489346 ) ) ;
#1984 = EDGE_CURVE ( 'NONE', #5809, #2969, #4164, .T. ) ;
#1985 = CARTESIAN_POINT ( 'NONE',  ( -1.969845607676301195E-15, 3.559375000614515283, -1.162125674203096093 ) ) ;
#1986 = CARTESIAN_POINT ( 'NONE',  ( 0.6249999999999997780, 9.174999999999998934, -1.082531754730547746 ) ) ;
#1987 = CARTESIAN_POINT ( 'NONE',  ( -1.249999999999998002, 11.21875000122903110, 0.7216878364870340512 ) ) ;
#1988 = CARTESIAN_POINT ( 'NONE',  ( 0.6250000000000012212, 8.181250001229031454, 1.082531754730547080 ) ) ;
#1989 = CARTESIAN_POINT ( 'NONE',  ( -0.5032151781250009392, 8.996875000614515727, -0.8715942556523212925 ) ) ;
#1990 = CARTESIAN_POINT ( 'NONE',  ( 0.5032151781249990519, 5.884375000614515017, -0.8715942556523228468 ) ) ;
#1991 = CARTESIAN_POINT ( 'NONE',  ( 0.3349364905389053959, 4.563846190661366542, 1.249999999999998890 ) ) ;
#1992 = ADVANCED_FACE ( 'NONE', ( #6159 ), #5198, .T. ) ;
#1993 = CARTESIAN_POINT ( 'NONE',  ( 1.249999999999997780, 1.993750001229032565, -0.7216878364870343843 ) ) ;
#1994 = DIRECTION ( 'NONE',  ( -0.000000000000000000, -1.000000000000000000, -0.000000000000000000 ) ) ;
#1995 = CARTESIAN_POINT ( 'NONE',  ( 0.6249999999999987788, 2.274999999999998579, 1.082531754730548412 ) ) ;
#1996 = ORIENTED_EDGE ( 'NONE', *, *, #1557, .F. ) ;
#1997 = AXIS2_PLACEMENT_3D ( 'NONE', #5155, #5090, #4681 ) ;
#1998 = CARTESIAN_POINT ( 'NONE',  ( 1.743066579297358255E-16, 6.962499999999998579, -1.249999999999999112 ) ) ;
#1999 = CARTESIAN_POINT ( 'NONE',  ( 0.6249999999999997780, 1.074999999999998623, -1.082531754730547746 ) ) ;
#2000 = CARTESIAN_POINT ( 'NONE',  ( -3.086515833287601756E-15, 3.418750001229032165, -1.443375672974063439 ) ) ;
#2001 = DIRECTION ( 'NONE',  ( -0.000000000000000000, -1.000000000000000000, -0.000000000000000000 ) ) ;
#2002 = CARTESIAN_POINT ( 'NONE',  ( -0.3349364905389057290, 5.238846190661368141, -1.249999999999998668 ) ) ;
#2003 = CARTESIAN_POINT ( 'NONE',  ( -0.5032151781249993849, 0.2593750006145156828, 0.8715942556523227358 ) ) ;
#2004 = ORIENTED_EDGE ( 'NONE', *, *, #2854, .T. ) ;
#2005 = CARTESIAN_POINT ( 'NONE',  ( 9.204127980810867663E-16, 5.696875000614515017, 1.162125674203096537 ) ) ;
#2006 = B_SPLINE_CURVE_WITH_KNOTS ( 'NONE', 3,
 ( #2742, #798, #3187, #5548, #4666, #5106, #5073, #857 ),
 .UNSPECIFIED., .F., .F.,
 ( 4, 2, 2, 4 ),
 ( 0.000000000000000000, 0.0007953094646811653028, 0.001192964197021748008, 0.001590618929362330606 ),
 .UNSPECIFIED. ) ;
#2007 = LINE ( 'NONE', #2426, #5957 ) ;
#2008 = CARTESIAN_POINT ( 'NONE',  ( -1.062732146793064491E-15, 9.071875000614515017, -1.162125674203096537 ) ) ;
#2009 =( NAMED_UNIT ( * ) SI_UNIT ( $, .STERADIAN. ) SOLID_ANGLE_UNIT ( ) );
#2010 = CARTESIAN_POINT ( 'NONE',  ( 1.121372832681300312E-14, 8.368750001229029678, -1.249999999999999334 ) ) ;
#2011 = CARTESIAN_POINT ( 'NONE',  ( 0.6250000000000012212, -0.8187499987709671023, 1.082531754730547080 ) ) ;
#2012 = CARTESIAN_POINT ( 'NONE',  ( -1.969845607676301195E-15, 2.209375000614515638, -1.162125674203096093 ) ) ;
#2013 = CARTESIAN_POINT ( 'NONE',  ( 0.6249999999999987788, 11.27499999999999680, 1.082531754730548412 ) ) ;
#2014 = CARTESIAN_POINT ( 'NONE',  ( 0.000000000000000000, 12.00000000000000000, 0.000000000000000000 ) ) ;
#2015 = EDGE_LOOP ( 'NONE', ( #22, #5724, #4166, #3915 ) ) ;
#2016 = CARTESIAN_POINT ( 'NONE',  ( -0.5032151781249993849, 1.609375000614515550, 0.8715942556523227358 ) ) ;
#2017 = CARTESIAN_POINT ( 'NONE',  ( -1.969845607676301195E-15, 4.009375000614515017, -1.162125674203096093 ) ) ;
#2018 = CARTESIAN_POINT ( 'NONE',  ( 1.249999999999999112, 8.612499999999998934, 0.7216878364870323859 ) ) ;
#2019 = DIRECTION ( 'NONE',  ( 0.000000000000000000, 0.000000000000000000, -1.000000000000000000 ) ) ;
#2020 = CARTESIAN_POINT ( 'NONE',  ( 2.909753293500117656E-15, 10.39375000122903181, 1.443375672974063439 ) ) ;
#2021 = EDGE_CURVE ( 'NONE', #1757, #1050, #4694, .T. ) ;
#2022 = CARTESIAN_POINT ( 'NONE',  ( 1.006430356249999658, 9.821875000614515017, 0.5810628371015478244 ) ) ;
#2023 = CARTESIAN_POINT ( 'NONE',  ( -1.249999999999999334, 4.824999999999998401, -1.530808498934190831E-16 ) ) ;
#2024 = CARTESIAN_POINT ( 'NONE',  ( 2.236935443431609674E-15, 3.193750001229032520, 1.249999999999999556 ) ) ;
#2025 = VECTOR ( 'NONE', #357, 1000.000000000000000 ) ;
#2026 = CARTESIAN_POINT ( 'NONE',  ( 1.743066579297358255E-16, 11.91249999999999609, -1.249999999999999112 ) ) ;
#2027 = CARTESIAN_POINT ( 'NONE',  ( -1.006430356250000324, 1.834375000614515638, -0.5810628371015467142 ) ) ;
#2028 = PLANE ( 'NONE',  #1091 ) ;
#2029 = EDGE_CURVE ( 'NONE', #4257, #5504, #4240, .T. ) ;
#2030 = ORIENTED_EDGE ( 'NONE', *, *, #259, .F. ) ;
#2031 = CARTESIAN_POINT ( 'NONE',  ( -1.006430356249999658, 0.6343750006145155718, 8.587269508238526152E-16 ) ) ;
#2032 = DIRECTION ( 'NONE',  ( 0.8660254037844385966, 0.000000000000000000, 0.5000000000000002220 ) ) ;
#2033 = CARTESIAN_POINT ( 'NONE',  ( -2.651438096812265438E-16, 4.487499999999998934, 1.443375672974063439 ) ) ;
#2034 = CARTESIAN_POINT ( 'NONE',  ( 1.249999999999999334, 3.306250001229032787, -2.749541545756668106E-15 ) ) ;
#2035 = DIRECTION ( 'NONE',  ( 0.000000000000000000, 0.000000000000000000, -1.000000000000000000 ) ) ;
#2036 = CARTESIAN_POINT ( 'NONE',  ( -0.3349364905389008995, 5.423653811796699031, 1.250000000000000000 ) ) ;
#2037 = EDGE_CURVE ( 'NONE', #5644, #4365, #5526, .T. ) ;
#2038 = VERTEX_POINT ( 'NONE', #1235 ) ;
#2039 = CARTESIAN_POINT ( 'NONE',  ( -0.5032151781250003841, 5.959375000614515194, -0.8715942556523218476 ) ) ;
#2040 = CARTESIAN_POINT ( 'NONE',  ( 1.743066579297358255E-16, 2.912499999999998312, -1.249999999999999112 ) ) ;
#2041 = CARTESIAN_POINT ( 'NONE',  ( 1.006430356249999658, 9.859375000614514661, -9.819791222584817478E-16 ) ) ;
#2042 = CARTESIAN_POINT ( 'NONE',  ( 2.571758278209441464E-16, 12.15000000000000036, -2.100000000000000089 ) ) ;
#2043 = CARTESIAN_POINT ( 'NONE',  ( 2.909753293500117656E-15, 0.04375000122903288657, 1.443375672974063439 ) ) ;
#2044 = CARTESIAN_POINT ( 'NONE',  ( -1.969845607676301195E-15, 4.009375000614515905, -1.162125674203096093 ) ) ;
#2045 = CARTESIAN_POINT ( 'NONE',  ( -0.5032151781250003841, 10.90937500061451360, -0.8715942556523218476 ) ) ;
#2046 = CARTESIAN_POINT ( 'NONE',  ( 1.249999999999999334, 9.156250001229031099, -2.749541545756668106E-15 ) ) ;
#2047 = CARTESIAN_POINT ( 'NONE',  ( -1.006430356249998992, 3.821875000614515017, 0.5810628371015487126 ) ) ;
#2048 = CARTESIAN_POINT ( 'NONE',  ( 1.006430356249999880, 3.859375000614515105, 0.5810628371015468252 ) ) ;
#2049 = CARTESIAN_POINT ( 'NONE',  ( -1.249999999999999334, 9.774999999999998579, -1.530808498934190831E-16 ) ) ;
#2050 = CARTESIAN_POINT ( 'NONE',  ( 1.250000000000000444, 9.568750001229032520, 0.7216878364870297213 ) ) ;
#2051 = CARTESIAN_POINT ( 'NONE',  ( 1.250000000000000444, 10.46875000122903288, 0.7216878364870298324 ) ) ;
#2052 =( BOUNDED_CURVE ( )  B_SPLINE_CURVE ( 2, ( #2602, #605, #3937, #159, #5414, #1071, #5975, #1640, #2541 ),
 .UNSPECIFIED., .F., .T. ) 
 B_SPLINE_CURVE_WITH_KNOTS ( ( 3, 2, 2, 2, 3 ),
 ( 0.1209677419354838607, 0.1236559139784946248, 0.1290322580645161255, 0.1344086021505376261, 0.1370967741935483764 ),
 .UNSPECIFIED. ) 
 CURVE ( )  GEOMETRIC_REPRESENTATION_ITEM ( )  RATIONAL_B_SPLINE_CURVE ( ( 0.9330127018922194093, 0.9330127018922190762, 1.000000000000000000, 0.8660254037844387076, 1.000000000000000000, 0.8660254037844387076, 1.000000000000000000, 0.9330127018922194093, 0.9330127018922194093 ) ) 
 REPRESENTATION_ITEM ( '' )  );
#2053 = AXIS2_PLACEMENT_3D ( 'NONE', #155, #2699, #3586 ) ;
#2054 = CARTESIAN_POINT ( 'NONE',  ( 1.006430356249999658, 9.409375000614517148, -9.819791222584819450E-16 ) ) ;
#2055 = CARTESIAN_POINT ( 'NONE',  ( 1.743066579297358255E-16, 9.662499999999997868, -1.249999999999999112 ) ) ;
#2056 = CARTESIAN_POINT ( 'NONE',  ( 0.4301639428188133718, 0.4633098365691274978, 1.195020404791951041 ) ) ;
#2057 = CARTESIAN_POINT ( 'NONE',  ( 0.3349364905389026204, 4.957596189432332601, 1.249999999999999556 ) ) ;
#2058 = CARTESIAN_POINT ( 'NONE',  ( -0.5032151781249986078, 0.5968750006145155940, 0.8715942556523228468 ) ) ;
#2059 = CYLINDRICAL_SURFACE ( 'NONE', #3529, 1.249999999999999334 ) ;
#2060 = EDGE_LOOP ( 'NONE', ( #3153, #5558, #4354, #5074 ) ) ;
#2061 = CARTESIAN_POINT ( 'NONE',  ( 1.006430356249999658, 2.659375000614515816, -9.819791222584819450E-16 ) ) ;
#2062 = CARTESIAN_POINT ( 'NONE',  ( -4.938688641342514686E-16, 10.33749999999999858, 1.249999999999999334 ) ) ;
#2063 =( BOUNDED_CURVE ( )  B_SPLINE_CURVE ( 2, ( #5255, #5641, #2350, #3335, #2249, #2281, #6128, #4756, #825 ),
 .UNSPECIFIED., .F., .T. ) 
 B_SPLINE_CURVE_WITH_KNOTS ( ( 3, 2, 2, 2, 3 ),
 ( 0.4274193548387096864, 0.4301075268817204367, 0.4354838709677419373, 0.4408602150537634379, 0.4435483870967741882 ),
 .UNSPECIFIED. ) 
 CURVE ( )  GEOMETRIC_REPRESENTATION_ITEM ( )  RATIONAL_B_SPLINE_CURVE ( ( 0.9330127018922194093, 0.9330127018922194093, 1.000000000000000000, 0.8660254037844387076, 1.000000000000000000, 0.8660254037844387076, 1.000000000000000000, 0.9330127018922194093, 0.9330127018922194093 ) ) 
 REPRESENTATION_ITEM ( '' )  );
#2064 = CARTESIAN_POINT ( 'NONE',  ( -1.249999999999999778, 3.512499999999997957, 0.7216878364870313867 ) ) ;
#2065 = EDGE_CURVE ( 'NONE', #2448, #2722, #2319, .T. ) ;
#2066 = CARTESIAN_POINT ( 'NONE',  ( -1.250000000000000444, 4.843750001229031987, -0.7216878364870296103 ) ) ;
#2067 = LINE ( 'NONE', #1077, #3778 ) ;
#2068 = CARTESIAN_POINT ( 'NONE',  ( -0.6249999999999978906, 5.406250001229031987, 1.082531754730548856 ) ) ;
#2069 = EDGE_LOOP ( 'NONE', ( #307, #1585, #1972, #840 ) ) ;
#2070 = CARTESIAN_POINT ( 'NONE',  ( -1.006430356249999658, 5.584375000614515194, 8.587269508238526152E-16 ) ) ;
#2071 = CARTESIAN_POINT ( 'NONE',  ( 0.000000000000000000, 0.4500000000000000111, 0.000000000000000000 ) ) ;
#2072 = CARTESIAN_POINT ( 'NONE',  ( -1.006430356249998992, 9.221875000614517148, 0.5810628371015487126 ) ) ;
#2073 = EDGE_CURVE ( 'NONE', #2798, #4257, #829, .T. ) ;
#2074 = CARTESIAN_POINT ( 'NONE',  ( 0.3349364905389026204, 4.507596189432332423, 1.249999999999999556 ) ) ;
#2075 = CARTESIAN_POINT ( 'NONE',  ( 0.6250000000000012212, 0.5312500012290327644, 1.082531754730547080 ) ) ;
#2076 = CARTESIAN_POINT ( 'NONE',  ( -1.006430356249999436, 4.121875000614515727, 1.644310252063557226E-15 ) ) ;
#2077 = CARTESIAN_POINT ( 'NONE',  ( -0.6250000000000002220, 3.099999999999998757, 1.082531754730547746 ) ) ;
#2078 = CARTESIAN_POINT ( 'NONE',  ( 0.3349364905389053959, 9.063846190661365654, 1.249999999999998890 ) ) ;
#2079 = CARTESIAN_POINT ( 'NONE',  ( 1.006430356249998770, 4.046875000614515550, -0.5810628371015489346 ) ) ;
#2080 = CARTESIAN_POINT ( 'NONE',  ( -1.006430356250000102, 5.884375000614515017, -0.5810628371015466032 ) ) ;
#2081 = CARTESIAN_POINT ( 'NONE',  ( -2.651438096812265438E-16, 12.13749999999999929, 1.443375672974063439 ) ) ;
#2082 = DIRECTION ( 'NONE',  ( -0.000000000000000000, -1.000000000000000000, -0.000000000000000000 ) ) ;
#2083 = CARTESIAN_POINT ( 'NONE',  ( 0.6249999999999974465, 12.38125000122903074, -1.082531754730548856 ) ) ;
#2084 = CARTESIAN_POINT ( 'NONE',  ( 1.006430356249999658, 8.471875000614515372, 0.5810628371015478244 ) ) ;
#2085 = FACE_OUTER_BOUND ( 'NONE', #6161, .T. ) ;
#2086 = PLANE ( 'NONE',  #4087 ) ;
#2087 = LINE ( 'NONE', #220, #977 ) ;
#2088 = CARTESIAN_POINT ( 'NONE',  ( 0.5032151781250004952, 1.571875000614515461, 0.8715942556523216256 ) ) ;
#2089 = CARTESIAN_POINT ( 'NONE',  ( 7.553288510288552685E-16, 2.068750001229032964, -1.249999999999999334 ) ) ;
#2090 =( BOUNDED_CURVE ( )  B_SPLINE_CURVE ( 2, ( #5147, #3696, #3789, #1780, #2780, #769, #4701, #390, #2717 ),
 .UNSPECIFIED., .F., .F. ) 
 B_SPLINE_CURVE_WITH_KNOTS ( ( 3, 2, 2, 2, 3 ),
 ( 0.7661290322580645018, 0.7688172043010752521, 0.7741935483870967527, 0.7795698924731182533, 0.7822580645161290036 ),
 .UNSPECIFIED. ) 
 CURVE ( )  GEOMETRIC_REPRESENTATION_ITEM ( )  RATIONAL_B_SPLINE_CURVE ( ( 0.9330127018922194093, 0.9330127018922194093, 1.000000000000000000, 0.8660254037844387076, 1.000000000000000000, 0.8660254037844387076, 1.000000000000000000, 0.9330127018922194093, 0.9330127018922194093 ) ) 
 REPRESENTATION_ITEM ( '' )  );
#2091 = ORIENTED_EDGE ( 'NONE', *, *, #5118, .T. ) ;
#2092 = CARTESIAN_POINT ( 'NONE',  ( -1.006430356249998992, 2.021875000614515638, 0.5810628371015487126 ) ) ;
#2093 = FACE_OUTER_BOUND ( 'NONE', #774, .T. ) ;
#2094 = CARTESIAN_POINT ( 'NONE',  ( 0.6249999999999987788, 3.624999999999998224, 1.082531754730548412 ) ) ;
#2095 = CARTESIAN_POINT ( 'NONE',  ( -1.249999999999998224, 4.018750001229032698, 0.7216878364870340512 ) ) ;
#2096 = CARTESIAN_POINT ( 'NONE',  ( 0.000000000000000000, 12.00000000000000000, 0.000000000000000000 ) ) ;
#2097 = CARTESIAN_POINT ( 'NONE',  ( 1.827526258964323273E-15, 12.33437500061451253, 1.162125674203096093 ) ) ;
#2098 = VECTOR ( 'NONE', #2760, 1000.000000000000114 ) ;
#2099 = ORIENTED_EDGE ( 'NONE', *, *, #2100, .T. ) ;
#2100 = EDGE_CURVE ( 'NONE', #2131, #1757, #4724, .T. ) ;
#2101 = CARTESIAN_POINT ( 'NONE',  ( -0.5032151781249993849, 8.809375000614515727, 0.8715942556523227358 ) ) ;
#2102 = CARTESIAN_POINT ( 'NONE',  ( 7.553288510288552685E-16, 1.618750001229032787, -1.249999999999999334 ) ) ;
#2103 = CARTESIAN_POINT ( 'NONE',  ( -1.006430356249999658, 9.184375000614513951, 8.587269508238524180E-16 ) ) ;
#2104 = CARTESIAN_POINT ( 'NONE',  ( -2.614599868946037210E-15, 5.668750001229032165, -1.249999999999999334 ) ) ;
#2105 = AXIS2_PLACEMENT_3D ( 'NONE', #3785, #2320, #5759 ) ;
#2106 = CARTESIAN_POINT ( 'NONE',  ( -1.249999999999999334, -0.06874999877096708845, 2.596460695863248776E-15 ) ) ;
#2107 = CARTESIAN_POINT ( 'NONE',  ( 1.006430356249998104, 5.734375000614514661, -0.5810628371015496008 ) ) ;
#2108 = CARTESIAN_POINT ( 'NONE',  ( -1.969845607676301195E-15, 9.409375000614513596, -1.162125674203096093 ) ) ;
#2109 = VERTEX_POINT ( 'NONE', #4664 ) ;
#2110 = EDGE_CURVE ( 'NONE', #6209, #3099, #2995, .T. ) ;
#2111 = DIRECTION ( 'NONE',  ( 0.3535533905932778942, -0.7071067811865487940, 0.6123724356957908066 ) ) ;
#2112 = CARTESIAN_POINT ( 'NONE',  ( -0.5032151781249993849, 2.959375000614515638, 0.8715942556523227358 ) ) ;
#2113 = CARTESIAN_POINT ( 'NONE',  ( -1.006430356249998548, 5.509375000614515905, 0.5810628371015494897 ) ) ;
#2114 = CARTESIAN_POINT ( 'NONE',  ( -1.249999999999999778, 11.16249999999999964, 0.7216878364870313867 ) ) ;
#2115 = CARTESIAN_POINT ( 'NONE',  ( 0.6250000000000012212, 9.531250001229032875, 1.082531754730547080 ) ) ;
#2116 = CARTESIAN_POINT ( 'NONE',  ( 0.5032151781249982747, -0.9781249993854842506, -0.8715942556523229579 ) ) ;
#2117 = EDGE_CURVE ( 'NONE', #3229, #3792, #1716, .T. ) ;
#2118 = CARTESIAN_POINT ( 'NONE',  ( -1.006430356249998992, 8.771875000614514306, 0.5810628371015487126 ) ) ;
#2119 = CARTESIAN_POINT ( 'NONE',  ( 2.236935443431609674E-15, 3.643750001229032698, 1.249999999999999556 ) ) ;
#2120 = CARTESIAN_POINT ( 'NONE',  ( 1.827526258964323273E-15, 1.534375000614515816, 1.162125674203096093 ) ) ;
#2121 = CYLINDRICAL_SURFACE ( 'NONE', #2311, 1.249999999999999334 ) ;
#2122 = ORIENTED_EDGE ( 'NONE', *, *, #3665, .F. ) ;
#2123 = AXIS2_PLACEMENT_3D ( 'NONE', #3666, #5046, #5989 ) ;
#2124 = CARTESIAN_POINT ( 'NONE',  ( 9.204127980810867663E-16, 1.646875000614515638, 1.162125674203096537 ) ) ;
#2125 = CARTESIAN_POINT ( 'NONE',  ( -1.249999999999999334, 10.22499999999999787, -1.530808498934190831E-16 ) ) ;
#2126 = CARTESIAN_POINT ( 'NONE',  ( 1.249999999999999112, 4.562499999999997335, 0.7216878364870323859 ) ) ;
#2127 =( BOUNDED_CURVE ( )  B_SPLINE_CURVE ( 2, ( #990, #112, #2461, #492, #5834, #5867, #4898, #4360, #4831 ),
 .UNSPECIFIED., .F., .F. ) 
 B_SPLINE_CURVE_WITH_KNOTS ( ( 3, 2, 2, 2, 3 ),
 ( 0.5241935483870967527, 0.5268817204301075030, 0.5322580645161290036, 0.5376344086021505042, 0.5403225806451612545 ),
 .UNSPECIFIED. ) 
 CURVE ( )  GEOMETRIC_REPRESENTATION_ITEM ( )  RATIONAL_B_SPLINE_CURVE ( ( 0.9330127018922194093, 0.9330127018922194093, 1.000000000000000000, 0.8660254037844387076, 1.000000000000000000, 0.8660254037844387076, 1.000000000000000000, 0.9330127018922194093, 0.9330127018922194093 ) ) 
 REPRESENTATION_ITEM ( '' )  );
#2128 = CARTESIAN_POINT ( 'NONE',  ( -0.6249999999999978906, 4.506250001229032520, 1.082531754730548856 ) ) ;
#2129 = CARTESIAN_POINT ( 'NONE',  ( 1.743066579297358255E-16, 11.46249999999999680, -1.249999999999999112 ) ) ;
#2130 = CARTESIAN_POINT ( 'NONE',  ( -1.249999999999999334, 5.331250001229032698, 2.596460695863248776E-15 ) ) ;
#2131 = VERTEX_POINT ( 'NONE', #1420 ) ;
#2132 = CARTESIAN_POINT ( 'NONE',  ( 1.006430356249998992, 8.546875000614514661, -0.5810628371015489346 ) ) ;
#2133 = CARTESIAN_POINT ( 'NONE',  ( 0.000000000000000000, 12.00000000000000000, 0.000000000000000000 ) ) ;
#2134 = CARTESIAN_POINT ( 'NONE',  ( -1.006430356249999880, 10.04687500061451644, -0.5810628371015476024 ) ) ;
#2135 = CARTESIAN_POINT ( 'NONE',  ( 1.249999999999999334, 2.406250001229032875, -2.749541545756668106E-15 ) ) ;
#2136 = CARTESIAN_POINT ( 'NONE',  ( -0.6250000000000017764, 0.3062500012290328422, -1.082531754730546636 ) ) ;
#2137 = CARTESIAN_POINT ( 'NONE',  ( -1.006430356249998548, 5.959375000614515194, 0.5810628371015493787 ) ) ;
#2138 = CARTESIAN_POINT ( 'NONE',  ( 1.006430356249999880, 8.359375000614514661, 0.5810628371015469362 ) ) ;
#2139 = UNCERTAINTY_MEASURE_WITH_UNIT (LENGTH_MEASURE( 1.000000000000000082E-05 ), #760, 'distance_accuracy_value', 'NONE');
#2140 = ORIENTED_EDGE ( 'NONE', *, *, #4282, .T. ) ;
#2141 = CARTESIAN_POINT ( 'NONE',  ( 1.006430356249998992, 0.8968750006145157494, -0.5810628371015489346 ) ) ;
#2142 = CARTESIAN_POINT ( 'NONE',  ( 1.006430356249999658, 3.971875000614515372, 0.5810628371015478244 ) ) ;
#2143 = CARTESIAN_POINT ( 'NONE',  ( 1.827526258964323273E-15, 4.684375000614515727, 1.162125674203096093 ) ) ;
#2144 = CARTESIAN_POINT ( 'NONE',  ( 0.6249999999999997780, 10.52499999999999680, -1.082531754730547746 ) ) ;
#2145 = DIRECTION ( 'NONE',  ( 0.000000000000000000, 0.000000000000000000, 1.000000000000000000 ) ) ;
#2146 = CARTESIAN_POINT ( 'NONE',  ( -1.249999999999998224, 11.66875000122903216, 0.7216878364870340512 ) ) ;
#2147 = CARTESIAN_POINT ( 'NONE',  ( -1.006430356249999658, 8.734375000614514661, 8.587269508238526152E-16 ) ) ;
#2148 = CYLINDRICAL_SURFACE ( 'NONE', #2670, 1.249999999999999334 ) ;
#2149 = CARTESIAN_POINT ( 'NONE',  ( 0.6249999999999974465, 11.48125000122903216, -1.082531754730548856 ) ) ;
#2150 = EDGE_CURVE ( 'NONE', #3817, #1612, #4532, .T. ) ;
#2151 = CARTESIAN_POINT ( 'NONE',  ( 1.249999999999999112, 5.012499999999998401, 0.7216878364870324969 ) ) ;
#2152 = CARTESIAN_POINT ( 'NONE',  ( -1.006430356249999436, 1.871875000614515505, 1.644310252063557226E-15 ) ) ;
#2153 = CARTESIAN_POINT ( 'NONE',  ( 1.249999999999999334, 9.099999999999997868, 0.000000000000000000 ) ) ;
#2154 = TOROIDAL_SURFACE ( 'NONE', #1240, 2.100000000000000089, 0.1499999999999999944 ) ;
#2155 = ORIENTED_EDGE ( 'NONE', *, *, #1796, .T. ) ;
#2156 = CARTESIAN_POINT ( 'NONE',  ( 0.5032151781249990519, 2.284375000614515372, -0.8715942556523228468 ) ) ;
#2157 = CARTESIAN_POINT ( 'NONE',  ( -0.6250000000000017764, 9.306250001229033231, -1.082531754730546636 ) ) ;
#2158 = CARTESIAN_POINT ( 'NONE',  ( -1.249999999999999334, 6.137499999999998401, -0.7216878364870322748 ) ) ;
#2159 = CARTESIAN_POINT ( 'NONE',  ( -1.006430356249999436, 11.77187500061451431, 1.644310252063557226E-15 ) ) ;
#2160 = CARTESIAN_POINT ( 'NONE',  ( -0.6250000000000017764, 7.056250001229031454, -1.082531754730546636 ) ) ;
#2161 = CARTESIAN_POINT ( 'NONE',  ( 0.6250000000000012212, 5.931250001229032343, 1.082531754730547080 ) ) ;
#2162 = CARTESIAN_POINT ( 'NONE',  ( -1.249999999999999112, 11.08749999999999503, -0.7216878364870322748 ) ) ;
#2163 = ORIENTED_EDGE ( 'NONE', *, *, #2185, .T. ) ;
#2164 = CARTESIAN_POINT ( 'NONE',  ( -0.5032151781249993849, 9.709375000614514306, 0.8715942556523227358 ) ) ;
#2165 = CARTESIAN_POINT ( 'NONE',  ( -1.000000000000000666, 14.35000000000000497, -0.5773502691896265082 ) ) ;
#2166 = CARTESIAN_POINT ( 'NONE',  ( -0.5032151781250003841, 9.559375000614513951, -0.8715942556523218476 ) ) ;
#2167 = CARTESIAN_POINT ( 'NONE',  ( 0.3349364905389053959, 0.9638461906613670083, 1.249999999999998890 ) ) ;
#2168 = CARTESIAN_POINT ( 'NONE',  ( -1.249999999999998224, 3.118750001229032343, 0.7216878364870340512 ) ) ;
#2169 = CARTESIAN_POINT ( 'NONE',  ( -0.5032151781249986078, 4.196875000614515905, 0.8715942556523228468 ) ) ;
#2170 = CARTESIAN_POINT ( 'NONE',  ( 1.006430356249999880, 9.709375000614516082, 0.5810628371015469362 ) ) ;
#2171 = ORIENTED_EDGE ( 'NONE', *, *, #1636, .T. ) ;
#2172 = CARTESIAN_POINT ( 'NONE',  ( 1.006430356249999658, 2.171875000614515550, 0.5810628371015478244 ) ) ;
#2173 = CARTESIAN_POINT ( 'NONE',  ( -1.062732146793064491E-15, 3.221875000614515372, -1.162125674203096537 ) ) ;
#2174 = CARTESIAN_POINT ( 'NONE',  ( 1.006430356249999880, 7.459375000614515194, 0.5810628371015468252 ) ) ;
#2175 = CARTESIAN_POINT ( 'NONE',  ( -1.249999999999999778, 10.26249999999999751, 0.7216878364870313867 ) ) ;
#2176 = DIRECTION ( 'NONE',  ( 0.000000000000000000, 0.8660254037844363761, 0.5000000000000038858 ) ) ;
#2177 = CARTESIAN_POINT ( 'NONE',  ( -0.6250000000000017764, 11.10625000122903216, -1.082531754730546636 ) ) ;
#2178 = EDGE_CURVE ( 'NONE', #3308, #5636, #2790, .T. ) ;
#2179 = CARTESIAN_POINT ( 'NONE',  ( 0.5032151781249999400, 11.13437500061451324, 0.8715942556523221807 ) ) ;
#2180 = DIRECTION ( 'NONE',  ( 0.000000000000000000, 0.000000000000000000, -1.000000000000000000 ) ) ;
#2181 = CARTESIAN_POINT ( 'NONE',  ( 0.5032151781249982747, 0.8218750006145156828, -0.8715942556523229579 ) ) ;
#2182 = DIRECTION ( 'NONE',  ( 0.000000000000000000, 0.000000000000000000, -1.000000000000000000 ) ) ;
#2183 = CARTESIAN_POINT ( 'NONE',  ( 1.006430356249998104, 3.934375000614515283, -0.5810628371015496008 ) ) ;
#2184 = ORIENTED_EDGE ( 'NONE', *, *, #1434, .F. ) ;
#2185 = EDGE_CURVE ( 'NONE', #3745, #3371, #4038, .T. ) ;
#2186 = CARTESIAN_POINT ( 'NONE',  ( 0.5032151781249990519, 4.984375000614515550, -0.8715942556523228468 ) ) ;
#2187 = CARTESIAN_POINT ( 'NONE',  ( -1.249999999999999334, 2.574999999999998401, -1.530808498934190831E-16 ) ) ;
#2188 = CARTESIAN_POINT ( 'NONE',  ( -1.249999999999999334, 7.037499999999997868, -0.7216878364870322748 ) ) ;
#2189 = CARTESIAN_POINT ( 'NONE',  ( -0.5032151781250009392, 11.24687500061451395, -0.8715942556523212925 ) ) ;
#2190 = CARTESIAN_POINT ( 'NONE',  ( 2.909753293500117656E-15, 5.893750001229031810, 1.443375672974063439 ) ) ;
#2191 = CARTESIAN_POINT ( 'NONE',  ( 1.743066579297358255E-16, 11.91249999999999609, -1.249999999999999112 ) ) ;
#2192 = CARTESIAN_POINT ( 'NONE',  ( -0.6249999999999993339, 11.04999999999999716, -1.082531754730547968 ) ) ;
#2193 = ORIENTED_EDGE ( 'NONE', *, *, #2896, .F. ) ;
#2194 = CARTESIAN_POINT ( 'NONE',  ( -1.006430356249999880, 8.696875000614515017, -0.5810628371015474913 ) ) ;
#2195 = FACE_OUTER_BOUND ( 'NONE', #3325, .T. ) ;
#2196 = CARTESIAN_POINT ( 'NONE',  ( -1.249999999999999334, -0.1625000000000012823, -0.7216878364870322748 ) ) ;
#2197 = CARTESIAN_POINT ( 'NONE',  ( -1.250000000000000444, 5.743750001229032343, -0.7216878364870294993 ) ) ;
#2198 = CARTESIAN_POINT ( 'NONE',  ( -1.249999999999998224, 1.318750001229032964, 0.7216878364870340512 ) ) ;
#2199 = CARTESIAN_POINT ( 'NONE',  ( 0.5032151781250004952, 8.321875000614515017, 0.8715942556523216256 ) ) ;
#2200 = CARTESIAN_POINT ( 'NONE',  ( 0.5032151781249982747, 7.571875000614515017, -0.8715942556523229579 ) ) ;
#2201 = ORIENTED_EDGE ( 'NONE', *, *, #1162, .F. ) ;
#2202 = CARTESIAN_POINT ( 'NONE',  ( 1.006430356249999658, 1.271875000614515416, 0.5810628371015478244 ) ) ;
#2203 = CARTESIAN_POINT ( 'NONE',  ( -0.5032151781250003841, 5.959375000614515194, -0.8715942556523218476 ) ) ;
#2204 = CARTESIAN_POINT ( 'NONE',  ( -1.006430356249999436, 7.721875000614516260, 1.644310252063557226E-15 ) ) ;
#2205 = CARTESIAN_POINT ( 'NONE',  ( -0.6250000000000002220, 12.09999999999999609, 1.082531754730547746 ) ) ;
#2206 = CARTESIAN_POINT ( 'NONE',  ( -0.4249999999999999334, 13.25000000000000000, -0.7361215932167711751 ) ) ;
#2207 = CARTESIAN_POINT ( 'NONE',  ( -1.969845607676301195E-15, 0.8593750006145156606, -1.162125674203096093 ) ) ;
#2208 = ORIENTED_EDGE ( 'NONE', *, *, #3173, .F. ) ;
#2209 = CARTESIAN_POINT ( 'NONE',  ( -1.062732146793064886E-15, 11.77187500061451253, -1.162125674203096537 ) ) ;
#2210 = DIRECTION ( 'NONE',  ( -0.000000000000000000, -1.000000000000000000, -0.000000000000000000 ) ) ;
#2211 = CARTESIAN_POINT ( 'NONE',  ( -0.5032151781249986078, 0.5968750006145155940, 0.8715942556523228468 ) ) ;
#2212 = CYLINDRICAL_SURFACE ( 'NONE', #1182, 2.250000000000000000 ) ;
#2213 = CARTESIAN_POINT ( 'NONE',  ( 0.5032151781249982747, 4.421875000614515550, -0.8715942556523229579 ) ) ;
#2214 = EDGE_CURVE ( 'NONE', #887, #6178, #2351, .T. ) ;
#2215 = ORIENTED_EDGE ( 'NONE', *, *, #3075, .T. ) ;
#2216 = CARTESIAN_POINT ( 'NONE',  ( 1.006430356249999658, 3.109375000614515550, -9.819791222584819450E-16 ) ) ;
#2217 = CARTESIAN_POINT ( 'NONE',  ( -1.249999999999998002, 9.868750001229035007, 0.7216878364870340512 ) ) ;
#2218 = CARTESIAN_POINT ( 'NONE',  ( -1.249999999999998224, 7.618750001229032343, 0.7216878364870340512 ) ) ;
#2219 = DIRECTION ( 'NONE',  ( 0.000000000000000000, 1.000000000000000000, 0.000000000000000000 ) ) ;
#2220 = CARTESIAN_POINT ( 'NONE',  ( -0.3349364905389030089, 0.6825961894323328005, -1.249999999999999334 ) ) ;
#2221 = ORIENTED_EDGE ( 'NONE', *, *, #3173, .T. ) ;
#2222 = CARTESIAN_POINT ( 'NONE',  ( -1.006430356249999214, 8.771875000614514306, 0.5810628371015488236 ) ) ;
#2223 = CARTESIAN_POINT ( 'NONE',  ( 0.3349364905389026204, 8.107596189432330291, 1.249999999999999556 ) ) ;
#2224 = CARTESIAN_POINT ( 'NONE',  ( 1.249999999999999334, 0.09999999999999874267, 0.000000000000000000 ) ) ;
#2225 = CARTESIAN_POINT ( 'NONE',  ( -1.249999999999999334, 3.474999999999997868, -1.530808498934190831E-16 ) ) ;
#2227 = ADVANCED_FACE ( 'NONE', ( #6190 ), #4280, .F. ) ;
#2226 = CARTESIAN_POINT ( 'NONE',  ( -1.249999999999998224, 1.768750001229032920, 0.7216878364870340512 ) ) ;
#2228 = CARTESIAN_POINT ( 'NONE',  ( -1.006430356249999436, 7.271875000614515194, 1.644310252063557226E-15 ) ) ;
#2229 = CARTESIAN_POINT ( 'NONE',  ( 0.5032151781250004952, 11.02187500061451431, 0.8715942556523216256 ) ) ;
#2230 = ORIENTED_EDGE ( 'NONE', *, *, #4170, .T. ) ;
#2231 = CARTESIAN_POINT ( 'NONE',  ( -1.006430356249999214, 1.571875000614515683, 0.5810628371015488236 ) ) ;
#2232 = CARTESIAN_POINT ( 'NONE',  ( -1.006430356249999658, 6.034375000614515372, 8.587269508238524180E-16 ) ) ;
#2233 = CARTESIAN_POINT ( 'NONE',  ( 1.006430356249999436, 7.946875000614514128, -1.767562423498186358E-15 ) ) ;
#2234 = VERTEX_POINT ( 'NONE', #79 ) ;
#2235 = CARTESIAN_POINT ( 'NONE',  ( 0.6250000000000012212, 5.031250001229032875, 1.082531754730547080 ) ) ;
#2236 = DIRECTION ( 'NONE',  ( -0.8660254037844381525, 0.000000000000000000, 0.5000000000000008882 ) ) ;
#2237 = CARTESIAN_POINT ( 'NONE',  ( -1.006430356250000324, -0.4156249993854843061, -0.5810628371015467142 ) ) ;
#2238 = VECTOR ( 'NONE', #1533, 1000.000000000000000 ) ;
#2239 = ORIENTED_EDGE ( 'NONE', *, *, #4430, .F. ) ;
#2240 = DIRECTION ( 'NONE',  ( -0.000000000000000000, -1.000000000000000000, -0.000000000000000000 ) ) ;
#2241 = CARTESIAN_POINT ( 'NONE',  ( 1.827526258964323273E-15, 0.6343750006145154607, 1.162125674203096093 ) ) ;
#2242 = DIRECTION ( 'NONE',  ( -0.000000000000000000, -1.000000000000000000, -0.000000000000000000 ) ) ;
#2243 = CARTESIAN_POINT ( 'NONE',  ( 1.006430356249998104, 2.584375000614515194, -0.5810628371015496008 ) ) ;
#2244 = CARTESIAN_POINT ( 'NONE',  ( 1.249999999999999334, 9.137499999999995737, -0.7216878364870317197 ) ) ;
#2245 = VERTEX_POINT ( 'NONE', #3444 ) ;
#2246 = CARTESIAN_POINT ( 'NONE',  ( -1.006430356249998992, 5.171875000614515550, 0.5810628371015487126 ) ) ;
#2247 = CARTESIAN_POINT ( 'NONE',  ( -1.195194745873193964, 11.99999999999999822, -0.3447998510401398820 ) ) ;
#2248 = CYLINDRICAL_SURFACE ( 'NONE', #2959, 1.249999999999999334 ) ;
#2249 = CARTESIAN_POINT ( 'NONE',  ( -1.249999999999999334, 5.274999999999998579, -1.530808498934190831E-16 ) ) ;
#2250 = DIRECTION ( 'NONE',  ( -0.000000000000000000, -1.000000000000000000, -0.000000000000000000 ) ) ;
#2251 = CARTESIAN_POINT ( 'NONE',  ( -1.249999999999999112, 7.937499999999996447, -0.7216878364870322748 ) ) ;
#2252 = EDGE_LOOP ( 'NONE', ( #5690, #54, #324, #3287 ) ) ;
#2253 =( BOUNDED_CURVE ( )  B_SPLINE_CURVE ( 2, ( #4155, #6035, #876, #4243, #5570, #1827, #818, #785, #5661, #2824, #1319, #2732, #1223, #753, #253, #4621, #2211, #2241, #5602, #1258, #1767, #312, #2181, #6148, #3176, #3773, #5095, #2700, #5692, #4185, #6093, #3712, #5632, #1289, #1862, #6242, #4871, #534, #2404, #4806, #4838, #3868, #4275, #5780, #2852, #4776, #4399, #2373, #6180, #2340, #3898, #3327, #6211, #1033, #1442, #3389, #3803, #5307, #963, #904, #1924, #2945, #3421, #5841, #3358, #2913, #4306, #5247, #499, #1411, #406, #1473, #439, #3453, #3837, #1894, #5749, #5276, #24, #468, #2437, #56, #4338, #933, #4368, #2883, #1504, #1954, #5812, #1380, #5342, #998, #5720, #5373, #2469, #1985, #3927, #4747, #651, #89, #1597, #2984, #5027, #2048, #2625, #5935, #4552, #2017, #4461, #3516, #3014, #1093, #210, #3071, #5904, #4490, #1630, #5875, #5494, #4937, #4995, #1567, #118, #3043, #5464, #2143, #3102, #5527, #595, #5964, #4522, #4965, #150, #2531, #3546, #3987, #564, #5998, #3579, #3958, #4083, #1536, #1152, #2593, #3486, #1664, #181, #2113, #1122, #5434, #4050, #5405, #682, #3612, #4907, #621, #2562, #2080, #4018, #1062, #2500, #4431, #1215, #5595, #843, #1282, #4148, #2725, #6114, #4115, #3737, #3168, #3232, #812, #4208, #1787, #5625, #2787, #3704, #306, #6028, #5655, #2757, #4178, #1730, #4679, #6140, #5154, #6059, #4581, #1696, #1818, #5561, #5087, #3200, #744, #2691, #4645, #3644, #2174, #5119, #4613, #4708, #244, #278, #337, #2204, #3676, #2266, #3134, #1250, #777, #2233, #1313, #3261, #6088, #1760, #5180, #367, #2297, #4234, #3763, #1184, #5056, #714, #2658, #3291, #4830, #4267, #897, #1976, #2396, #4331, #870, #6237, #1917, #1854, #2875, #2460, #2429, #15, #4299, #3859, #3321, #6173, #5771, #2365, #1342, #4359, #3796, #4391, #4769, #5239, #5714, #429, #956, #1403, #2846, #6204, #927, #1374, #3349, #47, #4799, #1885, #1432, #461, #5683, #5212, #3829, #5803, #523, #5743, #5268, #3381, #1945, #5299, #2906, #491, #2816, #3889, #1463, #3413, #5332, #989, #2937, #4861, #4739, #398, #2332, #3184, #3660, #4598, #1679, #262, #2607, #227, #5367, #697, #2675, #2189, #4131, #3596, #5071, #1714, #2491, #82, #3086, #4897, #5545, #5397, #5009, #3117, #4566, #2159, #2640, #1138, #667, #3919, #4100, #5578, #1528, #1497 ),
 .UNSPECIFIED., .F., .T. ) 
 B_SPLINE_CURVE_WITH_KNOTS ( ( 3, 2, 2, 2, 2, 2, 2, 2, 2, 2, 2, 2, 2, 2, 2, 2, 2, 2, 2, 2, 2, 2, 2, 2, 2, 2, 2, 2, 2, 2, 2, 2, 2, 2, 2, 2, 2, 2, 2, 2, 2, 2, 2, 2, 2, 2, 2, 2, 2, 2, 2, 2, 2, 2, 2, 2, 2, 2, 2, 2, 2, 2, 2, 2, 2, 2, 2, 2, 2, 2, 2, 2, 2, 2, 2, 2, 2, 2, 2, 2, 2, 2, 2, 2, 2, 2, 2, 2, 2, 2, 2, 2, 2, 2, 2, 2, 2, 2, 2, 2, 2, 2, 2, 2, 2, 2, 2, 2, 2, 2, 2, 2, 2, 2, 2, 2, 2, 2, 2, 2, 2, 2, 2, 2, 2, 2, 2, 2, 2, 2, 2, 2, 2, 2, 2, 2, 2, 2, 2, 2, 2, 2, 2, 2, 2, 2, 2, 2, 2, 2, 2, 2, 2, 2, 2, 2, 2, 2, 2, 2, 2, 3 ),
 ( 0.07753824463259119393, 0.08064516129032257841, 0.08602150537634409289, 0.09139784946236559349, 0.09677419354838709409, 0.1021505376344086086, 0.1075268817204301092, 0.1129032258064516098, 0.1182795698924731242, 0.1236559139784946248, 0.1290322580645161255, 0.1344086021505376261, 0.1397849462365591267, 0.1451612903225806550, 0.1505376344086021556, 0.1559139784946236840, 0.1612903225806451568, 0.1666666666666666574, 0.1720430107526881858, 0.1774193548387096864, 0.1827956989247311870, 0.1881720430107526876, 0.1935483870967741882, 0.1989247311827956888, 0.2043010752688171894, 0.2096774193548386900, 0.2150537634408601906, 0.2204301075268816912, 0.2258064516129032473, 0.2311827956989246924, 0.2365591397849462485, 0.2419354838709677491, 0.2473118279569892497, 0.2526881720430107503, 0.2580645161290323064, 0.2634408602150537515, 0.2688172043010752521, 0.2741935483870967527, 0.2795698924731182533, 0.2849462365591398094, 0.2903225806451613100, 0.2956989247311828106, 0.3010752688172043112, 0.3064516129032258118, 0.3118279569892473124, 0.3172043010752688130, 0.3225806451612903136, 0.3279569892473118142, 0.3333333333333333148, 0.3387096774193548154, 0.3440860215053763715, 0.3494623655913978721, 0.3548387096774193727, 0.3602150537634408733, 0.3655913978494623739, 0.3709677419354838745, 0.3763440860215053752, 0.3817204301075268758, 0.3870967741935483764, 0.3924731182795698770, 0.3978494623655914331, 0.4032258064516128782, 0.4086021505376344343, 0.4139784946236559349, 0.4193548387096774355, 0.4247311827956989916, 0.4301075268817204367, 0.4354838709677418818, 0.4408602150537634379, 0.4462365591397849385, 0.4516129032258064391, 0.4569892473118279397, 0.4623655913978494403, 0.4677419354838709409, 0.4731182795698924970, 0.4784946236559139976, 0.4838709677419354982, 0.4892473118279569988, 0.4946236559139784994, 0.5000000000000000000, 0.5053763440860215006, 0.5107526881720431122, 0.5161290322580645018, 0.5215053763440860024, 0.5268817204301075030, 0.5322580645161290036, 0.5376344086021505042, 0.5430107526881720048, 0.5483870967741935054, 0.5537634408602150060, 0.5591397849462365066, 0.5645161290322581182, 0.5698924731182796188, 0.5752688172043012305, 0.5806451612903226200, 0.5860215053763441206, 0.5913978494623656212, 0.5967741935483871218, 0.6021505376344086224, 0.6075268817204301230, 0.6129032258064516236, 0.6182795698924731242, 0.6236559139784946248, 0.6290322580645161255, 0.6344086021505376261, 0.6397849462365591267, 0.6451612903225806273, 0.6505376344086021279, 0.6559139784946236285, 0.6612903225806451291, 0.6666666666666666297, 0.6720430107526881303, 0.6774193548387095198, 0.6827956989247311315, 0.6881720430107527431, 0.6935483870967742437, 0.6989247311827957443, 0.7043010752688171339, 0.7096774193548387455, 0.7150537634408602461, 0.7204301075268817467, 0.7258064516129032473, 0.7311827956989248589, 0.7365591397849462485, 0.7419354838709677491, 0.7473118279569892497, 0.7526881720430107503, 0.7580645161290322509, 0.7634408602150537515, 0.7688172043010752521, 0.7741935483870967527, 0.7795698924731183643, 0.7849462365591397539, 0.7903225806451612545, 0.7956989247311827551, 0.8010752688172042557, 0.8064516129032257563, 0.8118279569892472569, 0.8172043010752688685, 0.8225806451612903691, 0.8279569892473118697, 0.8333333333333333703, 0.8387096774193548709, 0.8440860215053763715, 0.8494623655913978721, 0.8548387096774192617, 0.8602150537634408733, 0.8655913978494623739, 0.8709677419354838745, 0.8763440860215053752, 0.8817204301075268758, 0.8870967741935483764, 0.8924731182795698770, 0.8978494623655913776, 0.9032258064516127671, 0.9086021505376343788, 0.9139784946236558794, 0.9193548387096773800, 0.9247311827956988806, 0.9301075268817203812, 0.9354838709677418818, 0.9357375720521019513 ),
 .UNSPECIFIED. ) 
 CURVE ( )  GEOMETRIC_REPRESENTATION_ITEM ( )  RATIONAL_B_SPLINE_CURVE ( ( 0.9346381638529885905, 0.9225778897267367107, 1.000000000000000000, 0.8660254037844387076, 1.000000000000000000, 0.8660254037844387076, 1.000000000000000000, 0.8660254037844387076, 1.000000000000000000, 0.8660254037844387076, 1.000000000000000000, 0.8660254037844387076, 1.000000000000000000, 0.8660254037844387076, 1.000000000000000000, 0.8660254037844387076, 1.000000000000000000, 0.8660254037844387076, 1.000000000000000000, 0.8660254037844387076, 1.000000000000000000, 0.8660254037844387076, 1.000000000000000000, 0.8660254037844387076, 1.000000000000000000, 0.8660254037844387076, 1.000000000000000000, 0.8660254037844387076, 1.000000000000000000, 0.8660254037844387076, 1.000000000000000000, 0.8660254037844387076, 1.000000000000000000, 0.8660254037844387076, 1.000000000000000000, 0.8660254037844387076, 1.000000000000000000, 0.8660254037844387076, 1.000000000000000000, 0.8660254037844387076, 1.000000000000000000, 0.8660254037844387076, 1.000000000000000000, 0.8660254037844387076, 1.000000000000000000, 0.8660254037844387076, 1.000000000000000000, 0.8660254037844387076, 1.000000000000000000, 0.8660254037844387076, 1.000000000000000000, 0.8660254037844387076, 1.000000000000000000, 0.8660254037844387076, 1.000000000000000000, 0.8660254037844387076, 1.000000000000000000, 0.8660254037844387076, 1.000000000000000000, 0.8660254037844387076, 1.000000000000000000, 0.8660254037844387076, 1.000000000000000000, 0.8660254037844387076, 1.000000000000000000, 0.8660254037844387076, 1.000000000000000000, 0.8660254037844387076, 1.000000000000000000, 0.8660254037844387076, 1.000000000000000000, 0.8660254037844387076, 1.000000000000000000, 0.8660254037844387076, 1.000000000000000000, 0.8660254037844387076, 1.000000000000000000, 0.8660254037844387076, 1.000000000000000000, 0.8660254037844387076, 1.000000000000000000, 0.8660254037844387076, 1.000000000000000000, 0.8660254037844387076, 1.000000000000000000, 0.8660254037844387076, 1.000000000000000000, 0.8660254037844387076, 1.000000000000000000, 0.8660254037844387076, 1.000000000000000000, 0.8660254037844387076, 1.000000000000000000, 0.8660254037844387076, 1.000000000000000000, 0.8660254037844387076, 1.000000000000000000, 0.8660254037844387076, 1.000000000000000000, 0.8660254037844387076, 1.000000000000000000, 0.8660254037844387076, 1.000000000000000000, 0.8660254037844387076, 1.000000000000000000, 0.8660254037844387076, 1.000000000000000000, 0.8660254037844387076, 1.000000000000000000, 0.8660254037844387076, 1.000000000000000000, 0.8660254037844387076, 1.000000000000000000, 0.8660254037844387076, 1.000000000000000000, 0.8660254037844387076, 1.000000000000000000, 0.8660254037844387076, 1.000000000000000000, 0.8660254037844387076, 1.000000000000000000, 0.8660254037844387076, 1.000000000000000000, 0.8660254037844387076, 1.000000000000000000, 0.8660254037844387076, 1.000000000000000000, 0.8660254037844387076, 1.000000000000000000, 0.8660254037844387076, 1.000000000000000000, 0.8660254037844387076, 1.000000000000000000, 0.8660254037844387076, 1.000000000000000000, 0.8660254037844387076, 1.000000000000000000, 0.8660254037844387076, 1.000000000000000000, 0.8660254037844387076, 1.000000000000000000, 0.8660254037844387076, 1.000000000000000000, 0.8660254037844387076, 1.000000000000000000, 0.8660254037844387076, 1.000000000000000000, 0.8660254037844387076, 1.000000000000000000, 0.8660254037844387076, 1.000000000000000000, 0.8660254037844387076, 1.000000000000000000, 0.8660254037844387076, 1.000000000000000000, 0.8660254037844387076, 1.000000000000000000, 0.8660254037844387076, 1.000000000000000000, 0.8660254037844387076, 1.000000000000000000, 0.8660254037844387076, 1.000000000000000000, 0.8660254037844387076, 1.000000000000000000, 0.8660254037844387076, 1.000000000000000000, 0.8660254037844387076, 1.000000000000000000, 0.8660254037844387076, 1.000000000000000000, 0.8660254037844387076, 1.000000000000000000, 0.8660254037844387076, 1.000000000000000000, 0.8660254037844387076, 1.000000000000000000, 0.8660254037844387076, 1.000000000000000000, 0.8660254037844387076, 1.000000000000000000, 0.8660254037844387076, 1.000000000000000000, 0.8660254037844387076, 1.000000000000000000, 0.8660254037844387076, 1.000000000000000000, 0.8660254037844387076, 1.000000000000000000, 0.8660254037844387076, 1.000000000000000000, 0.8660254037844387076, 1.000000000000000000, 0.8660254037844387076, 1.000000000000000000, 0.8660254037844387076, 1.000000000000000000, 0.8660254037844387076, 1.000000000000000000, 0.8660254037844387076, 1.000000000000000000, 0.8660254037844387076, 1.000000000000000000, 0.8660254037844387076, 1.000000000000000000, 0.8660254037844387076, 1.000000000000000000, 0.8660254037844387076, 1.000000000000000000, 0.8660254037844387076, 1.000000000000000000, 0.8660254037844387076, 1.000000000000000000, 0.8660254037844387076, 1.000000000000000000, 0.8660254037844387076, 1.000000000000000000, 0.8660254037844387076, 1.000000000000000000, 0.8660254037844387076, 1.000000000000000000, 0.8660254037844387076, 1.000000000000000000, 0.8660254037844387076, 1.000000000000000000, 0.8660254037844387076, 1.000000000000000000, 0.8660254037844387076, 1.000000000000000000, 0.8660254037844387076, 1.000000000000000000, 0.8660254037844387076, 1.000000000000000000, 0.8660254037844387076, 1.000000000000000000, 0.8660254037844387076, 1.000000000000000000, 0.8660254037844387076, 1.000000000000000000, 0.8660254037844387076, 1.000000000000000000, 0.8660254037844387076, 1.000000000000000000, 0.8660254037844387076, 1.000000000000000000, 0.8660254037844387076, 1.000000000000000000, 0.8660254037844387076, 1.000000000000000000, 0.8660254037844387076, 1.000000000000000000, 0.8660254037844387076, 1.000000000000000000, 0.8660254037844387076, 1.000000000000000000, 0.8660254037844387076, 1.000000000000000000, 0.8660254037844387076, 1.000000000000000000, 0.8660254037844387076, 1.000000000000000000, 0.8660254037844387076, 1.000000000000000000, 0.8660254037844387076, 1.000000000000000000, 0.8660254037844387076, 1.000000000000000000, 0.8660254037844387076, 1.000000000000000000, 0.8660254037844387076, 1.000000000000000000, 0.8660254037844387076, 1.000000000000000000, 0.8660254037844387076, 1.000000000000000000, 0.8660254037844387076, 1.000000000000000000, 0.8660254037844387076, 1.000000000000000000, 0.8660254037844387076, 1.000000000000000000, 0.8660254037844387076, 1.000000000000000000, 0.8660254037844387076, 1.000000000000000000, 0.8660254037844387076, 1.000000000000000000, 0.8660254037844387076, 1.000000000000000000, 0.8660254037844387076, 1.000000000000000000, 0.8660254037844387076, 1.000000000000000000, 0.8660254037844387076, 1.000000000000000000, 0.8660254037844387076, 1.000000000000000000, 0.8660254037844387076, 1.000000000000000000, 0.8660254037844387076, 1.000000000000000000, 0.8660254037844387076, 1.000000000000000000, 0.8660254037844387076, 1.000000000000000000, 0.8660254037844387076, 1.000000000000000000, 0.8660254037844387076, 1.000000000000000000, 0.8660254037844387076, 1.000000000000000000, 0.8660254037844387076, 1.000000000000000000, 0.8660254037844387076, 1.000000000000000000, 0.8660254037844387076, 1.000000000000000000, 0.8660254037844387076, 1.000000000000000000, 0.8660254037844387076, 1.000000000000000000, 0.9936779529373942488, 0.9879525604673874417 ) ) 
 REPRESENTATION_ITEM ( '' )  );
#2254 = CARTESIAN_POINT ( 'NONE',  ( 0.5032151781249990519, 9.934375000614513951, -0.8715942556523228468 ) ) ;
#2255 = EDGE_CURVE ( 'NONE', #2767, #3473, #2007, .T. ) ;
#2256 = CARTESIAN_POINT ( 'NONE',  ( 1.530808498934190831E-16, 12.00000000000000000, 1.249999999999999334 ) ) ;
#2257 = CARTESIAN_POINT ( 'NONE',  ( 8.838126989374219771E-17, 0.2124999999999986899, -1.443375672974063439 ) ) ;
#2258 = DIRECTION ( 'NONE',  ( -0.000000000000000000, 1.000000000000000000, -0.000000000000000000 ) ) ;
#2259 = CARTESIAN_POINT ( 'NONE',  ( -1.249999999999998224, 2.218750001229032875, 0.7216878364870340512 ) ) ;
#2260 = CARTESIAN_POINT ( 'NONE',  ( 0.5032151781250004952, 7.871875000614513951, 0.8715942556523216256 ) ) ;
#2261 = CARTESIAN_POINT ( 'NONE',  ( -1.969845607676301195E-15, 10.75937500061451324, -1.162125674203096093 ) ) ;
#2262 = VERTEX_POINT ( 'NONE', #5297 ) ;
#2263 = CARTESIAN_POINT ( 'NONE',  ( -1.006430356249999214, 0.2218750006145156772, 0.5810628371015488236 ) ) ;
#2264 = EDGE_CURVE ( 'NONE', #450, #3560, #3887, .T. ) ;
#2265 = CARTESIAN_POINT ( 'NONE',  ( 1.006430356249999658, 6.221875000614516260, 0.5810628371015478244 ) ) ;
#2266 = CARTESIAN_POINT ( 'NONE',  ( -0.5032151781249986078, 7.796875000614514661, 0.8715942556523228468 ) ) ;
#2267 = ORIENTED_EDGE ( 'NONE', *, *, #5627, .T. ) ;
#2268 = CARTESIAN_POINT ( 'NONE',  ( -0.6250000000000002220, 8.949999999999999289, 1.082531754730547746 ) ) ;
#2269 = CARTESIAN_POINT ( 'NONE',  ( 0.6249999999999987788, 3.624999999999998224, 1.082531754730548412 ) ) ;
#2270 = CARTESIAN_POINT ( 'NONE',  ( 0.5032151781250004952, 0.6718750006145155496, 0.8715942556523216256 ) ) ;
#2271 = ORIENTED_EDGE ( 'NONE', *, *, #1255, .T. ) ;
#2272 = CARTESIAN_POINT ( 'NONE',  ( 1.626303258728256651E-16, 14.35000000000000497, -1.154700538379252128 ) ) ;
#2273 = DIRECTION ( 'NONE',  ( -0.000000000000000000, -1.000000000000000000, -0.000000000000000000 ) ) ;
#2274 = CARTESIAN_POINT ( 'NONE',  ( 0.6249999999999974465, 3.831250001229033142, -1.082531754730548856 ) ) ;
#2275 = CARTESIAN_POINT ( 'NONE',  ( -0.5032151781250009392, 3.146875000614515638, -0.8715942556523212925 ) ) ;
#2276 = CARTESIAN_POINT ( 'NONE',  ( 0.3349364905389026204, 9.007596189432335976, 1.249999999999999556 ) ) ;
#2277 = VERTEX_POINT ( 'NONE', #987 ) ;
#2278 = CARTESIAN_POINT ( 'NONE',  ( -0.5032151781250003841, 3.709375000614515194, -0.8715942556523218476 ) ) ;
#2279 = CARTESIAN_POINT ( 'NONE',  ( 0.04193458993087735565, 12.00000000000000000, 1.005556339619431805 ) ) ;
#2280 = CARTESIAN_POINT ( 'NONE',  ( 0.4125589767096532468, 0.02812500184355280416, -0.9413911226179298986 ) ) ;
#2281 = CARTESIAN_POINT ( 'NONE',  ( -1.249999999999999556, 5.312499999999998224, 0.7216878364870313867 ) ) ;
#2282 = CARTESIAN_POINT ( 'NONE',  ( -4.938688641342514686E-16, 1.337499999999998357, 1.249999999999999334 ) ) ;
#2283 = CARTESIAN_POINT ( 'NONE',  ( -1.249999999999999334, 0.7749999999999985789, -1.530808498934190831E-16 ) ) ;
#2284 = ORIENTED_EDGE ( 'NONE', *, *, #4323, .F. ) ;
#2285 = VECTOR ( 'NONE', #5563, 1000.000000000000000 ) ;
#2286 = CARTESIAN_POINT ( 'NONE',  ( 2.236935443431609674E-15, 5.443750001229031632, 1.249999999999999556 ) ) ;
#2287 = CARTESIAN_POINT ( 'NONE',  ( 0.6249999999999987788, -0.4250000000000012657, 1.082531754730548412 ) ) ;
#2288 = CARTESIAN_POINT ( 'NONE',  ( -0.6249999999999993339, 3.399999999999998579, -1.082531754730547968 ) ) ;
#2289 = CARTESIAN_POINT ( 'NONE',  ( 1.006430356249998104, 7.534375000614516260, -0.5810628371015496008 ) ) ;
#2290 = CARTESIAN_POINT ( 'NONE',  ( -1.969845607676301195E-15, 12.10937500061451466, -1.162125674203096093 ) ) ;
#2291 = EDGE_CURVE ( 'NONE', #1612, #5672, #3716, .T. ) ;
#2292 =( BOUNDED_CURVE ( )  B_SPLINE_CURVE ( 2, ( #2286, #5201, #860, #5616, #6163, #1778, #5646, #3755, #2322 ),
 .UNSPECIFIED., .F., .F. ) 
 B_SPLINE_CURVE_WITH_KNOTS ( ( 3, 2, 2, 2, 3 ),
 ( 0.4758064516129032473, 0.4784946236559139976, 0.4838709677419354982, 0.4892473118279569988, 0.4919354838709677491 ),
 .UNSPECIFIED. ) 
 CURVE ( )  GEOMETRIC_REPRESENTATION_ITEM ( )  RATIONAL_B_SPLINE_CURVE ( ( 0.9330127018922194093, 0.9330127018922194093, 1.000000000000000000, 0.8660254037844387076, 1.000000000000000000, 0.8660254037844387076, 1.000000000000000000, 0.9330127018922194093, 0.9330127018922194093 ) ) 
 REPRESENTATION_ITEM ( '' )  );
#2293 =( BOUNDED_CURVE ( )  B_SPLINE_CURVE ( 2, ( #5857, #3470, #3001, #2357, #4792, #1909, #4507, #1110, #3975 ),
 .UNSPECIFIED., .F., .T. ) 
 B_SPLINE_CURVE_WITH_KNOTS ( ( 3, 2, 2, 2, 3 ),
 ( 0.3951612903225806273, 0.3978494623655913776, 0.4032258064516128782, 0.4086021505376344343, 0.4112903225806451846 ),
 .UNSPECIFIED. ) 
 CURVE ( )  GEOMETRIC_REPRESENTATION_ITEM ( )  RATIONAL_B_SPLINE_CURVE ( ( 0.9330127018922194093, 0.9330127018922194093, 1.000000000000000000, 0.8660254037844387076, 1.000000000000000000, 0.8660254037844387076, 1.000000000000000000, 0.9330127018922194093, 0.9330127018922194093 ) ) 
 REPRESENTATION_ITEM ( '' )  );
#2294 = VERTEX_POINT ( 'NONE', #2904 ) ;
#2295 = CARTESIAN_POINT ( 'NONE',  ( 1.006430356249999658, 4.871875000614513951, 0.5810628371015478244 ) ) ;
#2296 = CARTESIAN_POINT ( 'NONE',  ( 1.006430356249999658, 6.259375000614515905, -9.819791222584817478E-16 ) ) ;
#2297 = CARTESIAN_POINT ( 'NONE',  ( -1.006430356249998548, 8.209375000614514306, 0.5810628371015494897 ) ) ;
#2298 = CARTESIAN_POINT ( 'NONE',  ( 0.3349364905389053959, 5.013846190661366720, 1.249999999999998890 ) ) ;
#2299 = LINE ( 'NONE', #747, #2098 ) ;
#2300 = CARTESIAN_POINT ( 'NONE',  ( 1.827526258964323273E-15, 0.1843750006145156717, 1.162125674203096093 ) ) ;
#2301 = ADVANCED_FACE ( 'NONE', ( #2489 ), #1082, .T. ) ;
#2302 = VECTOR ( 'NONE', #4301, 1000.000000000000000 ) ;
#2303 = VERTEX_POINT ( 'NONE', #3917 ) ;
#2304 = ORIENTED_EDGE ( 'NONE', *, *, #1906, .T. ) ;
#2305 =( BOUNDED_CURVE ( )  B_SPLINE_CURVE ( 2, ( #4589, #2056, #689, #3587, #5000, #2568, #1159, #721, #4528 ),
 .UNSPECIFIED., .F., .T. ) 
 B_SPLINE_CURVE_WITH_KNOTS ( ( 3, 2, 2, 2, 3 ),
 ( 0.08955159815390978384, 0.09139784946236559349, 0.09677419354838709409, 0.1021505376344086086, 0.1048387096774193589 ),
 .UNSPECIFIED. ) 
 CURVE ( )  GEOMETRIC_REPRESENTATION_ITEM ( )  RATIONAL_B_SPLINE_CURVE ( ( 0.9395835397633001129, 0.9539927561173155990, 1.000000000000000000, 0.8660254037844387076, 1.000000000000000000, 0.8660254037844387076, 1.000000000000000000, 0.9330127018922194093, 0.9330127018922194093 ) ) 
 REPRESENTATION_ITEM ( '' )  );
#2306 = CARTESIAN_POINT ( 'NONE',  ( 0.6249999999999997780, 7.374999999999999112, -1.082531754730547746 ) ) ;
#2307 = LINE ( 'NONE', #5218, #2806 ) ;
#2308 = CARTESIAN_POINT ( 'NONE',  ( -1.249999999999999334, 5.274999999999998579, -1.530808498934190831E-16 ) ) ;
#2309 = FACE_OUTER_BOUND ( 'NONE', #2696, .T. ) ;
#2310 = CARTESIAN_POINT ( 'NONE',  ( 0.5032151781250004952, 2.921875000614515550, 0.8715942556523216256 ) ) ;
#2311 = AXIS2_PLACEMENT_3D ( 'NONE', #1010, #660, #99 ) ;
#2312 = EDGE_CURVE ( 'NONE', #5672, #865, #5831, .T. ) ;
#2313 = ORIENTED_EDGE ( 'NONE', *, *, #2623, .T. ) ;
#2314 = ADVANCED_BREP_SHAPE_REPRESENTATION ( 'Screw_DIN_912_M2.5x12F_A2', ( #3751, #1590 ), #4439 ) ;
#2315 = CARTESIAN_POINT ( 'NONE',  ( -1.006430356249999658, 4.234375000614515550, 8.587269508238526152E-16 ) ) ;
#2316 = CARTESIAN_POINT ( 'NONE',  ( -0.6250000000000002220, 8.499999999999996447, 1.082531754730547746 ) ) ;
#2317 = CARTESIAN_POINT ( 'NONE',  ( -0.8500000000000000888, 13.25000000000000000, -0.4907477288111793956 ) ) ;
#2318 = DIRECTION ( 'NONE',  ( -0.000000000000000000, -1.000000000000000000, -0.000000000000000000 ) ) ;
#2319 = LINE ( 'NONE', #6129, #810 ) ;
#2320 = DIRECTION ( 'NONE',  ( -0.000000000000000000, -1.000000000000000000, -0.000000000000000000 ) ) ;
#2321 = ORIENTED_EDGE ( 'NONE', *, *, #3203, .F. ) ;
#2322 = CARTESIAN_POINT ( 'NONE',  ( -2.614599868946037210E-15, 5.668750001229032165, -1.249999999999999334 ) ) ;
#2323 = CARTESIAN_POINT ( 'NONE',  ( 9.204127980810863719E-16, 11.99687500061451573, 1.162125674203096537 ) ) ;
#2324 = DIRECTION ( 'NONE',  ( -0.6546536707079780859, -0.6546536707079753103, -0.3779644730092288074 ) ) ;
#2325 = CARTESIAN_POINT ( 'NONE',  ( -1.969845607676301195E-15, 7.159375000614515372, -1.162125674203096093 ) ) ;
#2326 = CARTESIAN_POINT ( 'NONE',  ( -1.006430356250000324, 11.28437500061451537, -0.5810628371015467142 ) ) ;
#2327 = ORIENTED_EDGE ( 'NONE', *, *, #4290, .F. ) ;
#2328 = CARTESIAN_POINT ( 'NONE',  ( -0.5032151781249993849, 4.309375000614514839, 0.8715942556523227358 ) ) ;
#2329 = CARTESIAN_POINT ( 'NONE',  ( 1.006430356249999658, 10.75937500061451324, -9.819791222584819450E-16 ) ) ;
#2330 = VECTOR ( 'NONE', #4987, 1000.000000000000000 ) ;
#2331 = CARTESIAN_POINT ( 'NONE',  ( 1.006430356249998770, 6.296875000614514661, -0.5810628371015489346 ) ) ;
#2332 = CARTESIAN_POINT ( 'NONE',  ( -1.006430356250000102, 10.83437500061451608, -0.5810628371015466032 ) ) ;
#2333 = CARTESIAN_POINT ( 'NONE',  ( 0.6249999999999997780, 12.32499999999999929, -1.082531754730547746 ) ) ;
#2334 = DIRECTION ( 'NONE',  ( -0.000000000000000000, -1.000000000000000000, -0.000000000000000000 ) ) ;
#2335 = CARTESIAN_POINT ( 'NONE',  ( 1.006430356249999880, 0.7093750006145156384, 0.5810628371015469362 ) ) ;
#2336 =( BOUNDED_CURVE ( )  B_SPLINE_CURVE ( 2, ( #4762, #4141, #3912, #3852, #3374, #1456, #2929, #514, #980 ),
 .UNSPECIFIED., .F., .T. ) 
 B_SPLINE_CURVE_WITH_KNOTS ( ( 3, 2, 2, 2, 3 ),
 ( 0.4758064516129032473, 0.4784946236559139976, 0.4838709677419354982, 0.4892473118279569988, 0.4919354838709677491 ),
 .UNSPECIFIED. ) 
 CURVE ( )  GEOMETRIC_REPRESENTATION_ITEM ( )  RATIONAL_B_SPLINE_CURVE ( ( 0.9330127018922194093, 0.9330127018922194093, 1.000000000000000000, 0.8660254037844387076, 1.000000000000000000, 0.8660254037844387076, 1.000000000000000000, 0.9330127018922194093, 0.9330127018922194093 ) ) 
 REPRESENTATION_ITEM ( '' )  );
#2337 = ORIENTED_EDGE ( 'NONE', *, *, #511, .T. ) ;
#2338 = ORIENTED_EDGE ( 'NONE', *, *, #4465, .T. ) ;
#2339 = CARTESIAN_POINT ( 'NONE',  ( -2.614599868946037210E-15, 11.96875000122902932, -1.249999999999999334 ) ) ;
#2340 = CARTESIAN_POINT ( 'NONE',  ( -1.006430356250000102, 1.834375000614515638, -0.5810628371015466032 ) ) ;
#2341 = CARTESIAN_POINT ( 'NONE',  ( -1.249999999999999778, 6.662499999999997868, 0.7216878364870313867 ) ) ;
#2342 = CARTESIAN_POINT ( 'NONE',  ( -0.3349364905389057290, 7.938846190661366542, -1.249999999999998668 ) ) ;
#2343 = CARTESIAN_POINT ( 'NONE',  ( 0.6250000000000012212, 6.381250001229032520, 1.082531754730547080 ) ) ;
#2344 = CARTESIAN_POINT ( 'NONE',  ( 1.006430356249999436, 6.596875000614515372, -1.767562423498186358E-15 ) ) ;
#2345 = EDGE_LOOP ( 'NONE', ( #1428, #2418, #3663, #4594 ) ) ;
#2346 = CARTESIAN_POINT ( 'NONE',  ( 1.006430356249999658, 5.359375000614514661, -9.819791222584819450E-16 ) ) ;
#2347 = CARTESIAN_POINT ( 'NONE',  ( -4.938688641342514686E-16, 8.537499999999996092, 1.249999999999999334 ) ) ;
#2348 = EDGE_CURVE ( 'NONE', #4061, #1440, #3640, .T. ) ;
#2349 = CARTESIAN_POINT ( 'NONE',  ( -1.249999999999999556, 9.362499999999998934, 0.7216878364870313867 ) ) ;
#2350 = CARTESIAN_POINT ( 'NONE',  ( -0.6249999999999993339, 5.199999999999998401, -1.082531754730547968 ) ) ;
#2351 = LINE ( 'NONE', #943, #1311 ) ;
#2352 = CARTESIAN_POINT ( 'NONE',  ( -0.9403468430829506897, 0.03873705060344068835, -0.4210977937001798566 ) ) ;
#2353 = VERTEX_POINT ( 'NONE', #2040 ) ;
#2354 = AXIS2_PLACEMENT_3D ( 'NONE', #3757, #1753, #329 ) ;
#2355 = CARTESIAN_POINT ( 'NONE',  ( 1.249999999999999112, 8.162499999999999645, 0.7216878364870324969 ) ) ;
#2356 = CARTESIAN_POINT ( 'NONE',  ( 0.6249999999999987788, 0.9249999999999984901, 1.082531754730548412 ) ) ;
#2357 = CARTESIAN_POINT ( 'NONE',  ( -1.250000000000000444, 4.393750001229032698, -0.7216878364870294993 ) ) ;
#2358 = CARTESIAN_POINT ( 'NONE',  ( 1.006430356249998104, 10.68437500061451395, -0.5810628371015496008 ) ) ;
#2359 = CARTESIAN_POINT ( 'NONE',  ( -1.006430356249999436, 9.971875000614513596, 1.644310252063557226E-15 ) ) ;
#2360 = VECTOR ( 'NONE', #2630, 1000.000000000000114 ) ;
#2361 = ORIENTED_EDGE ( 'NONE', *, *, #1984, .F. ) ;
#2362 = CARTESIAN_POINT ( 'NONE',  ( 0.5032151781249990519, 2.734375000614515550, -0.8715942556523228468 ) ) ;
#2363 = CARTESIAN_POINT ( 'NONE',  ( 9.204127980810867663E-16, 10.19687500061451502, 1.162125674203096537 ) ) ;
#2364 = CARTESIAN_POINT ( 'NONE',  ( 9.204127980810863719E-16, 8.846875000614515372, 1.162125674203096537 ) ) ;
#2365 = CARTESIAN_POINT ( 'NONE',  ( 0.5032151781250004952, 9.221875000614515372, 0.8715942556523216256 ) ) ;
#2366 = CARTESIAN_POINT ( 'NONE',  ( -0.6250000000000002220, 12.54999999999999893, 1.082531754730547746 ) ) ;
#2367 = CARTESIAN_POINT ( 'NONE',  ( 1.249999999999997780, 6.493750001229033231, -0.7216878364870343843 ) ) ;
#2368 = CARTESIAN_POINT ( 'NONE',  ( -0.5032151781250009392, 1.796875000614515550, -0.8715942556523212925 ) ) ;
#2369 = ORIENTED_EDGE ( 'NONE', *, *, #1636, .F. ) ;
#2370 = ORIENTED_EDGE ( 'NONE', *, *, #4673, .F. ) ;
#2371 = DIRECTION ( 'NONE',  ( 0.000000000000000000, 0.000000000000000000, -1.000000000000000000 ) ) ;
#2372 =( BOUNDED_CURVE ( )  B_SPLINE_CURVE ( 2, ( #2980, #2078, #4963, #116, #2046, #2497, #2560, #4427, #86 ),
 .UNSPECIFIED., .F., .F. ) 
 B_SPLINE_CURVE_WITH_KNOTS ( ( 3, 2, 2, 2, 3 ),
 ( 0.7338709677419354982, 0.7365591397849462485, 0.7419354838709677491, 0.7473118279569892497, 0.7500000000000000000 ),
 .UNSPECIFIED. ) 
 CURVE ( )  GEOMETRIC_REPRESENTATION_ITEM ( )  RATIONAL_B_SPLINE_CURVE ( ( 0.9330127018922194093, 0.9330127018922194093, 1.000000000000000000, 0.8660254037844387076, 1.000000000000000000, 0.8660254037844387076, 1.000000000000000000, 0.9330127018922194093, 0.9330127018922194093 ) ) 
 REPRESENTATION_ITEM ( '' )  );
#2373 = CARTESIAN_POINT ( 'NONE',  ( -1.969845607676301195E-15, 1.759375000614515905, -1.162125674203096093 ) ) ;
#2374 = CARTESIAN_POINT ( 'NONE',  ( 1.249999999999999112, 7.262499999999996625, 0.7216878364870323859 ) ) ;
#2375 = CARTESIAN_POINT ( 'NONE',  ( -1.249999999999999334, 1.731250001229032609, 2.596460695863248776E-15 ) ) ;
#2376 = CARTESIAN_POINT ( 'NONE',  ( -0.6249999999999978906, 5.856250001229032165, 1.082531754730548856 ) ) ;
#2377 = CARTESIAN_POINT ( 'NONE',  ( 1.006430356249998104, 7.084375000614515194, -0.5810628371015496008 ) ) ;
#2378 = ADVANCED_FACE ( 'NONE', ( #3980 ), #5895, .T. ) ;
#2379 = CARTESIAN_POINT ( 'NONE',  ( -0.5032151781250003841, 5.509375000614515017, -0.8715942556523218476 ) ) ;
#2380 = DIRECTION ( 'NONE',  ( -0.000000000000000000, -1.000000000000000000, -0.000000000000000000 ) ) ;
#2381 = CARTESIAN_POINT ( 'NONE',  ( 0.5637772732177389612, 0.2866441394164108702, -1.019534868190052235 ) ) ;
#2382 = CARTESIAN_POINT ( 'NONE',  ( 0.000000000000000000, 12.00000000000000000, 0.000000000000000000 ) ) ;
#2383 = CARTESIAN_POINT ( 'NONE',  ( -0.5032151781250009392, -0.4531249993854842839, -0.8715942556523212925 ) ) ;
#2384 = LINE ( 'NONE', #5791, #2828 ) ;
#2385 = EDGE_CURVE ( 'NONE', #6008, #1793, #4076, .T. ) ;
#2386 = ORIENTED_EDGE ( 'NONE', *, *, #5003, .T. ) ;
#2387 = CARTESIAN_POINT ( 'NONE',  ( -0.3349364905389045632, 2.032596189432333222, -1.249999999999998668 ) ) ;
#2388 = CARTESIAN_POINT ( 'NONE',  ( 8.838126989374219771E-17, 0.6624999999999985345, -1.443375672974063439 ) ) ;
#2389 = DIRECTION ( 'NONE',  ( 0.000000000000000000, 0.000000000000000000, -1.000000000000000000 ) ) ;
#2390 = CARTESIAN_POINT ( 'NONE',  ( -0.5032151781250009392, 10.79687500061451466, -0.8715942556523212925 ) ) ;
#2391 = CARTESIAN_POINT ( 'NONE',  ( -1.006430356249998992, -0.6781249993854843172, 0.5810628371015487126 ) ) ;
#2392 = ORIENTED_EDGE ( 'NONE', *, *, #1914, .T. ) ;
#2393 = CARTESIAN_POINT ( 'NONE',  ( 9.204127980810867663E-16, 3.896875000614515638, 1.162125674203096537 ) ) ;
#2394 = CARTESIAN_POINT ( 'NONE',  ( -1.006430356249998992, 11.92187500061451289, 0.5810628371015487126 ) ) ;
#2395 = CARTESIAN_POINT ( 'NONE',  ( 1.006430356249998770, 8.546875000614514661, -0.5810628371015489346 ) ) ;
#2396 = CARTESIAN_POINT ( 'NONE',  ( -1.006430356249998548, 8.659375000614513596, 0.5810628371015494897 ) ) ;
#2397 = CARTESIAN_POINT ( 'NONE',  ( 1.249999999999997780, 2.893750001229033142, -0.7216878364870343843 ) ) ;
#2398 = AXIS2_PLACEMENT_3D ( 'NONE', #3247, #384, #3276 ) ;
#2399 = CARTESIAN_POINT ( 'NONE',  ( -0.3349364905389035640, 7.617403810567664024, 1.249999999999999112 ) ) ;
#2400 = CARTESIAN_POINT ( 'NONE',  ( 1.006430356249998104, 1.684375000614515505, -0.5810628371015496008 ) ) ;
#2401 = VERTEX_POINT ( 'NONE', #6049 ) ;
#2402 = ORIENTED_EDGE ( 'NONE', *, *, #2037, .T. ) ;
#2403 = CARTESIAN_POINT ( 'NONE',  ( 1.006430356249999658, 0.8218750006145154607, 0.5810628371015478244 ) ) ;
#2404 = CARTESIAN_POINT ( 'NONE',  ( -1.006430356249999436, 1.421875000614515550, 1.644310252063557226E-15 ) ) ;
#2405 = CARTESIAN_POINT ( 'NONE',  ( 8.838126989374219771E-17, 9.662499999999997868, -1.443375672974063439 ) ) ;
#2406 = FACE_OUTER_BOUND ( 'NONE', #3568, .T. ) ;
#2407 = CARTESIAN_POINT ( 'NONE',  ( 1.250000000000000444, 9.568750001229032520, 0.7216878364870298324 ) ) ;
#2408 = CARTESIAN_POINT ( 'NONE',  ( -0.5032151781250009392, 5.846875000614515372, -0.8715942556523212925 ) ) ;
#2409 = VECTOR ( 'NONE', #1475, 1000.000000000000000 ) ;
#2410 = CARTESIAN_POINT ( 'NONE',  ( -1.062732146793064886E-15, 6.371875000614515727, -1.162125674203096537 ) ) ;
#2411 = DIRECTION ( 'NONE',  ( -0.8660254037844385966, 0.000000000000000000, -0.5000000000000002220 ) ) ;
#2412 = CARTESIAN_POINT ( 'NONE',  ( -1.249999999999999334, 4.881250001229032520, 2.596460695863248776E-15 ) ) ;
#2413 = EDGE_CURVE ( 'NONE', #4226, #4418, #4070, .T. ) ;
#2414 = VECTOR ( 'NONE', #5383, 1000.000000000000000 ) ;
#2415 = CARTESIAN_POINT ( 'NONE',  ( 1.250000000000000444, 11.81875000122903074, 0.7216878364870297213 ) ) ;
#2416 = CARTESIAN_POINT ( 'NONE',  ( 1.249999999999999112, 2.312499999999998668, 0.7216878364870324969 ) ) ;
#2417 = CARTESIAN_POINT ( 'NONE',  ( -0.3693265440247470166, 0.1257782059044139644, 1.001040633113066791 ) ) ;
#2418 = ORIENTED_EDGE ( 'NONE', *, *, #364, .T. ) ;
#2419 = CARTESIAN_POINT ( 'NONE',  ( 0.9999999999999993339, 13.40000000000000036, -0.5773502691896267303 ) ) ;
#2420 = CARTESIAN_POINT ( 'NONE',  ( -1.249999999999999334, 1.224999999999998757, -1.530808498934190831E-16 ) ) ;
#2421 = DIRECTION ( 'NONE',  ( -0.000000000000000000, -1.000000000000000000, -0.000000000000000000 ) ) ;
#2422 = CARTESIAN_POINT ( 'NONE',  ( -1.969845607676301195E-15, 10.30937500061451573, -1.162125674203096093 ) ) ;
#2423 = CARTESIAN_POINT ( 'NONE',  ( -1.969845607676301195E-15, 12.55937500061451395, -1.162125674203096093 ) ) ;
#2424 = EDGE_LOOP ( 'NONE', ( #1941, #3061, #2284, #334 ) ) ;
#2425 = CARTESIAN_POINT ( 'NONE',  ( 1.006430356249999658, 3.559375000614515283, -9.819791222584819450E-16 ) ) ;
#2426 = CARTESIAN_POINT ( 'NONE',  ( 0.000000000000000000, 12.00000000000000000, -1.249999999999999334 ) ) ;
#2427 = CARTESIAN_POINT ( 'NONE',  ( -0.5032151781249993849, 7.459375000614515194, 0.8715942556523227358 ) ) ;
#2428 = ADVANCED_FACE ( 'NONE', ( #199 ), #3632, .F. ) ;
#2429 = CARTESIAN_POINT ( 'NONE',  ( -1.969845607676301195E-15, 8.959375000614514306, -1.162125674203096093 ) ) ;
#2430 = DIRECTION ( 'NONE',  ( 1.000000000000000000, -0.000000000000000000, 1.224646799147353207E-16 ) ) ;
#2431 = CYLINDRICAL_SURFACE ( 'NONE', #1486, 1.249999999999999334 ) ;
#2432 = CARTESIAN_POINT ( 'NONE',  ( -0.5032151781249986078, 2.846875000614515816, 0.8715942556523228468 ) ) ;
#2433 = CARTESIAN_POINT ( 'NONE',  ( -1.006430356249999880, 11.39687500061451608, -0.5810628371015474913 ) ) ;
#2434 = VECTOR ( 'NONE', #643, 1000.000000000000114 ) ;
#2435 = ORIENTED_EDGE ( 'NONE', *, *, #1765, .T. ) ;
#2436 = CARTESIAN_POINT ( 'NONE',  ( -1.062732146793064491E-15, 0.9718750006145157050, -1.162125674203096537 ) ) ;
#2437 = CARTESIAN_POINT ( 'NONE',  ( 1.006430356249999436, 2.996875000614515727, -1.767562423498186358E-15 ) ) ;
#2438 = CARTESIAN_POINT ( 'NONE',  ( -0.6250000000000002220, 7.599999999999997868, 1.082531754730547746 ) ) ;
#2439 = CYLINDRICAL_SURFACE ( 'NONE', #5933, 1.249999999999999334 ) ;
#2440 = CARTESIAN_POINT ( 'NONE',  ( -1.249999999999999334, 9.831250001229030033, 2.596460695863248776E-15 ) ) ;
#2441 = CARTESIAN_POINT ( 'NONE',  ( -1.006430356249998548, 7.309375000614513951, 0.5810628371015493787 ) ) ;
#2442 = CARTESIAN_POINT ( 'NONE',  ( 0.5032151781249999400, 5.284375000614515372, 0.8715942556523221807 ) ) ;
#2443 = CARTESIAN_POINT ( 'NONE',  ( 1.249999999999999334, 7.749999999999997335, 0.000000000000000000 ) ) ;
#2444 = CARTESIAN_POINT ( 'NONE',  ( 1.096378938620811594, 0.2180706645851262782, 0.2554106705108395992 ) ) ;
#2445 = CARTESIAN_POINT ( 'NONE',  ( 1.249999999999999334, 11.85625000122903216, -2.749541545756668106E-15 ) ) ;
#2446 = VECTOR ( 'NONE', #2380, 1000.000000000000000 ) ;
#2447 = CARTESIAN_POINT ( 'NONE',  ( 0.3349364905389053959, 6.813846190661366542, 1.249999999999998890 ) ) ;
#2448 = VERTEX_POINT ( 'NONE', #3190 ) ;
#2449 = FACE_OUTER_BOUND ( 'NONE', #6223, .T. ) ;
#2450 = CARTESIAN_POINT ( 'NONE',  ( -0.6249999999999993339, 1.149999999999998579, -1.082531754730547968 ) ) ;
#2451 = CARTESIAN_POINT ( 'NONE',  ( -0.3349364905389093927, 10.58259618943233349, -1.249999999999996003 ) ) ;
#2452 = CARTESIAN_POINT ( 'NONE',  ( -1.969845607676301195E-15, 10.75937500061451324, -1.162125674203096093 ) ) ;
#2453 = CARTESIAN_POINT ( 'NONE',  ( 0.5032151781249990519, -0.4156249993854842506, -0.8715942556523228468 ) ) ;
#2454 = ORIENTED_EDGE ( 'NONE', *, *, #3363, .T. ) ;
#2455 = ADVANCED_FACE ( 'NONE', ( #3093 ), #3157, .T. ) ;
#2456 = CARTESIAN_POINT ( 'NONE',  ( 0.5032151781249999400, 6.184375000614514839, 0.8715942556523221807 ) ) ;
#2457 = AXIS2_PLACEMENT_3D ( 'NONE', #3405, #454, #2389 ) ;
#2458 = DIRECTION ( 'NONE',  ( -0.000000000000000000, -1.000000000000000000, -0.000000000000000000 ) ) ;
#2459 = CARTESIAN_POINT ( 'NONE',  ( 1.006430356249998770, 7.196875000614515017, -0.5810628371015489346 ) ) ;
#2460 = CARTESIAN_POINT ( 'NONE',  ( 0.5032151781249982747, 8.921875000614514661, -0.8715942556523229579 ) ) ;
#2461 = CARTESIAN_POINT ( 'NONE',  ( -0.6249999999999993339, 6.549999999999998934, -1.082531754730547968 ) ) ;
#2462 = CARTESIAN_POINT ( 'NONE',  ( 1.530808498934190831E-16, 12.00000000000000000, 1.249999999999999334 ) ) ;
#2463 = CARTESIAN_POINT ( 'NONE',  ( -1.969845607676301195E-15, 1.759375000614515905, -1.162125674203096093 ) ) ;
#2464 = CARTESIAN_POINT ( 'NONE',  ( 1.006430356249998992, 10.79687500061451644, -0.5810628371015489346 ) ) ;
#2465 = EDGE_CURVE ( 'NONE', #480, #1317, #3537, .T. ) ;
#2466 = ORIENTED_EDGE ( 'NONE', *, *, #5673, .T. ) ;
#2467 = ORIENTED_EDGE ( 'NONE', *, *, #2571, .F. ) ;
#2468 = CARTESIAN_POINT ( 'NONE',  ( -1.006430356249999880, 1.046875000614515550, -0.5810628371015476024 ) ) ;
#2469 = CARTESIAN_POINT ( 'NONE',  ( 0.5032151781249982747, 3.521875000614515194, -0.8715942556523229579 ) ) ;
#2470 = CARTESIAN_POINT ( 'NONE',  ( -0.6250000000000002220, 9.399999999999998579, 1.082531754730547746 ) ) ;
#2471 = CYLINDRICAL_SURFACE ( 'NONE', #4627, 1.249999999999999334 ) ;
#2472 = CARTESIAN_POINT ( 'NONE',  ( -0.6249999999999978906, 8.556250001229031454, 1.082531754730548856 ) ) ;
#2473 = CARTESIAN_POINT ( 'NONE',  ( 0.5032151781249982747, 8.471875000614513596, -0.8715942556523229579 ) ) ;
#2474 = CARTESIAN_POINT ( 'NONE',  ( -1.006430356249999880, 5.996875000614513951, -0.5810628371015476024 ) ) ;
#2475 = CARTESIAN_POINT ( 'NONE',  ( 1.121372832681300312E-14, 10.16875000122903216, -1.249999999999999334 ) ) ;
#2476 = CYLINDRICAL_SURFACE ( 'NONE', #3353, 1.249999999999999334 ) ;
#2477 = CARTESIAN_POINT ( 'NONE',  ( -0.9999999999999978906, 13.40000000000000036, 0.5773502691896302830 ) ) ;
#2478 = CARTESIAN_POINT ( 'NONE',  ( 0.1385715426677582574, 0.4437753459256781885, 1.240663732099658745 ) ) ;
#2479 = LINE ( 'NONE', #4410, #6230 ) ;
#2480 = EDGE_LOOP ( 'NONE', ( #1770, #3576, #4569, #4304 ) ) ;
#2481 = DIRECTION ( 'NONE',  ( -0.8660254037844385966, 0.000000000000000000, -0.4999999999999999445 ) ) ;
#2482 = CARTESIAN_POINT ( 'NONE',  ( -1.249999999999999334, 0.3249999999999986788, -1.530808498934190831E-16 ) ) ;
#2483 = CARTESIAN_POINT ( 'NONE',  ( 0.6250000000000012212, 5.031250001229032875, 1.082531754730547080 ) ) ;
#2484 = CARTESIAN_POINT ( 'NONE',  ( -4.938688641342514686E-16, 7.637499999999997513, 1.249999999999999334 ) ) ;
#2485 = CARTESIAN_POINT ( 'NONE',  ( 1.006430356249999880, 9.709375000614516082, 0.5810628371015469362 ) ) ;
#2486 = CARTESIAN_POINT ( 'NONE',  ( -1.006430356250000324, 12.18437500061451395, -0.5810628371015467142 ) ) ;
#2487 = ORIENTED_EDGE ( 'NONE', *, *, #2770, .T. ) ;
#2488 = CARTESIAN_POINT ( 'NONE',  ( 1.006430356249999658, 7.159375000614515372, -9.819791222584819450E-16 ) ) ;
#2489 = FACE_OUTER_BOUND ( 'NONE', #2015, .T. ) ;
#2490 = CARTESIAN_POINT ( 'NONE',  ( 0.5032151781249999400, 8.434375000614515727, 0.8715942556523221807 ) ) ;
#2491 = CARTESIAN_POINT ( 'NONE',  ( 1.827526258964323273E-15, 11.43437500061451395, 1.162125674203096093 ) ) ;
#2492 = CARTESIAN_POINT ( 'NONE',  ( 1.743066579297358255E-16, 1.112499999999998712, -1.249999999999999112 ) ) ;
#2493 = EDGE_CURVE ( 'NONE', #4918, #887, #5016, .T. ) ;
#2494 = CARTESIAN_POINT ( 'NONE',  ( 0.6250000000000012212, -0.3687499987709670912, 1.082531754730547080 ) ) ;
#2495 = CARTESIAN_POINT ( 'NONE',  ( 1.006430356249999880, 3.409375000614515372, 0.5810628371015469362 ) ) ;
#2496 = CARTESIAN_POINT ( 'NONE',  ( -0.5032151781249993849, 11.95937500061451253, 0.8715942556523227358 ) ) ;
#2497 = CARTESIAN_POINT ( 'NONE',  ( 1.249999999999997780, 9.193750001229030744, -0.7216878364870343843 ) ) ;
#2498 = VERTEX_POINT ( 'NONE', #5485 ) ;
#2499 = CARTESIAN_POINT ( 'NONE',  ( 9.204127980810863719E-16, 0.2968750006145156606, 1.162125674203096537 ) ) ;
#2500 = CARTESIAN_POINT ( 'NONE',  ( -0.5032151781249986078, 5.996875000614514839, 0.8715942556523228468 ) ) ;
#2501 = CARTESIAN_POINT ( 'NONE',  ( -2.651438096812265438E-16, 9.437499999999998224, 1.443375672974063439 ) ) ;
#2502 = ADVANCED_FACE ( 'NONE', ( #2195 ), #2614, .T. ) ;
#2503 = CARTESIAN_POINT ( 'NONE',  ( -1.250000000000000444, 11.14375000122902826, -0.7216878364870294993 ) ) ;
#2504 = CARTESIAN_POINT ( 'NONE',  ( -0.6249999999999978906, 8.106250001229033941, 1.082531754730548856 ) ) ;
#2505 =( BOUNDED_CURVE ( )  B_SPLINE_CURVE ( 2, ( #695, #4032, #4503, #1196, #2187, #1107, #1136, #5007, #3623 ),
 .UNSPECIFIED., .F., .F. ) 
 B_SPLINE_CURVE_WITH_KNOTS ( ( 3, 2, 2, 2, 3 ),
 ( 0.2338709677419354982, 0.2365591397849462485, 0.2419354838709677491, 0.2473118279569892497, 0.2500000000000000000 ),
 .UNSPECIFIED. ) 
 CURVE ( )  GEOMETRIC_REPRESENTATION_ITEM ( )  RATIONAL_B_SPLINE_CURVE ( ( 0.9330127018922192983, 0.9330127018922196314, 1.000000000000000000, 0.8660254037844387076, 1.000000000000000000, 0.8660254037844387076, 1.000000000000000000, 0.9330127018922194093, 0.9330127018922194093 ) ) 
 REPRESENTATION_ITEM ( '' )  );
#2506 = CARTESIAN_POINT ( 'NONE',  ( 0.5032151781249990519, 9.934375000614513951, -0.8715942556523228468 ) ) ;
#2507 = CARTESIAN_POINT ( 'NONE',  ( 1.249999999999997780, 4.693750001229032520, -0.7216878364870343843 ) ) ;
#2508 = CARTESIAN_POINT ( 'NONE',  ( -2.614599868946037210E-15, 4.768750001229031810, -1.249999999999999334 ) ) ;
#2509 = EDGE_CURVE ( 'NONE', #3956, #2234, #5454, .T. ) ;
#2510 = CARTESIAN_POINT ( 'NONE',  ( 0.2095230195738535250, 0.07117898438512919312, -1.031287584660064427 ) ) ;
#2511 = CARTESIAN_POINT ( 'NONE',  ( -0.5032151781249986078, 1.946875000614515461, 0.8715942556523228468 ) ) ;
#2512 = CARTESIAN_POINT ( 'NONE',  ( -4.938688641342514686E-16, 2.687499999999998224, 1.249999999999999334 ) ) ;
#2513 = VERTEX_POINT ( 'NONE', #4542 ) ;
#2514 = FACE_OUTER_BOUND ( 'NONE', #3385, .T. ) ;
#2515 =( BOUNDED_CURVE ( )  B_SPLINE_CURVE ( 2, ( #5542, #663, #2157, #3658, #2605, #1646, #3594, #4001, #2638 ),
 .UNSPECIFIED., .F., .F. ) 
 B_SPLINE_CURVE_WITH_KNOTS ( ( 3, 2, 2, 2, 3 ),
 ( 0.7500000000000000000, 0.7526881720430107503, 0.7580645161290322509, 0.7634408602150537515, 0.7661290322580645018 ),
 .UNSPECIFIED. ) 
 CURVE ( )  GEOMETRIC_REPRESENTATION_ITEM ( )  RATIONAL_B_SPLINE_CURVE ( ( 0.9330127018922194093, 0.9330127018922194093, 1.000000000000000000, 0.8660254037844387076, 1.000000000000000000, 0.8660254037844387076, 1.000000000000000000, 0.9330127018922194093, 0.9330127018922194093 ) ) 
 REPRESENTATION_ITEM ( '' )  );
#2516 = CARTESIAN_POINT ( 'NONE',  ( 0.6249999999999987788, 3.174999999999998046, 1.082531754730548412 ) ) ;
#2517 = CARTESIAN_POINT ( 'NONE',  ( 2.909753293500117656E-15, 4.543750001229033053, 1.443375672974063439 ) ) ;
#2518 = CARTESIAN_POINT ( 'NONE',  ( 0.3349364905389053959, 5.913846190661366187, 1.249999999999998890 ) ) ;
#2519 = CARTESIAN_POINT ( 'NONE',  ( 1.827526258964323273E-15, 11.43437500061451395, 1.162125674203096093 ) ) ;
#2520 = VECTOR ( 'NONE', #4817, 1000.000000000000000 ) ;
#2521 = ORIENTED_EDGE ( 'NONE', *, *, #3674, .F. ) ;
#2522 = CARTESIAN_POINT ( 'NONE',  ( 1.006430356249999658, 5.359375000614514661, -9.819791222584819450E-16 ) ) ;
#2523 = CARTESIAN_POINT ( 'NONE',  ( -1.249999999999998002, 6.268750001229032698, 0.7216878364870340512 ) ) ;
#2524 = CARTESIAN_POINT ( 'NONE',  ( -1.062732146793064491E-15, 10.87187500061451573, -1.162125674203096537 ) ) ;
#2525 = CARTESIAN_POINT ( 'NONE',  ( 1.250000000000000444, 2.818750001229032520, 0.7216878364870297213 ) ) ;
#2526 = CARTESIAN_POINT ( 'NONE',  ( -3.086515833287601756E-15, 1.168750001229032609, -1.443375672974063439 ) ) ;
#2527 = CARTESIAN_POINT ( 'NONE',  ( 1.006430356249999436, 6.146875000614516082, -1.767562423498186358E-15 ) ) ;
#2528 = CARTESIAN_POINT ( 'NONE',  ( -0.3349364905389003999, 3.117403810567664468, 1.250000000000000888 ) ) ;
#2529 = CARTESIAN_POINT ( 'NONE',  ( -4.938688641342514686E-16, 4.937499999999998224, 1.249999999999999334 ) ) ;
#2530 = CARTESIAN_POINT ( 'NONE',  ( -0.5032151781249993849, -0.1906249993854843283, 0.8715942556523227358 ) ) ;
#2531 = CARTESIAN_POINT ( 'NONE',  ( -1.006430356250000102, 4.984375000614515550, -0.5810628371015466032 ) ) ;
#2532 = CARTESIAN_POINT ( 'NONE',  ( 1.249999999999999556, 9.587499999999998579, -0.7216878364870316087 ) ) ;
#2533 = DIRECTION ( 'NONE',  ( 0.000000000000000000, 1.000000000000000000, 0.000000000000000000 ) ) ;
#2534 = CARTESIAN_POINT ( 'NONE',  ( 1.250000000000000444, 8.668750001229033941, 0.7216878364870298324 ) ) ;
#2535 = B_SPLINE_CURVE_WITH_KNOTS ( 'NONE', 3,
 ( #3845, #2510, #5412, #1512 ),
 .UNSPECIFIED., .F., .F.,
 ( 4, 4 ),
 ( 0.003800343051735039293, 0.004432871068913686943 ),
 .UNSPECIFIED. ) ;
#2536 = CARTESIAN_POINT ( 'NONE',  ( -1.006430356249999880, 9.146875000614516082, -0.5810628371015476024 ) ) ;
#2537 = CARTESIAN_POINT ( 'NONE',  ( -1.249999999999999112, 7.037499999999997868, -0.7216878364870322748 ) ) ;
#2538 = FACE_OUTER_BOUND ( 'NONE', #1824, .T. ) ;
#2539 = CARTESIAN_POINT ( 'NONE',  ( -2.614599868946037210E-15, 6.568750001229032520, -1.249999999999999334 ) ) ;
#2540 = CARTESIAN_POINT ( 'NONE',  ( 1.827526258964323273E-15, 2.434375000614515283, 1.162125674203096093 ) ) ;
#2541 = CARTESIAN_POINT ( 'NONE',  ( -2.614599868946037210E-15, 0.7187500012290328755, -1.249999999999999334 ) ) ;
#2542 =( BOUNDED_CURVE ( )  B_SPLINE_CURVE ( 2, ( #3296, #5217, #6092, #875, #4274, #405, #2306, #6179, #817 ),
 .UNSPECIFIED., .F., .T. ) 
 B_SPLINE_CURVE_WITH_KNOTS ( ( 3, 2, 2, 2, 3 ),
 ( 0.5725806451612903691, 0.5752688172043011194, 0.5806451612903226200, 0.5860215053763441206, 0.5887096774193548709 ),
 .UNSPECIFIED. ) 
 CURVE ( )  GEOMETRIC_REPRESENTATION_ITEM ( )  RATIONAL_B_SPLINE_CURVE ( ( 0.9330127018922194093, 0.9330127018922194093, 1.000000000000000000, 0.8660254037844387076, 1.000000000000000000, 0.8660254037844387076, 1.000000000000000000, 0.9330127018922194093, 0.9330127018922194093 ) ) 
 REPRESENTATION_ITEM ( '' )  );
#2543 = ORIENTED_EDGE ( 'NONE', *, *, #214, .F. ) ;
#2544 = ADVANCED_FACE ( 'NONE', ( #1241 ), #1720, .T. ) ;
#2545 = CARTESIAN_POINT ( 'NONE',  ( 1.006430356249999658, 2.621875000614515283, 0.5810628371015478244 ) ) ;
#2546 = FACE_OUTER_BOUND ( 'NONE', #2252, .T. ) ;
#2547 = CARTESIAN_POINT ( 'NONE',  ( 1.249999999999999556, 4.187499999999998224, -0.7216878364870316087 ) ) ;
#2548 = CARTESIAN_POINT ( 'NONE',  ( 1.249999999999998002, 5.143750001229032698, -0.7216878364870344953 ) ) ;
#2549 = CARTESIAN_POINT ( 'NONE',  ( -1.249999999999999334, 11.63125000122903430, 2.596460695863248776E-15 ) ) ;
#2550 = CARTESIAN_POINT ( 'NONE',  ( -0.6250000000000017764, 5.256250001229032520, -1.082531754730546636 ) ) ;
#2551 = ORIENTED_EDGE ( 'NONE', *, *, #1406, .T. ) ;
#2552 = CARTESIAN_POINT ( 'NONE',  ( 1.006430356249999658, 6.259375000614515905, -9.819791222584819450E-16 ) ) ;
#2553 =( BOUNDED_CURVE ( )  B_SPLINE_CURVE ( 2, ( #4559, #628, #4497, #3993, #2666, #1129, #1543, #3078, #125 ),
 .UNSPECIFIED., .F., .T. ) 
 B_SPLINE_CURVE_WITH_KNOTS ( ( 3, 2, 2, 2, 3 ),
 ( 0.4919354838709677491, 0.4946236559139784994, 0.5000000000000000000, 0.5053763440860215006, 0.5080645161290322509 ),
 .UNSPECIFIED. ) 
 CURVE ( )  GEOMETRIC_REPRESENTATION_ITEM ( )  RATIONAL_B_SPLINE_CURVE ( ( 0.9330127018922194093, 0.9330127018922194093, 1.000000000000000000, 0.8660254037844387076, 1.000000000000000000, 0.8660254037844387076, 1.000000000000000000, 0.9330127018922194093, 0.9330127018922194093 ) ) 
 REPRESENTATION_ITEM ( '' )  );
#2554 = CARTESIAN_POINT ( 'NONE',  ( -2.614599868946037210E-15, 6.118750001229032343, -1.249999999999999334 ) ) ;
#2555 = CARTESIAN_POINT ( 'NONE',  ( -1.062732146793064491E-15, 9.971875000614515372, -1.162125674203096537 ) ) ;
#2556 = CARTESIAN_POINT ( 'NONE',  ( 1.371722213125453672E-16, 0.000000000000000000, -0.9901923788646657121 ) ) ;
#2557 = CARTESIAN_POINT ( 'NONE',  ( -1.249999999999999334, 0.3812500012290327978, 2.596460695863248776E-15 ) ) ;
#2558 = CARTESIAN_POINT ( 'NONE',  ( -1.006430356249999436, 4.571875000614515905, 1.644310252063557226E-15 ) ) ;
#2559 = CARTESIAN_POINT ( 'NONE',  ( 1.743066579297358255E-16, 2.912499999999998312, -1.249999999999999112 ) ) ;
#2560 = CARTESIAN_POINT ( 'NONE',  ( 0.6249999999999974465, 9.231250001229030389, -1.082531754730548856 ) ) ;
#2561 = CARTESIAN_POINT ( 'NONE',  ( 1.006430356249998770, 2.696875000614515017, -0.5810628371015489346 ) ) ;
#2562 = CARTESIAN_POINT ( 'NONE',  ( -0.5032151781250009392, 5.846875000614515372, -0.8715942556523212925 ) ) ;
#2563 = CARTESIAN_POINT ( 'NONE',  ( 0.6249999999999987788, 10.82499999999999751, 1.082531754730548412 ) ) ;
#2564 = CARTESIAN_POINT ( 'NONE',  ( 0.3349364905389032865, 3.342403810567664113, -1.249999999999999112 ) ) ;
#2565 = CARTESIAN_POINT ( 'NONE',  ( -1.249999999999999334, 11.18125000122903145, 2.596460695863248776E-15 ) ) ;
#2566 = CARTESIAN_POINT ( 'NONE',  ( -1.006430356249999880, 8.696875000614515017, -0.5810628371015476024 ) ) ;
#2567 = CARTESIAN_POINT ( 'NONE',  ( 1.250000000000000444, 8.668750001229033941, 0.7216878364870297213 ) ) ;
#2568 = CARTESIAN_POINT ( 'NONE',  ( 1.249999999999999334, 0.5874999999999985789, -0.7216878364870317197 ) ) ;
#2569 = CARTESIAN_POINT ( 'NONE',  ( 0.3349364905389070057, 8.348653811796696189, -1.249999999999996447 ) ) ;
#2570 = CARTESIAN_POINT ( 'NONE',  ( 1.006430356249999880, 2.509375000614515905, 0.5810628371015469362 ) ) ;
#2571 = EDGE_CURVE ( 'NONE', #4061, #5044, #6018, .T. ) ;
#2572 = FACE_OUTER_BOUND ( 'NONE', #1891, .T. ) ;
#2573 = ORIENTED_EDGE ( 'NONE', *, *, #593, .F. ) ;
#2574 = CARTESIAN_POINT ( 'NONE',  ( 1.006430356249998770, 2.696875000614515017, -0.5810628371015489346 ) ) ;
#2575 = CARTESIAN_POINT ( 'NONE',  ( -0.3349364905389030089, 10.13259618943233242, -1.249999999999999334 ) ) ;
#2576 = CARTESIAN_POINT ( 'NONE',  ( -1.249999999999999334, 3.887499999999998401, -0.7216878364870322748 ) ) ;
#2577 =( BOUNDED_CURVE ( )  B_SPLINE_CURVE ( 2, ( #600, #505, #4374, #2537, #4406, #124, #286, #3077, #3650 ),
 .UNSPECIFIED., .F., .F. ) 
 B_SPLINE_CURVE_WITH_KNOTS ( ( 3, 2, 2, 2, 3 ),
 ( 0.5564516129032257563, 0.5591397849462365066, 0.5645161290322581182, 0.5698924731182796188, 0.5725806451612903691 ),
 .UNSPECIFIED. ) 
 CURVE ( )  GEOMETRIC_REPRESENTATION_ITEM ( )  RATIONAL_B_SPLINE_CURVE ( ( 0.9330127018922194093, 0.9330127018922194093, 1.000000000000000000, 0.8660254037844387076, 1.000000000000000000, 0.8660254037844387076, 1.000000000000000000, 0.9330127018922194093, 0.9330127018922194093 ) ) 
 REPRESENTATION_ITEM ( '' )  );
#2578 = CARTESIAN_POINT ( 'NONE',  ( -0.6250000000000017764, 5.256250001229032520, -1.082531754730546636 ) ) ;
#2579 = FACE_OUTER_BOUND ( 'NONE', #240, .T. ) ;
#2580 = EDGE_CURVE ( 'NONE', #2245, #2277, #4604, .T. ) ;
#2581 = CARTESIAN_POINT ( 'NONE',  ( 0.5032151781250004952, 11.92187500061451466, 0.8715942556523216256 ) ) ;
#2582 = ORIENTED_EDGE ( 'NONE', *, *, #3477, .F. ) ;
#2583 = CARTESIAN_POINT ( 'NONE',  ( -1.006430356249999658, 9.184375000614513951, 8.587269508238526152E-16 ) ) ;
#2584 = CARTESIAN_POINT ( 'NONE',  ( 0.000000000000000000, 12.00000000000000000, -1.249999999999999334 ) ) ;
#2585 = CARTESIAN_POINT ( 'NONE',  ( 1.006430356249999658, 10.30937500061451395, -9.819791222584817478E-16 ) ) ;
#2586 = DIRECTION ( 'NONE',  ( -0.000000000000000000, 1.000000000000000000, -0.000000000000000000 ) ) ;
#2587 = CARTESIAN_POINT ( 'NONE',  ( -0.6249999999999978906, 0.9062500012290328755, 1.082531754730548856 ) ) ;
#2588 = CARTESIAN_POINT ( 'NONE',  ( -1.006430356249999436, 5.021875000614516082, 1.644310252063557226E-15 ) ) ;
#2589 = CARTESIAN_POINT ( 'NONE',  ( 1.006430356249999436, 9.296875000614514661, -1.767562423498186358E-15 ) ) ;
#2590 = EDGE_LOOP ( 'NONE', ( #362, #4235, #5422, #2466 ) ) ;
#2591 = LINE ( 'NONE', #3954, #2652 ) ;
#2592 = CARTESIAN_POINT ( 'NONE',  ( 1.006430356249999658, 3.521875000614515194, 0.5810628371015478244 ) ) ;
#2593 = CARTESIAN_POINT ( 'NONE',  ( -1.969845607676301195E-15, 5.359375000614515550, -1.162125674203096093 ) ) ;
#2594 = CARTESIAN_POINT ( 'NONE',  ( 0.6249999999999997780, 11.87499999999999645, -1.082531754730547746 ) ) ;
#2595 = CARTESIAN_POINT ( 'NONE',  ( 0.6249999999999987788, 5.424999999999998046, 1.082531754730548412 ) ) ;
#2596 = CARTESIAN_POINT ( 'NONE',  ( 1.006430356249999436, -1.053124999385484317, -1.767562423498186358E-15 ) ) ;
#2597 = CARTESIAN_POINT ( 'NONE',  ( 9.204127980810867663E-16, 9.296875000614514661, 1.162125674203096537 ) ) ;
#2598 = CARTESIAN_POINT ( 'NONE',  ( 0.6249999999999987788, 8.574999999999999289, 1.082531754730548412 ) ) ;
#2599 = CARTESIAN_POINT ( 'NONE',  ( 0.9999999999999993339, 13.40000000000000036, -0.5773502691896267303 ) ) ;
#2600 = CARTESIAN_POINT ( 'NONE',  ( 2.236935443431609674E-15, 0.9437500012290327422, 1.249999999999999556 ) ) ;
#2601 = CARTESIAN_POINT ( 'NONE',  ( -1.006430356249999436, 0.9718750006145157050, 1.644310252063557226E-15 ) ) ;
#2602 = CARTESIAN_POINT ( 'NONE',  ( -1.191095495853194869E-15, 0.4937500012290325646, 1.249999999999999334 ) ) ;
#2603 = ORIENTED_EDGE ( 'NONE', *, *, #294, .F. ) ;
#2604 = CARTESIAN_POINT ( 'NONE',  ( 1.006430356249998770, 0.8968750006145157494, -0.5810628371015489346 ) ) ;
#2605 = CARTESIAN_POINT ( 'NONE',  ( -1.249999999999999334, 9.381250001229030744, 2.596460695863248776E-15 ) ) ;
#2606 = CARTESIAN_POINT ( 'NONE',  ( -1.249999999999999778, 4.412499999999997868, 0.7216878364870313867 ) ) ;
#2607 = CARTESIAN_POINT ( 'NONE',  ( 1.006430356249999880, 11.05937500061451395, 0.5810628371015468252 ) ) ;
#2608 = CARTESIAN_POINT ( 'NONE',  ( 0.6250000000000012212, 3.681250001229032787, 1.082531754730547080 ) ) ;
#2609 = CARTESIAN_POINT ( 'NONE',  ( 2.236935443431609674E-15, 2.293750001229032165, 1.249999999999999556 ) ) ;
#2610 = CARTESIAN_POINT ( 'NONE',  ( -0.5032151781250009392, 12.59687500061451360, -0.8715942556523212925 ) ) ;
#2611 = CIRCLE ( 'NONE', #1470, 2.100000000000000089 ) ;
#2612 = ORIENTED_EDGE ( 'NONE', *, *, #1823, .F. ) ;
#2613 = CARTESIAN_POINT ( 'NONE',  ( 9.204127980810867663E-16, 9.296875000614514661, 1.162125674203096537 ) ) ;
#2614 = CYLINDRICAL_SURFACE ( 'NONE', #2123, 1.249999999999999334 ) ;
#2615 = CARTESIAN_POINT ( 'NONE',  ( 0.5032151781249999400, 9.334375000614514306, 0.8715942556523221807 ) ) ;
#2616 = CARTESIAN_POINT ( 'NONE',  ( -1.249999999999999334, 5.781250001229032875, 2.596460695863248776E-15 ) ) ;
#2617 = AXIS2_PLACEMENT_3D ( 'NONE', #4217, #2734, #3214 ) ;
#2618 = CARTESIAN_POINT ( 'NONE',  ( 0.6249999999999974465, 0.2312500012290328311, -1.082531754730548856 ) ) ;
#2619 = CARTESIAN_POINT ( 'NONE',  ( -0.5032151781249986078, 5.546875000614514661, 0.8715942556523228468 ) ) ;
#2620 = CARTESIAN_POINT ( 'NONE',  ( -0.5032151781250009392, 8.096875000614513596, -0.8715942556523212925 ) ) ;
#2621 = ORIENTED_EDGE ( 'NONE', *, *, #5162, .T. ) ;
#2622 = CARTESIAN_POINT ( 'NONE',  ( 9.204127980810867663E-16, 0.7468750006145155051, 1.162125674203096537 ) ) ;
#2623 = EDGE_CURVE ( 'NONE', #2698, #2353, #1114, .T. ) ;
#2624 = CARTESIAN_POINT ( 'NONE',  ( -1.006430356249999658, 3.784375000614514928, 8.587269508238524180E-16 ) ) ;
#2625 = CARTESIAN_POINT ( 'NONE',  ( 1.006430356249999436, 3.896875000614515638, -1.767562423498186358E-15 ) ) ;
#2626 = CARTESIAN_POINT ( 'NONE',  ( 0.6249999999999997780, 10.07499999999999751, -1.082531754730547746 ) ) ;
#2627 = CARTESIAN_POINT ( 'NONE',  ( -4.938688641342514686E-16, 5.387499999999997513, 1.249999999999999334 ) ) ;
#2628 = CARTESIAN_POINT ( 'NONE',  ( 1.249999999999998002, 11.44375000122903074, -0.7216878364870344953 ) ) ;
#2629 = CARTESIAN_POINT ( 'NONE',  ( 1.006430356249998770, 9.896875000614516082, -0.5810628371015489346 ) ) ;
#2630 = DIRECTION ( 'NONE',  ( 0.8660254037844385966, 0.000000000000000000, 0.5000000000000001110 ) ) ;
#2631 = DIRECTION ( 'NONE',  ( -0.8660254037844385966, 0.000000000000000000, -0.5000000000000000000 ) ) ;
#2632 = CARTESIAN_POINT ( 'NONE',  ( 0.3349364905389032865, 5.142403810567664380, -1.249999999999999112 ) ) ;
#2633 = CARTESIAN_POINT ( 'NONE',  ( 1.006430356249999880, 2.059375000614516171, 0.5810628371015469362 ) ) ;
#2634 = CARTESIAN_POINT ( 'NONE',  ( 0.3349364905389032865, 9.192403810567665090, -1.249999999999999112 ) ) ;
#2635 = ORIENTED_EDGE ( 'NONE', *, *, #2465, .F. ) ;
#2636 = AXIS2_PLACEMENT_3D ( 'NONE', #4482, #1915, #1204 ) ;
#2637 = CARTESIAN_POINT ( 'NONE',  ( -1.062732146793064886E-15, 1.871875000614515727, -1.162125674203096537 ) ) ;
#2638 = CARTESIAN_POINT ( 'NONE',  ( 2.236935443431609674E-15, 9.493750001229033231, 1.249999999999999556 ) ) ;
#2639 = CARTESIAN_POINT ( 'NONE',  ( 0.6249999999999997780, 3.324999999999997957, -1.082531754730547746 ) ) ;
#2640 = CARTESIAN_POINT ( 'NONE',  ( -1.006430356249998548, 11.80937500061451395, 0.5810628371015494897 ) ) ;
#2641 = CARTESIAN_POINT ( 'NONE',  ( 0.6249999999999974465, 7.881250001229033408, -1.082531754730548856 ) ) ;
#2642 = CARTESIAN_POINT ( 'NONE',  ( -1.000000000000000444, 14.35000000000000497, 0.5773502691896261751 ) ) ;
#2643 = CARTESIAN_POINT ( 'NONE',  ( 2.236935443431609674E-15, 5.443750001229031632, 1.249999999999999556 ) ) ;
#2644 = ORIENTED_EDGE ( 'NONE', *, *, #2580, .T. ) ;
#2645 = CARTESIAN_POINT ( 'NONE',  ( -0.5032151781249993849, 7.909375000614515372, 0.8715942556523227358 ) ) ;
#2646 = CARTESIAN_POINT ( 'NONE',  ( 1.249999999999999334, 1.506250001229032742, -2.749541545756668106E-15 ) ) ;
#2647 = CARTESIAN_POINT ( 'NONE',  ( -0.5032151781249993849, 10.60937500061451644, 0.8715942556523227358 ) ) ;
#2648 = LINE ( 'NONE', #5456, #4380 ) ;
#2649 = CARTESIAN_POINT ( 'NONE',  ( 1.249999999999999334, 2.856250001229032609, -2.749541545756668106E-15 ) ) ;
#2650 = CARTESIAN_POINT ( 'NONE',  ( -1.969845607676301195E-15, 5.809375000614516615, -1.162125674203096093 ) ) ;
#2651 = CARTESIAN_POINT ( 'NONE',  ( -1.006430356250000324, 8.134375000614515017, -0.5810628371015467142 ) ) ;
#2652 = VECTOR ( 'NONE', #3418, 1000.000000000000000 ) ;
#2653 = UNCERTAINTY_MEASURE_WITH_UNIT (LENGTH_MEASURE( 1.000000000000000082E-05 ), #5502, 'distance_accuracy_value', 'NONE');
#2654 = EDGE_CURVE ( 'NONE', #3817, #4006, #3955, .T. ) ;
#2655 = ORIENTED_EDGE ( 'NONE', *, *, #6156, .F. ) ;
#2656 = CARTESIAN_POINT ( 'NONE',  ( -1.062732146793064886E-15, 0.9718750006145157050, -1.162125674203096537 ) ) ;
#2657 = CARTESIAN_POINT ( 'NONE',  ( -1.006430356249999658, 1.984375000614515328, 8.587269508238524180E-16 ) ) ;
#2658 = CARTESIAN_POINT ( 'NONE',  ( 1.006430356249998326, 8.434375000614513951, -0.5810628371015497118 ) ) ;
#2659 = CARTESIAN_POINT ( 'NONE',  ( -0.6250000000000002220, 10.29999999999999716, 1.082531754730547746 ) ) ;
#2660 = CARTESIAN_POINT ( 'NONE',  ( 1.249999999999997780, 9.643750001229033586, -0.7216878364870343843 ) ) ;
#2661 = CARTESIAN_POINT ( 'NONE',  ( 2.909753293500117656E-15, 12.19375000122902897, 1.443375672974063439 ) ) ;
#2662 = EDGE_CURVE ( 'NONE', #5539, #3496, #1587, .T. ) ;
#2663 = AXIS2_PLACEMENT_3D ( 'NONE', #5826, #1490, #4292 ) ;
#2664 = CARTESIAN_POINT ( 'NONE',  ( 1.006430356249999658, 11.65937500061451537, -9.819791222584819450E-16 ) ) ;
#2665 = DIRECTION ( 'NONE',  ( -0.000000000000000000, -1.000000000000000000, -0.000000000000000000 ) ) ;
#2666 = CARTESIAN_POINT ( 'NONE',  ( -1.249999999999999334, 6.174999999999998046, -1.530808498934190831E-16 ) ) ;
#2667 = CARTESIAN_POINT ( 'NONE',  ( 1.530808498934190831E-16, 12.00000000000000000, 1.249999999999999334 ) ) ;
#2668 = CARTESIAN_POINT ( 'NONE',  ( 1.827526258964323273E-15, 4.234375000614515550, 1.162125674203096093 ) ) ;
#2669 = CARTESIAN_POINT ( 'NONE',  ( -0.3349364905389040636, 2.723653811796698854, 1.249999999999997780 ) ) ;
#2670 = AXIS2_PLACEMENT_3D ( 'NONE', #4023, #5031, #5062 ) ;
#2671 = ORIENTED_EDGE ( 'NONE', *, *, #1373, .F. ) ;
#2672 = CARTESIAN_POINT ( 'NONE',  ( -1.062732146793064886E-15, 4.121875000614514839, -1.162125674203096537 ) ) ;
#2673 = CARTESIAN_POINT ( 'NONE',  ( -1.000000000000001776, 13.40000000000000036, -0.5773502691896238437 ) ) ;
#2674 = CARTESIAN_POINT ( 'NONE',  ( 8.838126989374219771E-17, 5.162499999999997868, -1.443375672974063439 ) ) ;
#2675 = CARTESIAN_POINT ( 'NONE',  ( -1.969845607676301195E-15, 11.20937500061451608, -1.162125674203096093 ) ) ;
#2676 = CARTESIAN_POINT ( 'NONE',  ( 1.250000000000000444, 6.868750001229031454, 0.7216878364870298324 ) ) ;
#2677 = CARTESIAN_POINT ( 'NONE',  ( 1.249999999999999334, 1.487499999999998268, -0.7216878364870317197 ) ) ;
#2678 = CARTESIAN_POINT ( 'NONE',  ( 1.085639967805704632E-13, 0.1453125009217802743, 1.074088590388474262 ) ) ;
#2679 = EDGE_LOOP ( 'NONE', ( #5274, #232, #6146, #2911 ) ) ;
#2680 = CARTESIAN_POINT ( 'NONE',  ( 9.204127980810867663E-16, 7.946875000614514128, 1.162125674203096537 ) ) ;
#2681 = DIRECTION ( 'NONE',  ( -0.000000000000000000, -1.000000000000000000, -0.000000000000000000 ) ) ;
#2682 = CARTESIAN_POINT ( 'NONE',  ( 1.006430356249999658, 12.52187500061451253, 0.5810628371015478244 ) ) ;
#2683 = CARTESIAN_POINT ( 'NONE',  ( -0.8266280255368944063, 0.02812500184355131230, -0.5740977002030890342 ) ) ;
#2684 = CARTESIAN_POINT ( 'NONE',  ( -0.6250000000000017764, 2.556250001229032787, -1.082531754730546636 ) ) ;
#2685 = CARTESIAN_POINT ( 'NONE',  ( -1.006430356250000324, 6.784375000614515372, -0.5810628371015467142 ) ) ;
#2686 = CARTESIAN_POINT ( 'NONE',  ( 1.006430356249998104, 7.984375000614513773, -0.5810628371015496008 ) ) ;
#2687 = ORIENTED_EDGE ( 'NONE', *, *, #968, .F. ) ;
#2688 = CARTESIAN_POINT ( 'NONE',  ( -0.5032151781249993849, 0.7093750006145155274, 0.8715942556523227358 ) ) ;
#2689 = CARTESIAN_POINT ( 'NONE',  ( 0.5032151781249990519, 3.634375000614515017, -0.8715942556523228468 ) ) ;
#2690 = EDGE_CURVE ( 'NONE', #2997, #1251, #4717, .T. ) ;
#2691 = CARTESIAN_POINT ( 'NONE',  ( -0.5032151781249986078, 7.346875000614515372, 0.8715942556523228468 ) ) ;
#2692 = ORIENTED_EDGE ( 'NONE', *, *, #93, .T. ) ;
#2693 = CARTESIAN_POINT ( 'NONE',  ( 1.249999999999999112, 10.86249999999999893, 0.7216878364870323859 ) ) ;
#2694 = LINE ( 'NONE', #1345, #3121 ) ;
#2695 = CARTESIAN_POINT ( 'NONE',  ( -0.5032151781249986078, 0.5968750006145155940, 0.8715942556523228468 ) ) ;
#2696 = EDGE_LOOP ( 'NONE', ( #828, #1982, #3197, #6208 ) ) ;
#2697 = CARTESIAN_POINT ( 'NONE',  ( 0.5032151781249999400, 11.58437500061451608, 0.8715942556523221807 ) ) ;
#2698 = VERTEX_POINT ( 'NONE', #6194 ) ;
#2699 = DIRECTION ( 'NONE',  ( -0.000000000000000000, -1.000000000000000000, -0.000000000000000000 ) ) ;
#2700 = CARTESIAN_POINT ( 'NONE',  ( -1.006430356249998548, 1.009375000614515461, 0.5810628371015494897 ) ) ;
#2701 = CARTESIAN_POINT ( 'NONE',  ( -2.614599868946037210E-15, 3.868750001229031898, -1.249999999999999334 ) ) ;
#2702 = CARTESIAN_POINT ( 'NONE',  ( 0.5032151781249982747, 3.971875000614515816, -0.8715942556523229579 ) ) ;
#2703 = FACE_OUTER_BOUND ( 'NONE', #2712, .T. ) ;
#2704 = ORIENTED_EDGE ( 'NONE', *, *, #4082, .T. ) ;
#2705 = CARTESIAN_POINT ( 'NONE',  ( -0.5032151781250003841, 4.609375000614515550, -0.8715942556523218476 ) ) ;
#2706 = EDGE_CURVE ( 'NONE', #450, #3308, #352, .T. ) ;
#2707 = CARTESIAN_POINT ( 'NONE',  ( -1.249999999999999334, 9.324999999999995737, -1.530808498934190831E-16 ) ) ;
#2708 = AXIS2_PLACEMENT_3D ( 'NONE', #1389, #353, #1804 ) ;
#2709 = CARTESIAN_POINT ( 'NONE',  ( -0.6250000000000017764, 7.506250001229032520, -1.082531754730546636 ) ) ;
#2710 = CARTESIAN_POINT ( 'NONE',  ( 1.249999999999999334, 11.83749999999999680, -0.7216878364870317197 ) ) ;
#2711 = CARTESIAN_POINT ( 'NONE',  ( -0.3349364905389030089, 7.882596189432331535, -1.249999999999999334 ) ) ;
#2712 = EDGE_LOOP ( 'NONE', ( #3848, #3808, #5829, #87, #3946 ) ) ;
#2713 =( BOUNDED_CURVE ( )  B_SPLINE_CURVE ( 2, ( #5034, #2057, #6036, #2151, #690, #3110, #4026, #2632, #3994 ),
 .UNSPECIFIED., .F., .T. ) 
 B_SPLINE_CURVE_WITH_KNOTS ( ( 3, 2, 2, 2, 3 ),
 ( 0.4112903225806451846, 0.4139784946236559349, 0.4193548387096774355, 0.4247311827956989361, 0.4274193548387096864 ),
 .UNSPECIFIED. ) 
 CURVE ( )  GEOMETRIC_REPRESENTATION_ITEM ( )  RATIONAL_B_SPLINE_CURVE ( ( 0.9330127018922194093, 0.9330127018922194093, 1.000000000000000000, 0.8660254037844387076, 1.000000000000000000, 0.8660254037844387076, 1.000000000000000000, 0.9330127018922194093, 0.9330127018922194093 ) ) 
 REPRESENTATION_ITEM ( '' )  );
#2714 = CARTESIAN_POINT ( 'NONE',  ( 0.5032151781249999400, 8.884375000614515017, 0.8715942556523221807 ) ) ;
#2715 = CARTESIAN_POINT ( 'NONE',  ( 0.000000000000000000, 12.00000000000000000, -1.249999999999999334 ) ) ;
#2716 = CARTESIAN_POINT ( 'NONE',  ( 0.5032151781249999400, 12.03437500061451537, 0.8715942556523221807 ) ) ;
#2717 = CARTESIAN_POINT ( 'NONE',  ( 1.743066579297358255E-16, 10.11249999999999716, -1.249999999999999112 ) ) ;
#2718 = AXIS2_PLACEMENT_3D ( 'NONE', #6220, #1902, #2892 ) ;
#2719 = CARTESIAN_POINT ( 'NONE',  ( 0.6250000000000012212, 2.781250001229032431, 1.082531754730547080 ) ) ;
#2720 = CARTESIAN_POINT ( 'NONE',  ( -1.006430356249998548, 6.409375000614515372, 0.5810628371015493787 ) ) ;
#2721 = CARTESIAN_POINT ( 'NONE',  ( -1.006430356249999436, 11.77187500061451431, 1.644310252063557226E-15 ) ) ;
#2722 = VERTEX_POINT ( 'NONE', #420 ) ;
#2723 = CARTESIAN_POINT ( 'NONE',  ( 9.204127980810867663E-16, 2.096875000614515816, 1.162125674203096537 ) ) ;
#2724 = CARTESIAN_POINT ( 'NONE',  ( 0.5032151781249999400, 5.734375000614515550, 0.8715942556523221807 ) ) ;
#2725 = CARTESIAN_POINT ( 'NONE',  ( -1.969845607676301195E-15, 6.259375000614515905, -1.162125674203096093 ) ) ;
#2726 = EDGE_LOOP ( 'NONE', ( #4428, #4289, #2155, #4095 ) ) ;
#2727 = CARTESIAN_POINT ( 'NONE',  ( -1.249999999999998002, 1.318750001229033408, 0.7216878364870340512 ) ) ;
#2728 =( BOUNDED_CURVE ( )  B_SPLINE_CURVE ( 2, ( #4193, #914, #6158, #1743, #1837, #321, #6100, #1871, #1773 ),
 .UNSPECIFIED., .F., .T. ) 
 B_SPLINE_CURVE_WITH_KNOTS ( ( 3, 2, 2, 2, 3 ),
 ( 0.2500000000000000000, 0.2526881720430107503, 0.2580645161290322509, 0.2634408602150537515, 0.2661290322580645018 ),
 .UNSPECIFIED. ) 
 CURVE ( )  GEOMETRIC_REPRESENTATION_ITEM ( )  RATIONAL_B_SPLINE_CURVE ( ( 0.9330127018922194093, 0.9330127018922194093, 1.000000000000000000, 0.8660254037844387076, 1.000000000000000000, 0.8660254037844387076, 1.000000000000000000, 0.9330127018922194093, 0.9330127018922194093 ) ) 
 REPRESENTATION_ITEM ( '' )  );
#2729 = CARTESIAN_POINT ( 'NONE',  ( 0.6249999999999974465, 11.03125000122903288, -1.082531754730548856 ) ) ;
#2730 = CARTESIAN_POINT ( 'NONE',  ( -1.006430356250000324, 0.9343750006145153941, -0.5810628371015467142 ) ) ;
#2731 = CARTESIAN_POINT ( 'NONE',  ( -4.938688641342514686E-16, 3.587499999999998135, 1.249999999999999334 ) ) ;
#2732 = CARTESIAN_POINT ( 'NONE',  ( -1.969845607676301195E-15, 0.4093750006145155940, -1.162125674203096093 ) ) ;
#2733 = CARTESIAN_POINT ( 'NONE',  ( 0.5032151781249982747, 2.621875000614515283, -0.8715942556523229579 ) ) ;
#2734 = DIRECTION ( 'NONE',  ( 0.000000000000000000, 1.000000000000000000, 0.000000000000000000 ) ) ;
#2735 = EDGE_CURVE ( 'NONE', #4578, #5514, #2292, .T. ) ;
#2736 = VERTEX_POINT ( 'NONE', #5704 ) ;
#2737 = CARTESIAN_POINT ( 'NONE',  ( -0.5032151781250003841, 3.259375000614515461, -0.8715942556523218476 ) ) ;
#2738 = CARTESIAN_POINT ( 'NONE',  ( -1.249999999999999334, 7.131250001229031632, 2.596460695863248776E-15 ) ) ;
#2739 = DIRECTION ( 'NONE',  ( 0.000000000000000000, 0.000000000000000000, -1.000000000000000000 ) ) ;
#2740 = CARTESIAN_POINT ( 'NONE',  ( -1.249999999999998224, 5.818750001229032520, 0.7216878364870340512 ) ) ;
#2741 = CARTESIAN_POINT ( 'NONE',  ( 0.6249999999999997780, 11.87499999999999645, -1.082531754730547746 ) ) ;
#2742 = CARTESIAN_POINT ( 'NONE',  ( 0.04193458993087735565, 12.00000000000000000, 1.005556339619431805 ) ) ;
#2743 = EDGE_CURVE ( 'NONE', #4658, #6174, #2950, .T. ) ;
#2744 = TOROIDAL_SURFACE ( 'NONE', #6250, 2.100000000000000089, 0.1499999999999999944 ) ;
#2745 = ORIENTED_EDGE ( 'NONE', *, *, #5020, .T. ) ;
#2746 = CARTESIAN_POINT ( 'NONE',  ( 1.006430356249999658, 9.859375000614514661, -9.819791222584819450E-16 ) ) ;
#2747 = CARTESIAN_POINT ( 'NONE',  ( -4.938688641342514686E-16, 6.737499999999997158, 1.249999999999999334 ) ) ;
#2748 = CARTESIAN_POINT ( 'NONE',  ( -0.6249999999999993339, -0.6500000000000012434, -1.082531754730547968 ) ) ;
#2749 = CARTESIAN_POINT ( 'NONE',  ( -4.938688641342514686E-16, 3.587499999999998135, 1.249999999999999334 ) ) ;
#2750 = CARTESIAN_POINT ( 'NONE',  ( -3.086515833287601756E-15, 1.618750001229033009, -1.443375672974063439 ) ) ;
#2751 = CARTESIAN_POINT ( 'NONE',  ( 0.5032151781250004952, 6.971875000614515372, 0.8715942556523216256 ) ) ;
#2752 = CARTESIAN_POINT ( 'NONE',  ( 0.5032151781249982747, 11.17187500061451466, -0.8715942556523229579 ) ) ;
#2753 =( BOUNDED_CURVE ( )  B_SPLINE_CURVE ( 2, ( #2559, #2979, #4487, #590, #4426, #1119, #2077, #2528, #4014 ),
 .UNSPECIFIED., .F., .F. ) 
 B_SPLINE_CURVE_WITH_KNOTS ( ( 3, 2, 2, 2, 3 ),
 ( 0.2661290322580645018, 0.2688172043010752521, 0.2741935483870967527, 0.2795698924731182533, 0.2822580645161290591 ),
 .UNSPECIFIED. ) 
 CURVE ( )  GEOMETRIC_REPRESENTATION_ITEM ( )  RATIONAL_B_SPLINE_CURVE ( ( 0.9330127018922194093, 0.9330127018922194093, 1.000000000000000000, 0.8660254037844387076, 1.000000000000000000, 0.8660254037844387076, 1.000000000000000000, 0.9330127018922187432, 0.9330127018922194093 ) ) 
 REPRESENTATION_ITEM ( '' )  );
#2754 = ORIENTED_EDGE ( 'NONE', *, *, #4471, .F. ) ;
#2755 = CARTESIAN_POINT ( 'NONE',  ( 0.5032151781249999400, 1.684375000614515505, 0.8715942556523221807 ) ) ;
#2756 = CARTESIAN_POINT ( 'NONE',  ( -0.5032151781249993849, 6.559375000614515727, 0.8715942556523227358 ) ) ;
#2757 = CARTESIAN_POINT ( 'NONE',  ( -1.006430356249999436, 6.821875000614515905, 1.644310252063557226E-15 ) ) ;
#2758 = ORIENTED_EDGE ( 'NONE', *, *, #4944, .F. ) ;
#2759 = CARTESIAN_POINT ( 'NONE',  ( 1.249999999999997780, 5.143750001229032698, -0.7216878364870343843 ) ) ;
#2760 = DIRECTION ( 'NONE',  ( 0.6546536707079781969, -0.6546536707079753103, -0.3779644730092286409 ) ) ;
#2761 = CARTESIAN_POINT ( 'NONE',  ( 1.827526258964323273E-15, -0.2656249993854843394, 1.162125674203096093 ) ) ;
#2762 = ORIENTED_EDGE ( 'NONE', *, *, #1629, .T. ) ;
#2763 = DIRECTION ( 'NONE',  ( 0.000000000000000000, 1.000000000000000000, 0.000000000000000000 ) ) ;
#2764 = CARTESIAN_POINT ( 'NONE',  ( 1.249999999999999112, 10.86249999999999716, 0.7216878364870324969 ) ) ;
#2765 = CARTESIAN_POINT ( 'NONE',  ( -0.6249999999999993339, 4.299999999999998046, -1.082531754730547968 ) ) ;
#2766 = CARTESIAN_POINT ( 'NONE',  ( -0.5032151781249986078, 3.746875000614515727, 0.8715942556523228468 ) ) ;
#2767 = VERTEX_POINT ( 'NONE', #801 ) ;
#2768 = CARTESIAN_POINT ( 'NONE',  ( 0.5032151781249990519, 4.534375000614515372, -0.8715942556523228468 ) ) ;
#2769 = CARTESIAN_POINT ( 'NONE',  ( -0.8346582678976367520, 12.00000000000000000, 0.7605425564216784506 ) ) ;
#2770 = EDGE_CURVE ( 'NONE', #3082, #108, #1875, .T. ) ;
#2771 = CARTESIAN_POINT ( 'NONE',  ( 2.236935443431609674E-15, 9.043750001229030389, 1.249999999999999556 ) ) ;
#2772 = VECTOR ( 'NONE', #2258, 1000.000000000000000 ) ;
#2773 = AXIS2_PLACEMENT_3D ( 'NONE', #3372, #3498, #2998 ) ;
#2774 = DIRECTION ( 'NONE',  ( 0.000000000000000000, 0.000000000000000000, 1.000000000000000000 ) ) ;
#2775 = DIRECTION ( 'NONE',  ( -0.000000000000000000, -1.000000000000000000, -0.000000000000000000 ) ) ;
#2776 = EDGE_LOOP ( 'NONE', ( #2327, #3188, #5115 ) ) ;
#2777 = LINE ( 'NONE', #2256, #2025 ) ;
#2778 = CARTESIAN_POINT ( 'NONE',  ( 0.5032151781249990519, 11.73437500061451289, -0.8715942556523228468 ) ) ;
#2779 = EDGE_CURVE ( 'NONE', #1440, #5644, #2777, .T. ) ;
#2780 = CARTESIAN_POINT ( 'NONE',  ( 1.249999999999999334, 9.999999999999998224, 0.000000000000000000 ) ) ;
#2781 = CARTESIAN_POINT ( 'NONE',  ( 1.006430356249999436, 7.946875000614514128, -1.767562423498186358E-15 ) ) ;
#2782 = CARTESIAN_POINT ( 'NONE',  ( 1.006430356249999880, 10.15937500061451360, 0.5810628371015469362 ) ) ;
#2783 = ORIENTED_EDGE ( 'NONE', *, *, #179, .F. ) ;
#2784 = CARTESIAN_POINT ( 'NONE',  ( 1.006430356249998992, 3.596875000614515816, -0.5810628371015489346 ) ) ;
#2785 = CARTESIAN_POINT ( 'NONE',  ( -1.062732146793064491E-15, 4.571875000614514128, -1.162125674203096537 ) ) ;
#2786 = EDGE_CURVE ( 'NONE', #5223, #4992, #3656, .T. ) ;
#2787 = CARTESIAN_POINT ( 'NONE',  ( 1.006430356249998326, 6.634375000614515017, -0.5810628371015497118 ) ) ;
#2788 = CARTESIAN_POINT ( 'NONE',  ( -0.6249999999999978906, 1.356250001229032831, 1.082531754730548856 ) ) ;
#2789 = CARTESIAN_POINT ( 'NONE',  ( 0.3349364905389032865, 3.792403810567663403, -1.249999999999999112 ) ) ;
#2790 =( BOUNDED_CURVE ( )  B_SPLINE_CURVE ( 2, ( #417, #2, #1964, #1483, #5850, #5790, #3368, #544, #885 ),
 .UNSPECIFIED., .F., .T. ) 
 B_SPLINE_CURVE_WITH_KNOTS ( ( 3, 2, 2, 2, 3 ),
 ( 0.8467741935483871218, 0.8494623655913978721, 0.8548387096774193727, 0.8602150537634408733, 0.8629032258064516236 ),
 .UNSPECIFIED. ) 
 CURVE ( )  GEOMETRIC_REPRESENTATION_ITEM ( )  RATIONAL_B_SPLINE_CURVE ( ( 0.9330127018922194093, 0.9330127018922194093, 1.000000000000000000, 0.8660254037844387076, 1.000000000000000000, 0.8660254037844387076, 1.000000000000000000, 0.9330127018922194093, 0.9330127018922194093 ) ) 
 REPRESENTATION_ITEM ( '' )  );
#2791 = CARTESIAN_POINT ( 'NONE',  ( -0.5032151781249986078, 1.046875000614515772, 0.8715942556523228468 ) ) ;
#2792 =( BOUNDED_CURVE ( )  B_SPLINE_CURVE ( 2, ( #627, #6034, #3139, #2567, #4089, #1704, #5569, #1098, #3618 ),
 .UNSPECIFIED., .F., .F. ) 
 B_SPLINE_CURVE_WITH_KNOTS ( ( 3, 2, 2, 2, 3 ),
 ( 0.7016129032258064946, 0.7043010752688172449, 0.7096774193548387455, 0.7150537634408602461, 0.7177419354838709964 ),
 .UNSPECIFIED. ) 
 CURVE ( )  GEOMETRIC_REPRESENTATION_ITEM ( )  RATIONAL_B_SPLINE_CURVE ( ( 0.9330127018922194093, 0.9330127018922194093, 1.000000000000000000, 0.8660254037844387076, 1.000000000000000000, 0.8660254037844387076, 1.000000000000000000, 0.9330127018922194093, 0.9330127018922194093 ) ) 
 REPRESENTATION_ITEM ( '' )  );
#2793 = DIRECTION ( 'NONE',  ( 0.000000000000000000, 0.000000000000000000, 1.000000000000000000 ) ) ;
#2794 = DIRECTION ( 'NONE',  ( 0.000000000000000000, 0.000000000000000000, -1.000000000000000000 ) ) ;
#2795 = CARTESIAN_POINT ( 'NONE',  ( -2.651438096812265438E-16, 5.837499999999997691, 1.443375672974063439 ) ) ;
#2796 = FACE_OUTER_BOUND ( 'NONE', #5207, .T. ) ;
#2797 = CARTESIAN_POINT ( 'NONE',  ( 0.5032151781250004952, 4.271875000614516082, 0.8715942556523216256 ) ) ;
#2798 = VERTEX_POINT ( 'NONE', #5674 ) ;
#2799 = CARTESIAN_POINT ( 'NONE',  ( -0.5032151781250003841, 5.059375000614514839, -0.8715942556523218476 ) ) ;
#2800 = CARTESIAN_POINT ( 'NONE',  ( 2.236935443431609674E-15, 8.143750001229031810, 1.249999999999999556 ) ) ;
#2801 = CARTESIAN_POINT ( 'NONE',  ( -4.938688641342514686E-16, 9.437499999999996447, 1.249999999999999334 ) ) ;
#2802 = CARTESIAN_POINT ( 'NONE',  ( 0.000000000000000000, 12.00000000000000000, 0.000000000000000000 ) ) ;
#2803 = CARTESIAN_POINT ( 'NONE',  ( 0.6249999999999987788, 1.374999999999998668, 1.082531754730548412 ) ) ;
#2804 = CARTESIAN_POINT ( 'NONE',  ( -1.000000000000000444, 13.40000000000000036, -0.5773502691896265082 ) ) ;
#2805 = ORIENTED_EDGE ( 'NONE', *, *, #1478, .T. ) ;
#2806 = VECTOR ( 'NONE', #3210, 1000.000000000000000 ) ;
#2807 = CARTESIAN_POINT ( 'NONE',  ( -1.249999999999998002, 7.618750001229032343, 0.7216878364870340512 ) ) ;
#2808 = CARTESIAN_POINT ( 'NONE',  ( 8.838126989374219771E-17, -0.6875000000000012212, -1.443375672974063439 ) ) ;
#2809 = LINE ( 'NONE', #4637, #2865 ) ;
#2810 = CARTESIAN_POINT ( 'NONE',  ( 0.5032151781249982747, 8.471875000614513596, -0.8715942556523229579 ) ) ;
#2811 = CARTESIAN_POINT ( 'NONE',  ( -1.969845607676301195E-15, 11.20937500061451608, -1.162125674203096093 ) ) ;
#2812 = ORIENTED_EDGE ( 'NONE', *, *, #3540, .F. ) ;
#2813 = CARTESIAN_POINT ( 'NONE',  ( -1.062732146793064886E-15, 3.671875000614515105, -1.162125674203096537 ) ) ;
#2814 = CARTESIAN_POINT ( 'NONE',  ( -0.5032151781249993849, 12.40937500061451537, 0.8715942556523227358 ) ) ;
#2815 = CARTESIAN_POINT ( 'NONE',  ( 0.5032151781249999400, 4.384375000614515905, 0.8715942556523221807 ) ) ;
#2816 = CARTESIAN_POINT ( 'NONE',  ( -1.006430356249998548, 10.45937500061451608, 0.5810628371015494897 ) ) ;
#2817 = CARTESIAN_POINT ( 'NONE',  ( -4.336808689942017736E-16, 14.06428571428572027, 0.8247860988423215689 ) ) ;
#2818 = CARTESIAN_POINT ( 'NONE',  ( 1.249999999999997780, 10.99375000122903145, -0.7216878364870343843 ) ) ;
#2819 = CARTESIAN_POINT ( 'NONE',  ( 1.006430356249998104, 1.234375000614515328, -0.5810628371015496008 ) ) ;
#2820 = VECTOR ( 'NONE', #4873, 1000.000000000000000 ) ;
#2821 = EDGE_CURVE ( 'NONE', #1748, #5083, #1230, .T. ) ;
#2822 = ORIENTED_EDGE ( 'NONE', *, *, #58, .F. ) ;
#2823 = ORIENTED_EDGE ( 'NONE', *, *, #4811, .T. ) ;
#2824 = CARTESIAN_POINT ( 'NONE',  ( 1.006430356249998326, 0.3343750006145156384, -0.5810628371015497118 ) ) ;
#2825 = CARTESIAN_POINT ( 'NONE',  ( -0.6249999999999993339, 6.099999999999997868, -1.082531754730547968 ) ) ;
#2826 = DIRECTION ( 'NONE',  ( 0.7071067811865462405, -0.7071067811865489050, -7.436077881698118074E-15 ) ) ;
#2827 = CARTESIAN_POINT ( 'NONE',  ( -1.969845607676301195E-15, 5.359375000614515550, -1.162125674203096093 ) ) ;
#2828 = VECTOR ( 'NONE', #5822, 1000.000000000000000 ) ;
#2829 = EDGE_LOOP ( 'NONE', ( #3054, #2836, #4179, #1850 ) ) ;
#2830 = CARTESIAN_POINT ( 'NONE',  ( 1.006430356249999658, 6.259375000614515905, -9.819791222584819450E-16 ) ) ;
#2831 = CARTESIAN_POINT ( 'NONE',  ( -2.614599868946037210E-15, 9.268750001229031810, -1.249999999999999334 ) ) ;
#2832 = CARTESIAN_POINT ( 'NONE',  ( -2.614599868946037210E-15, 10.61875000122902968, -1.249999999999999334 ) ) ;
#2833 = CARTESIAN_POINT ( 'NONE',  ( -0.3349364905389057290, 9.738846190661366364, -1.249999999999998668 ) ) ;
#2834 = CARTESIAN_POINT ( 'NONE',  ( 1.249999999999999334, 2.349999999999998312, 0.000000000000000000 ) ) ;
#2835 = CARTESIAN_POINT ( 'NONE',  ( 1.249999999999997780, 6.943750001229031632, -0.7216878364870343843 ) ) ;
#2836 = ORIENTED_EDGE ( 'NONE', *, *, #2021, .F. ) ;
#2837 = CARTESIAN_POINT ( 'NONE',  ( -4.938688641342514686E-16, 8.087499999999996803, 1.249999999999999334 ) ) ;
#2838 = CARTESIAN_POINT ( 'NONE',  ( -1.249999999999999334, 0.2874999999999987566, -0.7216878364870322748 ) ) ;
#2839 = CARTESIAN_POINT ( 'NONE',  ( -0.6250000000000002220, 3.549999999999998490, 1.082531754730547746 ) ) ;
#2840 = CARTESIAN_POINT ( 'NONE',  ( -0.5032151781249986078, 10.04687500061451466, 0.8715942556523228468 ) ) ;
#2841 = CARTESIAN_POINT ( 'NONE',  ( 0.5032151781249982747, 10.27187500061451253, -0.8715942556523229579 ) ) ;
#2842 = ORIENTED_EDGE ( 'NONE', *, *, #2264, .F. ) ;
#2843 = CARTESIAN_POINT ( 'NONE',  ( -0.5032151781250003841, 4.159375000614515372, -0.8715942556523218476 ) ) ;
#2844 = CARTESIAN_POINT ( 'NONE',  ( 1.006430356249999658, 10.30937500061451395, -9.819791222584819450E-16 ) ) ;
#2845 = CARTESIAN_POINT ( 'NONE',  ( 0.5032151781249990519, 5.434375000614515727, -0.8715942556523228468 ) ) ;
#2846 = CARTESIAN_POINT ( 'NONE',  ( 1.827526258964323273E-15, 9.634375000614515017, 1.162125674203096093 ) ) ;
#2847 = CARTESIAN_POINT ( 'NONE',  ( -1.249999999999999112, 9.737499999999995381, -0.7216878364870322748 ) ) ;
#2848 = CARTESIAN_POINT ( 'NONE',  ( -1.006430356250000324, 1.834375000614515638, -0.5810628371015467142 ) ) ;
#2849 = ORIENTED_EDGE ( 'NONE', *, *, #3344, .F. ) ;
#2850 = ORIENTED_EDGE ( 'NONE', *, *, #2178, .F. ) ;
#2851 = DIRECTION ( 'NONE',  ( -0.000000000000000000, -1.000000000000000000, -0.000000000000000000 ) ) ;
#2852 = CARTESIAN_POINT ( 'NONE',  ( 1.006430356249999436, 1.646875000614515416, -1.767562423498186358E-15 ) ) ;
#2853 = CARTESIAN_POINT ( 'NONE',  ( 1.249999999999999334, 6.849999999999998757, 0.000000000000000000 ) ) ;
#2854 = EDGE_CURVE ( 'NONE', #3600, #3473, #1848, .T. ) ;
#2855 = CARTESIAN_POINT ( 'NONE',  ( -1.250000000000000444, 1.693750001229032964, -0.7216878364870294993 ) ) ;
#2856 = CARTESIAN_POINT ( 'NONE',  ( -0.6249999999999978906, 7.206250001229032698, 1.082531754730548856 ) ) ;
#2857 = CARTESIAN_POINT ( 'NONE',  ( 1.006430356249998104, 6.634375000614515905, -0.5810628371015496008 ) ) ;
#2858 = CARTESIAN_POINT ( 'NONE',  ( 0.5032151781249990519, 7.234375000614515550, -0.8715942556523228468 ) ) ;
#2859 = CARTESIAN_POINT ( 'NONE',  ( 0.3349364905389005664, 4.298653811796698143, -1.250000000000000000 ) ) ;
#2860 = CARTESIAN_POINT ( 'NONE',  ( 1.743066579297358255E-16, 6.962499999999998579, -1.249999999999999112 ) ) ;
#2861 = CARTESIAN_POINT ( 'NONE',  ( 1.530808498934191571E-16, 0.4500000000000000111, 1.250000000000000000 ) ) ;
#2862 = CARTESIAN_POINT ( 'NONE',  ( 1.006430356249999880, -0.1906249993854843283, 0.5810628371015469362 ) ) ;
#2863 = CARTESIAN_POINT ( 'NONE',  ( 0.6250000000000012212, 6.831250001229031810, 1.082531754730547080 ) ) ;
#2864 = ORIENTED_EDGE ( 'NONE', *, *, #5278, .F. ) ;
#2865 = VECTOR ( 'NONE', #834, 1000.000000000000000 ) ;
#2866 = CARTESIAN_POINT ( 'NONE',  ( -1.249999999999999778, 0.3624999999999987121, 0.7216878364870313867 ) ) ;
#2867 = CYLINDRICAL_SURFACE ( 'NONE', #2663, 1.249999999999999334 ) ;
#2868 = CARTESIAN_POINT ( 'NONE',  ( 1.006430356249999436, 10.64687500061451431, -1.767562423498186358E-15 ) ) ;
#2869 = CARTESIAN_POINT ( 'NONE',  ( -0.5032151781249986078, 12.74687500061451395, 0.8715942556523228468 ) ) ;
#2870 = TOROIDAL_SURFACE ( 'NONE', #5186, 2.100000000000000089, 0.1499999999999999944 ) ;
#2871 = ORIENTED_EDGE ( 'NONE', *, *, #975, .T. ) ;
#2872 = CARTESIAN_POINT ( 'NONE',  ( -1.006430356249999880, 4.196875000614515905, -0.5810628371015474913 ) ) ;
#2873 = CARTESIAN_POINT ( 'NONE',  ( 1.006430356249999658, 11.20937500061451608, -9.819791222584819450E-16 ) ) ;
#2874 = CARTESIAN_POINT ( 'NONE',  ( -1.006430356249999880, 8.696875000614515017, -0.5810628371015476024 ) ) ;
#2875 = CARTESIAN_POINT ( 'NONE',  ( 1.006430356249998326, 8.884375000614513240, -0.5810628371015497118 ) ) ;
#2876 = FACE_OUTER_BOUND ( 'NONE', #5088, .T. ) ;
#2877 = CARTESIAN_POINT ( 'NONE',  ( 1.530808498934190831E-16, 12.00000000000000000, 1.249999999999999334 ) ) ;
#2878 = CARTESIAN_POINT ( 'NONE',  ( 1.006430356249999880, 3.859375000614515994, 0.5810628371015469362 ) ) ;
#2879 = ADVANCED_FACE ( 'NONE', ( #512 ), #3435, .T. ) ;
#2880 = EDGE_LOOP ( 'NONE', ( #2805, #3242, #1331, #741 ) ) ;
#2881 = ORIENTED_EDGE ( 'NONE', *, *, #4356, .F. ) ;
#2882 = CARTESIAN_POINT ( 'NONE',  ( 0.5032151781249999400, 0.3343750006145156384, 0.8715942556523221807 ) ) ;
#2883 = CARTESIAN_POINT ( 'NONE',  ( -1.006430356250000102, 3.184375000614515727, -0.5810628371015466032 ) ) ;
#2884 = CARTESIAN_POINT ( 'NONE',  ( 1.249999999999999334, 5.949999999999997513, 0.000000000000000000 ) ) ;
#2885 = CARTESIAN_POINT ( 'NONE',  ( 1.743066579297358255E-16, 7.412499999999996980, -1.249999999999999112 ) ) ;
#2886 = CARTESIAN_POINT ( 'NONE',  ( -3.086515833287601756E-15, 9.718750001229031099, -1.443375672974063439 ) ) ;
#2887 = CARTESIAN_POINT ( 'NONE',  ( 1.006430356249998104, 5.284375000614515372, -0.5810628371015496008 ) ) ;
#2888 = ADVANCED_FACE ( 'NONE', ( #5824 ), #3940, .T. ) ;
#2889 = CARTESIAN_POINT ( 'NONE',  ( -1.006430356249998992, 6.521875000614515194, 0.5810628371015487126 ) ) ;
#2890 = CARTESIAN_POINT ( 'NONE',  ( 0.6249999999999997780, 7.824999999999998401, -1.082531754730547746 ) ) ;
#2891 = CARTESIAN_POINT ( 'NONE',  ( 1.121799311078810257, 0.2378558237090805660, -0.1852631457775747170 ) ) ;
#2892 = DIRECTION ( 'NONE',  ( 0.000000000000000000, 0.000000000000000000, -1.000000000000000000 ) ) ;
#2893 = CARTESIAN_POINT ( 'NONE',  ( -0.5032151781249986078, -0.3031249993854843172, 0.8715942556523228468 ) ) ;
#2894 = CARTESIAN_POINT ( 'NONE',  ( 1.249999999999999334, 6.906250001229032875, -2.749541545756668106E-15 ) ) ;
#2895 = ORIENTED_EDGE ( 'NONE', *, *, #1162, .T. ) ;
#2896 = EDGE_CURVE ( 'NONE', #4948, #1050, #547, .T. ) ;
#2897 = CARTESIAN_POINT ( 'NONE',  ( -0.6249999999999993339, 2.049999999999998490, -1.082531754730547968 ) ) ;
#2898 = CARTESIAN_POINT ( 'NONE',  ( 0.6249999999999997780, 0.6249999999999985567, -1.082531754730547746 ) ) ;
#2899 = CARTESIAN_POINT ( 'NONE',  ( 0.000000000000000000, 14.34999999999999964, 2.100000000000000089 ) ) ;
#2900 = CARTESIAN_POINT ( 'NONE',  ( 1.006430356249999436, 11.09687500061451360, -1.767562423498186358E-15 ) ) ;
#2901 = CARTESIAN_POINT ( 'NONE',  ( 0.5032151781249990519, 0.03437500061451571887, -0.8715942556523228468 ) ) ;
#2902 = ORIENTED_EDGE ( 'NONE', *, *, #5358, .T. ) ;
#2903 = CARTESIAN_POINT ( 'NONE',  ( 1.006430356249999658, 3.071875000614515461, 0.5810628371015478244 ) ) ;
#2904 = CARTESIAN_POINT ( 'NONE',  ( 1.743066579297358255E-16, 11.46249999999999680, -1.249999999999999112 ) ) ;
#2905 = CARTESIAN_POINT ( 'NONE',  ( 1.006430356249999658, 8.059375000614515727, -9.819791222584817478E-16 ) ) ;
#2906 = CARTESIAN_POINT ( 'NONE',  ( -1.006430356250000102, 10.38437500061451502, -0.5810628371015466032 ) ) ;
#2907 = CARTESIAN_POINT ( 'NONE',  ( -2.472104176088478329E-12, 0.3140625009218929731, -1.171516448314289693 ) ) ;
#2908 = CARTESIAN_POINT ( 'NONE',  ( -1.249999999999999112, 7.487499999999999822, -0.7216878364870322748 ) ) ;
#2909 = CARTESIAN_POINT ( 'NONE',  ( 0.5032151781250004952, 2.021875000614515638, 0.8715942556523216256 ) ) ;
#2910 = ORIENTED_EDGE ( 'NONE', *, *, #3907, .F. ) ;
#2911 = ORIENTED_EDGE ( 'NONE', *, *, #1022, .T. ) ;
#2912 = CARTESIAN_POINT ( 'NONE',  ( 9.204127980810863719E-16, -0.1531249993854843228, 1.162125674203096537 ) ) ;
#2913 = CARTESIAN_POINT ( 'NONE',  ( 1.827526258964323273E-15, 2.434375000614515283, 1.162125674203096093 ) ) ;
#2914 = CARTESIAN_POINT ( 'NONE',  ( 8.838126989374219771E-17, 9.212499999999998579, -1.443375672974063439 ) ) ;
#2915 = CARTESIAN_POINT ( 'NONE',  ( 0.000000000000000000, 12.00000000000000000, -1.249999999999999334 ) ) ;
#2916 = CARTESIAN_POINT ( 'NONE',  ( -1.250000000000000444, 10.24375000122903323, -0.7216878364870296103 ) ) ;
#2917 = CARTESIAN_POINT ( 'NONE',  ( -1.006430356249998548, 6.859375000614515550, 0.5810628371015493787 ) ) ;
#2918 = AXIS2_PLACEMENT_3D ( 'NONE', #4181, #4210, #340 ) ;
#2919 = CARTESIAN_POINT ( 'NONE',  ( -1.006430356249998992, 7.421875000614513773, 0.5810628371015487126 ) ) ;
#2920 = CARTESIAN_POINT ( 'NONE',  ( 0.3349364905389032865, 9.642403810567664380, -1.249999999999999112 ) ) ;
#2921 = CARTESIAN_POINT ( 'NONE',  ( 0.6922805160780649558, 0.1810676073227098226, 0.8609085076487537069 ) ) ;
#2922 = CYLINDRICAL_SURFACE ( 'NONE', #1070, 1.249999999999999334 ) ;
#2923 = CARTESIAN_POINT ( 'NONE',  ( 0.5032151781250004952, -0.2281249993854843339, 0.8715942556523216256 ) ) ;
#2924 = ADVANCED_FACE ( 'NONE', ( #2514 ), #6225, .T. ) ;
#2925 = DIRECTION ( 'NONE',  ( -0.000000000000000000, -1.000000000000000000, -0.000000000000000000 ) ) ;
#2926 = EDGE_LOOP ( 'NONE', ( #606, #531, #2402, #5052 ) ) ;
#2927 = CARTESIAN_POINT ( 'NONE',  ( -0.6250000000000002220, 2.199999999999998401, 1.082531754730547746 ) ) ;
#2928 = CARTESIAN_POINT ( 'NONE',  ( -2.651438096812265438E-16, 1.337499999999998579, 1.443375672974063439 ) ) ;
#2929 = CARTESIAN_POINT ( 'NONE',  ( 0.6249999999999997780, 6.024999999999998579, -1.082531754730547746 ) ) ;
#2930 = ADVANCED_FACE ( 'NONE', ( #2449 ), #3849, .T. ) ;
#2931 = CARTESIAN_POINT ( 'NONE',  ( -1.006430356249998548, 9.559375000614513951, 0.5810628371015493787 ) ) ;
#2932 = CARTESIAN_POINT ( 'NONE',  ( 0.5032151781250004952, 12.37187500061451395, 0.8715942556523216256 ) ) ;
#2933 = ORIENTED_EDGE ( 'NONE', *, *, #3433, .F. ) ;
#2934 = CARTESIAN_POINT ( 'NONE',  ( -1.006430356249999658, 6.034375000614515372, 8.587269508238526152E-16 ) ) ;
#2935 = CARTESIAN_POINT ( 'NONE',  ( -1.109299025110853654, 0.2965873158442978164, 0.3750393773644269402 ) ) ;
#2936 = CARTESIAN_POINT ( 'NONE',  ( 1.006430356249999658, 7.121875000614513951, 0.5810628371015478244 ) ) ;
#2937 = CARTESIAN_POINT ( 'NONE',  ( 1.006430356249998326, 10.68437500061451395, -0.5810628371015497118 ) ) ;
#2938 = CARTESIAN_POINT ( 'NONE',  ( -4.677228654447911675E-15, 2.743750001229033231, 1.249999999999999334 ) ) ;
#2939 = CARTESIAN_POINT ( 'NONE',  ( 1.530808498934190831E-16, 12.00000000000000000, 1.249999999999999334 ) ) ;
#2940 = CARTESIAN_POINT ( 'NONE',  ( 0.5032151781250004952, 2.471875000614515372, 0.8715942556523216256 ) ) ;
#2941 = CARTESIAN_POINT ( 'NONE',  ( -1.006430356249999214, 11.47187500061451537, 0.5810628371015488236 ) ) ;
#2942 = CARTESIAN_POINT ( 'NONE',  ( -2.614599868946037210E-15, 11.51875000122903003, -1.249999999999999334 ) ) ;
#2943 = ORIENTED_EDGE ( 'NONE', *, *, #2178, .T. ) ;
#2944 = CARTESIAN_POINT ( 'NONE',  ( -1.062732146793064491E-15, 0.5218750006145156384, -1.162125674203096537 ) ) ;
#2945 = CARTESIAN_POINT ( 'NONE',  ( -1.006430356250000102, 2.284375000614515372, -0.5810628371015466032 ) ) ;
#2946 = CARTESIAN_POINT ( 'NONE',  ( -2.651438096812265438E-16, 8.987499999999998934, 1.443375672974063439 ) ) ;
#2947 = CARTESIAN_POINT ( 'NONE',  ( 1.530808498934190831E-16, 12.00000000000000000, 1.249999999999999334 ) ) ;
#2948 = CARTESIAN_POINT ( 'NONE',  ( -3.086515833287601756E-15, 8.818750001229030744, -1.443375672974063439 ) ) ;
#2949 = CARTESIAN_POINT ( 'NONE',  ( 1.006430356249999436, 5.246875000614514839, -1.767562423498186358E-15 ) ) ;
#2950 =( BOUNDED_CURVE ( )  B_SPLINE_CURVE ( 2, ( #888, #4258, #5172, #3727, #4760, #1393, #4669, #4699, #6132 ),
 .UNSPECIFIED., .F., .F. ) 
 B_SPLINE_CURVE_WITH_KNOTS ( ( 3, 2, 2, 2, 3 ),
 ( 0.1854838709677419373, 0.1881720430107526876, 0.1935483870967741882, 0.1989247311827956888, 0.2016129032258064668 ),
 .UNSPECIFIED. ) 
 CURVE ( )  GEOMETRIC_REPRESENTATION_ITEM ( )  RATIONAL_B_SPLINE_CURVE ( ( 0.9330127018922194093, 0.9330127018922194093, 1.000000000000000000, 0.8660254037844387076, 1.000000000000000000, 0.8660254037844387076, 1.000000000000000000, 0.9330127018922189652, 0.9330127018922192983 ) ) 
 REPRESENTATION_ITEM ( '' )  );
#2951 =( BOUNDED_CURVE ( )  B_SPLINE_CURVE ( 2, ( #2129, #4477, #5983, #5511, #1650, #3598, #1168, #5042, #136 ),
 .UNSPECIFIED., .F., .F. ) 
 B_SPLINE_CURVE_WITH_KNOTS ( ( 3, 2, 2, 2, 3 ),
 ( 0.8790322580645161255, 0.8817204301075268758, 0.8870967741935483764, 0.8924731182795698770, 0.8951612903225806273 ),
 .UNSPECIFIED. ) 
 CURVE ( )  GEOMETRIC_REPRESENTATION_ITEM ( )  RATIONAL_B_SPLINE_CURVE ( ( 0.9330127018922194093, 0.9330127018922194093, 1.000000000000000000, 0.8660254037844387076, 1.000000000000000000, 0.8660254037844387076, 1.000000000000000000, 0.9330127018922194093, 0.9330127018922194093 ) ) 
 REPRESENTATION_ITEM ( '' )  );
#2952 = CARTESIAN_POINT ( 'NONE',  ( -0.5032151781250003841, 6.409375000614515372, -0.8715942556523218476 ) ) ;
#2953 = CARTESIAN_POINT ( 'NONE',  ( 1.249999999999999334, 7.787499999999998757, -0.7216878364870317197 ) ) ;
#2954 = CARTESIAN_POINT ( 'NONE',  ( -4.677228654447911675E-15, 2.743750001229033231, 1.249999999999999334 ) ) ;
#2955 = FACE_OUTER_BOUND ( 'NONE', #6141, .T. ) ;
#2956 = CARTESIAN_POINT ( 'NONE',  ( 0.06913153064873539533, 0.4375261911682791771, 1.242798243111831402 ) ) ;
#2957 = VECTOR ( 'NONE', #5100, 1000.000000000000000 ) ;
#2958 = CARTESIAN_POINT ( 'NONE',  ( -1.249999999999998002, 2.218750001229032875, 0.7216878364870340512 ) ) ;
#2959 = AXIS2_PLACEMENT_3D ( 'NONE', #351, #3782, #1326 ) ;
#2960 = ORIENTED_EDGE ( 'NONE', *, *, #2385, .T. ) ;
#2961 = EDGE_CURVE ( 'NONE', #1921, #1378, #481, .T. ) ;
#2962 = DIRECTION ( 'NONE',  ( 0.000000000000000000, 0.000000000000000000, -1.000000000000000000 ) ) ;
#2963 =( BOUNDED_CURVE ( )  B_SPLINE_CURVE ( 2, ( #5634, #2342, #4749, #3775, #850, #5694, #3240, #5662, #288 ),
 .UNSPECIFIED., .F., .T. ) 
 B_SPLINE_CURVE_WITH_KNOTS ( ( 3, 2, 2, 2, 3 ),
 ( 0.6532258064516128782, 0.6559139784946236285, 0.6612903225806451291, 0.6666666666666666297, 0.6693548387096773800 ),
 .UNSPECIFIED. ) 
 CURVE ( )  GEOMETRIC_REPRESENTATION_ITEM ( )  RATIONAL_B_SPLINE_CURVE ( ( 0.9330127018922194093, 0.9330127018922194093, 1.000000000000000000, 0.8660254037844387076, 1.000000000000000000, 0.8660254037844387076, 1.000000000000000000, 0.9330127018922194093, 0.9330127018922194093 ) ) 
 REPRESENTATION_ITEM ( '' )  );
#2964 = CARTESIAN_POINT ( 'NONE',  ( -1.249999999999999778, 2.612499999999998490, 0.7216878364870313867 ) ) ;
#2965 = CARTESIAN_POINT ( 'NONE',  ( 0.6250000000000012212, 5.481250001229032165, 1.082531754730547080 ) ) ;
#2966 = CARTESIAN_POINT ( 'NONE',  ( -0.3349364905389035640, 10.76740381056766260, 1.249999999999999112 ) ) ;
#2967 = CARTESIAN_POINT ( 'NONE',  ( -1.006430356249998548, 9.109375000614512885, 0.5810628371015493787 ) ) ;
#2968 = CARTESIAN_POINT ( 'NONE',  ( 9.204127980810867663E-16, 0.2968750006145156606, 1.162125674203096537 ) ) ;
#2969 = VERTEX_POINT ( 'NONE', #4919 ) ;
#2970 = CARTESIAN_POINT ( 'NONE',  ( -0.5032151781250003841, 6.859375000614515550, -0.8715942556523218476 ) ) ;
#2971 = EDGE_CURVE ( 'NONE', #1966, #3865, #3834, .T. ) ;
#2972 = CARTESIAN_POINT ( 'NONE',  ( 1.530808498934191571E-16, 0.4500000000000000111, -1.250000000000000000 ) ) ;
#2973 = CARTESIAN_POINT ( 'NONE',  ( -0.5032151781250003841, 8.209375000614512530, -0.8715942556523218476 ) ) ;
#2974 = PLANE ( 'NONE',  #871 ) ;
#2975 = CARTESIAN_POINT ( 'NONE',  ( -1.064418141267760687, 0.4277011184983775527, 0.6430727711804041791 ) ) ;
#2976 = CYLINDRICAL_SURFACE ( 'NONE', #3409, 1.249999999999999334 ) ;
#2977 = CARTESIAN_POINT ( 'NONE',  ( 1.827526258964323273E-15, 2.884375000614515905, 1.162125674203096093 ) ) ;
#2978 = AXIS2_PLACEMENT_3D ( 'NONE', #251, #2665, #2180 ) ;
#2979 = CARTESIAN_POINT ( 'NONE',  ( -0.3349364905389030089, 2.932596189432332690, -1.249999999999999334 ) ) ;
#2980 = CARTESIAN_POINT ( 'NONE',  ( 2.236935443431609674E-15, 9.043750001229030389, 1.249999999999999556 ) ) ;
#2981 = ADVANCED_FACE ( 'NONE', ( #4850 ), #4445, .T. ) ;
#2982 = ORIENTED_EDGE ( 'NONE', *, *, #3010, .T. ) ;
#2983 = CARTESIAN_POINT ( 'NONE',  ( 0.5032151781249990519, 1.834375000614515416, -0.8715942556523228468 ) ) ;
#2984 = CARTESIAN_POINT ( 'NONE',  ( 1.827526258964323273E-15, 3.784375000614515816, 1.162125674203096093 ) ) ;
#2985 = CARTESIAN_POINT ( 'NONE',  ( -0.6249999999999993339, 7.449999999999997513, -1.082531754730547968 ) ) ;
#2986 = CARTESIAN_POINT ( 'NONE',  ( -1.249999999999999334, 11.18125000122903145, 2.596460695863248776E-15 ) ) ;
#2987 = CARTESIAN_POINT ( 'NONE',  ( 1.249999999999998002, 8.743750001229031454, -0.7216878364870344953 ) ) ;
#2988 = CARTESIAN_POINT ( 'NONE',  ( -1.006430356249999436, 7.721875000614516260, 1.644310252063557226E-15 ) ) ;
#2989 = CARTESIAN_POINT ( 'NONE',  ( 0.5032151781249990519, 9.034375000614515372, -0.8715942556523228468 ) ) ;
#2990 = CARTESIAN_POINT ( 'NONE',  ( 2.236935443431609674E-15, 9.943750001229030744, 1.249999999999999556 ) ) ;
#2991 = CYLINDRICAL_SURFACE ( 'NONE', #3559, 1.249999999999999334 ) ;
#2992 = FACE_OUTER_BOUND ( 'NONE', #5353, .T. ) ;
#2993 = CARTESIAN_POINT ( 'NONE',  ( -0.5032151781249986078, 2.396875000614515194, 0.8715942556523228468 ) ) ;
#2994 = CARTESIAN_POINT ( 'NONE',  ( 0.07499999999999777678, 14.50000000000000000, 1.284604348946914776 ) ) ;
#2995 =( BOUNDED_CURVE ( )  B_SPLINE_CURVE ( 2, ( #2282, #1328, #2803, #1268, #4253, #2677, #264, #4133, #6045 ),
 .UNSPECIFIED., .F., .T. ) 
 B_SPLINE_CURVE_WITH_KNOTS ( ( 3, 2, 2, 2, 3 ),
 ( 0.1532258064516129059, 0.1559139784946236562, 0.1612903225806451568, 0.1666666666666666574, 0.1693548387096774355 ),
 .UNSPECIFIED. ) 
 CURVE ( )  GEOMETRIC_REPRESENTATION_ITEM ( )  RATIONAL_B_SPLINE_CURVE ( ( 0.9330127018922194093, 0.9330127018922194093, 1.000000000000000000, 0.8660254037844387076, 1.000000000000000000, 0.8660254037844387076, 1.000000000000000000, 0.9330127018922189652, 0.9330127018922192983 ) ) 
 REPRESENTATION_ITEM ( '' )  );
#2996 =( BOUNDED_CURVE ( )  B_SPLINE_CURVE ( 2, ( #2938, #4930, #5772, #2525, #1404, #2397, #3350, #5269, #928 ),
 .UNSPECIFIED., .F., .F. ) 
 B_SPLINE_CURVE_WITH_KNOTS ( ( 3, 2, 2, 2, 3 ),
 ( 0.2822580645161290036, 0.2849462365591398094, 0.2903225806451613100, 0.2956989247311828106, 0.2983870967741935609 ),
 .UNSPECIFIED. ) 
 CURVE ( )  GEOMETRIC_REPRESENTATION_ITEM ( )  RATIONAL_B_SPLINE_CURVE ( ( 0.9330127018922191873, 0.9330127018922186322, 1.000000000000000000, 0.8660254037844387076, 1.000000000000000000, 0.8660254037844387076, 1.000000000000000000, 0.9330127018922194093, 0.9330127018922194093 ) ) 
 REPRESENTATION_ITEM ( '' )  );
#2997 = VERTEX_POINT ( 'NONE', #946 ) ;
#2998 = DIRECTION ( 'NONE',  ( 0.000000000000000000, 0.000000000000000000, -1.000000000000000000 ) ) ;
#2999 = CARTESIAN_POINT ( 'NONE',  ( -0.6250000000000002220, 3.549999999999998490, 1.082531754730547746 ) ) ;
#3000 = CARTESIAN_POINT ( 'NONE',  ( 0.6250000000000012212, 4.581250001229032698, 1.082531754730547080 ) ) ;
#3001 = CARTESIAN_POINT ( 'NONE',  ( -0.6250000000000017764, 4.356250001229032165, -1.082531754730546636 ) ) ;
#3002 = CARTESIAN_POINT ( 'NONE',  ( -1.006430356249998548, 12.25937500061451324, 0.5810628371015493787 ) ) ;
#3003 = ORIENTED_EDGE ( 'NONE', *, *, #1796, .F. ) ;
#3004 = CARTESIAN_POINT ( 'NONE',  ( -1.006430356249999880, 5.996875000614515727, -0.5810628371015474913 ) ) ;
#3005 = CARTESIAN_POINT ( 'NONE',  ( -1.249999999999999334, 6.231250001229032165, 2.596460695863248776E-15 ) ) ;
#3006 = CARTESIAN_POINT ( 'NONE',  ( 0.5032151781249990519, 11.28437500061451537, -0.8715942556523228468 ) ) ;
#3007 = CARTESIAN_POINT ( 'NONE',  ( -1.249999999999999334, 8.481250001229033941, 2.596460695863248776E-15 ) ) ;
#3008 = CARTESIAN_POINT ( 'NONE',  ( 1.249999999999999334, -0.2937499987709670246, -2.749541545756668106E-15 ) ) ;
#3009 = CARTESIAN_POINT ( 'NONE',  ( 0.5032151781250004952, 6.071875000614515017, 0.8715942556523216256 ) ) ;
#3010 = EDGE_CURVE ( 'NONE', #6174, #3745, #3196, .T. ) ;
#3011 = CARTESIAN_POINT ( 'NONE',  ( -1.006430356249999658, 10.98437500061451289, 8.587269508238526152E-16 ) ) ;
#3012 = CARTESIAN_POINT ( 'NONE',  ( -0.6249999999999978906, 3.606250001229032609, 1.082531754730548856 ) ) ;
#3013 = CARTESIAN_POINT ( 'NONE',  ( 1.006430356249999658, 1.271875000614515416, 0.5810628371015478244 ) ) ;
#3014 = CARTESIAN_POINT ( 'NONE',  ( -1.006430356249999436, 4.121875000614515727, 1.644310252063557226E-15 ) ) ;
#3015 = CARTESIAN_POINT ( 'NONE',  ( 0.6249999999999987788, 9.474999999999997868, 1.082531754730548412 ) ) ;
#3016 = DIRECTION ( 'NONE',  ( 0.000000000000000000, 0.000000000000000000, -1.000000000000000000 ) ) ;
#3017 = CARTESIAN_POINT ( 'NONE',  ( -0.6249999999999978906, 9.006250001229030744, 1.082531754730548856 ) ) ;
#3018 = EDGE_CURVE ( 'NONE', #3371, #6040, #2505, .T. ) ;
#3019 = CARTESIAN_POINT ( 'NONE',  ( 0.5032151781249990519, 8.134375000614515017, -0.8715942556523228468 ) ) ;
#3020 = CARTESIAN_POINT ( 'NONE',  ( -2.614599868946037210E-15, 4.768750001229031810, -1.249999999999999334 ) ) ;
#3021 = CARTESIAN_POINT ( 'NONE',  ( -1.249999999999998002, 3.118750001229032343, 0.7216878364870340512 ) ) ;
#3022 = VECTOR ( 'NONE', #2236, 1000.000000000000114 ) ;
#3023 = CARTESIAN_POINT ( 'NONE',  ( -1.006430356250000324, 0.4843750006145155496, -0.5810628371015467142 ) ) ;
#3024 = CARTESIAN_POINT ( 'NONE',  ( 0.000000000000000000, 12.00000000000000000, 0.000000000000000000 ) ) ;
#3025 = VERTEX_POINT ( 'NONE', #4063 ) ;
#3026 = CARTESIAN_POINT ( 'NONE',  ( 9.204127980810867663E-16, 1.196875000614515461, 1.162125674203096537 ) ) ;
#3027 = CARTESIAN_POINT ( 'NONE',  ( -1.249999999999999556, 1.712499999999998801, 0.7216878364870313867 ) ) ;
#3028 = CARTESIAN_POINT ( 'NONE',  ( -0.6250000000000002220, 3.999999999999998224, 1.082531754730547746 ) ) ;
#3029 = CARTESIAN_POINT ( 'NONE',  ( 1.250000000000000444, 3.268750001229032698, 0.7216878364870298324 ) ) ;
#3030 = DIRECTION ( 'NONE',  ( 0.000000000000000000, 0.000000000000000000, -1.000000000000000000 ) ) ;
#3031 = CARTESIAN_POINT ( 'NONE',  ( -0.5032151781249986078, 11.84687500061451360, 0.8715942556523228468 ) ) ;
#3032 = VECTOR ( 'NONE', #1132, 1000.000000000000000 ) ;
#3033 = VERTEX_POINT ( 'NONE', #1676 ) ;
#3034 = CARTESIAN_POINT ( 'NONE',  ( -1.062732146793064886E-15, 5.471875000614514484, -1.162125674203096537 ) ) ;
#3035 = CARTESIAN_POINT ( 'NONE',  ( -0.3349364905389008995, 6.323653811796698498, 1.250000000000000000 ) ) ;
#3036 = CARTESIAN_POINT ( 'NONE',  ( -1.062732146793064491E-15, 9.521875000614516082, -1.162125674203096537 ) ) ;
#3037 = CARTESIAN_POINT ( 'NONE',  ( -0.6250000000000017764, -0.5937499987709670135, -1.082531754730546636 ) ) ;
#3038 = CARTESIAN_POINT ( 'NONE',  ( -1.969845607676301195E-15, 4.459375000614515194, -1.162125674203096093 ) ) ;
#3039 = CARTESIAN_POINT ( 'NONE',  ( 0.5032151781249990519, 10.38437500061451324, -0.8715942556523228468 ) ) ;
#3040 = CARTESIAN_POINT ( 'NONE',  ( -0.5032151781250003841, 0.1093750006145157022, -0.8715942556523218476 ) ) ;
#3041 = CARTESIAN_POINT ( 'NONE',  ( 9.204127980810863719E-16, 2.546875000614515550, 1.162125674203096537 ) ) ;
#3042 = EDGE_CURVE ( 'NONE', #1439, #3560, #3155, .T. ) ;
#3043 = CARTESIAN_POINT ( 'NONE',  ( -1.006430356249998548, 4.609375000614516438, 0.5810628371015494897 ) ) ;
#3044 = CARTESIAN_POINT ( 'NONE',  ( -0.6250000000000002220, 8.499999999999996447, 1.082531754730547746 ) ) ;
#3045 = LINE ( 'NONE', #5436, #5023 ) ;
#3046 = CARTESIAN_POINT ( 'NONE',  ( 1.249999999999998002, 10.54375000122903039, -0.7216878364870344953 ) ) ;
#3047 = CARTESIAN_POINT ( 'NONE',  ( -0.5032151781250003841, 7.759375000614515017, -0.8715942556523218476 ) ) ;
#3048 = CARTESIAN_POINT ( 'NONE',  ( 2.236935443431609674E-15, 7.693750001229031632, 1.249999999999999556 ) ) ;
#3049 = ADVANCED_FACE ( 'NONE', ( #2093 ), #5979, .F. ) ;
#3050 = CARTESIAN_POINT ( 'NONE',  ( -0.3349364905389057290, 2.988846190661366808, -1.249999999999998668 ) ) ;
#3051 = CARTESIAN_POINT ( 'NONE',  ( 1.249999999999997780, 8.293750001229033941, -0.7216878364870343843 ) ) ;
#3052 = CARTESIAN_POINT ( 'NONE',  ( -1.006430356250000324, 2.284375000614515372, -0.5810628371015467142 ) ) ;
#3053 = CARTESIAN_POINT ( 'NONE',  ( 1.121372832681300312E-14, 10.16875000122903216, -1.249999999999999334 ) ) ;
#3054 = ORIENTED_EDGE ( 'NONE', *, *, #2896, .T. ) ;
#3055 = CARTESIAN_POINT ( 'NONE',  ( -1.006430356249999880, 2.396875000614515638, -0.5810628371015476024 ) ) ;
#3056 = CARTESIAN_POINT ( 'NONE',  ( -1.249999999999999112, 3.887499999999998401, -0.7216878364870322748 ) ) ;
#3057 = CARTESIAN_POINT ( 'NONE',  ( -2.651438096812265438E-16, 4.937499999999998224, 1.443375672974063439 ) ) ;
#3058 = CARTESIAN_POINT ( 'NONE',  ( 1.249999999999998002, 3.793750001229032609, -0.7216878364870344953 ) ) ;
#3059 = CARTESIAN_POINT ( 'NONE',  ( -1.365402153782930473E-14, 10.56249999999999645, -1.249999999999999112 ) ) ;
#3060 = CARTESIAN_POINT ( 'NONE',  ( -2.614599868946037210E-15, 5.668750001229032165, -1.249999999999999334 ) ) ;
#3061 = ORIENTED_EDGE ( 'NONE', *, *, #3709, .T. ) ;
#3062 = CARTESIAN_POINT ( 'NONE',  ( 1.006430356249999658, 6.671875000614515550, 0.5810628371015478244 ) ) ;
#3063 = CARTESIAN_POINT ( 'NONE',  ( 0.3349364905389053959, 1.413846190661367075, 1.249999999999998890 ) ) ;
#3064 = CARTESIAN_POINT ( 'NONE',  ( 1.006430356249998770, 11.24687500061451573, -0.5810628371015489346 ) ) ;
#3065 = CARTESIAN_POINT ( 'NONE',  ( 2.236935443431609674E-15, 5.893750001229030921, 1.249999999999999556 ) ) ;
#3066 = CARTESIAN_POINT ( 'NONE',  ( 2.909753293500117656E-15, -0.8562499987709671911, 1.443375672974063439 ) ) ;
#3067 = CARTESIAN_POINT ( 'NONE',  ( 1.827526258964323273E-15, 4.234375000614515550, 1.162125674203096093 ) ) ;
#3068 = CARTESIAN_POINT ( 'NONE',  ( 1.006430356249999658, 10.75937500061451324, -9.819791222584819450E-16 ) ) ;
#3069 = CARTESIAN_POINT ( 'NONE',  ( 2.236935443431609674E-15, 3.643750001229032698, 1.249999999999999556 ) ) ;
#3070 = CARTESIAN_POINT ( 'NONE',  ( -1.006430356249999658, 2.884375000614515461, 8.587269508238524180E-16 ) ) ;
#3071 = CARTESIAN_POINT ( 'NONE',  ( 1.827526258964323273E-15, 4.234375000614515550, 1.162125674203096093 ) ) ;
#3072 = CARTESIAN_POINT ( 'NONE',  ( -1.249999999999999778, 11.61249999999999716, 0.7216878364870313867 ) ) ;
#3073 = CARTESIAN_POINT ( 'NONE',  ( 1.249999999999999334, 9.606250001229030389, -2.749541545756668106E-15 ) ) ;
#3074 = CARTESIAN_POINT ( 'NONE',  ( -1.250000000000000444, 11.59375000122903110, -0.7216878364870296103 ) ) ;
#3075 = EDGE_CURVE ( 'NONE', #316, #1369, #2515, .T. ) ;
#3076 = CARTESIAN_POINT ( 'NONE',  ( -1.006430356249998992, 9.221875000614517148, 0.5810628371015487126 ) ) ;
#3077 = CARTESIAN_POINT ( 'NONE',  ( -0.3349364905389035640, 7.167403810567664735, 1.249999999999999112 ) ) ;
#3078 = CARTESIAN_POINT ( 'NONE',  ( -0.3349364905389035640, 6.267403810567663491, 1.249999999999999112 ) ) ;
#3079 = CARTESIAN_POINT ( 'NONE',  ( -2.614599868946037210E-15, 0.7187500012290328755, -1.249999999999999334 ) ) ;
#3080 = CARTESIAN_POINT ( 'NONE',  ( 1.006430356249998104, 1.234375000614515328, -0.5810628371015496008 ) ) ;
#3081 = LINE ( 'NONE', #3558, #3736 ) ;
#3082 = VERTEX_POINT ( 'NONE', #1613 ) ;
#3083 = CARTESIAN_POINT ( 'NONE',  ( 0.5032151781249990519, 0.9343750006145157272, -0.8715942556523228468 ) ) ;
#3084 = CARTESIAN_POINT ( 'NONE',  ( 7.553288510288552685E-16, 1.168750001229032831, -1.249999999999999334 ) ) ;
#3085 = CARTESIAN_POINT ( 'NONE',  ( -1.249999999999999334, 3.437499999999999112, -0.7216878364870322748 ) ) ;
#3086 = CARTESIAN_POINT ( 'NONE',  ( 1.006430356249999880, 11.50937500061451502, 0.5810628371015468252 ) ) ;
#3087 = CARTESIAN_POINT ( 'NONE',  ( 1.250000000000000444, 3.718750001229031987, 0.7216878364870298324 ) ) ;
#3088 = DIRECTION ( 'NONE',  ( -0.000000000000000000, -1.000000000000000000, -0.000000000000000000 ) ) ;
#3089 = CARTESIAN_POINT ( 'NONE',  ( -1.969845607676301195E-15, 11.20937500061451608, -1.162125674203096093 ) ) ;
#3090 = EDGE_CURVE ( 'NONE', #3496, #108, #3850, .T. ) ;
#3091 = ORIENTED_EDGE ( 'NONE', *, *, #702, .T. ) ;
#3092 = CARTESIAN_POINT ( 'NONE',  ( 0.5032151781249999400, 7.534375000614515372, 0.8715942556523221807 ) ) ;
#3093 = FACE_OUTER_BOUND ( 'NONE', #3672, .T. ) ;
#3094 = CARTESIAN_POINT ( 'NONE',  ( 1.006430356249998770, 10.79687500061451644, -0.5810628371015489346 ) ) ;
#3095 = CARTESIAN_POINT ( 'NONE',  ( 1.249999999999999334, 4.637499999999998401, -0.7216878364870317197 ) ) ;
#3096 = CARTESIAN_POINT ( 'NONE',  ( -1.249999999999998224, -0.9312499987709671467, 0.7216878364870340512 ) ) ;
#3097 = CARTESIAN_POINT ( 'NONE',  ( -0.5032151781249986078, 5.096875000614515372, 0.8715942556523228468 ) ) ;
#3098 = CARTESIAN_POINT ( 'NONE',  ( 0.5032151781250004952, 8.771875000614514306, 0.8715942556523216256 ) ) ;
#3099 = VERTEX_POINT ( 'NONE', #1711 ) ;
#3100 = CARTESIAN_POINT ( 'NONE',  ( -1.006430356249999658, 1.984375000614515328, 8.587269508238526152E-16 ) ) ;
#3101 = CARTESIAN_POINT ( 'NONE',  ( -1.006430356249999658, 4.234375000614515550, 8.587269508238524180E-16 ) ) ;
#3102 = CARTESIAN_POINT ( 'NONE',  ( 0.5032151781250004952, 4.721875000614515372, 0.8715942556523216256 ) ) ;
#3103 = CARTESIAN_POINT ( 'NONE',  ( -0.6250000000000002220, 9.849999999999997868, 1.082531754730547746 ) ) ;
#3104 = LINE ( 'NONE', #3136, #4829 ) ;
#3105 = CARTESIAN_POINT ( 'NONE',  ( -1.250000000000000444, 10.69375000122903430, -0.7216878364870296103 ) ) ;
#3106 = CIRCLE ( 'NONE', #283, 2.100000000000000089 ) ;
#3107 = CARTESIAN_POINT ( 'NONE',  ( 0.5032151781249999400, 9.784375000614513596, 0.8715942556523221807 ) ) ;
#3108 = LINE ( 'NONE', #688, #2360 ) ;
#3109 = CARTESIAN_POINT ( 'NONE',  ( -4.938688641342514686E-16, 10.33749999999999858, 1.249999999999999334 ) ) ;
#3110 = CARTESIAN_POINT ( 'NONE',  ( 1.249999999999999334, 5.087499999999998579, -0.7216878364870317197 ) ) ;
#3111 = CARTESIAN_POINT ( 'NONE',  ( -0.5032151781249986078, 1.046875000614515772, 0.8715942556523228468 ) ) ;
#3112 = VERTEX_POINT ( 'NONE', #3084 ) ;
#3113 = CARTESIAN_POINT ( 'NONE',  ( 1.006430356249999658, 1.759375000614515461, -9.819791222584819450E-16 ) ) ;
#3114 = CARTESIAN_POINT ( 'NONE',  ( 1.743066579297358255E-16, 3.812499999999997780, -1.249999999999999112 ) ) ;
#3115 = CARTESIAN_POINT ( 'NONE',  ( 1.249999999999999112, 3.662499999999998312, 0.7216878364870323859 ) ) ;
#3116 = EDGE_CURVE ( 'NONE', #3099, #4658, #363, .T. ) ;
#3117 = CARTESIAN_POINT ( 'NONE',  ( -0.5032151781250009392, 11.69687500061451502, -0.8715942556523212925 ) ) ;
#3118 = CARTESIAN_POINT ( 'NONE',  ( 2.909753293500117656E-15, 6.793750001229033053, 1.443375672974063439 ) ) ;
#3119 = CYLINDRICAL_SURFACE ( 'NONE', #5457, 1.249999999999999334 ) ;
#3120 = CARTESIAN_POINT ( 'NONE',  ( 0.5032151781249982747, 11.17187500061451466, -0.8715942556523229579 ) ) ;
#3121 = VECTOR ( 'NONE', #4710, 1000.000000000000000 ) ;
#3122 = ORIENTED_EDGE ( 'NONE', *, *, #5358, .F. ) ;
#3123 = CARTESIAN_POINT ( 'NONE',  ( 0.5032151781249990519, 9.484375000614514661, -0.8715942556523228468 ) ) ;
#3124 = CARTESIAN_POINT ( 'NONE',  ( 1.249999999999997780, 1.543750001229032831, -0.7216878364870343843 ) ) ;
#3125 = CARTESIAN_POINT ( 'NONE',  ( 1.006430356249998770, 9.446875000614515017, -0.5810628371015489346 ) ) ;
#3126 = ADVANCED_FACE ( 'NONE', ( #2546 ), #3530, .T. ) ;
#3127 = DIRECTION ( 'NONE',  ( -0.000000000000000000, -1.000000000000000000, -0.000000000000000000 ) ) ;
#3128 = CARTESIAN_POINT ( 'NONE',  ( -1.250000000000000444, 0.7937500012290326090, -0.7216878364870296103 ) ) ;
#3129 = CARTESIAN_POINT ( 'NONE',  ( 1.827526258964323273E-15, 4.684375000614515727, 1.162125674203096093 ) ) ;
#3130 = CARTESIAN_POINT ( 'NONE',  ( 0.5032151781250004952, 9.671875000614512885, 0.8715942556523216256 ) ) ;
#3131 = ORIENTED_EDGE ( 'NONE', *, *, #836, .T. ) ;
#3132 = CARTESIAN_POINT ( 'NONE',  ( 0.5032151781249999400, 1.234375000614515550, 0.8715942556523221807 ) ) ;
#3133 = CARTESIAN_POINT ( 'NONE',  ( -1.062732146793064491E-15, 3.671875000614515105, -1.162125674203096537 ) ) ;
#3134 = CARTESIAN_POINT ( 'NONE',  ( 1.827526258964323273E-15, 7.834375000614514306, 1.162125674203096093 ) ) ;
#3135 = CARTESIAN_POINT ( 'NONE',  ( -2.651438096812265438E-16, 11.23749999999999893, 1.443375672974063439 ) ) ;
#3136 = CARTESIAN_POINT ( 'NONE',  ( 1.530808498934190831E-16, 12.00000000000000000, 1.249999999999999334 ) ) ;
#3137 = CARTESIAN_POINT ( 'NONE',  ( -3.086515833287601756E-15, 11.96875000122903110, -1.443375672974063439 ) ) ;
#3138 = CARTESIAN_POINT ( 'NONE',  ( -1.006430356249999880, 12.29687500061451466, -0.5810628371015476024 ) ) ;
#3139 = CARTESIAN_POINT ( 'NONE',  ( 0.6250000000000012212, 8.631250001229030744, 1.082531754730547080 ) ) ;
#3140 = DIRECTION ( 'NONE',  ( -0.000000000000000000, -1.000000000000000000, -0.000000000000000000 ) ) ;
#3141 = LINE ( 'NONE', #2667, #4218 ) ;
#3142 = CARTESIAN_POINT ( 'NONE',  ( -1.006430356249999436, 3.671875000614515105, 1.644310252063557226E-15 ) ) ;
#3143 = ORIENTED_EDGE ( 'NONE', *, *, #2971, .F. ) ;
#3144 = AXIS2_PLACEMENT_3D ( 'NONE', #2071, #4008, #5925 ) ;
#3145 = CARTESIAN_POINT ( 'NONE',  ( 0.5032151781249999400, 2.134375000614515461, 0.8715942556523221807 ) ) ;
#3146 = CARTESIAN_POINT ( 'NONE',  ( 1.743066579297358255E-16, 10.11249999999999716, -1.249999999999999112 ) ) ;
#3147 = CARTESIAN_POINT ( 'NONE',  ( 8.838126989374219771E-17, 6.062499999999998224, -1.443375672974063439 ) ) ;
#3148 = CARTESIAN_POINT ( 'NONE',  ( 0.000000000000000000, 12.00000000000000000, 0.000000000000000000 ) ) ;
#3149 = CARTESIAN_POINT ( 'NONE',  ( -1.250000000000000444, 5.743750001229032343, -0.7216878364870296103 ) ) ;
#3150 = CARTESIAN_POINT ( 'NONE',  ( 2.236935443431609674E-15, 11.74375000122903145, 1.249999999999999556 ) ) ;
#3151 = B_SPLINE_CURVE_WITH_KNOTS ( 'NONE', 3,
 ( #5257, #2352, #1904, #36, #3847, #1421, #5229, #4848, #886, #3400, #2417, #479, #6191, #1873 ),
 .UNSPECIFIED., .F., .F.,
 ( 4, 2, 2, 2, 2, 2, 4 ),
 ( 1.117167498213143028E-17, 0.0005656480545256480780, 0.001131296109051285097, 0.001414120136314103498, 0.001696944163576922116, 0.001979768190839740517, 0.002262592218102558485 ),
 .UNSPECIFIED. ) ;
#3152 = DIRECTION ( 'NONE',  ( 0.000000000000000000, 0.000000000000000000, -1.000000000000000000 ) ) ;
#3153 = ORIENTED_EDGE ( 'NONE', *, *, #2770, .F. ) ;
#3154 = EDGE_CURVE ( 'NONE', #5539, #3082, #3170, .T. ) ;
#3155 =( BOUNDED_CURVE ( )  B_SPLINE_CURVE ( 2, ( #3146, #2575, #4596, #4533, #2125, #164, #5069, #5506, #2062 ),
 .UNSPECIFIED., .F., .F. ) 
 B_SPLINE_CURVE_WITH_KNOTS ( ( 3, 2, 2, 2, 3 ),
 ( 0.7822580645161290036, 0.7849462365591397539, 0.7903225806451612545, 0.7956989247311827551, 0.7983870967741935054 ),
 .UNSPECIFIED. ) 
 CURVE ( )  GEOMETRIC_REPRESENTATION_ITEM ( )  RATIONAL_B_SPLINE_CURVE ( ( 0.9330127018922194093, 0.9330127018922194093, 1.000000000000000000, 0.8660254037844387076, 1.000000000000000000, 0.8660254037844387076, 1.000000000000000000, 0.9330127018922194093, 0.9330127018922194093 ) ) 
 REPRESENTATION_ITEM ( '' )  );
#3156 = CARTESIAN_POINT ( 'NONE',  ( -1.006430356249999214, 7.871875000614514839, 0.5810628371015488236 ) ) ;
#3157 = CYLINDRICAL_SURFACE ( 'NONE', #4855, 1.249999999999999334 ) ;
#3158 = AXIS2_PLACEMENT_3D ( 'NONE', #5102, #759, #1264 ) ;
#3159 = CARTESIAN_POINT ( 'NONE',  ( 1.249999999999999556, -0.7625000000000011768, -0.7216878364870316087 ) ) ;
#3160 = CARTESIAN_POINT ( 'NONE',  ( -0.6055082011283379195, 0.02812500184355222130, -0.8079375877954777518 ) ) ;
#3161 = CARTESIAN_POINT ( 'NONE',  ( 0.6249999999999974465, 2.931250001229032343, -1.082531754730548856 ) ) ;
#3162 = CARTESIAN_POINT ( 'NONE',  ( -1.969845607676301195E-15, 8.059375000614513951, -1.162125674203096093 ) ) ;
#3163 = CARTESIAN_POINT ( 'NONE',  ( -1.006430356249998548, 8.659375000614513596, 0.5810628371015493787 ) ) ;
#3164 = ORIENTED_EDGE ( 'NONE', *, *, #3363, .F. ) ;
#3165 = EDGE_CURVE ( 'NONE', #5514, #4905, #1772, .T. ) ;
#3166 = CARTESIAN_POINT ( 'NONE',  ( 9.204127980810867663E-16, 2.546875000614515550, 1.162125674203096537 ) ) ;
#3167 = CARTESIAN_POINT ( 'NONE',  ( 1.006430356249999658, 4.009375000614515017, -9.819791222584817478E-16 ) ) ;
#3168 = CARTESIAN_POINT ( 'NONE',  ( -1.006430356249998548, 6.409375000614515372, 0.5810628371015494897 ) ) ;
#3169 = CARTESIAN_POINT ( 'NONE',  ( -1.249999999999999778, 12.06249999999999822, 0.7216878364870313867 ) ) ;
#3170 =( BOUNDED_CURVE ( )  B_SPLINE_CURVE ( 2, ( #1297, #4628, #793, #6099, #5195, #1803, #4755, #5699, #1870 ),
 .UNSPECIFIED., .F., .T. ) 
 B_SPLINE_CURVE_WITH_KNOTS ( ( 3, 2, 2, 2, 3 ),
 ( 0.3629032258064516236, 0.3655913978494623739, 0.3709677419354838745, 0.3763440860215053752, 0.3790322580645161255 ),
 .UNSPECIFIED. ) 
 CURVE ( )  GEOMETRIC_REPRESENTATION_ITEM ( )  RATIONAL_B_SPLINE_CURVE ( ( 0.9330127018922194093, 0.9330127018922194093, 1.000000000000000000, 0.8660254037844387076, 1.000000000000000000, 0.8660254037844387076, 1.000000000000000000, 0.9330127018922194093, 0.9330127018922194093 ) ) 
 REPRESENTATION_ITEM ( '' )  );
#3171 = FACE_OUTER_BOUND ( 'NONE', #985, .T. ) ;
#3172 = CARTESIAN_POINT ( 'NONE',  ( 1.249999999999998002, 11.89375000122903359, -0.7216878364870344953 ) ) ;
#3173 = EDGE_CURVE ( 'NONE', #3033, #678, #4052, .T. ) ;
#3174 = CARTESIAN_POINT ( 'NONE',  ( 1.006430356249999658, 12.07187500061451502, 0.5810628371015478244 ) ) ;
#3175 = FACE_OUTER_BOUND ( 'NONE', #497, .T. ) ;
#3176 = CARTESIAN_POINT ( 'NONE',  ( -0.5032151781250009392, 0.8968750006145157494, -0.8715942556523212925 ) ) ;
#3177 = CARTESIAN_POINT ( 'NONE',  ( 1.250000000000000444, 3.718750001229032431, 0.7216878364870297213 ) ) ;
#3178 = CARTESIAN_POINT ( 'NONE',  ( -0.5032151781249986078, 4.196875000614515905, 0.8715942556523228468 ) ) ;
#3179 = PRODUCT_CONTEXT ( 'NONE', #5507, 'mechanical' ) ;
#3180 = VECTOR ( 'NONE', #3738, 1000.000000000000000 ) ;
#3181 = EDGE_LOOP ( 'NONE', ( #2842, #2603, #3938, #3630 ) ) ;
#3182 = CARTESIAN_POINT ( 'NONE',  ( 9.204127980810867663E-16, 2.996875000614515283, 1.162125674203096537 ) ) ;
#3183 = CARTESIAN_POINT ( 'NONE',  ( -3.569075380924708916E-16, 13.40000000000000036, 1.154700538379252128 ) ) ;
#3184 = CARTESIAN_POINT ( 'NONE',  ( -1.006430356249999436, 10.87187500061451395, 1.644310252063557226E-15 ) ) ;
#3185 = CARTESIAN_POINT ( 'NONE',  ( -3.086515833287601756E-15, 6.118750001229032343, -1.443375672974063439 ) ) ;
#3186 = CARTESIAN_POINT ( 'NONE',  ( 1.249999999999999334, 6.437499999999998224, -0.7216878364870317197 ) ) ;
#3187 = CARTESIAN_POINT ( 'NONE',  ( 0.5651917336864747954, 12.00000000000000533, 0.8734191423995023573 ) ) ;
#3188 = ORIENTED_EDGE ( 'NONE', *, *, #2150, .F. ) ;
#3189 = CARTESIAN_POINT ( 'NONE',  ( 1.006430356249998992, 8.096875000614515372, -0.5810628371015489346 ) ) ;
#3190 = CARTESIAN_POINT ( 'NONE',  ( 2.236935443431609674E-15, 0.9437500012290327422, 1.249999999999999556 ) ) ;
#3191 = CARTESIAN_POINT ( 'NONE',  ( -0.6250000000000002220, -0.05000000000000132117, 1.082531754730547746 ) ) ;
#3192 = DIRECTION ( 'NONE',  ( 0.000000000000000000, 0.000000000000000000, -1.000000000000000000 ) ) ;
#3193 = CARTESIAN_POINT ( 'NONE',  ( -0.6249999999999978906, 1.356250001229032831, 1.082531754730548856 ) ) ;
#3194 = CARTESIAN_POINT ( 'NONE',  ( -1.006430356250000324, 6.334375000614515194, -0.5810628371015467142 ) ) ;
#3195 = CARTESIAN_POINT ( 'NONE',  ( 1.006430356249999436, 8.396875000614514306, -1.767562423498186358E-15 ) ) ;
#3196 =( BOUNDED_CURVE ( )  B_SPLINE_CURVE ( 2, ( #452, #2387, #2897, #3880, #1454, #5322, #2927, #38, #1967 ),
 .UNSPECIFIED., .F., .F. ) 
 B_SPLINE_CURVE_WITH_KNOTS ( ( 3, 2, 2, 2, 3 ),
 ( 0.2016129032258064668, 0.2043010752688172171, 0.2096774193548387177, 0.2150537634408602183, 0.2177419354838709686 ),
 .UNSPECIFIED. ) 
 CURVE ( )  GEOMETRIC_REPRESENTATION_ITEM ( )  RATIONAL_B_SPLINE_CURVE ( ( 0.9330127018922192983, 0.9330127018922196314, 1.000000000000000000, 0.8660254037844387076, 1.000000000000000000, 0.8660254037844387076, 1.000000000000000000, 0.9330127018922194093, 0.9330127018922194093 ) ) 
 REPRESENTATION_ITEM ( '' )  );
#3197 = ORIENTED_EDGE ( 'NONE', *, *, #5846, .T. ) ;
#3198 = CARTESIAN_POINT ( 'NONE',  ( -1.006430356249999214, 1.121875000614515505, 0.5810628371015488236 ) ) ;
#3199 = CARTESIAN_POINT ( 'NONE',  ( -0.5032151781250003841, 5.509375000614515017, -0.8715942556523218476 ) ) ;
#3200 = CARTESIAN_POINT ( 'NONE',  ( -1.006430356249999436, 7.271875000614515194, 1.644310252063557226E-15 ) ) ;
#3201 = ORIENTED_EDGE ( 'NONE', *, *, #6192, .F. ) ;
#3202 = CARTESIAN_POINT ( 'NONE',  ( -0.6250000000000017764, 1.206250001229032698, -1.082531754730546636 ) ) ;
#3203 = EDGE_CURVE ( 'NONE', #1219, #4892, #6200, .T. ) ;
#3204 = CARTESIAN_POINT ( 'NONE',  ( -1.249999999999999556, 1.262499999999998401, 0.7216878364870313867 ) ) ;
#3205 = CARTESIAN_POINT ( 'NONE',  ( 1.827526258964323273E-15, -0.7156249993854844060, 1.162125674203096093 ) ) ;
#3206 = ORIENTED_EDGE ( 'NONE', *, *, #5513, .T. ) ;
#3207 = VERTEX_POINT ( 'NONE', #5669 ) ;
#3208 =( BOUNDED_CURVE ( )  B_SPLINE_CURVE ( 2, ( #4024, #5941, #3554, #5881, #3492, #4943, #2149, #602, #5471 ),
 .UNSPECIFIED., .F., .T. ) 
 B_SPLINE_CURVE_WITH_KNOTS ( ( 3, 2, 2, 2, 3 ),
 ( 0.8951612903225806273, 0.8978494623655913776, 0.9032258064516128782, 0.9086021505376343788, 0.9112903225806451291 ),
 .UNSPECIFIED. ) 
 CURVE ( )  GEOMETRIC_REPRESENTATION_ITEM ( )  RATIONAL_B_SPLINE_CURVE ( ( 0.9330127018922194093, 0.9330127018922194093, 1.000000000000000000, 0.8660254037844387076, 1.000000000000000000, 0.8660254037844387076, 1.000000000000000000, 0.9330127018922194093, 0.9330127018922194093 ) ) 
 REPRESENTATION_ITEM ( '' )  );
#3209 = FACE_OUTER_BOUND ( 'NONE', #2069, .T. ) ;
#3210 = DIRECTION ( 'NONE',  ( 0.8660254037844388186, 0.000000000000000000, -0.4999999999999996669 ) ) ;
#3211 = EDGE_CURVE ( 'NONE', #2767, #2109, #1003, .T. ) ;
#3212 = CARTESIAN_POINT ( 'NONE',  ( -0.5208333128494885278, 11.99999999999999822, -1.136324187996641033 ) ) ;
#3213 = CARTESIAN_POINT ( 'NONE',  ( -1.006430356250000324, 4.084375000614516082, -0.5810628371015467142 ) ) ;
#3214 = DIRECTION ( 'NONE',  ( 0.000000000000000000, 0.000000000000000000, 1.000000000000000000 ) ) ;
#3215 = ORIENTED_EDGE ( 'NONE', *, *, #2185, .F. ) ;
#3216 = CARTESIAN_POINT ( 'NONE',  ( -1.006430356249998992, 3.821875000614515017, 0.5810628371015487126 ) ) ;
#3217 = CARTESIAN_POINT ( 'NONE',  ( 1.085639967805704632E-13, 0.1453125009217802743, 1.074088590388474262 ) ) ;
#3218 = CARTESIAN_POINT ( 'NONE',  ( -0.6249999999999978906, 6.756250001229031632, 1.082531754730548856 ) ) ;
#3219 = CARTESIAN_POINT ( 'NONE',  ( 1.743066579297358255E-16, 11.91249999999999609, -1.249999999999999112 ) ) ;
#3220 = CARTESIAN_POINT ( 'NONE',  ( 0.000000000000000000, 12.00000000000000000, -1.249999999999999334 ) ) ;
#3221 = ORIENTED_EDGE ( 'NONE', *, *, #4673, .T. ) ;
#3222 = CARTESIAN_POINT ( 'NONE',  ( 1.006430356249999658, 8.471875000614515372, 0.5810628371015478244 ) ) ;
#3223 = CARTESIAN_POINT ( 'NONE',  ( 1.249999999999999334, 8.199999999999999289, 0.000000000000000000 ) ) ;
#3224 = CARTESIAN_POINT ( 'NONE',  ( 1.006430356249998770, 12.14687500061451253, -0.5810628371015489346 ) ) ;
#3225 = CARTESIAN_POINT ( 'NONE',  ( -0.3349364905389030089, 3.382596189432332423, -1.249999999999999334 ) ) ;
#3226 = CARTESIAN_POINT ( 'NONE',  ( -1.249999999999998224, 2.668750001229032609, 0.7216878364870340512 ) ) ;
#3227 = CARTESIAN_POINT ( 'NONE',  ( 1.006430356249998104, 7.984375000614513773, -0.5810628371015496008 ) ) ;
#3228 = CARTESIAN_POINT ( 'NONE',  ( 1.006430356249999880, 11.50937500061451324, 0.5810628371015469362 ) ) ;
#3229 = VERTEX_POINT ( 'NONE', #2317 ) ;
#3230 = CARTESIAN_POINT ( 'NONE',  ( -0.5032151781249993849, 2.059375000614515283, 0.8715942556523227358 ) ) ;
#3231 = CARTESIAN_POINT ( 'NONE',  ( -1.006430356249999880, 5.546875000614514661, -0.5810628371015476024 ) ) ;
#3232 = CARTESIAN_POINT ( 'NONE',  ( -0.5032151781249986078, 6.446875000614515905, 0.8715942556523228468 ) ) ;
#3233 = CARTESIAN_POINT ( 'NONE',  ( -4.938688641342514686E-16, 8.987499999999998934, 1.249999999999999334 ) ) ;
#3234 = PLANE ( 'NONE',  #1997 ) ;
#3235 = CARTESIAN_POINT ( 'NONE',  ( -1.006430356249998548, 0.1093750006145156883, 0.5810628371015493787 ) ) ;
#3236 = ADVANCED_FACE ( 'NONE', ( #1228 ), #4692, .F. ) ;
#3237 = ORIENTED_EDGE ( 'NONE', *, *, #252, .T. ) ;
#3238 = LINE ( 'NONE', #4184, #1540 ) ;
#3239 = CARTESIAN_POINT ( 'NONE',  ( 1.249999999999999334, 10.93750000000000000, -0.7216878364870317197 ) ) ;
#3240 = CARTESIAN_POINT ( 'NONE',  ( -0.6249999999999978906, 8.106250001229033941, 1.082531754730548856 ) ) ;
#3241 = CARTESIAN_POINT ( 'NONE',  ( 1.006430356249999436, 4.796875000614515550, -1.767562423498186358E-15 ) ) ;
#3242 = ORIENTED_EDGE ( 'NONE', *, *, #5092, .F. ) ;
#3243 = ADVANCED_FACE ( 'NONE', ( #6127 ), #3687, .F. ) ;
#3244 = CARTESIAN_POINT ( 'NONE',  ( 0.5032151781249990519, 4.084375000614516082, -0.8715942556523228468 ) ) ;
#3245 = CARTESIAN_POINT ( 'NONE',  ( 0.3349364905389053959, 4.113846190661367253, 1.249999999999998890 ) ) ;
#3246 = CARTESIAN_POINT ( 'NONE',  ( -0.6250000000000017764, 7.056250001229031454, -1.082531754730546636 ) ) ;
#3247 = CARTESIAN_POINT ( 'NONE',  ( 0.000000000000000000, 12.00000000000000000, 0.000000000000000000 ) ) ;
#3248 = CARTESIAN_POINT ( 'NONE',  ( -0.3349364905389030089, 11.93259618943233136, -1.249999999999999334 ) ) ;
#3249 = CARTESIAN_POINT ( 'NONE',  ( -0.4249999999999949374, 13.25000000000000000, 0.7361215932167736176 ) ) ;
#3250 = EDGE_LOOP ( 'NONE', ( #2573, #4744, #4883, #4366 ) ) ;
#3251 = CARTESIAN_POINT ( 'NONE',  ( -0.5032151781249993849, 10.15937500061451360, 0.8715942556523227358 ) ) ;
#3252 = CARTESIAN_POINT ( 'NONE',  ( 0.5032151781249999400, 12.48437500061451466, 0.8715942556523221807 ) ) ;
#3253 = DIRECTION ( 'NONE',  ( -0.000000000000000000, -1.000000000000000000, -0.000000000000000000 ) ) ;
#3254 = CARTESIAN_POINT ( 'NONE',  ( 1.249999999999998002, 2.443750001229032520, -0.7216878364870344953 ) ) ;
#3255 = CARTESIAN_POINT ( 'NONE',  ( 1.827526258964323273E-15, 6.934375000614516615, 1.162125674203096093 ) ) ;
#3256 = CARTESIAN_POINT ( 'NONE',  ( 0.5032151781249982747, 12.07187500061451502, -0.8715942556523229579 ) ) ;
#3257 = ORIENTED_EDGE ( 'NONE', *, *, #940, .F. ) ;
#3258 = CARTESIAN_POINT ( 'NONE',  ( 1.006430356249999658, 2.659375000614515816, -9.819791222584819450E-16 ) ) ;
#3259 = AXIS2_PLACEMENT_3D ( 'NONE', #5411, #3140, #5499 ) ;
#3260 = CARTESIAN_POINT ( 'NONE',  ( 0.5032151781249990519, 6.334375000614515194, -0.8715942556523228468 ) ) ;
#3261 = CARTESIAN_POINT ( 'NONE',  ( 0.5032151781249982747, 8.021875000614514306, -0.8715942556523229579 ) ) ;
#3262 = CARTESIAN_POINT ( 'NONE',  ( 0.6249999999999987788, 12.62499999999999645, 1.082531754730548412 ) ) ;
#3263 = VECTOR ( 'NONE', #5532, 1000.000000000000000 ) ;
#3264 = CARTESIAN_POINT ( 'NONE',  ( -1.250000000000000444, 8.893750001229033586, -0.7216878364870294993 ) ) ;
#3265 = CARTESIAN_POINT ( 'NONE',  ( 0.5032151781250004952, -0.6781249993854843172, 0.8715942556523216256 ) ) ;
#3266 = DIRECTION ( 'NONE',  ( -0.8660254037844387076, 0.000000000000000000, -0.5000000000000001110 ) ) ;
#3267 = DIRECTION ( 'NONE',  ( 0.000000000000000000, 0.000000000000000000, 1.000000000000000000 ) ) ;
#3268 = CARTESIAN_POINT ( 'NONE',  ( -0.6249999999999993339, 5.199999999999998401, -1.082531754730547968 ) ) ;
#3269 = CARTESIAN_POINT ( 'NONE',  ( 2.236935443431609674E-15, 3.643750001229032698, 1.249999999999999556 ) ) ;
#3270 = CARTESIAN_POINT ( 'NONE',  ( 0.5032151781249982747, 3.521875000614515194, -0.8715942556523229579 ) ) ;
#3271 = VECTOR ( 'NONE', #3253, 1000.000000000000000 ) ;
#3272 = ORIENTED_EDGE ( 'NONE', *, *, #4655, .T. ) ;
#3273 = CARTESIAN_POINT ( 'NONE',  ( -1.006430356249999658, 4.684375000614515727, 8.587269508238526152E-16 ) ) ;
#3274 = CARTESIAN_POINT ( 'NONE',  ( 2.236935443431609674E-15, 4.093750001229031987, 1.249999999999999556 ) ) ;
#3275 = DIRECTION ( 'NONE',  ( 0.000000000000000000, 0.000000000000000000, 1.000000000000000000 ) ) ;
#3276 = DIRECTION ( 'NONE',  ( 0.000000000000000000, 0.000000000000000000, -1.000000000000000000 ) ) ;
#3277 = VECTOR ( 'NONE', #4285, 1000.000000000000000 ) ;
#3278 = CARTESIAN_POINT ( 'NONE',  ( -0.6249999999999993339, 11.94999999999999929, -1.082531754730547968 ) ) ;
#3279 = DIRECTION ( 'NONE',  ( 0.8660254037844414832, 0.000000000000000000, 0.4999999999999951705 ) ) ;
#3280 = ORIENTED_EDGE ( 'NONE', *, *, #1914, .F. ) ;
#3281 = CARTESIAN_POINT ( 'NONE',  ( 0.3349364905389053959, 10.41384619066136530, 1.249999999999998890 ) ) ;
#3282 = CARTESIAN_POINT ( 'NONE',  ( 1.249999999999999556, -0.3125000000000012212, -0.7216878364870316087 ) ) ;
#3283 = FACE_OUTER_BOUND ( 'NONE', #4158, .T. ) ;
#3284 = ADVANCED_FACE ( 'NONE', ( #5609 ), #2248, .T. ) ;
#3285 = CARTESIAN_POINT ( 'NONE',  ( 1.006430356249999880, 7.459375000614514306, 0.5810628371015469362 ) ) ;
#3286 = CARTESIAN_POINT ( 'NONE',  ( -1.006430356250000324, 10.38437500061451502, -0.5810628371015467142 ) ) ;
#3287 = ORIENTED_EDGE ( 'NONE', *, *, #4097, .T. ) ;
#3288 = CARTESIAN_POINT ( 'NONE',  ( -1.006430356249999658, 3.334375000614515194, 8.587269508238526152E-16 ) ) ;
#3289 = CARTESIAN_POINT ( 'NONE',  ( -1.006430356249998992, 11.02187500061451608, 0.5810628371015487126 ) ) ;
#3290 = CARTESIAN_POINT ( 'NONE',  ( 0.5032151781249990519, 5.884375000614515017, -0.8715942556523228468 ) ) ;
#3291 = CARTESIAN_POINT ( 'NONE',  ( 0.5032151781249982747, 8.471875000614513596, -0.8715942556523229579 ) ) ;
#3292 = CARTESIAN_POINT ( 'NONE',  ( 1.249999999999999112, 12.66249999999999609, 0.7216878364870323859 ) ) ;
#3293 = CARTESIAN_POINT ( 'NONE',  ( 1.249999999999999112, 3.662499999999998312, 0.7216878364870324969 ) ) ;
#3294 = CARTESIAN_POINT ( 'NONE',  ( 1.006430356249998104, 0.7843750006145157050, -0.5810628371015496008 ) ) ;
#3295 = EDGE_LOOP ( 'NONE', ( #4, #4120, #2864, #1792 ) ) ;
#3296 = CARTESIAN_POINT ( 'NONE',  ( -4.938688641342514686E-16, 7.187499999999998224, 1.249999999999999334 ) ) ;
#3297 = FACE_OUTER_BOUND ( 'NONE', #1354, .T. ) ;
#3298 = CARTESIAN_POINT ( 'NONE',  ( 1.249999999999999556, 7.337499999999997691, -0.7216878364870316087 ) ) ;
#3299 = CARTESIAN_POINT ( 'NONE',  ( -3.569075380924708916E-16, 14.35000000000000497, 1.154700538379252128 ) ) ;
#3300 = CARTESIAN_POINT ( 'NONE',  ( 1.006430356249999436, 6.146875000614516082, -1.767562423498186358E-15 ) ) ;
#3301 = ORIENTED_EDGE ( 'NONE', *, *, #2117, .F. ) ;
#3302 = CARTESIAN_POINT ( 'NONE',  ( 0.5032151781249999400, 3.934375000614515727, 0.8715942556523221807 ) ) ;
#3303 = CARTESIAN_POINT ( 'NONE',  ( 1.249999999999999334, 4.206250001229032698, -2.749541545756668106E-15 ) ) ;
#3304 = FACE_OUTER_BOUND ( 'NONE', #3771, .T. ) ;
#3305 = CARTESIAN_POINT ( 'NONE',  ( -2.614599868946037210E-15, 9.718750001229031099, -1.249999999999999334 ) ) ;
#3306 = CARTESIAN_POINT ( 'NONE',  ( -1.006430356250000324, -0.4156249993854843061, -0.5810628371015467142 ) ) ;
#3307 = CARTESIAN_POINT ( 'NONE',  ( 0.000000000000000000, 14.50000000000000000, -2.250000000000000000 ) ) ;
#3308 = VERTEX_POINT ( 'NONE', #2832 ) ;
#3309 = VECTOR ( 'NONE', #1994, 1000.000000000000000 ) ;
#3310 = EDGE_CURVE ( 'NONE', #3207, #5710, #3768, .T. ) ;
#3311 = CARTESIAN_POINT ( 'NONE',  ( 2.236935443431609674E-15, 7.693750001229031632, 1.249999999999999556 ) ) ;
#3312 = CARTESIAN_POINT ( 'NONE',  ( -0.6249999999999993339, 1.599999999999998535, -1.082531754730547968 ) ) ;
#3313 = CARTESIAN_POINT ( 'NONE',  ( 1.743066579297358255E-16, 3.362499999999998934, -1.249999999999999112 ) ) ;
#3314 = CARTESIAN_POINT ( 'NONE',  ( -0.5032151781249986078, 9.146875000614514306, 0.8715942556523228468 ) ) ;
#3315 = CARTESIAN_POINT ( 'NONE',  ( 1.006430356249998104, 11.13437500061451502, -0.5810628371015496008 ) ) ;
#3316 = ORIENTED_EDGE ( 'NONE', *, *, #179, .T. ) ;
#3317 = CARTESIAN_POINT ( 'NONE',  ( -0.5032151781249993849, 3.409375000614515372, 0.8715942556523227358 ) ) ;
#3318 = ADVANCED_FACE ( 'NONE', ( #3304 ), #5870, .T. ) ;
#3319 = CARTESIAN_POINT ( 'NONE',  ( 9.204127980810867663E-16, 11.09687500061451360, 1.162125674203096537 ) ) ;
#3320 = CARTESIAN_POINT ( 'NONE',  ( 1.006430356249998770, 4.946875000614515017, -0.5810628371015489346 ) ) ;
#3321 = CARTESIAN_POINT ( 'NONE',  ( -1.006430356249998548, 9.109375000614512885, 0.5810628371015494897 ) ) ;
#3322 = CARTESIAN_POINT ( 'NONE',  ( 5.854691731421723944E-15, 13.11428571428571388, 0.8247860988423202366 ) ) ;
#3323 = CARTESIAN_POINT ( 'NONE',  ( -1.969845607676301195E-15, 0.4093750006145155940, -1.162125674203096093 ) ) ;
#3324 = ORIENTED_EDGE ( 'NONE', *, *, #6002, .F. ) ;
#3325 = EDGE_LOOP ( 'NONE', ( #3685, #3201, #1104, #4835 ) ) ;
#3326 = FACE_OUTER_BOUND ( 'NONE', #996, .T. ) ;
#3327 = CARTESIAN_POINT ( 'NONE',  ( -1.006430356249998548, 1.909375000614515594, 0.5810628371015494897 ) ) ;
#3328 = CARTESIAN_POINT ( 'NONE',  ( 1.249999999999999556, 5.987499999999998046, -0.7216878364870316087 ) ) ;
#3329 = CARTESIAN_POINT ( 'NONE',  ( -0.6249999999999978906, 1.806250001229032565, 1.082531754730548856 ) ) ;
#3330 = CARTESIAN_POINT ( 'NONE',  ( 1.249999999999999334, 6.006250001229032520, -2.749541545756668106E-15 ) ) ;
#3331 = CARTESIAN_POINT ( 'NONE',  ( -1.006430356250000324, 4.984375000614515550, -0.5810628371015467142 ) ) ;
#3332 = CARTESIAN_POINT ( 'NONE',  ( 0.5032151781249990519, 6.334375000614515194, -0.8715942556523228468 ) ) ;
#3333 = CARTESIAN_POINT ( 'NONE',  ( -0.3339777695962168336, 12.00000000000000888, 1.016142636213161810 ) ) ;
#3334 = CARTESIAN_POINT ( 'NONE',  ( 0.9999999999999993339, 13.40000000000000036, -0.5773502691896267303 ) ) ;
#3335 = CARTESIAN_POINT ( 'NONE',  ( -1.249999999999999112, 5.237499999999998046, -0.7216878364870322748 ) ) ;
#3336 = CARTESIAN_POINT ( 'NONE',  ( 0.3349364905389026204, 2.257596189432332423, 1.249999999999999556 ) ) ;
#3337 = CARTESIAN_POINT ( 'NONE',  ( 0.3349364905389005664, 6.998653811796698321, -1.250000000000000000 ) ) ;
#3338 = EDGE_LOOP ( 'NONE', ( #3692, #2850, #1912, #2171 ) ) ;
#3339 = CARTESIAN_POINT ( 'NONE',  ( 0.6249999999999987788, 8.124999999999996447, 1.082531754730548412 ) ) ;
#3340 = CARTESIAN_POINT ( 'NONE',  ( 1.249999999999999334, 2.349999999999998312, 0.000000000000000000 ) ) ;
#3341 = DIRECTION ( 'NONE',  ( -0.000000000000000000, -1.000000000000000000, -0.000000000000000000 ) ) ;
#3342 = CARTESIAN_POINT ( 'NONE',  ( -1.006430356249998548, 10.00937500061451502, 0.5810628371015493787 ) ) ;
#3343 = CARTESIAN_POINT ( 'NONE',  ( -1.006430356250000324, 11.73437500061451466, -0.5810628371015467142 ) ) ;
#3344 = EDGE_CURVE ( 'NONE', #5622, #865, #3962, .T. ) ;
#3345 = VERTEX_POINT ( 'NONE', #2954 ) ;
#3346 = CARTESIAN_POINT ( 'NONE',  ( -0.5032151781250003841, 3.259375000614515461, -0.8715942556523218476 ) ) ;
#3347 = CARTESIAN_POINT ( 'NONE',  ( -0.5032151781249993849, 11.95937500061451253, 0.8715942556523227358 ) ) ;
#3348 = CARTESIAN_POINT ( 'NONE',  ( 1.006430356249999658, 7.159375000614515372, -9.819791222584817478E-16 ) ) ;
#3349 = CARTESIAN_POINT ( 'NONE',  ( 1.006430356249998326, 9.784375000614515372, -0.5810628371015497118 ) ) ;
#3350 = CARTESIAN_POINT ( 'NONE',  ( 0.6249999999999974465, 2.931250001229032343, -1.082531754730548856 ) ) ;
#3351 = CARTESIAN_POINT ( 'NONE',  ( 1.250000000000000444, 6.418750001229033053, 0.7216878364870297213 ) ) ;
#3352 = CARTESIAN_POINT ( 'NONE',  ( -0.5032151781250009392, 3.146875000614515638, -0.8715942556523212925 ) ) ;
#3353 = AXIS2_PLACEMENT_3D ( 'NONE', #4438, #1481, #1930 ) ;
#3354 = ORIENTED_EDGE ( 'NONE', *, *, #3709, .F. ) ;
#3355 =( BOUNDED_CURVE ( )  B_SPLINE_CURVE ( 2, ( #2089, #4028, #5944, #190, #3590, #2958, #4881, #545, #5851 ),
 .UNSPECIFIED., .F., .T. ) 
 B_SPLINE_CURVE_WITH_KNOTS ( ( 3, 2, 2, 2, 3 ),
 ( 0.2338709677419354704, 0.2365591397849462485, 0.2419354838709677491, 0.2473118279569892497, 0.2500000000000000000 ),
 .UNSPECIFIED. ) 
 CURVE ( )  GEOMETRIC_REPRESENTATION_ITEM ( )  RATIONAL_B_SPLINE_CURVE ( ( 0.9330127018922192983, 0.9330127018922189652, 1.000000000000000000, 0.8660254037844387076, 1.000000000000000000, 0.8660254037844387076, 1.000000000000000000, 0.9330127018922194093, 0.9330127018922194093 ) ) 
 REPRESENTATION_ITEM ( '' )  );
#3356 = ORIENTED_EDGE ( 'NONE', *, *, #5054, .F. ) ;
#3357 = CARTESIAN_POINT ( 'NONE',  ( -1.006430356249998992, 0.2218750006145156772, 0.5810628371015487126 ) ) ;
#3358 = CARTESIAN_POINT ( 'NONE',  ( -0.5032151781249986078, 2.396875000614515194, 0.8715942556523228468 ) ) ;
#3359 = CARTESIAN_POINT ( 'NONE',  ( -2.651438096812265438E-16, 7.187499999999999112, 1.443375672974063439 ) ) ;
#3360 = DIRECTION ( 'NONE',  ( -0.000000000000000000, -1.000000000000000000, -0.000000000000000000 ) ) ;
#3361 = CARTESIAN_POINT ( 'NONE',  ( -1.249999999999999334, 8.931250001229033231, 2.596460695863248776E-15 ) ) ;
#3362 = CARTESIAN_POINT ( 'NONE',  ( -1.006430356250000324, 5.884375000614515017, -0.5810628371015467142 ) ) ;
#3363 = EDGE_CURVE ( 'NONE', #3025, #373, #4657, .T. ) ;
#3364 = CARTESIAN_POINT ( 'NONE',  ( -1.006430356249999658, 7.384375000614515017, 8.587269508238526152E-16 ) ) ;
#3365 = CARTESIAN_POINT ( 'NONE',  ( -0.3349364905389008995, 10.37365381179669832, 1.250000000000000000 ) ) ;
#3366 = CARTESIAN_POINT ( 'NONE',  ( -0.6250000000000017764, 4.806250001229032343, -1.082531754730546636 ) ) ;
#3367 = DIRECTION ( 'NONE',  ( 0.000000000000000000, 0.000000000000000000, -1.000000000000000000 ) ) ;
#3368 = CARTESIAN_POINT ( 'NONE',  ( -0.6249999999999978906, 10.80625000122903145, 1.082531754730548856 ) ) ;
#3369 =( BOUNDED_CURVE ( )  B_SPLINE_CURVE ( 2, ( #4967, #1538, #1095, #3488, #684, #5407, #152, #2564, #4020 ),
 .UNSPECIFIED., .F., .T. ) 
 B_SPLINE_CURVE_WITH_KNOTS ( ( 3, 2, 2, 2, 3 ),
 ( 0.2822580645161290591, 0.2849462365591398094, 0.2903225806451613100, 0.2956989247311828106, 0.2983870967741935609 ),
 .UNSPECIFIED. ) 
 CURVE ( )  GEOMETRIC_REPRESENTATION_ITEM ( )  RATIONAL_B_SPLINE_CURVE ( ( 0.9330127018922194093, 0.9330127018922200755, 1.000000000000000000, 0.8660254037844387076, 1.000000000000000000, 0.8660254037844387076, 1.000000000000000000, 0.9330127018922194093, 0.9330127018922194093 ) ) 
 REPRESENTATION_ITEM ( '' )  );
#3370 = CARTESIAN_POINT ( 'NONE',  ( 2.236935443431609674E-15, 6.793750001229031277, 1.249999999999999556 ) ) ;
#3371 = VERTEX_POINT ( 'NONE', #5380 ) ;
#3372 = CARTESIAN_POINT ( 'NONE',  ( 0.000000000000000000, 12.00000000000000000, 0.000000000000000000 ) ) ;
#3373 = CARTESIAN_POINT ( 'NONE',  ( -1.249999999999999334, 1.637499999999998845, -0.7216878364870322748 ) ) ;
#3374 = CARTESIAN_POINT ( 'NONE',  ( 1.249999999999999334, 5.949999999999997513, 0.000000000000000000 ) ) ;
#3375 = CARTESIAN_POINT ( 'NONE',  ( -1.006430356249999436, 10.87187500061451395, 1.644310252063557226E-15 ) ) ;
#3376 = CARTESIAN_POINT ( 'NONE',  ( 1.006430356249999436, 12.44687500061451324, -1.767562423498186358E-15 ) ) ;
#3377 = ORIENTED_EDGE ( 'NONE', *, *, #3674, .T. ) ;
#3378 = CARTESIAN_POINT ( 'NONE',  ( -1.006430356249999214, 3.371875000614515283, 0.5810628371015488236 ) ) ;
#3379 = CARTESIAN_POINT ( 'NONE',  ( -1.006430356249998992, 12.82187500061451502, 0.5810628371015487126 ) ) ;
#3380 = CARTESIAN_POINT ( 'NONE',  ( -0.5032151781250003841, 8.659375000614515372, -0.8715942556523218476 ) ) ;
#3381 = CARTESIAN_POINT ( 'NONE',  ( 0.5032151781249982747, 10.27187500061451253, -0.8715942556523229579 ) ) ;
#3382 = CARTESIAN_POINT ( 'NONE',  ( -0.7236689573151250388, 0.4500000000000000111, 1.019216974063148262 ) ) ;
#3383 = CARTESIAN_POINT ( 'NONE',  ( -2.614599868946037210E-15, 7.918750001229033053, -1.249999999999999334 ) ) ;
#3384 = CARTESIAN_POINT ( 'NONE',  ( 1.006430356249998104, 3.034375000614516260, -0.5810628371015496008 ) ) ;
#3385 = EDGE_LOOP ( 'NONE', ( #197, #2338, #4795, #902 ) ) ;
#3386 = ORIENTED_EDGE ( 'NONE', *, *, #5394, .T. ) ;
#3387 = CARTESIAN_POINT ( 'NONE',  ( 0.5032151781249999400, -0.1156249993854843450, 0.8715942556523221807 ) ) ;
#3388 = EDGE_CURVE ( 'NONE', #108, #3885, #5336, .T. ) ;
#3389 = CARTESIAN_POINT ( 'NONE',  ( 1.006430356249999880, 2.059375000614515727, 0.5810628371015468252 ) ) ;
#3390 = CARTESIAN_POINT ( 'NONE',  ( -0.6249999999999993339, 8.349999999999996092, -1.082531754730547968 ) ) ;
#3391 = DIRECTION ( 'NONE',  ( -0.000000000000000000, -1.000000000000000000, -0.000000000000000000 ) ) ;
#3392 = CARTESIAN_POINT ( 'NONE',  ( -1.249999999999999334, 8.481250001229033941, 2.596460695863248776E-15 ) ) ;
#3393 = CARTESIAN_POINT ( 'NONE',  ( 0.5032151781249982747, 6.221875000614515372, -0.8715942556523229579 ) ) ;
#3394 =( BOUNDED_CURVE ( )  B_SPLINE_CURVE ( 2, ( #4958, #1689, #4606, #706, #2135, #617, #201, #5898, #3634 ),
 .UNSPECIFIED., .F., .F. ) 
 B_SPLINE_CURVE_WITH_KNOTS ( ( 3, 2, 2, 2, 3 ),
 ( 0.2500000000000000000, 0.2526881720430107503, 0.2580645161290322509, 0.2634408602150537515, 0.2661290322580645018 ),
 .UNSPECIFIED. ) 
 CURVE ( )  GEOMETRIC_REPRESENTATION_ITEM ( )  RATIONAL_B_SPLINE_CURVE ( ( 0.9330127018922194093, 0.9330127018922194093, 1.000000000000000000, 0.8660254037844387076, 1.000000000000000000, 0.8660254037844387076, 1.000000000000000000, 0.9330127018922194093, 0.9330127018922194093 ) ) 
 REPRESENTATION_ITEM ( '' )  );
#3395 = CARTESIAN_POINT ( 'NONE',  ( 9.204127980810867663E-16, 6.596875000614514484, 1.162125674203096537 ) ) ;
#3396 = CARTESIAN_POINT ( 'NONE',  ( -0.6249999999999993339, 4.749999999999998224, -1.082531754730547968 ) ) ;
#3397 = CARTESIAN_POINT ( 'NONE',  ( 0.6249999999999987788, 4.074999999999998401, 1.082531754730548412 ) ) ;
#3398 = CYLINDRICAL_SURFACE ( 'NONE', #274, 1.249999999999999334 ) ;
#3399 = CARTESIAN_POINT ( 'NONE',  ( 1.006430356249998104, -0.5656249993854841618, -0.5810628371015496008 ) ) ;
#3400 = CARTESIAN_POINT ( 'NONE',  ( -0.4552239887390107098, 0.1212081845193270641, 0.9621871962405564860 ) ) ;
#3401 = ORIENTED_EDGE ( 'NONE', *, *, #859, .F. ) ;
#3402 = CARTESIAN_POINT ( 'NONE',  ( -0.3431750250518246781, 12.00000000000000000, -1.186888791386139230 ) ) ;
#3403 =( BOUNDED_CURVE ( )  B_SPLINE_CURVE ( 2, ( #126, #1574, #3524, #5442, #1101, #3051, #629, #2569, #157 ),
 .UNSPECIFIED., .F., .T. ) 
 B_SPLINE_CURVE_WITH_KNOTS ( ( 3, 2, 2, 2, 3 ),
 ( 0.6693548387096773800, 0.6720430107526881303, 0.6774193548387096309, 0.6827956989247311315, 0.6854838709677418818 ),
 .UNSPECIFIED. ) 
 CURVE ( )  GEOMETRIC_REPRESENTATION_ITEM ( )  RATIONAL_B_SPLINE_CURVE ( ( 0.9330127018922194093, 0.9330127018922194093, 1.000000000000000000, 0.8660254037844387076, 1.000000000000000000, 0.8660254037844387076, 1.000000000000000000, 0.9330127018922207416, 0.9330127018922194093 ) ) 
 REPRESENTATION_ITEM ( '' )  );
#3404 = CARTESIAN_POINT ( 'NONE',  ( -0.6250000000000002220, 0.3999999999999986899, 1.082531754730547746 ) ) ;
#3405 = CARTESIAN_POINT ( 'NONE',  ( 0.000000000000000000, 12.00000000000000000, 0.000000000000000000 ) ) ;
#3406 = CARTESIAN_POINT ( 'NONE',  ( -1.006430356250000324, 9.034375000614513596, -0.5810628371015467142 ) ) ;
#3407 = CARTESIAN_POINT ( 'NONE',  ( -0.5032151781249993849, -0.6406249993854843394, 0.8715942556523227358 ) ) ;
#3408 = ORIENTED_EDGE ( 'NONE', *, *, #4090, .F. ) ;
#3409 = AXIS2_PLACEMENT_3D ( 'NONE', #4899, #2334, #6238 ) ;
#3410 = CARTESIAN_POINT ( 'NONE',  ( -1.062732146793064886E-15, 5.021875000614514306, -1.162125674203096537 ) ) ;
#3411 = CARTESIAN_POINT ( 'NONE',  ( -1.062732146793064886E-15, 12.67187500061451466, -1.162125674203096537 ) ) ;
#3412 = CARTESIAN_POINT ( 'NONE',  ( 1.006430356249999658, 8.471875000614515372, 0.5810628371015478244 ) ) ;
#3413 = CARTESIAN_POINT ( 'NONE',  ( 0.5032151781250004952, 10.57187500061451324, 0.8715942556523216256 ) ) ;
#3414 = CARTESIAN_POINT ( 'NONE',  ( -0.9255125811751596654, 0.3594800497040923082, -0.8021501518621145799 ) ) ;
#3415 = DIRECTION ( 'NONE',  ( -0.8660254037844389297, 0.000000000000000000, 0.4999999999999995559 ) ) ;
#3416 = CARTESIAN_POINT ( 'NONE',  ( 1.827526258964323273E-15, 1.534375000614515816, 1.162125674203096093 ) ) ;
#3417 = CARTESIAN_POINT ( 'NONE',  ( 1.006430356249999658, 10.30937500061451395, -9.819791222584819450E-16 ) ) ;
#3418 = DIRECTION ( 'NONE',  ( 3.380207847158600868E-15, 0.000000000000000000, 1.000000000000000000 ) ) ;
#3419 = ORIENTED_EDGE ( 'NONE', *, *, #4082, .F. ) ;
#3420 = CARTESIAN_POINT ( 'NONE',  ( 0.5032151781249999400, 1.234375000614515550, 0.8715942556523221807 ) ) ;
#3421 = CARTESIAN_POINT ( 'NONE',  ( -1.006430356249999436, 2.321875000614515461, 1.644310252063557226E-15 ) ) ;
#3422 = CARTESIAN_POINT ( 'NONE',  ( -2.651438096812265438E-16, 8.087499999999996803, 1.443375672974063439 ) ) ;
#3423 = CARTESIAN_POINT ( 'NONE',  ( -0.3349364905389057290, 11.08884619066136779, -1.249999999999998668 ) ) ;
#3424 = CARTESIAN_POINT ( 'NONE',  ( 2.909753293500117656E-15, 9.943750001229032520, 1.443375672974063439 ) ) ;
#3425 = CARTESIAN_POINT ( 'NONE',  ( 1.006430356249999880, 6.109375000614515550, 0.5810628371015469362 ) ) ;
#3426 = VECTOR ( 'NONE', #441, 1000.000000000000000 ) ;
#3427 = ADVANCED_FACE ( 'NONE', ( #5819 ), #2476, .T. ) ;
#3428 = CARTESIAN_POINT ( 'NONE',  ( -0.5032151781249993849, 7.459375000614515194, 0.8715942556523227358 ) ) ;
#3429 = CARTESIAN_POINT ( 'NONE',  ( 0.3349364905389026204, 7.657596189432331890, 1.249999999999999556 ) ) ;
#3430 = CARTESIAN_POINT ( 'NONE',  ( 1.250000000000000444, 1.918750001229032831, 0.7216878364870297213 ) ) ;
#3431 = CARTESIAN_POINT ( 'NONE',  ( -4.938688641342514686E-16, 8.537499999999996092, 1.249999999999999334 ) ) ;
#3432 = CARTESIAN_POINT ( 'NONE',  ( 0.6249999999999974465, 6.981250001229033053, -1.082531754730548856 ) ) ;
#3433 = EDGE_CURVE ( 'NONE', #4268, #387, #1602, .T. ) ;
#3434 = ORIENTED_EDGE ( 'NONE', *, *, #2623, .F. ) ;
#3435 = CYLINDRICAL_SURFACE ( 'NONE', #1105, 2.250000000000000000 ) ;
#3436 = CARTESIAN_POINT ( 'NONE',  ( -1.249999999999999334, 2.574999999999998401, -1.530808498934190831E-16 ) ) ;
#3437 = CARTESIAN_POINT ( 'NONE',  ( -0.6250000000000017764, 3.456250001229032698, -1.082531754730546636 ) ) ;
#3438 = DIRECTION ( 'NONE',  ( 0.000000000000000000, 0.000000000000000000, -1.000000000000000000 ) ) ;
#3439 = CARTESIAN_POINT ( 'NONE',  ( 1.006430356249998104, 9.784375000614515372, -0.5810628371015496008 ) ) ;
#3440 = CARTESIAN_POINT ( 'NONE',  ( -1.062732146793064886E-15, -0.8281249993854842284, -1.162125674203096537 ) ) ;
#3441 = ADVANCED_FACE ( 'NONE', ( #913 ), #2991, .T. ) ;
#3442 = ORIENTED_EDGE ( 'NONE', *, *, #673, .T. ) ;
#3443 = CARTESIAN_POINT ( 'NONE',  ( -1.006430356249999658, 6.934375000614515727, 8.587269508238526152E-16 ) ) ;
#3444 = CARTESIAN_POINT ( 'NONE',  ( -1.149999999999996803, 14.50000000000000000, -0.6639528095680685693 ) ) ;
#3445 = CARTESIAN_POINT ( 'NONE',  ( 0.5032151781249990519, 7.234375000614515550, -0.8715942556523228468 ) ) ;
#3446 = DIRECTION ( 'NONE',  ( 0.000000000000000000, 0.000000000000000000, -1.000000000000000000 ) ) ;
#3447 = CARTESIAN_POINT ( 'NONE',  ( 0.3349364905389032865, 1.092403810567664557, -1.249999999999999112 ) ) ;
#3448 = FACE_OUTER_BOUND ( 'NONE', #733, .T. ) ;
#3449 = CARTESIAN_POINT ( 'NONE',  ( -1.006430356250000324, 3.184375000614515727, -0.5810628371015467142 ) ) ;
#3450 = CARTESIAN_POINT ( 'NONE',  ( 0.5032151781249999400, 11.13437500061451324, 0.8715942556523221807 ) ) ;
#3451 = CARTESIAN_POINT ( 'NONE',  ( 0.8499999999999980904, 13.25000000000000000, -8.938771862486056842E-15 ) ) ;
#3452 = CARTESIAN_POINT ( 'NONE',  ( 0.5032151781249990519, 0.4843750006145156051, -0.8715942556523228468 ) ) ;
#3453 = CARTESIAN_POINT ( 'NONE',  ( -1.006430356250000102, 2.734375000614515550, -0.5810628371015466032 ) ) ;
#3454 = CARTESIAN_POINT ( 'NONE',  ( -1.249999999999999334, 7.487499999999999822, -0.7216878364870322748 ) ) ;
#3455 = CYLINDRICAL_SURFACE ( 'NONE', #1287, 1.249999999999999334 ) ;
#3456 = CARTESIAN_POINT ( 'NONE',  ( 1.249999999999998002, 10.09375000122903288, -0.7216878364870344953 ) ) ;
#3457 = CARTESIAN_POINT ( 'NONE',  ( 1.006430356249998104, 7.534375000614516260, -0.5810628371015496008 ) ) ;
#3458 = CARTESIAN_POINT ( 'NONE',  ( 0.5032151781249999400, 5.734375000614515550, 0.8715942556523221807 ) ) ;
#3459 = CARTESIAN_POINT ( 'NONE',  ( -4.938688641342514686E-16, 7.637499999999997513, 1.249999999999999334 ) ) ;
#3460 = CARTESIAN_POINT ( 'NONE',  ( 0.8948846942869699284, 0.2668332481763943664, -0.7279894207350066093 ) ) ;
#3461 = FACE_OUTER_BOUND ( 'NONE', #5107, .T. ) ;
#3462 = CARTESIAN_POINT ( 'NONE',  ( 0.5032151781249982747, 2.171875000614515550, -0.8715942556523229579 ) ) ;
#3463 = AXIS2_PLACEMENT_3D ( 'NONE', #4015, #2111, #4488 ) ;
#3464 = PLANE ( 'NONE',  #4031 ) ;
#3465 = ORIENTED_EDGE ( 'NONE', *, *, #783, .T. ) ;
#3466 = CARTESIAN_POINT ( 'NONE',  ( 0.6912743086136284854, 11.99999999999999467, -0.8948628639091339432 ) ) ;
#3467 = CARTESIAN_POINT ( 'NONE',  ( -1.249999999999999334, 4.374999999999999112, -1.530808498934190831E-16 ) ) ;
#3468 = EDGE_CURVE ( 'NONE', #4948, #5549, #1388, .T. ) ;
#3469 = CARTESIAN_POINT ( 'NONE',  ( 1.249999999999999334, 5.556250001229032343, -2.749541545756668106E-15 ) ) ;
#3470 = CARTESIAN_POINT ( 'NONE',  ( -0.3349364905389057290, 4.338846190661366009, -1.249999999999998668 ) ) ;
#3471 = CARTESIAN_POINT ( 'NONE',  ( 0.5032151781250004952, 12.37187500061451395, 0.8715942556523216256 ) ) ;
#3472 = CARTESIAN_POINT ( 'NONE',  ( 1.006430356249998770, -0.9031249993854841840, -0.5810628371015489346 ) ) ;
#3473 = VERTEX_POINT ( 'NONE', #2860 ) ;
#3474 = CARTESIAN_POINT ( 'NONE',  ( -0.5032151781249993849, 5.209375000614515194, 0.8715942556523227358 ) ) ;
#3475 = CARTESIAN_POINT ( 'NONE',  ( -1.006430356249999880, 12.74687500061451217, -0.5810628371015476024 ) ) ;
#3476 = CARTESIAN_POINT ( 'NONE',  ( 1.006430356249999658, 7.571875000614515017, 0.5810628371015478244 ) ) ;
#3477 = EDGE_CURVE ( 'NONE', #5392, #5710, #3863, .T. ) ;
#3478 = CARTESIAN_POINT ( 'NONE',  ( -4.938688641342514686E-16, 9.887499999999997513, 1.249999999999999334 ) ) ;
#3479 = CARTESIAN_POINT ( 'NONE',  ( -0.3349364905388993452, 8.388846190661364943, -1.250000000000002442 ) ) ;
#3480 = CARTESIAN_POINT ( 'NONE',  ( 1.249999999999999334, 1.056250001229032787, -2.749541545756668106E-15 ) ) ;
#3481 = CARTESIAN_POINT ( 'NONE',  ( -0.5032151781250009392, 2.696875000614515905, -0.8715942556523212925 ) ) ;
#3482 = CARTESIAN_POINT ( 'NONE',  ( -1.006430356249999880, 10.94687500061451324, -0.5810628371015474913 ) ) ;
#3483 = CARTESIAN_POINT ( 'NONE',  ( 1.249999999999999334, 3.306250001229032787, -2.749541545756668106E-15 ) ) ;
#3484 = ORIENTED_EDGE ( 'NONE', *, *, #2065, .F. ) ;
#3485 = CARTESIAN_POINT ( 'NONE',  ( -0.5032151781250003841, 1.009375000614515683, -0.8715942556523218476 ) ) ;
#3486 = CARTESIAN_POINT ( 'NONE',  ( -0.5032151781250009392, 5.396875000614515194, -0.8715942556523212925 ) ) ;
#3487 = CARTESIAN_POINT ( 'NONE',  ( 0.6249999999999987788, 8.574999999999999289, 1.082531754730548412 ) ) ;
#3488 = CARTESIAN_POINT ( 'NONE',  ( 1.249999999999999112, 3.212499999999998135, 0.7216878364870324969 ) ) ;
#3489 = CARTESIAN_POINT ( 'NONE',  ( 1.250000000000000444, 8.218750001229031099, 0.7216878364870298324 ) ) ;
#3490 = CARTESIAN_POINT ( 'NONE',  ( 1.006430356249998770, 8.096875000614515372, -0.5810628371015489346 ) ) ;
#3491 = CARTESIAN_POINT ( 'NONE',  ( 0.6249999999999974465, 10.13125000122903252, -1.082531754730548856 ) ) ;
#3492 = CARTESIAN_POINT ( 'NONE',  ( 1.249999999999999334, 11.40625000122903110, -2.749541545756668106E-15 ) ) ;
#3493 = CARTESIAN_POINT ( 'NONE',  ( 2.236935443431609674E-15, 6.793750001229031277, 1.249999999999999556 ) ) ;
#3494 = CARTESIAN_POINT ( 'NONE',  ( -1.006430356249999436, 0.5218750006145156384, 1.644310252063557226E-15 ) ) ;
#3495 = CARTESIAN_POINT ( 'NONE',  ( -3.569075380924708916E-16, 13.40000000000000036, 1.154700538379252128 ) ) ;
#3496 = VERTEX_POINT ( 'NONE', #5032 ) ;
#3497 = CARTESIAN_POINT ( 'NONE',  ( 9.204127980810867663E-16, 2.096875000614515372, 1.162125674203096537 ) ) ;
#3498 = DIRECTION ( 'NONE',  ( -0.000000000000000000, -1.000000000000000000, -0.000000000000000000 ) ) ;
#3499 = CARTESIAN_POINT ( 'NONE',  ( -1.249999999999999778, 4.862499999999998046, 0.7216878364870313867 ) ) ;
#3500 = CARTESIAN_POINT ( 'NONE',  ( 1.250000000000000444, 4.168750001229032165, 0.7216878364870298324 ) ) ;
#3501 = PLANE ( 'NONE',  #5664 ) ;
#3502 = CARTESIAN_POINT ( 'NONE',  ( -1.006430356249998548, 11.80937500061451395, 0.5810628371015493787 ) ) ;
#3503 = ORIENTED_EDGE ( 'NONE', *, *, #2214, .T. ) ;
#3504 = EDGE_CURVE ( 'NONE', #2498, #5223, #4363, .T. ) ;
#3505 = CARTESIAN_POINT ( 'NONE',  ( -0.5032151781249993849, 5.659375000614514484, 0.8715942556523227358 ) ) ;
#3506 = CARTESIAN_POINT ( 'NONE',  ( 0.5032151781249999400, 12.48437500061451466, 0.8715942556523221807 ) ) ;
#3507 = CARTESIAN_POINT ( 'NONE',  ( 0.5032151781249990519, 10.38437500061451324, -0.8715942556523228468 ) ) ;
#3508 = CARTESIAN_POINT ( 'NONE',  ( 0.5826578956285143329, 0.02812500184355281457, -0.8206167428484825166 ) ) ;
#3509 = CARTESIAN_POINT ( 'NONE',  ( 2.909753293500117656E-15, -0.4062499987709671245, 1.443375672974063439 ) ) ;
#3510 = CARTESIAN_POINT ( 'NONE',  ( 1.827526258964323273E-15, 6.034375000614515372, 1.162125674203096093 ) ) ;
#3511 = CARTESIAN_POINT ( 'NONE',  ( -1.062732146793064886E-15, 10.87187500061451750, -1.162125674203096537 ) ) ;
#3512 = ADVANCED_FACE ( 'NONE', ( #5971 ), #1099, .T. ) ;
#3513 = CARTESIAN_POINT ( 'NONE',  ( 0.5032151781249990519, 0.03437500061451571887, -0.8715942556523228468 ) ) ;
#3514 = VECTOR ( 'NONE', #2739, 1000.000000000000000 ) ;
#3515 = CARTESIAN_POINT ( 'NONE',  ( 1.006430356249999658, 2.171875000614515550, 0.5810628371015478244 ) ) ;
#3516 = CARTESIAN_POINT ( 'NONE',  ( -1.006430356250000102, 4.084375000614516082, -0.5810628371015466032 ) ) ;
#3517 = CARTESIAN_POINT ( 'NONE',  ( 1.249999999999999334, 7.749999999999997335, 0.000000000000000000 ) ) ;
#3518 = LINE ( 'NONE', #4583, #6116 ) ;
#3519 = CARTESIAN_POINT ( 'NONE',  ( -1.249999999999998224, 12.11875000122903145, 0.7216878364870340512 ) ) ;
#3520 = CARTESIAN_POINT ( 'NONE',  ( -1.062732146793064886E-15, 8.171875000614512885, -1.162125674203096537 ) ) ;
#3521 = CARTESIAN_POINT ( 'NONE',  ( 2.236935443431609674E-15, 4.543750001229032165, 1.249999999999999556 ) ) ;
#3522 = CARTESIAN_POINT ( 'NONE',  ( -0.6249999999999978906, 3.156250001229032875, 1.082531754730548856 ) ) ;
#3523 = CIRCLE ( 'NONE', #782, 2.100000000000000089 ) ;
#3524 = CARTESIAN_POINT ( 'NONE',  ( 0.6250000000000012212, 8.181250001229031454, 1.082531754730547080 ) ) ;
#3525 = CARTESIAN_POINT ( 'NONE',  ( 0.5032151781250004952, 1.121875000614515727, 0.8715942556523216256 ) ) ;
#3526 = CARTESIAN_POINT ( 'NONE',  ( 0.000000000000000000, 0.000000000000000000, 0.000000000000000000 ) ) ;
#3527 = ORIENTED_EDGE ( 'NONE', *, *, #4170, .F. ) ;
#3528 = CARTESIAN_POINT ( 'NONE',  ( -0.5032151781250003841, 1.009375000614515683, -0.8715942556523218476 ) ) ;
#3529 = AXIS2_PLACEMENT_3D ( 'NONE', #3024, #1546, #69 ) ;
#3530 = CYLINDRICAL_SURFACE ( 'NONE', #5988, 1.249999999999999334 ) ;
#3531 = CARTESIAN_POINT ( 'NONE',  ( 8.838126989374219771E-17, 4.712499999999997691, -1.443375672974063439 ) ) ;
#3532 = CARTESIAN_POINT ( 'NONE',  ( 0.6250000000000012212, 3.231250001229032165, 1.082531754730547080 ) ) ;
#3533 = LINE ( 'NONE', #638, #4577 ) ;
#3534 = CARTESIAN_POINT ( 'NONE',  ( 1.006430356249998104, 11.13437500061451502, -0.5810628371015496008 ) ) ;
#3535 = ORIENTED_EDGE ( 'NONE', *, *, #2312, .T. ) ;
#3536 = CARTESIAN_POINT ( 'NONE',  ( -0.5032151781249993849, 6.559375000614515727, 0.8715942556523227358 ) ) ;
#3537 = LINE ( 'NONE', #2165, #6152 ) ;
#3538 = CARTESIAN_POINT ( 'NONE',  ( -0.5032151781249993849, 9.709375000614514306, 0.8715942556523227358 ) ) ;
#3539 = CARTESIAN_POINT ( 'NONE',  ( 2.236935443431609674E-15, 7.693750001229031632, 1.249999999999999556 ) ) ;
#3540 = EDGE_CURVE ( 'NONE', #3817, #465, #2305, .T. ) ;
#3541 = CARTESIAN_POINT ( 'NONE',  ( 1.250000000000000444, -0.7812499987709671245, 0.7216878364870298324 ) ) ;
#3542 = CARTESIAN_POINT ( 'NONE',  ( 1.006430356249998104, 5.284375000614515372, -0.5810628371015496008 ) ) ;
#3543 = CARTESIAN_POINT ( 'NONE',  ( 0.5032151781249990519, 11.73437500061451289, -0.8715942556523228468 ) ) ;
#3544 = CARTESIAN_POINT ( 'NONE',  ( 2.236935443431609674E-15, 3.193750001229032520, 1.249999999999999556 ) ) ;
#3545 = CARTESIAN_POINT ( 'NONE',  ( 0.5032151781249999400, 3.034375000614514928, 0.8715942556523221807 ) ) ;
#3546 = CARTESIAN_POINT ( 'NONE',  ( -1.006430356249999436, 5.021875000614516082, 1.644310252063557226E-15 ) ) ;
#3547 = CARTESIAN_POINT ( 'NONE',  ( 0.6249999999999987788, 10.37499999999999822, 1.082531754730548412 ) ) ;
#3548 = EDGE_CURVE ( 'NONE', #5044, #5644, #2553, .T. ) ;
#3549 = CARTESIAN_POINT ( 'NONE',  ( -0.6249999999999993339, 1.149999999999998579, -1.082531754730547968 ) ) ;
#3550 = CARTESIAN_POINT ( 'NONE',  ( -1.249999999999998224, 11.21875000122903110, 0.7216878364870340512 ) ) ;
#3551 = VECTOR ( 'NONE', #797, 999.9999999999998863 ) ;
#3552 = CARTESIAN_POINT ( 'NONE',  ( -0.5032151781250003841, 8.209375000614512530, -0.8715942556523218476 ) ) ;
#3553 = FACE_OUTER_BOUND ( 'NONE', #279, .T. ) ;
#3554 = CARTESIAN_POINT ( 'NONE',  ( 0.6250000000000012212, 11.33125000122903181, 1.082531754730547080 ) ) ;
#3555 = EDGE_CURVE ( 'NONE', #2698, #2262, #4456, .T. ) ;
#3556 = CARTESIAN_POINT ( 'NONE',  ( -1.250000000000000444, 0.7937500012290327200, -0.7216878364870294993 ) ) ;
#3557 = CARTESIAN_POINT ( 'NONE',  ( 1.827526258964323273E-15, 0.1843750006145156717, 1.162125674203096093 ) ) ;
#3558 = CARTESIAN_POINT ( 'NONE',  ( 1.530808498934190831E-16, 12.00000000000000000, 1.249999999999999334 ) ) ;
#3559 = AXIS2_PLACEMENT_3D ( 'NONE', #4914, #96, #5727 ) ;
#3560 = VERTEX_POINT ( 'NONE', #3109 ) ;
#3561 = CARTESIAN_POINT ( 'NONE',  ( 1.006430356249999658, 0.8218750006145154607, 0.5810628371015478244 ) ) ;
#3562 = ORIENTED_EDGE ( 'NONE', *, *, #4430, .T. ) ;
#3563 = CARTESIAN_POINT ( 'NONE',  ( -0.6249999999999993339, 3.849999999999998312, -1.082531754730547968 ) ) ;
#3564 = CARTESIAN_POINT ( 'NONE',  ( -0.6250000000000002220, 2.649999999999998135, 1.082531754730547746 ) ) ;
#3565 = CARTESIAN_POINT ( 'NONE',  ( 2.909753293500117656E-15, 4.093750001229032875, 1.443375672974063439 ) ) ;
#3566 = DIRECTION ( 'NONE',  ( 0.000000000000000000, 0.000000000000000000, -1.000000000000000000 ) ) ;
#3567 = CARTESIAN_POINT ( 'NONE',  ( 1.006430356249999436, 12.44687500061451324, -1.767562423498186358E-15 ) ) ;
#3568 = EDGE_LOOP ( 'NONE', ( #1547, #257, #3272, #1163 ) ) ;
#3569 = CARTESIAN_POINT ( 'NONE',  ( 1.006430356249998992, 8.996875000614513951, -0.5810628371015489346 ) ) ;
#3570 = CARTESIAN_POINT ( 'NONE',  ( 2.162577587529268681E-16, 13.40000000000000036, -1.154700538379252128 ) ) ;
#3571 = CARTESIAN_POINT ( 'NONE',  ( -1.006430356249999658, 10.53437500061451360, 8.587269508238524180E-16 ) ) ;
#3572 = CARTESIAN_POINT ( 'NONE',  ( 2.236935443431609674E-15, 0.9437500012290327422, 1.249999999999999556 ) ) ;
#3573 = CARTESIAN_POINT ( 'NONE',  ( 1.250000000000000444, -0.3312499987709670579, 0.7216878364870298324 ) ) ;
#3574 = CARTESIAN_POINT ( 'NONE',  ( 1.006430356249998104, 4.384375000614515905, -0.5810628371015496008 ) ) ;
#3575 = CARTESIAN_POINT ( 'NONE',  ( 1.827526258964323273E-15, 8.284375000614513596, 1.162125674203096093 ) ) ;
#3576 = ORIENTED_EDGE ( 'NONE', *, *, #5923, .T. ) ;
#3577 = CARTESIAN_POINT ( 'NONE',  ( 1.006430356249999658, 0.8218750006145154607, 0.5810628371015478244 ) ) ;
#3578 = CARTESIAN_POINT ( 'NONE',  ( -0.5032151781250003841, 4.159375000614515372, -0.8715942556523218476 ) ) ;
#3579 = CARTESIAN_POINT ( 'NONE',  ( 0.5032151781250004952, 5.171875000614515550, 0.8715942556523216256 ) ) ;
#3580 = AXIS2_PLACEMENT_3D ( 'NONE', #1423, #5, #5417 ) ;
#3581 = CARTESIAN_POINT ( 'NONE',  ( 1.249999999999999334, 11.79999999999999716, 0.000000000000000000 ) ) ;
#3582 = DIRECTION ( 'NONE',  ( -0.000000000000000000, -1.000000000000000000, -0.000000000000000000 ) ) ;
#3583 = CARTESIAN_POINT ( 'NONE',  ( 1.249999999999999334, 11.40625000122903110, -2.749541545756668106E-15 ) ) ;
#3584 = ADVANCED_FACE ( 'NONE', ( #219 ), #2086, .F. ) ;
#3585 = CARTESIAN_POINT ( 'NONE',  ( -1.006430356249999880, 8.246875000614515727, -0.5810628371015476024 ) ) ;
#3586 = DIRECTION ( 'NONE',  ( 0.000000000000000000, 0.000000000000000000, -1.000000000000000000 ) ) ;
#3587 = CARTESIAN_POINT ( 'NONE',  ( 1.249999999999999112, 0.5124999999999986233, 0.7216878364870324969 ) ) ;
#3588 = PLANE ( 'NONE',  #4730 ) ;
#3589 = CARTESIAN_POINT ( 'NONE',  ( 1.006430356249999880, 1.609375000614515550, 0.5810628371015469362 ) ) ;
#3590 = CARTESIAN_POINT ( 'NONE',  ( -1.249999999999999334, 2.181250001229032343, 2.596460695863248776E-15 ) ) ;
#3591 = ORIENTED_EDGE ( 'NONE', *, *, #5583, .T. ) ;
#3592 = ADVANCED_FACE ( 'NONE', ( #156 ), #5063, .F. ) ;
#3593 = CARTESIAN_POINT ( 'NONE',  ( 0.5032151781249990519, 1.384375000614515461, -0.8715942556523228468 ) ) ;
#3594 = CARTESIAN_POINT ( 'NONE',  ( -0.6249999999999978906, 9.456250001229033586, 1.082531754730548856 ) ) ;
#3595 = CARTESIAN_POINT ( 'NONE',  ( 1.249999999999999112, 3.212499999999998135, 0.7216878364870323859 ) ) ;
#3596 = CARTESIAN_POINT ( 'NONE',  ( -1.006430356249999436, 11.32187500061451324, 1.644310252063557226E-15 ) ) ;
#3597 = CARTESIAN_POINT ( 'NONE',  ( 0.6250000000000012212, 6.831250001229031810, 1.082531754730547080 ) ) ;
#3598 = CARTESIAN_POINT ( 'NONE',  ( -1.249999999999999556, 11.61249999999999716, 0.7216878364870313867 ) ) ;
#3599 = CARTESIAN_POINT ( 'NONE',  ( -0.5032151781249986078, 12.74687500061451395, 0.8715942556523228468 ) ) ;
#3600 = VERTEX_POINT ( 'NONE', #5441 ) ;
#3601 = CARTESIAN_POINT ( 'NONE',  ( -1.006430356249999214, 9.221875000614517148, 0.5810628371015488236 ) ) ;
#3602 =( BOUNDED_CURVE ( )  B_SPLINE_CURVE ( 2, ( #230, #2518, #2161, #4102, #3627, #5547, #1199, #4448, #1838 ),
 .UNSPECIFIED., .F., .F. ) 
 B_SPLINE_CURVE_WITH_KNOTS ( ( 3, 2, 2, 2, 3 ),
 ( 0.5080645161290322509, 0.5107526881720430012, 0.5161290322580645018, 0.5215053763440860024, 0.5241935483870967527 ),
 .UNSPECIFIED. ) 
 CURVE ( )  GEOMETRIC_REPRESENTATION_ITEM ( )  RATIONAL_B_SPLINE_CURVE ( ( 0.9330127018922194093, 0.9330127018922194093, 1.000000000000000000, 0.8660254037844387076, 1.000000000000000000, 0.8660254037844387076, 1.000000000000000000, 0.9330127018922194093, 0.9330127018922194093 ) ) 
 REPRESENTATION_ITEM ( '' )  );
#3603 = DIRECTION ( 'NONE',  ( -0.000000000000000000, -1.000000000000000000, -0.000000000000000000 ) ) ;
#3604 = CARTESIAN_POINT ( 'NONE',  ( 1.006430356249999658, 11.17187500061451466, 0.5810628371015478244 ) ) ;
#3605 = CARTESIAN_POINT ( 'NONE',  ( -4.938688641342514686E-16, 11.23749999999999716, 1.249999999999999334 ) ) ;
#3606 = CARTESIAN_POINT ( 'NONE',  ( 1.249999999999998002, 0.1937500012290328533, -0.7216878364870344953 ) ) ;
#3607 = CARTESIAN_POINT ( 'NONE',  ( 1.006430356249998104, 3.934375000614515283, -0.5810628371015496008 ) ) ;
#3608 = CARTESIAN_POINT ( 'NONE',  ( 1.827526258964323273E-15, 9.634375000614513240, 1.162125674203096093 ) ) ;
#3609 = EDGE_LOOP ( 'NONE', ( #5289, #4136, #5591, #131 ) ) ;
#3610 = CARTESIAN_POINT ( 'NONE',  ( -0.5032151781249993849, 0.2593750006145156828, 0.8715942556523227358 ) ) ;
#3611 = CARTESIAN_POINT ( 'NONE',  ( -1.006430356249998992, 2.921875000614515994, 0.5810628371015487126 ) ) ;
#3612 = CARTESIAN_POINT ( 'NONE',  ( 1.006430356249998326, 5.734375000614515550, -0.5810628371015497118 ) ) ;
#3613 = CARTESIAN_POINT ( 'NONE',  ( 1.249999999999999556, 10.93750000000000000, -0.7216878364870316087 ) ) ;
#3614 =( BOUNDED_CURVE ( )  B_SPLINE_CURVE ( 2, ( #5937, #1599, #3549, #1124, #6143, #3204, #3766, #5597, #845 ),
 .UNSPECIFIED., .F., .T. ) 
 B_SPLINE_CURVE_WITH_KNOTS ( ( 3, 2, 2, 2, 3 ),
 ( 0.1370967741935483764, 0.1397849462365591267, 0.1451612903225806550, 0.1505376344086021556, 0.1532258064516129059 ),
 .UNSPECIFIED. ) 
 CURVE ( )  GEOMETRIC_REPRESENTATION_ITEM ( )  RATIONAL_B_SPLINE_CURVE ( ( 0.9330127018922194093, 0.9330127018922194093, 1.000000000000000000, 0.8660254037844387076, 1.000000000000000000, 0.8660254037844387076, 1.000000000000000000, 0.9330127018922194093, 0.9330127018922194093 ) ) 
 REPRESENTATION_ITEM ( '' )  );
#3615 = CARTESIAN_POINT ( 'NONE',  ( 0.3349364905389005664, 9.698653811796697610, -1.250000000000000000 ) ) ;
#3616 = CARTESIAN_POINT ( 'NONE',  ( 1.249999999999999334, 10.50625000122903252, -2.749541545756668106E-15 ) ) ;
#3617 = CARTESIAN_POINT ( 'NONE',  ( -0.5032151781249993849, 11.05937500061451573, 0.8715942556523227358 ) ) ;
#3618 = CARTESIAN_POINT ( 'NONE',  ( -2.614599868946037210E-15, 8.818750001229032520, -1.249999999999999334 ) ) ;
#3619 = CARTESIAN_POINT ( 'NONE',  ( 1.006430356249999880, 3.409375000614515372, 0.5810628371015469362 ) ) ;
#3620 = EDGE_CURVE ( 'NONE', #1685, #176, #3208, .T. ) ;
#3621 = ORIENTED_EDGE ( 'NONE', *, *, #4479, .F. ) ;
#3622 = CARTESIAN_POINT ( 'NONE',  ( 1.006430356249999658, 2.209375000614515194, -9.819791222584819450E-16 ) ) ;
#3623 = CARTESIAN_POINT ( 'NONE',  ( -4.938688641342514686E-16, 2.687499999999998224, 1.249999999999999334 ) ) ;
#3624 = CARTESIAN_POINT ( 'NONE',  ( 8.838126989374219771E-17, 7.412499999999997868, -1.443375672974063439 ) ) ;
#3625 = SURFACE_SIDE_STYLE ('',( #5103 ) ) ;
#3626 = CARTESIAN_POINT ( 'NONE',  ( -1.249999999999998224, 6.268750001229032698, 0.7216878364870340512 ) ) ;
#3627 = CARTESIAN_POINT ( 'NONE',  ( 1.249999999999999334, 6.006250001229032520, -2.749541545756668106E-15 ) ) ;
#3628 = ADVANCED_FACE ( 'NONE', ( #2538 ), #4468, .T. ) ;
#3629 = CARTESIAN_POINT ( 'NONE',  ( -0.6250000000000002220, 11.19999999999999751, 1.082531754730547746 ) ) ;
#3630 = ORIENTED_EDGE ( 'NONE', *, *, #3042, .T. ) ;
#3631 = CARTESIAN_POINT ( 'NONE',  ( -0.5032151781249993849, 7.459375000614515194, 0.8715942556523227358 ) ) ;
#3632 = PLANE ( 'NONE',  #5860 ) ;
#3633 = CARTESIAN_POINT ( 'NONE',  ( 0.5032151781249999400, 9.784375000614513596, 0.8715942556523221807 ) ) ;
#3634 = CARTESIAN_POINT ( 'NONE',  ( -2.614599868946037210E-15, 2.518750001229032698, -1.249999999999999334 ) ) ;
#3635 = VECTOR ( 'NONE', #2925, 1000.000000000000000 ) ;
#3637 = ADVANCED_FACE ( 'NONE', ( #3297 ), #1350, .T. ) ;
#3636 = CARTESIAN_POINT ( 'NONE',  ( 2.909753293500117656E-15, 2.293750001229032609, 1.443375672974063439 ) ) ;
#3638 = CARTESIAN_POINT ( 'NONE',  ( -0.5032151781249986078, 7.346875000614515372, 0.8715942556523228468 ) ) ;
#3639 = CARTESIAN_POINT ( 'NONE',  ( -0.5032151781249986078, 9.596875000614515372, 0.8715942556523228468 ) ) ;
#3640 =( BOUNDED_CURVE ( )  B_SPLINE_CURVE ( 2, ( #2554, #5864, #1430, #1053, #3005, #2523, #4452, #3035, #110 ),
 .UNSPECIFIED., .F., .F. ) 
 B_SPLINE_CURVE_WITH_KNOTS ( ( 3, 2, 2, 2, 3 ),
 ( 0.5241935483870967527, 0.5268817204301075030, 0.5322580645161290036, 0.5376344086021505042, 0.5403225806451612545 ),
 .UNSPECIFIED. ) 
 CURVE ( )  GEOMETRIC_REPRESENTATION_ITEM ( )  RATIONAL_B_SPLINE_CURVE ( ( 0.9330127018922194093, 0.9330127018922194093, 1.000000000000000000, 0.8660254037844387076, 1.000000000000000000, 0.8660254037844387076, 1.000000000000000000, 0.9330127018922194093, 0.9330127018922194093 ) ) 
 REPRESENTATION_ITEM ( '' )  );
#3641 = EDGE_LOOP ( 'NONE', ( #2933, #5995, #1237, #3823 ) ) ;
#3642 = CARTESIAN_POINT ( 'NONE',  ( -1.062732146793064886E-15, 2.321875000614515461, -1.162125674203096537 ) ) ;
#3643 = CARTESIAN_POINT ( 'NONE',  ( -1.006430356249999880, 3.296875000614516438, -0.5810628371015476024 ) ) ;
#3644 = CARTESIAN_POINT ( 'NONE',  ( 0.5032151781250004952, 7.421875000614515550, 0.8715942556523216256 ) ) ;
#3645 = ORIENTED_EDGE ( 'NONE', *, *, #3548, .T. ) ;
#3646 = CARTESIAN_POINT ( 'NONE',  ( -0.6250000000000002220, 11.64999999999999680, 1.082531754730547746 ) ) ;
#3647 = CARTESIAN_POINT ( 'NONE',  ( -0.6250000000000017764, 8.856250001229033941, -1.082531754730546636 ) ) ;
#3648 = CARTESIAN_POINT ( 'NONE',  ( -3.086515833287601756E-15, 12.41875000122903394, -1.443375672974063439 ) ) ;
#3649 = CARTESIAN_POINT ( 'NONE',  ( -1.062732146793064886E-15, 11.32187500061451324, -1.162125674203096537 ) ) ;
#3650 = CARTESIAN_POINT ( 'NONE',  ( -4.938688641342514686E-16, 7.187499999999998224, 1.249999999999999334 ) ) ;
#3651 = CARTESIAN_POINT ( 'NONE',  ( -4.938688641342514686E-16, 2.237499999999998490, 1.249999999999999334 ) ) ;
#3652 = DIRECTION ( 'NONE',  ( 0.000000000000000000, 0.000000000000000000, -1.000000000000000000 ) ) ;
#3653 = CARTESIAN_POINT ( 'NONE',  ( -1.006430356250000324, 2.734375000614515550, -0.5810628371015467142 ) ) ;
#3654 = CARTESIAN_POINT ( 'NONE',  ( 0.000000000000000000, 0.000000000000000000, 0.000000000000000000 ) ) ;
#3655 = ORIENTED_EDGE ( 'NONE', *, *, #1444, .T. ) ;
#3656 = CIRCLE ( 'NONE', #4459, 0.1499999999999999667 ) ;
#3657 = CARTESIAN_POINT ( 'NONE',  ( -0.5032151781249993849, 3.859375000614515550, 0.8715942556523227358 ) ) ;
#3658 = CARTESIAN_POINT ( 'NONE',  ( -1.250000000000000444, 9.343750001229032875, -0.7216878364870294993 ) ) ;
#3659 = CARTESIAN_POINT ( 'NONE',  ( -0.6250000000000002220, 5.349999999999997868, 1.082531754730547746 ) ) ;
#3660 = CARTESIAN_POINT ( 'NONE',  ( -1.006430356249998548, 10.90937500061451360, 0.5810628371015494897 ) ) ;
#3661 = CARTESIAN_POINT ( 'NONE',  ( -3.086515833287601756E-15, 7.018750001229032698, -1.443375672974063439 ) ) ;
#3662 = CARTESIAN_POINT ( 'NONE',  ( -0.7142857142857133024, 13.11428571428571388, -0.4123930494211585085 ) ) ;
#3663 = ORIENTED_EDGE ( 'NONE', *, *, #5659, .T. ) ;
#3664 = CARTESIAN_POINT ( 'NONE',  ( -1.006430356249999880, 8.246875000614515727, -0.5810628371015474913 ) ) ;
#3665 = EDGE_CURVE ( 'NONE', #2303, #1029, #766, .T. ) ;
#3666 = CARTESIAN_POINT ( 'NONE',  ( 0.000000000000000000, 12.00000000000000000, 0.000000000000000000 ) ) ;
#3667 = CARTESIAN_POINT ( 'NONE',  ( -1.249999999999999334, -0.1250000000000013045, -1.530808498934190831E-16 ) ) ;
#3668 = CARTESIAN_POINT ( 'NONE',  ( 2.162577587529268681E-16, 13.40000000000000036, -1.154700538379252128 ) ) ;
#3669 = CARTESIAN_POINT ( 'NONE',  ( -1.250000000000000444, 2.593750001229032875, -0.7216878364870296103 ) ) ;
#3670 = CARTESIAN_POINT ( 'NONE',  ( -1.006430356250000324, 7.684375000614514839, -0.5810628371015467142 ) ) ;
#3671 = CARTESIAN_POINT ( 'NONE',  ( 1.006430356249999880, 7.459375000614514306, 0.5810628371015469362 ) ) ;
#3672 = EDGE_LOOP ( 'NONE', ( #3257, #6131, #2140, #3003 ) ) ;
#3673 = CARTESIAN_POINT ( 'NONE',  ( 1.006430356249999658, 1.759375000614515461, -9.819791222584819450E-16 ) ) ;
#3674 = EDGE_CURVE ( 'NONE', #3792, #4226, #4123, .T. ) ;
#3675 = CARTESIAN_POINT ( 'NONE',  ( 1.006430356249998770, 4.496875000614515727, -0.5810628371015489346 ) ) ;
#3676 = CARTESIAN_POINT ( 'NONE',  ( -1.006430356249998548, 7.759375000614514128, 0.5810628371015494897 ) ) ;
#3677 = CARTESIAN_POINT ( 'NONE',  ( 1.249999999999999112, 9.962499999999996803, 0.7216878364870323859 ) ) ;
#3678 = LINE ( 'NONE', #5685, #6126 ) ;
#3679 = CARTESIAN_POINT ( 'NONE',  ( -1.006430356249998548, 1.459375000614515638, 0.5810628371015493787 ) ) ;
#3680 =( BOUNDED_CURVE ( )  B_SPLINE_CURVE ( 2, ( #5930, #19, #2013, #1532, #3843, #4783, #939, #4691, #1387 ),
 .UNSPECIFIED., .F., .T. ) 
 B_SPLINE_CURVE_WITH_KNOTS ( ( 3, 2, 2, 2, 3 ),
 ( 0.8629032258064516236, 0.8655913978494623739, 0.8709677419354838745, 0.8763440860215053752, 0.8790322580645161255 ),
 .UNSPECIFIED. ) 
 CURVE ( )  GEOMETRIC_REPRESENTATION_ITEM ( )  RATIONAL_B_SPLINE_CURVE ( ( 0.9330127018922194093, 0.9330127018922194093, 1.000000000000000000, 0.8660254037844387076, 1.000000000000000000, 0.8660254037844387076, 1.000000000000000000, 0.9330127018922194093, 0.9330127018922194093 ) ) 
 REPRESENTATION_ITEM ( '' )  );
#3681 = CARTESIAN_POINT ( 'NONE',  ( -1.006430356249999880, 10.94687500061451324, -0.5810628371015476024 ) ) ;
#3682 = CARTESIAN_POINT ( 'NONE',  ( -1.249999999999999556, 4.412499999999997868, 0.7216878364870313867 ) ) ;
#3683 = CARTESIAN_POINT ( 'NONE',  ( -0.5032151781250009392, 4.046875000614515550, -0.8715942556523212925 ) ) ;
#3684 = CARTESIAN_POINT ( 'NONE',  ( -0.6250000000000017764, 2.556250001229032787, -1.082531754730546636 ) ) ;
#3685 = ORIENTED_EDGE ( 'NONE', *, *, #5463, .F. ) ;
#3686 = CARTESIAN_POINT ( 'NONE',  ( 0.5032151781249990519, 3.184375000614515283, -0.8715942556523228468 ) ) ;
#3687 = PLANE ( 'NONE',  #333 ) ;
#3688 = CARTESIAN_POINT ( 'NONE',  ( -0.6758206704428777467, 0.4532007610024599842, 1.053190426969955240 ) ) ;
#3689 = CARTESIAN_POINT ( 'NONE',  ( -0.6249999999999978906, 6.306250001229032343, 1.082531754730548856 ) ) ;
#3690 = CARTESIAN_POINT ( 'NONE',  ( 0.4249999999999971023, 13.25000000000000000, -0.7361215932167770593 ) ) ;
#3691 = LINE ( 'NONE', #827, #1079 ) ;
#3692 = ORIENTED_EDGE ( 'NONE', *, *, #5394, .F. ) ;
#3693 = CARTESIAN_POINT ( 'NONE',  ( 0.5032151781249999400, 8.434375000614515727, 0.8715942556523221807 ) ) ;
#3694 = CARTESIAN_POINT ( 'NONE',  ( 0.6249999999999974465, 10.58125000122903181, -1.082531754730548856 ) ) ;
#3695 = CARTESIAN_POINT ( 'NONE',  ( 1.006430356249999658, 12.10937500061451466, -9.819791222584817478E-16 ) ) ;
#3696 = CARTESIAN_POINT ( 'NONE',  ( 0.3349364905389026204, 9.907596189432331002, 1.249999999999999556 ) ) ;
#3697 = CARTESIAN_POINT ( 'NONE',  ( 0.6249999999999974465, 1.581250001229032698, -1.082531754730548856 ) ) ;
#3698 = CARTESIAN_POINT ( 'NONE',  ( 1.827526258964323273E-15, 6.484375000614515550, 1.162125674203096093 ) ) ;
#3699 = CARTESIAN_POINT ( 'NONE',  ( 0.5032151781249982747, 10.72187500061451360, -0.8715942556523229579 ) ) ;
#3700 = EDGE_CURVE ( 'NONE', #2131, #4948, #4652, .T. ) ;
#3701 = ORIENTED_EDGE ( 'NONE', *, *, #3388, .F. ) ;
#3702 = CARTESIAN_POINT ( 'NONE',  ( -1.006430356249999880, 0.5968750006145154829, -0.5810628371015474913 ) ) ;
#3703 = CARTESIAN_POINT ( 'NONE',  ( -0.5032151781249993849, 5.209375000614515194, 0.8715942556523227358 ) ) ;
#3704 = CARTESIAN_POINT ( 'NONE',  ( 0.5032151781249982747, 6.671875000614515550, -0.8715942556523229579 ) ) ;
#3705 = ORIENTED_EDGE ( 'NONE', *, *, #601, .F. ) ;
#3706 = CARTESIAN_POINT ( 'NONE',  ( 1.249999999999999334, 12.24999999999999645, 0.000000000000000000 ) ) ;
#3707 = CARTESIAN_POINT ( 'NONE',  ( -2.614599868946037210E-15, 8.818750001229032520, -1.249999999999999334 ) ) ;
#3708 = CARTESIAN_POINT ( 'NONE',  ( -1.006430356249998548, -0.3406249993854842950, 0.5810628371015493787 ) ) ;
#3709 = EDGE_CURVE ( 'NONE', #1378, #404, #2307, .T. ) ;
#3710 = ORIENTED_EDGE ( 'NONE', *, *, #2255, .F. ) ;
#3711 = LINE ( 'NONE', #1861, #5086 ) ;
#3712 = CARTESIAN_POINT ( 'NONE',  ( 1.006430356249999880, 1.159375000614515372, 0.5810628371015468252 ) ) ;
#3713 = FACE_OUTER_BOUND ( 'NONE', #70, .T. ) ;
#3714 = CARTESIAN_POINT ( 'NONE',  ( -1.969845607676301195E-15, 3.109375000614515105, -1.162125674203096093 ) ) ;
#3715 = APPLICATION_PROTOCOL_DEFINITION ( 'draft international standard', 'automotive_design', 1998, #1265 ) ;
#3716 = B_SPLINE_CURVE_WITH_KNOTS ( 'NONE', 3,
 ( #1943, #4928, #954, #3857, #585, #4357, #615, #2935, #4858, #13, #521, #5395, #1974, #5365, #4389, #4895, #5801, #5769 ),
 .UNSPECIFIED., .F., .F.,
 ( 4, 2, 2, 2, 2, 2, 2, 2, 4 ),
 ( 0.0002085310064767012550, 0.0006575075121339935165, 0.001106484017791285832, 0.001555460523448577931, 0.002004437029105870464, 0.002453413534763162346, 0.002902390040420454662, 0.003351366546077746977, 0.003800343051735039293 ),
 .UNSPECIFIED. ) ;
#3717 = CIRCLE ( 'NONE', #4025, 1.250000000000000000 ) ;
#3718 = VERTEX_POINT ( 'NONE', #5159 ) ;
#3719 = CARTESIAN_POINT ( 'NONE',  ( -1.006430356249999880, 5.096875000614515372, -0.5810628371015476024 ) ) ;
#3720 = CARTESIAN_POINT ( 'NONE',  ( -1.152942375056550395, 12.00000000000000178, 0.3000138812100532903 ) ) ;
#3721 = CARTESIAN_POINT ( 'NONE',  ( -0.3349364905389057290, 7.038846190661365299, -1.249999999999998668 ) ) ;
#3722 = CARTESIAN_POINT ( 'NONE',  ( -1.191095495853194869E-15, 0.4937500012290325646, 1.249999999999999334 ) ) ;
#3723 = CARTESIAN_POINT ( 'NONE',  ( 1.249999999999999334, 6.399999999999998579, 0.000000000000000000 ) ) ;
#3724 = PLANE ( 'NONE',  #1086 ) ;
#3725 = ORIENTED_EDGE ( 'NONE', *, *, #702, .F. ) ;
#3726 = CARTESIAN_POINT ( 'NONE',  ( -1.006430356249999658, 10.08437500061451431, 8.587269508238526152E-16 ) ) ;
#3727 = CARTESIAN_POINT ( 'NONE',  ( 1.249999999999999112, 1.862499999999998712, 0.7216878364870324969 ) ) ;
#3728 = CARTESIAN_POINT ( 'NONE',  ( -1.006430356249999880, 11.84687500061451537, -0.5810628371015476024 ) ) ;
#3729 = LINE ( 'NONE', #5676, #3271 ) ;
#3730 = CARTESIAN_POINT ( 'NONE',  ( -1.249999999999999334, 3.081250001229032254, 2.596460695863248776E-15 ) ) ;
#3731 = CARTESIAN_POINT ( 'NONE',  ( -0.5032151781249986078, 8.696875000614515017, 0.8715942556523228468 ) ) ;
#3732 = CARTESIAN_POINT ( 'NONE',  ( -1.006430356249998548, 10.00937500061451502, 0.5810628371015493787 ) ) ;
#3733 = EDGE_LOOP ( 'NONE', ( #4272, #2902, #2004, #3710 ) ) ;
#3734 = CARTESIAN_POINT ( 'NONE',  ( -1.006430356249999880, 2.846875000614514928, -0.5810628371015474913 ) ) ;
#3735 = CARTESIAN_POINT ( 'NONE',  ( 0.5032151781249999400, 5.284375000614515372, 0.8715942556523221807 ) ) ;
#3736 = VECTOR ( 'NONE', #4947, 1000.000000000000000 ) ;
#3737 = CARTESIAN_POINT ( 'NONE',  ( -1.006430356249999436, 6.371875000614515727, 1.644310252063557226E-15 ) ) ;
#3738 = DIRECTION ( 'NONE',  ( 1.924309993828777332E-16, -0.6546536707079750883, -0.7559289460184562826 ) ) ;
#3739 = CARTESIAN_POINT ( 'NONE',  ( 0.6250000000000012212, 10.88125000122903252, 1.082531754730547080 ) ) ;
#3740 = CARTESIAN_POINT ( 'NONE',  ( -0.5032151781250009392, 0.8968750006145157494, -0.8715942556523212925 ) ) ;
#3741 = CARTESIAN_POINT ( 'NONE',  ( 0.000000000000000000, 12.00000000000000000, 0.000000000000000000 ) ) ;
#3742 = CARTESIAN_POINT ( 'NONE',  ( 0.000000000000000000, 12.00000000000000000, 0.000000000000000000 ) ) ;
#3743 = CARTESIAN_POINT ( 'NONE',  ( 0.3349364905389026204, 10.35759618943233207, 1.249999999999999556 ) ) ;
#3744 = CARTESIAN_POINT ( 'NONE',  ( -1.969845607676301195E-15, 4.909375000614515372, -1.162125674203096093 ) ) ;
#3745 = VERTEX_POINT ( 'NONE', #3651 ) ;
#3746 = CARTESIAN_POINT ( 'NONE',  ( 1.006430356249999658, 3.971875000614515372, 0.5810628371015478244 ) ) ;
#3747 = CARTESIAN_POINT ( 'NONE',  ( 1.743066579297358255E-16, 8.312499999999996447, -1.249999999999999112 ) ) ;
#3748 = EDGE_CURVE ( 'NONE', #1453, #1966, #2253, .T. ) ;
#3749 = CARTESIAN_POINT ( 'NONE',  ( -0.3349364905389008995, 7.223653811796698854, 1.250000000000000000 ) ) ;
#3750 = CARTESIAN_POINT ( 'NONE',  ( -4.938688641342514686E-16, 11.68749999999999645, 1.249999999999999334 ) ) ;
#3751 = MANIFOLD_SOLID_BREP ( 'Cut-Extrude2', #4565 ) ;
#3752 = CARTESIAN_POINT ( 'NONE',  ( -0.3349364905389035640, 0.8674038105676642463, 1.249999999999999112 ) ) ;
#3753 = VECTOR ( 'NONE', #4138, 1000.000000000000000 ) ;
#3754 = ORIENTED_EDGE ( 'NONE', *, *, #975, .F. ) ;
#3755 = CARTESIAN_POINT ( 'NONE',  ( 0.3349364905389005664, 5.648653811796698676, -1.250000000000000000 ) ) ;
#3756 = CARTESIAN_POINT ( 'NONE',  ( -1.006430356249999658, 12.33437500061451431, 8.587269508238524180E-16 ) ) ;
#3757 = CARTESIAN_POINT ( 'NONE',  ( 0.000000000000000000, 12.15000000000000036, 0.000000000000000000 ) ) ;
#3758 = CARTESIAN_POINT ( 'NONE',  ( 1.006430356249999436, 8.396875000614514306, -1.767562423498186358E-15 ) ) ;
#3759 = CARTESIAN_POINT ( 'NONE',  ( 1.006430356249999436, 10.64687500061451431, -1.767562423498186358E-15 ) ) ;
#3760 = ORIENTED_EDGE ( 'NONE', *, *, #3203, .T. ) ;
#3761 = CARTESIAN_POINT ( 'NONE',  ( -1.006430356249999214, 4.271875000614515194, 0.5810628371015488236 ) ) ;
#3762 = CARTESIAN_POINT ( 'NONE',  ( -1.006430356249999658, 5.134375000614515017, 8.587269508238524180E-16 ) ) ;
#3763 = CARTESIAN_POINT ( 'NONE',  ( 1.827526258964323273E-15, 8.284375000614513596, 1.162125674203096093 ) ) ;
#3764 = ORIENTED_EDGE ( 'NONE', *, *, #867, .F. ) ;
#3765 = CARTESIAN_POINT ( 'NONE',  ( 1.121372832681300312E-14, 8.368750001229029678, -1.249999999999999334 ) ) ;
#3766 = CARTESIAN_POINT ( 'NONE',  ( -0.6250000000000002220, 1.299999999999998712, 1.082531754730547746 ) ) ;
#3767 = CARTESIAN_POINT ( 'NONE',  ( -0.5032151781250009392, 0.4468750006145156273, -0.8715942556523212925 ) ) ;
#3768 = CIRCLE ( 'NONE', #1220, 2.250000000000000000 ) ;
#3769 = PRODUCT_DEFINITION ( 'UNKNOWN', '', #1701, #1813 ) ;
#3770 = ORIENTED_EDGE ( 'NONE', *, *, #1281, .T. ) ;
#3771 = EDGE_LOOP ( 'NONE', ( #2612, #3442, #2321, #3408, #3535, #2849, #3833 ) ) ;
#3772 = CARTESIAN_POINT ( 'NONE',  ( 0.000000000000000000, 12.00000000000000000, 0.000000000000000000 ) ) ;
#3773 = CARTESIAN_POINT ( 'NONE',  ( -1.006430356250000102, 0.9343750006145155051, -0.5810628371015466032 ) ) ;
#3774 = CARTESIAN_POINT ( 'NONE',  ( 8.838126989374219771E-17, 6.962499999999998579, -1.443375672974063439 ) ) ;
#3775 = CARTESIAN_POINT ( 'NONE',  ( -1.250000000000000444, 7.993750001229031454, -0.7216878364870294993 ) ) ;
#3776 = CARTESIAN_POINT ( 'NONE',  ( 0.5032151781249982747, 7.121875000614515727, -0.8715942556523229579 ) ) ;
#3777 = ADVANCED_FACE ( 'NONE', ( #4422 ), #3949, .T. ) ;
#3778 = VECTOR ( 'NONE', #5950, 1000.000000000000000 ) ;
#3779 = ORIENTED_EDGE ( 'NONE', *, *, #5092, .T. ) ;
#3780 = CARTESIAN_POINT ( 'NONE',  ( 9.204127980810867663E-16, 5.246875000614515727, 1.162125674203096537 ) ) ;
#3781 = CARTESIAN_POINT ( 'NONE',  ( 1.530808498934190831E-16, 12.00000000000000000, 1.249999999999999334 ) ) ;
#3782 = DIRECTION ( 'NONE',  ( -0.000000000000000000, -1.000000000000000000, -0.000000000000000000 ) ) ;
#3783 = CARTESIAN_POINT ( 'NONE',  ( -0.7236689573151250388, 0.4500000000000000111, 1.019216974063148262 ) ) ;
#3784 = CARTESIAN_POINT ( 'NONE',  ( 0.000000000000000000, 12.15000000000000036, 0.000000000000000000 ) ) ;
#3785 = CARTESIAN_POINT ( 'NONE',  ( 0.000000000000000000, 12.00000000000000000, 0.000000000000000000 ) ) ;
#3786 = ORIENTED_EDGE ( 'NONE', *, *, #214, .T. ) ;
#3787 = CARTESIAN_POINT ( 'NONE',  ( 1.250000000000000444, 10.46875000122903288, 0.7216878364870297213 ) ) ;
#3788 = CARTESIAN_POINT ( 'NONE',  ( 1.006430356249999658, 12.07187500061451502, 0.5810628371015478244 ) ) ;
#3789 = CARTESIAN_POINT ( 'NONE',  ( 0.6249999999999987788, 9.924999999999997158, 1.082531754730548412 ) ) ;
#3790 = CARTESIAN_POINT ( 'NONE',  ( -1.006430356249999436, 9.971875000614513596, 1.644310252063557226E-15 ) ) ;
#3791 = CARTESIAN_POINT ( 'NONE',  ( -0.5032151781250009392, 9.896875000614514306, -0.8715942556523212925 ) ) ;
#3792 = VERTEX_POINT ( 'NONE', #1023 ) ;
#3793 = CARTESIAN_POINT ( 'NONE',  ( -1.006430356249999880, 4.646875000614515194, -0.5810628371015474913 ) ) ;
#3794 = CARTESIAN_POINT ( 'NONE',  ( -0.5032151781249993849, 10.15937500061451360, 0.8715942556523227358 ) ) ;
#3795 = CARTESIAN_POINT ( 'NONE',  ( 9.204127980810863719E-16, 5.246875000614515727, 1.162125674203096537 ) ) ;
#3796 = CARTESIAN_POINT ( 'NONE',  ( 1.006430356249998326, 9.334375000614512530, -0.5810628371015497118 ) ) ;
#3797 = CARTESIAN_POINT ( 'NONE',  ( 8.838126989374219771E-17, 12.81249999999999645, -1.443375672974063439 ) ) ;
#3798 = CARTESIAN_POINT ( 'NONE',  ( -0.6249999999999993339, 7.449999999999997513, -1.082531754730547968 ) ) ;
#3799 = CARTESIAN_POINT ( 'NONE',  ( -1.006430356250000324, -0.8656249993854843172, -0.5810628371015467142 ) ) ;
#3800 = VERTEX_POINT ( 'NONE', #3478 ) ;
#3801 = ORIENTED_EDGE ( 'NONE', *, *, #4743, .F. ) ;
#3802 = DIRECTION ( 'NONE',  ( -0.000000000000000000, -1.000000000000000000, -0.000000000000000000 ) ) ;
#3803 = CARTESIAN_POINT ( 'NONE',  ( 1.006430356249999436, 2.096875000614515372, -1.767562423498186358E-15 ) ) ;
#3804 = CARTESIAN_POINT ( 'NONE',  ( -1.249999999999999334, 5.237499999999998046, -0.7216878364870322748 ) ) ;
#3805 = CARTESIAN_POINT ( 'NONE',  ( -2.614599868946037210E-15, 11.96875000122902932, -1.249999999999999334 ) ) ;
#3806 = CARTESIAN_POINT ( 'NONE',  ( 0.6249999999999974465, 5.631250001229032520, -1.082531754730548856 ) ) ;
#3807 = CARTESIAN_POINT ( 'NONE',  ( 1.006430356249998104, 6.184375000614513951, -0.5810628371015496008 ) ) ;
#3808 = ORIENTED_EDGE ( 'NONE', *, *, #1629, .F. ) ;
#3809 = CARTESIAN_POINT ( 'NONE',  ( 1.006430356249999658, 5.809375000614514839, -9.819791222584819450E-16 ) ) ;
#3810 = CARTESIAN_POINT ( 'NONE',  ( -1.208360020550173219, 12.00000000000000533, -0.2528674505066192402 ) ) ;
#3811 = CARTESIAN_POINT ( 'NONE',  ( 1.091451797878109087, 0.2450420992218615146, -0.3328664658674759802 ) ) ;
#3812 = EDGE_CURVE ( 'NONE', #4562, #4263, #4535, .T. ) ;
#3813 = DIRECTION ( 'NONE',  ( 0.000000000000000000, 0.000000000000000000, -1.000000000000000000 ) ) ;
#3814 = CARTESIAN_POINT ( 'NONE',  ( -1.006430356249999436, -0.8281249993854842284, 1.644310252063557226E-15 ) ) ;
#3815 =( BOUNDED_CURVE ( )  B_SPLINE_CURVE ( 2, ( #6094, #3743, #5190, #377, #3901, #566, #1506, #3960, #1413 ),
 .UNSPECIFIED., .F., .T. ) 
 B_SPLINE_CURVE_WITH_KNOTS ( ( 3, 2, 2, 2, 3 ),
 ( 0.7983870967741935054, 0.8010752688172042557, 0.8064516129032257563, 0.8118279569892472569, 0.8145161290322581182 ),
 .UNSPECIFIED. ) 
 CURVE ( )  GEOMETRIC_REPRESENTATION_ITEM ( )  RATIONAL_B_SPLINE_CURVE ( ( 0.9330127018922194093, 0.9330127018922194093, 1.000000000000000000, 0.8660254037844387076, 1.000000000000000000, 0.8660254037844387076, 1.000000000000000000, 0.9330127018922179660, 0.9330127018922194093 ) ) 
 REPRESENTATION_ITEM ( '' )  );
#3816 = PLANE ( 'NONE',  #5742 ) ;
#3817 = VERTEX_POINT ( 'NONE', #1648 ) ;
#3818 = CARTESIAN_POINT ( 'NONE',  ( 2.571758278209441464E-16, 14.34999999999999964, -2.100000000000000089 ) ) ;
#3819 = CARTESIAN_POINT ( 'NONE',  ( 0.6249999999999987788, 1.824999999999998401, 1.082531754730548412 ) ) ;
#3820 = LINE ( 'NONE', #5261, #4781 ) ;
#3821 = CARTESIAN_POINT ( 'NONE',  ( -0.5032151781250009392, 9.446875000614513240, -0.8715942556523212925 ) ) ;
#3822 = CARTESIAN_POINT ( 'NONE',  ( -1.969845607676301195E-15, 9.859375000614512885, -1.162125674203096093 ) ) ;
#3823 = ORIENTED_EDGE ( 'NONE', *, *, #1406, .F. ) ;
#3824 = CARTESIAN_POINT ( 'NONE',  ( -1.062732146793064886E-15, 2.771875000614515194, -1.162125674203096537 ) ) ;
#3825 = CARTESIAN_POINT ( 'NONE',  ( 1.006430356249998770, 11.24687500061451573, -0.5810628371015489346 ) ) ;
#3826 = CARTESIAN_POINT ( 'NONE',  ( 0.5032151781249999400, 7.534375000614515372, 0.8715942556523221807 ) ) ;
#3827 = VECTOR ( 'NONE', #3279, 1000.000000000000114 ) ;
#3828 = ADVANCED_FACE ( 'NONE', ( #5509 ), #2974, .T. ) ;
#3829 = CARTESIAN_POINT ( 'NONE',  ( 1.827526258964323273E-15, 10.08437500061451253, 1.162125674203096093 ) ) ;
#3830 = CARTESIAN_POINT ( 'NONE',  ( -1.249999999999999556, 8.912499999999996092, 0.7216878364870313867 ) ) ;
#3831 = CARTESIAN_POINT ( 'NONE',  ( -1.249999999999999556, 9.812499999999998224, 0.7216878364870313867 ) ) ;
#3832 = CARTESIAN_POINT ( 'NONE',  ( 1.006430356249999880, 2.059375000614516171, 0.5810628371015469362 ) ) ;
#3833 = ORIENTED_EDGE ( 'NONE', *, *, #5012, .F. ) ;
#3834 = B_SPLINE_CURVE_WITH_KNOTS ( 'NONE', 3,
 ( #5290, #4412, #1517, #71, #3466, #578, #1935, #4820, #4382, #3402, #1907, #5887 ),
 .UNSPECIFIED., .F., .F.,
 ( 4, 2, 2, 2, 2, 4 ),
 ( 0.000000000000000000, 0.0005531029927959075273, 0.001106205985591815055, 0.001659308978387722365, 0.001935860474785676020, 0.002212411971183629675 ),
 .UNSPECIFIED. ) ;
#3835 = ORIENTED_EDGE ( 'NONE', *, *, #5403, .T. ) ;
#3836 = CARTESIAN_POINT ( 'NONE',  ( 1.006430356249998770, 0.8968750006145157494, -0.5810628371015489346 ) ) ;
#3837 = CARTESIAN_POINT ( 'NONE',  ( -1.006430356249999436, 2.771875000614515194, 1.644310252063557226E-15 ) ) ;
#3838 = CARTESIAN_POINT ( 'NONE',  ( 8.838126989374219771E-17, 5.612499999999998934, -1.443375672974063439 ) ) ;
#3839 = CARTESIAN_POINT ( 'NONE',  ( 0.000000000000000000, 12.00000000000000000, 0.000000000000000000 ) ) ;
#3840 = CARTESIAN_POINT ( 'NONE',  ( -0.6249999999999978906, 9.456250001229033586, 1.082531754730548856 ) ) ;
#3841 = CARTESIAN_POINT ( 'NONE',  ( -1.006430356249998548, 5.959375000614515194, 0.5810628371015493787 ) ) ;
#3842 = CARTESIAN_POINT ( 'NONE',  ( 1.006430356249998770, 5.846875000614515372, -0.5810628371015489346 ) ) ;
#3843 = CARTESIAN_POINT ( 'NONE',  ( 1.249999999999999334, 11.34999999999999964, 0.000000000000000000 ) ) ;
#3844 = CARTESIAN_POINT ( 'NONE',  ( 0.1480978877040269870, 0.3069516266396948301, -1.167410983133601921 ) ) ;
#3845 = CARTESIAN_POINT ( 'NONE',  ( 3.660439816524452409E-15, 0.09374999999999715505, -1.044318966601192056 ) ) ;
#3846 = CARTESIAN_POINT ( 'NONE',  ( -4.938688641342514686E-16, 2.237499999999998490, 1.249999999999999334 ) ) ;
#3847 = CARTESIAN_POINT ( 'NONE',  ( -0.9984139683139087174, 0.07757755545620488580, 0.3312015731507053640 ) ) ;
#3848 = ORIENTED_EDGE ( 'NONE', *, *, #673, .F. ) ;
#3849 = CYLINDRICAL_SURFACE ( 'NONE', #1642, 1.249999999999999334 ) ;
#3850 =( BOUNDED_CURVE ( )  B_SPLINE_CURVE ( 2, ( #3114, #225, #3563, #3056, #193, #5477, #133, #4129, #5038 ),
 .UNSPECIFIED., .F., .T. ) 
 B_SPLINE_CURVE_WITH_KNOTS ( ( 3, 2, 2, 2, 3 ),
 ( 0.3306451612903225645, 0.3333333333333333148, 0.3387096774193548154, 0.3440860215053763715, 0.3467741935483871218 ),
 .UNSPECIFIED. ) 
 CURVE ( )  GEOMETRIC_REPRESENTATION_ITEM ( )  RATIONAL_B_SPLINE_CURVE ( ( 0.9330127018922194093, 0.9330127018922194093, 1.000000000000000000, 0.8660254037844387076, 1.000000000000000000, 0.8660254037844387076, 1.000000000000000000, 0.9330127018922194093, 0.9330127018922194093 ) ) 
 REPRESENTATION_ITEM ( '' )  );
#3851 = CARTESIAN_POINT ( 'NONE',  ( -1.249999999999999778, 0.8124999999999985567, 0.7216878364870313867 ) ) ;
#3852 = CARTESIAN_POINT ( 'NONE',  ( 1.249999999999999112, 5.912499999999998757, 0.7216878364870324969 ) ) ;
#3853 = CARTESIAN_POINT ( 'NONE',  ( -1.006430356250000324, 9.484375000614514661, -0.5810628371015467142 ) ) ;
#3854 = CARTESIAN_POINT ( 'NONE',  ( 0.5032151781249990519, -0.8656249993854842062, -0.8715942556523228468 ) ) ;
#3855 = ORIENTED_EDGE ( 'NONE', *, *, #294, .T. ) ;
#3856 = CARTESIAN_POINT ( 'NONE',  ( 1.006430356249999658, 4.909375000614515372, -9.819791222584819450E-16 ) ) ;
#3857 = CARTESIAN_POINT ( 'NONE',  ( -0.5710193786993051912, 0.3781739787777496642, 1.075487378160714824 ) ) ;
#3858 = CARTESIAN_POINT ( 'NONE',  ( 9.204127980810863719E-16, 7.946875000614515017, 1.162125674203096537 ) ) ;
#3859 = CARTESIAN_POINT ( 'NONE',  ( -1.006430356249999436, 9.071875000614513240, 1.644310252063557226E-15 ) ) ;
#3860 = CARTESIAN_POINT ( 'NONE',  ( 2.236935443431609674E-15, 8.593750001229029323, 1.249999999999999556 ) ) ;
#3861 = CARTESIAN_POINT ( 'NONE',  ( -1.249999999999999334, 9.774999999999998579, -1.530808498934190831E-16 ) ) ;
#3862 = CARTESIAN_POINT ( 'NONE',  ( 0.5032151781249982747, 2.171875000614515550, -0.8715942556523229579 ) ) ;
#3863 = CIRCLE ( 'NONE', #819, 0.1499999999999999667 ) ;
#3864 = EDGE_CURVE ( 'NONE', #169, #2038, #2063, .T. ) ;
#3865 = VERTEX_POINT ( 'NONE', #884 ) ;
#3866 = ORIENTED_EDGE ( 'NONE', *, *, #1134, .F. ) ;
#3867 = CARTESIAN_POINT ( 'NONE',  ( 0.5032151781249990519, 1.384375000614515461, -0.8715942556523228468 ) ) ;
#3868 = CARTESIAN_POINT ( 'NONE',  ( 1.827526258964323273E-15, 1.534375000614515816, 1.162125674203096093 ) ) ;
#3869 = CARTESIAN_POINT ( 'NONE',  ( 1.249999999999999112, 7.712499999999997691, 0.7216878364870323859 ) ) ;
#3870 = CARTESIAN_POINT ( 'NONE',  ( 2.236935443431609674E-15, 11.29375000122903216, 1.249999999999999556 ) ) ;
#3871 = CARTESIAN_POINT ( 'NONE',  ( 2.909753293500117656E-15, 9.493750001229035007, 1.443375672974063439 ) ) ;
#3872 = CARTESIAN_POINT ( 'NONE',  ( 1.006430356249999436, 5.696875000614515017, -1.767562423498186358E-15 ) ) ;
#3873 = CARTESIAN_POINT ( 'NONE',  ( 0.5032151781249999400, 6.634375000614515017, 0.8715942556523221807 ) ) ;
#3874 = CARTESIAN_POINT ( 'NONE',  ( 0.6879868884324179534, 0.2806073961851473508, -0.9358011484030964722 ) ) ;
#3875 = CARTESIAN_POINT ( 'NONE',  ( -0.6249999999999993339, 5.649999999999997691, -1.082531754730547968 ) ) ;
#3876 = CARTESIAN_POINT ( 'NONE',  ( 1.006430356249999880, -0.6406249993854842284, 0.5810628371015469362 ) ) ;
#3877 = CARTESIAN_POINT ( 'NONE',  ( -2.614599868946037210E-15, 7.018750001229031810, -1.249999999999999334 ) ) ;
#3878 =( BOUNDED_CURVE ( )  B_SPLINE_CURVE ( 2, ( #1886, #2298, #2235, #844, #4236, #2759, #6089, #6175, #1855 ),
 .UNSPECIFIED., .F., .F. ) 
 B_SPLINE_CURVE_WITH_KNOTS ( ( 3, 2, 2, 2, 3 ),
 ( 0.4435483870967741882, 0.4462365591397849385, 0.4516129032258064391, 0.4569892473118279397, 0.4596774193548386900 ),
 .UNSPECIFIED. ) 
 CURVE ( )  GEOMETRIC_REPRESENTATION_ITEM ( )  RATIONAL_B_SPLINE_CURVE ( ( 0.9330127018922194093, 0.9330127018922194093, 1.000000000000000000, 0.8660254037844387076, 1.000000000000000000, 0.8660254037844387076, 1.000000000000000000, 0.9330127018922194093, 0.9330127018922194093 ) ) 
 REPRESENTATION_ITEM ( '' )  );
#3879 = ORIENTED_EDGE ( 'NONE', *, *, #3344, .T. ) ;
#3880 = CARTESIAN_POINT ( 'NONE',  ( -1.249999999999999112, 2.087499999999998579, -0.7216878364870322748 ) ) ;
#3881 = CARTESIAN_POINT ( 'NONE',  ( 0.6249999999999987788, 2.274999999999998579, 1.082531754730548412 ) ) ;
#3882 = DIRECTION ( 'NONE',  ( 0.000000000000000000, -0.000000000000000000, 1.000000000000000000 ) ) ;
#3883 = CARTESIAN_POINT ( 'NONE',  ( -1.006430356250000324, 10.38437500061451502, -0.5810628371015467142 ) ) ;
#3884 = CARTESIAN_POINT ( 'NONE',  ( 1.006430356249999658, -0.4906249993854842617, -9.819791222584819450E-16 ) ) ;
#3885 = VERTEX_POINT ( 'NONE', #4662 ) ;
#3886 = CARTESIAN_POINT ( 'NONE',  ( -0.5032151781250003841, 6.409375000614515372, -0.8715942556523218476 ) ) ;
#3887 = LINE ( 'NONE', #5425, #1816 ) ;
#3888 = CARTESIAN_POINT ( 'NONE',  ( 1.006430356249998770, 8.996875000614513951, -0.5810628371015489346 ) ) ;
#3889 = CARTESIAN_POINT ( 'NONE',  ( -0.5032151781249986078, 10.49687500061451395, 0.8715942556523228468 ) ) ;
#3890 = CARTESIAN_POINT ( 'NONE',  ( -1.250000000000000444, 8.443750001229030744, -0.7216878364870294993 ) ) ;
#3891 = ADVANCED_FACE ( 'NONE', ( #1298 ), #1327, .T. ) ;
#3892 = CARTESIAN_POINT ( 'NONE',  ( -0.3349364905389035640, 9.867403810567664024, 1.249999999999999112 ) ) ;
#3893 = CARTESIAN_POINT ( 'NONE',  ( 0.5032151781249982747, 3.521875000614515194, -0.8715942556523229579 ) ) ;
#3894 = CARTESIAN_POINT ( 'NONE',  ( 1.006430356249999658, 11.17187500061451289, 0.5810628371015478244 ) ) ;
#3895 = ORIENTED_EDGE ( 'NONE', *, *, #6009, .F. ) ;
#3896 = ORIENTED_EDGE ( 'NONE', *, *, #2073, .F. ) ;
#3897 = CARTESIAN_POINT ( 'NONE',  ( 0.5032151781249990519, 0.03437500061451571887, -0.8715942556523228468 ) ) ;
#3898 = CARTESIAN_POINT ( 'NONE',  ( -1.006430356249999436, 1.871875000614515505, 1.644310252063557226E-15 ) ) ;
#3899 = CARTESIAN_POINT ( 'NONE',  ( 1.249999999999999556, 7.787499999999998757, -0.7216878364870316087 ) ) ;
#3900 = ADVANCED_FACE ( 'NONE', ( #5197 ), #856, .T. ) ;
#3901 = CARTESIAN_POINT ( 'NONE',  ( 1.249999999999999334, 10.44999999999999751, 0.000000000000000000 ) ) ;
#3902 = CARTESIAN_POINT ( 'NONE',  ( -1.249999999999998224, 8.518750001229031810, 0.7216878364870340512 ) ) ;
#3903 = CARTESIAN_POINT ( 'NONE',  ( -1.006430356249999436, 5.021875000614516082, 1.644310252063557226E-15 ) ) ;
#3904 = CARTESIAN_POINT ( 'NONE',  ( 9.204127980810867663E-16, 7.496875000614514839, 1.162125674203096537 ) ) ;
#3905 = CARTESIAN_POINT ( 'NONE',  ( 0.6249999999999987788, 7.674999999999998934, 1.082531754730548412 ) ) ;
#3906 = CARTESIAN_POINT ( 'NONE',  ( 0.2929260930236803340, 0.2999209058676222117, -1.135458802757276064 ) ) ;
#3907 = EDGE_CURVE ( 'NONE', #1793, #3099, #4252, .T. ) ;
#3908 = CARTESIAN_POINT ( 'NONE',  ( 2.425814137964271543E-11, 0.4312500000022007063, 1.239174682453964893 ) ) ;
#3909 = PLANE ( 'NONE',  #4834 ) ;
#3910 = ORIENTED_EDGE ( 'NONE', *, *, #4540, .T. ) ;
#3911 = CARTESIAN_POINT ( 'NONE',  ( -1.249999999999999778, 2.162499999999998757, 0.7216878364870313867 ) ) ;
#3912 = CARTESIAN_POINT ( 'NONE',  ( 0.6249999999999987788, 5.874999999999998224, 1.082531754730548412 ) ) ;
#3913 = CARTESIAN_POINT ( 'NONE',  ( 1.006430356249999880, 11.05937500061451217, 0.5810628371015469362 ) ) ;
#3914 = CARTESIAN_POINT ( 'NONE',  ( -1.006430356249998992, 0.2218750006145156772, 0.5810628371015487126 ) ) ;
#3915 = ORIENTED_EDGE ( 'NONE', *, *, #5303, .T. ) ;
#3916 = CARTESIAN_POINT ( 'NONE',  ( -1.006430356249999658, 5.134375000614515017, 8.587269508238526152E-16 ) ) ;
#3917 = CARTESIAN_POINT ( 'NONE',  ( -4.938688641342514686E-16, 10.78749999999999609, 1.249999999999999334 ) ) ;
#3918 = CARTESIAN_POINT ( 'NONE',  ( -1.062732146793064491E-15, 6.821875000614515017, -1.162125674203096537 ) ) ;
#3919 = CARTESIAN_POINT ( 'NONE',  ( 0.5032151781250004952, 11.92187500061451466, 0.8715942556523216256 ) ) ;
#3920 = CARTESIAN_POINT ( 'NONE',  ( -0.8266562145851041876, 0.4447449576349049027, 0.9423725108786387139 ) ) ;
#3921 = CARTESIAN_POINT ( 'NONE',  ( 1.743066579297358255E-16, 9.662499999999997868, -1.249999999999999112 ) ) ;
#3922 = CARTESIAN_POINT ( 'NONE',  ( 1.827526258964323273E-15, 3.334375000614515638, 1.162125674203096093 ) ) ;
#3923 = CARTESIAN_POINT ( 'NONE',  ( 9.204127980810867663E-16, 11.09687500061451360, 1.162125674203096537 ) ) ;
#3924 = CARTESIAN_POINT ( 'NONE',  ( 0.000000000000000000, 12.00000000000000000, -1.249999999999999334 ) ) ;
#3925 = ORIENTED_EDGE ( 'NONE', *, *, #2571, .T. ) ;
#3926 = CARTESIAN_POINT ( 'NONE',  ( -1.062732146793064491E-15, 1.421875000614515105, -1.162125674203096537 ) ) ;
#3927 = CARTESIAN_POINT ( 'NONE',  ( -0.5032151781250009392, 3.596875000614515816, -0.8715942556523212925 ) ) ;
#3928 = CARTESIAN_POINT ( 'NONE',  ( -0.6250000000000002220, 8.049999999999998934, 1.082531754730547746 ) ) ;
#3929 = CARTESIAN_POINT ( 'NONE',  ( -0.3349364905389008995, 11.27365381179669868, 1.250000000000000000 ) ) ;
#3930 = CARTESIAN_POINT ( 'NONE',  ( 0.6249999999999974465, 10.13125000122903252, -1.082531754730548856 ) ) ;
#3931 = CARTESIAN_POINT ( 'NONE',  ( 1.006430356249999436, 8.846875000614513596, -1.767562423498186358E-15 ) ) ;
#3932 = CARTESIAN_POINT ( 'NONE',  ( -1.006430356249998992, 6.071875000614515905, 0.5810628371015487126 ) ) ;
#3933 = CARTESIAN_POINT ( 'NONE',  ( 1.250000000000000444, 4.618750001229031454, 0.7216878364870297213 ) ) ;
#3934 = CARTESIAN_POINT ( 'NONE',  ( 0.6249999999999974465, 2.031250001229032431, -1.082531754730548856 ) ) ;
#3935 = DIRECTION ( 'NONE',  ( 0.000000000000000000, 0.000000000000000000, -1.000000000000000000 ) ) ;
#3936 = CARTESIAN_POINT ( 'NONE',  ( -1.006430356249998548, 0.1093750006145156883, 0.5810628371015493787 ) ) ;
#3937 = CARTESIAN_POINT ( 'NONE',  ( 0.6250000000000012212, 0.5312500012290327644, 1.082531754730547080 ) ) ;
#3938 = ORIENTED_EDGE ( 'NONE', *, *, #372, .T. ) ;
#3939 = EDGE_CURVE ( 'NONE', #6040, #2353, #2728, .T. ) ;
#3940 = CYLINDRICAL_SURFACE ( 'NONE', #3580, 1.249999999999999334 ) ;
#3941 = CARTESIAN_POINT ( 'NONE',  ( -2.651438096812265438E-16, 4.037499999999997868, 1.443375672974063439 ) ) ;
#3942 = CARTESIAN_POINT ( 'NONE',  ( 0.6249999999999974465, 4.281250001229032875, -1.082531754730548856 ) ) ;
#3943 = CARTESIAN_POINT ( 'NONE',  ( -2.614599868946037210E-15, 11.06875000122903252, -1.249999999999999334 ) ) ;
#3944 = CARTESIAN_POINT ( 'NONE',  ( -2.614599868946037210E-15, 3.868750001229031898, -1.249999999999999334 ) ) ;
#3945 = CARTESIAN_POINT ( 'NONE',  ( 1.006430356249999658, 0.4093750006145155940, -9.819791222584819450E-16 ) ) ;
#3946 = ORIENTED_EDGE ( 'NONE', *, *, #1322, .F. ) ;
#3947 = CARTESIAN_POINT ( 'NONE',  ( 9.204127980810867663E-16, 6.596875000614514484, 1.162125674203096537 ) ) ;
#3948 = CARTESIAN_POINT ( 'NONE',  ( -1.006430356249999880, 8.246875000614515727, -0.5810628371015476024 ) ) ;
#3949 = CYLINDRICAL_SURFACE ( 'NONE', #4716, 1.249999999999999334 ) ;
#3950 = CARTESIAN_POINT ( 'NONE',  ( -2.614599868946037210E-15, 7.468750001229031099, -1.249999999999999334 ) ) ;
#3951 = CARTESIAN_POINT ( 'NONE',  ( 1.250000000000000444, 0.5687500012290328533, 0.7216878364870298324 ) ) ;
#3952 = CARTESIAN_POINT ( 'NONE',  ( 0.5032151781249982747, 1.721875000614515372, -0.8715942556523229579 ) ) ;
#3953 = CARTESIAN_POINT ( 'NONE',  ( 1.006430356249999658, 10.72187500061451360, 0.5810628371015478244 ) ) ;
#3954 = CARTESIAN_POINT ( 'NONE',  ( -0.8499999999999984235, 13.25000000000000000, 2.873176670084805394E-15 ) ) ;
#3955 = CIRCLE ( 'NONE', #3144, 1.250000000000000000 ) ;
#3956 = VERTEX_POINT ( 'NONE', #2771 ) ;
#3957 = CARTESIAN_POINT ( 'NONE',  ( -1.062732146793064491E-15, 1.871875000614515727, -1.162125674203096537 ) ) ;
#3958 = CARTESIAN_POINT ( 'NONE',  ( 1.006430356249999880, 5.209375000614516971, 0.5810628371015468252 ) ) ;
#3959 = CARTESIAN_POINT ( 'NONE',  ( 8.838126989374219771E-17, 8.762499999999999289, -1.443375672974063439 ) ) ;
#3960 = CARTESIAN_POINT ( 'NONE',  ( 0.3349364905388969027, 10.54240381056766473, -1.250000000000002887 ) ) ;
#3961 = CARTESIAN_POINT ( 'NONE',  ( -1.250000000000000444, 9.343750001229031099, -0.7216878364870296103 ) ) ;
#3962 = B_SPLINE_CURVE_WITH_KNOTS ( 'NONE', 3,
 ( #3217, #5137, #5284, #4814, #2921, #4375, #1962, #2444, #941, #2891, #3811, #33, #3460, #3874, #2381, #3906, #3844, #572 ),
 .UNSPECIFIED., .F., .F.,
 ( 4, 2, 2, 2, 2, 2, 2, 2, 4 ),
 ( 0.002262592218102558485, 0.002703044062293304128, 0.003143495906484049772, 0.003583947750674794982, 0.004024399594865540192, 0.004464851439056286703, 0.004905303283247031479, 0.005345755127437777990, 0.005786206971628522766 ),
 .UNSPECIFIED. ) ;
#3963 = CARTESIAN_POINT ( 'NONE',  ( -0.5032151781249993849, 8.359375000614514661, 0.8715942556523227358 ) ) ;
#3964 = CARTESIAN_POINT ( 'NONE',  ( 1.743066579297358255E-16, 0.6624999999999986455, -1.249999999999999112 ) ) ;
#3965 = DIRECTION ( 'NONE',  ( 0.5000000000000001110, 0.000000000000000000, -0.8660254037844387076 ) ) ;
#3966 = CARTESIAN_POINT ( 'NONE',  ( 2.236935443431609674E-15, 1.843750001229032653, 1.249999999999999556 ) ) ;
#3967 = CARTESIAN_POINT ( 'NONE',  ( 0.5032151781250004952, 2.021875000614515638, 0.8715942556523216256 ) ) ;
#3968 = VECTOR ( 'NONE', #5755, 1000.000000000000000 ) ;
#3969 = CYLINDRICAL_SURFACE ( 'NONE', #4335, 1.249999999999999334 ) ;
#3970 = ORIENTED_EDGE ( 'NONE', *, *, #5082, .T. ) ;
#3971 = CARTESIAN_POINT ( 'NONE',  ( 9.204127980810867663E-16, 2.546875000614515550, 1.162125674203096537 ) ) ;
#3972 = DIRECTION ( 'NONE',  ( 0.000000000000000000, 0.000000000000000000, -1.000000000000000000 ) ) ;
#3973 = CARTESIAN_POINT ( 'NONE',  ( 1.249999999999999556, 4.637499999999999289, -0.7216878364870316087 ) ) ;
#3974 = CARTESIAN_POINT ( 'NONE',  ( -1.249999999999999334, 3.531250001229031987, 2.596460695863248776E-15 ) ) ;
#3975 = CARTESIAN_POINT ( 'NONE',  ( 2.236935443431609674E-15, 4.543750001229032165, 1.249999999999999556 ) ) ;
#3976 = EDGE_CURVE ( 'NONE', #1194, #5566, #4000, .T. ) ;
#3977 = CYLINDRICAL_SURFACE ( 'NONE', #369, 1.249999999999999334 ) ;
#3978 = ORIENTED_EDGE ( 'NONE', *, *, #5897, .T. ) ;
#3979 = CARTESIAN_POINT ( 'NONE',  ( -1.006430356249999214, 5.171875000614515550, 0.5810628371015488236 ) ) ;
#3980 = FACE_OUTER_BOUND ( 'NONE', #6111, .T. ) ;
#3981 = CARTESIAN_POINT ( 'NONE',  ( -0.5032151781250003841, 10.90937500061451360, -0.8715942556523218476 ) ) ;
#3982 = CARTESIAN_POINT ( 'NONE',  ( 1.249999999999999112, 0.9624999999999983569, 0.7216878364870324969 ) ) ;
#3983 = CARTESIAN_POINT ( 'NONE',  ( 1.250000000000000444, 0.1187500012290328699, 0.7216878364870298324 ) ) ;
#3984 = CARTESIAN_POINT ( 'NONE',  ( -1.006430356249998548, 4.609375000614515550, 0.5810628371015493787 ) ) ;
#3985 = CARTESIAN_POINT ( 'NONE',  ( -0.5032151781249993849, 11.05937500061451573, 0.8715942556523227358 ) ) ;
#3986 = CARTESIAN_POINT ( 'NONE',  ( 1.006430356249999658, 2.621875000614515283, 0.5810628371015478244 ) ) ;
#3987 = CARTESIAN_POINT ( 'NONE',  ( -1.006430356249998548, 5.059375000614516615, 0.5810628371015494897 ) ) ;
#3988 = CARTESIAN_POINT ( 'NONE',  ( -1.249999999999999778, 9.812499999999998224, 0.7216878364870313867 ) ) ;
#3989 = DIRECTION ( 'NONE',  ( -0.000000000000000000, -1.000000000000000000, -0.000000000000000000 ) ) ;
#3990 = CARTESIAN_POINT ( 'NONE',  ( -1.249999999999998224, 12.56875000122902897, 0.7216878364870340512 ) ) ;
#3991 = CARTESIAN_POINT ( 'NONE',  ( -1.006430356249999658, 7.834375000614516082, 8.587269508238526152E-16 ) ) ;
#3992 = CARTESIAN_POINT ( 'NONE',  ( 1.743066579297358255E-16, 4.712499999999996803, -1.249999999999999112 ) ) ;
#3993 = CARTESIAN_POINT ( 'NONE',  ( -1.249999999999999112, 6.137499999999998401, -0.7216878364870322748 ) ) ;
#3994 = CARTESIAN_POINT ( 'NONE',  ( 1.743066579297358255E-16, 5.162499999999998757, -1.249999999999999112 ) ) ;
#3995 = CARTESIAN_POINT ( 'NONE',  ( 1.006430356249999436, 2.546875000614515994, -1.767562423498186358E-15 ) ) ;
#3996 = FACE_OUTER_BOUND ( 'NONE', #3181, .T. ) ;
#3997 = ORIENTED_EDGE ( 'NONE', *, *, #2465, .T. ) ;
#3998 = CARTESIAN_POINT ( 'NONE',  ( 0.5032151781249990519, 2.734375000614515550, -0.8715942556523228468 ) ) ;
#3999 = ADVANCED_FACE ( 'NONE', ( #4693 ), #4223, .T. ) ;
#4000 =( BOUNDED_CURVE ( )  B_SPLINE_CURVE ( 2, ( #3783, #3688, #5700, #1359, #3722 ),
 .UNSPECIFIED., .F., .T. ) 
 B_SPLINE_CURVE_WITH_KNOTS ( ( 3, 2, 3 ),
 ( 0.1177810439019693067, 0.1182795698924731242, 0.1209677419354838607 ),
 .UNSPECIFIED. ) 
 CURVE ( )  GEOMETRIC_REPRESENTATION_ITEM ( )  RATIONAL_B_SPLINE_CURVE ( ( 0.9774580362816189805, 0.9875770937997876420, 1.000000000000000000, 0.9330127018922197424, 0.9330127018922194093 ) ) 
 REPRESENTATION_ITEM ( '' )  );
#4001 = CARTESIAN_POINT ( 'NONE',  ( -0.3349364905389008995, 9.473653811796699742, 1.250000000000000000 ) ) ;
#4002 = CARTESIAN_POINT ( 'NONE',  ( 1.249999999999999556, 2.837499999999998579, -0.7216878364870316087 ) ) ;
#4003 = CARTESIAN_POINT ( 'NONE',  ( -3.086515833287601756E-15, 4.318750001229032520, -1.443375672974063439 ) ) ;
#4004 = DIRECTION ( 'NONE',  ( -0.000000000000000000, -1.000000000000000000, -0.000000000000000000 ) ) ;
#4005 = FACE_OUTER_BOUND ( 'NONE', #1142, .T. ) ;
#4006 = VERTEX_POINT ( 'NONE', #2861 ) ;
#4007 = CARTESIAN_POINT ( 'NONE',  ( -1.062732146793064886E-15, 6.371875000614515727, -1.162125674203096537 ) ) ;
#4008 = DIRECTION ( 'NONE',  ( -0.000000000000000000, -1.000000000000000000, -0.000000000000000000 ) ) ;
#4009 = CARTESIAN_POINT ( 'NONE',  ( -1.006430356249999658, 10.98437500061451289, 8.587269508238524180E-16 ) ) ;
#4010 = CARTESIAN_POINT ( 'NONE',  ( -0.3349364905389008995, 5.873653811796697433, 1.250000000000000000 ) ) ;
#4011 = CARTESIAN_POINT ( 'NONE',  ( -0.6249999999999978906, 0.006250001229032896635, 1.082531754730548856 ) ) ;
#4012 = CARTESIAN_POINT ( 'NONE',  ( -1.006430356250000324, 4.084375000614516082, -0.5810628371015467142 ) ) ;
#4013 =( BOUNDED_CURVE ( )  B_SPLINE_CURVE ( 2, ( #5122, #1763, #3739, #370, #4616, #2818, #2729, #4648, #281 ),
 .UNSPECIFIED., .F., .T. ) 
 B_SPLINE_CURVE_WITH_KNOTS ( ( 3, 2, 2, 2, 3 ),
 ( 0.8629032258064516236, 0.8655913978494623739, 0.8709677419354838745, 0.8763440860215053752, 0.8790322580645161255 ),
 .UNSPECIFIED. ) 
 CURVE ( )  GEOMETRIC_REPRESENTATION_ITEM ( )  RATIONAL_B_SPLINE_CURVE ( ( 0.9330127018922194093, 0.9330127018922194093, 1.000000000000000000, 0.8660254037844387076, 1.000000000000000000, 0.8660254037844387076, 1.000000000000000000, 0.9330127018922194093, 0.9330127018922194093 ) ) 
 REPRESENTATION_ITEM ( '' )  );
#4014 = CARTESIAN_POINT ( 'NONE',  ( 6.420295233745270867E-15, 3.137499999999999289, 1.249999999999999334 ) ) ;
#4015 = CARTESIAN_POINT ( 'NONE',  ( 7.846973004653627780E-15, 13.40000000000000036, 1.154700538379251906 ) ) ;
#4016 = EDGE_CURVE ( 'NONE', #5809, #931, #5141, .T. ) ;
#4017 = CARTESIAN_POINT ( 'NONE',  ( -1.006430356249999880, 4.196875000614515905, -0.5810628371015476024 ) ) ;
#4018 = CARTESIAN_POINT ( 'NONE',  ( -1.006430356249999436, 5.921875000614515550, 1.644310252063557226E-15 ) ) ;
#4019 = CARTESIAN_POINT ( 'NONE',  ( 1.249999999999999556, 10.03749999999999964, -0.7216878364870316087 ) ) ;
#4020 = CARTESIAN_POINT ( 'NONE',  ( 1.743066579297358255E-16, 3.362499999999998934, -1.249999999999999112 ) ) ;
#4021 = CARTESIAN_POINT ( 'NONE',  ( -0.6250000000000017764, 12.45625000122903359, -1.082531754730546636 ) ) ;
#4022 = CARTESIAN_POINT ( 'NONE',  ( 1.006430356249999658, 8.509375000614515017, -9.819791222584819450E-16 ) ) ;
#4023 = CARTESIAN_POINT ( 'NONE',  ( 0.000000000000000000, 12.00000000000000000, 0.000000000000000000 ) ) ;
#4024 = CARTESIAN_POINT ( 'NONE',  ( 2.236935443431609674E-15, 11.29375000122903216, 1.249999999999999556 ) ) ;
#4025 = AXIS2_PLACEMENT_3D ( 'NONE', #4277, #1320, #6182 ) ;
#4026 = CARTESIAN_POINT ( 'NONE',  ( 0.6249999999999997780, 5.124999999999998224, -1.082531754730547746 ) ) ;
#4027 = CARTESIAN_POINT ( 'NONE',  ( 0.5032151781249982747, 0.3718750006145156162, -0.8715942556523229579 ) ) ;
#4028 = CARTESIAN_POINT ( 'NONE',  ( -0.3349364905389042302, 2.088846190661366453, -1.249999999999999556 ) ) ;
#4029 = ORIENTED_EDGE ( 'NONE', *, *, #968, .T. ) ;
#4030 = CARTESIAN_POINT ( 'NONE',  ( -0.5032151781250003841, 2.809375000614515727, -0.8715942556523218476 ) ) ;
#4031 = AXIS2_PLACEMENT_3D ( 'NONE', #1103, #5913, #4060 ) ;
#4032 = CARTESIAN_POINT ( 'NONE',  ( -0.3349364905389045632, 2.482596189432332956, -1.249999999999998668 ) ) ;
#4033 = CARTESIAN_POINT ( 'NONE',  ( 0.6249999999999997780, 3.774999999999998135, -1.082531754730547746 ) ) ;
#4034 = CARTESIAN_POINT ( 'NONE',  ( 1.249999999999999334, 3.756250001229032520, -2.749541545756668106E-15 ) ) ;
#4035 = CARTESIAN_POINT ( 'NONE',  ( -2.614599868946037210E-15, 11.51875000122903003, -1.249999999999999334 ) ) ;
#4036 = CARTESIAN_POINT ( 'NONE',  ( 1.006430356249998104, 12.48437500061451466, -0.5810628371015496008 ) ) ;
#4037 = ORIENTED_EDGE ( 'NONE', *, *, #128, .F. ) ;
#4038 =( BOUNDED_CURVE ( )  B_SPLINE_CURVE ( 2, ( #3846, #3336, #1995, #2416, #2834, #4346, #1390, #5256, #5287 ),
 .UNSPECIFIED., .F., .F. ) 
 B_SPLINE_CURVE_WITH_KNOTS ( ( 3, 2, 2, 2, 3 ),
 ( 0.2177419354838709686, 0.2204301075268817189, 0.2258064516129032195, 0.2311827956989247201, 0.2338709677419354982 ),
 .UNSPECIFIED. ) 
 CURVE ( )  GEOMETRIC_REPRESENTATION_ITEM ( )  RATIONAL_B_SPLINE_CURVE ( ( 0.9330127018922194093, 0.9330127018922194093, 1.000000000000000000, 0.8660254037844387076, 1.000000000000000000, 0.8660254037844387076, 1.000000000000000000, 0.9330127018922189652, 0.9330127018922192983 ) ) 
 REPRESENTATION_ITEM ( '' )  );
#4039 = CARTESIAN_POINT ( 'NONE',  ( -1.062732146793064886E-15, 9.071875000614515017, -1.162125674203096537 ) ) ;
#4040 =( BOUNDED_CURVE ( )  B_SPLINE_CURVE ( 2, ( #5902, #5838, #3513, #5431, #3040, #4993, #712, #2263, #3610, #5524, #5084, #4146, #4080, #742, #4677, #1279, #5492, #3702, #1758, #4611, #2688, #2622, #5025, #3577, #4642, #2141, #335, #2656, #1181, #5996, #4579, #3198, #1694, #276, #3132, #2202, #5053, #1150, #4206, #304, #679, #775, #4550, #2231, #1728, #208, #2755, #5116, #3673, #6057, #1662, #5592, #4176, #1248, #3100, #5623, #3230, #2723, #5559, #2172, #241, #4113, #6026, #3642, #6085, #5152, #809, #1212, #1627, #3166, #924, #4232, #3258, #4796, #2362, #3824, #5738, #3734, #5178, #1815, #5653, #5711, #1339, #2903, #1400, #5768, #1310, #5680, #3346, #6232, #3288, #3378, #3317, #6170, #841, #5208, #2425, #2784, #4705, #2813, #953, #4826, #5236, #866, #894, #2393, #5265, #4735, #395, #1913, #488, #6138, #2843, #2872, #1882, #3761, #2328, #4264, #6112, #4766, #365, #458, #5296, #1851, #1785, #3793, #1370, #426, #4296, #6201, #4327, #2295, #3856, #1429, #1081, #3410, #5924, #1019, #3916, #3979, #3474, #5453, #1556, #109, #2522, #986, #4451, #3034, #584, #1942, #2070, #1586, #3505, #2005, #4894, #1460, #1113, #5894, #5328, #5424, #2039, #3004, #2934, #4926, #614, #4955, #2456, #4857, #2552, #4481, #140, #4007, #3886, #519, #44, #5799, #3536, #3947, #5830, #3062, #4986, #1973, #642, #1494, #2970, #4388, #3443, #4355, #554, #5363, #5863, #12, #2488, #1525, #4419, #78, #5393, #1052, #1686, #1653, #3631, #1271, #3092, #6048, #1719, #4510, #703, #5953, #5045, #5550, #170, #3156, #2645, #2680, #5075, #1202, #734, #3189, #1750, #4069, #5144, #3664, #267, #1172, #198, #5584, #3693, #3222, #4541, #2132, #6017, #4603, #5015, #2194, #5615, #2222, #2101, #4634, #2714, #4137, #1239, #3569, #1619, #4039, #5108, #671, #2583, #3601, #5986, #2613, #5515, #765, #4570, #296, #3123, #4167, #233, #6077, #5483, #1143, #2164, #4105, #6103, #325, #2746, #4198, #2254, #1777, #1302, #800, #3726, #5645, #3251, #4668, #1089, #5401, #3417, #1058, #3039, #1563, #4866, #52, #4902, #495, #115, #5337, #527, #3953, #3068, #2464, #4395, #3511, #2045, #3482, #3011, #1980, #3985, #3923, #3450, #3894, #993, #5871, #560, #1950, #5837, #2433, #1467, #2941, #5370, #1594, #5901, #1500, #146, #5807, #3543, #5460, #1027, #5430, #4962, #4364, #2496, #4934, #4457 ),
 .UNSPECIFIED., .F., .F. ) 
 B_SPLINE_CURVE_WITH_KNOTS ( ( 3, 2, 2, 2, 2, 2, 2, 2, 2, 2, 2, 2, 2, 2, 2, 2, 2, 2, 2, 2, 2, 2, 2, 2, 2, 2, 2, 2, 2, 2, 2, 2, 2, 2, 2, 2, 2, 2, 2, 2, 2, 2, 2, 2, 2, 2, 2, 2, 2, 2, 2, 2, 2, 2, 2, 2, 2, 2, 2, 2, 2, 2, 2, 2, 2, 2, 2, 2, 2, 2, 2, 2, 2, 2, 2, 2, 2, 2, 2, 2, 2, 2, 2, 2, 2, 2, 2, 2, 2, 2, 2, 2, 2, 2, 2, 2, 2, 2, 2, 2, 2, 2, 2, 2, 2, 2, 2, 2, 2, 2, 2, 2, 2, 2, 2, 2, 2, 2, 2, 2, 2, 2, 2, 2, 2, 2, 2, 2, 2, 2, 2, 2, 2, 2, 2, 2, 2, 2, 2, 2, 2, 2, 2, 2, 2, 2, 2, 2, 2, 2, 2, 2, 2, 2, 2, 2, 2, 2, 2, 2, 2, 3 ),
 ( 0.06939394731723946830, 0.06989247311827956333, 0.07526881720430107781, 0.08064516129032257841, 0.08602150537634409289, 0.09139784946236559349, 0.09677419354838709409, 0.1021505376344086086, 0.1075268817204300953, 0.1129032258064516098, 0.1182795698924731242, 0.1236559139784946248, 0.1290322580645161255, 0.1344086021505376261, 0.1397849462365591267, 0.1451612903225806550, 0.1505376344086021556, 0.1559139784946236562, 0.1612903225806451291, 0.1666666666666666574, 0.1720430107526881858, 0.1774193548387096864, 0.1827956989247311870, 0.1881720430107526876, 0.1935483870967741882, 0.1989247311827956888, 0.2043010752688172171, 0.2096774193548387177, 0.2150537634408602183, 0.2204301075268817189, 0.2258064516129032195, 0.2311827956989247479, 0.2365591397849462485, 0.2419354838709677769, 0.2473118279569892497, 0.2526881720430107503, 0.2580645161290322509, 0.2634408602150537515, 0.2688172043010752521, 0.2741935483870967527, 0.2795698924731182533, 0.2849462365591398094, 0.2903225806451613655, 0.2956989247311828106, 0.3010752688172043112, 0.3064516129032258118, 0.3118279569892473124, 0.3172043010752687575, 0.3225806451612903136, 0.3279569892473118142, 0.3333333333333333148, 0.3387096774193548154, 0.3440860215053763715, 0.3494623655913978721, 0.3548387096774193727, 0.3602150537634408733, 0.3655913978494623739, 0.3709677419354839301, 0.3763440860215053752, 0.3817204301075268758, 0.3870967741935483764, 0.3924731182795698770, 0.3978494623655913776, 0.4032258064516128782, 0.4086021505376344343, 0.4139784946236559349, 0.4193548387096774355, 0.4247311827956989361, 0.4301075268817204922, 0.4354838709677419373, 0.4408602150537634379, 0.4462365591397848830, 0.4516129032258064391, 0.4569892473118279397, 0.4623655913978494403, 0.4677419354838709409, 0.4731182795698924970, 0.4784946236559139976, 0.4838709677419354982, 0.4892473118279569988, 0.4946236559139784994, 0.5000000000000000000, 0.5053763440860215006, 0.5107526881720430012, 0.5161290322580645018, 0.5215053763440860024, 0.5268817204301075030, 0.5322580645161290036, 0.5376344086021505042, 0.5430107526881720048, 0.5483870967741935054, 0.5537634408602150060, 0.5591397849462365066, 0.5645161290322580072, 0.5698924731182796188, 0.5752688172043011194, 0.5806451612903226200, 0.5860215053763441206, 0.5913978494623656212, 0.5967741935483871218, 0.6021505376344086224, 0.6075268817204301230, 0.6129032258064516236, 0.6182795698924731242, 0.6236559139784946248, 0.6290322580645161255, 0.6344086021505376261, 0.6397849462365591267, 0.6451612903225806273, 0.6505376344086021279, 0.6559139784946236285, 0.6612903225806451291, 0.6666666666666665186, 0.6720430107526881303, 0.6774193548387096309, 0.6827956989247311315, 0.6881720430107527431, 0.6935483870967742437, 0.6989247311827957443, 0.7043010752688172449, 0.7096774193548388565, 0.7150537634408602461, 0.7204301075268817467, 0.7258064516129031363, 0.7311827956989247479, 0.7365591397849462485, 0.7419354838709677491, 0.7473118279569892497, 0.7526881720430107503, 0.7580645161290322509, 0.7634408602150537515, 0.7688172043010752521, 0.7741935483870967527, 0.7795698924731182533, 0.7849462365591398649, 0.7903225806451612545, 0.7956989247311827551, 0.8010752688172041447, 0.8064516129032257563, 0.8118279569892472569, 0.8172043010752688685, 0.8225806451612903691, 0.8279569892473118697, 0.8333333333333333703, 0.8387096774193548709, 0.8440860215053764826, 0.8494623655913978721, 0.8548387096774193727, 0.8602150537634407623, 0.8655913978494623739, 0.8709677419354838745, 0.8763440860215053752, 0.8817204301075268758, 0.8870967741935483764, 0.8924731182795698770, 0.8978494623655913776, 0.9032258064516128782, 0.9086021505376343788, 0.9139784946236558794, 0.9193548387096774910, 0.9247311827956988806, 0.9276284538135113333 ),
 .UNSPECIFIED. ) 
 CURVE ( )  GEOMETRIC_REPRESENTATION_ITEM ( )  RATIONAL_B_SPLINE_CURVE ( ( 0.9774580439730709003, 0.9875770985210862163, 1.000000000000000000, 0.8660254037844387076, 1.000000000000000000, 0.8660254037844387076, 1.000000000000000000, 0.8660254037844387076, 1.000000000000000000, 0.8660254037844387076, 1.000000000000000000, 0.8660254037844387076, 1.000000000000000000, 0.8660254037844387076, 1.000000000000000000, 0.8660254037844387076, 1.000000000000000000, 0.8660254037844387076, 1.000000000000000000, 0.8660254037844387076, 1.000000000000000000, 0.8660254037844387076, 1.000000000000000000, 0.8660254037844387076, 1.000000000000000000, 0.8660254037844387076, 1.000000000000000000, 0.8660254037844387076, 1.000000000000000000, 0.8660254037844387076, 1.000000000000000000, 0.8660254037844387076, 1.000000000000000000, 0.8660254037844387076, 1.000000000000000000, 0.8660254037844387076, 1.000000000000000000, 0.8660254037844387076, 1.000000000000000000, 0.8660254037844387076, 1.000000000000000000, 0.8660254037844387076, 1.000000000000000000, 0.8660254037844387076, 1.000000000000000000, 0.8660254037844387076, 1.000000000000000000, 0.8660254037844387076, 1.000000000000000000, 0.8660254037844387076, 1.000000000000000000, 0.8660254037844387076, 1.000000000000000000, 0.8660254037844387076, 1.000000000000000000, 0.8660254037844387076, 1.000000000000000000, 0.8660254037844387076, 1.000000000000000000, 0.8660254037844387076, 1.000000000000000000, 0.8660254037844387076, 1.000000000000000000, 0.8660254037844387076, 1.000000000000000000, 0.8660254037844387076, 1.000000000000000000, 0.8660254037844387076, 1.000000000000000000, 0.8660254037844387076, 1.000000000000000000, 0.8660254037844387076, 1.000000000000000000, 0.8660254037844387076, 1.000000000000000000, 0.8660254037844387076, 1.000000000000000000, 0.8660254037844387076, 1.000000000000000000, 0.8660254037844387076, 1.000000000000000000, 0.8660254037844387076, 1.000000000000000000, 0.8660254037844387076, 1.000000000000000000, 0.8660254037844387076, 1.000000000000000000, 0.8660254037844387076, 1.000000000000000000, 0.8660254037844387076, 1.000000000000000000, 0.8660254037844387076, 1.000000000000000000, 0.8660254037844387076, 1.000000000000000000, 0.8660254037844387076, 1.000000000000000000, 0.8660254037844387076, 1.000000000000000000, 0.8660254037844387076, 1.000000000000000000, 0.8660254037844387076, 1.000000000000000000, 0.8660254037844387076, 1.000000000000000000, 0.8660254037844387076, 1.000000000000000000, 0.8660254037844387076, 1.000000000000000000, 0.8660254037844387076, 1.000000000000000000, 0.8660254037844387076, 1.000000000000000000, 0.8660254037844387076, 1.000000000000000000, 0.8660254037844387076, 1.000000000000000000, 0.8660254037844387076, 1.000000000000000000, 0.8660254037844387076, 1.000000000000000000, 0.8660254037844387076, 1.000000000000000000, 0.8660254037844387076, 1.000000000000000000, 0.8660254037844387076, 1.000000000000000000, 0.8660254037844387076, 1.000000000000000000, 0.8660254037844387076, 1.000000000000000000, 0.8660254037844387076, 1.000000000000000000, 0.8660254037844387076, 1.000000000000000000, 0.8660254037844387076, 1.000000000000000000, 0.8660254037844387076, 1.000000000000000000, 0.8660254037844387076, 1.000000000000000000, 0.8660254037844387076, 1.000000000000000000, 0.8660254037844387076, 1.000000000000000000, 0.8660254037844387076, 1.000000000000000000, 0.8660254037844387076, 1.000000000000000000, 0.8660254037844387076, 1.000000000000000000, 0.8660254037844387076, 1.000000000000000000, 0.8660254037844387076, 1.000000000000000000, 0.8660254037844387076, 1.000000000000000000, 0.8660254037844387076, 1.000000000000000000, 0.8660254037844387076, 1.000000000000000000, 0.8660254037844387076, 1.000000000000000000, 0.8660254037844387076, 1.000000000000000000, 0.8660254037844387076, 1.000000000000000000, 0.8660254037844387076, 1.000000000000000000, 0.8660254037844387076, 1.000000000000000000, 0.8660254037844387076, 1.000000000000000000, 0.8660254037844387076, 1.000000000000000000, 0.8660254037844387076, 1.000000000000000000, 0.8660254037844387076, 1.000000000000000000, 0.8660254037844387076, 1.000000000000000000, 0.8660254037844387076, 1.000000000000000000, 0.8660254037844387076, 1.000000000000000000, 0.8660254037844387076, 1.000000000000000000, 0.8660254037844387076, 1.000000000000000000, 0.8660254037844387076, 1.000000000000000000, 0.8660254037844387076, 1.000000000000000000, 0.8660254037844387076, 1.000000000000000000, 0.8660254037844387076, 1.000000000000000000, 0.8660254037844387076, 1.000000000000000000, 0.8660254037844387076, 1.000000000000000000, 0.8660254037844387076, 1.000000000000000000, 0.8660254037844387076, 1.000000000000000000, 0.8660254037844387076, 1.000000000000000000, 0.8660254037844387076, 1.000000000000000000, 0.8660254037844387076, 1.000000000000000000, 0.8660254037844387076, 1.000000000000000000, 0.8660254037844387076, 1.000000000000000000, 0.8660254037844387076, 1.000000000000000000, 0.8660254037844387076, 1.000000000000000000, 0.8660254037844387076, 1.000000000000000000, 0.8660254037844387076, 1.000000000000000000, 0.8660254037844387076, 1.000000000000000000, 0.8660254037844387076, 1.000000000000000000, 0.8660254037844387076, 1.000000000000000000, 0.8660254037844387076, 1.000000000000000000, 0.8660254037844387076, 1.000000000000000000, 0.8660254037844387076, 1.000000000000000000, 0.8660254037844387076, 1.000000000000000000, 0.8660254037844387076, 1.000000000000000000, 0.8660254037844387076, 1.000000000000000000, 0.8660254037844387076, 1.000000000000000000, 0.8660254037844387076, 1.000000000000000000, 0.8660254037844387076, 1.000000000000000000, 0.8660254037844387076, 1.000000000000000000, 0.8660254037844387076, 1.000000000000000000, 0.8660254037844387076, 1.000000000000000000, 0.8660254037844387076, 1.000000000000000000, 0.8660254037844387076, 1.000000000000000000, 0.8660254037844387076, 1.000000000000000000, 0.8660254037844387076, 1.000000000000000000, 0.8660254037844387076, 1.000000000000000000, 0.8660254037844387076, 1.000000000000000000, 0.8660254037844387076, 1.000000000000000000, 0.8660254037844387076, 1.000000000000000000, 0.8660254037844387076, 1.000000000000000000, 0.8660254037844387076, 1.000000000000000000, 0.8660254037844387076, 1.000000000000000000, 0.8660254037844387076, 1.000000000000000000, 0.8660254037844387076, 1.000000000000000000, 0.8660254037844387076, 1.000000000000000000, 0.8660254037844387076, 1.000000000000000000, 0.8660254037844387076, 1.000000000000000000, 0.8660254037844387076, 1.000000000000000000, 0.8660254037844387076, 1.000000000000000000, 0.8660254037844387076, 1.000000000000000000, 0.8660254037844387076, 1.000000000000000000, 0.8660254037844387076, 1.000000000000000000, 0.8660254037844387076, 1.000000000000000000, 0.8660254037844387076, 1.000000000000000000, 0.8660254037844387076, 1.000000000000000000, 0.8660254037844387076, 1.000000000000000000, 0.8660254037844387076, 1.000000000000000000, 0.8660254037844387076, 1.000000000000000000, 0.8660254037844387076, 1.000000000000000000, 0.8660254037844387076, 1.000000000000000000, 0.8660254037844387076, 1.000000000000000000, 0.8660254037844387076, 1.000000000000000000, 0.8660254037844387076, 1.000000000000000000, 0.8660254037844387076, 1.000000000000000000, 0.8660254037844387076, 1.000000000000000000, 0.9278021070586441876, 0.9334180070662838613 ) ) 
 REPRESENTATION_ITEM ( '' )  );
#4041 = CARTESIAN_POINT ( 'NONE',  ( -2.614599868946037210E-15, 7.468750001229031099, -1.249999999999999334 ) ) ;
#4042 = CARTESIAN_POINT ( 'NONE',  ( -0.5032151781249993849, 9.259375000614515017, 0.8715942556523227358 ) ) ;
#4043 = CARTESIAN_POINT ( 'NONE',  ( -3.086515833287601756E-15, 0.7187500012290329865, -1.443375672974063439 ) ) ;
#4044 = CARTESIAN_POINT ( 'NONE',  ( -0.5032151781250009392, 4.046875000614515550, -0.8715942556523212925 ) ) ;
#4045 = CARTESIAN_POINT ( 'NONE',  ( -1.006430356250000324, 9.484375000614514661, -0.5810628371015467142 ) ) ;
#4046 = EDGE_CURVE ( 'NONE', #404, #5549, #5138, .T. ) ;
#4047 = ORIENTED_EDGE ( 'NONE', *, *, #2073, .T. ) ;
#4048 = DIRECTION ( 'NONE',  ( 0.000000000000000000, 0.000000000000000000, -1.000000000000000000 ) ) ;
#4049 = CARTESIAN_POINT ( 'NONE',  ( -0.5032151781249993849, 2.509375000614515461, 0.8715942556523227358 ) ) ;
#4050 = CARTESIAN_POINT ( 'NONE',  ( 0.5032151781250004952, 5.621875000614515727, 0.8715942556523216256 ) ) ;
#4051 = CARTESIAN_POINT ( 'NONE',  ( 1.249999999999999556, 11.38749999999999751, -0.7216878364870316087 ) ) ;
#4052 =( BOUNDED_CURVE ( )  B_SPLINE_CURVE ( 2, ( #415, #855, #292, #5226, #2707, #2349, #6189, #6072, #2801 ),
 .UNSPECIFIED., .F., .T. ) 
 B_SPLINE_CURVE_WITH_KNOTS ( ( 3, 2, 2, 2, 3 ),
 ( 0.7177419354838709964, 0.7204301075268817467, 0.7258064516129032473, 0.7311827956989247479, 0.7338709677419354982 ),
 .UNSPECIFIED. ) 
 CURVE ( )  GEOMETRIC_REPRESENTATION_ITEM ( )  RATIONAL_B_SPLINE_CURVE ( ( 0.9330127018922194093, 0.9330127018922194093, 1.000000000000000000, 0.8660254037844387076, 1.000000000000000000, 0.8660254037844387076, 1.000000000000000000, 0.9330127018922194093, 0.9330127018922194093 ) ) 
 REPRESENTATION_ITEM ( '' )  );
#4053 = CARTESIAN_POINT ( 'NONE',  ( 0.000000000000000000, 12.00000000000000000, 0.000000000000000000 ) ) ;
#4054 = CARTESIAN_POINT ( 'NONE',  ( 0.6249999999999974465, 11.03125000122903288, -1.082531754730548856 ) ) ;
#4055 = VECTOR ( 'NONE', #2681, 1000.000000000000000 ) ;
#4056 = CARTESIAN_POINT ( 'NONE',  ( 0.5032151781249999400, 9.334375000614514306, 0.8715942556523221807 ) ) ;
#4057 = CARTESIAN_POINT ( 'NONE',  ( 1.249999999999999112, 8.612499999999998934, 0.7216878364870324969 ) ) ;
#4058 = CARTESIAN_POINT ( 'NONE',  ( -0.3349364905389008995, 6.773653811796697788, 1.250000000000000000 ) ) ;
#4059 = CARTESIAN_POINT ( 'NONE',  ( 1.006430356249999436, 0.7468750006145157272, -1.767562423498186358E-15 ) ) ;
#4060 = DIRECTION ( 'NONE',  ( 0.000000000000000000, -0.000000000000000000, 1.000000000000000000 ) ) ;
#4061 = VERTEX_POINT ( 'NONE', #4846 ) ;
#4062 = CARTESIAN_POINT ( 'NONE',  ( 0.5032151781249999400, 1.684375000614515505, 0.8715942556523221807 ) ) ;
#4063 = CARTESIAN_POINT ( 'NONE',  ( -2.614599868946037210E-15, 4.768750001229030921, -1.249999999999999334 ) ) ;
#4064 = CARTESIAN_POINT ( 'NONE',  ( -2.651438096812265438E-16, 2.687499999999998668, 1.443375672974063439 ) ) ;
#4065 = CARTESIAN_POINT ( 'NONE',  ( -0.6249999999999978906, 5.406250001229031987, 1.082531754730548856 ) ) ;
#4066 = DIRECTION ( 'NONE',  ( 0.3535533905932698451, -0.7071067811865489050, -0.6123724356957953585 ) ) ;
#4067 = CARTESIAN_POINT ( 'NONE',  ( -1.006430356249998548, 11.35937500061451289, 0.5810628371015493787 ) ) ;
#4068 = ORIENTED_EDGE ( 'NONE', *, *, #568, .F. ) ;
#4069 = CARTESIAN_POINT ( 'NONE',  ( -1.062732146793064886E-15, 8.171875000614514661, -1.162125674203096537 ) ) ;
#4070 = LINE ( 'NONE', #1687, #4353 ) ;
#4071 = CARTESIAN_POINT ( 'NONE',  ( -0.5032151781249993849, 10.15937500061451360, 0.8715942556523227358 ) ) ;
#4072 = CARTESIAN_POINT ( 'NONE',  ( 0.6249999999999997780, 4.674999999999998934, -1.082531754730547746 ) ) ;
#4073 = CARTESIAN_POINT ( 'NONE',  ( -1.249999999999998224, 0.8687500012290325646, 0.7216878364870340512 ) ) ;
#4074 = CARTESIAN_POINT ( 'NONE',  ( 0.5032151781249982747, 5.771875000614515194, -0.8715942556523229579 ) ) ;
#4075 = CARTESIAN_POINT ( 'NONE',  ( 1.006430356249999436, 7.946875000614514128, -1.767562423498186358E-15 ) ) ;
#4076 =( BOUNDED_CURVE ( )  B_SPLINE_CURVE ( 2, ( #4571, #3063, #234, #5076, #2646, #3124, #5551, #1620, #2102 ),
 .UNSPECIFIED., .F., .F. ) 
 B_SPLINE_CURVE_WITH_KNOTS ( ( 3, 2, 2, 2, 3 ),
 ( 0.1854838709677419373, 0.1881720430107526876, 0.1935483870967741882, 0.1989247311827956888, 0.2016129032258064391 ),
 .UNSPECIFIED. ) 
 CURVE ( )  GEOMETRIC_REPRESENTATION_ITEM ( )  RATIONAL_B_SPLINE_CURVE ( ( 0.9330127018922194093, 0.9330127018922194093, 1.000000000000000000, 0.8660254037844387076, 1.000000000000000000, 0.8660254037844387076, 1.000000000000000000, 0.9330127018922196314, 0.9330127018922192983 ) ) 
 REPRESENTATION_ITEM ( '' )  );
#4077 = VECTOR ( 'NONE', #2001, 1000.000000000000000 ) ;
#4078 =( BOUNDED_CURVE ( )  B_SPLINE_CURVE ( 2, ( #1498, #587, #1529, #3982, #5300, #83, #557, #3447, #2492 ),
 .UNSPECIFIED., .F., .F. ) 
 B_SPLINE_CURVE_WITH_KNOTS ( ( 3, 2, 2, 2, 3 ),
 ( 0.1209677419354838745, 0.1236559139784946248, 0.1290322580645161255, 0.1344086021505376261, 0.1370967741935483764 ),
 .UNSPECIFIED. ) 
 CURVE ( )  GEOMETRIC_REPRESENTATION_ITEM ( )  RATIONAL_B_SPLINE_CURVE ( ( 0.9330127018922194093, 0.9330127018922194093, 1.000000000000000000, 0.8660254037844387076, 1.000000000000000000, 0.8660254037844387076, 1.000000000000000000, 0.9330127018922194093, 0.9330127018922194093 ) ) 
 REPRESENTATION_ITEM ( '' )  );
#4079 = ORIENTED_EDGE ( 'NONE', *, *, #65, .T. ) ;
#4080 = CARTESIAN_POINT ( 'NONE',  ( 1.006430356249999658, 0.4093750006145155940, -9.819791222584819450E-16 ) ) ;
#4081 = CARTESIAN_POINT ( 'NONE',  ( 0.5032151781249999400, 2.134375000614515461, 0.8715942556523221807 ) ) ;
#4082 = EDGE_CURVE ( 'NONE', #1201, #778, #1654, .T. ) ;
#4083 = CARTESIAN_POINT ( 'NONE',  ( 1.006430356249999436, 5.246875000614514839, -1.767562423498186358E-15 ) ) ;
#4084 = CARTESIAN_POINT ( 'NONE',  ( 1.249999999999999334, 9.999999999999998224, 0.000000000000000000 ) ) ;
#4085 = CARTESIAN_POINT ( 'NONE',  ( 1.743066579297358255E-16, 5.612499999999998046, -1.249999999999999112 ) ) ;
#4086 = CARTESIAN_POINT ( 'NONE',  ( 1.250000000000000444, 11.81875000122902897, 0.7216878364870298324 ) ) ;
#4087 = AXIS2_PLACEMENT_3D ( 'NONE', #4972, #1573, #1605 ) ;
#4088 = CARTESIAN_POINT ( 'NONE',  ( 9.204127980810867663E-16, 7.946875000614515017, 1.162125674203096537 ) ) ;
#4089 = CARTESIAN_POINT ( 'NONE',  ( 1.249999999999999334, 8.706250001229033586, -2.749541545756668106E-15 ) ) ;
#4090 = EDGE_CURVE ( 'NONE', #5672, #1219, #2535, .T. ) ;
#4091 = CARTESIAN_POINT ( 'NONE',  ( 0.000000000000000000, 12.00000000000000000, 0.000000000000000000 ) ) ;
#4092 = DIRECTION ( 'NONE',  ( 1.000000000000000000, 0.000000000000000000, 0.000000000000000000 ) ) ;
#4093 = CARTESIAN_POINT ( 'NONE',  ( -1.006430356249999436, 1.421875000614515550, 1.644310252063557226E-15 ) ) ;
#4094 = CARTESIAN_POINT ( 'NONE',  ( -4.677228654447911675E-15, 2.743750001229033231, 1.249999999999999334 ) ) ;
#4095 = ORIENTED_EDGE ( 'NONE', *, *, #3864, .T. ) ;
#4096 = CARTESIAN_POINT ( 'NONE',  ( -1.006430356249998992, 1.121875000614515283, 0.5810628371015487126 ) ) ;
#4097 = EDGE_CURVE ( 'NONE', #4905, #5808, #1860, .T. ) ;
#4098 = CARTESIAN_POINT ( 'NONE',  ( -3.195622062045156678E-15, 1.562499999999998890, -1.249999999999999112 ) ) ;
#4099 = CARTESIAN_POINT ( 'NONE',  ( 1.249999999999999334, 7.299999999999998046, 0.000000000000000000 ) ) ;
#4100 = CARTESIAN_POINT ( 'NONE',  ( 1.006430356249999880, 11.95937500061451075, 0.5810628371015468252 ) ) ;
#4101 = CARTESIAN_POINT ( 'NONE',  ( -0.6250000000000017764, 7.956250001229032698, -1.082531754730546636 ) ) ;
#4102 = CARTESIAN_POINT ( 'NONE',  ( 1.250000000000000444, 5.968750001229032875, 0.7216878364870297213 ) ) ;
#4103 = DIRECTION ( 'NONE',  ( -0.000000000000000000, -1.000000000000000000, -0.000000000000000000 ) ) ;
#4104 = ORIENTED_EDGE ( 'NONE', *, *, #3165, .F. ) ;
#4105 = CARTESIAN_POINT ( 'NONE',  ( 9.204127980810867663E-16, 9.746875000614513951, 1.162125674203096537 ) ) ;
#4106 = DIRECTION ( 'NONE',  ( 0.000000000000000000, 0.000000000000000000, -1.000000000000000000 ) ) ;
#4107 = CARTESIAN_POINT ( 'NONE',  ( 0.5032151781249990519, 9.484375000614514661, -0.8715942556523228468 ) ) ;
#4108 = DIRECTION ( 'NONE',  ( -0.000000000000000000, -1.000000000000000000, -0.000000000000000000 ) ) ;
#4109 = CARTESIAN_POINT ( 'NONE',  ( -0.6249999999999978906, 3.156250001229032875, 1.082531754730548856 ) ) ;
#4110 = CARTESIAN_POINT ( 'NONE',  ( -0.5032151781249986078, 4.646875000614515194, 0.8715942556523228468 ) ) ;
#4111 = CARTESIAN_POINT ( 'NONE',  ( 1.006430356249999436, 7.496875000614514839, -1.767562423498186358E-15 ) ) ;
#4112 = ORIENTED_EDGE ( 'NONE', *, *, #4404, .T. ) ;
#4113 = CARTESIAN_POINT ( 'NONE',  ( 1.006430356249998992, 2.246875000614515727, -0.5810628371015489346 ) ) ;
#4114 = CARTESIAN_POINT ( 'NONE',  ( 1.006430356249998770, 3.596875000614515816, -0.5810628371015489346 ) ) ;
#4115 = CARTESIAN_POINT ( 'NONE',  ( -1.006430356250000102, 6.334375000614516082, -0.5810628371015466032 ) ) ;
#4116 = CARTESIAN_POINT ( 'NONE',  ( -1.249999999999999334, 10.22499999999999787, -1.530808498934190831E-16 ) ) ;
#4117 = CARTESIAN_POINT ( 'NONE',  ( -0.6249999999999978906, 9.006250001229030744, 1.082531754730548856 ) ) ;
#4118 = CARTESIAN_POINT ( 'NONE',  ( -0.6249999999999978906, 11.70625000122903181, 1.082531754730548856 ) ) ;
#4119 = VECTOR ( 'NONE', #1482, 1000.000000000000000 ) ;
#4120 = ORIENTED_EDGE ( 'NONE', *, *, #2961, .F. ) ;
#4121 = CARTESIAN_POINT ( 'NONE',  ( 1.006430356249998770, 11.69687500061451324, -0.5810628371015489346 ) ) ;
#4122 = CYLINDRICAL_SURFACE ( 'NONE', #2053, 1.249999999999999334 ) ;
#4123 = LINE ( 'NONE', #6120, #248 ) ;
#4124 = DIRECTION ( 'NONE',  ( -0.000000000000000000, -1.000000000000000000, -0.000000000000000000 ) ) ;
#4125 = CARTESIAN_POINT ( 'NONE',  ( -0.5032151781249986078, 4.646875000614515194, 0.8715942556523228468 ) ) ;
#4126 = DIRECTION ( 'NONE',  ( 0.000000000000000000, 0.000000000000000000, 1.000000000000000000 ) ) ;
#4127 = ORIENTED_EDGE ( 'NONE', *, *, #372, .F. ) ;
#4128 = CARTESIAN_POINT ( 'NONE',  ( -1.006430356249999880, 4.646875000614515194, -0.5810628371015476024 ) ) ;
#4129 = CARTESIAN_POINT ( 'NONE',  ( -0.3349364905389035640, 4.017403810567664380, 1.249999999999999112 ) ) ;
#4130 = CARTESIAN_POINT ( 'NONE',  ( -0.6250000000000002220, 7.149999999999997691, 1.082531754730547746 ) ) ;
#4131 = CARTESIAN_POINT ( 'NONE',  ( -1.006430356250000102, 11.28437500061451537, -0.5810628371015466032 ) ) ;
#4132 = CARTESIAN_POINT ( 'NONE',  ( -1.249999999999998224, 7.168750001229031277, 0.7216878364870340512 ) ) ;
#4133 = CARTESIAN_POINT ( 'NONE',  ( 0.3349364905389017877, 1.542403810567664513, -1.250000000000000222 ) ) ;
#4134 = CARTESIAN_POINT ( 'NONE',  ( 1.743066579297358255E-16, 11.01249999999999751, -1.249999999999999112 ) ) ;
#4135 = EDGE_CURVE ( 'NONE', #816, #4365, #476, .T. ) ;
#4136 = ORIENTED_EDGE ( 'NONE', *, *, #1022, .F. ) ;
#4137 = CARTESIAN_POINT ( 'NONE',  ( 1.006430356249999658, 8.921875000614514661, 0.5810628371015478244 ) ) ;
#4138 = DIRECTION ( 'NONE',  ( -0.000000000000000000, -1.000000000000000000, -0.000000000000000000 ) ) ;
#4139 = PRODUCT ( 'Screw_DIN_912_M2.5x12F_A2', 'Screw_DIN_912_M2.5x12F_A2', '', ( #3179 ) ) ;
#4140 = CARTESIAN_POINT ( 'NONE',  ( 1.249999999999999112, -0.3875000000000013434, 0.7216878364870323859 ) ) ;
#4141 = CARTESIAN_POINT ( 'NONE',  ( 0.3349364905389026204, 5.857596189432332068, 1.249999999999999556 ) ) ;
#4142 = CARTESIAN_POINT ( 'NONE',  ( 1.250000000000000444, 2.368750001229032343, 0.7216878364870298324 ) ) ;
#4143 = CARTESIAN_POINT ( 'NONE',  ( -1.006430356249999436, 6.371875000614515727, 1.644310252063557226E-15 ) ) ;
#4144 = CARTESIAN_POINT ( 'NONE',  ( -1.006430356249999436, 8.621875000614513951, 1.644310252063557226E-15 ) ) ;
#4145 = EDGE_LOOP ( 'NONE', ( #1905, #3997, #5258, #4379 ) ) ;
#4146 = CARTESIAN_POINT ( 'NONE',  ( 1.006430356249999658, 0.3718750006145156162, 0.5810628371015478244 ) ) ;
#4147 = CARTESIAN_POINT ( 'NONE',  ( -1.006430356249999658, 4.684375000614515727, 8.587269508238524180E-16 ) ) ;
#4148 = CARTESIAN_POINT ( 'NONE',  ( 0.5032151781249982747, 6.221875000614515372, -0.8715942556523229579 ) ) ;
#4149 = ORIENTED_EDGE ( 'NONE', *, *, #4016, .F. ) ;
#4150 = CARTESIAN_POINT ( 'NONE',  ( 1.249999999999999112, 12.21249999999999680, 0.7216878364870323859 ) ) ;
#4151 = CARTESIAN_POINT ( 'NONE',  ( 0.6249999999999997780, 3.774999999999998135, -1.082531754730547746 ) ) ;
#4152 = CARTESIAN_POINT ( 'NONE',  ( -1.006430356249999436, 1.421875000614515550, 1.644310252063557226E-15 ) ) ;
#4153 = ORIENTED_EDGE ( 'NONE', *, *, #5211, .F. ) ;
#4154 = CARTESIAN_POINT ( 'NONE',  ( -0.5032151781250003841, 10.45937500061451608, -0.8715942556523218476 ) ) ;
#4155 = CARTESIAN_POINT ( 'NONE',  ( -0.8266280255368944063, 0.02812500184355131230, -0.5740977002030890342 ) ) ;
#4156 = DIRECTION ( 'NONE',  ( 0.000000000000000000, 0.000000000000000000, 1.000000000000000000 ) ) ;
#4157 = CARTESIAN_POINT ( 'NONE',  ( 1.006430356249998104, 3.484375000614515994, -0.5810628371015496008 ) ) ;
#4158 = EDGE_LOOP ( 'NONE', ( #4646, #2386, #5452, #2467 ) ) ;
#4159 = CARTESIAN_POINT ( 'NONE',  ( -1.006430356249999658, 3.334375000614515194, 8.587269508238526152E-16 ) ) ;
#4160 = CARTESIAN_POINT ( 'NONE',  ( 0.2069996887190191093, 0.02812500184355234620, -1.006430356244355284 ) ) ;
#4161 = ADVANCED_FACE ( 'NONE', ( #2955 ), #5522, .T. ) ;
#4162 = CARTESIAN_POINT ( 'NONE',  ( -0.6249999999999978906, 9.906250001229032875, 1.082531754730548856 ) ) ;
#4163 = CARTESIAN_POINT ( 'NONE',  ( 0.6249999999999974465, 6.531250001229031987, -1.082531754730548856 ) ) ;
#4164 = LINE ( 'NONE', #5580, #909 ) ;
#4165 = CARTESIAN_POINT ( 'NONE',  ( -0.6249999999999993339, 7.899999999999997691, -1.082531754730547968 ) ) ;
#4166 = ORIENTED_EDGE ( 'NONE', *, *, #128, .T. ) ;
#4167 = CARTESIAN_POINT ( 'NONE',  ( -1.062732146793064886E-15, 9.521875000614512530, -1.162125674203096537 ) ) ;
#4168 = CARTESIAN_POINT ( 'NONE',  ( 1.743066579297358255E-16, 8.312499999999996447, -1.249999999999999112 ) ) ;
#4169 = CARTESIAN_POINT ( 'NONE',  ( 1.249999999999999556, 0.1374999999999987343, -0.7216878364870316087 ) ) ;
#4170 = EDGE_CURVE ( 'NONE', #5392, #5384, #575, .T. ) ;
#4171 = LINE ( 'NONE', #6080, #830 ) ;
#4172 = CARTESIAN_POINT ( 'NONE',  ( -1.249999999999999334, 1.281250001229032875, 2.596460695863248776E-15 ) ) ;
#4173 = CARTESIAN_POINT ( 'NONE',  ( 1.006430356249999436, 7.046875000614515550, -1.767562423498186358E-15 ) ) ;
#4174 = CARTESIAN_POINT ( 'NONE',  ( 1.006430356249998104, 10.23437500061451289, -0.5810628371015496008 ) ) ;
#4175 = ORIENTED_EDGE ( 'NONE', *, *, #4479, .T. ) ;
#4176 = CARTESIAN_POINT ( 'NONE',  ( -0.5032151781250003841, 1.909375000614515372, -0.8715942556523218476 ) ) ;
#4177 = CARTESIAN_POINT ( 'NONE',  ( -1.006430356249998992, 6.071875000614515905, 0.5810628371015487126 ) ) ;
#4178 = CARTESIAN_POINT ( 'NONE',  ( -1.006430356249998548, 6.859375000614515550, 0.5810628371015494897 ) ) ;
#4179 = ORIENTED_EDGE ( 'NONE', *, *, #2100, .F. ) ;
#4180 = CARTESIAN_POINT ( 'NONE',  ( -1.365402153782930631E-14, 8.762499999999999289, -1.249999999999999112 ) ) ;
#4181 = CARTESIAN_POINT ( 'NONE',  ( 0.000000000000000000, 14.34999999999999964, 0.000000000000000000 ) ) ;
#4182 = CARTESIAN_POINT ( 'NONE',  ( 1.006430356249999880, -0.1906249993854843283, 0.5810628371015469362 ) ) ;
#4183 = VECTOR ( 'NONE', #1274, 1000.000000000000114 ) ;
#4184 = CARTESIAN_POINT ( 'NONE',  ( 0.9999999999999993339, 13.40000000000000036, 0.5773502691896267303 ) ) ;
#4185 = CARTESIAN_POINT ( 'NONE',  ( 1.827526258964323273E-15, 1.084375000614515416, 1.162125674203096093 ) ) ;
#4186 = CARTESIAN_POINT ( 'NONE',  ( -0.3349364905389035640, 4.467403810567664557, 1.249999999999999112 ) ) ;
#4187 = CARTESIAN_POINT ( 'NONE',  ( -1.006430356249999436, 3.221875000614515372, 1.644310252063557226E-15 ) ) ;
#4188 = SHAPE_DEFINITION_REPRESENTATION ( #1700, #2314 ) ;
#4189 = CARTESIAN_POINT ( 'NONE',  ( 0.9999999999999993339, 14.35000000000000497, 0.5773502691896267303 ) ) ;
#4190 = CARTESIAN_POINT ( 'NONE',  ( -0.5032151781249993849, 5.209375000614515194, 0.8715942556523227358 ) ) ;
#4191 = CARTESIAN_POINT ( 'NONE',  ( -1.070762284662920116, 12.00000000000000000, 0.4736376729555050180 ) ) ;
#4192 = CARTESIAN_POINT ( 'NONE',  ( 0.000000000000000000, 12.15000000000000036, 0.000000000000000000 ) ) ;
#4193 = CARTESIAN_POINT ( 'NONE',  ( -4.938688641342514686E-16, 2.687499999999998224, 1.249999999999999334 ) ) ;
#4194 = DIRECTION ( 'NONE',  ( -0.000000000000000000, -1.000000000000000000, -0.000000000000000000 ) ) ;
#4195 = CARTESIAN_POINT ( 'NONE',  ( -4.938688641342514686E-16, 8.087499999999996803, 1.249999999999999334 ) ) ;
#4196 = ORIENTED_EDGE ( 'NONE', *, *, #484, .T. ) ;
#4197 = ADVANCED_FACE ( 'NONE', ( #3461 ), #1450, .T. ) ;
#4198 = CARTESIAN_POINT ( 'NONE',  ( 1.006430356249998992, 9.896875000614512530, -0.5810628371015489346 ) ) ;
#4199 = DIRECTION ( 'NONE',  ( -0.000000000000000000, -1.000000000000000000, -0.000000000000000000 ) ) ;
#4200 = CARTESIAN_POINT ( 'NONE',  ( -1.006430356249999658, 11.88437500061451502, 8.587269508238524180E-16 ) ) ;
#4201 = LINE ( 'NONE', #5648, #5484 ) ;
#4202 = CARTESIAN_POINT ( 'NONE',  ( -1.250000000000000444, 3.043750001229033497, -0.7216878364870296103 ) ) ;
#4203 = CARTESIAN_POINT ( 'NONE',  ( 1.006430356249999880, 7.909375000614515372, 0.5810628371015469362 ) ) ;
#4204 = CARTESIAN_POINT ( 'NONE',  ( 0.5032151781249982747, 11.62187500061451395, -0.8715942556523229579 ) ) ;
#4205 = ORIENTED_EDGE ( 'NONE', *, *, #1749, .F. ) ;
#4206 = CARTESIAN_POINT ( 'NONE',  ( 0.5032151781249990519, 1.384375000614515461, -0.8715942556523228468 ) ) ;
#4207 = CARTESIAN_POINT ( 'NONE',  ( 9.204127980810863719E-16, 6.596875000614514484, 1.162125674203096537 ) ) ;
#4208 = CARTESIAN_POINT ( 'NONE',  ( 0.5032151781250004952, 6.521875000614515194, 0.8715942556523216256 ) ) ;
#4209 = CARTESIAN_POINT ( 'NONE',  ( -0.3349364905389042302, 1.188846190661366986, -1.249999999999999556 ) ) ;
#4210 = DIRECTION ( 'NONE',  ( 0.000000000000000000, 1.000000000000000000, 0.000000000000000000 ) ) ;
#4211 = CARTESIAN_POINT ( 'NONE',  ( 1.006430356249999436, 0.7468750006145157272, -1.767562423498186358E-15 ) ) ;
#4212 = EDGE_CURVE ( 'NONE', #3025, #4704, #5316, .T. ) ;
#4213 = DIRECTION ( 'NONE',  ( 0.000000000000000000, 0.000000000000000000, 1.000000000000000000 ) ) ;
#4214 = CARTESIAN_POINT ( 'NONE',  ( -4.938688641342514686E-16, 10.78749999999999609, 1.249999999999999334 ) ) ;
#4215 = CARTESIAN_POINT ( 'NONE',  ( 0.000000000000000000, 14.50000000000000000, 0.000000000000000000 ) ) ;
#4216 = CARTESIAN_POINT ( 'NONE',  ( 0.5032151781250004952, 3.371875000614515283, 0.8715942556523216256 ) ) ;
#4217 = CARTESIAN_POINT ( 'NONE',  ( 0.000000000000000000, 0.4500000000000000111, 0.000000000000000000 ) ) ;
#4218 = VECTOR ( 'NONE', #4124, 1000.000000000000000 ) ;
#4219 = ORIENTED_EDGE ( 'NONE', *, *, #3555, .T. ) ;
#4220 = CARTESIAN_POINT ( 'NONE',  ( -1.062732146793064886E-15, 3.221875000614515372, -1.162125674203096537 ) ) ;
#4221 = LINE ( 'NONE', #882, #2446 ) ;
#4222 = CARTESIAN_POINT ( 'NONE',  ( 0.5826578956285143329, 0.02812500184355281457, -0.8206167428484825166 ) ) ;
#4223 = CYLINDRICAL_SURFACE ( 'NONE', #2708, 1.249999999999999334 ) ;
#4224 = CARTESIAN_POINT ( 'NONE',  ( -1.171557371454131857, 11.99999999999999645, -0.4358363516177629071 ) ) ;
#4225 = CARTESIAN_POINT ( 'NONE',  ( -0.6250000000000002220, 0.8499999999999985345, 1.082531754730547746 ) ) ;
#4226 = VERTEX_POINT ( 'NONE', #2477 ) ;
#4227 = CARTESIAN_POINT ( 'NONE',  ( 1.249999999999999334, -0.3500000000000012546, 0.000000000000000000 ) ) ;
#4228 = CARTESIAN_POINT ( 'NONE',  ( -1.249999999999999556, 3.512499999999998401, 0.7216878364870313867 ) ) ;
#4229 = CARTESIAN_POINT ( 'NONE',  ( 0.5032151781249982747, 7.571875000614515017, -0.8715942556523229579 ) ) ;
#4230 = CARTESIAN_POINT ( 'NONE',  ( -0.5032151781250009392, 12.14687500061451253, -0.8715942556523212925 ) ) ;
#4231 = VERTEX_POINT ( 'NONE', #3493 ) ;
#4232 = CARTESIAN_POINT ( 'NONE',  ( 1.006430356249999658, 2.621875000614515283, 0.5810628371015478244 ) ) ;
#4233 = CARTESIAN_POINT ( 'NONE',  ( -0.5032151781250003841, 4.609375000614515550, -0.8715942556523218476 ) ) ;
#4234 = CARTESIAN_POINT ( 'NONE',  ( -0.5032151781249986078, 8.246875000614513951, 0.8715942556523228468 ) ) ;
#4235 = ORIENTED_EDGE ( 'NONE', *, *, #4540, .F. ) ;
#4236 = CARTESIAN_POINT ( 'NONE',  ( 1.249999999999999334, 5.106250001229032165, -2.749541545756668106E-15 ) ) ;
#4237 = ADVANCED_FACE ( 'NONE', ( #2992 ), #3398, .T. ) ;
#4238 = CARTESIAN_POINT ( 'NONE',  ( -0.5032151781249986078, -0.3031249993854843172, 0.8715942556523228468 ) ) ;
#4239 = ORIENTED_EDGE ( 'NONE', *, *, #1059, .T. ) ;
#4240 =( BOUNDED_CURVE ( )  B_SPLINE_CURVE ( 2, ( #3219, #3248, #3278, #5701, #4224 ),
 .UNSPECIFIED., .F., .F. ) 
 B_SPLINE_CURVE_WITH_KNOTS ( ( 3, 2, 3 ),
 ( 0.9112903225806451291, 0.9139784946236558794, 0.9175085874012216536 ),
 .UNSPECIFIED. ) 
 CURVE ( )  GEOMETRIC_REPRESENTATION_ITEM ( )  RATIONAL_B_SPLINE_CURVE ( ( 0.9330127018922194093, 0.9330127018922194093, 1.000000000000000000, 0.9120326476671209992, 0.9395835397633014452 ) ) 
 REPRESENTATION_ITEM ( '' )  );
#4241 = ORIENTED_EDGE ( 'NONE', *, *, #2110, .T. ) ;
#4242 = CARTESIAN_POINT ( 'NONE',  ( -1.006430356249999658, -0.7156249993854842950, 8.587269508238524180E-16 ) ) ;
#4243 = CARTESIAN_POINT ( 'NONE',  ( -1.006430356249998548, 0.1093750006145156883, 0.5810628371015494897 ) ) ;
#4244 = CARTESIAN_POINT ( 'NONE',  ( -0.6250000000000002220, 5.799999999999998046, 1.082531754730547746 ) ) ;
#4245 = ADVANCED_FACE ( 'NONE', ( #972 ), #2922, .T. ) ;
#4246 = CARTESIAN_POINT ( 'NONE',  ( -1.249999999999999112, 4.337499999999998579, -0.7216878364870322748 ) ) ;
#4247 = CARTESIAN_POINT ( 'NONE',  ( -1.006430356249999436, 6.821875000614515905, 1.644310252063557226E-15 ) ) ;
#4248 = ORIENTED_EDGE ( 'NONE', *, *, #5633, .T. ) ;
#4249 = CARTESIAN_POINT ( 'NONE',  ( 1.006430356249998770, 3.596875000614515816, -0.5810628371015489346 ) ) ;
#4250 = CARTESIAN_POINT ( 'NONE',  ( -0.3349364905389035640, 8.517403810567662603, 1.249999999999999112 ) ) ;
#4251 = DIRECTION ( 'NONE',  ( 0.4999999999999996669, 0.000000000000000000, 0.8660254037844388186 ) ) ;
#4252 = LINE ( 'NONE', #4286, #1165 ) ;
#4253 = CARTESIAN_POINT ( 'NONE',  ( 1.249999999999999334, 1.449999999999998623, 0.000000000000000000 ) ) ;
#4254 =( BOUNDED_CURVE ( )  B_SPLINE_CURVE ( 2, ( #2539, #1671, #5911, #254, #1130, #4498, #6006, #4058, #188 ),
 .UNSPECIFIED., .F., .T. ) 
 B_SPLINE_CURVE_WITH_KNOTS ( ( 3, 2, 2, 2, 3 ),
 ( 0.5564516129032257563, 0.5591397849462365066, 0.5645161290322581182, 0.5698924731182796188, 0.5725806451612903691 ),
 .UNSPECIFIED. ) 
 CURVE ( )  GEOMETRIC_REPRESENTATION_ITEM ( )  RATIONAL_B_SPLINE_CURVE ( ( 0.9330127018922194093, 0.9330127018922194093, 1.000000000000000000, 0.8660254037844387076, 1.000000000000000000, 0.8660254037844387076, 1.000000000000000000, 0.9330127018922194093, 0.9330127018922194093 ) ) 
 REPRESENTATION_ITEM ( '' )  );
#4255 = FACE_OUTER_BOUND ( 'NONE', #4726, .T. ) ;
#4256 = AXIS2_PLACEMENT_3D ( 'NONE', #5450, #5420, #3030 ) ;
#4257 = VERTEX_POINT ( 'NONE', #2026 ) ;
#4258 = CARTESIAN_POINT ( 'NONE',  ( 0.3349364905389026204, 1.807596189432332690, 1.249999999999999556 ) ) ;
#4259 = CARTESIAN_POINT ( 'NONE',  ( -0.5032151781250003841, 12.25937500061451502, -0.8715942556523218476 ) ) ;
#4260 = LINE ( 'NONE', #6106, #29 ) ;
#4261 = CARTESIAN_POINT ( 'NONE',  ( -1.969845607676301195E-15, 7.609375000614515550, -1.162125674203096093 ) ) ;
#4262 = CARTESIAN_POINT ( 'NONE',  ( -1.006430356249999436, 11.32187500061451324, 1.644310252063557226E-15 ) ) ;
#4263 = VERTEX_POINT ( 'NONE', #3431 ) ;
#4264 = CARTESIAN_POINT ( 'NONE',  ( 9.204127980810867663E-16, 4.346875000614515372, 1.162125674203096537 ) ) ;
#4265 = CARTESIAN_POINT ( 'NONE',  ( -1.006430356249999658, 11.43437500061451573, 8.587269508238526152E-16 ) ) ;
#4266 = CARTESIAN_POINT ( 'NONE',  ( -0.5032151781250003841, 6.409375000614515372, -0.8715942556523218476 ) ) ;
#4267 = CARTESIAN_POINT ( 'NONE',  ( -0.5032151781250009392, 8.546875000614514661, -0.8715942556523212925 ) ) ;
#4268 = VERTEX_POINT ( 'NONE', #3966 ) ;
#4269 = FACE_OUTER_BOUND ( 'NONE', #562, .T. ) ;
#4270 = CARTESIAN_POINT ( 'NONE',  ( -1.006430356249999436, 0.07187500061451571054, 1.644310252063557226E-15 ) ) ;
#4271 = ADVANCED_FACE ( 'NONE', ( #5882 ), #4314, .T. ) ;
#4272 = ORIENTED_EDGE ( 'NONE', *, *, #5785, .F. ) ;
#4273 = ORIENTED_EDGE ( 'NONE', *, *, #3433, .T. ) ;
#4274 = CARTESIAN_POINT ( 'NONE',  ( 1.249999999999999334, 7.299999999999998046, 0.000000000000000000 ) ) ;
#4275 = CARTESIAN_POINT ( 'NONE',  ( 0.5032151781250004952, 1.571875000614515461, 0.8715942556523216256 ) ) ;
#4276 = CARTESIAN_POINT ( 'NONE',  ( 1.249999999999999556, 6.887499999999997513, -0.7216878364870316087 ) ) ;
#4277 = CARTESIAN_POINT ( 'NONE',  ( 0.000000000000000000, 0.4500000000000000111, 0.000000000000000000 ) ) ;
#4278 = CARTESIAN_POINT ( 'NONE',  ( -1.249999999999999334, 6.231250001229032165, 2.596460695863248776E-15 ) ) ;
#4279 = CARTESIAN_POINT ( 'NONE',  ( -0.5032151781250009392, 5.396875000614515194, -0.8715942556523212925 ) ) ;
#4280 =( BOUNDED_SURFACE ( )  B_SPLINE_SURFACE ( 1, 2, ( 
 ( #1872, #5350, #1009, #1932, #477, #4816, #3814, #5728, #4847, #4787, #4315, #3876, #1451, #3399, #5317, #448, #2383, #3306, #973, #4880, #2893, #915, #2923, #2862, #67, #5758, #4377, #6221, #35, #5821, #4409, #3936, #5228, #3557, #5943, #4441, #1607, #189, #4027, #4499, #659, #3023, #3494, #5443, #2058, #4916, #4561, #5473, #4059, #1131, #4946, #5974, #158, #5035, #2601, #5912, #3111, #1575, #3525, #1102, #1513, #3080, #98, #5002, #691, #1639, #4093, #1545, #4529, #2120, #2088, #3589, #5413, #5501, #604, #4469, #574, #2027, #2152, #127, #2511, #1161, #3967, #2633, #221, #5883, #3462, #5382, #1042, #3052, #1069, #4974, #2993, #2540, #630, #2570, #3995, #2243, #2733, #6068, #756, #3653, #5604, #378, #1672, #6007, #2310, #4622, #5191, #5663, #346, #3714, #2275, #289, #4187, #1193, #4654, #4688, #4216, #3619, #6095, #4157, #3270, #5536, #1738, #723, #3142, #5065, #2766, #255, #4715, #5097, #5572, #2183, #2702, #1291, #3683, #3213, #1225, #314, #3178, #2668, #2797, #6121, #4592, #1321, #2213, #1260, #5635, #5131, #787, #1769, #4125, #1798, #6037, #821, #3241, #1707, #5161, #3744, #851, #3331, #3903, #937, #5816, #1353, #5723, #1928, #2949, #2887, #4342, #2827, #4279, #5695, #5311, #879, #503, #6184, #6246, #472, #3872, #5784, #1830, #1477, #2408, #3362, #4750, #3841, #1384, #1002, #1447, #3425, #3300, #3807, #3393, #4372, #5251, #5346, #1415, #4310, #5221, #908, #538, #411, #2344, #2857, #4875, #967, #5753, #4780, #4247, #2917, #6151, #1866, #443, #4842, #28, #2377, #3776, #5281, #6214, #1898, #4810, #2441, #1958, #5377, #5490, #3671, #4111, #3457, #2200, #5845, #5590, #1245, #2988, #6023, #1692, #4403, #677, #1508, #4075, #2686, #4609, #205, #2620, #2651, #5051, #5521, #4547, #3575, #175, #2138, #3195, #61, #2473, #5114, #1148, #1726, #4144, #3163, #239, #5081, #3098, #709, #3931, #1179, #1210, #740, #1989, #4576, #5994, #6055, #1036, #1660, #4911, #647, #2589, #5557, #4517, #2108, #1625, #4045, #5960, #5022, #3639, #3608, #3130, #2170, #273, #4675, #4640, #3822, #3791, #6083, #2359, #3732, #332, #392, #6136, #2782, #1308, #4174, #2841, #5736, #1847, #3286, #1756, #1336, #772, #4764, #6109, #424, #3759, #4294, #3699, #2261, #4732, #1397, #5678, #864, #5621, #806, #2229, #5709, #1277, #3315, #2752, #2811, #5206, #2326, #4262, #302, #6198, #6167, #1812, #3228, #5234, #1368, #4204, #891, #1880, #3343, #2721, #5176, #5150, #838, #4703, #361, #1783, #5651, #3256, #2290, #4230, #2486, #1049, #5765, #5360, #5828, #2932, #4854, #3376, #1492, #950, #2423, #456, #1911, #5391, #4352, #2869 ),
 ( #5859, #3472, #3854, #3440, #1017, #922, #1939, #2391, #3407, #4417, #76, #1458, #3884, #42, #2453, #516, #5797, #486, #5294, #5326, #5263, #4325, #4794, #6229, #4386, #1427, #2901, #4824, #9, #982, #1971, #3914, #2003, #2968, #4891, #552, #3945, #1523, #5505, #1135, #1611, #5946, #2031, #5416, #5978, #5915, #5446, #3561, #5006, #2604, #3083, #1578, #3528, #4444, #662, #4096, #4502, #3026, #4531, #4473, #1195, #4979, #3593, #1073, #1164, #192, #1548, #5540, #1644, #2124, #4062, #4949, #3113, #5037, #694, #2637, #4563, #1106, #132, #2092, #634, #3497, #3145, #224, #3622, #6010, #2156, #1675, #5068, #3055, #726, #5886, #102, #3971, #607, #2545, #2061, #2574, #3998, #162, #4030, #5476, #6041, #4595, #5667, #3182, #1355, #1741, #2216, #5101, #3686, #4220, #2737, #6097, #4159, #5637, #291, #258, #5697, #1324, #1710, #4249, #5608, #6071, #2278, #1771, #4659, #3216, #3657, #4720, #3302, #3746, #5164, #5575, #3244, #2672, #380, #1263, #2315, #1294, #6154, #1227, #5134, #349, #5224, #823, #2768, #758, #2705, #4128, #3273, #4626, #5193, #792, #4690, #6125, #1801, #853, #2186, #1834, #2799, #3719, #317, #2246, #4190, #3780, #2442, #540, #2346, #444, #504, #1004, #2379, #4405, #4343, #938, #4283, #4311, #3458, #1868, #3809, #3842, #1990, #4373, #5725, #2474, #6187, #3932, #5847, #1386, #31, #1960, #2830, #5282, #3332, #2410, #2952, #4876, #4812, #2889, #969, #3395, #3873, #473, #1900, #4782, #6247, #1509, #4753, #881, #413, #5754, #5252, #1929, #62, #6216, #5786, #911, #2858, #1448, #1416, #5313, #3364, #2919, #3428, #3904, #4843, #5817, #1479, #5347, #5409, #5439, #3047, #1634, #3991, #5908, #1066, #4088, #4495, #4912, #154, #3490, #3019, #3520, #3552, #3585, #217, #4526, #3963, #599, #1668, #2084, #4022, #570, #5939, #1603, #1541, #2566, #2147, #2118, #5969, #4970, #185, #5468, #1127, #626, #2989, #94, #655, #2536, #123, #3076, #4998, #2597, #4056, #4466, #2054, #5378, #5497, #5030, #1097, #5879, #1157, #4941, #6003, #1571, #3107, #2022, #687, #2629, #2506, #1038, #4557, #4435, #1852, #250, #3794, #2363, #6171, #396, #2844, #5093, #5568, #1340, #4154, #719, #459, #5712, #6202, #1371, #750, #1883, #2329, #925, #4767, #1734, #5266, #3681, #5681, #3289, #3617, #3319, #2179, #5237, #2873, #3825, #6234, #3649, #427, #895, #4265, #4297, #1221, #5740, #2697, #285, #2664, #4121, #4328, #2209, #4587, #4619, #1401, #2394, #3347, #4797, #6033, #3174, #5061, #5531, #1703, #1189, #6065, #3138, #5209, #868, #2814, #4736, #3506, #4420, #1020, #489, #1495, #3411, #4956, #3475, #1558, #3379, #1461 ) ),
 .UNSPECIFIED., .F., .F., .F. ) 
 B_SPLINE_SURFACE_WITH_KNOTS ( ( 2, 2 ),
 ( 3, 2, 2, 2, 2, 2, 2, 2, 2, 2, 2, 2, 2, 2, 2, 2, 2, 2, 2, 2, 2, 2, 2, 2, 2, 2, 2, 2, 2, 2, 2, 2, 2, 2, 2, 2, 2, 2, 2, 2, 2, 2, 2, 2, 2, 2, 2, 2, 2, 2, 2, 2, 2, 2, 2, 2, 2, 2, 2, 2, 2, 2, 2, 2, 2, 2, 2, 2, 2, 2, 2, 2, 2, 2, 2, 2, 2, 2, 2, 2, 2, 2, 2, 2, 2, 2, 2, 2, 2, 2, 2, 2, 2, 2, 2, 2, 2, 2, 2, 2, 2, 2, 2, 2, 2, 2, 2, 2, 2, 2, 2, 2, 2, 2, 2, 2, 2, 2, 2, 2, 2, 2, 2, 2, 2, 2, 2, 2, 2, 2, 2, 2, 2, 2, 2, 2, 2, 2, 2, 2, 2, 2, 2, 2, 2, 2, 2, 2, 2, 2, 2, 2, 2, 2, 2, 2, 2, 2, 2, 2, 2, 2, 2, 2, 2, 2, 2, 2, 2, 2, 2, 2, 2, 2, 2, 2, 2, 2, 2, 2, 2, 2, 2, 2, 3 ),
 ( 0.000000000000000000, 1.000000000000000000 ),
 ( 0.000000000000000000, 0.005376344086021505805, 0.01075268817204301161, 0.01612903225806451568, 0.02150537634408602322, 0.02688172043010752729, 0.03225806451612903136, 0.03763440860215053890, 0.04301075268817204644, 0.04838709677419354704, 0.05376344086021505458, 0.05913978494623656212, 0.06451612903225806273, 0.06989247311827956333, 0.07526881720430107781, 0.08064516129032257841, 0.08602150537634409289, 0.09139784946236559349, 0.09677419354838709409, 0.1021505376344086086, 0.1075268817204301092, 0.1129032258064516098, 0.1182795698924731242, 0.1236559139784946248, 0.1290322580645161255, 0.1344086021505376261, 0.1397849462365591267, 0.1451612903225806550, 0.1505376344086021556, 0.1559139784946236562, 0.1612903225806451568, 0.1666666666666666574, 0.1720430107526881858, 0.1774193548387096864, 0.1827956989247311870, 0.1881720430107526876, 0.1935483870967741882, 0.1989247311827956888, 0.2043010752688172171, 0.2096774193548387177, 0.2150537634408602183, 0.2204301075268817189, 0.2258064516129032195, 0.2311827956989247201, 0.2365591397849462485, 0.2419354838709677491, 0.2473118279569892497, 0.2526881720430107503, 0.2580645161290322509, 0.2634408602150537515, 0.2688172043010752521, 0.2741935483870967527, 0.2795698924731182533, 0.2849462365591398094, 0.2903225806451613100, 0.2956989247311828106, 0.3010752688172043112, 0.3064516129032258118, 0.3118279569892473124, 0.3172043010752688130, 0.3225806451612903136, 0.3279569892473118142, 0.3333333333333333148, 0.3387096774193548154, 0.3440860215053763715, 0.3494623655913978721, 0.3548387096774193727, 0.3602150537634408733, 0.3655913978494623739, 0.3709677419354838745, 0.3763440860215053752, 0.3817204301075268758, 0.3870967741935483764, 0.3924731182795698770, 0.3978494623655913776, 0.4032258064516128782, 0.4086021505376344343, 0.4139784946236559349, 0.4193548387096774355, 0.4247311827956989361, 0.4301075268817204367, 0.4354838709677419373, 0.4408602150537634379, 0.4462365591397849385, 0.4516129032258064391, 0.4569892473118279397, 0.4623655913978494403, 0.4677419354838709409, 0.4731182795698924970, 0.4784946236559139976, 0.4838709677419354982, 0.4892473118279569988, 0.4946236559139784994, 0.5000000000000000000, 0.5053763440860215006, 0.5107526881720430012, 0.5161290322580645018, 0.5215053763440860024, 0.5268817204301075030, 0.5322580645161290036, 0.5376344086021505042, 0.5430107526881720048, 0.5483870967741935054, 0.5537634408602150060, 0.5591397849462365066, 0.5645161290322581182, 0.5698924731182796188, 0.5752688172043011194, 0.5806451612903226200, 0.5860215053763441206, 0.5913978494623656212, 0.5967741935483871218, 0.6021505376344086224, 0.6075268817204301230, 0.6129032258064516236, 0.6182795698924731242, 0.6236559139784946248, 0.6290322580645161255, 0.6344086021505376261, 0.6397849462365591267, 0.6451612903225806273, 0.6505376344086021279, 0.6559139784946236285, 0.6612903225806451291, 0.6666666666666666297, 0.6720430107526881303, 0.6774193548387096309, 0.6827956989247311315, 0.6881720430107527431, 0.6935483870967742437, 0.6989247311827957443, 0.7043010752688172449, 0.7096774193548387455, 0.7150537634408602461, 0.7204301075268817467, 0.7258064516129032473, 0.7311827956989247479, 0.7365591397849462485, 0.7419354838709677491, 0.7473118279569892497, 0.7526881720430107503, 0.7580645161290322509, 0.7634408602150537515, 0.7688172043010752521, 0.7741935483870967527, 0.7795698924731182533, 0.7849462365591397539, 0.7903225806451612545, 0.7956989247311827551, 0.8010752688172042557, 0.8064516129032257563, 0.8118279569892472569, 0.8172043010752688685, 0.8225806451612903691, 0.8279569892473118697, 0.8333333333333333703, 0.8387096774193548709, 0.8440860215053763715, 0.8494623655913978721, 0.8548387096774193727, 0.8602150537634408733, 0.8655913978494623739, 0.8709677419354838745, 0.8763440860215053752, 0.8817204301075268758, 0.8870967741935483764, 0.8924731182795698770, 0.8978494623655913776, 0.9032258064516128782, 0.9086021505376343788, 0.9139784946236558794, 0.9193548387096773800, 0.9247311827956988806, 0.9301075268817203812, 0.9354838709677418818, 0.9408602150537634934, 0.9462365591397849940, 0.9516129032258064946, 0.9569892473118279952, 0.9623655913978494958, 0.9677419354838709964, 0.9731182795698924970, 0.9784946236559139976, 0.9838709677419354982, 0.9892473118279569988 ),
 .UNSPECIFIED. ) 
 GEOMETRIC_REPRESENTATION_ITEM ( )  RATIONAL_B_SPLINE_SURFACE ( (
 ( 1.000000000000000000, 0.8660254037844387076, 1.000000000000000000, 0.8660254037844387076, 1.000000000000000000, 0.8660254037844387076, 1.000000000000000000, 0.8660254037844387076, 1.000000000000000000, 0.8660254037844387076, 1.000000000000000000, 0.8660254037844387076, 1.000000000000000000, 0.8660254037844387076, 1.000000000000000000, 0.8660254037844387076, 1.000000000000000000, 0.8660254037844387076, 1.000000000000000000, 0.8660254037844387076, 1.000000000000000000, 0.8660254037844387076, 1.000000000000000000, 0.8660254037844387076, 1.000000000000000000, 0.8660254037844387076, 1.000000000000000000, 0.8660254037844387076, 1.000000000000000000, 0.8660254037844387076, 1.000000000000000000, 0.8660254037844387076, 1.000000000000000000, 0.8660254037844387076, 1.000000000000000000, 0.8660254037844387076, 1.000000000000000000, 0.8660254037844387076, 1.000000000000000000, 0.8660254037844387076, 1.000000000000000000, 0.8660254037844387076, 1.000000000000000000, 0.8660254037844387076, 1.000000000000000000, 0.8660254037844387076, 1.000000000000000000, 0.8660254037844387076, 1.000000000000000000, 0.8660254037844387076, 1.000000000000000000, 0.8660254037844387076, 1.000000000000000000, 0.8660254037844387076, 1.000000000000000000, 0.8660254037844387076, 1.000000000000000000, 0.8660254037844387076, 1.000000000000000000, 0.8660254037844387076, 1.000000000000000000, 0.8660254037844387076, 1.000000000000000000, 0.8660254037844387076, 1.000000000000000000, 0.8660254037844387076, 1.000000000000000000, 0.8660254037844387076, 1.000000000000000000, 0.8660254037844387076, 1.000000000000000000, 0.8660254037844387076, 1.000000000000000000, 0.8660254037844387076, 1.000000000000000000, 0.8660254037844387076, 1.000000000000000000, 0.8660254037844387076, 1.000000000000000000, 0.8660254037844387076, 1.000000000000000000, 0.8660254037844387076, 1.000000000000000000, 0.8660254037844387076, 1.000000000000000000, 0.8660254037844387076, 1.000000000000000000, 0.8660254037844387076, 1.000000000000000000, 0.8660254037844387076, 1.000000000000000000, 0.8660254037844387076, 1.000000000000000000, 0.8660254037844387076, 1.000000000000000000, 0.8660254037844387076, 1.000000000000000000, 0.8660254037844387076, 1.000000000000000000, 0.8660254037844387076, 1.000000000000000000, 0.8660254037844387076, 1.000000000000000000, 0.8660254037844387076, 1.000000000000000000, 0.8660254037844387076, 1.000000000000000000, 0.8660254037844387076, 1.000000000000000000, 0.8660254037844387076, 1.000000000000000000, 0.8660254037844387076, 1.000000000000000000, 0.8660254037844387076, 1.000000000000000000, 0.8660254037844387076, 1.000000000000000000, 0.8660254037844387076, 1.000000000000000000, 0.8660254037844387076, 1.000000000000000000, 0.8660254037844387076, 1.000000000000000000, 0.8660254037844387076, 1.000000000000000000, 0.8660254037844387076, 1.000000000000000000, 0.8660254037844387076, 1.000000000000000000, 0.8660254037844387076, 1.000000000000000000, 0.8660254037844387076, 1.000000000000000000, 0.8660254037844387076, 1.000000000000000000, 0.8660254037844387076, 1.000000000000000000, 0.8660254037844387076, 1.000000000000000000, 0.8660254037844387076, 1.000000000000000000, 0.8660254037844387076, 1.000000000000000000, 0.8660254037844387076, 1.000000000000000000, 0.8660254037844387076, 1.000000000000000000, 0.8660254037844387076, 1.000000000000000000, 0.8660254037844387076, 1.000000000000000000, 0.8660254037844387076, 1.000000000000000000, 0.8660254037844387076, 1.000000000000000000, 0.8660254037844387076, 1.000000000000000000, 0.8660254037844387076, 1.000000000000000000, 0.8660254037844387076, 1.000000000000000000, 0.8660254037844387076, 1.000000000000000000, 0.8660254037844387076, 1.000000000000000000, 0.8660254037844387076, 1.000000000000000000, 0.8660254037844387076, 1.000000000000000000, 0.8660254037844387076, 1.000000000000000000, 0.8660254037844387076, 1.000000000000000000, 0.8660254037844387076, 1.000000000000000000, 0.8660254037844387076, 1.000000000000000000, 0.8660254037844387076, 1.000000000000000000, 0.8660254037844387076, 1.000000000000000000, 0.8660254037844387076, 1.000000000000000000, 0.8660254037844387076, 1.000000000000000000, 0.8660254037844387076, 1.000000000000000000, 0.8660254037844387076, 1.000000000000000000, 0.8660254037844387076, 1.000000000000000000, 0.8660254037844387076, 1.000000000000000000, 0.8660254037844387076, 1.000000000000000000, 0.8660254037844387076, 1.000000000000000000, 0.8660254037844387076, 1.000000000000000000, 0.8660254037844387076, 1.000000000000000000, 0.8660254037844387076, 1.000000000000000000, 0.8660254037844387076, 1.000000000000000000, 0.8660254037844387076, 1.000000000000000000, 0.8660254037844387076, 1.000000000000000000, 0.8660254037844387076, 1.000000000000000000, 0.8660254037844387076, 1.000000000000000000, 0.8660254037844387076, 1.000000000000000000, 0.8660254037844387076, 1.000000000000000000, 0.8660254037844387076, 1.000000000000000000, 0.8660254037844387076, 1.000000000000000000, 0.8660254037844387076, 1.000000000000000000, 0.8660254037844387076, 1.000000000000000000, 0.8660254037844387076, 1.000000000000000000, 0.8660254037844387076, 1.000000000000000000, 0.8660254037844387076, 1.000000000000000000, 0.8660254037844387076, 1.000000000000000000, 0.8660254037844387076, 1.000000000000000000, 0.8660254037844387076, 1.000000000000000000, 0.8660254037844387076, 1.000000000000000000, 0.8660254037844387076, 1.000000000000000000, 0.8660254037844387076, 1.000000000000000000, 0.8660254037844387076, 1.000000000000000000, 0.8660254037844387076, 1.000000000000000000, 0.8660254037844387076, 1.000000000000000000, 0.8660254037844387076, 1.000000000000000000, 0.8660254037844387076, 1.000000000000000000, 0.8660254037844387076, 1.000000000000000000, 0.8660254037844387076, 1.000000000000000000, 0.8660254037844387076, 1.000000000000000000, 0.8660254037844387076, 1.000000000000000000, 0.8660254037844387076, 1.000000000000000000, 0.8660254037844387076, 1.000000000000000000, 0.8660254037844387076, 1.000000000000000000, 0.8660254037844387076, 1.000000000000000000, 0.8660254037844387076, 1.000000000000000000, 0.8660254037844387076, 1.000000000000000000, 0.8660254037844387076, 1.000000000000000000, 0.8660254037844387076, 1.000000000000000000, 0.8660254037844387076, 1.000000000000000000, 0.8660254037844387076, 1.000000000000000000, 0.8660254037844387076, 1.000000000000000000, 0.8660254037844387076, 1.000000000000000000, 0.8660254037844387076, 1.000000000000000000, 0.8660254037844387076, 1.000000000000000000, 0.8660254037844387076, 1.000000000000000000, 0.8660254037844387076, 1.000000000000000000, 0.8660254037844387076, 1.000000000000000000, 0.8660254037844387076, 1.000000000000000000, 0.8660254037844387076, 1.000000000000000000, 0.8660254037844387076, 1.000000000000000000, 0.8660254037844387076, 1.000000000000000000, 0.8660254037844387076, 1.000000000000000000, 0.8660254037844387076, 1.000000000000000000, 0.8660254037844387076, 1.000000000000000000, 0.8660254037844387076, 1.000000000000000000, 0.8660254037844387076, 1.000000000000000000, 0.8660254037844387076, 1.000000000000000000, 0.8660254037844387076, 1.000000000000000000, 0.8660254037844387076, 1.000000000000000000, 0.8660254037844387076, 1.000000000000000000, 0.8660254037844387076, 1.000000000000000000, 0.8660254037844387076, 1.000000000000000000, 0.8660254037844387076, 1.000000000000000000, 0.8660254037844387076, 1.000000000000000000, 0.8660254037844387076, 1.000000000000000000, 0.8660254037844387076, 1.000000000000000000, 0.8660254037844387076, 1.000000000000000000, 0.8660254037844387076, 1.000000000000000000, 0.8660254037844387076, 1.000000000000000000, 0.8660254037844387076, 1.000000000000000000, 0.8660254037844387076, 1.000000000000000000, 0.8660254037844387076, 1.000000000000000000, 0.8660254037844387076, 1.000000000000000000, 0.8660254037844387076, 1.000000000000000000, 0.8660254037844387076, 1.000000000000000000, 0.8660254037844387076, 1.000000000000000000, 0.8660254037844387076, 1.000000000000000000, 0.8660254037844387076, 1.000000000000000000, 0.8660254037844387076, 1.000000000000000000, 0.8660254037844387076, 1.000000000000000000, 0.8660254037844387076, 1.000000000000000000, 0.8660254037844387076, 1.000000000000000000, 0.8660254037844387076, 1.000000000000000000, 0.8660254037844387076, 1.000000000000000000),
 ( 1.000000000000000000, 0.8660254037844387076, 1.000000000000000000, 0.8660254037844387076, 1.000000000000000000, 0.8660254037844387076, 1.000000000000000000, 0.8660254037844387076, 1.000000000000000000, 0.8660254037844387076, 1.000000000000000000, 0.8660254037844387076, 1.000000000000000000, 0.8660254037844387076, 1.000000000000000000, 0.8660254037844387076, 1.000000000000000000, 0.8660254037844387076, 1.000000000000000000, 0.8660254037844387076, 1.000000000000000000, 0.8660254037844387076, 1.000000000000000000, 0.8660254037844387076, 1.000000000000000000, 0.8660254037844387076, 1.000000000000000000, 0.8660254037844387076, 1.000000000000000000, 0.8660254037844387076, 1.000000000000000000, 0.8660254037844387076, 1.000000000000000000, 0.8660254037844387076, 1.000000000000000000, 0.8660254037844387076, 1.000000000000000000, 0.8660254037844387076, 1.000000000000000000, 0.8660254037844387076, 1.000000000000000000, 0.8660254037844387076, 1.000000000000000000, 0.8660254037844387076, 1.000000000000000000, 0.8660254037844387076, 1.000000000000000000, 0.8660254037844387076, 1.000000000000000000, 0.8660254037844387076, 1.000000000000000000, 0.8660254037844387076, 1.000000000000000000, 0.8660254037844387076, 1.000000000000000000, 0.8660254037844387076, 1.000000000000000000, 0.8660254037844387076, 1.000000000000000000, 0.8660254037844387076, 1.000000000000000000, 0.8660254037844387076, 1.000000000000000000, 0.8660254037844387076, 1.000000000000000000, 0.8660254037844387076, 1.000000000000000000, 0.8660254037844387076, 1.000000000000000000, 0.8660254037844387076, 1.000000000000000000, 0.8660254037844387076, 1.000000000000000000, 0.8660254037844387076, 1.000000000000000000, 0.8660254037844387076, 1.000000000000000000, 0.8660254037844387076, 1.000000000000000000, 0.8660254037844387076, 1.000000000000000000, 0.8660254037844387076, 1.000000000000000000, 0.8660254037844387076, 1.000000000000000000, 0.8660254037844387076, 1.000000000000000000, 0.8660254037844387076, 1.000000000000000000, 0.8660254037844387076, 1.000000000000000000, 0.8660254037844387076, 1.000000000000000000, 0.8660254037844387076, 1.000000000000000000, 0.8660254037844387076, 1.000000000000000000, 0.8660254037844387076, 1.000000000000000000, 0.8660254037844387076, 1.000000000000000000, 0.8660254037844387076, 1.000000000000000000, 0.8660254037844387076, 1.000000000000000000, 0.8660254037844387076, 1.000000000000000000, 0.8660254037844387076, 1.000000000000000000, 0.8660254037844387076, 1.000000000000000000, 0.8660254037844387076, 1.000000000000000000, 0.8660254037844387076, 1.000000000000000000, 0.8660254037844387076, 1.000000000000000000, 0.8660254037844387076, 1.000000000000000000, 0.8660254037844387076, 1.000000000000000000, 0.8660254037844387076, 1.000000000000000000, 0.8660254037844387076, 1.000000000000000000, 0.8660254037844387076, 1.000000000000000000, 0.8660254037844387076, 1.000000000000000000, 0.8660254037844387076, 1.000000000000000000, 0.8660254037844387076, 1.000000000000000000, 0.8660254037844387076, 1.000000000000000000, 0.8660254037844387076, 1.000000000000000000, 0.8660254037844387076, 1.000000000000000000, 0.8660254037844387076, 1.000000000000000000, 0.8660254037844387076, 1.000000000000000000, 0.8660254037844387076, 1.000000000000000000, 0.8660254037844387076, 1.000000000000000000, 0.8660254037844387076, 1.000000000000000000, 0.8660254037844387076, 1.000000000000000000, 0.8660254037844387076, 1.000000000000000000, 0.8660254037844387076, 1.000000000000000000, 0.8660254037844387076, 1.000000000000000000, 0.8660254037844387076, 1.000000000000000000, 0.8660254037844387076, 1.000000000000000000, 0.8660254037844387076, 1.000000000000000000, 0.8660254037844387076, 1.000000000000000000, 0.8660254037844387076, 1.000000000000000000, 0.8660254037844387076, 1.000000000000000000, 0.8660254037844387076, 1.000000000000000000, 0.8660254037844387076, 1.000000000000000000, 0.8660254037844387076, 1.000000000000000000, 0.8660254037844387076, 1.000000000000000000, 0.8660254037844387076, 1.000000000000000000, 0.8660254037844387076, 1.000000000000000000, 0.8660254037844387076, 1.000000000000000000, 0.8660254037844387076, 1.000000000000000000, 0.8660254037844387076, 1.000000000000000000, 0.8660254037844387076, 1.000000000000000000, 0.8660254037844387076, 1.000000000000000000, 0.8660254037844387076, 1.000000000000000000, 0.8660254037844387076, 1.000000000000000000, 0.8660254037844387076, 1.000000000000000000, 0.8660254037844387076, 1.000000000000000000, 0.8660254037844387076, 1.000000000000000000, 0.8660254037844387076, 1.000000000000000000, 0.8660254037844387076, 1.000000000000000000, 0.8660254037844387076, 1.000000000000000000, 0.8660254037844387076, 1.000000000000000000, 0.8660254037844387076, 1.000000000000000000, 0.8660254037844387076, 1.000000000000000000, 0.8660254037844387076, 1.000000000000000000, 0.8660254037844387076, 1.000000000000000000, 0.8660254037844387076, 1.000000000000000000, 0.8660254037844387076, 1.000000000000000000, 0.8660254037844387076, 1.000000000000000000, 0.8660254037844387076, 1.000000000000000000, 0.8660254037844387076, 1.000000000000000000, 0.8660254037844387076, 1.000000000000000000, 0.8660254037844387076, 1.000000000000000000, 0.8660254037844387076, 1.000000000000000000, 0.8660254037844387076, 1.000000000000000000, 0.8660254037844387076, 1.000000000000000000, 0.8660254037844387076, 1.000000000000000000, 0.8660254037844387076, 1.000000000000000000, 0.8660254037844387076, 1.000000000000000000, 0.8660254037844387076, 1.000000000000000000, 0.8660254037844387076, 1.000000000000000000, 0.8660254037844387076, 1.000000000000000000, 0.8660254037844387076, 1.000000000000000000, 0.8660254037844387076, 1.000000000000000000, 0.8660254037844387076, 1.000000000000000000, 0.8660254037844387076, 1.000000000000000000, 0.8660254037844387076, 1.000000000000000000, 0.8660254037844387076, 1.000000000000000000, 0.8660254037844387076, 1.000000000000000000, 0.8660254037844387076, 1.000000000000000000, 0.8660254037844387076, 1.000000000000000000, 0.8660254037844387076, 1.000000000000000000, 0.8660254037844387076, 1.000000000000000000, 0.8660254037844387076, 1.000000000000000000, 0.8660254037844387076, 1.000000000000000000, 0.8660254037844387076, 1.000000000000000000, 0.8660254037844387076, 1.000000000000000000, 0.8660254037844387076, 1.000000000000000000, 0.8660254037844387076, 1.000000000000000000, 0.8660254037844387076, 1.000000000000000000, 0.8660254037844387076, 1.000000000000000000, 0.8660254037844387076, 1.000000000000000000, 0.8660254037844387076, 1.000000000000000000, 0.8660254037844387076, 1.000000000000000000, 0.8660254037844387076, 1.000000000000000000, 0.8660254037844387076, 1.000000000000000000, 0.8660254037844387076, 1.000000000000000000, 0.8660254037844387076, 1.000000000000000000, 0.8660254037844387076, 1.000000000000000000, 0.8660254037844387076, 1.000000000000000000, 0.8660254037844387076, 1.000000000000000000, 0.8660254037844387076, 1.000000000000000000, 0.8660254037844387076, 1.000000000000000000, 0.8660254037844387076, 1.000000000000000000, 0.8660254037844387076, 1.000000000000000000, 0.8660254037844387076, 1.000000000000000000, 0.8660254037844387076, 1.000000000000000000, 0.8660254037844387076, 1.000000000000000000, 0.8660254037844387076, 1.000000000000000000, 0.8660254037844387076, 1.000000000000000000, 0.8660254037844387076, 1.000000000000000000, 0.8660254037844387076, 1.000000000000000000, 0.8660254037844387076, 1.000000000000000000, 0.8660254037844387076, 1.000000000000000000, 0.8660254037844387076, 1.000000000000000000, 0.8660254037844387076, 1.000000000000000000, 0.8660254037844387076, 1.000000000000000000, 0.8660254037844387076, 1.000000000000000000, 0.8660254037844387076, 1.000000000000000000, 0.8660254037844387076, 1.000000000000000000, 0.8660254037844387076, 1.000000000000000000, 0.8660254037844387076, 1.000000000000000000, 0.8660254037844387076, 1.000000000000000000, 0.8660254037844387076, 1.000000000000000000, 0.8660254037844387076, 1.000000000000000000, 0.8660254037844387076, 1.000000000000000000, 0.8660254037844387076, 1.000000000000000000, 0.8660254037844387076, 1.000000000000000000, 0.8660254037844387076, 1.000000000000000000, 0.8660254037844387076, 1.000000000000000000, 0.8660254037844387076, 1.000000000000000000, 0.8660254037844387076, 1.000000000000000000) ) ) 
 REPRESENTATION_ITEM ( '' )  SURFACE ( )  );
#4281 = ORIENTED_EDGE ( 'NONE', *, *, #4733, .T. ) ;
#4282 = EDGE_CURVE ( 'NONE', #191, #169, #2713, .T. ) ;
#4283 = CARTESIAN_POINT ( 'NONE',  ( -0.5032151781249993849, 5.659375000614514484, 0.8715942556523227358 ) ) ;
#4284 = CARTESIAN_POINT ( 'NONE',  ( -1.000000000000000444, 13.40000000000000036, -0.5773502691896265082 ) ) ;
#4285 = DIRECTION ( 'NONE',  ( -0.000000000000000000, -1.000000000000000000, -0.000000000000000000 ) ) ;
#4286 = CARTESIAN_POINT ( 'NONE',  ( 0.000000000000000000, 12.00000000000000000, -1.249999999999999334 ) ) ;
#4287 = DIRECTION ( 'NONE',  ( -0.6546536707079791961, 0.6546536707079754214, -0.3779644730092265315 ) ) ;
#4288 = DIRECTION ( 'NONE',  ( -0.3535533905932728427, 0.7071067811865493491, 0.6123724356957929160 ) ) ;
#4289 = ORIENTED_EDGE ( 'NONE', *, *, #5513, .F. ) ;
#4290 = EDGE_CURVE ( 'NONE', #1612, #4006, #1160, .T. ) ;
#4291 = CARTESIAN_POINT ( 'NONE',  ( 1.249999999999999334, 1.449999999999998623, 0.000000000000000000 ) ) ;
#4292 = DIRECTION ( 'NONE',  ( 0.000000000000000000, 0.000000000000000000, -1.000000000000000000 ) ) ;
#4293 = CARTESIAN_POINT ( 'NONE',  ( 0.5032151781249982747, 9.821875000614515017, -0.8715942556523229579 ) ) ;
#4294 = CARTESIAN_POINT ( 'NONE',  ( 1.006430356249998104, 10.68437500061451395, -0.5810628371015496008 ) ) ;
#4295 = ORIENTED_EDGE ( 'NONE', *, *, #601, .T. ) ;
#4296 = CARTESIAN_POINT ( 'NONE',  ( -0.5032151781249993849, 4.759375000614515017, 0.8715942556523227358 ) ) ;
#4297 = CARTESIAN_POINT ( 'NONE',  ( -1.006430356249998992, 11.47187500061451537, 0.5810628371015487126 ) ) ;
#4298 = CARTESIAN_POINT ( 'NONE',  ( -0.5032151781250003841, 9.109375000614514661, -0.8715942556523218476 ) ) ;
#4299 = CARTESIAN_POINT ( 'NONE',  ( -1.006430356250000102, 9.034375000614513596, -0.5810628371015466032 ) ) ;
#4300 = CARTESIAN_POINT ( 'NONE',  ( -0.6249999999999993339, 12.84999999999999609, -1.082531754730547968 ) ) ;
#4301 = DIRECTION ( 'NONE',  ( 0.000000000000000000, -0.000000000000000000, 1.000000000000000000 ) ) ;
#4302 = CARTESIAN_POINT ( 'NONE',  ( -0.5032151781249986078, 3.746875000614515727, 0.8715942556523228468 ) ) ;
#4303 = VERTEX_POINT ( 'NONE', #2119 ) ;
#4304 = ORIENTED_EDGE ( 'NONE', *, *, #5544, .F. ) ;
#4305 = CARTESIAN_POINT ( 'NONE',  ( -1.062732146793064491E-15, -0.8281249993854842284, -1.162125674203096537 ) ) ;
#4306 = CARTESIAN_POINT ( 'NONE',  ( 0.5032151781250004952, 2.471875000614515372, 0.8715942556523216256 ) ) ;
#4307 = CARTESIAN_POINT ( 'NONE',  ( 1.249999999999999112, 5.912499999999998757, 0.7216878364870323859 ) ) ;
#4308 = CARTESIAN_POINT ( 'NONE',  ( -1.249999999999998002, 1.768750001229032920, 0.7216878364870340512 ) ) ;
#4309 = CARTESIAN_POINT ( 'NONE',  ( 1.249999999999998002, 7.393750001229033586, -0.7216878364870344953 ) ) ;
#4310 = CARTESIAN_POINT ( 'NONE',  ( -1.006430356249998548, 6.409375000614515372, 0.5810628371015493787 ) ) ;
#4311 = CARTESIAN_POINT ( 'NONE',  ( 9.204127980810867663E-16, 5.696875000614515017, 1.162125674203096537 ) ) ;
#4312 = CARTESIAN_POINT ( 'NONE',  ( -1.207585681742750161, 12.00000000000000000, 0.02748050622224635850 ) ) ;
#4313 = CARTESIAN_POINT ( 'NONE',  ( -1.250000000000000444, 4.843750001229032875, -0.7216878364870294993 ) ) ;
#4314 = CYLINDRICAL_SURFACE ( 'NONE', #2718, 1.249999999999999334 ) ;
#4315 = CARTESIAN_POINT ( 'NONE',  ( 0.5032151781250004952, -0.6781249993854843172, 0.8715942556523216256 ) ) ;
#4316 = CYLINDRICAL_SURFACE ( 'NONE', #686, 1.249999999999999334 ) ;
#4317 =( BOUNDED_CURVE ( )  B_SPLINE_CURVE ( 2, ( #3274, #3245, #5253, #912, #3303, #5165, #5225, #2859, #5726 ),
 .UNSPECIFIED., .F., .F. ) 
 B_SPLINE_CURVE_WITH_KNOTS ( ( 3, 2, 2, 2, 3 ),
 ( 0.3790322580645161255, 0.3817204301075268758, 0.3870967741935483764, 0.3924731182795698770, 0.3951612903225806273 ),
 .UNSPECIFIED. ) 
 CURVE ( )  GEOMETRIC_REPRESENTATION_ITEM ( )  RATIONAL_B_SPLINE_CURVE ( ( 0.9330127018922194093, 0.9330127018922194093, 1.000000000000000000, 0.8660254037844387076, 1.000000000000000000, 0.8660254037844387076, 1.000000000000000000, 0.9330127018922194093, 0.9330127018922194093 ) ) 
 REPRESENTATION_ITEM ( '' )  );
#4318 = ORIENTED_EDGE ( 'NONE', *, *, #529, .F. ) ;
#4319 = VECTOR ( 'NONE', #1795, 1000.000000000000000 ) ;
#4320 = CARTESIAN_POINT ( 'NONE',  ( 0.000000000000000000, 14.50000000000000000, 0.000000000000000000 ) ) ;
#4321 = CARTESIAN_POINT ( 'NONE',  ( 1.249999999999999112, 1.412499999999998312, 0.7216878364870323859 ) ) ;
#4322 = CARTESIAN_POINT ( 'NONE',  ( 0.000000000000000000, 14.50000000000000000, 0.000000000000000000 ) ) ;
#4323 = EDGE_CURVE ( 'NONE', #6178, #404, #2087, .T. ) ;
#4324 = CARTESIAN_POINT ( 'NONE',  ( 1.827526258964323273E-15, 10.08437500061451608, 1.162125674203096093 ) ) ;
#4325 = CARTESIAN_POINT ( 'NONE',  ( 9.204127980810867663E-16, -0.1531249993854843228, 1.162125674203096537 ) ) ;
#4326 = ORIENTED_EDGE ( 'NONE', *, *, #206, .T. ) ;
#4327 = CARTESIAN_POINT ( 'NONE',  ( 0.5032151781249999400, 4.834375000614515194, 0.8715942556523221807 ) ) ;
#4328 = CARTESIAN_POINT ( 'NONE',  ( 0.5032151781249990519, 11.73437500061451289, -0.8715942556523228468 ) ) ;
#4329 = CARTESIAN_POINT ( 'NONE',  ( 1.006430356249999658, 8.021875000614516082, 0.5810628371015478244 ) ) ;
#4330 = VECTOR ( 'NONE', #4370, 1000.000000000000000 ) ;
#4331 = CARTESIAN_POINT ( 'NONE',  ( -0.5032151781249986078, 8.696875000614515017, 0.8715942556523228468 ) ) ;
#4332 = CARTESIAN_POINT ( 'NONE',  ( 0.6249999999999974465, 7.431250001229032343, -1.082531754730548856 ) ) ;
#4333 = CARTESIAN_POINT ( 'NONE',  ( -2.614599868946037210E-15, 6.568750001229032520, -1.249999999999999334 ) ) ;
#4334 = CARTESIAN_POINT ( 'NONE',  ( -1.006430356249999436, 1.871875000614515505, 1.644310252063557226E-15 ) ) ;
#4335 = AXIS2_PLACEMENT_3D ( 'NONE', #576, #631, #129 ) ;
#4336 = ORIENTED_EDGE ( 'NONE', *, *, #5303, .F. ) ;
#4337 = CARTESIAN_POINT ( 'NONE',  ( -1.006430356249998992, -0.2281249993854843061, 0.5810628371015487126 ) ) ;
#4338 = CARTESIAN_POINT ( 'NONE',  ( 0.5032151781249982747, 3.071875000614515461, -0.8715942556523229579 ) ) ;
#4339 = CARTESIAN_POINT ( 'NONE',  ( 0.6249999999999987788, 9.024999999999998579, 1.082531754730548412 ) ) ;
#4340 = DIRECTION ( 'NONE',  ( 0.000000000000000000, 0.000000000000000000, -1.000000000000000000 ) ) ;
#4341 = CARTESIAN_POINT ( 'NONE',  ( 1.249999999999999334, 9.156250001229031099, -2.749541545756668106E-15 ) ) ;
#4342 = CARTESIAN_POINT ( 'NONE',  ( 0.5032151781249982747, 5.321875000614515905, -0.8715942556523229579 ) ) ;
#4343 = CARTESIAN_POINT ( 'NONE',  ( -1.006430356249999658, 5.584375000614515194, 8.587269508238526152E-16 ) ) ;
#4344 = CARTESIAN_POINT ( 'NONE',  ( 1.249999999999999112, 7.712499999999997691, 0.7216878364870324969 ) ) ;
#4345 = CARTESIAN_POINT ( 'NONE',  ( 2.236935443431609674E-15, 4.993750001229032343, 1.249999999999999556 ) ) ;
#4346 = CARTESIAN_POINT ( 'NONE',  ( 1.249999999999999334, 2.387499999999998845, -0.7216878364870317197 ) ) ;
#4347 = ORIENTED_EDGE ( 'NONE', *, *, #1126, .T. ) ;
#4348 = ADVANCED_FACE ( 'NONE', ( #5942 ), #3588, .F. ) ;
#4349 = CARTESIAN_POINT ( 'NONE',  ( 1.249999999999999334, 6.849999999999998757, 0.000000000000000000 ) ) ;
#4350 = CARTESIAN_POINT ( 'NONE',  ( -1.249999999999999778, 1.262499999999998401, 0.7216878364870313867 ) ) ;
#4351 = CARTESIAN_POINT ( 'NONE',  ( 1.006430356249999880, 8.809375000614515727, 0.5810628371015469362 ) ) ;
#4352 = CARTESIAN_POINT ( 'NONE',  ( -1.006430356249998548, 12.70937500061451253, 0.5810628371015493787 ) ) ;
#4353 = VECTOR ( 'NONE', #5516, 1000.000000000000000 ) ;
#4354 = ORIENTED_EDGE ( 'NONE', *, *, #2662, .T. ) ;
#4355 = CARTESIAN_POINT ( 'NONE',  ( -1.006430356249999214, 6.971875000614515372, 0.5810628371015488236 ) ) ;
#4356 = EDGE_CURVE ( 'NONE', #4641, #2448, #951, .T. ) ;
#4357 = CARTESIAN_POINT ( 'NONE',  ( -0.9079824769307782706, 0.3396645575175039067, 0.7778262432463177722 ) ) ;
#4358 = CARTESIAN_POINT ( 'NONE',  ( 0.5032151781249999400, 8.884375000614515017, 0.8715942556523221807 ) ) ;
#4359 = CARTESIAN_POINT ( 'NONE',  ( 1.006430356249999436, 9.296875000614514661, -1.767562423498186358E-15 ) ) ;
#4360 = CARTESIAN_POINT ( 'NONE',  ( -0.3349364905389035640, 6.717403810567663669, 1.249999999999999112 ) ) ;
#4361 = CARTESIAN_POINT ( 'NONE',  ( 0.000000000000000000, 12.00000000000000000, 0.000000000000000000 ) ) ;
#4362 = CARTESIAN_POINT ( 'NONE',  ( 1.006430356249999880, 2.959375000614515638, 0.5810628371015469362 ) ) ;
#4363 = CIRCLE ( 'NONE', #3259, 2.250000000000000000 ) ;
#4364 = CARTESIAN_POINT ( 'NONE',  ( -1.006430356249999214, 11.92187500061451466, 0.5810628371015488236 ) ) ;
#4365 = VERTEX_POINT ( 'NONE', #1706 ) ;
#4366 = ORIENTED_EDGE ( 'NONE', *, *, #1444, .F. ) ;
#4367 = CARTESIAN_POINT ( 'NONE',  ( -1.006430356249999880, 0.5968750006145154829, -0.5810628371015476024 ) ) ;
#4368 = CARTESIAN_POINT ( 'NONE',  ( -0.5032151781250009392, 3.146875000614515638, -0.8715942556523212925 ) ) ;
#4369 = CARTESIAN_POINT ( 'NONE',  ( 0.6249999999999997780, 8.724999999999996092, -1.082531754730547746 ) ) ;
#4370 = DIRECTION ( 'NONE',  ( -0.000000000000000000, -1.000000000000000000, -0.000000000000000000 ) ) ;
#4371 = CARTESIAN_POINT ( 'NONE',  ( 1.249999999999999334, 8.256250001229030744, -2.749541545756668106E-15 ) ) ;
#4372 = CARTESIAN_POINT ( 'NONE',  ( -1.969845607676301195E-15, 6.259375000614515905, -1.162125674203096093 ) ) ;
#4373 = CARTESIAN_POINT ( 'NONE',  ( -1.062732146793064886E-15, 5.921875000614515550, -1.162125674203096537 ) ) ;
#4374 = CARTESIAN_POINT ( 'NONE',  ( -0.6249999999999993339, 6.999999999999998224, -1.082531754730547968 ) ) ;
#4375 = CARTESIAN_POINT ( 'NONE',  ( 0.9024998974054332379, 0.1958251087230070964, 0.6516418287856312608 ) ) ;
#4376 = CARTESIAN_POINT ( 'NONE',  ( -0.3349364905389035640, 5.817403810567663314, 1.249999999999999112 ) ) ;
#4377 = CARTESIAN_POINT ( 'NONE',  ( 0.5032151781249982747, -0.07812499938548425615, -0.8715942556523229579 ) ) ;
#4378 = FACE_OUTER_BOUND ( 'NONE', #5696, .T. ) ;
#4379 = ORIENTED_EDGE ( 'NONE', *, *, #5385, .F. ) ;
#4380 = VECTOR ( 'NONE', #2586, 1000.000000000000000 ) ;
#4381 = AXIS2_PLACEMENT_3D ( 'NONE', #2673, #4474, #5947 ) ;
#4382 = CARTESIAN_POINT ( 'NONE',  ( -0.1605823231590444433, 12.00000000000000000, -1.205928927143871121 ) ) ;
#4383 = CARTESIAN_POINT ( 'NONE',  ( -1.249999999999999334, 2.124999999999998224, -1.530808498934190831E-16 ) ) ;
#4384 = CARTESIAN_POINT ( 'NONE',  ( -1.365402153782930631E-14, 10.56249999999999645, -1.249999999999999112 ) ) ;
#4385 = CARTESIAN_POINT ( 'NONE',  ( 1.006430356249998104, 10.23437500061451289, -0.5810628371015496008 ) ) ;
#4386 = CARTESIAN_POINT ( 'NONE',  ( 1.006430356249999658, -0.04062499938548426448, -9.819791222584819450E-16 ) ) ;
#4387 = ORIENTED_EDGE ( 'NONE', *, *, #5766, .T. ) ;
#4388 = CARTESIAN_POINT ( 'NONE',  ( -1.006430356249999880, 6.896875000614515194, -0.5810628371015474913 ) ) ;
#4389 = CARTESIAN_POINT ( 'NONE',  ( -0.5786509504792126668, 0.1541788916994795700, -0.9230155632245147235 ) ) ;
#4390 = CARTESIAN_POINT ( 'NONE',  ( 1.006430356249998770, 7.646875000614515194, -0.5810628371015489346 ) ) ;
#4391 = CARTESIAN_POINT ( 'NONE',  ( 0.5032151781249982747, 9.371875000614513951, -0.8715942556523229579 ) ) ;
#4392 = CARTESIAN_POINT ( 'NONE',  ( -0.9172508250315531964, 0.4391053493071319647, 0.8494197428578308395 ) ) ;
#4393 = LINE ( 'NONE', #1947, #5639 ) ;
#4394 = CARTESIAN_POINT ( 'NONE',  ( -1.006430356249999436, 2.771875000614515194, 1.644310252063557226E-15 ) ) ;
#4395 = CARTESIAN_POINT ( 'NONE',  ( 0.5032151781249990519, 10.83437500061451608, -0.8715942556523228468 ) ) ;
#4396 = CARTESIAN_POINT ( 'NONE',  ( -2.614599868946037210E-15, 3.418750001229032165, -1.249999999999999334 ) ) ;
#4397 = ORIENTED_EDGE ( 'NONE', *, *, #5627, .F. ) ;
#4398 = CARTESIAN_POINT ( 'NONE',  ( 1.006430356249999658, 0.8593750006145156606, -9.819791222584817478E-16 ) ) ;
#4399 = CARTESIAN_POINT ( 'NONE',  ( 0.5032151781249982747, 1.721875000614515372, -0.8715942556523229579 ) ) ;
#4400 = CARTESIAN_POINT ( 'NONE',  ( -2.651438096812265438E-16, 7.637499999999997513, 1.443375672974063439 ) ) ;
#4401 = LINE ( 'NONE', #2947, #3426 ) ;
#4402 = CARTESIAN_POINT ( 'NONE',  ( 1.249999999999999334, 9.606250001229030389, -2.749541545756668106E-15 ) ) ;
#4403 = CARTESIAN_POINT ( 'NONE',  ( 1.827526258964323273E-15, 7.834375000614514306, 1.162125674203096093 ) ) ;
#4404 = EDGE_CURVE ( 'NONE', #5295, #1609, #4560, .T. ) ;
#4405 = CARTESIAN_POINT ( 'NONE',  ( -1.006430356249999880, 5.546875000614514661, -0.5810628371015476024 ) ) ;
#4406 = CARTESIAN_POINT ( 'NONE',  ( -1.249999999999999334, 7.074999999999998401, -1.530808498934190831E-16 ) ) ;
#4407 = CARTESIAN_POINT ( 'NONE',  ( 0.3349364905389026204, 4.057596189432333134, 1.249999999999999556 ) ) ;
#4408 = CARTESIAN_POINT ( 'NONE',  ( 0.000000000000000000, 12.00000000000000000, 0.000000000000000000 ) ) ;
#4409 = CARTESIAN_POINT ( 'NONE',  ( -1.006430356249999436, 0.07187500061451571054, 1.644310252063557226E-15 ) ) ;
#4410 = CARTESIAN_POINT ( 'NONE',  ( 1.530808498934190831E-16, 12.00000000000000000, 1.249999999999999334 ) ) ;
#4411 = ORIENTED_EDGE ( 'NONE', *, *, #520, .T. ) ;
#4412 = CARTESIAN_POINT ( 'NONE',  ( 1.017732408389613985, 12.00000000000000533, -0.2338311190844863108 ) ) ;
#4413 = CARTESIAN_POINT ( 'NONE',  ( 1.249999999999999334, 1.899999999999998579, 0.000000000000000000 ) ) ;
#4414 = CARTESIAN_POINT ( 'NONE',  ( 1.250000000000000444, 5.518750001229033586, 0.7216878364870298324 ) ) ;
#4415 = DIRECTION ( 'NONE',  ( -1.000000000000000000, 0.000000000000000000, 0.000000000000000000 ) ) ;
#4416 = CARTESIAN_POINT ( 'NONE',  ( 0.5032151781249982747, 8.921875000614514661, -0.8715942556523229579 ) ) ;
#4417 = CARTESIAN_POINT ( 'NONE',  ( 9.204127980810867663E-16, -0.6031249993854843616, 1.162125674203096537 ) ) ;
#4418 = VERTEX_POINT ( 'NONE', #603 ) ;
#4419 = CARTESIAN_POINT ( 'NONE',  ( 0.5032151781249990519, 7.234375000614515550, -0.8715942556523228468 ) ) ;
#4420 = CARTESIAN_POINT ( 'NONE',  ( 1.006430356249999658, 12.52187500061451253, 0.5810628371015478244 ) ) ;
#4421 = CARTESIAN_POINT ( 'NONE',  ( 0.5032151781249990519, 8.584375000614514306, -0.8715942556523228468 ) ) ;
#4422 = FACE_OUTER_BOUND ( 'NONE', #2926, .T. ) ;
#4423 = CARTESIAN_POINT ( 'NONE',  ( -1.122630074112215715, 0.4217991745128127912, 0.5271307228249834109 ) ) ;
#4424 = CARTESIAN_POINT ( 'NONE',  ( 1.249999999999999334, 0.1562500012290328477, -2.749541545756668106E-15 ) ) ;
#4425 = CARTESIAN_POINT ( 'NONE',  ( -1.006430356249998548, 1.909375000614515816, 0.5810628371015493787 ) ) ;
#4426 = CARTESIAN_POINT ( 'NONE',  ( -1.249999999999999334, 3.024999999999998579, -1.530808498934190831E-16 ) ) ;
#4427 = CARTESIAN_POINT ( 'NONE',  ( 0.3349364905389005664, 9.248653811796698321, -1.250000000000000000 ) ) ;
#4428 = ORIENTED_EDGE ( 'NONE', *, *, #4733, .F. ) ;
#4429 = CARTESIAN_POINT ( 'NONE',  ( -1.006430356249999880, 1.496875000614515727, -0.5810628371015476024 ) ) ;
#4430 = EDGE_CURVE ( 'NONE', #816, #4231, #4254, .T. ) ;
#4431 = CARTESIAN_POINT ( 'NONE',  ( 1.827526258964323273E-15, 6.034375000614514484, 1.162125674203096093 ) ) ;
#4432 = CARTESIAN_POINT ( 'NONE',  ( 0.6249999999999997780, 7.824999999999998401, -1.082531754730547746 ) ) ;
#4433 = LINE ( 'NONE', #4808, #6224 ) ;
#4434 = CARTESIAN_POINT ( 'NONE',  ( 0.6250000000000012212, 9.981250001229032165, 1.082531754730547080 ) ) ;
#4435 = CARTESIAN_POINT ( 'NONE',  ( -1.006430356249999880, 10.04687500061451644, -0.5810628371015476024 ) ) ;
#4436 = CARTESIAN_POINT ( 'NONE',  ( 0.3349364905389032865, 7.842403810567664557, -1.249999999999999112 ) ) ;
#4437 = ADVANCED_FACE ( 'NONE', ( #5973 ), #5500, .T. ) ;
#4438 = CARTESIAN_POINT ( 'NONE',  ( 0.000000000000000000, 12.00000000000000000, 0.000000000000000000 ) ) ;
#4439 =( GEOMETRIC_REPRESENTATION_CONTEXT ( 3 ) GLOBAL_UNCERTAINTY_ASSIGNED_CONTEXT ( ( #2653 ) ) GLOBAL_UNIT_ASSIGNED_CONTEXT ( ( #5502, #4593, #6069 ) ) REPRESENTATION_CONTEXT ( 'NONE', 'WORKASPACE' ) );
#4440 = DIRECTION ( 'NONE',  ( 0.000000000000000000, 0.000000000000000000, 1.000000000000000000 ) ) ;
#4441 = CARTESIAN_POINT ( 'NONE',  ( 1.006430356249999880, 0.2593750006145156273, 0.5810628371015469362 ) ) ;
#4442 = DIRECTION ( 'NONE',  ( -0.000000000000000000, -1.000000000000000000, -0.000000000000000000 ) ) ;
#4443 = ORIENTED_EDGE ( 'NONE', *, *, #4743, .T. ) ;
#4444 = CARTESIAN_POINT ( 'NONE',  ( -1.006430356249999880, 1.046875000614515550, -0.5810628371015476024 ) ) ;
#4445 = CYLINDRICAL_SURFACE ( 'NONE', #30, 1.249999999999999334 ) ;
#4446 = CARTESIAN_POINT ( 'NONE',  ( 8.838126989374219771E-17, 3.362499999999998490, -1.443375672974063439 ) ) ;
#4447 = CARTESIAN_POINT ( 'NONE',  ( 1.249999999999999334, 4.656250001229031987, -2.749541545756668106E-15 ) ) ;
#4448 = CARTESIAN_POINT ( 'NONE',  ( 0.3349364905389005664, 6.098653811796697077, -1.250000000000000000 ) ) ;
#4449 = CARTESIAN_POINT ( 'NONE',  ( -1.006430356250000324, 12.63437500061451324, -0.5810628371015467142 ) ) ;
#4450 = ORIENTED_EDGE ( 'NONE', *, *, #5203, .T. ) ;
#4451 = CARTESIAN_POINT ( 'NONE',  ( 0.5032151781249990519, 5.434375000614515727, -0.8715942556523228468 ) ) ;
#4452 = CARTESIAN_POINT ( 'NONE',  ( -0.6249999999999978906, 6.306250001229032343, 1.082531754730548856 ) ) ;
#4453 = CARTESIAN_POINT ( 'NONE',  ( -1.006430356249999658, 11.43437500061451573, 8.587269508238524180E-16 ) ) ;
#4454 = CARTESIAN_POINT ( 'NONE',  ( -1.249999999999999334, -0.5187499987709670579, 2.596460695863248776E-15 ) ) ;
#4455 = CARTESIAN_POINT ( 'NONE',  ( 1.006430356249998104, 6.184375000614513951, -0.5810628371015496008 ) ) ;
#4456 =( BOUNDED_CURVE ( )  B_SPLINE_CURVE ( 2, ( #6005, #3050, #1670, #657, #5533, #3021, #3522, #1637, #2024 ),
 .UNSPECIFIED., .F., .T. ) 
 B_SPLINE_CURVE_WITH_KNOTS ( ( 3, 2, 2, 2, 3 ),
 ( 0.2983870967741935609, 0.3010752688172043112, 0.3064516129032258118, 0.3118279569892473124, 0.3145161290322580627 ),
 .UNSPECIFIED. ) 
 CURVE ( )  GEOMETRIC_REPRESENTATION_ITEM ( )  RATIONAL_B_SPLINE_CURVE ( ( 0.9330127018922194093, 0.9330127018922194093, 1.000000000000000000, 0.8660254037844387076, 1.000000000000000000, 0.8660254037844387076, 1.000000000000000000, 0.9330127018922194093, 0.9330127018922194093 ) ) 
 REPRESENTATION_ITEM ( '' )  );
#4457 = CARTESIAN_POINT ( 'NONE',  ( 0.04193458993087735565, 11.99999999999999822, 1.005556339619431805 ) ) ;
#4458 = CARTESIAN_POINT ( 'NONE',  ( -2.614599868946037210E-15, 3.418750001229032165, -1.249999999999999334 ) ) ;
#4459 = AXIS2_PLACEMENT_3D ( 'NONE', #3818, #832, #1808 ) ;
#4460 = CARTESIAN_POINT ( 'NONE',  ( -0.5032151781249993849, 0.7093750006145155274, 0.8715942556523227358 ) ) ;
#4461 = CARTESIAN_POINT ( 'NONE',  ( -0.5032151781250009392, 4.046875000614515550, -0.8715942556523212925 ) ) ;
#4462 = CARTESIAN_POINT ( 'NONE',  ( 0.6249999999999997780, 9.624999999999998224, -1.082531754730547746 ) ) ;
#4463 = CARTESIAN_POINT ( 'NONE',  ( 2.236935443431609674E-15, 9.493750001229033231, 1.249999999999999556 ) ) ;
#4464 = CARTESIAN_POINT ( 'NONE',  ( -1.249999999999999334, 11.63125000122903430, 2.596460695863248776E-15 ) ) ;
#4465 = EDGE_CURVE ( 'NONE', #1685, #1293, #3141, .T. ) ;
#4466 = CARTESIAN_POINT ( 'NONE',  ( 1.006430356249999658, 9.371875000614512174, 0.5810628371015478244 ) ) ;
#4467 = CARTESIAN_POINT ( 'NONE',  ( 1.249999999999999334, 10.05625000122903323, -2.749541545756668106E-15 ) ) ;
#4468 = CYLINDRICAL_SURFACE ( 'NONE', #5124, 1.249999999999999334 ) ;
#4469 = CARTESIAN_POINT ( 'NONE',  ( -1.969845607676301195E-15, 1.759375000614515905, -1.162125674203096093 ) ) ;
#4470 = CARTESIAN_POINT ( 'NONE',  ( -2.614599868946037210E-15, 2.518750001229032698, -1.249999999999999334 ) ) ;
#4471 = EDGE_CURVE ( 'NONE', #379, #960, #3403, .T. ) ;
#4472 = EDGE_LOOP ( 'NONE', ( #1693, #4149, #4985, #348 ) ) ;
#4473 = CARTESIAN_POINT ( 'NONE',  ( 1.006430356249999658, 1.271875000614515416, 0.5810628371015478244 ) ) ;
#4474 = DIRECTION ( 'NONE',  ( -0.7071067811865462405, -0.7071067811865489050, 2.390167890545823441E-15 ) ) ;
#4475 = CARTESIAN_POINT ( 'NONE',  ( 1.249999999999999334, 4.149999999999998579, 0.000000000000000000 ) ) ;
#4476 = CARTESIAN_POINT ( 'NONE',  ( -3.086515833287601756E-15, 5.218750001229032875, -1.443375672974063439 ) ) ;
#4477 = CARTESIAN_POINT ( 'NONE',  ( -0.3349364905389030089, 11.48259618943233029, -1.249999999999999334 ) ) ;
#4478 = CARTESIAN_POINT ( 'NONE',  ( 0.000000000000000000, 12.00000000000000000, 0.000000000000000000 ) ) ;
#4479 = EDGE_CURVE ( 'NONE', #5384, #5392, #3523, .T. ) ;
#4480 = ORIENTED_EDGE ( 'NONE', *, *, #1514, .T. ) ;
#4481 = CARTESIAN_POINT ( 'NONE',  ( 1.006430356249998992, 6.296875000614514661, -0.5810628371015489346 ) ) ;
#4482 = CARTESIAN_POINT ( 'NONE',  ( 0.000000000000000000, 12.00000000000000000, 0.000000000000000000 ) ) ;
#4483 = CARTESIAN_POINT ( 'NONE',  ( 0.5032151781249999400, 10.23437500061451644, 0.8715942556523221807 ) ) ;
#4484 = CARTESIAN_POINT ( 'NONE',  ( -0.3235125376594642499, 0.02812500184331000186, -0.9665273183902269860 ) ) ;
#4485 = CARTESIAN_POINT ( 'NONE',  ( 1.249999999999999334, -1.193749998770966991, -2.749541545756668106E-15 ) ) ;
#4486 = CARTESIAN_POINT ( 'NONE',  ( -0.5032151781250009392, 6.296875000614515550, -0.8715942556523212925 ) ) ;
#4487 = CARTESIAN_POINT ( 'NONE',  ( -0.6249999999999993339, 2.949999999999998845, -1.082531754730547968 ) ) ;
#4488 = DIRECTION ( 'NONE',  ( 0.000000000000000000, -0.6546536707079742001, -0.7559289460184569487 ) ) ;
#4489 = CARTESIAN_POINT ( 'NONE',  ( -1.006430356249999880, 2.846875000614515372, -0.5810628371015476024 ) ) ;
#4490 = CARTESIAN_POINT ( 'NONE',  ( 1.006430356249999880, 4.309375000614514839, 0.5810628371015468252 ) ) ;
#4491 = CARTESIAN_POINT ( 'NONE',  ( -0.6249999999999993339, 11.04999999999999716, -1.082531754730547968 ) ) ;
#4492 =( BOUNDED_CURVE ( )  B_SPLINE_CURVE ( 2, ( #3269, #5130, #345, #3177, #1829, #5096, #2274, #755, #2701 ),
 .UNSPECIFIED., .F., .T. ) 
 B_SPLINE_CURVE_WITH_KNOTS ( ( 3, 2, 2, 2, 3 ),
 ( 0.3467741935483871218, 0.3494623655913978721, 0.3548387096774193727, 0.3602150537634408733, 0.3629032258064516236 ),
 .UNSPECIFIED. ) 
 CURVE ( )  GEOMETRIC_REPRESENTATION_ITEM ( )  RATIONAL_B_SPLINE_CURVE ( ( 0.9330127018922194093, 0.9330127018922194093, 1.000000000000000000, 0.8660254037844387076, 1.000000000000000000, 0.8660254037844387076, 1.000000000000000000, 0.9330127018922194093, 0.9330127018922194093 ) ) 
 REPRESENTATION_ITEM ( '' )  );
#4493 = CYLINDRICAL_SURFACE ( 'NONE', #5331, 1.249999999999999334 ) ;
#4494 = CARTESIAN_POINT ( 'NONE',  ( 0.6250000000000012212, 11.78125000122903110, 1.082531754730547080 ) ) ;
#4495 = CARTESIAN_POINT ( 'NONE',  ( 0.5032151781249999400, 7.984375000614513773, 0.8715942556523221807 ) ) ;
#4496 = CARTESIAN_POINT ( 'NONE',  ( 1.249999999999999334, 8.649999999999998579, 0.000000000000000000 ) ) ;
#4497 = CARTESIAN_POINT ( 'NONE',  ( -0.6249999999999993339, 6.099999999999997868, -1.082531754730547968 ) ) ;
#4498 = CARTESIAN_POINT ( 'NONE',  ( -1.249999999999998002, 6.718750001229031987, 0.7216878364870340512 ) ) ;
#4499 = CARTESIAN_POINT ( 'NONE',  ( -1.969845607676301195E-15, 0.4093750006145155940, -1.162125674203096093 ) ) ;
#4500 = DIRECTION ( 'NONE',  ( 0.000000000000000000, -0.000000000000000000, 1.000000000000000000 ) ) ;
#4501 = ORIENTED_EDGE ( 'NONE', *, *, #6118, .F. ) ;
#4502 = CARTESIAN_POINT ( 'NONE',  ( -0.5032151781249993849, 1.159375000614515594, 0.8715942556523227358 ) ) ;
#4503 = CARTESIAN_POINT ( 'NONE',  ( -0.6249999999999993339, 2.499999999999998224, -1.082531754730547968 ) ) ;
#4504 = CARTESIAN_POINT ( 'NONE',  ( 0.6249999999999987788, 4.524999999999998579, 1.082531754730548412 ) ) ;
#4505 = ADVANCED_FACE ( 'NONE', ( #2796 ), #1290, .F. ) ;
#4506 = CARTESIAN_POINT ( 'NONE',  ( -1.250000000000000444, 3.493750001229032787, -0.7216878364870296103 ) ) ;
#4507 = CARTESIAN_POINT ( 'NONE',  ( -0.6249999999999978906, 4.506250001229032520, 1.082531754730548856 ) ) ;
#4508 = CARTESIAN_POINT ( 'NONE',  ( -1.006430356250000324, 11.73437500061451466, -0.5810628371015467142 ) ) ;
#4509 = ORIENTED_EDGE ( 'NONE', *, *, #4212, .F. ) ;
#4510 = CARTESIAN_POINT ( 'NONE',  ( 1.006430356249998992, 7.646875000614515194, -0.5810628371015489346 ) ) ;
#4511 = DIRECTION ( 'NONE',  ( -0.000000000000000000, -1.000000000000000000, -0.000000000000000000 ) ) ;
#4512 = CARTESIAN_POINT ( 'NONE',  ( 0.5032151781249990519, 10.83437500061451608, -0.8715942556523228468 ) ) ;
#4513 = ADVANCED_FACE ( 'NONE', ( #3713 ), #4687, .T. ) ;
#4514 = CARTESIAN_POINT ( 'NONE',  ( 0.6250000000000012212, 0.9812500012290328311, 1.082531754730547080 ) ) ;
#4515 = CARTESIAN_POINT ( 'NONE',  ( -1.249999999999999334, -0.9687499987709670135, 2.596460695863248776E-15 ) ) ;
#4516 = CARTESIAN_POINT ( 'NONE',  ( 0.5032151781249982747, 5.321875000614515905, -0.8715942556523229579 ) ) ;
#4517 = CARTESIAN_POINT ( 'NONE',  ( 0.5032151781249982747, 9.371875000614513951, -0.8715942556523229579 ) ) ;
#4518 = AXIS2_PLACEMENT_3D ( 'NONE', #5782, #3391, #2019 ) ;
#4519 = ORIENTED_EDGE ( 'NONE', *, *, #3477, .T. ) ;
#4520 = DIRECTION ( 'NONE',  ( -0.000000000000000000, -1.000000000000000000, -0.000000000000000000 ) ) ;
#4521 = CARTESIAN_POINT ( 'NONE',  ( 0.5032151781249990519, 4.084375000614516082, -0.8715942556523228468 ) ) ;
#4522 = CARTESIAN_POINT ( 'NONE',  ( 0.5032151781249982747, 4.871875000614515727, -0.8715942556523229579 ) ) ;
#4523 = CARTESIAN_POINT ( 'NONE',  ( -0.6249999999999993339, 10.14999999999999858, -1.082531754730547968 ) ) ;
#4524 = CARTESIAN_POINT ( 'NONE',  ( 1.743066579297358255E-16, 5.612499999999997158, -1.249999999999999112 ) ) ;
#4525 = CARTESIAN_POINT ( 'NONE',  ( 2.909753293500117656E-15, 11.74375000122903145, 1.443375672974063439 ) ) ;
#4526 = CARTESIAN_POINT ( 'NONE',  ( -1.006430356249998992, 8.321875000614515017, 0.5810628371015487126 ) ) ;
#4527 = DIRECTION ( 'NONE',  ( 0.000000000000000000, 0.000000000000000000, -1.000000000000000000 ) ) ;
#4528 = CARTESIAN_POINT ( 'NONE',  ( 1.743066579297358255E-16, 0.6624999999999986455, -1.249999999999999112 ) ) ;
#4529 = CARTESIAN_POINT ( 'NONE',  ( -0.5032151781249986078, 1.496875000614515505, 0.8715942556523228468 ) ) ;
#4530 = ORIENTED_EDGE ( 'NONE', *, *, #2117, .T. ) ;
#4531 = CARTESIAN_POINT ( 'NONE',  ( 0.5032151781249999400, 1.234375000614515550, 0.8715942556523221807 ) ) ;
#4532 = B_SPLINE_CURVE_WITH_KNOTS ( 'NONE', 3,
 ( #1903, #2478, #2956, #3908 ),
 .UNSPECIFIED., .F., .F.,
 ( 4, 4 ),
 ( 2.168404344971008868E-19, 0.0002085310064767012550 ),
 .UNSPECIFIED. ) ;
#4533 = CARTESIAN_POINT ( 'NONE',  ( -1.249999999999999112, 10.18749999999999822, -0.7216878364870322748 ) ) ;
#4534 = CARTESIAN_POINT ( 'NONE',  ( -1.249999999999999334, 3.924999999999998046, -1.530808498934190831E-16 ) ) ;
#4535 = LINE ( 'NONE', #729, #6215 ) ;
#4536 = CARTESIAN_POINT ( 'NONE',  ( 0.6250000000000012212, 4.131250001229032520, 1.082531754730547080 ) ) ;
#4537 = DIRECTION ( 'NONE',  ( 0.000000000000000000, 0.6546536707079769757, -0.7559289460184546172 ) ) ;
#4538 = CARTESIAN_POINT ( 'NONE',  ( -1.006430356249999436, 12.67187500061451466, 1.644310252063557226E-15 ) ) ;
#4539 = ORIENTED_EDGE ( 'NONE', *, *, #6009, .T. ) ;
#4540 = EDGE_CURVE ( 'NONE', #5482, #379, #2963, .T. ) ;
#4541 = CARTESIAN_POINT ( 'NONE',  ( 1.006430356249999658, 8.509375000614515017, -9.819791222584819450E-16 ) ) ;
#4542 = CARTESIAN_POINT ( 'NONE',  ( -0.8499999999999967581, 13.25000000000000000, 0.4907477288111848357 ) ) ;
#4543 = CARTESIAN_POINT ( 'NONE',  ( -1.006430356249999880, 10.94687500061451324, -0.5810628371015476024 ) ) ;
#4544 = CARTESIAN_POINT ( 'NONE',  ( -0.6249999999999978906, 5.856250001229032165, 1.082531754730548856 ) ) ;
#4545 = CARTESIAN_POINT ( 'NONE',  ( 1.249999999999999334, 0.6062500012290329421, -2.749541545756668106E-15 ) ) ;
#4546 = CARTESIAN_POINT ( 'NONE',  ( 1.006430356249999880, 5.659375000614516260, 0.5810628371015469362 ) ) ;
#4547 = CARTESIAN_POINT ( 'NONE',  ( -0.5032151781249986078, 8.246875000614513951, 0.8715942556523228468 ) ) ;
#4548 = VERTEX_POINT ( 'NONE', #409 ) ;
#4549 = EDGE_CURVE ( 'NONE', #778, #3865, #569, .T. ) ;
#4550 = CARTESIAN_POINT ( 'NONE',  ( -1.006430356249999658, 1.534375000614515594, 8.587269508238526152E-16 ) ) ;
#4551 = CARTESIAN_POINT ( 'NONE',  ( -0.5032151781250003841, 2.359375000614515105, -0.8715942556523218476 ) ) ;
#4552 = CARTESIAN_POINT ( 'NONE',  ( 0.5032151781249982747, 3.971875000614515816, -0.8715942556523229579 ) ) ;
#4553 = CARTESIAN_POINT ( 'NONE',  ( 1.249999999999999556, 10.48749999999999716, -0.7216878364870316087 ) ) ;
#4554 = CARTESIAN_POINT ( 'NONE',  ( 0.000000000000000000, 14.50000000000000000, 0.000000000000000000 ) ) ;
#4555 = CARTESIAN_POINT ( 'NONE',  ( 0.6249999999999974465, 11.48125000122903216, -1.082531754730548856 ) ) ;
#4556 = EDGE_CURVE ( 'NONE', #3885, #1718, #5976, .T. ) ;
#4557 = CARTESIAN_POINT ( 'NONE',  ( -0.5032151781250003841, 10.00937500061451679, -0.8715942556523218476 ) ) ;
#4558 = FACE_OUTER_BOUND ( 'NONE', #5746, .T. ) ;
#4559 = CARTESIAN_POINT ( 'NONE',  ( 1.743066579297358255E-16, 6.062499999999997335, -1.249999999999999112 ) ) ;
#4560 = LINE ( 'NONE', #5571, #81 ) ;
#4561 = CARTESIAN_POINT ( 'NONE',  ( 0.5032151781250004952, 0.6718750006145155496, 0.8715942556523216256 ) ) ;
#4562 = VERTEX_POINT ( 'NONE', #1864 ) ;
#4563 = CARTESIAN_POINT ( 'NONE',  ( -0.5032151781250003841, 1.909375000614515372, -0.8715942556523218476 ) ) ;
#4564 = CARTESIAN_POINT ( 'NONE',  ( -1.249999999999999778, 3.962499999999998135, 0.7216878364870313867 ) ) ;
#4565 = CLOSED_SHELL ( 'NONE', ( #3318, #6219, #4161, #5136, #1959, #2879, #1841, #632, #2924, #1992, #4818, #1601, #1169, #3637, #3891, #4437, #1878, #2981, #1593, #3777, #1358, #2930, #2455, #625, #6053, #3512, #5553, #3441, #2888, #4245, #4271, #892, #1684, #3628, #4237, #49, #6038, #3900, #5861, #4860, #5852, #4978, #2301, #640, #5351, #5470, #3126, #4893, #5972, #2378, #3284, #2544, #3427, #2502, #666, #718, #3999, #4751, #4197, #4625, #1722, #5270, #3592, #4348, #3236, #3584, #5818, #3243, #901, #711, #2227, #5503, #910, #6236, #6086, #20, #5739, #4513, #1549, #5777, #3828, #1833, #4505, #163, #5811, #3049, #2428, #6078 ) ) ;
#4566 = CARTESIAN_POINT ( 'NONE',  ( -1.006430356250000102, 11.73437500061451289, -0.5810628371015466032 ) ) ;
#4567 = CARTESIAN_POINT ( 'NONE',  ( -1.250000000000000444, 6.193750001229031632, -0.7216878364870296103 ) ) ;
#4568 = CARTESIAN_POINT ( 'NONE',  ( -1.249999999999999556, 8.012499999999999289, 0.7216878364870313867 ) ) ;
#4569 = ORIENTED_EDGE ( 'NONE', *, *, #2029, .T. ) ;
#4570 = CARTESIAN_POINT ( 'NONE',  ( 1.006430356249999658, 9.409375000614517148, -9.819791222584819450E-16 ) ) ;
#4571 = CARTESIAN_POINT ( 'NONE',  ( 2.236935443431609674E-15, 1.393750001229032920, 1.249999999999999556 ) ) ;
#4572 = CARTESIAN_POINT ( 'NONE',  ( 1.006430356249999658, 10.72187500061451537, 0.5810628371015478244 ) ) ;
#4573 = CARTESIAN_POINT ( 'NONE',  ( 1.249999999999999112, 4.562499999999998224, 0.7216878364870324969 ) ) ;
#4574 = CARTESIAN_POINT ( 'NONE',  ( 0.6249999999999974465, 2.031250001229032431, -1.082531754730548856 ) ) ;
#4575 = CARTESIAN_POINT ( 'NONE',  ( -1.006430356250000324, 5.434375000614515727, -0.5810628371015467142 ) ) ;
#4576 = CARTESIAN_POINT ( 'NONE',  ( -1.006430356250000324, 9.034375000614513596, -0.5810628371015467142 ) ) ;
#4577 = VECTOR ( 'NONE', #167, 1000.000000000000000 ) ;
#4578 = VERTEX_POINT ( 'NONE', #4653 ) ;
#4579 = CARTESIAN_POINT ( 'NONE',  ( -1.006430356249999658, 1.084375000614515638, 8.587269508238526152E-16 ) ) ;
#4580 = CARTESIAN_POINT ( 'NONE',  ( 1.006430356249998770, 2.246875000614515283, -0.5810628371015489346 ) ) ;
#4581 = CARTESIAN_POINT ( 'NONE',  ( 1.006430356249998326, 7.084375000614515194, -0.5810628371015497118 ) ) ;
#4582 = CARTESIAN_POINT ( 'NONE',  ( 1.249999999999999334, 11.34999999999999964, 0.000000000000000000 ) ) ;
#4583 = CARTESIAN_POINT ( 'NONE',  ( 0.000000000000000000, 12.00000000000000000, -1.249999999999999334 ) ) ;
#4584 = CARTESIAN_POINT ( 'NONE',  ( 0.6250000000000012212, 12.23125000122903394, 1.082531754730547080 ) ) ;
#4585 = AXIS2_PLACEMENT_3D ( 'NONE', #3742, #2273, #344 ) ;
#4586 = ORIENTED_EDGE ( 'NONE', *, *, #4590, .F. ) ;
#4587 = CARTESIAN_POINT ( 'NONE',  ( -0.5032151781250003841, 11.80937500061451573, -0.8715942556523218476 ) ) ;
#4588 = CARTESIAN_POINT ( 'NONE',  ( 0.3349364905389026204, 8.557596189432333134, 1.249999999999999556 ) ) ;
#4589 = CARTESIAN_POINT ( 'NONE',  ( 0.2083333333333360349, 0.4500000000000000111, 1.232516621479085916 ) ) ;
#4590 = EDGE_CURVE ( 'NONE', #4006, #1194, #3717, .T. ) ;
#4591 = CARTESIAN_POINT ( 'NONE',  ( -0.6250000000000017764, 0.7562500012290329643, -1.082531754730546636 ) ) ;
#4592 = CARTESIAN_POINT ( 'NONE',  ( 1.006430356249999436, 4.346875000614515372, -1.767562423498186358E-15 ) ) ;
#4593 =( NAMED_UNIT ( * ) PLANE_ANGLE_UNIT ( ) SI_UNIT ( $, .RADIAN. ) );
#4594 = ORIENTED_EDGE ( 'NONE', *, *, #2971, .T. ) ;
#4595 = CARTESIAN_POINT ( 'NONE',  ( -1.006430356249998992, 2.921875000614515994, 0.5810628371015487126 ) ) ;
#4596 = CARTESIAN_POINT ( 'NONE',  ( -0.6249999999999993339, 10.14999999999999858, -1.082531754730547968 ) ) ;
#4597 = CARTESIAN_POINT ( 'NONE',  ( 1.249999999999999112, 6.812499999999998224, 0.7216878364870323859 ) ) ;
#4598 = CARTESIAN_POINT ( 'NONE',  ( -0.5032151781249986078, 10.94687500061451324, 0.8715942556523228468 ) ) ;
#4599 = CARTESIAN_POINT ( 'NONE',  ( 0.6249999999999974465, 6.081250001229032698, -1.082531754730548856 ) ) ;
#4600 = CARTESIAN_POINT ( 'NONE',  ( 1.249999999999999112, 6.362499999999998046, 0.7216878364870324969 ) ) ;
#4601 = CARTESIAN_POINT ( 'NONE',  ( 0.000000000000000000, 14.34999999999999964, 0.000000000000000000 ) ) ;
#4602 = ORIENTED_EDGE ( 'NONE', *, *, #4282, .F. ) ;
#4603 = CARTESIAN_POINT ( 'NONE',  ( -1.062732146793064886E-15, 8.621875000614515727, -1.162125674203096537 ) ) ;
#4604 = LINE ( 'NONE', #767, #1511 ) ;
#4605 = CARTESIAN_POINT ( 'NONE',  ( 0.5032151781249999400, 11.58437500061451608, 0.8715942556523221807 ) ) ;
#4606 = CARTESIAN_POINT ( 'NONE',  ( 0.6250000000000012212, 2.331250001229032698, 1.082531754730547080 ) ) ;
#4607 = CARTESIAN_POINT ( 'NONE',  ( -0.6250000000000017764, 2.106250001229032609, -1.082531754730546636 ) ) ;
#4608 = CARTESIAN_POINT ( 'NONE',  ( 1.827526258964323273E-15, 7.834375000614514306, 1.162125674203096093 ) ) ;
#4609 = CARTESIAN_POINT ( 'NONE',  ( 0.5032151781249982747, 8.021875000614514306, -0.8715942556523229579 ) ) ;
#4610 = EDGE_LOOP ( 'NONE', ( #5600, #3527, #4519, #1399 ) ) ;
#4611 = CARTESIAN_POINT ( 'NONE',  ( -1.006430356249999214, 0.6718750006145155496, 0.5810628371015488236 ) ) ;
#4612 = CARTESIAN_POINT ( 'NONE',  ( -1.062732146793064491E-15, 2.321875000614515461, -1.162125674203096537 ) ) ;
#4613 = CARTESIAN_POINT ( 'NONE',  ( 1.006430356249998326, 7.534375000614515372, -0.5810628371015497118 ) ) ;
#4614 = ORIENTED_EDGE ( 'NONE', *, *, #4944, .T. ) ;
#4615 = CARTESIAN_POINT ( 'NONE',  ( -2.651438096812265438E-16, 10.78749999999999609, 1.443375672974063439 ) ) ;
#4616 = CARTESIAN_POINT ( 'NONE',  ( 1.249999999999999334, 10.95625000122903181, -2.749541545756668106E-15 ) ) ;
#4617 = CARTESIAN_POINT ( 'NONE',  ( 1.006430356249999436, -0.6031249993854842506, -1.767562423498186358E-15 ) ) ;
#4618 = EDGE_CURVE ( 'NONE', #4303, #5539, #4492, .T. ) ;
#4619 = CARTESIAN_POINT ( 'NONE',  ( -1.006430356249999880, 11.84687500061451537, -0.5810628371015476024 ) ) ;
#4620 = CARTESIAN_POINT ( 'NONE',  ( -4.938688641342514686E-16, 9.437499999999996447, 1.249999999999999334 ) ) ;
#4621 = CARTESIAN_POINT ( 'NONE',  ( -1.006430356249998548, 0.5593750006145156162, 0.5810628371015494897 ) ) ;
#4622 = CARTESIAN_POINT ( 'NONE',  ( 1.006430356249999880, 2.959375000614515638, 0.5810628371015469362 ) ) ;
#4623 = CARTESIAN_POINT ( 'NONE',  ( -3.195622062045156678E-15, 2.012499999999999289, -1.249999999999999112 ) ) ;
#4624 = PLANE ( 'NONE',  #216 ) ;
#4625 = ADVANCED_FACE ( 'NONE', ( #2309 ), #2212, .T. ) ;
#4626 = CARTESIAN_POINT ( 'NONE',  ( -1.006430356249998992, 4.721875000614514484, 0.5810628371015487126 ) ) ;
#4627 = AXIS2_PLACEMENT_3D ( 'NONE', #3839, #4840, #906 ) ;
#4628 = CARTESIAN_POINT ( 'NONE',  ( -0.3349364905389057290, 3.888846190661366720, -1.249999999999998668 ) ) ;
#4629 =( NAMED_UNIT ( * ) PLANE_ANGLE_UNIT ( ) SI_UNIT ( $, .RADIAN. ) );
#4630 = CARTESIAN_POINT ( 'NONE',  ( -0.6249999999999978906, 7.656250001229031099, 1.082531754730548856 ) ) ;
#4631 = DIRECTION ( 'NONE',  ( -0.000000000000000000, -1.000000000000000000, -0.000000000000000000 ) ) ;
#4632 = CARTESIAN_POINT ( 'NONE',  ( -1.249999999999999334, 7.974999999999999645, -1.530808498934190831E-16 ) ) ;
#4633 = ORIENTED_EDGE ( 'NONE', *, *, #4665, .F. ) ;
#4634 = CARTESIAN_POINT ( 'NONE',  ( 9.204127980810867663E-16, 8.846875000614515372, 1.162125674203096537 ) ) ;
#4635 = CARTESIAN_POINT ( 'NONE',  ( 0.6249999999999997780, 8.274999999999996803, -1.082531754730547746 ) ) ;
#4636 = CARTESIAN_POINT ( 'NONE',  ( 1.249999999999999112, 0.06249999999999864692, 0.7216878364870323859 ) ) ;
#4637 = CARTESIAN_POINT ( 'NONE',  ( 0.000000000000000000, 12.00000000000000000, -1.249999999999999334 ) ) ;
#4638 = CARTESIAN_POINT ( 'NONE',  ( -3.086515833287601756E-15, 2.968750001229032875, -1.443375672974063439 ) ) ;
#4639 = CARTESIAN_POINT ( 'NONE',  ( 0.5032151781250004952, 7.421875000614515550, 0.8715942556523216256 ) ) ;
#4640 = CARTESIAN_POINT ( 'NONE',  ( 0.5032151781249982747, 9.821875000614515017, -0.8715942556523229579 ) ) ;
#4641 = VERTEX_POINT ( 'NONE', #786 ) ;
#4642 = CARTESIAN_POINT ( 'NONE',  ( 1.006430356249999658, 0.8593750006145156606, -9.819791222584819450E-16 ) ) ;
#4643 = CARTESIAN_POINT ( 'NONE',  ( 1.006430356249999658, 4.459375000614515194, -9.819791222584817478E-16 ) ) ;
#4644 =( BOUNDED_CURVE ( )  B_SPLINE_CURVE ( 2, ( #265, #2220, #6046, #5643, #2283, #5671, #4225, #3752, #1717 ),
 .UNSPECIFIED., .F., .T. ) 
 B_SPLINE_CURVE_WITH_KNOTS ( ( 3, 2, 2, 2, 3 ),
 ( 0.1048387096774193589, 0.1075268817204301092, 0.1129032258064516098, 0.1182795698924731242, 0.1209677419354838745 ),
 .UNSPECIFIED. ) 
 CURVE ( )  GEOMETRIC_REPRESENTATION_ITEM ( )  RATIONAL_B_SPLINE_CURVE ( ( 0.9330127018922194093, 0.9330127018922194093, 1.000000000000000000, 0.8660254037844387076, 1.000000000000000000, 0.8660254037844387076, 1.000000000000000000, 0.9330127018922194093, 0.9330127018922194093 ) ) 
 REPRESENTATION_ITEM ( '' )  );
#4645 = CARTESIAN_POINT ( 'NONE',  ( 1.827526258964323273E-15, 7.384375000614515017, 1.162125674203096093 ) ) ;
#4646 = ORIENTED_EDGE ( 'NONE', *, *, #1940, .F. ) ;
#4647 = DIRECTION ( 'NONE',  ( 4.951573353016859991E-15, 0.6546536707079755324, 0.7559289460184558385 ) ) ;
#4648 = CARTESIAN_POINT ( 'NONE',  ( 0.3349364905389005664, 11.04865381179669903, -1.250000000000000000 ) ) ;
#4649 = CARTESIAN_POINT ( 'NONE',  ( 0.5032151781249982747, 1.271875000614515638, -0.8715942556523229579 ) ) ;
#4650 = ORIENTED_EDGE ( 'NONE', *, *, #3388, .T. ) ;
#4651 = LINE ( 'NONE', #5158, #1849 ) ;
#4652 = LINE ( 'NONE', #287, #4319 ) ;
#4653 = CARTESIAN_POINT ( 'NONE',  ( 2.236935443431609674E-15, 5.443750001229031632, 1.249999999999999556 ) ) ;
#4654 = CARTESIAN_POINT ( 'NONE',  ( -0.5032151781249986078, 3.296875000614515550, 0.8715942556523228468 ) ) ;
#4655 = EDGE_CURVE ( 'NONE', #3560, #1807, #3815, .T. ) ;
#4656 = CARTESIAN_POINT ( 'NONE',  ( 1.249999999999999112, 9.062499999999998224, 0.7216878364870324969 ) ) ;
#4657 =( BOUNDED_CURVE ( )  B_SPLINE_CURVE ( 2, ( #2508, #475, #3366, #4313, #2412, #1006, #5788, #971, #4345 ),
 .UNSPECIFIED., .F., .T. ) 
 B_SPLINE_CURVE_WITH_KNOTS ( ( 3, 2, 2, 2, 3 ),
 ( 0.4274193548387096864, 0.4301075268817204367, 0.4354838709677419373, 0.4408602150537634379, 0.4435483870967741882 ),
 .UNSPECIFIED. ) 
 CURVE ( )  GEOMETRIC_REPRESENTATION_ITEM ( )  RATIONAL_B_SPLINE_CURVE ( ( 0.9330127018922194093, 0.9330127018922194093, 1.000000000000000000, 0.8660254037844387076, 1.000000000000000000, 0.8660254037844387076, 1.000000000000000000, 0.9330127018922194093, 0.9330127018922194093 ) ) 
 REPRESENTATION_ITEM ( '' )  );
#4658 = VERTEX_POINT ( 'NONE', #4778 ) ;
#4659 = CARTESIAN_POINT ( 'NONE',  ( -1.006430356249999658, 3.784375000614514928, 8.587269508238526152E-16 ) ) ;
#4660 = CARTESIAN_POINT ( 'NONE',  ( -1.250000000000000444, 10.24375000122903323, -0.7216878364870294993 ) ) ;
#4661 = DIRECTION ( 'NONE',  ( -0.4999999999999995559, 0.000000000000000000, -0.8660254037844389297 ) ) ;
#4662 = CARTESIAN_POINT ( 'NONE',  ( 1.743066579297358255E-16, 4.262499999999998401, -1.249999999999999112 ) ) ;
#4663 = CARTESIAN_POINT ( 'NONE',  ( -1.249999999999999334, 5.781250001229032875, 2.596460695863248776E-15 ) ) ;
#4664 = CARTESIAN_POINT ( 'NONE',  ( 2.236935443431609674E-15, 7.243750001229032343, 1.249999999999999556 ) ) ;
#4665 = EDGE_CURVE ( 'NONE', #6186, #6025, #5309, .T. ) ;
#4666 = CARTESIAN_POINT ( 'NONE',  ( 0.9015988659224948298, 11.99999999999999645, 0.4664119915104227854 ) ) ;
#4667 = ORIENTED_EDGE ( 'NONE', *, *, #1487, .T. ) ;
#4668 = CARTESIAN_POINT ( 'NONE',  ( 9.204127980810867663E-16, 10.19687500061451857, 1.162125674203096537 ) ) ;
#4669 = CARTESIAN_POINT ( 'NONE',  ( 0.6249999999999997780, 1.974999999999998535, -1.082531754730547746 ) ) ;
#4670 = CARTESIAN_POINT ( 'NONE',  ( -2.651438096812265438E-16, -0.4625000000000012990, 1.443375672974063439 ) ) ;
#4671 = CARTESIAN_POINT ( 'NONE',  ( 2.236935443431609674E-15, 6.343750001229031987, 1.249999999999999556 ) ) ;
#4673 = EDGE_CURVE ( 'NONE', #1727, #1685, #4695, .T. ) ;
#4672 = CARTESIAN_POINT ( 'NONE',  ( 1.250000000000000444, 1.468750001229033098, 0.7216878364870298324 ) ) ;
#4674 = CARTESIAN_POINT ( 'NONE',  ( -1.969845607676301195E-15, 8.509375000614515017, -1.162125674203096093 ) ) ;
#4675 = CARTESIAN_POINT ( 'NONE',  ( 1.006430356249998104, 9.784375000614515372, -0.5810628371015496008 ) ) ;
#4676 = ORIENTED_EDGE ( 'NONE', *, *, #5211, .T. ) ;
#4677 = CARTESIAN_POINT ( 'NONE',  ( 0.5032151781249990519, 0.4843750006145156051, -0.8715942556523228468 ) ) ;
#4678 = CARTESIAN_POINT ( 'NONE',  ( -1.006430356249999880, 5.996875000614513951, -0.5810628371015476024 ) ) ;
#4679 = CARTESIAN_POINT ( 'NONE',  ( 1.827526258964323273E-15, 6.934375000614514839, 1.162125674203096093 ) ) ;
#4680 = CARTESIAN_POINT ( 'NONE',  ( -1.249999999999999334, 12.88749999999999574, -0.7216878364870322748 ) ) ;
#4681 = DIRECTION ( 'NONE',  ( 0.000000000000000000, -0.000000000000000000, 1.000000000000000000 ) ) ;
#4682 = CARTESIAN_POINT ( 'NONE',  ( 1.006430356249999880, 0.2593750006145156273, 0.5810628371015469362 ) ) ;
#4683 =( BOUNDED_SURFACE ( )  B_SPLINE_SURFACE ( 1, 2, ( 
 ( #5246, #903, #784, #4305, #6210, #5631, #4242, #1257, #1288, #1794, #5660, #847, #6147, #1410, #5810, #4805, #932, #5748, #563, #4337, #2530, #2912, #3387, #6241, #4837, #5372, #3897, #997, #5306, #532, #1441, #3357, #592, #2499, #2882, #5404, #498, #962, #3452, #2944, #1471, #4367, #467, #5874, #4460, #4906, #55, #2403, #4398, #3836, #1535, #2436, #3485, #2468, #1061, #1922, #23, #1953, #3420, #3013, #5341, #1983, #3867, #3926, #88, #4429, #5779, #4870, #2016, #5840, #1503, #1030, #5275, #4936, #2983, #3957, #117, #1695, #2657, #1183, #1566, #713, #4081, #3515, #5026, #4580, #242, #4612, #4551, #180, #5560, #5903, #4049, #3041, #5433, #3986, #5055, #2561, #743, #1121, #1596, #4489, #3070, #3611, #2112, #5493, #3545, #681, #5934, #1092, #5085, #2173, #4964, #3643, #4994, #5462, #1663, #1151, #5963, #2592, #620, #4114, #2689, #3133, #209, #148, #2624, #2047, #6027, #650, #1214, #2142, #3167, #2079, #4521, #1628, #3578, #4017, #3101, #5997, #5525, #5179, #2815, #1341, #4643, #3675, #5210, #2785, #4233, #6139, #4147, #1853, #4707, #5654, #5117, #6113, #1759, #3320, #1817, #6172, #1729, #6087, #3762, #397, #3703, #3795, #3735, #336, #5593, #5624, #2845, #1249, #3199, #3231, #1372, #5682, #776, #5713, #2724, #5238, #896, #305, #3290, #869, #2203, #4678, #2232, #4177, #366, #277, #4737, #2265, #2296, #2331, #3260, #842, #4266, #6058, #1280, #5153, #2756, #4207, #811, #1786, #1312, #1527, #5298, #3918, #1402, #1496, #4859, #1884, #5865, #1975, #522, #2936, #3348, #2459, #3445, #988, #1462, #5832, #6235, #460, #2427, #955, #3826, #3476, #1916, #4390, #5741, #5366, #5802, #6203, #1021, #1944, #1431, #3858, #5267, #4329, #2905, #4768, #46, #926, #2973, #3948, #4896, #1054, #4798, #556, #2490, #3412, #5330, #2395, #4421, #5770, #3380, #2874, #4828, #5396, #490, #2364, #4358, #428, #14, #3888, #80, #2008, #4298, #1688, #2103, #2072, #4042, #5517, #2615, #5926, #142, #3125, #4107, #3036, #2166, #4957, #1174, #1115, #3538, #616, #3633, #5955, #2041, #644, #1621, #2555, #5896, #2134, #200, #672, #4071, #1559, #4483, #5552, #2585, #171, #3507, #5047, #5486, #5426, #3571, #6019, #2647, #586, #705, #4572, #1145, #3094, #4512, #2524, #3981, #4543, #4009, #1588, #5017, #5990, #1656, #3604, #5455, #3064, #3006, #235, #4929, #4988, #4453, #111, #1083, #5617, #4605, #6050, #5647, #389, #2778, #1273, #1304, #3728, #4200, #6105, #1809, #2323, #2716, #3788, #3695, #3224, #1752, #6079, #4259, #861, #3756, #358, #736, #6133, #3252, #2682, #1779, #5675, #1333, #1205, #5173, #5146, #4728, #5077, #802 ),
 ( #298, #3159, #833, #2808, #2748, #1721, #4700, #1242, #6164, #4670, #2287, #4140, #4227, #3282, #269, #1844, #5202, #2196, #3667, #5586, #3191, #5110, #768, #4636, #2224, #4169, #327, #2257, #6226, #2838, #2482, #2866, #3404, #421, #39, #482, #889, #4851, #2898, #2388, #4791, #4761, #5260, #3851, #5705, #5323, #2356, #1936, #4887, #5825, #1999, #5733, #2450, #979, #2420, #4350, #1394, #2928, #919, #4321, #4291, #6195, #72, #1908, #3312, #3373, #548, #453, #947, #1876, #3819, #5291, #4413, #4821, #5762, #6, #1968, #513, #4383, #3911, #5231, #1013, #3881, #5794, #3340, #1455, #1424, #1364, #1489, #5355, #3436, #2964, #3564, #4064, #5418, #1166, #1108, #4002, #5387, #1075, #226, #4920, #579, #609, #5039, #5478, #2516, #3595, #1046, #696, #2639, #4446, #1137, #3085, #5855, #2064, #2999, #104, #2094, #3115, #5008, #5917, #4033, #165, #636, #2576, #4534, #4564, #3028, #3941, #134, #1580, #4475, #2547, #1518, #5508, #194, #665, #3467, #2606, #5948, #2033, #4504, #2126, #5980, #3973, #1614, #3531, #5888, #1551, #5448, #3499, #4951, #3057, #1647, #4981, #934, #1229, #1712, #2674, #3268, #3804, #2308, #5693, #3659, #5219, #6042, #6011, #5277, #5248, #1197, #3838, #5189, #5577, #1863, #1351, #4244, #2795, #5543, #4307, #2884, #3328, #4748, #3147, #2825, #2158, #6212, #849, #1895, #877, #5750, #5070, #4714, #376, #6149, #1412, #1828, #407, #728, #2341, #4777, #905, #261, #4597, #2853, #4276, #4807, #3774, #1381, #2188, #440, #6181, #4130, #3359, #5721, #2374, #4099, #3298, #1678, #3624, #2985, #3454, #5876, #1955, #2438, #4400, #999, #3869, #3517, #3899, #4432, #1443, #1063, #1505, #1925, #1537, #3928, #3422, #5813, #5781, #25, #4872, #469, #90, #3390, #4908, #5905, #596, #3044, #500, #3487, #2018, #5374, #1034, #4369, #3959, #1474, #5343, #5308, #964, #1094, #2946, #4339, #57, #1568, #535, #1986, #2914, #4839, #5842, #5435, #565, #2470, #2501, #3015, #5406, #4938, #2532, #4462, #2405, #119, #6243, #2049, #3988, #3103, #5495, #4996, #3677, #4084, #4019, #2626, #5999, #4523, #1598, #4116, #2175, #2659, #6029, #3547, #182, #1252, #4553, #2144, #5465, #746, #1185, #1123, #1665, #1731, #4615, #2563, #2693, #5089, #3613, #5528, #212, #4491, #5936, #245, #2114, #5965, #3135, #5057, #715, #4582, #4051, #1631, #4966, #1697, #280, #5028, #3072, #3646, #652, #683, #151, #3581, #622, #2594, #1153, #5562, #6061, #1216, #3169, #2205, #2081, #5596, #4150, #3706, #399, #2333, #5121, #1314, #308, #1762, #1343, #2366, #4740, #3262, #3292, #5684, #6142, #1820, #3797, #4300, #4680, #5744, #5656, #5181 ) ),
 .UNSPECIFIED., .F., .F., .F. ) 
 B_SPLINE_SURFACE_WITH_KNOTS ( ( 2, 2 ),
 ( 3, 2, 2, 2, 2, 2, 2, 2, 2, 2, 2, 2, 2, 2, 2, 2, 2, 2, 2, 2, 2, 2, 2, 2, 2, 2, 2, 2, 2, 2, 2, 2, 2, 2, 2, 2, 2, 2, 2, 2, 2, 2, 2, 2, 2, 2, 2, 2, 2, 2, 2, 2, 2, 2, 2, 2, 2, 2, 2, 2, 2, 2, 2, 2, 2, 2, 2, 2, 2, 2, 2, 2, 2, 2, 2, 2, 2, 2, 2, 2, 2, 2, 2, 2, 2, 2, 2, 2, 2, 2, 2, 2, 2, 2, 2, 2, 2, 2, 2, 2, 2, 2, 2, 2, 2, 2, 2, 2, 2, 2, 2, 2, 2, 2, 2, 2, 2, 2, 2, 2, 2, 2, 2, 2, 2, 2, 2, 2, 2, 2, 2, 2, 2, 2, 2, 2, 2, 2, 2, 2, 2, 2, 2, 2, 2, 2, 2, 2, 2, 2, 2, 2, 2, 2, 2, 2, 2, 2, 2, 2, 2, 2, 2, 2, 2, 2, 2, 2, 2, 2, 2, 2, 2, 2, 2, 2, 2, 2, 2, 2, 2, 2, 2, 2, 3 ),
 ( 0.000000000000000000, 1.000000000000000000 ),
 ( 0.000000000000000000, 0.005376344086021505805, 0.01075268817204301161, 0.01612903225806451568, 0.02150537634408602322, 0.02688172043010752729, 0.03225806451612903136, 0.03763440860215053890, 0.04301075268817204644, 0.04838709677419354704, 0.05376344086021505458, 0.05913978494623656212, 0.06451612903225806273, 0.06989247311827956333, 0.07526881720430107781, 0.08064516129032257841, 0.08602150537634409289, 0.09139784946236559349, 0.09677419354838709409, 0.1021505376344086086, 0.1075268817204301092, 0.1129032258064516098, 0.1182795698924731242, 0.1236559139784946248, 0.1290322580645161255, 0.1344086021505376261, 0.1397849462365591267, 0.1451612903225806550, 0.1505376344086021556, 0.1559139784946236562, 0.1612903225806451568, 0.1666666666666666574, 0.1720430107526881858, 0.1774193548387096864, 0.1827956989247311870, 0.1881720430107526876, 0.1935483870967741882, 0.1989247311827956888, 0.2043010752688172171, 0.2096774193548387177, 0.2150537634408602183, 0.2204301075268817189, 0.2258064516129032195, 0.2311827956989247201, 0.2365591397849462485, 0.2419354838709677491, 0.2473118279569892497, 0.2526881720430107503, 0.2580645161290322509, 0.2634408602150537515, 0.2688172043010752521, 0.2741935483870967527, 0.2795698924731182533, 0.2849462365591398094, 0.2903225806451613100, 0.2956989247311828106, 0.3010752688172043112, 0.3064516129032258118, 0.3118279569892473124, 0.3172043010752688130, 0.3225806451612903136, 0.3279569892473118142, 0.3333333333333333148, 0.3387096774193548154, 0.3440860215053763715, 0.3494623655913978721, 0.3548387096774193727, 0.3602150537634408733, 0.3655913978494623739, 0.3709677419354838745, 0.3763440860215053752, 0.3817204301075268758, 0.3870967741935483764, 0.3924731182795698770, 0.3978494623655913776, 0.4032258064516128782, 0.4086021505376344343, 0.4139784946236559349, 0.4193548387096774355, 0.4247311827956989361, 0.4301075268817204367, 0.4354838709677419373, 0.4408602150537634379, 0.4462365591397849385, 0.4516129032258064391, 0.4569892473118279397, 0.4623655913978494403, 0.4677419354838709409, 0.4731182795698924970, 0.4784946236559139976, 0.4838709677419354982, 0.4892473118279569988, 0.4946236559139784994, 0.5000000000000000000, 0.5053763440860215006, 0.5107526881720430012, 0.5161290322580645018, 0.5215053763440860024, 0.5268817204301075030, 0.5322580645161290036, 0.5376344086021505042, 0.5430107526881720048, 0.5483870967741935054, 0.5537634408602150060, 0.5591397849462365066, 0.5645161290322581182, 0.5698924731182796188, 0.5752688172043011194, 0.5806451612903226200, 0.5860215053763441206, 0.5913978494623656212, 0.5967741935483871218, 0.6021505376344086224, 0.6075268817204301230, 0.6129032258064516236, 0.6182795698924731242, 0.6236559139784946248, 0.6290322580645161255, 0.6344086021505376261, 0.6397849462365591267, 0.6451612903225806273, 0.6505376344086021279, 0.6559139784946236285, 0.6612903225806451291, 0.6666666666666666297, 0.6720430107526881303, 0.6774193548387096309, 0.6827956989247311315, 0.6881720430107527431, 0.6935483870967742437, 0.6989247311827957443, 0.7043010752688172449, 0.7096774193548387455, 0.7150537634408602461, 0.7204301075268817467, 0.7258064516129032473, 0.7311827956989247479, 0.7365591397849462485, 0.7419354838709677491, 0.7473118279569892497, 0.7526881720430107503, 0.7580645161290322509, 0.7634408602150537515, 0.7688172043010752521, 0.7741935483870967527, 0.7795698924731182533, 0.7849462365591397539, 0.7903225806451612545, 0.7956989247311827551, 0.8010752688172042557, 0.8064516129032257563, 0.8118279569892472569, 0.8172043010752688685, 0.8225806451612903691, 0.8279569892473118697, 0.8333333333333333703, 0.8387096774193548709, 0.8440860215053763715, 0.8494623655913978721, 0.8548387096774193727, 0.8602150537634408733, 0.8655913978494623739, 0.8709677419354838745, 0.8763440860215053752, 0.8817204301075268758, 0.8870967741935483764, 0.8924731182795698770, 0.8978494623655913776, 0.9032258064516128782, 0.9086021505376343788, 0.9139784946236558794, 0.9193548387096773800, 0.9247311827956988806, 0.9301075268817203812, 0.9354838709677418818, 0.9408602150537634934, 0.9462365591397849940, 0.9516129032258064946, 0.9569892473118279952, 0.9623655913978494958, 0.9677419354838709964, 0.9731182795698924970, 0.9784946236559139976, 0.9838709677419354982, 0.9892473118279569988 ),
 .UNSPECIFIED. ) 
 GEOMETRIC_REPRESENTATION_ITEM ( )  RATIONAL_B_SPLINE_SURFACE ( (
 ( 1.000000000000000000, 0.8660254037844387076, 1.000000000000000000, 0.8660254037844387076, 1.000000000000000000, 0.8660254037844387076, 1.000000000000000000, 0.8660254037844387076, 1.000000000000000000, 0.8660254037844387076, 1.000000000000000000, 0.8660254037844387076, 1.000000000000000000, 0.8660254037844387076, 1.000000000000000000, 0.8660254037844387076, 1.000000000000000000, 0.8660254037844387076, 1.000000000000000000, 0.8660254037844387076, 1.000000000000000000, 0.8660254037844387076, 1.000000000000000000, 0.8660254037844387076, 1.000000000000000000, 0.8660254037844387076, 1.000000000000000000, 0.8660254037844387076, 1.000000000000000000, 0.8660254037844387076, 1.000000000000000000, 0.8660254037844387076, 1.000000000000000000, 0.8660254037844387076, 1.000000000000000000, 0.8660254037844387076, 1.000000000000000000, 0.8660254037844387076, 1.000000000000000000, 0.8660254037844387076, 1.000000000000000000, 0.8660254037844387076, 1.000000000000000000, 0.8660254037844387076, 1.000000000000000000, 0.8660254037844387076, 1.000000000000000000, 0.8660254037844387076, 1.000000000000000000, 0.8660254037844387076, 1.000000000000000000, 0.8660254037844387076, 1.000000000000000000, 0.8660254037844387076, 1.000000000000000000, 0.8660254037844387076, 1.000000000000000000, 0.8660254037844387076, 1.000000000000000000, 0.8660254037844387076, 1.000000000000000000, 0.8660254037844387076, 1.000000000000000000, 0.8660254037844387076, 1.000000000000000000, 0.8660254037844387076, 1.000000000000000000, 0.8660254037844387076, 1.000000000000000000, 0.8660254037844387076, 1.000000000000000000, 0.8660254037844387076, 1.000000000000000000, 0.8660254037844387076, 1.000000000000000000, 0.8660254037844387076, 1.000000000000000000, 0.8660254037844387076, 1.000000000000000000, 0.8660254037844387076, 1.000000000000000000, 0.8660254037844387076, 1.000000000000000000, 0.8660254037844387076, 1.000000000000000000, 0.8660254037844387076, 1.000000000000000000, 0.8660254037844387076, 1.000000000000000000, 0.8660254037844387076, 1.000000000000000000, 0.8660254037844387076, 1.000000000000000000, 0.8660254037844387076, 1.000000000000000000, 0.8660254037844387076, 1.000000000000000000, 0.8660254037844387076, 1.000000000000000000, 0.8660254037844387076, 1.000000000000000000, 0.8660254037844387076, 1.000000000000000000, 0.8660254037844387076, 1.000000000000000000, 0.8660254037844387076, 1.000000000000000000, 0.8660254037844387076, 1.000000000000000000, 0.8660254037844387076, 1.000000000000000000, 0.8660254037844387076, 1.000000000000000000, 0.8660254037844387076, 1.000000000000000000, 0.8660254037844387076, 1.000000000000000000, 0.8660254037844387076, 1.000000000000000000, 0.8660254037844387076, 1.000000000000000000, 0.8660254037844387076, 1.000000000000000000, 0.8660254037844387076, 1.000000000000000000, 0.8660254037844387076, 1.000000000000000000, 0.8660254037844387076, 1.000000000000000000, 0.8660254037844387076, 1.000000000000000000, 0.8660254037844387076, 1.000000000000000000, 0.8660254037844387076, 1.000000000000000000, 0.8660254037844387076, 1.000000000000000000, 0.8660254037844387076, 1.000000000000000000, 0.8660254037844387076, 1.000000000000000000, 0.8660254037844387076, 1.000000000000000000, 0.8660254037844387076, 1.000000000000000000, 0.8660254037844387076, 1.000000000000000000, 0.8660254037844387076, 1.000000000000000000, 0.8660254037844387076, 1.000000000000000000, 0.8660254037844387076, 1.000000000000000000, 0.8660254037844387076, 1.000000000000000000, 0.8660254037844387076, 1.000000000000000000, 0.8660254037844387076, 1.000000000000000000, 0.8660254037844387076, 1.000000000000000000, 0.8660254037844387076, 1.000000000000000000, 0.8660254037844387076, 1.000000000000000000, 0.8660254037844387076, 1.000000000000000000, 0.8660254037844387076, 1.000000000000000000, 0.8660254037844387076, 1.000000000000000000, 0.8660254037844387076, 1.000000000000000000, 0.8660254037844387076, 1.000000000000000000, 0.8660254037844387076, 1.000000000000000000, 0.8660254037844387076, 1.000000000000000000, 0.8660254037844387076, 1.000000000000000000, 0.8660254037844387076, 1.000000000000000000, 0.8660254037844387076, 1.000000000000000000, 0.8660254037844387076, 1.000000000000000000, 0.8660254037844387076, 1.000000000000000000, 0.8660254037844387076, 1.000000000000000000, 0.8660254037844387076, 1.000000000000000000, 0.8660254037844387076, 1.000000000000000000, 0.8660254037844387076, 1.000000000000000000, 0.8660254037844387076, 1.000000000000000000, 0.8660254037844387076, 1.000000000000000000, 0.8660254037844387076, 1.000000000000000000, 0.8660254037844387076, 1.000000000000000000, 0.8660254037844387076, 1.000000000000000000, 0.8660254037844387076, 1.000000000000000000, 0.8660254037844387076, 1.000000000000000000, 0.8660254037844387076, 1.000000000000000000, 0.8660254037844387076, 1.000000000000000000, 0.8660254037844387076, 1.000000000000000000, 0.8660254037844387076, 1.000000000000000000, 0.8660254037844387076, 1.000000000000000000, 0.8660254037844387076, 1.000000000000000000, 0.8660254037844387076, 1.000000000000000000, 0.8660254037844387076, 1.000000000000000000, 0.8660254037844387076, 1.000000000000000000, 0.8660254037844387076, 1.000000000000000000, 0.8660254037844387076, 1.000000000000000000, 0.8660254037844387076, 1.000000000000000000, 0.8660254037844387076, 1.000000000000000000, 0.8660254037844387076, 1.000000000000000000, 0.8660254037844387076, 1.000000000000000000, 0.8660254037844387076, 1.000000000000000000, 0.8660254037844387076, 1.000000000000000000, 0.8660254037844387076, 1.000000000000000000, 0.8660254037844387076, 1.000000000000000000, 0.8660254037844387076, 1.000000000000000000, 0.8660254037844387076, 1.000000000000000000, 0.8660254037844387076, 1.000000000000000000, 0.8660254037844387076, 1.000000000000000000, 0.8660254037844387076, 1.000000000000000000, 0.8660254037844387076, 1.000000000000000000, 0.8660254037844387076, 1.000000000000000000, 0.8660254037844387076, 1.000000000000000000, 0.8660254037844387076, 1.000000000000000000, 0.8660254037844387076, 1.000000000000000000, 0.8660254037844387076, 1.000000000000000000, 0.8660254037844387076, 1.000000000000000000, 0.8660254037844387076, 1.000000000000000000, 0.8660254037844387076, 1.000000000000000000, 0.8660254037844387076, 1.000000000000000000, 0.8660254037844387076, 1.000000000000000000, 0.8660254037844387076, 1.000000000000000000, 0.8660254037844387076, 1.000000000000000000, 0.8660254037844387076, 1.000000000000000000, 0.8660254037844387076, 1.000000000000000000, 0.8660254037844387076, 1.000000000000000000, 0.8660254037844387076, 1.000000000000000000, 0.8660254037844387076, 1.000000000000000000, 0.8660254037844387076, 1.000000000000000000, 0.8660254037844387076, 1.000000000000000000, 0.8660254037844387076, 1.000000000000000000, 0.8660254037844387076, 1.000000000000000000, 0.8660254037844387076, 1.000000000000000000, 0.8660254037844387076, 1.000000000000000000, 0.8660254037844387076, 1.000000000000000000, 0.8660254037844387076, 1.000000000000000000, 0.8660254037844387076, 1.000000000000000000, 0.8660254037844387076, 1.000000000000000000, 0.8660254037844387076, 1.000000000000000000, 0.8660254037844387076, 1.000000000000000000, 0.8660254037844387076, 1.000000000000000000, 0.8660254037844387076, 1.000000000000000000, 0.8660254037844387076, 1.000000000000000000, 0.8660254037844387076, 1.000000000000000000, 0.8660254037844387076, 1.000000000000000000, 0.8660254037844387076, 1.000000000000000000, 0.8660254037844387076, 1.000000000000000000, 0.8660254037844387076, 1.000000000000000000, 0.8660254037844387076, 1.000000000000000000, 0.8660254037844387076, 1.000000000000000000, 0.8660254037844387076, 1.000000000000000000, 0.8660254037844387076, 1.000000000000000000, 0.8660254037844387076, 1.000000000000000000, 0.8660254037844387076, 1.000000000000000000, 0.8660254037844387076, 1.000000000000000000, 0.8660254037844387076, 1.000000000000000000, 0.8660254037844387076, 1.000000000000000000, 0.8660254037844387076, 1.000000000000000000, 0.8660254037844387076, 1.000000000000000000, 0.8660254037844387076, 1.000000000000000000, 0.8660254037844387076, 1.000000000000000000, 0.8660254037844387076, 1.000000000000000000, 0.8660254037844387076, 1.000000000000000000, 0.8660254037844387076, 1.000000000000000000, 0.8660254037844387076, 1.000000000000000000),
 ( 1.000000000000000000, 0.8660254037844387076, 1.000000000000000000, 0.8660254037844387076, 1.000000000000000000, 0.8660254037844387076, 1.000000000000000000, 0.8660254037844387076, 1.000000000000000000, 0.8660254037844387076, 1.000000000000000000, 0.8660254037844387076, 1.000000000000000000, 0.8660254037844387076, 1.000000000000000000, 0.8660254037844387076, 1.000000000000000000, 0.8660254037844387076, 1.000000000000000000, 0.8660254037844387076, 1.000000000000000000, 0.8660254037844387076, 1.000000000000000000, 0.8660254037844387076, 1.000000000000000000, 0.8660254037844387076, 1.000000000000000000, 0.8660254037844387076, 1.000000000000000000, 0.8660254037844387076, 1.000000000000000000, 0.8660254037844387076, 1.000000000000000000, 0.8660254037844387076, 1.000000000000000000, 0.8660254037844387076, 1.000000000000000000, 0.8660254037844387076, 1.000000000000000000, 0.8660254037844387076, 1.000000000000000000, 0.8660254037844387076, 1.000000000000000000, 0.8660254037844387076, 1.000000000000000000, 0.8660254037844387076, 1.000000000000000000, 0.8660254037844387076, 1.000000000000000000, 0.8660254037844387076, 1.000000000000000000, 0.8660254037844387076, 1.000000000000000000, 0.8660254037844387076, 1.000000000000000000, 0.8660254037844387076, 1.000000000000000000, 0.8660254037844387076, 1.000000000000000000, 0.8660254037844387076, 1.000000000000000000, 0.8660254037844387076, 1.000000000000000000, 0.8660254037844387076, 1.000000000000000000, 0.8660254037844387076, 1.000000000000000000, 0.8660254037844387076, 1.000000000000000000, 0.8660254037844387076, 1.000000000000000000, 0.8660254037844387076, 1.000000000000000000, 0.8660254037844387076, 1.000000000000000000, 0.8660254037844387076, 1.000000000000000000, 0.8660254037844387076, 1.000000000000000000, 0.8660254037844387076, 1.000000000000000000, 0.8660254037844387076, 1.000000000000000000, 0.8660254037844387076, 1.000000000000000000, 0.8660254037844387076, 1.000000000000000000, 0.8660254037844387076, 1.000000000000000000, 0.8660254037844387076, 1.000000000000000000, 0.8660254037844387076, 1.000000000000000000, 0.8660254037844387076, 1.000000000000000000, 0.8660254037844387076, 1.000000000000000000, 0.8660254037844387076, 1.000000000000000000, 0.8660254037844387076, 1.000000000000000000, 0.8660254037844387076, 1.000000000000000000, 0.8660254037844387076, 1.000000000000000000, 0.8660254037844387076, 1.000000000000000000, 0.8660254037844387076, 1.000000000000000000, 0.8660254037844387076, 1.000000000000000000, 0.8660254037844387076, 1.000000000000000000, 0.8660254037844387076, 1.000000000000000000, 0.8660254037844387076, 1.000000000000000000, 0.8660254037844387076, 1.000000000000000000, 0.8660254037844387076, 1.000000000000000000, 0.8660254037844387076, 1.000000000000000000, 0.8660254037844387076, 1.000000000000000000, 0.8660254037844387076, 1.000000000000000000, 0.8660254037844387076, 1.000000000000000000, 0.8660254037844387076, 1.000000000000000000, 0.8660254037844387076, 1.000000000000000000, 0.8660254037844387076, 1.000000000000000000, 0.8660254037844387076, 1.000000000000000000, 0.8660254037844387076, 1.000000000000000000, 0.8660254037844387076, 1.000000000000000000, 0.8660254037844387076, 1.000000000000000000, 0.8660254037844387076, 1.000000000000000000, 0.8660254037844387076, 1.000000000000000000, 0.8660254037844387076, 1.000000000000000000, 0.8660254037844387076, 1.000000000000000000, 0.8660254037844387076, 1.000000000000000000, 0.8660254037844387076, 1.000000000000000000, 0.8660254037844387076, 1.000000000000000000, 0.8660254037844387076, 1.000000000000000000, 0.8660254037844387076, 1.000000000000000000, 0.8660254037844387076, 1.000000000000000000, 0.8660254037844387076, 1.000000000000000000, 0.8660254037844387076, 1.000000000000000000, 0.8660254037844387076, 1.000000000000000000, 0.8660254037844387076, 1.000000000000000000, 0.8660254037844387076, 1.000000000000000000, 0.8660254037844387076, 1.000000000000000000, 0.8660254037844387076, 1.000000000000000000, 0.8660254037844387076, 1.000000000000000000, 0.8660254037844387076, 1.000000000000000000, 0.8660254037844387076, 1.000000000000000000, 0.8660254037844387076, 1.000000000000000000, 0.8660254037844387076, 1.000000000000000000, 0.8660254037844387076, 1.000000000000000000, 0.8660254037844387076, 1.000000000000000000, 0.8660254037844387076, 1.000000000000000000, 0.8660254037844387076, 1.000000000000000000, 0.8660254037844387076, 1.000000000000000000, 0.8660254037844387076, 1.000000000000000000, 0.8660254037844387076, 1.000000000000000000, 0.8660254037844387076, 1.000000000000000000, 0.8660254037844387076, 1.000000000000000000, 0.8660254037844387076, 1.000000000000000000, 0.8660254037844387076, 1.000000000000000000, 0.8660254037844387076, 1.000000000000000000, 0.8660254037844387076, 1.000000000000000000, 0.8660254037844387076, 1.000000000000000000, 0.8660254037844387076, 1.000000000000000000, 0.8660254037844387076, 1.000000000000000000, 0.8660254037844387076, 1.000000000000000000, 0.8660254037844387076, 1.000000000000000000, 0.8660254037844387076, 1.000000000000000000, 0.8660254037844387076, 1.000000000000000000, 0.8660254037844387076, 1.000000000000000000, 0.8660254037844387076, 1.000000000000000000, 0.8660254037844387076, 1.000000000000000000, 0.8660254037844387076, 1.000000000000000000, 0.8660254037844387076, 1.000000000000000000, 0.8660254037844387076, 1.000000000000000000, 0.8660254037844387076, 1.000000000000000000, 0.8660254037844387076, 1.000000000000000000, 0.8660254037844387076, 1.000000000000000000, 0.8660254037844387076, 1.000000000000000000, 0.8660254037844387076, 1.000000000000000000, 0.8660254037844387076, 1.000000000000000000, 0.8660254037844387076, 1.000000000000000000, 0.8660254037844387076, 1.000000000000000000, 0.8660254037844387076, 1.000000000000000000, 0.8660254037844387076, 1.000000000000000000, 0.8660254037844387076, 1.000000000000000000, 0.8660254037844387076, 1.000000000000000000, 0.8660254037844387076, 1.000000000000000000, 0.8660254037844387076, 1.000000000000000000, 0.8660254037844387076, 1.000000000000000000, 0.8660254037844387076, 1.000000000000000000, 0.8660254037844387076, 1.000000000000000000, 0.8660254037844387076, 1.000000000000000000, 0.8660254037844387076, 1.000000000000000000, 0.8660254037844387076, 1.000000000000000000, 0.8660254037844387076, 1.000000000000000000, 0.8660254037844387076, 1.000000000000000000, 0.8660254037844387076, 1.000000000000000000, 0.8660254037844387076, 1.000000000000000000, 0.8660254037844387076, 1.000000000000000000, 0.8660254037844387076, 1.000000000000000000, 0.8660254037844387076, 1.000000000000000000, 0.8660254037844387076, 1.000000000000000000, 0.8660254037844387076, 1.000000000000000000, 0.8660254037844387076, 1.000000000000000000, 0.8660254037844387076, 1.000000000000000000, 0.8660254037844387076, 1.000000000000000000, 0.8660254037844387076, 1.000000000000000000, 0.8660254037844387076, 1.000000000000000000, 0.8660254037844387076, 1.000000000000000000, 0.8660254037844387076, 1.000000000000000000, 0.8660254037844387076, 1.000000000000000000, 0.8660254037844387076, 1.000000000000000000, 0.8660254037844387076, 1.000000000000000000, 0.8660254037844387076, 1.000000000000000000, 0.8660254037844387076, 1.000000000000000000, 0.8660254037844387076, 1.000000000000000000, 0.8660254037844387076, 1.000000000000000000, 0.8660254037844387076, 1.000000000000000000, 0.8660254037844387076, 1.000000000000000000, 0.8660254037844387076, 1.000000000000000000, 0.8660254037844387076, 1.000000000000000000, 0.8660254037844387076, 1.000000000000000000, 0.8660254037844387076, 1.000000000000000000, 0.8660254037844387076, 1.000000000000000000, 0.8660254037844387076, 1.000000000000000000, 0.8660254037844387076, 1.000000000000000000, 0.8660254037844387076, 1.000000000000000000, 0.8660254037844387076, 1.000000000000000000, 0.8660254037844387076, 1.000000000000000000, 0.8660254037844387076, 1.000000000000000000, 0.8660254037844387076, 1.000000000000000000, 0.8660254037844387076, 1.000000000000000000, 0.8660254037844387076, 1.000000000000000000, 0.8660254037844387076, 1.000000000000000000, 0.8660254037844387076, 1.000000000000000000, 0.8660254037844387076, 1.000000000000000000, 0.8660254037844387076, 1.000000000000000000, 0.8660254037844387076, 1.000000000000000000, 0.8660254037844387076, 1.000000000000000000) ) ) 
 REPRESENTATION_ITEM ( '' )  SURFACE ( )  );
#4684 = VECTOR ( 'NONE', #2481, 1000.000000000000114 ) ;
#4685 = CARTESIAN_POINT ( 'NONE',  ( 0.8500000000000033085, 13.25000000000000000, 0.4907477288111735669 ) ) ;
#4686 = CARTESIAN_POINT ( 'NONE',  ( 0.000000000000000000, 12.00000000000000000, 0.000000000000000000 ) ) ;
#4687 = PLANE ( 'NONE',  #1791 ) ;
#4688 = CARTESIAN_POINT ( 'NONE',  ( 1.827526258964323273E-15, 3.334375000614515638, 1.162125674203096093 ) ) ;
#4689 = DIRECTION ( 'NONE',  ( -0.7071067811865460184, 0.7071067811865490160, 0.000000000000000000 ) ) ;
#4690 = CARTESIAN_POINT ( 'NONE',  ( 0.5032151781249999400, 4.834375000614515194, 0.8715942556523221807 ) ) ;
#4691 = CARTESIAN_POINT ( 'NONE',  ( 0.3349364905389032865, 11.44240381056766509, -1.249999999999999112 ) ) ;
#4692 = PLANE ( 'NONE',  #1337 ) ;
#4693 = FACE_OUTER_BOUND ( 'NONE', #6153, .T. ) ;
#4694 = LINE ( 'NONE', #5168, #3551 ) ;
#4695 =( BOUNDED_CURVE ( )  B_SPLINE_CURVE ( 2, ( #965, #3423, #6244, #2503, #2986, #1987, #5344, #3929, #3870 ),
 .UNSPECIFIED., .F., .T. ) 
 B_SPLINE_CURVE_WITH_KNOTS ( ( 3, 2, 2, 2, 3 ),
 ( 0.8790322580645161255, 0.8817204301075268758, 0.8870967741935483764, 0.8924731182795698770, 0.8951612903225806273 ),
 .UNSPECIFIED. ) 
 CURVE ( )  GEOMETRIC_REPRESENTATION_ITEM ( )  RATIONAL_B_SPLINE_CURVE ( ( 0.9330127018922194093, 0.9330127018922194093, 1.000000000000000000, 0.8660254037844387076, 1.000000000000000000, 0.8660254037844387076, 1.000000000000000000, 0.9330127018922194093, 0.9330127018922194093 ) ) 
 REPRESENTATION_ITEM ( '' )  );
#4696 = CARTESIAN_POINT ( 'NONE',  ( 1.743066579297358255E-16, 7.862499999999998046, -1.249999999999999112 ) ) ;
#4697 = ORIENTED_EDGE ( 'NONE', *, *, #93, .F. ) ;
#4698 = EDGE_CURVE ( 'NONE', #1369, #678, #4433, .T. ) ;
#4699 = CARTESIAN_POINT ( 'NONE',  ( 0.3349364905389017877, 1.992403810567664468, -1.250000000000000222 ) ) ;
#4700 = CARTESIAN_POINT ( 'NONE',  ( -1.249999999999999334, -0.5750000000000012879, -1.530808498934190831E-16 ) ) ;
#4701 = CARTESIAN_POINT ( 'NONE',  ( 0.6249999999999997780, 10.07499999999999751, -1.082531754730547746 ) ) ;
#4702 = CARTESIAN_POINT ( 'NONE',  ( -0.5032151781250009392, 7.196875000614515017, -0.8715942556523212925 ) ) ;
#4703 = CARTESIAN_POINT ( 'NONE',  ( 0.5032151781250004952, 11.92187500061451466, 0.8715942556523216256 ) ) ;
#4704 = VERTEX_POINT ( 'NONE', #935 ) ;
#4705 = CARTESIAN_POINT ( 'NONE',  ( 0.5032151781249990519, 3.634375000614515017, -0.8715942556523228468 ) ) ;
#4706 = EDGE_CURVE ( 'NONE', #4268, #4658, #5814, .T. ) ;
#4707 = CARTESIAN_POINT ( 'NONE',  ( -0.5032151781249993849, 4.759375000614515017, 0.8715942556523227358 ) ) ;
#4708 = CARTESIAN_POINT ( 'NONE',  ( 0.5032151781249982747, 7.571875000614515017, -0.8715942556523229579 ) ) ;
#4709 = LINE ( 'NONE', #3322, #839 ) ;
#4710 = DIRECTION ( 'NONE',  ( -0.000000000000000000, -1.000000000000000000, -0.000000000000000000 ) ) ;
#4711 = CARTESIAN_POINT ( 'NONE',  ( 0.5032151781250004952, 1.121875000614515727, 0.8715942556523216256 ) ) ;
#4712 = ORIENTED_EDGE ( 'NONE', *, *, #3504, .F. ) ;
#4713 = CARTESIAN_POINT ( 'NONE',  ( 0.3349364905389026204, 10.80759618943233136, 1.249999999999999556 ) ) ;
#4714 = CARTESIAN_POINT ( 'NONE',  ( 1.249999999999999334, 6.399999999999998579, 0.000000000000000000 ) ) ;
#4715 = CARTESIAN_POINT ( 'NONE',  ( 0.5032151781250004952, 3.821875000614515905, 0.8715942556523216256 ) ) ;
#4716 = AXIS2_PLACEMENT_3D ( 'NONE', #3148, #5866, #3446 ) ;
#4717 =( BOUNDED_CURVE ( )  B_SPLINE_CURVE ( 2, ( #4041, #1751, #5732, #1843, #388, #2807, #1272, #4727, #3311 ),
 .UNSPECIFIED., .F., .T. ) 
 B_SPLINE_CURVE_WITH_KNOTS ( ( 3, 2, 2, 2, 3 ),
 ( 0.6209677419354838745, 0.6236559139784946248, 0.6290322580645161255, 0.6344086021505376261, 0.6370967741935483764 ),
 .UNSPECIFIED. ) 
 CURVE ( )  GEOMETRIC_REPRESENTATION_ITEM ( )  RATIONAL_B_SPLINE_CURVE ( ( 0.9330127018922194093, 0.9330127018922194093, 1.000000000000000000, 0.8660254037844387076, 1.000000000000000000, 0.8660254037844387076, 1.000000000000000000, 0.9330127018922194093, 0.9330127018922194093 ) ) 
 REPRESENTATION_ITEM ( '' )  );
#4718 =( BOUNDED_CURVE ( )  B_SPLINE_CURVE ( 2, ( #2010, #3479, #5398, #3890, #3007, #5804, #1464, #462, #3860 ),
 .UNSPECIFIED., .F., .F. ) 
 B_SPLINE_CURVE_WITH_KNOTS ( ( 3, 2, 2, 2, 3 ),
 ( 0.6854838709677418818, 0.6881720430107527431, 0.6935483870967742437, 0.6989247311827957443, 0.7016129032258064946 ),
 .UNSPECIFIED. ) 
 CURVE ( )  GEOMETRIC_REPRESENTATION_ITEM ( )  RATIONAL_B_SPLINE_CURVE ( ( 0.9330127018922194093, 0.9330127018922179660, 1.000000000000000000, 0.8660254037844387076, 1.000000000000000000, 0.8660254037844387076, 1.000000000000000000, 0.9330127018922194093, 0.9330127018922194093 ) ) 
 REPRESENTATION_ITEM ( '' )  );
#4719 = ORIENTED_EDGE ( 'NONE', *, *, #529, .T. ) ;
#4720 = CARTESIAN_POINT ( 'NONE',  ( 9.204127980810867663E-16, 3.896875000614515638, 1.162125674203096537 ) ) ;
#4721 = CARTESIAN_POINT ( 'NONE',  ( 1.121372832681300312E-14, 10.16875000122903216, -1.249999999999999334 ) ) ;
#4722 = CARTESIAN_POINT ( 'NONE',  ( 2.744313073555416023E-11, 0.02812500184355220048, -1.006430356249999658 ) ) ;
#4723 = DIRECTION ( 'NONE',  ( 0.000000000000000000, 0.000000000000000000, -1.000000000000000000 ) ) ;
#4724 = LINE ( 'NONE', #3690, #1007 ) ;
#4725 = FACE_OUTER_BOUND ( 'NONE', #995, .T. ) ;
#4726 = EDGE_LOOP ( 'NONE', ( #5339, #3835, #6047, #2521 ) ) ;
#4727 = CARTESIAN_POINT ( 'NONE',  ( -0.3349364905389008995, 7.673653811796697255, 1.250000000000000000 ) ) ;
#4728 = CARTESIAN_POINT ( 'NONE',  ( -1.006430356249999658, 12.78437500061451537, 8.587269508238524180E-16 ) ) ;
#4729 = PLANE ( 'NONE',  #1437 ) ;
#4730 = AXIS2_PLACEMENT_3D ( 'NONE', #5472, #4092, #3652 ) ;
#4731 = CARTESIAN_POINT ( 'NONE',  ( -1.006430356249998548, 7.309375000614513951, 0.5810628371015493787 ) ) ;
#4732 = CARTESIAN_POINT ( 'NONE',  ( -0.5032151781250009392, 10.79687500061451466, -0.8715942556523212925 ) ) ;
#4733 = EDGE_CURVE ( 'NONE', #4578, #2038, #4401, .T. ) ;
#4734 = ORIENTED_EDGE ( 'NONE', *, *, #5923, .F. ) ;
#4735 = CARTESIAN_POINT ( 'NONE',  ( 1.006430356249999658, 3.971875000614514484, 0.5810628371015478244 ) ) ;
#4736 = CARTESIAN_POINT ( 'NONE',  ( 9.204127980810867663E-16, 12.44687500061451502, 1.162125674203096537 ) ) ;
#4737 = CARTESIAN_POINT ( 'NONE',  ( 0.5032151781249999400, 6.184375000614514839, 0.8715942556523221807 ) ) ;
#4738 = AXIS2_PLACEMENT_3D ( 'NONE', #4601, #5142, #1775 ) ;
#4739 = CARTESIAN_POINT ( 'NONE',  ( -1.969845607676301195E-15, 10.75937500061451324, -1.162125674203096093 ) ) ;
#4740 = CARTESIAN_POINT ( 'NONE',  ( -2.651438096812265438E-16, 12.58749999999999858, 1.443375672974063439 ) ) ;
#4741 = CARTESIAN_POINT ( 'NONE',  ( -1.249999999999999334, 8.931250001229033231, 2.596460695863248776E-15 ) ) ;
#4742 = CARTESIAN_POINT ( 'NONE',  ( 0.5032151781249982747, 0.3718750006145156162, -0.8715942556523229579 ) ) ;
#4743 = EDGE_CURVE ( 'NONE', #316, #3033, #91, .T. ) ;
#4744 = ORIENTED_EDGE ( 'NONE', *, *, #3812, .T. ) ;
#4745 = ORIENTED_EDGE ( 'NONE', *, *, #4556, .T. ) ;
#4746 = CARTESIAN_POINT ( 'NONE',  ( 0.000000000000000000, 12.00000000000000000, -1.249999999999999334 ) ) ;
#4747 = CARTESIAN_POINT ( 'NONE',  ( -1.006430356250000102, 3.634375000614515905, -0.5810628371015466032 ) ) ;
#4748 = CARTESIAN_POINT ( 'NONE',  ( 0.6249999999999997780, 6.024999999999998579, -1.082531754730547746 ) ) ;
#4749 = CARTESIAN_POINT ( 'NONE',  ( -0.6250000000000017764, 7.956250001229032698, -1.082531754730546636 ) ) ;
#4750 = CARTESIAN_POINT ( 'NONE',  ( -1.006430356249999436, 5.921875000614515550, 1.644310252063557226E-15 ) ) ;
#4751 = ADVANCED_FACE ( 'NONE', ( #5279 ), #4909, .T. ) ;
#4752 = ORIENTED_EDGE ( 'NONE', *, *, #984, .F. ) ;
#4753 = CARTESIAN_POINT ( 'NONE',  ( -0.5032151781250003841, 6.859375000614515550, -0.8715942556523218476 ) ) ;
#4754 = LINE ( 'NONE', #3781, #3968 ) ;
#4755 = CARTESIAN_POINT ( 'NONE',  ( -0.6249999999999978906, 4.056250001229032343, 1.082531754730548856 ) ) ;
#4756 = CARTESIAN_POINT ( 'NONE',  ( -0.3349364905389035640, 5.367403810567663136, 1.249999999999999112 ) ) ;
#4757 = DIRECTION ( 'NONE',  ( 0.8660254037844385966, -0.000000000000000000, 0.5000000000000000000 ) ) ;
#4758 = VECTOR ( 'NONE', #4199, 1000.000000000000000 ) ;
#4759 = ORIENTED_EDGE ( 'NONE', *, *, #4903, .T. ) ;
#4760 = CARTESIAN_POINT ( 'NONE',  ( 1.249999999999999334, 1.899999999999998579, 0.000000000000000000 ) ) ;
#4761 = CARTESIAN_POINT ( 'NONE',  ( -1.249999999999999334, 0.7374999999999984901, -0.7216878364870322748 ) ) ;
#4762 = CARTESIAN_POINT ( 'NONE',  ( -4.938688641342514686E-16, 5.837499999999996803, 1.249999999999999334 ) ) ;
#4763 = CARTESIAN_POINT ( 'NONE',  ( 1.006430356249999880, 10.60937500061451466, 0.5810628371015469362 ) ) ;
#4764 = CARTESIAN_POINT ( 'NONE',  ( 1.827526258964323273E-15, 10.53437500061451360, 1.162125674203096093 ) ) ;
#4765 = VERTEX_POINT ( 'NONE', #470 ) ;
#4766 = CARTESIAN_POINT ( 'NONE',  ( 1.006430356249999658, 4.421875000614514661, 0.5810628371015478244 ) ) ;
#4767 = CARTESIAN_POINT ( 'NONE',  ( 0.5032151781249990519, 10.83437500061451608, -0.8715942556523228468 ) ) ;
#4768 = CARTESIAN_POINT ( 'NONE',  ( 1.006430356249998770, 8.096875000614515372, -0.5810628371015489346 ) ) ;
#4769 = CARTESIAN_POINT ( 'NONE',  ( -1.969845607676301195E-15, 9.409375000614513596, -1.162125674203096093 ) ) ;
#4770 = CARTESIAN_POINT ( 'NONE',  ( 2.236935443431609674E-15, 7.243750001229032343, 1.249999999999999556 ) ) ;
#4771 = CARTESIAN_POINT ( 'NONE',  ( -1.249999999999999556, 7.562499999999997335, 0.7216878364870313867 ) ) ;
#4772 = CARTESIAN_POINT ( 'NONE',  ( -1.006430356249999436, 3.671875000614515105, 1.644310252063557226E-15 ) ) ;
#4773 = ORIENTED_EDGE ( 'NONE', *, *, #1296, .F. ) ;
#4774 = ORIENTED_EDGE ( 'NONE', *, *, #5312, .F. ) ;
#4775 = DIRECTION ( 'NONE',  ( -0.000000000000000000, -1.000000000000000000, -0.000000000000000000 ) ) ;
#4776 = CARTESIAN_POINT ( 'NONE',  ( 1.006430356249998326, 1.684375000614515727, -0.5810628371015497118 ) ) ;
#4777 = CARTESIAN_POINT ( 'NONE',  ( -0.6250000000000002220, 6.699999999999998401, 1.082531754730547746 ) ) ;
#4778 = CARTESIAN_POINT ( 'NONE',  ( -4.938688641342514686E-16, 1.787499999999998757, 1.249999999999999334 ) ) ;
#4779 = CARTESIAN_POINT ( 'NONE',  ( -1.249999999999998224, 6.718750001229031987, 0.7216878364870340512 ) ) ;
#4780 = CARTESIAN_POINT ( 'NONE',  ( -1.006430356250000324, 6.784375000614515372, -0.5810628371015467142 ) ) ;
#4781 = VECTOR ( 'NONE', #5795, 1000.000000000000000 ) ;
#4782 = CARTESIAN_POINT ( 'NONE',  ( 1.006430356249998770, 6.746875000614513951, -0.5810628371015489346 ) ) ;
#4783 = CARTESIAN_POINT ( 'NONE',  ( 1.249999999999999334, 11.38749999999999751, -0.7216878364870317197 ) ) ;
#4784 = CARTESIAN_POINT ( 'NONE',  ( 1.743066579297358255E-16, 4.262499999999998401, -1.249999999999999112 ) ) ;
#4785 = CARTESIAN_POINT ( 'NONE',  ( -1.249999999999999334, 9.831250001229030033, 2.596460695863248776E-15 ) ) ;
#4786 = AXIS2_PLACEMENT_3D ( 'NONE', #3741, #2851, #5128 ) ;
#4787 = CARTESIAN_POINT ( 'NONE',  ( 1.827526258964323273E-15, -0.7156249993854844060, 1.162125674203096093 ) ) ;
#4788 = FACE_OUTER_BOUND ( 'NONE', #3609, .T. ) ;
#4789 = ORIENTED_EDGE ( 'NONE', *, *, #1085, .T. ) ;
#4790 = DIRECTION ( 'NONE',  ( -0.000000000000000000, -1.000000000000000000, -0.000000000000000000 ) ) ;
#4791 = CARTESIAN_POINT ( 'NONE',  ( -0.6249999999999993339, 0.6999999999999986233, -1.082531754730547968 ) ) ;
#4792 = CARTESIAN_POINT ( 'NONE',  ( -1.249999999999999334, 4.431250001229033231, 2.596460695863248776E-15 ) ) ;
#4793 = CARTESIAN_POINT ( 'NONE',  ( 0.5032151781249982747, 10.72187500061451360, -0.8715942556523229579 ) ) ;
#4794 = CARTESIAN_POINT ( 'NONE',  ( 0.5032151781249999400, -0.1156249993854843450, 0.8715942556523221807 ) ) ;
#4795 = ORIENTED_EDGE ( 'NONE', *, *, #243, .T. ) ;
#4796 = CARTESIAN_POINT ( 'NONE',  ( 1.006430356249998992, 2.696875000614515461, -0.5810628371015489346 ) ) ;
#4797 = CARTESIAN_POINT ( 'NONE',  ( 9.204127980810867663E-16, 11.99687500061451573, 1.162125674203096537 ) ) ;
#4798 = CARTESIAN_POINT ( 'NONE',  ( -0.5032151781249993849, 8.359375000614514661, 0.8715942556523227358 ) ) ;
#4799 = CARTESIAN_POINT ( 'NONE',  ( -1.969845607676301195E-15, 9.859375000614512885, -1.162125674203096093 ) ) ;
#4800 = CARTESIAN_POINT ( 'NONE',  ( -1.240237090919086738, 0.3948870563658098964, -0.1030869884561997629 ) ) ;
#4801 = DIRECTION ( 'NONE',  ( -0.000000000000000000, -1.000000000000000000, -0.000000000000000000 ) ) ;
#4802 = CARTESIAN_POINT ( 'NONE',  ( 1.006430356249999880, 2.509375000614515905, 0.5810628371015469362 ) ) ;
#4803 = VERTEX_POINT ( 'NONE', #501 ) ;
#4804 = EDGE_LOOP ( 'NONE', ( #1626, #3760, #1338, #5264, #1892 ) ) ;
#4805 = CARTESIAN_POINT ( 'NONE',  ( -1.062732146793064491E-15, -0.3781249993854842728, -1.162125674203096537 ) ) ;
#4806 = CARTESIAN_POINT ( 'NONE',  ( -1.006430356249998548, 1.459375000614515860, 0.5810628371015494897 ) ) ;
#4807 = CARTESIAN_POINT ( 'NONE',  ( 0.6249999999999997780, 6.924999999999998046, -1.082531754730547746 ) ) ;
#4808 = CARTESIAN_POINT ( 'NONE',  ( 1.530808498934190831E-16, 12.00000000000000000, 1.249999999999999334 ) ) ;
#4809 = CARTESIAN_POINT ( 'NONE',  ( -1.249999999999998224, 8.068750001229034297, 0.7216878364870340512 ) ) ;
#4810 = CARTESIAN_POINT ( 'NONE',  ( -1.006430356249999436, 7.271875000614515194, 1.644310252063557226E-15 ) ) ;
#4811 = EDGE_CURVE ( 'NONE', #1793, #4268, #5776, .T. ) ;
#4812 = CARTESIAN_POINT ( 'NONE',  ( -1.006430356249999658, 6.484375000614514661, 8.587269508238526152E-16 ) ) ;
#4813 = CARTESIAN_POINT ( 'NONE',  ( -1.249999999999999556, 4.862499999999997158, 0.7216878364870313867 ) ) ;
#4814 = CARTESIAN_POINT ( 'NONE',  ( 0.5677034318853156902, 0.1746080256018515686, 0.9431961203940087968 ) ) ;
#4815 = CARTESIAN_POINT ( 'NONE',  ( 0.6250000000000012212, 11.78125000122903110, 1.082531754730547080 ) ) ;
#4816 = CARTESIAN_POINT ( 'NONE',  ( -1.006430356250000324, -0.8656249993854843172, -0.5810628371015467142 ) ) ;
#4817 = DIRECTION ( 'NONE',  ( -0.000000000000000000, -1.000000000000000000, -0.000000000000000000 ) ) ;
#4818 = ADVANCED_FACE ( 'NONE', ( #2406 ), #2471, .T. ) ;
#4819 = ORIENTED_EDGE ( 'NONE', *, *, #5599, .F. ) ;
#4820 = CARTESIAN_POINT ( 'NONE',  ( -0.06652141853789332593, 11.99999999999999822, -1.204780256235252311 ) ) ;
#4821 = CARTESIAN_POINT ( 'NONE',  ( 1.249999999999999556, 1.937499999999998446, -0.7216878364870316087 ) ) ;
#4822 = CARTESIAN_POINT ( 'NONE',  ( -4.938688641342514686E-16, 4.487499999999998046, 1.249999999999999334 ) ) ;
#4823 = CARTESIAN_POINT ( 'NONE',  ( -1.006430356249999436, 9.071875000614513240, 1.644310252063557226E-15 ) ) ;
#4824 = CARTESIAN_POINT ( 'NONE',  ( -1.062732146793064886E-15, 0.07187500061451571054, -1.162125674203096537 ) ) ;
#4825 = EDGE_LOOP ( 'NONE', ( #751, #2487, #4650, #211 ) ) ;
#4826 = CARTESIAN_POINT ( 'NONE',  ( -1.006430356249999880, 3.746875000614515727, -0.5810628371015474913 ) ) ;
#4827 = CARTESIAN_POINT ( 'NONE',  ( 0.000000000000000000, 12.00000000000000000, 0.000000000000000000 ) ) ;
#4828 = CARTESIAN_POINT ( 'NONE',  ( -1.006430356249999658, 8.734375000614514661, 8.587269508238524180E-16 ) ) ;
#4829 = VECTOR ( 'NONE', #623, 1000.000000000000000 ) ;
#4830 = CARTESIAN_POINT ( 'NONE',  ( -1.969845607676301195E-15, 8.509375000614515017, -1.162125674203096093 ) ) ;
#4831 = CARTESIAN_POINT ( 'NONE',  ( -4.938688641342514686E-16, 6.737499999999997158, 1.249999999999999334 ) ) ;
#4832 = CARTESIAN_POINT ( 'NONE',  ( -1.249999999999999334, 7.524999999999997691, -1.530808498934190831E-16 ) ) ;
#4833 = CARTESIAN_POINT ( 'NONE',  ( -1.006430356250000324, 2.284375000614515372, -0.5810628371015467142 ) ) ;
#4834 = AXIS2_PLACEMENT_3D ( 'NONE', #509, #1484, #418 ) ;
#4835 = ORIENTED_EDGE ( 'NONE', *, *, #3018, .T. ) ;
#4836 = VERTEX_POINT ( 'NONE', #2885 ) ;
#4837 = CARTESIAN_POINT ( 'NONE',  ( 1.006430356249999658, -0.04062499938548426448, -9.819791222584817478E-16 ) ) ;
#4838 = CARTESIAN_POINT ( 'NONE',  ( -0.5032151781249986078, 1.496875000614515505, 0.8715942556523228468 ) ) ;
#4839 = CARTESIAN_POINT ( 'NONE',  ( -0.6249999999999993339, 9.249999999999998224, -1.082531754730547968 ) ) ;
#4840 = DIRECTION ( 'NONE',  ( -0.000000000000000000, -1.000000000000000000, -0.000000000000000000 ) ) ;
#4841 = CARTESIAN_POINT ( 'NONE',  ( -1.250000000000000444, 8.443750001229030744, -0.7216878364870296103 ) ) ;
#4842 = CARTESIAN_POINT ( 'NONE',  ( 1.006430356249999880, 7.009375000614514128, 0.5810628371015469362 ) ) ;
#4843 = CARTESIAN_POINT ( 'NONE',  ( 0.5032151781249999400, 7.534375000614515372, 0.8715942556523221807 ) ) ;
#4844 = CARTESIAN_POINT ( 'NONE',  ( 0.3349364905389053959, 1.863846190661366808, 1.249999999999998890 ) ) ;
#4845 =( BOUNDED_CURVE ( )  B_SPLINE_CURVE ( 2, ( #5301, #958, #3798, #2908, #4832, #4771, #1978, #2399, #899 ),
 .UNSPECIFIED., .F., .T. ) 
 B_SPLINE_CURVE_WITH_KNOTS ( ( 3, 2, 2, 2, 3 ),
 ( 0.5887096774193548709, 0.5913978494623656212, 0.5967741935483871218, 0.6021505376344086224, 0.6048387096774193727 ),
 .UNSPECIFIED. ) 
 CURVE ( )  GEOMETRIC_REPRESENTATION_ITEM ( )  RATIONAL_B_SPLINE_CURVE ( ( 0.9330127018922194093, 0.9330127018922194093, 1.000000000000000000, 0.8660254037844387076, 1.000000000000000000, 0.8660254037844387076, 1.000000000000000000, 0.9330127018922194093, 0.9330127018922194093 ) ) 
 REPRESENTATION_ITEM ( '' )  );
#4846 = CARTESIAN_POINT ( 'NONE',  ( -2.614599868946037210E-15, 6.118750001229032343, -1.249999999999999334 ) ) ;
#4847 = CARTESIAN_POINT ( 'NONE',  ( -0.5032151781249986078, -0.7531249993854842728, 0.8715942556523228468 ) ) ;
#4848 = CARTESIAN_POINT ( 'NONE',  ( -0.6890273025275417407, 0.1077418065402130504, 0.8010651025964908856 ) ) ;
#4849 = EDGE_LOOP ( 'NONE', ( #945, #5652, #4819, #5718 ) ) ;
#4850 = FACE_OUTER_BOUND ( 'NONE', #1534, .T. ) ;
#4851 = CARTESIAN_POINT ( 'NONE',  ( 1.249999999999999556, 0.5874999999999985789, -0.7216878364870316087 ) ) ;
#4852 = CYLINDRICAL_SURFACE ( 'NONE', #1232, 1.249999999999999334 ) ;
#4853 = CARTESIAN_POINT ( 'NONE',  ( -0.5032151781250009392, 8.996875000614515727, -0.8715942556523212925 ) ) ;
#4854 = CARTESIAN_POINT ( 'NONE',  ( 1.006430356249999880, 12.40937500061451537, 0.5810628371015469362 ) ) ;
#4855 = AXIS2_PLACEMENT_3D ( 'NONE', #2133, #3603, #5954 ) ;
#4856 = ORIENTED_EDGE ( 'NONE', *, *, #451, .F. ) ;
#4857 = CARTESIAN_POINT ( 'NONE',  ( 1.006430356249999658, 6.221875000614515372, 0.5810628371015478244 ) ) ;
#4858 = CARTESIAN_POINT ( 'NONE',  ( -1.140708133015883030, 0.2823032828416970896, 0.2261588030754406731 ) ) ;
#4859 = CARTESIAN_POINT ( 'NONE',  ( -1.006430356249999658, 6.934375000614515727, 8.587269508238524180E-16 ) ) ;
#4860 = ADVANCED_FACE ( 'NONE', ( #1445 ), #2439, .T. ) ;
#4861 = CARTESIAN_POINT ( 'NONE',  ( 0.5032151781249982747, 10.72187500061451360, -0.8715942556523229579 ) ) ;
#4862 = CYLINDRICAL_SURFACE ( 'NONE', #1641, 1.249999999999999334 ) ;
#4863 = LINE ( 'NONE', #2877, #178 ) ;
#4864 = CARTESIAN_POINT ( 'NONE',  ( 1.006430356249998104, 2.584375000614515194, -0.5810628371015496008 ) ) ;
#4865 = VECTOR ( 'NONE', #5254, 1000.000000000000000 ) ;
#4866 = CARTESIAN_POINT ( 'NONE',  ( -0.5032151781250003841, 10.45937500061451608, -0.8715942556523218476 ) ) ;
#4867 = CARTESIAN_POINT ( 'NONE',  ( 1.249999999999997780, 3.343750001229032875, -0.7216878364870343843 ) ) ;
#4868 = ORIENTED_EDGE ( 'NONE', *, *, #408, .T. ) ;
#4869 = ORIENTED_EDGE ( 'NONE', *, *, #836, .F. ) ;
#4870 = CARTESIAN_POINT ( 'NONE',  ( -1.006430356249998992, 1.571875000614515683, 0.5810628371015487126 ) ) ;
#4871 = CARTESIAN_POINT ( 'NONE',  ( -0.5032151781250009392, 1.346875000614515594, -0.8715942556523212925 ) ) ;
#4872 = CARTESIAN_POINT ( 'NONE',  ( 1.249999999999999556, 8.237499999999998934, -0.7216878364870316087 ) ) ;
#4873 = DIRECTION ( 'NONE',  ( -0.000000000000000000, -1.000000000000000000, -0.000000000000000000 ) ) ;
#4874 = CARTESIAN_POINT ( 'NONE',  ( 2.909753293500117656E-15, 9.043750001229030389, 1.443375672974063439 ) ) ;
#4875 = CARTESIAN_POINT ( 'NONE',  ( 0.5032151781249982747, 6.671875000614515550, -0.8715942556523229579 ) ) ;
#4876 = CARTESIAN_POINT ( 'NONE',  ( -1.006430356249999880, 6.446875000614515017, -0.5810628371015476024 ) ) ;
#4877 = CARTESIAN_POINT ( 'NONE',  ( 1.249999999999999112, 9.512499999999997513, 0.7216878364870324969 ) ) ;
#4878 = CARTESIAN_POINT ( 'NONE',  ( 1.249999999999999112, 4.112499999999998046, 0.7216878364870324969 ) ) ;
#4879 = CARTESIAN_POINT ( 'NONE',  ( 1.743066579297358255E-16, 5.612499999999997158, -1.249999999999999112 ) ) ;
#4880 = CARTESIAN_POINT ( 'NONE',  ( -1.006430356249998548, -0.3406249993854842950, 0.5810628371015493787 ) ) ;
#4881 = CARTESIAN_POINT ( 'NONE',  ( -0.6249999999999978906, 2.256250001229032520, 1.082531754730548856 ) ) ;
#4882 = CIRCLE ( 'NONE', #5184, 0.1499999999999999667 ) ;
#4883 = ORIENTED_EDGE ( 'NONE', *, *, #568, .T. ) ;
#4884 = VECTOR ( 'NONE', #5094, 999.9999999999998863 ) ;
#4885 =( BOUNDED_CURVE ( )  B_SPLINE_CURVE ( 2, ( #4035, #5480, #581, #196, #2549, #5011, #6014, #699, #3150 ),
 .UNSPECIFIED., .F., .F. ) 
 B_SPLINE_CURVE_WITH_KNOTS ( ( 3, 2, 2, 2, 3 ),
 ( 0.9112903225806451291, 0.9139784946236558794, 0.9193548387096773800, 0.9247311827956988806, 0.9274193548387096309 ),
 .UNSPECIFIED. ) 
 CURVE ( )  GEOMETRIC_REPRESENTATION_ITEM ( )  RATIONAL_B_SPLINE_CURVE ( ( 0.9330127018922194093, 0.9330127018922194093, 1.000000000000000000, 0.8660254037844387076, 1.000000000000000000, 0.8660254037844387076, 1.000000000000000000, 0.9330127018922194093, 0.9330127018922194093 ) ) 
 REPRESENTATION_ITEM ( '' )  );
#4886 = CARTESIAN_POINT ( 'NONE',  ( 0.3349364905389026204, 6.757596189432332423, 1.249999999999999556 ) ) ;
#4887 = CARTESIAN_POINT ( 'NONE',  ( 1.249999999999999334, 0.9999999999999986677, 0.000000000000000000 ) ) ;
#4888 = CARTESIAN_POINT ( 'NONE',  ( -1.250000000000000444, 3.943750001229032520, -0.7216878364870296103 ) ) ;
#4889 = CARTESIAN_POINT ( 'NONE',  ( 0.000000000000000000, 12.00000000000000000, -1.249999999999999334 ) ) ;
#4890 = CARTESIAN_POINT ( 'NONE',  ( 1.006430356249999880, 9.259375000614513240, 0.5810628371015469362 ) ) ;
#4891 = CARTESIAN_POINT ( 'NONE',  ( 0.5032151781249999400, 0.3343750006145156384, 0.8715942556523221807 ) ) ;
#4892 = VERTEX_POINT ( 'NONE', #5751 ) ;
#4893 = ADVANCED_FACE ( 'NONE', ( #5843 ), #3455, .T. ) ;
#4894 = CARTESIAN_POINT ( 'NONE',  ( 0.5032151781249999400, 5.734375000614515550, 0.8715942556523221807 ) ) ;
#4895 = CARTESIAN_POINT ( 'NONE',  ( -0.3007578315735595087, 0.1256972178714177990, -1.030105340660227631 ) ) ;
#4896 = CARTESIAN_POINT ( 'NONE',  ( -1.006430356249999658, 8.284375000614515372, 8.587269508238524180E-16 ) ) ;
#4897 = CARTESIAN_POINT ( 'NONE',  ( 1.006430356249999436, 11.54687500061451289, -1.767562423498186358E-15 ) ) ;
#4898 = CARTESIAN_POINT ( 'NONE',  ( -0.6250000000000002220, 6.699999999999998401, 1.082531754730547746 ) ) ;
#4899 = CARTESIAN_POINT ( 'NONE',  ( 0.000000000000000000, 12.00000000000000000, 0.000000000000000000 ) ) ;
#4900 = CARTESIAN_POINT ( 'NONE',  ( -1.006430356250000324, 2.734375000614515550, -0.5810628371015467142 ) ) ;
#4901 =( BOUNDED_CURVE ( )  B_SPLINE_CURVE ( 2, ( #1522, #2002, #2550, #5512, #2130, #700, #2068, #2036, #2643 ),
 .UNSPECIFIED., .F., .T. ) 
 B_SPLINE_CURVE_WITH_KNOTS ( ( 3, 2, 2, 2, 3 ),
 ( 0.4596774193548386900, 0.4623655913978494403, 0.4677419354838709409, 0.4731182795698924970, 0.4758064516129032473 ),
 .UNSPECIFIED. ) 
 CURVE ( )  GEOMETRIC_REPRESENTATION_ITEM ( )  RATIONAL_B_SPLINE_CURVE ( ( 0.9330127018922194093, 0.9330127018922194093, 1.000000000000000000, 0.8660254037844387076, 1.000000000000000000, 0.8660254037844387076, 1.000000000000000000, 0.9330127018922194093, 0.9330127018922194093 ) ) 
 REPRESENTATION_ITEM ( '' )  );
#4902 = CARTESIAN_POINT ( 'NONE',  ( -1.006430356249999658, 10.53437500061451360, 8.587269508238526152E-16 ) ) ;
#4903 = EDGE_CURVE ( 'NONE', #4992, #1468, #2611, .T. ) ;
#4904 = CARTESIAN_POINT ( 'NONE',  ( 0.3349364905389053959, 3.213846190661367341, 1.249999999999998890 ) ) ;
#4905 = VERTEX_POINT ( 'NONE', #4085 ) ;
#4906 = CARTESIAN_POINT ( 'NONE',  ( 9.204127980810863719E-16, 0.7468750006145155051, 1.162125674203096537 ) ) ;
#4907 = CARTESIAN_POINT ( 'NONE',  ( 0.5032151781249982747, 5.771875000614515194, -0.8715942556523229579 ) ) ;
#4908 = CARTESIAN_POINT ( 'NONE',  ( -1.249999999999999334, 8.387499999999999289, -0.7216878364870322748 ) ) ;
#4909 = CYLINDRICAL_SURFACE ( 'NONE', #4518, 1.249999999999999334 ) ;
#4910 = CARTESIAN_POINT ( 'NONE',  ( -0.6250000000000017764, 10.20625000122903003, -1.082531754730546636 ) ) ;
#4911 = CARTESIAN_POINT ( 'NONE',  ( 0.5032151781250004952, 9.221875000614515372, 0.8715942556523216256 ) ) ;
#4912 = CARTESIAN_POINT ( 'NONE',  ( 1.006430356249999658, 8.021875000614516082, 0.5810628371015478244 ) ) ;
#4913 = CARTESIAN_POINT ( 'NONE',  ( 1.249999999999997780, 10.09375000122903288, -0.7216878364870343843 ) ) ;
#4914 = CARTESIAN_POINT ( 'NONE',  ( 0.000000000000000000, 12.00000000000000000, 0.000000000000000000 ) ) ;
#4915 = CARTESIAN_POINT ( 'NONE',  ( 0.000000000000000000, 0.4500000000000000111, 0.000000000000000000 ) ) ;
#4916 = CARTESIAN_POINT ( 'NONE',  ( 1.827526258964323273E-15, 0.6343750006145156828, 1.162125674203096093 ) ) ;
#4917 = LINE ( 'NONE', #1515, #2414 ) ;
#4918 = VERTEX_POINT ( 'NONE', #1569 ) ;
#4919 = CARTESIAN_POINT ( 'NONE',  ( 1.743066579297358255E-16, 9.662499999999997868, -1.249999999999999112 ) ) ;
#4920 = CARTESIAN_POINT ( 'NONE',  ( -1.249999999999999334, 2.987499999999998490, -0.7216878364870322748 ) ) ;
#4921 = CARTESIAN_POINT ( 'NONE',  ( -0.6250000000000017764, 4.806250001229032343, -1.082531754730546636 ) ) ;
#4922 = FACE_BOUND ( 'NONE', #5839, .T. ) ;
#4923 = CARTESIAN_POINT ( 'NONE',  ( -0.5032151781249986078, 11.39687500061451431, 0.8715942556523228468 ) ) ;
#4924 = ORIENTED_EDGE ( 'NONE', *, *, #252, .F. ) ;
#4925 = AXIS2_PLACEMENT_3D ( 'NONE', #4408, #5757, #543 ) ;
#4926 = CARTESIAN_POINT ( 'NONE',  ( -1.006430356249999214, 6.071875000614515017, 0.5810628371015488236 ) ) ;
#4927 =( BOUNDED_CURVE ( )  B_SPLINE_CURVE ( 2, ( #4999, #4588, #2598, #4057, #4496, #1604, #1735, #5970, #4971 ),
 .UNSPECIFIED., .F., .F. ) 
 B_SPLINE_CURVE_WITH_KNOTS ( ( 3, 2, 2, 2, 3 ),
 ( 0.6693548387096773800, 0.6720430107526881303, 0.6774193548387096309, 0.6827956989247311315, 0.6854838709677419928 ),
 .UNSPECIFIED. ) 
 CURVE ( )  GEOMETRIC_REPRESENTATION_ITEM ( )  RATIONAL_B_SPLINE_CURVE ( ( 0.9330127018922194093, 0.9330127018922194093, 1.000000000000000000, 0.8660254037844387076, 1.000000000000000000, 0.8660254037844387076, 1.000000000000000000, 0.9330127018922179660, 0.9330127018922194093 ) ) 
 REPRESENTATION_ITEM ( '' )  );
#4928 = CARTESIAN_POINT ( 'NONE',  ( -0.1488432515138720658, 0.4177370820616385649, 1.231372995646358603 ) ) ;
#4929 = CARTESIAN_POINT ( 'NONE',  ( -0.5032151781250003841, 11.35937500061451289, -0.8715942556523218476 ) ) ;
#4930 = CARTESIAN_POINT ( 'NONE',  ( 0.3349364905389021208, 2.763846190661367608, 1.250000000000000666 ) ) ;
#4931 = EDGE_CURVE ( 'NONE', #1727, #1029, #3518, .T. ) ;
#4932 = CARTESIAN_POINT ( 'NONE',  ( -0.6250000000000017764, -0.1437499987709670579, -1.082531754730546636 ) ) ;
#4933 = CARTESIAN_POINT ( 'NONE',  ( 1.006430356249999880, 6.109375000614515550, 0.5810628371015469362 ) ) ;
#4934 = CARTESIAN_POINT ( 'NONE',  ( -0.2500924891385511439, 11.97823790708001468, 1.017734708276649913 ) ) ;
#4935 = CARTESIAN_POINT ( 'NONE',  ( -0.3349364905389008995, 3.623653811796698765, 1.250000000000000000 ) ) ;
#4936 = CARTESIAN_POINT ( 'NONE',  ( 1.006430356249998770, 1.796875000614515994, -0.5810628371015489346 ) ) ;
#4937 = CARTESIAN_POINT ( 'NONE',  ( -1.969845607676301195E-15, 4.459375000614515194, -1.162125674203096093 ) ) ;
#4938 = CARTESIAN_POINT ( 'NONE',  ( 1.249999999999999334, 9.549999999999998934, 0.000000000000000000 ) ) ;
#4939 = CARTESIAN_POINT ( 'NONE',  ( 1.249999999999999334, 5.537499999999997868, -0.7216878364870317197 ) ) ;
#4940 = CARTESIAN_POINT ( 'NONE',  ( 0.6250000000000012212, 9.081250001229033586, 1.082531754730547080 ) ) ;
#4941 = CARTESIAN_POINT ( 'NONE',  ( -1.006430356249998992, 9.671875000614514661, 0.5810628371015487126 ) ) ;
#4942 = CARTESIAN_POINT ( 'NONE',  ( 1.249999999999999334, 9.587499999999998579, -0.7216878364870317197 ) ) ;
#4943 = CARTESIAN_POINT ( 'NONE',  ( 1.249999999999997780, 11.44375000122903074, -0.7216878364870343843 ) ) ;
#4944 = EDGE_CURVE ( 'NONE', #2038, #4905, #517, .T. ) ;
#4945 = DIRECTION ( 'NONE',  ( -0.000000000000000000, 1.000000000000000000, -0.000000000000000000 ) ) ;
#4946 = CARTESIAN_POINT ( 'NONE',  ( 0.5032151781249982747, 0.8218750006145156828, -0.8715942556523229579 ) ) ;
#4947 = DIRECTION ( 'NONE',  ( -0.000000000000000000, -1.000000000000000000, -0.000000000000000000 ) ) ;
#4948 = VERTEX_POINT ( 'NONE', #1666 ) ;
#4949 = CARTESIAN_POINT ( 'NONE',  ( 1.006430356249999658, 1.721875000614515594, 0.5810628371015478244 ) ) ;
#4950 = CARTESIAN_POINT ( 'NONE',  ( -0.6250000000000002220, 1.749999999999998446, 1.082531754730547746 ) ) ;
#4951 = CARTESIAN_POINT ( 'NONE',  ( -0.6250000000000002220, 4.899999999999997691, 1.082531754730547746 ) ) ;
#4952 = CARTESIAN_POINT ( 'NONE',  ( 1.249999999999999334, 5.106250001229032165, -2.749541545756668106E-15 ) ) ;
#4953 = CARTESIAN_POINT ( 'NONE',  ( -1.969845607676301195E-15, 12.55937500061451395, -1.162125674203096093 ) ) ;
#4954 = ORIENTED_EDGE ( 'NONE', *, *, #243, .F. ) ;
#4955 = CARTESIAN_POINT ( 'NONE',  ( 9.204127980810867663E-16, 6.146875000614515194, 1.162125674203096537 ) ) ;
#4956 = CARTESIAN_POINT ( 'NONE',  ( -0.5032151781250003841, 12.70937500061451431, -0.8715942556523218476 ) ) ;
#4957 = CARTESIAN_POINT ( 'NONE',  ( -1.006430356249999880, 9.596875000614513596, -0.5810628371015476024 ) ) ;
#4958 = CARTESIAN_POINT ( 'NONE',  ( 2.236935443431609674E-15, 2.293750001229032165, 1.249999999999999556 ) ) ;
#4959 = CARTESIAN_POINT ( 'NONE',  ( -1.250000000000000444, 0.3437500012290327644, -0.7216878364870296103 ) ) ;
#4960 = CARTESIAN_POINT ( 'NONE',  ( -0.5032151781249986078, 5.996875000614514839, 0.8715942556523228468 ) ) ;
#4961 =( BOUNDED_CURVE ( )  B_SPLINE_CURVE ( 2, ( #3521, #1991, #1961, #3933, #5410, #2507, #1480, #32, #3020 ),
 .UNSPECIFIED., .F., .T. ) 
 B_SPLINE_CURVE_WITH_KNOTS ( ( 3, 2, 2, 2, 3 ),
 ( 0.4112903225806451846, 0.4139784946236559349, 0.4193548387096774355, 0.4247311827956989361, 0.4274193548387096864 ),
 .UNSPECIFIED. ) 
 CURVE ( )  GEOMETRIC_REPRESENTATION_ITEM ( )  RATIONAL_B_SPLINE_CURVE ( ( 0.9330127018922194093, 0.9330127018922194093, 1.000000000000000000, 0.8660254037844387076, 1.000000000000000000, 0.8660254037844387076, 1.000000000000000000, 0.9330127018922194093, 0.9330127018922194093 ) ) 
 REPRESENTATION_ITEM ( '' )  );
#4962 = CARTESIAN_POINT ( 'NONE',  ( -1.006430356249999658, 11.88437500061451502, 8.587269508238526152E-16 ) ) ;
#4963 = CARTESIAN_POINT ( 'NONE',  ( 0.6250000000000012212, 9.081250001229033586, 1.082531754730547080 ) ) ;
#4964 = CARTESIAN_POINT ( 'NONE',  ( -0.5032151781250003841, 3.259375000614515461, -0.8715942556523218476 ) ) ;
#4965 = CARTESIAN_POINT ( 'NONE',  ( -1.969845607676301195E-15, 4.909375000614515372, -1.162125674203096093 ) ) ;
#4966 = CARTESIAN_POINT ( 'NONE',  ( 8.838126989374219771E-17, 11.46249999999999680, -1.443375672974063439 ) ) ;
#4967 = CARTESIAN_POINT ( 'NONE',  ( 6.420295233745270867E-15, 3.137499999999999289, 1.249999999999999334 ) ) ;
#4968 = CARTESIAN_POINT ( 'NONE',  ( -1.250000000000000444, 11.14375000122903181, -0.7216878364870296103 ) ) ;
#4969 = EDGE_CURVE ( 'NONE', #1369, #5809, #808, .T. ) ;
#4970 = CARTESIAN_POINT ( 'NONE',  ( 9.204127980810867663E-16, 8.846875000614515372, 1.162125674203096537 ) ) ;
#4971 = CARTESIAN_POINT ( 'NONE',  ( -1.365402153782930631E-14, 8.762499999999999289, -1.249999999999999112 ) ) ;
#4972 = CARTESIAN_POINT ( 'NONE',  ( -1.000000000000000444, 13.40000000000000036, 0.5773502691896261751 ) ) ;
#4973 = CARTESIAN_POINT ( 'NONE',  ( 0.000000000000000000, 12.00000000000000000, 0.000000000000000000 ) ) ;
#4974 = CARTESIAN_POINT ( 'NONE',  ( -1.006430356249998548, 2.359375000614515994, 0.5810628371015493787 ) ) ;
#4975 = VECTOR ( 'NONE', #5872, 1000.000000000000000 ) ;
#4976 = DIRECTION ( 'NONE',  ( 0.000000000000000000, 1.000000000000000000, 0.000000000000000000 ) ) ;
#4977 = VERTEX_POINT ( 'NONE', #120 ) ;
#4978 = ADVANCED_FACE ( 'NONE', ( #1186 ), #4493, .T. ) ;
#4979 = CARTESIAN_POINT ( 'NONE',  ( 1.006430356249998770, 1.346875000614515372, -0.5810628371015489346 ) ) ;
#4980 = DIRECTION ( 'NONE',  ( 0.000000000000000000, 0.000000000000000000, -1.000000000000000000 ) ) ;
#4981 = CARTESIAN_POINT ( 'NONE',  ( 1.249999999999999112, 5.012499999999998401, 0.7216878364870323859 ) ) ;
#4982 = CARTESIAN_POINT ( 'NONE',  ( 1.249999999999998002, 4.693750001229032520, -0.7216878364870344953 ) ) ;
#4983 = FACE_OUTER_BOUND ( 'NONE', #2829, .T. ) ;
#4984 = CARTESIAN_POINT ( 'NONE',  ( -1.006430356249999436, 11.77187500061451431, 1.644310252063557226E-15 ) ) ;
#4985 = ORIENTED_EDGE ( 'NONE', *, *, #1984, .T. ) ;
#4986 = CARTESIAN_POINT ( 'NONE',  ( 1.006430356249999658, 6.709375000614515194, -9.819791222584819450E-16 ) ) ;
#4987 = DIRECTION ( 'NONE',  ( -0.000000000000000000, -1.000000000000000000, -0.000000000000000000 ) ) ;
#4988 = CARTESIAN_POINT ( 'NONE',  ( -1.006430356249999880, 11.39687500061451608, -0.5810628371015476024 ) ) ;
#4989 = CARTESIAN_POINT ( 'NONE',  ( -4.938688641342514686E-16, 4.487499999999998046, 1.249999999999999334 ) ) ;
#4990 = CARTESIAN_POINT ( 'NONE',  ( -1.250000000000000444, -0.5562499987709670357, -0.7216878364870296103 ) ) ;
#4991 = CARTESIAN_POINT ( 'NONE',  ( -1.969845607676301195E-15, 4.909375000614515372, -1.162125674203096093 ) ) ;
#4992 = VERTEX_POINT ( 'NONE', #5906 ) ;
#4993 = CARTESIAN_POINT ( 'NONE',  ( -1.006430356249999880, 0.1468750006145156939, -0.5810628371015474913 ) ) ;
#4994 = CARTESIAN_POINT ( 'NONE',  ( -1.006430356249999658, 3.334375000614515194, 8.587269508238524180E-16 ) ) ;
#4995 = CARTESIAN_POINT ( 'NONE',  ( -0.5032151781250009392, 4.496875000614515727, -0.8715942556523212925 ) ) ;
#4996 = CARTESIAN_POINT ( 'NONE',  ( 0.6249999999999987788, 9.924999999999997158, 1.082531754730548412 ) ) ;
#4997 = CARTESIAN_POINT ( 'NONE',  ( 0.6249999999999974465, 11.93125000122903145, -1.082531754730548856 ) ) ;
#4998 = CARTESIAN_POINT ( 'NONE',  ( -0.5032151781249993849, 9.259375000614515017, 0.8715942556523227358 ) ) ;
#4999 = CARTESIAN_POINT ( 'NONE',  ( -4.938688641342514686E-16, 8.537499999999996092, 1.249999999999999334 ) ) ;
#5000 = CARTESIAN_POINT ( 'NONE',  ( 1.249999999999999334, 0.5499999999999986011, 0.000000000000000000 ) ) ;
#5001 = CARTESIAN_POINT ( 'NONE',  ( -1.249999999999998002, 0.8687500012290326756, 0.7216878364870340512 ) ) ;
#5002 = CARTESIAN_POINT ( 'NONE',  ( -1.969845607676301195E-15, 1.309375000614515283, -1.162125674203096093 ) ) ;
#5003 = EDGE_CURVE ( 'NONE', #5151, #5808, #3104, .T. ) ;
#5004 = LINE ( 'NONE', #3495, #3032 ) ;
#5005 = ORIENTED_EDGE ( 'NONE', *, *, #4655, .F. ) ;
#5006 = CARTESIAN_POINT ( 'NONE',  ( 1.006430356249999658, 0.8593750006145156606, -9.819791222584819450E-16 ) ) ;
#5007 = CARTESIAN_POINT ( 'NONE',  ( -0.3349364905389035640, 2.667403810567663847, 1.249999999999999112 ) ) ;
#5008 = CARTESIAN_POINT ( 'NONE',  ( 1.249999999999999334, 3.699999999999998401, 0.000000000000000000 ) ) ;
#5009 = CARTESIAN_POINT ( 'NONE',  ( -1.969845607676301195E-15, 11.65937500061451360, -1.162125674203096093 ) ) ;
#5010 = CARTESIAN_POINT ( 'NONE',  ( 1.250000000000000444, 5.068750001229031632, 0.7216878364870298324 ) ) ;
#5011 = CARTESIAN_POINT ( 'NONE',  ( -1.249999999999998002, 11.66875000122903216, 0.7216878364870340512 ) ) ;
#5012 = EDGE_CURVE ( 'NONE', #5747, #5622, #246, .T. ) ;
#5013 = CARTESIAN_POINT ( 'NONE',  ( -0.5032151781249986078, 12.29687500061451466, 0.8715942556523228468 ) ) ;
#5014 = ORIENTED_EDGE ( 'NONE', *, *, #4404, .F. ) ;
#5015 = CARTESIAN_POINT ( 'NONE',  ( -0.5032151781250003841, 8.659375000614515372, -0.8715942556523218476 ) ) ;
#5016 = LINE ( 'NONE', #268, #2434 ) ;
#5017 = CARTESIAN_POINT ( 'NONE',  ( -0.5032151781249993849, 11.05937500061451573, 0.8715942556523227358 ) ) ;
#5018 = CARTESIAN_POINT ( 'NONE',  ( 0.6249999999999974465, 1.131250001229032742, -1.082531754730548856 ) ) ;
#5020 = EDGE_CURVE ( 'NONE', #21, #3885, #3045, .T. ) ;
#5019 = CARTESIAN_POINT ( 'NONE',  ( 1.249999999999998002, -0.7062499987709670579, -0.7216878364870344953 ) ) ;
#5021 = CARTESIAN_POINT ( 'NONE',  ( -1.969845607676301195E-15, 5.359375000614515550, -1.162125674203096093 ) ) ;
#5022 = CARTESIAN_POINT ( 'NONE',  ( -1.006430356249998548, 9.559375000614513951, 0.5810628371015493787 ) ) ;
#5023 = VECTOR ( 'NONE', #3582, 1000.000000000000000 ) ;
#5024 = VERTEX_POINT ( 'NONE', #5877 ) ;
#5025 = CARTESIAN_POINT ( 'NONE',  ( 0.5032151781249999400, 0.7843750006145154829, 0.8715942556523221807 ) ) ;
#5026 = CARTESIAN_POINT ( 'NONE',  ( 1.006430356249999658, 2.209375000614515194, -9.819791222584817478E-16 ) ) ;
#5027 = CARTESIAN_POINT ( 'NONE',  ( 0.5032151781250004952, 3.821875000614515905, 0.8715942556523216256 ) ) ;
#5028 = CARTESIAN_POINT ( 'NONE',  ( -1.249999999999999334, 11.57499999999999929, -1.530808498934190831E-16 ) ) ;
#5029 = CARTESIAN_POINT ( 'NONE',  ( -1.249999999999998224, 10.76875000122903181, 0.7216878364870340512 ) ) ;
#5030 = CARTESIAN_POINT ( 'NONE',  ( -1.062732146793064886E-15, 9.521875000614516082, -1.162125674203096537 ) ) ;
#5031 = DIRECTION ( 'NONE',  ( -0.000000000000000000, -1.000000000000000000, -0.000000000000000000 ) ) ;
#5032 = CARTESIAN_POINT ( 'NONE',  ( 1.743066579297358255E-16, 3.812499999999997780, -1.249999999999999112 ) ) ;
#5033 = VECTOR ( 'NONE', #929, 1000.000000000000000 ) ;
#5034 = CARTESIAN_POINT ( 'NONE',  ( -4.938688641342514686E-16, 4.937499999999998224, 1.249999999999999334 ) ) ;
#5035 = CARTESIAN_POINT ( 'NONE',  ( -1.006430356250000324, 0.9343750006145153941, -0.5810628371015467142 ) ) ;
#5036 = ORIENTED_EDGE ( 'NONE', *, *, #2961, .T. ) ;
#5037 = CARTESIAN_POINT ( 'NONE',  ( 1.006430356249998770, 1.796875000614515994, -0.5810628371015489346 ) ) ;
#5038 = CARTESIAN_POINT ( 'NONE',  ( -4.938688641342514686E-16, 4.037499999999997868, 1.249999999999999334 ) ) ;
#5039 = CARTESIAN_POINT ( 'NONE',  ( -0.6250000000000002220, 3.099999999999998757, 1.082531754730547746 ) ) ;
#5040 = PRESENTATION_STYLE_ASSIGNMENT (( #6043 ) ) ;
#5041 = CARTESIAN_POINT ( 'NONE',  ( -1.249999999999999334, 7.581250001229032698, 2.596460695863248776E-15 ) ) ;
#5042 = CARTESIAN_POINT ( 'NONE',  ( -0.3349364905389035640, 11.66740381056766118, 1.249999999999999112 ) ) ;
#5043 = CARTESIAN_POINT ( 'NONE',  ( -0.5032151781250009392, 12.14687500061451253, -0.8715942556523212925 ) ) ;
#5044 = VERTEX_POINT ( 'NONE', #653 ) ;
#5045 = CARTESIAN_POINT ( 'NONE',  ( -0.5032151781250003841, 7.759375000614515017, -0.8715942556523218476 ) ) ;
#5046 = DIRECTION ( 'NONE',  ( -0.000000000000000000, -1.000000000000000000, -0.000000000000000000 ) ) ;
#5047 = CARTESIAN_POINT ( 'NONE',  ( -1.062732146793064491E-15, 10.42187500061451644, -1.162125674203096537 ) ) ;
#5048 = DIRECTION ( 'NONE',  ( 0.000000000000000000, 0.000000000000000000, -1.000000000000000000 ) ) ;
#5049 = CARTESIAN_POINT ( 'NONE',  ( -3.086515833287601756E-15, 2.068750001229032964, -1.443375672974063439 ) ) ;
#5050 = CARTESIAN_POINT ( 'NONE',  ( 0.5032151781249982747, 4.871875000614515727, -0.8715942556523229579 ) ) ;
#5051 = CARTESIAN_POINT ( 'NONE',  ( -1.006430356249999436, 8.171875000614514661, 1.644310252063557226E-15 ) ) ;
#5052 = ORIENTED_EDGE ( 'NONE', *, *, #4135, .F. ) ;
#5053 = CARTESIAN_POINT ( 'NONE',  ( 1.006430356249999658, 1.309375000614515505, -9.819791222584819450E-16 ) ) ;
#5054 = EDGE_CURVE ( 'NONE', #1555, #6025, #3369, .T. ) ;
#5055 = CARTESIAN_POINT ( 'NONE',  ( 1.006430356249999658, 2.659375000614515816, -9.819791222584817478E-16 ) ) ;
#5056 = CARTESIAN_POINT ( 'NONE',  ( 1.006430356249999880, 8.359375000614514661, 0.5810628371015468252 ) ) ;
#5057 = CARTESIAN_POINT ( 'NONE',  ( 0.6249999999999987788, 11.27499999999999680, 1.082531754730548412 ) ) ;
#5058 = CARTESIAN_POINT ( 'NONE',  ( 1.249999999999999112, 5.462499999999999467, 0.7216878364870324969 ) ) ;
#5059 = CARTESIAN_POINT ( 'NONE',  ( 1.249999999999998002, 10.99375000122902968, -0.7216878364870344953 ) ) ;
#5060 = AXIS2_PLACEMENT_3D ( 'NONE', #5109, #735, #4106 ) ;
#5061 = CARTESIAN_POINT ( 'NONE',  ( 1.006430356249999658, 12.10937500061451466, -9.819791222584819450E-16 ) ) ;
#5062 = DIRECTION ( 'NONE',  ( 0.000000000000000000, 0.000000000000000000, -1.000000000000000000 ) ) ;
#5063 = PLANE ( 'NONE',  #1344 ) ;
#5064 = CARTESIAN_POINT ( 'NONE',  ( -0.6249999999999978906, 0.9062500012290328755, 1.082531754730548856 ) ) ;
#5065 = CARTESIAN_POINT ( 'NONE',  ( -1.006430356249998548, 3.709375000614515194, 0.5810628371015493787 ) ) ;
#5066 = CARTESIAN_POINT ( 'NONE',  ( -1.249999999999999334, 2.631250001229032964, 2.596460695863248776E-15 ) ) ;
#5067 = ORIENTED_EDGE ( 'NONE', *, *, #2821, .F. ) ;
#5068 = CARTESIAN_POINT ( 'NONE',  ( -0.5032151781250003841, 2.359375000614515105, -0.8715942556523218476 ) ) ;
#5069 = CARTESIAN_POINT ( 'NONE',  ( -0.6250000000000002220, 10.29999999999999716, 1.082531754730547746 ) ) ;
#5070 = CARTESIAN_POINT ( 'NONE',  ( 1.249999999999999112, 6.362499999999998934, 0.7216878364870323859 ) ) ;
#5071 = CARTESIAN_POINT ( 'NONE',  ( -1.006430356249998548, 11.35937500061451289, 0.5810628371015494897 ) ) ;
#5072 = CARTESIAN_POINT ( 'NONE',  ( -1.249999999999999334, 6.681250001229033231, 2.596460695863248776E-15 ) ) ;
#5073 = CARTESIAN_POINT ( 'NONE',  ( 1.011627495292094503, 12.00000000000000000, 0.08548095761059819331 ) ) ;
#5074 = ORIENTED_EDGE ( 'NONE', *, *, #3090, .T. ) ;
#5075 = CARTESIAN_POINT ( 'NONE',  ( 0.5032151781249999400, 7.984375000614513773, 0.8715942556523221807 ) ) ;
#5076 = CARTESIAN_POINT ( 'NONE',  ( 1.250000000000000444, 1.468750001229033098, 0.7216878364870297213 ) ) ;
#5077 = CARTESIAN_POINT ( 'NONE',  ( -1.006430356249998992, 12.82187500061451502, 0.5810628371015487126 ) ) ;
#5078 = CARTESIAN_POINT ( 'NONE',  ( -0.7264155617756551386, 0.02812500184355229069, -0.7012301754891971939 ) ) ;
#5079 = CARTESIAN_POINT ( 'NONE',  ( 2.909753293500117656E-15, 3.193750001229032964, 1.443375672974063439 ) ) ;
#5080 = CARTESIAN_POINT ( 'NONE',  ( 1.827526258964323273E-15, 8.284375000614513596, 1.162125674203096093 ) ) ;
#5081 = CARTESIAN_POINT ( 'NONE',  ( 1.827526258964323273E-15, 8.734375000614514661, 1.162125674203096093 ) ) ;
#5082 = EDGE_CURVE ( 'NONE', #2401, #6209, #3614, .T. ) ;
#5083 = VERTEX_POINT ( 'NONE', #780 ) ;
#5084 = CARTESIAN_POINT ( 'NONE',  ( 0.5032151781249999400, 0.3343750006145156384, 0.8715942556523221807 ) ) ;
#5085 = CARTESIAN_POINT ( 'NONE',  ( 0.5032151781249990519, 3.184375000614515283, -0.8715942556523228468 ) ) ;
#5086 = VECTOR ( 'NONE', #3802, 1000.000000000000000 ) ;
#5087 = CARTESIAN_POINT ( 'NONE',  ( -1.006430356250000102, 7.234375000614515550, -0.5810628371015466032 ) ) ;
#5088 = EDGE_LOOP ( 'NONE', ( #1149, #5679, #5885, #2361 ) ) ;
#5089 = CARTESIAN_POINT ( 'NONE',  ( 1.249999999999999334, 10.89999999999999680, 0.000000000000000000 ) ) ;
#5090 = DIRECTION ( 'NONE',  ( 0.000000000000000000, 1.000000000000000000, 0.000000000000000000 ) ) ;
#5091 = CARTESIAN_POINT ( 'NONE',  ( -1.250000000000000444, 12.49375000122903145, -0.7216878364870296103 ) ) ;
#5092 = EDGE_CURVE ( 'NONE', #4803, #2245, #3678, .T. ) ;
#5093 = CARTESIAN_POINT ( 'NONE',  ( 1.006430356249998770, 10.34687500061451537, -0.5810628371015489346 ) ) ;
#5094 = DIRECTION ( 'NONE',  ( 6.123233995736815340E-17, 0.8660254037844363761, -0.5000000000000038858 ) ) ;
#5095 = CARTESIAN_POINT ( 'NONE',  ( -1.006430356249999436, 0.9718750006145157050, 1.644310252063557226E-15 ) ) ;
#5096 = CARTESIAN_POINT ( 'NONE',  ( 1.249999999999997780, 3.793750001229032609, -0.7216878364870343843 ) ) ;
#5097 = CARTESIAN_POINT ( 'NONE',  ( 1.006430356249999880, 3.859375000614515994, 0.5810628371015469362 ) ) ;
#5098 = DIRECTION ( 'NONE',  ( 0.000000000000000000, 1.000000000000000000, 0.000000000000000000 ) ) ;
#5099 =( BOUNDED_CURVE ( )  B_SPLINE_CURVE ( 2, ( #3707, #6062, #3647, #3264, #4741, #5628, #4117, #1285, #1217 ),
 .UNSPECIFIED., .F., .T. ) 
 B_SPLINE_CURVE_WITH_KNOTS ( ( 3, 2, 2, 2, 3 ),
 ( 0.7177419354838709964, 0.7204301075268817467, 0.7258064516129032473, 0.7311827956989247479, 0.7338709677419354982 ),
 .UNSPECIFIED. ) 
 CURVE ( )  GEOMETRIC_REPRESENTATION_ITEM ( )  RATIONAL_B_SPLINE_CURVE ( ( 0.9330127018922194093, 0.9330127018922194093, 1.000000000000000000, 0.8660254037844387076, 1.000000000000000000, 0.8660254037844387076, 1.000000000000000000, 0.9330127018922194093, 0.9330127018922194093 ) ) 
 REPRESENTATION_ITEM ( '' )  );
#5100 = DIRECTION ( 'NONE',  ( -2.814468746912040358E-16, 0.6546536707079751993, -0.7559289460184561715 ) ) ;
#5101 = CARTESIAN_POINT ( 'NONE',  ( 1.006430356249998770, 3.146875000614516082, -0.5810628371015489346 ) ) ;
#5102 = CARTESIAN_POINT ( 'NONE',  ( 0.000000000000000000, 0.4500000000000000111, 0.000000000000000000 ) ) ;
#5103 = SURFACE_STYLE_FILL_AREA ( #1231 ) ;
#5104 = CARTESIAN_POINT ( 'NONE',  ( 1.249999999999999334, 7.356250001229031277, -2.749541545756668106E-15 ) ) ;
#5105 = CARTESIAN_POINT ( 'NONE',  ( -4.938688641342514686E-16, 6.287499999999997868, 1.249999999999999334 ) ) ;
#5106 = CARTESIAN_POINT ( 'NONE',  ( 0.9915339876171274103, 11.99999999999999645, 0.2174419744610632532 ) ) ;
#5107 = EDGE_LOOP ( 'NONE', ( #710, #1011, #4586 ) ) ;
#5108 = CARTESIAN_POINT ( 'NONE',  ( -0.5032151781250003841, 9.109375000614514661, -0.8715942556523218476 ) ) ;
#5109 = CARTESIAN_POINT ( 'NONE',  ( 0.000000000000000000, 12.00000000000000000, 0.000000000000000000 ) ) ;
#5110 = CARTESIAN_POINT ( 'NONE',  ( -2.651438096812265438E-16, -0.01250000000000133296, 1.443375672974063439 ) ) ;
#5111 = LINE ( 'NONE', #6051, #4183 ) ;
#5112 = CARTESIAN_POINT ( 'NONE',  ( -3.086515833287601756E-15, 2.518750001229033142, -1.443375672974063439 ) ) ;
#5113 = CARTESIAN_POINT ( 'NONE',  ( 1.006430356249999880, 6.559375000614514839, 0.5810628371015469362 ) ) ;
#5114 = CARTESIAN_POINT ( 'NONE',  ( -1.969845607676301195E-15, 8.509375000614515017, -1.162125674203096093 ) ) ;
#5115 = ORIENTED_EDGE ( 'NONE', *, *, #2654, .T. ) ;
#5116 = CARTESIAN_POINT ( 'NONE',  ( 1.006430356249999658, 1.721875000614515372, 0.5810628371015478244 ) ) ;
#5117 = CARTESIAN_POINT ( 'NONE',  ( 0.5032151781249999400, 4.834375000614515194, 0.8715942556523221807 ) ) ;
#5118 = EDGE_CURVE ( 'NONE', #1776, #3745, #2694, .T. ) ;
#5119 = CARTESIAN_POINT ( 'NONE',  ( 1.006430356249999436, 7.496875000614514839, -1.767562423498186358E-15 ) ) ;
#5120 = EDGE_LOOP ( 'NONE', ( #701, #2091, #2163, #4773 ) ) ;
#5121 = CARTESIAN_POINT ( 'NONE',  ( 8.838126989374219771E-17, 12.36249999999999893, -1.443375672974063439 ) ) ;
#5122 = CARTESIAN_POINT ( 'NONE',  ( 2.236935443431609674E-15, 10.84375000122902932, 1.249999999999999556 ) ) ;
#5123 = CARTESIAN_POINT ( 'NONE',  ( 0.5032151781249982747, -0.5281249993854842950, -0.8715942556523229579 ) ) ;
#5124 = AXIS2_PLACEMENT_3D ( 'NONE', #4686, #1736, #2794 ) ;
#5125 =( GEOMETRIC_REPRESENTATION_CONTEXT ( 3 ) GLOBAL_UNCERTAINTY_ASSIGNED_CONTEXT ( ( #2139 ) ) GLOBAL_UNIT_ASSIGNED_CONTEXT ( ( #760, #4629, #2009 ) ) REPRESENTATION_CONTEXT ( 'NONE', 'WORKASPACE' ) );
#5126 = ORIENTED_EDGE ( 'NONE', *, *, #3939, .F. ) ;
#5127 =( BOUNDED_CURVE ( )  B_SPLINE_CURVE ( 2, ( #3544, #4904, #649, #591, #3483, #4867, #561, #5962, #4396 ),
 .UNSPECIFIED., .F., .F. ) 
 B_SPLINE_CURVE_WITH_KNOTS ( ( 3, 2, 2, 2, 3 ),
 ( 0.3145161290322580627, 0.3172043010752688130, 0.3225806451612903136, 0.3279569892473118142, 0.3306451612903225645 ),
 .UNSPECIFIED. ) 
 CURVE ( )  GEOMETRIC_REPRESENTATION_ITEM ( )  RATIONAL_B_SPLINE_CURVE ( ( 0.9330127018922194093, 0.9330127018922194093, 1.000000000000000000, 0.8660254037844387076, 1.000000000000000000, 0.8660254037844387076, 1.000000000000000000, 0.9330127018922194093, 0.9330127018922194093 ) ) 
 REPRESENTATION_ITEM ( '' )  );
#5128 = DIRECTION ( 'NONE',  ( 0.000000000000000000, 0.000000000000000000, -1.000000000000000000 ) ) ;
#5129 = CARTESIAN_POINT ( 'NONE',  ( 0.6249999999999987788, 10.82499999999999751, 1.082531754730548412 ) ) ;
#5130 = CARTESIAN_POINT ( 'NONE',  ( 0.3349364905389053959, 3.663846190661367519, 1.249999999999998890 ) ) ;
#5131 = CARTESIAN_POINT ( 'NONE',  ( -1.006430356250000324, 4.534375000614515372, -0.5810628371015467142 ) ) ;
#5132 = CARTESIAN_POINT ( 'NONE',  ( 0.000000000000000000, 0.4500000000000000111, 0.000000000000000000 ) ) ;
#5133 = ORIENTED_EDGE ( 'NONE', *, *, #3211, .T. ) ;
#5134 = CARTESIAN_POINT ( 'NONE',  ( 0.5032151781249999400, 4.384375000614515905, 0.8715942556523221807 ) ) ;
#5135 = AXIS2_PLACEMENT_3D ( 'NONE', #5160, #2826, #1768 ) ;
#5136 = ADVANCED_FACE ( 'NONE', ( #6030 ), #680, .T. ) ;
#5137 = CARTESIAN_POINT ( 'NONE',  ( 0.1463160993766955409, 0.1529750723926830147, 1.078512578089870777 ) ) ;
#5138 = LINE ( 'NONE', #794, #3514 ) ;
#5139 = CARTESIAN_POINT ( 'NONE',  ( 0.6249999999999974465, 7.431250001229032343, -1.082531754730548856 ) ) ;
#5140 = CARTESIAN_POINT ( 'NONE',  ( 0.3349364905389032865, 6.492403810567664024, -1.249999999999999112 ) ) ;
#5141 =( BOUNDED_CURVE ( )  B_SPLINE_CURVE ( 2, ( #3305, #2833, #416, #5670, #4785, #2217, #4162, #6073, #5610 ),
 .UNSPECIFIED., .F., .T. ) 
 B_SPLINE_CURVE_WITH_KNOTS ( ( 3, 2, 2, 2, 3 ),
 ( 0.7822580645161290036, 0.7849462365591397539, 0.7903225806451612545, 0.7956989247311827551, 0.7983870967741935054 ),
 .UNSPECIFIED. ) 
 CURVE ( )  GEOMETRIC_REPRESENTATION_ITEM ( )  RATIONAL_B_SPLINE_CURVE ( ( 0.9330127018922194093, 0.9330127018922194093, 1.000000000000000000, 0.8660254037844387076, 1.000000000000000000, 0.8660254037844387076, 1.000000000000000000, 0.9330127018922194093, 0.9330127018922194093 ) ) 
 REPRESENTATION_ITEM ( '' )  );
#5142 = DIRECTION ( 'NONE',  ( -0.000000000000000000, -1.000000000000000000, -0.000000000000000000 ) ) ;
#5143 = EDGE_LOOP ( 'NONE', ( #6076, #4759 ) ) ;
#5144 = CARTESIAN_POINT ( 'NONE',  ( -0.5032151781250003841, 8.209375000614512530, -0.8715942556523218476 ) ) ;
#5145 = CARTESIAN_POINT ( 'NONE',  ( 0.3349364905389005664, 10.59865381179669797, -1.250000000000000000 ) ) ;
#5146 = CARTESIAN_POINT ( 'NONE',  ( -1.006430356249999880, 12.74687500061451217, -0.5810628371015476024 ) ) ;
#5147 = CARTESIAN_POINT ( 'NONE',  ( -4.938688641342514686E-16, 9.887499999999997513, 1.249999999999999334 ) ) ;
#5148 = CARTESIAN_POINT ( 'NONE',  ( 2.909753293500117656E-15, 2.743750001229033231, 1.443375672974063439 ) ) ;
#5149 = CARTESIAN_POINT ( 'NONE',  ( -1.006430356249999436, 8.171875000614514661, 1.644310252063557226E-15 ) ) ;
#5150 = CARTESIAN_POINT ( 'NONE',  ( -0.5032151781249986078, 11.84687500061451360, 0.8715942556523228468 ) ) ;
#5151 = VERTEX_POINT ( 'NONE', #1698 ) ;
#5152 = CARTESIAN_POINT ( 'NONE',  ( -1.006430356249999880, 2.396875000614515638, -0.5810628371015474913 ) ) ;
#5153 = CARTESIAN_POINT ( 'NONE',  ( -1.006430356249998992, 6.521875000614515194, 0.5810628371015487126 ) ) ;
#5154 = CARTESIAN_POINT ( 'NONE',  ( 1.006430356249999880, 7.009375000614514128, 0.5810628371015468252 ) ) ;
#5155 = CARTESIAN_POINT ( 'NONE',  ( 0.000000000000000000, 12.00000000000000000, 0.000000000000000000 ) ) ;
#5156 = CARTESIAN_POINT ( 'NONE',  ( -0.5032151781249986078, 0.1468750006145156939, 0.8715942556523228468 ) ) ;
#5157 = ORIENTED_EDGE ( 'NONE', *, *, #1906, .F. ) ;
#5158 = CARTESIAN_POINT ( 'NONE',  ( 1.530808498934190831E-16, 12.00000000000000000, 1.249999999999999334 ) ) ;
#5159 = CARTESIAN_POINT ( 'NONE',  ( -5.630089500711020484E-16, 14.50000000000000000, 1.327905619136135584 ) ) ;
#5160 = CARTESIAN_POINT ( 'NONE',  ( 1.000000000000005551, 13.40000000000000036, 0.5773502691896169603 ) ) ;
#5161 = CARTESIAN_POINT ( 'NONE',  ( 0.5032151781249982747, 4.871875000614515727, -0.8715942556523229579 ) ) ;
#5162 = EDGE_CURVE ( 'NONE', #4303, #790, #872, .T. ) ;
#5163 = ORIENTED_EDGE ( 'NONE', *, *, #2786, .F. ) ;
#5164 = CARTESIAN_POINT ( 'NONE',  ( 1.006430356249999658, 4.009375000614515017, -9.819791222584819450E-16 ) ) ;
#5165 = CARTESIAN_POINT ( 'NONE',  ( 1.249999999999997780, 4.243750001229032343, -0.7216878364870343843 ) ) ;
#5166 = CARTESIAN_POINT ( 'NONE',  ( -1.249999999999998002, 7.168750001229031277, 0.7216878364870340512 ) ) ;
#5167 = DIRECTION ( 'NONE',  ( -0.000000000000000000, -1.000000000000000000, -0.000000000000000000 ) ) ;
#5168 = CARTESIAN_POINT ( 'NONE',  ( 1.084202172485504434E-15, 13.11428571428571921, -0.8247860988423266759 ) ) ;
#5169 = CARTESIAN_POINT ( 'NONE',  ( 0.000000000000000000, 14.50000000000000000, 0.000000000000000000 ) ) ;
#5170 = ORIENTED_EDGE ( 'NONE', *, *, #2255, .T. ) ;
#5171 = VECTOR ( 'NONE', #1869, 1000.000000000000000 ) ;
#5172 = CARTESIAN_POINT ( 'NONE',  ( 0.6249999999999987788, 1.824999999999998401, 1.082531754730548412 ) ) ;
#5173 = CARTESIAN_POINT ( 'NONE',  ( -0.5032151781250003841, 12.70937500061451431, -0.8715942556523218476 ) ) ;
#5174 = CARTESIAN_POINT ( 'NONE',  ( 0.6249999999999974465, 2.481250001229033053, -1.082531754730548856 ) ) ;
#5175 = CARTESIAN_POINT ( 'NONE',  ( -0.5032151781249986078, 6.446875000614515905, 0.8715942556523228468 ) ) ;
#5176 = CARTESIAN_POINT ( 'NONE',  ( -1.006430356249998548, 11.80937500061451395, 0.5810628371015493787 ) ) ;
#5177 = ORIENTED_EDGE ( 'NONE', *, *, #3116, .F. ) ;
#5178 = CARTESIAN_POINT ( 'NONE',  ( -1.006430356249999658, 2.884375000614515461, 8.587269508238526152E-16 ) ) ;
#5179 = CARTESIAN_POINT ( 'NONE',  ( 9.204127980810863719E-16, 4.346875000614515372, 1.162125674203096537 ) ) ;
#5180 = CARTESIAN_POINT ( 'NONE',  ( -1.006430356250000102, 8.134375000614515017, -0.5810628371015466032 ) ) ;
#5181 = CARTESIAN_POINT ( 'NONE',  ( -0.6250000000000002220, 12.99999999999999822, 1.082531754730547746 ) ) ;
#5182 = FACE_BOUND ( 'NONE', #2345, .T. ) ;
#5183 = CARTESIAN_POINT ( 'NONE',  ( -1.006430356249998548, -0.7906249993854843616, 0.5810628371015493787 ) ) ;
#5184 = AXIS2_PLACEMENT_3D ( 'NONE', #2899, #4415, #7 ) ;
#5185 = ORIENTED_EDGE ( 'NONE', *, *, #3090, .F. ) ;
#5186 = AXIS2_PLACEMENT_3D ( 'NONE', #311, #2763, #4213 ) ;
#5187 = DIRECTION ( 'NONE',  ( 0.000000000000000000, 1.000000000000000000, 0.000000000000000000 ) ) ;
#5188 = CARTESIAN_POINT ( 'NONE',  ( 0.6249999999999997780, 10.97499999999999787, -1.082531754730547746 ) ) ;
#5189 = CARTESIAN_POINT ( 'NONE',  ( -0.6249999999999993339, 5.649999999999997691, -1.082531754730547968 ) ) ;
#5190 = CARTESIAN_POINT ( 'NONE',  ( 0.6249999999999987788, 10.37499999999999822, 1.082531754730548412 ) ) ;
#5191 = CARTESIAN_POINT ( 'NONE',  ( 1.006430356249999436, 2.996875000614515727, -1.767562423498186358E-15 ) ) ;
#5192 = ORIENTED_EDGE ( 'NONE', *, *, #3468, .T. ) ;
#5193 = CARTESIAN_POINT ( 'NONE',  ( -0.5032151781249993849, 4.759375000614515017, 0.8715942556523227358 ) ) ;
#5194 = CARTESIAN_POINT ( 'NONE',  ( -1.171557371454131857, 11.99999999999999645, -0.4358363516177629071 ) ) ;
#5195 = CARTESIAN_POINT ( 'NONE',  ( -1.249999999999999334, 3.981250001229033053, 2.596460695863248776E-15 ) ) ;
#5196 = EDGE_CURVE ( 'NONE', #790, #3496, #1409, .T. ) ;
#5197 = FACE_OUTER_BOUND ( 'NONE', #4472, .T. ) ;
#5198 = CYLINDRICAL_SURFACE ( 'NONE', #5565, 1.249999999999999334 ) ;
#5199 = CARTESIAN_POINT ( 'NONE',  ( 2.236935443431609674E-15, 10.84375000122902932, 1.249999999999999556 ) ) ;
#5200 = ORIENTED_EDGE ( 'NONE', *, *, #2065, .T. ) ;
#5201 = CARTESIAN_POINT ( 'NONE',  ( 0.3349364905389053959, 5.463846190661366897, 1.249999999999998890 ) ) ;
#5202 = CARTESIAN_POINT ( 'NONE',  ( -0.6249999999999993339, -0.2000000000000012879, -1.082531754730547968 ) ) ;
#5203 = EDGE_CURVE ( 'NONE', #5636, #1727, #4013, .T. ) ;
#5204 = DIRECTION ( 'NONE',  ( -0.000000000000000000, -1.000000000000000000, -0.000000000000000000 ) ) ;
#5205 = CARTESIAN_POINT ( 'NONE',  ( -1.006430356249999436, 6.821875000614515905, 1.644310252063557226E-15 ) ) ;
#5206 = CARTESIAN_POINT ( 'NONE',  ( -0.5032151781250009392, 11.24687500061451395, -0.8715942556523212925 ) ) ;
#5207 = EDGE_LOOP ( 'NONE', ( #3465, #5665, #2822, #3503 ) ) ;
#5208 = CARTESIAN_POINT ( 'NONE',  ( 1.006430356249999658, 3.521875000614515194, 0.5810628371015478244 ) ) ;
#5209 = CARTESIAN_POINT ( 'NONE',  ( -1.006430356249999658, 12.33437500061451431, 8.587269508238526152E-16 ) ) ;
#5210 = CARTESIAN_POINT ( 'NONE',  ( 0.5032151781249990519, 4.534375000614515372, -0.8715942556523228468 ) ) ;
#5211 = EDGE_CURVE ( 'NONE', #1757, #3229, #309, .T. ) ;
#5212 = CARTESIAN_POINT ( 'NONE',  ( -0.5032151781249986078, 10.04687500061451466, 0.8715942556523228468 ) ) ;
#5213 = CARTESIAN_POINT ( 'NONE',  ( 2.236935443431609674E-15, 9.943750001229030744, 1.249999999999999556 ) ) ;
#5214 = CARTESIAN_POINT ( 'NONE',  ( 0.5032151781249982747, 0.8218750006145156828, -0.8715942556523229579 ) ) ;
#5215 = B_SPLINE_CURVE_WITH_KNOTS ( 'NONE', 3,
 ( #2907, #1024, #524, #3414, #1946, #4800, #1433, #4423, #2975, #4392, #3920, #3382 ),
 .UNSPECIFIED., .F., .F.,
 ( 4, 2, 2, 2, 2, 4 ),
 ( 0.005786206971628522766, 0.006549599966448107005, 0.007312992961267690377, 0.008076385956087273749, 0.008458082453497065001, 0.008839778950906857988 ),
 .UNSPECIFIED. ) ;
#5216 = ORIENTED_EDGE ( 'NONE', *, *, #2348, .F. ) ;
#5217 = CARTESIAN_POINT ( 'NONE',  ( 0.3349364905389026204, 7.207596189432332601, 1.249999999999999556 ) ) ;
#5218 = CARTESIAN_POINT ( 'NONE',  ( 0.9999999999999993339, 14.35000000000000497, 0.5773502691896268413 ) ) ;
#5219 = CARTESIAN_POINT ( 'NONE',  ( -2.651438096812265438E-16, 5.387499999999998401, 1.443375672974063439 ) ) ;
#5220 = DIRECTION ( 'NONE',  ( -0.3535533905932726206, 0.7071067811865494601, -0.6123724356957930270 ) ) ;
#5221 = CARTESIAN_POINT ( 'NONE',  ( -0.5032151781249986078, 6.446875000614515905, 0.8715942556523228468 ) ) ;
#5222 = AXIS2_PLACEMENT_3D ( 'NONE', #4915, #5381, #1544 ) ;
#5223 = VERTEX_POINT ( 'NONE', #1315 ) ;
#5224 = CARTESIAN_POINT ( 'NONE',  ( 1.006430356249999658, 4.459375000614515194, -9.819791222584819450E-16 ) ) ;
#5225 = CARTESIAN_POINT ( 'NONE',  ( 0.6249999999999974465, 4.281250001229032875, -1.082531754730548856 ) ) ;
#5226 = CARTESIAN_POINT ( 'NONE',  ( -1.249999999999999112, 9.287499999999997868, -0.7216878364870322748 ) ) ;
#5227 = CARTESIAN_POINT ( 'NONE',  ( -1.000000000000000444, 14.35000000000000497, -0.5773502691896265082 ) ) ;
#5228 = CARTESIAN_POINT ( 'NONE',  ( -0.5032151781249986078, 0.1468750006145156939, 0.8715942556523228468 ) ) ;
#5229 = CARTESIAN_POINT ( 'NONE',  ( -0.8166113634602986115, 0.09792414536633296807, 0.6615976688782700954 ) ) ;
#5230 = ORIENTED_EDGE ( 'NONE', *, *, #4969, .T. ) ;
#5231 = CARTESIAN_POINT ( 'NONE',  ( -0.6250000000000002220, 2.199999999999998401, 1.082531754730547746 ) ) ;
#5232 = DIRECTION ( 'NONE',  ( 0.8660254037844389297, 0.000000000000000000, -0.4999999999999995559 ) ) ;
#5233 = CARTESIAN_POINT ( 'NONE',  ( 1.827526258964323273E-15, 9.184375000614513951, 1.162125674203096093 ) ) ;
#5234 = CARTESIAN_POINT ( 'NONE',  ( 1.006430356249999436, 11.54687500061451289, -1.767562423498186358E-15 ) ) ;
#5235 = ORIENTED_EDGE ( 'NONE', *, *, #5321, .T. ) ;
#5236 = CARTESIAN_POINT ( 'NONE',  ( -1.006430356249999658, 3.784375000614514928, 8.587269508238526152E-16 ) ) ;
#5237 = CARTESIAN_POINT ( 'NONE',  ( 1.006430356249999658, 11.17187500061451466, 0.5810628371015478244 ) ) ;
#5238 = CARTESIAN_POINT ( 'NONE',  ( 1.006430356249999658, 5.771875000614515194, 0.5810628371015478244 ) ) ;
#5239 = CARTESIAN_POINT ( 'NONE',  ( -0.5032151781250009392, 9.446875000614513240, -0.8715942556523212925 ) ) ;
#5240 = CARTESIAN_POINT ( 'NONE',  ( 1.743066579297358255E-16, 11.01249999999999751, -1.249999999999999112 ) ) ;
#5241 = DIRECTION ( 'NONE',  ( 0.000000000000000000, 0.000000000000000000, -1.000000000000000000 ) ) ;
#5242 = CARTESIAN_POINT ( 'NONE',  ( -1.006430356249998548, 0.5593750006145156162, 0.5810628371015493787 ) ) ;
#5243 = EDGE_CURVE ( 'NONE', #4765, #3956, #5099, .T. ) ;
#5244 = ORIENTED_EDGE ( 'NONE', *, *, #1177, .T. ) ;
#5245 = ORIENTED_EDGE ( 'NONE', *, *, #4931, .T. ) ;
#5246 = CARTESIAN_POINT ( 'NONE',  ( 1.006430356249999658, -0.9406249993854842728, -9.819791222584817478E-16 ) ) ;
#5247 = CARTESIAN_POINT ( 'NONE',  ( 1.006430356249999880, 2.509375000614515905, 0.5810628371015468252 ) ) ;
#5248 = CARTESIAN_POINT ( 'NONE',  ( 1.249999999999999556, 5.537499999999997868, -0.7216878364870316087 ) ) ;
#5249 = CARTESIAN_POINT ( 'NONE',  ( 2.236935443431609674E-15, 1.843750001229032653, 1.249999999999999556 ) ) ;
#5250 = CARTESIAN_POINT ( 'NONE',  ( 1.249999999999998002, 6.493750001229032343, -0.7216878364870344953 ) ) ;
#5251 = CARTESIAN_POINT ( 'NONE',  ( -0.5032151781250009392, 6.296875000614515550, -0.8715942556523212925 ) ) ;
#5252 = CARTESIAN_POINT ( 'NONE',  ( -0.5032151781249993849, 7.009375000614514128, 0.8715942556523227358 ) ) ;
#5253 = CARTESIAN_POINT ( 'NONE',  ( 0.6250000000000012212, 4.131250001229032520, 1.082531754730547080 ) ) ;
#5254 = DIRECTION ( 'NONE',  ( -0.000000000000000000, 1.000000000000000000, -0.000000000000000000 ) ) ;
#5255 = CARTESIAN_POINT ( 'NONE',  ( 1.743066579297358255E-16, 5.162499999999998757, -1.249999999999999112 ) ) ;
#5256 = CARTESIAN_POINT ( 'NONE',  ( 0.3349364905389017877, 2.442403810567664202, -1.250000000000000222 ) ) ;
#5257 = CARTESIAN_POINT ( 'NONE',  ( -0.8266280255368944063, 0.02812500184355131230, -0.5740977002030890342 ) ) ;
#5258 = ORIENTED_EDGE ( 'NONE', *, *, #328, .F. ) ;
#5259 = CARTESIAN_POINT ( 'NONE',  ( -2.614599868946037210E-15, 10.61875000122902968, -1.249999999999999334 ) ) ;
#5260 = CARTESIAN_POINT ( 'NONE',  ( -1.249999999999999334, 0.7749999999999985789, -1.530808498934190831E-16 ) ) ;
#5261 = CARTESIAN_POINT ( 'NONE',  ( -3.569075380924708916E-16, 13.40000000000000036, 1.154700538379252128 ) ) ;
#5262 = CARTESIAN_POINT ( 'NONE',  ( 1.827526258964323273E-15, 8.734375000614514661, 1.162125674203096093 ) ) ;
#5263 = CARTESIAN_POINT ( 'NONE',  ( -0.5032151781249993849, -0.1906249993854843283, 0.8715942556523227358 ) ) ;
#5264 = ORIENTED_EDGE ( 'NONE', *, *, #3748, .T. ) ;
#5265 = CARTESIAN_POINT ( 'NONE',  ( 0.5032151781249999400, 3.934375000614515727, 0.8715942556523221807 ) ) ;
#5266 = CARTESIAN_POINT ( 'NONE',  ( -0.5032151781250003841, 10.90937500061451360, -0.8715942556523218476 ) ) ;
#5267 = CARTESIAN_POINT ( 'NONE',  ( 0.5032151781249999400, 7.984375000614513773, 0.8715942556523221807 ) ) ;
#5268 = CARTESIAN_POINT ( 'NONE',  ( 1.006430356249998326, 10.23437500061451466, -0.5810628371015497118 ) ) ;
#5269 = CARTESIAN_POINT ( 'NONE',  ( 0.3349364905389005664, 2.948653811796698054, -1.250000000000000000 ) ) ;
#5270 = ADVANCED_FACE ( 'NONE', ( #3171, #5182 ), #3234, .F. ) ;
#5271 = CARTESIAN_POINT ( 'NONE',  ( 0.6249999999999974465, 6.531250001229031987, -1.082531754730548856 ) ) ;
#5272 = CARTESIAN_POINT ( 'NONE',  ( -1.969845607676301195E-15, 3.559375000614515283, -1.162125674203096093 ) ) ;
#5273 = ORIENTED_EDGE ( 'NONE', *, *, #1213, .T. ) ;
#5274 = ORIENTED_EDGE ( 'NONE', *, *, #1565, .T. ) ;
#5275 = CARTESIAN_POINT ( 'NONE',  ( 1.006430356249999658, 1.759375000614515461, -9.819791222584817478E-16 ) ) ;
#5276 = CARTESIAN_POINT ( 'NONE',  ( 1.827526258964323273E-15, 2.884375000614515905, 1.162125674203096093 ) ) ;
#5277 = CARTESIAN_POINT ( 'NONE',  ( 1.249999999999999334, 5.499999999999998224, 0.000000000000000000 ) ) ;
#5278 = EDGE_CURVE ( 'NONE', #4803, #1921, #2299, .T. ) ;
#5279 = FACE_OUTER_BOUND ( 'NONE', #880, .T. ) ;
#5280 = CARTESIAN_POINT ( 'NONE',  ( -1.249999999999998224, 8.968750001229031099, 0.7216878364870340512 ) ) ;
#5281 = CARTESIAN_POINT ( 'NONE',  ( -1.969845607676301195E-15, 7.159375000614515372, -1.162125674203096093 ) ) ;
#5282 = CARTESIAN_POINT ( 'NONE',  ( 1.006430356249998770, 6.296875000614514661, -0.5810628371015489346 ) ) ;
#5283 = LINE ( 'NONE', #4284, #5171 ) ;
#5284 = CARTESIAN_POINT ( 'NONE',  ( 0.2945506508358031184, 0.1606380883087760447, 1.052431476792025755 ) ) ;
#5285 =( BOUNDED_CURVE ( )  B_SPLINE_CURVE ( 2, ( #256, #1799, #3684, #1739, #5066, #222, #1261, #2669, #4094 ),
 .UNSPECIFIED., .F., .T. ) 
 B_SPLINE_CURVE_WITH_KNOTS ( ( 3, 2, 2, 2, 3 ),
 ( 0.2661290322580645018, 0.2688172043010752521, 0.2741935483870967527, 0.2795698924731182533, 0.2822580645161290036 ),
 .UNSPECIFIED. ) 
 CURVE ( )  GEOMETRIC_REPRESENTATION_ITEM ( )  RATIONAL_B_SPLINE_CURVE ( ( 0.9330127018922194093, 0.9330127018922194093, 1.000000000000000000, 0.8660254037844387076, 1.000000000000000000, 0.8660254037844387076, 1.000000000000000000, 0.9330127018922199644, 0.9330127018922191873 ) ) 
 REPRESENTATION_ITEM ( '' )  );
#5286 = CARTESIAN_POINT ( 'NONE',  ( -4.938688641342514686E-16, 5.837499999999996803, 1.249999999999999334 ) ) ;
#5287 = CARTESIAN_POINT ( 'NONE',  ( -3.195622062045156678E-15, 2.462499999999998579, -1.249999999999999112 ) ) ;
#5288 = DIRECTION ( 'NONE',  ( 0.000000000000000000, -0.6546536707079769757, -0.7559289460184546172 ) ) ;
#5289 = ORIENTED_EDGE ( 'NONE', *, *, #2413, .T. ) ;
#5290 = CARTESIAN_POINT ( 'NONE',  ( 1.005296160080523915, 12.00000000000000178, -0.04776706510613754758 ) ) ;
#5291 = CARTESIAN_POINT ( 'NONE',  ( 1.249999999999999112, 1.862499999999998712, 0.7216878364870323859 ) ) ;
#5292 = DIRECTION ( 'NONE',  ( 0.000000000000000000, 0.000000000000000000, -1.000000000000000000 ) ) ;
#5293 = CARTESIAN_POINT ( 'NONE',  ( 1.827526258964323273E-15, 10.98437500061451466, 1.162125674203096093 ) ) ;
#5294 = CARTESIAN_POINT ( 'NONE',  ( -1.006430356249999658, -0.2656249993854842839, 8.587269508238526152E-16 ) ) ;
#5295 = VERTEX_POINT ( 'NONE', #1918 ) ;
#5296 = CARTESIAN_POINT ( 'NONE',  ( 0.5032151781249990519, 4.534375000614515372, -0.8715942556523228468 ) ) ;
#5297 = CARTESIAN_POINT ( 'NONE',  ( 2.236935443431609674E-15, 3.193750001229032520, 1.249999999999999556 ) ) ;
#5298 = CARTESIAN_POINT ( 'NONE',  ( 0.5032151781249990519, 6.784375000614515372, -0.8715942556523228468 ) ) ;
#5299 = CARTESIAN_POINT ( 'NONE',  ( -0.5032151781250009392, 10.34687500061451360, -0.8715942556523212925 ) ) ;
#5300 = CARTESIAN_POINT ( 'NONE',  ( 1.249999999999999334, 0.9999999999999986677, 0.000000000000000000 ) ) ;
#5301 = CARTESIAN_POINT ( 'NONE',  ( 1.743066579297358255E-16, 7.412499999999996980, -1.249999999999999112 ) ) ;
#5302 = CARTESIAN_POINT ( 'NONE',  ( -1.006430356250000324, 3.634375000614515461, -0.5810628371015467142 ) ) ;
#5303 = EDGE_CURVE ( 'NONE', #4836, #1702, #4845, .T. ) ;
#5304 = ORIENTED_EDGE ( 'NONE', *, *, #101, .T. ) ;
#5305 = ORIENTED_EDGE ( 'NONE', *, *, #4590, .T. ) ;
#5306 = CARTESIAN_POINT ( 'NONE',  ( -0.5032151781250003841, 0.1093750006145157022, -0.8715942556523218476 ) ) ;
#5307 = CARTESIAN_POINT ( 'NONE',  ( 1.006430356249998326, 2.134375000614515461, -0.5810628371015497118 ) ) ;
#5308 = CARTESIAN_POINT ( 'NONE',  ( -1.249999999999999334, 8.874999999999998224, -1.530808498934190831E-16 ) ) ;
#5309 = LINE ( 'NONE', #1926, #2409 ) ;
#5310 = CARTESIAN_POINT ( 'NONE',  ( -1.249999999999998224, 9.868750001229035007, 0.7216878364870340512 ) ) ;
#5311 = CARTESIAN_POINT ( 'NONE',  ( -1.006430356249999436, 5.471875000614515372, 1.644310252063557226E-15 ) ) ;
#5312 = EDGE_CURVE ( 'NONE', #2969, #3800, #122, .T. ) ;
#5313 = CARTESIAN_POINT ( 'NONE',  ( -1.006430356249999880, 7.346875000614516260, -0.5810628371015476024 ) ) ;
#5314 = CARTESIAN_POINT ( 'NONE',  ( 1.250000000000000444, 10.01875000122903003, 0.7216878364870297213 ) ) ;
#5315 = CARTESIAN_POINT ( 'NONE',  ( 2.236935443431609674E-15, 1.843750001229032653, 1.249999999999999556 ) ) ;
#5316 = LINE ( 'NONE', #1041, #4119 ) ;
#5317 = CARTESIAN_POINT ( 'NONE',  ( 0.5032151781249982747, -0.5281249993854842950, -0.8715942556523229579 ) ) ;
#5318 = CIRCLE ( 'NONE', #664, 1.249999999999999334 ) ;
#5319 = DIRECTION ( 'NONE',  ( -0.000000000000000000, -1.000000000000000000, -0.000000000000000000 ) ) ;
#5320 = ORIENTED_EDGE ( 'NONE', *, *, #320, .T. ) ;
#5321 = EDGE_CURVE ( 'NONE', #1440, #816, #160, .T. ) ;
#5322 = CARTESIAN_POINT ( 'NONE',  ( -1.249999999999999556, 2.162499999999998757, 0.7216878364870313867 ) ) ;
#5323 = CARTESIAN_POINT ( 'NONE',  ( -2.651438096812265438E-16, 0.8874999999999986233, 1.443375672974063439 ) ) ;
#5324 = CARTESIAN_POINT ( 'NONE',  ( 0.000000000000000000, 12.00000000000000000, 0.000000000000000000 ) ) ;
#5325 = CARTESIAN_POINT ( 'NONE',  ( -0.5032151781250009392, 10.34687500061451360, -0.8715942556523212925 ) ) ;
#5326 = CARTESIAN_POINT ( 'NONE',  ( -1.006430356249998992, -0.2281249993854843061, 0.5810628371015487126 ) ) ;
#5327 = ORIENTED_EDGE ( 'NONE', *, *, #1521, .T. ) ;
#5328 = CARTESIAN_POINT ( 'NONE',  ( 0.5032151781249990519, 5.884375000614515017, -0.8715942556523228468 ) ) ;
#5329 = DIRECTION ( 'NONE',  ( -0.000000000000000000, -1.000000000000000000, -0.000000000000000000 ) ) ;
#5330 = CARTESIAN_POINT ( 'NONE',  ( 1.006430356249999658, 8.509375000614515017, -9.819791222584817478E-16 ) ) ;
#5331 = AXIS2_PLACEMENT_3D ( 'NONE', #4053, #3989, #5529 ) ;
#5332 = CARTESIAN_POINT ( 'NONE',  ( 1.006430356249999880, 10.60937500061451466, 0.5810628371015468252 ) ) ;
#5333 = CARTESIAN_POINT ( 'NONE',  ( 1.249999999999999334, 7.356250001229031277, -2.749541545756668106E-15 ) ) ;
#5334 = CARTESIAN_POINT ( 'NONE',  ( 2.236935443431609674E-15, 6.343750001229031987, 1.249999999999999556 ) ) ;
#5335 = CARTESIAN_POINT ( 'NONE',  ( -0.5032151781249986078, 1.946875000614515461, 0.8715942556523228468 ) ) ;
#5336 =( BOUNDED_CURVE ( )  B_SPLINE_CURVE ( 2, ( #542, #4407, #3397, #4878, #1510, #6218, #1901, #6249, #4784 ),
 .UNSPECIFIED., .F., .T. ) 
 B_SPLINE_CURVE_WITH_KNOTS ( ( 3, 2, 2, 2, 3 ),
 ( 0.3467741935483871218, 0.3494623655913978721, 0.3548387096774193727, 0.3602150537634408733, 0.3629032258064516236 ),
 .UNSPECIFIED. ) 
 CURVE ( )  GEOMETRIC_REPRESENTATION_ITEM ( )  RATIONAL_B_SPLINE_CURVE ( ( 0.9330127018922194093, 0.9330127018922194093, 1.000000000000000000, 0.8660254037844387076, 1.000000000000000000, 0.8660254037844387076, 1.000000000000000000, 0.9330127018922194093, 0.9330127018922194093 ) ) 
 REPRESENTATION_ITEM ( '' )  );
#5337 = CARTESIAN_POINT ( 'NONE',  ( 9.204127980810867663E-16, 10.64687500061451608, 1.162125674203096537 ) ) ;
#5338 = LINE ( 'NONE', #177, #2238 ) ;
#5339 = ORIENTED_EDGE ( 'NONE', *, *, #328, .T. ) ;
#5340 = ORIENTED_EDGE ( 'NONE', *, *, #4135, .T. ) ;
#5341 = CARTESIAN_POINT ( 'NONE',  ( 1.006430356249999658, 1.309375000614515505, -9.819791222584817478E-16 ) ) ;
#5342 = CARTESIAN_POINT ( 'NONE',  ( 0.5032151781250004952, 3.371875000614515283, 0.8715942556523216256 ) ) ;
#5343 = CARTESIAN_POINT ( 'NONE',  ( -1.249999999999999334, 8.837499999999998579, -0.7216878364870322748 ) ) ;
#5344 = CARTESIAN_POINT ( 'NONE',  ( -0.6249999999999978906, 11.25625000122903252, 1.082531754730548856 ) ) ;
#5345 = CARTESIAN_POINT ( 'NONE',  ( 1.249999999999998002, 9.643750001229033586, -0.7216878364870344953 ) ) ;
#5346 = CARTESIAN_POINT ( 'NONE',  ( -1.006430356250000324, 6.334375000614515194, -0.5810628371015467142 ) ) ;
#5347 = CARTESIAN_POINT ( 'NONE',  ( 1.006430356249998770, 7.646875000614515194, -0.5810628371015489346 ) ) ;
#5348 = CARTESIAN_POINT ( 'NONE',  ( -4.938688641342514686E-16, 4.937499999999998224, 1.249999999999999334 ) ) ;
#5349 = CARTESIAN_POINT ( 'NONE',  ( -0.3349364905389030089, 5.632596189432331535, -1.249999999999999334 ) ) ;
#5350 = CARTESIAN_POINT ( 'NONE',  ( 1.006430356249998104, -1.015624999385484006, -0.5810628371015496008 ) ) ;
#5351 = ADVANCED_FACE ( 'NONE', ( #4269 ), #2431, .T. ) ;
#5352 = CARTESIAN_POINT ( 'NONE',  ( -0.9999999999999978906, 13.40000000000000036, 0.5773502691896302830 ) ) ;
#5353 = EDGE_LOOP ( 'NONE', ( #1080, #2370, #5245, #3591 ) ) ;
#5354 = DIRECTION ( 'NONE',  ( -0.000000000000000000, -1.000000000000000000, -0.000000000000000000 ) ) ;
#5355 = CARTESIAN_POINT ( 'NONE',  ( -1.249999999999999334, 2.537499999999998312, -0.7216878364870322748 ) ) ;
#5356 = CARTESIAN_POINT ( 'NONE',  ( -1.250000000000000444, 4.393750001229032698, -0.7216878364870296103 ) ) ;
#5357 = CARTESIAN_POINT ( 'NONE',  ( -0.6250000000000002220, 10.75000000000000000, 1.082531754730547746 ) ) ;
#5358 = EDGE_CURVE ( 'NONE', #4231, #3600, #991, .T. ) ;
#5359 = CARTESIAN_POINT ( 'NONE',  ( 1.006430356249998104, 9.334375000614512530, -0.5810628371015496008 ) ) ;
#5360 = CARTESIAN_POINT ( 'NONE',  ( -0.5032151781249986078, 12.29687500061451466, 0.8715942556523228468 ) ) ;
#5361 = AXIS2_PLACEMENT_3D ( 'NONE', #1616, #106, #3566 ) ;
#5362 = EDGE_LOOP ( 'NONE', ( #5192, #822, #2184, #2193 ) ) ;
#5363 = CARTESIAN_POINT ( 'NONE',  ( 9.204127980810867663E-16, 7.046875000614515550, 1.162125674203096537 ) ) ;
#5364 =( BOUNDED_CURVE ( )  B_SPLINE_CURVE ( 2, ( #5379, #1067, #5880, #4877, #541, #4942, #5440, #2920, #2055 ),
 .UNSPECIFIED., .F., .T. ) 
 B_SPLINE_CURVE_WITH_KNOTS ( ( 3, 2, 2, 2, 3 ),
 ( 0.7338709677419354982, 0.7365591397849462485, 0.7419354838709677491, 0.7473118279569892497, 0.7500000000000000000 ),
 .UNSPECIFIED. ) 
 CURVE ( )  GEOMETRIC_REPRESENTATION_ITEM ( )  RATIONAL_B_SPLINE_CURVE ( ( 0.9330127018922194093, 0.9330127018922194093, 1.000000000000000000, 0.8660254037844387076, 1.000000000000000000, 0.8660254037844387076, 1.000000000000000000, 0.9330127018922194093, 0.9330127018922194093 ) ) 
 REPRESENTATION_ITEM ( '' )  );
#5365 = CARTESIAN_POINT ( 'NONE',  ( -0.7071246242976264584, 0.1677603257430602401, -0.8390408997439073868 ) ) ;
#5366 = CARTESIAN_POINT ( 'NONE',  ( -1.062732146793064491E-15, 7.721875000614516260, -1.162125674203096537 ) ) ;
#5367 = CARTESIAN_POINT ( 'NONE',  ( 1.006430356249998326, 11.13437500061451502, -0.5810628371015497118 ) ) ;
#5368 = CARTESIAN_POINT ( 'NONE',  ( -0.6250000000000002220, 9.849999999999997868, 1.082531754730547746 ) ) ;
#5369 = CARTESIAN_POINT ( 'NONE',  ( 1.827526258964323273E-15, 1.984375000614515328, 1.162125674203096093 ) ) ;
#5370 = CARTESIAN_POINT ( 'NONE',  ( -0.5032151781249993849, 11.50937500061451502, 0.8715942556523227358 ) ) ;
#5371 = ORIENTED_EDGE ( 'NONE', *, *, #4356, .T. ) ;
#5372 = CARTESIAN_POINT ( 'NONE',  ( 1.006430356249998770, -0.003124999385484272807, -0.5810628371015489346 ) ) ;
#5373 = CARTESIAN_POINT ( 'NONE',  ( 1.006430356249998326, 3.484375000614515994, -0.5810628371015497118 ) ) ;
#5374 = CARTESIAN_POINT ( 'NONE',  ( 1.249999999999999334, 8.649999999999998579, 0.000000000000000000 ) ) ;
#5375 = CARTESIAN_POINT ( 'NONE',  ( 0.000000000000000000, 12.00000000000000000, 0.000000000000000000 ) ) ;
#5376 = CARTESIAN_POINT ( 'NONE',  ( -1.249999999999999334, 10.28125000122903288, 2.596460695863248776E-15 ) ) ;
#5377 = CARTESIAN_POINT ( 'NONE',  ( 1.827526258964323273E-15, 7.384375000614515017, 1.162125674203096093 ) ) ;
#5378 = CARTESIAN_POINT ( 'NONE',  ( 1.006430356249998770, 9.446875000614515017, -0.5810628371015489346 ) ) ;
#5379 = CARTESIAN_POINT ( 'NONE',  ( -4.938688641342514686E-16, 9.437499999999996447, 1.249999999999999334 ) ) ;
#5380 = CARTESIAN_POINT ( 'NONE',  ( -3.195622062045156678E-15, 2.462499999999998579, -1.249999999999999112 ) ) ;
#5381 = DIRECTION ( 'NONE',  ( 0.000000000000000000, 1.000000000000000000, 0.000000000000000000 ) ) ;
#5382 = CARTESIAN_POINT ( 'NONE',  ( -1.969845607676301195E-15, 2.209375000614515638, -1.162125674203096093 ) ) ;
#5383 = DIRECTION ( 'NONE',  ( -0.000000000000000000, -1.000000000000000000, -0.000000000000000000 ) ) ;
#5384 = VERTEX_POINT ( 'NONE', #6176 ) ;
#5385 = EDGE_CURVE ( 'NONE', #1050, #3792, #4393, .T. ) ;
#5386 = CARTESIAN_POINT ( 'NONE',  ( 0.6249999999999987788, 6.774999999999997691, 1.082531754730548412 ) ) ;
#5387 = CARTESIAN_POINT ( 'NONE',  ( 0.6249999999999997780, 2.874999999999998668, -1.082531754730547746 ) ) ;
#5388 = CARTESIAN_POINT ( 'NONE',  ( 1.249999999999998002, 5.593750001229031987, -0.7216878364870344953 ) ) ;
#5389 = DIRECTION ( 'NONE',  ( 0.000000000000000000, 1.000000000000000000, 0.000000000000000000 ) ) ;
#5390 = CARTESIAN_POINT ( 'NONE',  ( 0.9999999999999993339, 14.35000000000000497, -0.5773502691896267303 ) ) ;
#5391 = CARTESIAN_POINT ( 'NONE',  ( -1.006430356249999436, 12.67187500061451466, 1.644310252063557226E-15 ) ) ;
#5392 = VERTEX_POINT ( 'NONE', #1465 ) ;
#5393 = CARTESIAN_POINT ( 'NONE',  ( -0.5032151781250003841, 7.309375000614514839, -0.8715942556523218476 ) ) ;
#5394 = EDGE_CURVE ( 'NONE', #5636, #2303, #4863, .T. ) ;
#5395 = CARTESIAN_POINT ( 'NONE',  ( -1.004631816868690297, 0.2131262215866672749, -0.5027597611687186774 ) ) ;
#5396 = CARTESIAN_POINT ( 'NONE',  ( -1.006430356249998992, 8.771875000614514306, 0.5810628371015487126 ) ) ;
#5397 = CARTESIAN_POINT ( 'NONE',  ( 0.5032151781249982747, 11.62187500061451395, -0.8715942556523229579 ) ) ;
#5398 = CARTESIAN_POINT ( 'NONE',  ( -0.6250000000000017764, 8.406250001229031099, -1.082531754730546636 ) ) ;
#5399 = CARTESIAN_POINT ( 'NONE',  ( 1.249999999999998002, 1.093750001229032653, -0.7216878364870344953 ) ) ;
#5400 = CARTESIAN_POINT ( 'NONE',  ( 1.006430356249999880, 5.209375000614516971, 0.5810628371015469362 ) ) ;
#5401 = CARTESIAN_POINT ( 'NONE',  ( 1.006430356249999658, 10.27187500061451253, 0.5810628371015478244 ) ) ;
#5402 = PLANE ( 'NONE',  #3463 ) ;
#5403 = EDGE_CURVE ( 'NONE', #1317, #1921, #5774, .T. ) ;
#5404 = CARTESIAN_POINT ( 'NONE',  ( 1.006430356249999658, 0.3718750006145156162, 0.5810628371015478244 ) ) ;
#5405 = CARTESIAN_POINT ( 'NONE',  ( 1.006430356249999880, 5.659375000614515372, 0.5810628371015468252 ) ) ;
#5406 = CARTESIAN_POINT ( 'NONE',  ( 1.249999999999999112, 9.512499999999995737, 0.7216878364870323859 ) ) ;
#5407 = CARTESIAN_POINT ( 'NONE',  ( 1.249999999999999334, 3.287499999999998757, -0.7216878364870317197 ) ) ;
#5408 = CARTESIAN_POINT ( 'NONE',  ( 2.909753293500117656E-15, 8.593750001229031099, 1.443375672974063439 ) ) ;
#5409 = CARTESIAN_POINT ( 'NONE',  ( 0.5032151781249990519, 7.684375000614514839, -0.8715942556523228468 ) ) ;
#5410 = CARTESIAN_POINT ( 'NONE',  ( 1.249999999999999334, 4.656250001229031987, -2.749541545756668106E-15 ) ) ;
#5411 = CARTESIAN_POINT ( 'NONE',  ( 0.000000000000000000, 14.34999999999999964, 0.000000000000000000 ) ) ;
#5412 = CARTESIAN_POINT ( 'NONE',  ( 0.4165268634652253832, 0.04972897084507122561, -0.9538711787011581178 ) ) ;
#5413 = CARTESIAN_POINT ( 'NONE',  ( 1.006430356249999436, 1.646875000614515416, -1.767562423498186358E-15 ) ) ;
#5414 = CARTESIAN_POINT ( 'NONE',  ( 1.249999999999999334, 0.6062500012290329421, -2.749541545756668106E-15 ) ) ;
#5415 = ORIENTED_EDGE ( 'NONE', *, *, #58, .T. ) ;
#5416 = CARTESIAN_POINT ( 'NONE',  ( -1.006430356249998992, 0.6718750006145155496, 0.5810628371015487126 ) ) ;
#5417 = DIRECTION ( 'NONE',  ( 0.000000000000000000, 0.000000000000000000, -1.000000000000000000 ) ) ;
#5418 = CARTESIAN_POINT ( 'NONE',  ( 0.6249999999999987788, 2.724999999999998312, 1.082531754730548412 ) ) ;
#5419 = CARTESIAN_POINT ( 'NONE',  ( 0.6249999999999974465, 4.731250001229033053, -1.082531754730548856 ) ) ;
#5420 = DIRECTION ( 'NONE',  ( -0.000000000000000000, -1.000000000000000000, -0.000000000000000000 ) ) ;
#5421 = CARTESIAN_POINT ( 'NONE',  ( 0.5032151781250004952, 11.47187500061451537, 0.8715942556523216256 ) ) ;
#5422 = ORIENTED_EDGE ( 'NONE', *, *, #137, .T. ) ;
#5423 = COLOUR_RGB ( '',0.6509803921568627638, 0.6196078431372549211, 0.5882352941176470784 ) ;
#5424 = CARTESIAN_POINT ( 'NONE',  ( -1.062732146793064886E-15, 5.921875000614515550, -1.162125674203096537 ) ) ;
#5425 = CARTESIAN_POINT ( 'NONE',  ( 1.530808498934190831E-16, 12.00000000000000000, 1.249999999999999334 ) ) ;
#5426 = CARTESIAN_POINT ( 'NONE',  ( -1.006430356249999880, 10.49687500061451395, -0.5810628371015476024 ) ) ;
#5427 = CARTESIAN_POINT ( 'NONE',  ( 0.3349364905389021208, 1.148653811796698676, -1.249999999999999556 ) ) ;
#5428 = CARTESIAN_POINT ( 'NONE',  ( 0.6249999999999974465, -1.118749998770967036, -1.082531754730548856 ) ) ;
#5429 = CARTESIAN_POINT ( 'NONE',  ( 0.5032151781249982747, 6.221875000614515372, -0.8715942556523229579 ) ) ;
#5430 = CARTESIAN_POINT ( 'NONE',  ( -1.006430356249999880, 11.84687500061451537, -0.5810628371015474913 ) ) ;
#5431 = CARTESIAN_POINT ( 'NONE',  ( -1.062732146793064886E-15, 0.07187500061451571054, -1.162125674203096537 ) ) ;
#5432 = CIRCLE ( 'NONE', #4738, 2.250000000000000000 ) ;
#5433 = CARTESIAN_POINT ( 'NONE',  ( 0.5032151781249999400, 2.584375000614515194, 0.8715942556523221807 ) ) ;
#5434 = CARTESIAN_POINT ( 'NONE',  ( 1.827526258964323273E-15, 5.584375000614515194, 1.162125674203096093 ) ) ;
#5435 = CARTESIAN_POINT ( 'NONE',  ( -1.249999999999999334, 9.324999999999995737, -1.530808498934190831E-16 ) ) ;
#5436 = CARTESIAN_POINT ( 'NONE',  ( 0.000000000000000000, 12.00000000000000000, -1.249999999999999334 ) ) ;
#5437 = CARTESIAN_POINT ( 'NONE',  ( -0.6249999999999978906, 11.25625000122903252, 1.082531754730548856 ) ) ;
#5438 = EDGE_CURVE ( 'NONE', #2109, #5024, #6206, .T. ) ;
#5439 = CARTESIAN_POINT ( 'NONE',  ( -1.062732146793064886E-15, 7.721875000614516260, -1.162125674203096537 ) ) ;
#5440 = CARTESIAN_POINT ( 'NONE',  ( 0.6249999999999997780, 9.624999999999998224, -1.082531754730547746 ) ) ;
#5441 = CARTESIAN_POINT ( 'NONE',  ( -4.938688641342514686E-16, 6.737499999999997158, 1.249999999999999334 ) ) ;
#5442 = CARTESIAN_POINT ( 'NONE',  ( 1.250000000000000444, 8.218750001229031099, 0.7216878364870297213 ) ) ;
#5443 = CARTESIAN_POINT ( 'NONE',  ( -1.006430356249998548, 0.5593750006145156162, 0.5810628371015493787 ) ) ;
#5444 = CARTESIAN_POINT ( 'NONE',  ( 2.236935443431609674E-15, 1.393750001229032920, 1.249999999999999556 ) ) ;
#5445 = ORIENTED_EDGE ( 'NONE', *, *, #3665, .T. ) ;
#5446 = CARTESIAN_POINT ( 'NONE',  ( 0.5032151781249999400, 0.7843750006145154829, 0.8715942556523221807 ) ) ;
#5447 = DIRECTION ( 'NONE',  ( -0.000000000000000000, -1.000000000000000000, -0.000000000000000000 ) ) ;
#5448 = CARTESIAN_POINT ( 'NONE',  ( -1.249999999999999334, 4.824999999999998401, -1.530808498934190831E-16 ) ) ;
#5449 = CARTESIAN_POINT ( 'NONE',  ( 1.249999999999998002, 3.343750001229032875, -0.7216878364870344953 ) ) ;
#5450 = CARTESIAN_POINT ( 'NONE',  ( 0.000000000000000000, 12.00000000000000000, 0.000000000000000000 ) ) ;
#5451 = CARTESIAN_POINT ( 'NONE',  ( -1.969845607676301195E-15, 11.65937500061451360, -1.162125674203096093 ) ) ;
#5452 = ORIENTED_EDGE ( 'NONE', *, *, #1557, .T. ) ;
#5453 = CARTESIAN_POINT ( 'NONE',  ( 9.204127980810867663E-16, 5.246875000614515727, 1.162125674203096537 ) ) ;
#5454 = LINE ( 'NONE', #1655, #3753 ) ;
#5455 = CARTESIAN_POINT ( 'NONE',  ( 1.006430356249999658, 11.20937500061451608, -9.819791222584817478E-16 ) ) ;
#5456 = CARTESIAN_POINT ( 'NONE',  ( -1.000000000000000444, 13.40000000000000036, 0.5773502691896261751 ) ) ;
#5457 = AXIS2_PLACEMENT_3D ( 'NONE', #2096, #3088, #2035 ) ;
#5458 = CARTESIAN_POINT ( 'NONE',  ( 0.6250000000000012212, 0.08125000122903287825, 1.082531754730547080 ) ) ;
#5459 = CARTESIAN_POINT ( 'NONE',  ( -0.5032151781250009392, 5.396875000614515194, -0.8715942556523212925 ) ) ;
#5460 = CARTESIAN_POINT ( 'NONE',  ( -1.062732146793064886E-15, 11.77187500061451253, -1.162125674203096537 ) ) ;
#5461 = CARTESIAN_POINT ( 'NONE',  ( -1.250000000000000444, 3.493750001229032787, -0.7216878364870294993 ) ) ;
#5462 = CARTESIAN_POINT ( 'NONE',  ( -1.006430356249998992, 3.371875000614515283, 0.5810628371015487126 ) ) ;
#5463 = EDGE_CURVE ( 'NONE', #3345, #6040, #463, .T. ) ;
#5464 = CARTESIAN_POINT ( 'NONE',  ( -0.5032151781249986078, 4.646875000614515194, 0.8715942556523228468 ) ) ;
#5465 = CARTESIAN_POINT ( 'NONE',  ( 8.838126989374219771E-17, 10.56249999999999822, -1.443375672974063439 ) ) ;
#5466 = CARTESIAN_POINT ( 'NONE',  ( -2.614599868946037210E-15, 9.718750001229031099, -1.249999999999999334 ) ) ;
#5467 = CARTESIAN_POINT ( 'NONE',  ( 1.250000000000000444, 11.36875000122902968, 0.7216878364870298324 ) ) ;
#5468 = CARTESIAN_POINT ( 'NONE',  ( 1.006430356249999658, 8.921875000614514661, 0.5810628371015478244 ) ) ;
#5469 = CYLINDRICAL_SURFACE ( 'NONE', #2978, 1.249999999999999334 ) ;
#5470 = ADVANCED_FACE ( 'NONE', ( #3448 ), #2976, .T. ) ;
#5471 = CARTESIAN_POINT ( 'NONE',  ( -2.614599868946037210E-15, 11.51875000122903003, -1.249999999999999334 ) ) ;
#5472 = CARTESIAN_POINT ( 'NONE',  ( 0.9999999999999993339, 13.40000000000000036, 0.5773502691896267303 ) ) ;
#5473 = CARTESIAN_POINT ( 'NONE',  ( 1.006430356249999880, 0.7093750006145156384, 0.5810628371015469362 ) ) ;
#5474 = CARTESIAN_POINT ( 'NONE',  ( 1.743066579297358255E-16, 3.362499999999998490, -1.249999999999999112 ) ) ;
#5475 = ORIENTED_EDGE ( 'NONE', *, *, #5731, .T. ) ;
#5476 = CARTESIAN_POINT ( 'NONE',  ( -1.006430356249999880, 2.846875000614515372, -0.5810628371015476024 ) ) ;
#5477 = CARTESIAN_POINT ( 'NONE',  ( -1.249999999999999556, 3.962499999999998135, 0.7216878364870313867 ) ) ;
#5478 = CARTESIAN_POINT ( 'NONE',  ( -2.651438096812265438E-16, 3.137499999999999289, 1.443375672974063439 ) ) ;
#5479 = CARTESIAN_POINT ( 'NONE',  ( 2.909753293500117656E-15, 4.993750001229032343, 1.443375672974063439 ) ) ;
#5480 = CARTESIAN_POINT ( 'NONE',  ( -0.3349364905389057290, 11.53884619066136352, -1.249999999999998668 ) ) ;
#5481 = CARTESIAN_POINT ( 'NONE',  ( -1.006430356249999436, 12.22187500061451360, 1.644310252063557226E-15 ) ) ;
#5482 = VERTEX_POINT ( 'NONE', #3383 ) ;
#5483 = CARTESIAN_POINT ( 'NONE',  ( -1.006430356249999658, 9.634375000614516793, 8.587269508238526152E-16 ) ) ;
#5484 = VECTOR ( 'NONE', #2324, 1000.000000000000000 ) ;
#5485 = CARTESIAN_POINT ( 'NONE',  ( 2.755455298081544285E-16, 14.34999999999999964, 2.250000000000000000 ) ) ;
#5486 = CARTESIAN_POINT ( 'NONE',  ( -0.5032151781250003841, 10.45937500061451608, -0.8715942556523218476 ) ) ;
#5487 = CARTESIAN_POINT ( 'NONE',  ( 1.249999999999999334, 4.599999999999997868, 0.000000000000000000 ) ) ;
#5488 = CARTESIAN_POINT ( 'NONE',  ( 1.249999999999999334, -0.7437499987709670357, -2.749541545756668106E-15 ) ) ;
#5489 = CARTESIAN_POINT ( 'NONE',  ( -1.006430356250000324, 4.534375000614515372, -0.5810628371015467142 ) ) ;
#5490 = CARTESIAN_POINT ( 'NONE',  ( 0.5032151781250004952, 7.421875000614515550, 0.8715942556523216256 ) ) ;
#5491 = ORIENTED_EDGE ( 'NONE', *, *, #101, .F. ) ;
#5492 = CARTESIAN_POINT ( 'NONE',  ( -0.5032151781250003841, 0.5593750006145156162, -0.8715942556523218476 ) ) ;
#5493 = CARTESIAN_POINT ( 'NONE',  ( 9.204127980810863719E-16, 2.996875000614515283, 1.162125674203096537 ) ) ;
#5494 = CARTESIAN_POINT ( 'NONE',  ( 0.5032151781249982747, 4.421875000614515550, -0.8715942556523229579 ) ) ;
#5495 = CARTESIAN_POINT ( 'NONE',  ( -2.651438096812265438E-16, 9.887499999999995737, 1.443375672974063439 ) ) ;
#5496 = CARTESIAN_POINT ( 'NONE',  ( -0.5032151781250009392, -0.9031249993854842950, -0.8715942556523212925 ) ) ;
#5497 = CARTESIAN_POINT ( 'NONE',  ( 0.5032151781249990519, 9.484375000614514661, -0.8715942556523228468 ) ) ;
#5498 = CARTESIAN_POINT ( 'NONE',  ( 1.530808498934191571E-16, 0.4500000000000000111, -1.250000000000000000 ) ) ;
#5499 = DIRECTION ( 'NONE',  ( 0.000000000000000000, 0.000000000000000000, 1.000000000000000000 ) ) ;
#5500 = CYLINDRICAL_SURFACE ( 'NONE', #1584, 1.249999999999999334 ) ;
#5501 = CARTESIAN_POINT ( 'NONE',  ( 1.006430356249998104, 1.684375000614515505, -0.5810628371015496008 ) ) ;
#5502 =( LENGTH_UNIT ( ) NAMED_UNIT ( * ) SI_UNIT ( .MILLI., .METRE. ) );
#5503 = ADVANCED_FACE ( 'NONE', ( #1856 ), #1398, .F. ) ;
#5504 = VERTEX_POINT ( 'NONE', #1111 ) ;
#5505 = CARTESIAN_POINT ( 'NONE',  ( 0.5032151781249990519, 0.4843750006145156051, -0.8715942556523228468 ) ) ;
#5506 = CARTESIAN_POINT ( 'NONE',  ( -0.3349364905389035640, 10.31740381056766331, 1.249999999999999112 ) ) ;
#5507 = APPLICATION_CONTEXT ( 'automotive_design' ) ;
#5508 = CARTESIAN_POINT ( 'NONE',  ( 8.838126989374219771E-17, 4.262499999999998401, -1.443375672974063439 ) ) ;
#5509 = FACE_OUTER_BOUND ( 'NONE', #2880, .T. ) ;
#5510 = CARTESIAN_POINT ( 'NONE',  ( 0.6250000000000012212, 7.731250001229032165, 1.082531754730547080 ) ) ;
#5511 = CARTESIAN_POINT ( 'NONE',  ( -1.249999999999999112, 11.53749999999999964, -0.7216878364870322748 ) ) ;
#5512 = CARTESIAN_POINT ( 'NONE',  ( -1.250000000000000444, 5.293750001229033053, -0.7216878364870294993 ) ) ;
#5513 = EDGE_CURVE ( 'NONE', #4977, #4578, #4901, .T. ) ;
#5514 = VERTEX_POINT ( 'NONE', #3060 ) ;
#5515 = CARTESIAN_POINT ( 'NONE',  ( 0.5032151781249999400, 9.334375000614514306, 0.8715942556523221807 ) ) ;
#5516 = DIRECTION ( 'NONE',  ( 0.8660254037844385966, 0.000000000000000000, 0.5000000000000001110 ) ) ;
#5517 = CARTESIAN_POINT ( 'NONE',  ( 9.204127980810863719E-16, 9.296875000614514661, 1.162125674203096537 ) ) ;
#5518 = LINE ( 'NONE', #236, #1744 ) ;
#5519 = CARTESIAN_POINT ( 'NONE',  ( 1.249999999999998002, -0.2562499987709669913, -0.7216878364870344953 ) ) ;
#5520 = CARTESIAN_POINT ( 'NONE',  ( 1.006430356249999880, 4.759375000614515905, 0.5810628371015469362 ) ) ;
#5521 = CARTESIAN_POINT ( 'NONE',  ( -1.006430356249998548, 8.209375000614516082, 0.5810628371015493787 ) ) ;
#5522 = CONICAL_SURFACE ( 'NONE', #5222, 1.250000000000000000, 0.5235987755983033676 ) ;
#5523 = ORIENTED_EDGE ( 'NONE', *, *, #2654, .F. ) ;
#5524 = CARTESIAN_POINT ( 'NONE',  ( 9.204127980810867663E-16, 0.2968750006145156606, 1.162125674203096537 ) ) ;
#5525 = CARTESIAN_POINT ( 'NONE',  ( -0.5032151781249993849, 4.309375000614514839, 0.8715942556523227358 ) ) ;
#5526 =( BOUNDED_CURVE ( )  B_SPLINE_CURVE ( 2, ( #5105, #1360, #6101, #4600, #3723, #3186, #762, #5140, #354 ),
 .UNSPECIFIED., .F., .T. ) 
 B_SPLINE_CURVE_WITH_KNOTS ( ( 3, 2, 2, 2, 3 ),
 ( 0.5080645161290322509, 0.5107526881720430012, 0.5161290322580645018, 0.5215053763440860024, 0.5241935483870967527 ),
 .UNSPECIFIED. ) 
 CURVE ( )  GEOMETRIC_REPRESENTATION_ITEM ( )  RATIONAL_B_SPLINE_CURVE ( ( 0.9330127018922194093, 0.9330127018922194093, 1.000000000000000000, 0.8660254037844387076, 1.000000000000000000, 0.8660254037844387076, 1.000000000000000000, 0.9330127018922194093, 0.9330127018922194093 ) ) 
 REPRESENTATION_ITEM ( '' )  );
#5527 = CARTESIAN_POINT ( 'NONE',  ( 1.006430356249999880, 4.759375000614515017, 0.5810628371015468252 ) ) ;
#5528 = CARTESIAN_POINT ( 'NONE',  ( 0.6249999999999997780, 10.97499999999999787, -1.082531754730547746 ) ) ;
#5529 = DIRECTION ( 'NONE',  ( 0.000000000000000000, 0.000000000000000000, -1.000000000000000000 ) ) ;
#5530 = CARTESIAN_POINT ( 'NONE',  ( -3.086515833287601756E-15, 11.06875000122903430, -1.443375672974063439 ) ) ;
#5531 = CARTESIAN_POINT ( 'NONE',  ( 1.006430356249998770, 12.14687500061451253, -0.5810628371015489346 ) ) ;
#5532 = DIRECTION ( 'NONE',  ( -0.000000000000000000, -1.000000000000000000, -0.000000000000000000 ) ) ;
#5533 = CARTESIAN_POINT ( 'NONE',  ( -1.249999999999999334, 3.081250001229032254, 2.596460695863248776E-15 ) ) ;
#5534 = VECTOR ( 'NONE', #2176, 999.9999999999998863 ) ;
#5535 = CARTESIAN_POINT ( 'NONE',  ( 0.000000000000000000, 0.4500000000000000111, 1.250000000000000000 ) ) ;
#5536 = CARTESIAN_POINT ( 'NONE',  ( -1.969845607676301195E-15, 3.559375000614515283, -1.162125674203096093 ) ) ;
#5537 = CARTESIAN_POINT ( 'NONE',  ( -4.938688641342514686E-16, 8.987499999999998934, 1.249999999999999334 ) ) ;
#5538 =( BOUNDED_CURVE ( )  B_SPLINE_CURVE ( 2, ( #4134, #1269, #2192, #2162, #1329, #1300, #3629, #6130, #1236 ),
 .UNSPECIFIED., .F., .T. ) 
 B_SPLINE_CURVE_WITH_KNOTS ( ( 3, 2, 2, 2, 3 ),
 ( 0.8467741935483871218, 0.8494623655913978721, 0.8548387096774193727, 0.8602150537634408733, 0.8629032258064516236 ),
 .UNSPECIFIED. ) 
 CURVE ( )  GEOMETRIC_REPRESENTATION_ITEM ( )  RATIONAL_B_SPLINE_CURVE ( ( 0.9330127018922194093, 0.9330127018922194093, 1.000000000000000000, 0.8660254037844387076, 1.000000000000000000, 0.8660254037844387076, 1.000000000000000000, 0.9330127018922194093, 0.9330127018922194093 ) ) 
 REPRESENTATION_ITEM ( '' )  );
#5539 = VERTEX_POINT ( 'NONE', #3944 ) ;
#5540 = CARTESIAN_POINT ( 'NONE',  ( -1.006430356249998992, 1.571875000614515683, 0.5810628371015487126 ) ) ;
#5541 = AXIS2_PLACEMENT_3D ( 'NONE', #5132, #5098, #4126 ) ;
#5542 = CARTESIAN_POINT ( 'NONE',  ( -2.614599868946037210E-15, 9.268750001229031810, -1.249999999999999334 ) ) ;
#5543 = CARTESIAN_POINT ( 'NONE',  ( 0.6249999999999987788, 5.874999999999998224, 1.082531754730548412 ) ) ;
#5544 = EDGE_CURVE ( 'NONE', #3865, #5504, #5318, .T. ) ;
#5545 = CARTESIAN_POINT ( 'NONE',  ( 1.006430356249998326, 11.58437500061451608, -0.5810628371015497118 ) ) ;
#5546 = CARTESIAN_POINT ( 'NONE',  ( 1.250000000000000444, 7.768750001229032698, 0.7216878364870298324 ) ) ;
#5547 = CARTESIAN_POINT ( 'NONE',  ( 1.249999999999997780, 6.043750001229033053, -0.7216878364870343843 ) ) ;
#5548 = CARTESIAN_POINT ( 'NONE',  ( 0.8317739809519348881, 12.00000000000001243, 0.5817252484049899586 ) ) ;
#5549 = VERTEX_POINT ( 'NONE', #5390 ) ;
#5550 = CARTESIAN_POINT ( 'NONE',  ( -1.006430356249999880, 7.796875000614514661, -0.5810628371015474913 ) ) ;
#5551 = CARTESIAN_POINT ( 'NONE',  ( 0.6249999999999974465, 1.581250001229032698, -1.082531754730548856 ) ) ;
#5552 = CARTESIAN_POINT ( 'NONE',  ( 1.006430356249999658, 10.27187500061451253, 0.5810628371015478244 ) ) ;
#5553 = ADVANCED_FACE ( 'NONE', ( #4005 ), #3977, .T. ) ;
#5554 = CARTESIAN_POINT ( 'NONE',  ( -0.1620184727598132923, 0.02812500184355216579, -1.006430356254417458 ) ) ;
#5555 = CARTESIAN_POINT ( 'NONE',  ( 1.249999999999999334, 1.506250001229032742, -2.749541545756668106E-15 ) ) ;
#5556 = CARTESIAN_POINT ( 'NONE',  ( -1.006430356249998548, 8.209375000614516082, 0.5810628371015493787 ) ) ;
#5557 = CARTESIAN_POINT ( 'NONE',  ( 1.006430356249998104, 9.334375000614512530, -0.5810628371015496008 ) ) ;
#5558 = ORIENTED_EDGE ( 'NONE', *, *, #3154, .F. ) ;
#5559 = CARTESIAN_POINT ( 'NONE',  ( 0.5032151781249999400, 2.134375000614515461, 0.8715942556523221807 ) ) ;
#5560 = CARTESIAN_POINT ( 'NONE',  ( -1.006430356249999658, 2.434375000614515283, 8.587269508238524180E-16 ) ) ;
#5561 = CARTESIAN_POINT ( 'NONE',  ( -0.5032151781250009392, 7.196875000614515017, -0.8715942556523212925 ) ) ;
#5562 = CARTESIAN_POINT ( 'NONE',  ( -0.6249999999999993339, 11.94999999999999929, -1.082531754730547968 ) ) ;
#5563 = DIRECTION ( 'NONE',  ( -0.000000000000000000, -1.000000000000000000, -0.000000000000000000 ) ) ;
#5564 = CARTESIAN_POINT ( 'NONE',  ( -0.6249999999999978906, 12.15625000122903110, 1.082531754730548856 ) ) ;
#5565 = AXIS2_PLACEMENT_3D ( 'NONE', #1774, #4194, #322 ) ;
#5566 = VERTEX_POINT ( 'NONE', #6015 ) ;
#5567 =( BOUNDED_CURVE ( )  B_SPLINE_CURVE ( 2, ( #4384, #2451, #920, #40, #1015, #1969, #5357, #2966, #5763 ),
 .UNSPECIFIED., .F., .T. ) 
 B_SPLINE_CURVE_WITH_KNOTS ( ( 3, 2, 2, 2, 3 ),
 ( 0.8145161290322581182, 0.8172043010752688685, 0.8225806451612903691, 0.8279569892473118697, 0.8306451612903226200 ),
 .UNSPECIFIED. ) 
 CURVE ( )  GEOMETRIC_REPRESENTATION_ITEM ( )  RATIONAL_B_SPLINE_CURVE ( ( 0.9330127018922194093, 0.9330127018922207416, 1.000000000000000000, 0.8660254037844387076, 1.000000000000000000, 0.8660254037844387076, 1.000000000000000000, 0.9330127018922194093, 0.9330127018922194093 ) ) 
 REPRESENTATION_ITEM ( '' )  );
#5568 = CARTESIAN_POINT ( 'NONE',  ( 0.5032151781249990519, 10.38437500061451324, -0.8715942556523228468 ) ) ;
#5569 = CARTESIAN_POINT ( 'NONE',  ( 0.6249999999999974465, 8.781250001229031099, -1.082531754730548856 ) ) ;
#5570 = CARTESIAN_POINT ( 'NONE',  ( -0.5032151781249986078, 0.1468750006145156939, 0.8715942556523228468 ) ) ;
#5571 = CARTESIAN_POINT ( 'NONE',  ( 1.149999999999995692, 14.50000000000000000, 0.5773502691896267303 ) ) ;
#5572 = CARTESIAN_POINT ( 'NONE',  ( 1.006430356249999436, 3.896875000614515638, -1.767562423498186358E-15 ) ) ;
#5573 = CARTESIAN_POINT ( 'NONE',  ( -2.614599868946037210E-15, 3.418750001229032165, -1.249999999999999334 ) ) ;
#5574 = ORIENTED_EDGE ( 'NONE', *, *, #5438, .T. ) ;
#5575 = CARTESIAN_POINT ( 'NONE',  ( 1.006430356249998770, 4.046875000614515550, -0.5810628371015489346 ) ) ;
#5576 = CARTESIAN_POINT ( 'NONE',  ( 2.236935443431609674E-15, 7.243750001229032343, 1.249999999999999556 ) ) ;
#5577 = CARTESIAN_POINT ( 'NONE',  ( -1.249999999999999334, 5.687499999999998224, -0.7216878364870322748 ) ) ;
#5578 = CARTESIAN_POINT ( 'NONE',  ( 1.006430356249999436, 11.99687500061451395, -1.767562423498186358E-15 ) ) ;
#5579 = CARTESIAN_POINT ( 'NONE',  ( 0.6250000000000012212, 7.281250001229032875, 1.082531754730547080 ) ) ;
#5580 = CARTESIAN_POINT ( 'NONE',  ( 0.000000000000000000, 12.00000000000000000, -1.249999999999999334 ) ) ;
#5581 = CARTESIAN_POINT ( 'NONE',  ( -4.938688641342514686E-16, 6.287499999999997868, 1.249999999999999334 ) ) ;
#5582 = ORIENTED_EDGE ( 'NONE', *, *, #5785, .T. ) ;
#5583 = EDGE_CURVE ( 'NONE', #1029, #1293, #5538, .T. ) ;
#5584 = CARTESIAN_POINT ( 'NONE',  ( 9.204127980810867663E-16, 8.396875000614514306, 1.162125674203096537 ) ) ;
#5585 = DIRECTION ( 'NONE',  ( 0.8660254037844389297, 0.000000000000000000, -0.4999999999999995559 ) ) ;
#5586 = CARTESIAN_POINT ( 'NONE',  ( -1.249999999999999778, -0.08750000000000131284, 0.7216878364870313867 ) ) ;
#5587 = CARTESIAN_POINT ( 'NONE',  ( 1.743066579297358255E-16, 10.11249999999999716, -1.249999999999999112 ) ) ;
#5588 = CARTESIAN_POINT ( 'NONE',  ( -0.6249999999999978906, 2.256250001229032520, 1.082531754730548856 ) ) ;
#5589 = CARTESIAN_POINT ( 'NONE',  ( 0.5032151781249982747, 8.021875000614514306, -0.8715942556523229579 ) ) ;
#5590 = CARTESIAN_POINT ( 'NONE',  ( -0.5032151781250009392, 7.646875000614515194, -0.8715942556523212925 ) ) ;
#5591 = ORIENTED_EDGE ( 'NONE', *, *, #5633, .F. ) ;
#5592 = CARTESIAN_POINT ( 'NONE',  ( -1.062732146793064886E-15, 1.871875000614515727, -1.162125674203096537 ) ) ;
#5593 = CARTESIAN_POINT ( 'NONE',  ( 1.006430356249999658, 5.359375000614514661, -9.819791222584817478E-16 ) ) ;
#5594 = VECTOR ( 'NONE', #3266, 999.9999999999998863 ) ;
#5595 = CARTESIAN_POINT ( 'NONE',  ( 1.006430356249999880, 6.109375000614515550, 0.5810628371015468252 ) ) ;
#5596 = CARTESIAN_POINT ( 'NONE',  ( 0.6249999999999987788, 12.17499999999999893, 1.082531754730548412 ) ) ;
#5597 = CARTESIAN_POINT ( 'NONE',  ( -0.3349364905389035640, 1.317403810567664424, 1.249999999999999112 ) ) ;
#5598 = CARTESIAN_POINT ( 'NONE',  ( 1.006430356249999436, 1.196875000614515683, -1.767562423498186358E-15 ) ) ;
#5599 = EDGE_CURVE ( 'NONE', #1468, #4992, #3106, .T. ) ;
#5600 = ORIENTED_EDGE ( 'NONE', *, *, #1100, .F. ) ;
#5601 = FACE_OUTER_BOUND ( 'NONE', #5873, .T. ) ;
#5602 = CARTESIAN_POINT ( 'NONE',  ( 0.5032151781250004952, 0.6718750006145155496, 0.8715942556523216256 ) ) ;
#5603 = CARTESIAN_POINT ( 'NONE',  ( 0.000000000000000000, 12.00000000000000000, 0.000000000000000000 ) ) ;
#5604 = CARTESIAN_POINT ( 'NONE',  ( -1.006430356249999436, 2.771875000614515194, 1.644310252063557226E-15 ) ) ;
#5605 = CARTESIAN_POINT ( 'NONE',  ( 0.6249999999999997780, 9.174999999999998934, -1.082531754730547746 ) ) ;
#5606 =( BOUNDED_CURVE ( )  B_SPLINE_CURVE ( 2, ( #2990, #571, #1542, #5314, #4467, #4913, #3491, #970, #2475 ),
 .UNSPECIFIED., .F., .F. ) 
 B_SPLINE_CURVE_WITH_KNOTS ( ( 3, 2, 2, 2, 3 ),
 ( 0.7983870967741935054, 0.8010752688172042557, 0.8064516129032257563, 0.8118279569892472569, 0.8145161290322580072 ),
 .UNSPECIFIED. ) 
 CURVE ( )  GEOMETRIC_REPRESENTATION_ITEM ( )  RATIONAL_B_SPLINE_CURVE ( ( 0.9330127018922194093, 0.9330127018922194093, 1.000000000000000000, 0.8660254037844387076, 1.000000000000000000, 0.8660254037844387076, 1.000000000000000000, 0.9330127018922207416, 0.9330127018922194093 ) ) 
 REPRESENTATION_ITEM ( '' )  );
#5607 = ORIENTED_EDGE ( 'NONE', *, *, #2821, .T. ) ;
#5608 = CARTESIAN_POINT ( 'NONE',  ( 0.5032151781249990519, 3.634375000614515017, -0.8715942556523228468 ) ) ;
#5609 = FACE_OUTER_BOUND ( 'NONE', #2060, .T. ) ;
#5610 = CARTESIAN_POINT ( 'NONE',  ( 2.236935443431609674E-15, 9.943750001229030744, 1.249999999999999556 ) ) ;
#5611 = CARTESIAN_POINT ( 'NONE',  ( 1.249999999999998002, 6.943750001229031632, -0.7216878364870344953 ) ) ;
#5612 = CARTESIAN_POINT ( 'NONE',  ( 0.3349364905389032865, 11.89240381056766260, -1.249999999999999112 ) ) ;
#5613 = FACE_OUTER_BOUND ( 'NONE', #5853, .T. ) ;
#5614 = ORIENTED_EDGE ( 'NONE', *, *, #3864, .F. ) ;
#5615 = CARTESIAN_POINT ( 'NONE',  ( -1.006430356249999658, 8.734375000614514661, 8.587269508238526152E-16 ) ) ;
#5616 = CARTESIAN_POINT ( 'NONE',  ( 1.250000000000000444, 5.518750001229032698, 0.7216878364870297213 ) ) ;
#5617 = CARTESIAN_POINT ( 'NONE',  ( 9.204127980810863719E-16, 11.54687500061451466, 1.162125674203096537 ) ) ;
#5618 = CARTESIAN_POINT ( 'NONE',  ( 0.000000000000000000, 12.00000000000000000, 0.000000000000000000 ) ) ;
#5619 = CARTESIAN_POINT ( 'NONE',  ( 1.249999999999998002, 1.993750001229032565, -0.7216878364870344953 ) ) ;
#5620 = CARTESIAN_POINT ( 'NONE',  ( 1.006430356249999880, 7.009375000614514128, 0.5810628371015469362 ) ) ;
#5621 = CARTESIAN_POINT ( 'NONE',  ( -0.5032151781249986078, 10.94687500061451324, 0.8715942556523228468 ) ) ;
#5622 = VERTEX_POINT ( 'NONE', #2678 ) ;
#5623 = CARTESIAN_POINT ( 'NONE',  ( -1.006430356249999214, 2.021875000614515638, 0.5810628371015488236 ) ) ;
#5624 = CARTESIAN_POINT ( 'NONE',  ( 1.006430356249998770, 5.396875000614515194, -0.5810628371015489346 ) ) ;
#5625 = CARTESIAN_POINT ( 'NONE',  ( 1.006430356249999436, 6.596875000614515372, -1.767562423498186358E-15 ) ) ;
#5626 = CARTESIAN_POINT ( 'NONE',  ( -0.3349364905389093927, 8.782596189432332778, -1.249999999999996003 ) ) ;
#5627 = EDGE_CURVE ( 'NONE', #465, #2722, #4644, .T. ) ;
#5628 = CARTESIAN_POINT ( 'NONE',  ( -1.249999999999998002, 8.968750001229031099, 0.7216878364870340512 ) ) ;
#5629 = CARTESIAN_POINT ( 'NONE',  ( 1.006430356249999880, -0.6406249993854842284, 0.5810628371015469362 ) ) ;
#5630 = ORIENTED_EDGE ( 'NONE', *, *, #478, .F. ) ;
#5631 = CARTESIAN_POINT ( 'NONE',  ( -1.006430356249999880, -0.7531249993854842728, -0.5810628371015476024 ) ) ;
#5632 = CARTESIAN_POINT ( 'NONE',  ( 1.006430356249999436, 1.196875000614515683, -1.767562423498186358E-15 ) ) ;
#5633 = EDGE_CURVE ( 'NONE', #2513, #4918, #1747, .T. ) ;
#5634 = CARTESIAN_POINT ( 'NONE',  ( -2.614599868946037210E-15, 7.918750001229033053, -1.249999999999999334 ) ) ;
#5635 = CARTESIAN_POINT ( 'NONE',  ( -0.5032151781250009392, 4.496875000614515727, -0.8715942556523212925 ) ) ;
#5636 = VERTEX_POINT ( 'NONE', #5199 ) ;
#5637 = CARTESIAN_POINT ( 'NONE',  ( -1.006430356249998992, 3.371875000614515283, 0.5810628371015487126 ) ) ;
#5638 = CARTESIAN_POINT ( 'NONE',  ( -1.249999999999999334, 10.28125000122903288, 2.596460695863248776E-15 ) ) ;
#5639 = VECTOR ( 'NONE', #3415, 1000.000000000000114 ) ;
#5640 = CARTESIAN_POINT ( 'NONE',  ( 0.000000000000000000, 12.00000000000000000, -1.249999999999999334 ) ) ;
#5641 = CARTESIAN_POINT ( 'NONE',  ( -0.3349364905389030089, 5.182596189432333134, -1.249999999999999334 ) ) ;
#5642 = CARTESIAN_POINT ( 'NONE',  ( 0.6249999999999987788, 11.72499999999999964, 1.082531754730548412 ) ) ;
#5643 = CARTESIAN_POINT ( 'NONE',  ( -1.249999999999999112, 0.7374999999999984901, -0.7216878364870322748 ) ) ;
#5644 = VERTEX_POINT ( 'NONE', #5581 ) ;
#5645 = CARTESIAN_POINT ( 'NONE',  ( -1.006430356249999214, 10.12187500061451395, 0.5810628371015488236 ) ) ;
#5646 = CARTESIAN_POINT ( 'NONE',  ( 0.6249999999999974465, 5.631250001229032520, -1.082531754730548856 ) ) ;
#5647 = CARTESIAN_POINT ( 'NONE',  ( 1.006430356249999658, 11.65937500061451537, -9.819791222584817478E-16 ) ) ;
#5648 = CARTESIAN_POINT ( 'NONE',  ( 0.7142857142857131914, 14.06428571428572027, 0.4123930494211616726 ) ) ;
#5649 = CARTESIAN_POINT ( 'NONE',  ( -1.250000000000000444, 2.143750001229032698, -0.7216878364870296103 ) ) ;
#5650 = CARTESIAN_POINT ( 'NONE',  ( 1.006430356249998104, 8.434375000614513951, -0.5810628371015496008 ) ) ;
#5651 = CARTESIAN_POINT ( 'NONE',  ( 1.006430356249998104, 12.03437500061451537, -0.5810628371015496008 ) ) ;
#5652 = ORIENTED_EDGE ( 'NONE', *, *, #2786, .T. ) ;
#5653 = CARTESIAN_POINT ( 'NONE',  ( -0.5032151781249993849, 2.959375000614515638, 0.8715942556523227358 ) ) ;
#5654 = CARTESIAN_POINT ( 'NONE',  ( 9.204127980810863719E-16, 4.796875000614515550, 1.162125674203096537 ) ) ;
#5655 = CARTESIAN_POINT ( 'NONE',  ( -1.006430356250000102, 6.784375000614515372, -0.5810628371015466032 ) ) ;
#5656 = CARTESIAN_POINT ( 'NONE',  ( -1.249999999999999778, 12.96249999999999858, 0.7216878364870313867 ) ) ;
#5657 = CARTESIAN_POINT ( 'NONE',  ( 1.743066579297358255E-16, 3.812499999999997780, -1.249999999999999112 ) ) ;
#5658 = CARTESIAN_POINT ( 'NONE',  ( 1.006430356249999436, -0.1531249993854842395, -1.767562423498186358E-15 ) ) ;
#5659 = EDGE_CURVE ( 'NONE', #4548, #1966, #2006, .T. ) ;
#5660 = CARTESIAN_POINT ( 'NONE',  ( 0.5032151781249999400, -0.5656249993854843838, 0.8715942556523221807 ) ) ;
#5661 = CARTESIAN_POINT ( 'NONE',  ( 1.006430356249999436, 0.2968750006145156606, -1.767562423498186358E-15 ) ) ;
#5662 = CARTESIAN_POINT ( 'NONE',  ( -0.3349364905389008995, 8.123653811796698321, 1.250000000000000000 ) ) ;
#5663 = CARTESIAN_POINT ( 'NONE',  ( 1.006430356249998104, 3.034375000614516260, -0.5810628371015496008 ) ) ;
#5664 = AXIS2_PLACEMENT_3D ( 'NONE', #1682, #4066, #4537 ) ;
#5665 = ORIENTED_EDGE ( 'NONE', *, *, #3700, .F. ) ;
#5666 = EDGE_CURVE ( 'NONE', #5566, #4006, #3691, .T. ) ;
#5667 = CARTESIAN_POINT ( 'NONE',  ( -0.5032151781249993849, 2.959375000614515638, 0.8715942556523227358 ) ) ;
#5668 = CARTESIAN_POINT ( 'NONE',  ( -0.3349364905389030089, 8.332596189432329936, -1.249999999999999334 ) ) ;
#5669 = CARTESIAN_POINT ( 'NONE',  ( 0.000000000000000000, 12.15000000000000036, -2.250000000000000000 ) ) ;
#5670 = CARTESIAN_POINT ( 'NONE',  ( -1.250000000000000444, 9.793750001229030389, -0.7216878364870294993 ) ) ;
#5671 = CARTESIAN_POINT ( 'NONE',  ( -1.249999999999999556, 0.8124999999999985567, 0.7216878364870313867 ) ) ;
#5672 = VERTEX_POINT ( 'NONE', #763 ) ;
#5673 = EDGE_CURVE ( 'NONE', #338, #1748, #6169, .T. ) ;
#5674 = CARTESIAN_POINT ( 'NONE',  ( -4.938688641342514686E-16, 11.68749999999999645, 1.249999999999999334 ) ) ;
#5675 = CARTESIAN_POINT ( 'NONE',  ( 1.006430356249998770, 12.59687500061451537, -0.5810628371015489346 ) ) ;
#5676 = CARTESIAN_POINT ( 'NONE',  ( 0.000000000000000000, 12.00000000000000000, -1.249999999999999334 ) ) ;
#5677 = CARTESIAN_POINT ( 'NONE',  ( 0.5032151781249982747, 7.121875000614515727, -0.8715942556523229579 ) ) ;
#5678 = CARTESIAN_POINT ( 'NONE',  ( -1.006430356249999436, 10.87187500061451395, 1.644310252063557226E-15 ) ) ;
#5679 = ORIENTED_EDGE ( 'NONE', *, *, #4698, .T. ) ;
#5680 = CARTESIAN_POINT ( 'NONE',  ( -1.062732146793064886E-15, 3.221875000614515372, -1.162125674203096537 ) ) ;
#5681 = CARTESIAN_POINT ( 'NONE',  ( -1.006430356249999658, 10.98437500061451289, 8.587269508238526152E-16 ) ) ;
#5682 = CARTESIAN_POINT ( 'NONE',  ( -1.006430356249998992, 5.621875000614516615, 0.5810628371015487126 ) ) ;
#5683 = CARTESIAN_POINT ( 'NONE',  ( -1.006430356249998548, 10.00937500061451502, 0.5810628371015494897 ) ) ;
#5684 = CARTESIAN_POINT ( 'NONE',  ( 1.249999999999999334, 12.69999999999999574, 0.000000000000000000 ) ) ;
#5685 = CARTESIAN_POINT ( 'NONE',  ( -1.149999999999996803, 14.50000000000000000, -0.5773502691896265082 ) ) ;
#5686 = CARTESIAN_POINT ( 'NONE',  ( 1.006430356249998104, -0.5656249993854841618, -0.5810628371015496008 ) ) ;
#5687 = AXIS2_PLACEMENT_3D ( 'NONE', #4322, #5389, #3882 ) ;
#5688 = ORIENTED_EDGE ( 'NONE', *, *, #5385, .T. ) ;
#5689 = AXIS2_PLACEMENT_3D ( 'NONE', #2042, #2430, #16 ) ;
#5690 = ORIENTED_EDGE ( 'NONE', *, *, #5003, .F. ) ;
#5691 = DIRECTION ( 'NONE',  ( 0.000000000000000000, 0.000000000000000000, -1.000000000000000000 ) ) ;
#5692 = CARTESIAN_POINT ( 'NONE',  ( -0.5032151781249986078, 1.046875000614515772, 0.8715942556523228468 ) ) ;
#5693 = CARTESIAN_POINT ( 'NONE',  ( -1.249999999999999778, 5.312499999999998224, 0.7216878364870313867 ) ) ;
#5694 = CARTESIAN_POINT ( 'NONE',  ( -1.249999999999998002, 8.068750001229034297, 0.7216878364870340512 ) ) ;
#5695 = CARTESIAN_POINT ( 'NONE',  ( -1.006430356250000324, 5.434375000614515727, -0.5810628371015467142 ) ) ;
#5696 = EDGE_LOOP ( 'NONE', ( #295, #1362, #4443, #2221 ) ) ;
#5697 = CARTESIAN_POINT ( 'NONE',  ( 0.5032151781249999400, 3.484375000614515105, 0.8715942556523221807 ) ) ;
#5698 = DIRECTION ( 'NONE',  ( 0.6546536707079783080, 0.6546536707079753103, -0.3779644730092285299 ) ) ;
#5699 = CARTESIAN_POINT ( 'NONE',  ( -0.3349364905389008995, 4.073653811796697610, 1.250000000000000000 ) ) ;
#5700 = CARTESIAN_POINT ( 'NONE',  ( -0.6249999999999978906, 0.4562500012290327533, 1.082531754730548856 ) ) ;
#5701 = CARTESIAN_POINT ( 'NONE',  ( -1.014672114362385358, 11.97338032686174181, -0.8575544546077338293 ) ) ;
#5702 = CARTESIAN_POINT ( 'NONE',  ( -4.938688641342514686E-16, 5.837499999999996803, 1.249999999999999334 ) ) ;
#5703 = ORIENTED_EDGE ( 'NONE', *, *, #3548, .F. ) ;
#5704 = CARTESIAN_POINT ( 'NONE',  ( -1.365402153782930473E-14, 8.762499999999999289, -1.249999999999999112 ) ) ;
#5705 = CARTESIAN_POINT ( 'NONE',  ( -0.6250000000000002220, 0.8499999999999985345, 1.082531754730547746 ) ) ;
#5706 = DIRECTION ( 'NONE',  ( 0.3535533905932724541, 0.7071067811865495711, 0.6123724356957930270 ) ) ;
#5707 = EDGE_CURVE ( 'NONE', #3308, #1807, #6075, .T. ) ;
#5708 = CARTESIAN_POINT ( 'NONE',  ( 0.5032151781250004952, 10.12187500061451395, 0.8715942556523216256 ) ) ;
#5709 = CARTESIAN_POINT ( 'NONE',  ( 1.006430356249999880, 11.05937500061451217, 0.5810628371015469362 ) ) ;
#5710 = VERTEX_POINT ( 'NONE', #1683 ) ;
#5711 = CARTESIAN_POINT ( 'NONE',  ( 9.204127980810867663E-16, 2.996875000614515283, 1.162125674203096537 ) ) ;
#5712 = CARTESIAN_POINT ( 'NONE',  ( -1.006430356249998992, 10.57187500061451324, 0.5810628371015487126 ) ) ;
#5713 = CARTESIAN_POINT ( 'NONE',  ( 9.204127980810863719E-16, 5.696875000614515017, 1.162125674203096537 ) ) ;
#5714 = CARTESIAN_POINT ( 'NONE',  ( -1.006430356250000102, 9.484375000614512885, -0.5810628371015466032 ) ) ;
#5715 = CARTESIAN_POINT ( 'NONE',  ( -1.249999999999999112, 8.837499999999998579, -0.7216878364870322748 ) ) ;
#5716 = CARTESIAN_POINT ( 'NONE',  ( -4.938688641342514686E-16, 9.887499999999997513, 1.249999999999999334 ) ) ;
#5717 = CARTESIAN_POINT ( 'NONE',  ( -1.969845607676301195E-15, -0.04062499938548426448, -1.162125674203096093 ) ) ;
#5718 = ORIENTED_EDGE ( 'NONE', *, *, #1713, .F. ) ;
#5719 = CYLINDRICAL_SURFACE ( 'NONE', #4786, 1.249999999999999334 ) ;
#5720 = CARTESIAN_POINT ( 'NONE',  ( 1.006430356249999436, 3.446875000614515461, -1.767562423498186358E-15 ) ) ;
#5721 = CARTESIAN_POINT ( 'NONE',  ( 0.6249999999999987788, 7.224999999999997868, 1.082531754730548412 ) ) ;
#5722 = CARTESIAN_POINT ( 'NONE',  ( -1.250000000000000444, 7.543750001229031277, -0.7216878364870296103 ) ) ;
#5723 = CARTESIAN_POINT ( 'NONE',  ( 0.5032151781250004952, 5.171875000614515550, 0.8715942556523216256 ) ) ;
#5724 = ORIENTED_EDGE ( 'NONE', *, *, #2690, .F. ) ;
#5725 = CARTESIAN_POINT ( 'NONE',  ( -0.5032151781250003841, 5.959375000614515194, -0.8715942556523218476 ) ) ;
#5726 = CARTESIAN_POINT ( 'NONE',  ( -2.614599868946037210E-15, 4.318750001229032520, -1.249999999999999334 ) ) ;
#5727 = DIRECTION ( 'NONE',  ( 0.000000000000000000, 0.000000000000000000, -1.000000000000000000 ) ) ;
#5728 = CARTESIAN_POINT ( 'NONE',  ( -1.006430356249998548, -0.7906249993854843616, 0.5810628371015493787 ) ) ;
#5729 = CARTESIAN_POINT ( 'NONE',  ( 0.000000000000000000, 0.000000000000000000, 0.9901923788646657121 ) ) ;
#5730 = VERTEX_POINT ( 'NONE', #732 ) ;
#5731 = EDGE_CURVE ( 'NONE', #5223, #2498, #5432, .T. ) ;
#5732 = CARTESIAN_POINT ( 'NONE',  ( -0.6250000000000017764, 7.506250001229032520, -1.082531754730546636 ) ) ;
#5733 = CARTESIAN_POINT ( 'NONE',  ( 8.838126989374219771E-17, 1.112499999999998712, -1.443375672974063439 ) ) ;
#5734 = FACE_OUTER_BOUND ( 'NONE', #3733, .T. ) ;
#5735 = CARTESIAN_POINT ( 'NONE',  ( 1.006430356249999436, 9.746875000614513951, -1.767562423498186358E-15 ) ) ;
#5736 = CARTESIAN_POINT ( 'NONE',  ( -1.969845607676301195E-15, 10.30937500061451573, -1.162125674203096093 ) ) ;
#5737 = ORIENTED_EDGE ( 'NONE', *, *, #4212, .T. ) ;
#5738 = CARTESIAN_POINT ( 'NONE',  ( -0.5032151781250003841, 2.809375000614515727, -0.8715942556523218476 ) ) ;
#5739 = ADVANCED_FACE ( 'NONE', ( #5613 ), #3724, .T. ) ;
#5740 = CARTESIAN_POINT ( 'NONE',  ( 9.204127980810867663E-16, 11.54687500061451466, 1.162125674203096537 ) ) ;
#5741 = CARTESIAN_POINT ( 'NONE',  ( 0.5032151781249990519, 7.684375000614514839, -0.8715942556523228468 ) ) ;
#5742 = AXIS2_PLACEMENT_3D ( 'NONE', #5352, #944, #5288 ) ;
#5743 = CARTESIAN_POINT ( 'NONE',  ( 1.006430356249999436, 10.19687500061451502, -1.767562423498186358E-15 ) ) ;
#5744 = CARTESIAN_POINT ( 'NONE',  ( -1.249999999999999334, 12.92499999999999893, -1.530808498934190831E-16 ) ) ;
#5745 = CARTESIAN_POINT ( 'NONE',  ( 1.006430356249999880, 1.609375000614515550, 0.5810628371015469362 ) ) ;
#5746 = EDGE_LOOP ( 'NONE', ( #5163, #4712, #5977, #749 ) ) ;
#5747 = VERTEX_POINT ( 'NONE', #5729 ) ;
#5748 = CARTESIAN_POINT ( 'NONE',  ( -1.006430356249999880, -0.3031249993854842617, -0.5810628371015476024 ) ) ;
#5749 = CARTESIAN_POINT ( 'NONE',  ( -0.5032151781249986078, 2.846875000614515816, 0.8715942556523228468 ) ) ;
#5750 = CARTESIAN_POINT ( 'NONE',  ( 0.6249999999999987788, 6.324999999999998401, 1.082531754730548412 ) ) ;
#5751 = CARTESIAN_POINT ( 'NONE',  ( 2.744313073555416023E-11, 0.02812500184355220048, -1.006430356249999658 ) ) ;
#5752 = CARTESIAN_POINT ( 'NONE',  ( 0.6250000000000012212, 9.531250001229032875, 1.082531754730547080 ) ) ;
#5753 = CARTESIAN_POINT ( 'NONE',  ( -0.5032151781250009392, 6.746875000614515727, -0.8715942556523212925 ) ) ;
#5754 = CARTESIAN_POINT ( 'NONE',  ( -1.006430356249998992, 6.971875000614515372, 0.5810628371015487126 ) ) ;
#5755 = DIRECTION ( 'NONE',  ( -0.000000000000000000, -1.000000000000000000, -0.000000000000000000 ) ) ;
#5756 = CARTESIAN_POINT ( 'NONE',  ( 0.6250000000000012212, 1.881250001229032520, 1.082531754730547080 ) ) ;
#5757 = DIRECTION ( 'NONE',  ( -0.000000000000000000, -1.000000000000000000, -0.000000000000000000 ) ) ;
#5758 = CARTESIAN_POINT ( 'NONE',  ( 1.006430356249998104, -0.1156249993854842339, -0.5810628371015496008 ) ) ;
#5759 = DIRECTION ( 'NONE',  ( 0.000000000000000000, 0.000000000000000000, -1.000000000000000000 ) ) ;
#5760 = ORIENTED_EDGE ( 'NONE', *, *, #5438, .F. ) ;
#5761 = CARTESIAN_POINT ( 'NONE',  ( 0.000000000000000000, 12.00000000000000000, 0.000000000000000000 ) ) ;
#5762 = CARTESIAN_POINT ( 'NONE',  ( 0.6249999999999997780, 1.974999999999998535, -1.082531754730547746 ) ) ;
#5763 = CARTESIAN_POINT ( 'NONE',  ( -4.938688641342514686E-16, 10.78749999999999609, 1.249999999999999334 ) ) ;
#5764 = CARTESIAN_POINT ( 'NONE',  ( 1.006430356249999880, 10.15937500061451360, 0.5810628371015469362 ) ) ;
#5765 = CARTESIAN_POINT ( 'NONE',  ( -1.006430356249998548, 12.25937500061451324, 0.5810628371015493787 ) ) ;
#5766 = EDGE_CURVE ( 'NONE', #1251, #1702, #2384, .T. ) ;
#5767 = ORIENTED_EDGE ( 'NONE', *, *, #940, .T. ) ;
#5768 = CARTESIAN_POINT ( 'NONE',  ( 1.006430356249998992, 3.146875000614516082, -0.5810628371015489346 ) ) ;
#5769 = CARTESIAN_POINT ( 'NONE',  ( 3.660439816524452409E-15, 0.09374999999999715505, -1.044318966601192056 ) ) ;
#5770 = CARTESIAN_POINT ( 'NONE',  ( -1.062732146793064491E-15, 8.621875000614515727, -1.162125674203096537 ) ) ;
#5771 = CARTESIAN_POINT ( 'NONE',  ( 1.827526258964323273E-15, 9.184375000614513951, 1.162125674203096093 ) ) ;
#5772 = CARTESIAN_POINT ( 'NONE',  ( 0.6250000000000012212, 2.781250001229032431, 1.082531754730547080 ) ) ;
#5773 = VECTOR ( 'NONE', #5698, 1000.000000000000114 ) ;
#5774 = LINE ( 'NONE', #5835, #2302 ) ;
#5775 = CARTESIAN_POINT ( 'NONE',  ( 1.006430356249998104, 2.134375000614515461, -0.5810628371015496008 ) ) ;
#5776 =( BOUNDED_CURVE ( )  B_SPLINE_CURVE ( 2, ( #536, #26, #1382, #2855, #2375, #4308, #3329, #1956, #5249 ),
 .UNSPECIFIED., .F., .T. ) 
 B_SPLINE_CURVE_WITH_KNOTS ( ( 3, 2, 2, 2, 3 ),
 ( 0.2016129032258064391, 0.2043010752688172171, 0.2096774193548387177, 0.2150537634408602183, 0.2177419354838709686 ),
 .UNSPECIFIED. ) 
 CURVE ( )  GEOMETRIC_REPRESENTATION_ITEM ( )  RATIONAL_B_SPLINE_CURVE ( ( 0.9330127018922192983, 0.9330127018922189652, 1.000000000000000000, 0.8660254037844387076, 1.000000000000000000, 0.8660254037844387076, 1.000000000000000000, 0.9330127018922194093, 0.9330127018922194093 ) ) 
 REPRESENTATION_ITEM ( '' )  );
#5777 = ADVANCED_FACE ( 'NONE', ( #1965 ), #3909, .T. ) ;
#5778 = ORIENTED_EDGE ( 'NONE', *, *, #11, .F. ) ;
#5779 = CARTESIAN_POINT ( 'NONE',  ( -1.006430356249999658, 1.534375000614515594, 8.587269508238524180E-16 ) ) ;
#5780 = CARTESIAN_POINT ( 'NONE',  ( 1.006430356249999880, 1.609375000614515550, 0.5810628371015468252 ) ) ;
#5781 = CARTESIAN_POINT ( 'NONE',  ( 1.249999999999999112, 8.162499999999999645, 0.7216878364870323859 ) ) ;
#5782 = CARTESIAN_POINT ( 'NONE',  ( 0.000000000000000000, 12.00000000000000000, 0.000000000000000000 ) ) ;
#5783 = CARTESIAN_POINT ( 'NONE',  ( -3.086515833287601756E-15, 9.268750001229033586, -1.443375672974063439 ) ) ;
#5784 = CARTESIAN_POINT ( 'NONE',  ( 1.006430356249998104, 5.734375000614514661, -0.5810628371015496008 ) ) ;
#5785 = EDGE_CURVE ( 'NONE', #4231, #2767, #1203, .T. ) ;
#5786 = CARTESIAN_POINT ( 'NONE',  ( 1.006430356249999658, 7.159375000614515372, -9.819791222584819450E-16 ) ) ;
#5787 = CARTESIAN_POINT ( 'NONE',  ( 1.743066579297358255E-16, 7.862499999999998046, -1.249999999999999112 ) ) ;
#5788 = CARTESIAN_POINT ( 'NONE',  ( -0.6249999999999978906, 4.956250001229031810, 1.082531754730548856 ) ) ;
#5789 = CARTESIAN_POINT ( 'NONE',  ( -1.249999999999999112, 5.687499999999998224, -0.7216878364870322748 ) ) ;
#5790 = CARTESIAN_POINT ( 'NONE',  ( -1.249999999999998002, 10.76875000122903181, 0.7216878364870340512 ) ) ;
#5791 = CARTESIAN_POINT ( 'NONE',  ( 1.530808498934190831E-16, 12.00000000000000000, 1.249999999999999334 ) ) ;
#5792 = ORIENTED_EDGE ( 'NONE', *, *, #434, .F. ) ;
#5793 = DIRECTION ( 'NONE',  ( -0.000000000000000000, -1.000000000000000000, -0.000000000000000000 ) ) ;
#5794 = CARTESIAN_POINT ( 'NONE',  ( 1.249999999999999112, 2.312499999999998668, 0.7216878364870323859 ) ) ;
#5795 = DIRECTION ( 'NONE',  ( 0.8660254037844388186, 0.000000000000000000, -0.4999999999999997224 ) ) ;
#5796 = CARTESIAN_POINT ( 'NONE',  ( -0.5032151781249986078, 10.94687500061451324, 0.8715942556523228468 ) ) ;
#5797 = CARTESIAN_POINT ( 'NONE',  ( -0.5032151781250003841, -0.3406249993854842950, -0.8715942556523218476 ) ) ;
#5798 = ORIENTED_EDGE ( 'NONE', *, *, #5203, .F. ) ;
#5799 = CARTESIAN_POINT ( 'NONE',  ( -1.006430356249999214, 6.521875000614515194, 0.5810628371015488236 ) ) ;
#5800 =( BOUNDED_CURVE ( )  B_SPLINE_CURVE ( 2, ( #3048, #1669, #752, #1158, #5940, #1190, #1128, #6066, #1635 ),
 .UNSPECIFIED., .F., .F. ) 
 B_SPLINE_CURVE_WITH_KNOTS ( ( 3, 2, 2, 2, 3 ),
 ( 0.6370967741935483764, 0.6397849462365591267, 0.6451612903225806273, 0.6505376344086021279, 0.6532258064516128782 ),
 .UNSPECIFIED. ) 
 CURVE ( )  GEOMETRIC_REPRESENTATION_ITEM ( )  RATIONAL_B_SPLINE_CURVE ( ( 0.9330127018922194093, 0.9330127018922194093, 1.000000000000000000, 0.8660254037844387076, 1.000000000000000000, 0.8660254037844387076, 1.000000000000000000, 0.9330127018922194093, 0.9330127018922194093 ) ) 
 REPRESENTATION_ITEM ( '' )  );
#5801 = CARTESIAN_POINT ( 'NONE',  ( -0.1487221287092228283, 0.1097711966026413827, -1.053568808772468834 ) ) ;
#5802 = CARTESIAN_POINT ( 'NONE',  ( -0.5032151781250003841, 7.759375000614515017, -0.8715942556523218476 ) ) ;
#5803 = CARTESIAN_POINT ( 'NONE',  ( 0.5032151781250004952, 10.12187500061451395, 0.8715942556523216256 ) ) ;
#5804 = CARTESIAN_POINT ( 'NONE',  ( -1.249999999999998002, 8.518750001229033586, 0.7216878364870340512 ) ) ;
#5805 = CARTESIAN_POINT ( 'NONE',  ( 0.3349364905389005664, 6.548653811796697255, -1.250000000000000000 ) ) ;
#5806 = CARTESIAN_POINT ( 'NONE',  ( 1.006430356249999436, 2.096875000614515372, -1.767562423498186358E-15 ) ) ;
#5807 = CARTESIAN_POINT ( 'NONE',  ( 1.006430356249998992, 11.69687500061451324, -0.5810628371015489346 ) ) ;
#5808 = VERTEX_POINT ( 'NONE', #5702 ) ;
#5809 = VERTEX_POINT ( 'NONE', #916 ) ;
#5810 = CARTESIAN_POINT ( 'NONE',  ( 0.5032151781249990519, -0.4156249993854842506, -0.8715942556523228468 ) ) ;
#5811 = ADVANCED_FACE ( 'NONE', ( #4788 ), #3816, .F. ) ;
#5812 = CARTESIAN_POINT ( 'NONE',  ( -0.5032151781249986078, 3.296875000614515550, 0.8715942556523228468 ) ) ;
#5813 = CARTESIAN_POINT ( 'NONE',  ( 0.6249999999999987788, 8.124999999999996447, 1.082531754730548412 ) ) ;
#5814 = LINE ( 'NONE', #1000, #4330 ) ;
#5815 = CARTESIAN_POINT ( 'NONE',  ( 0.6249999999999974465, 9.231250001229030389, -1.082531754730548856 ) ) ;
#5816 = CARTESIAN_POINT ( 'NONE',  ( -0.5032151781249986078, 5.096875000614515372, 0.8715942556523228468 ) ) ;
#5817 = CARTESIAN_POINT ( 'NONE',  ( 1.006430356249999658, 7.571875000614515017, 0.5810628371015478244 ) ) ;
#5818 = ADVANCED_FACE ( 'NONE', ( #4255 ), #386, .F. ) ;
#5819 = FACE_OUTER_BOUND ( 'NONE', #43, .T. ) ;
#5820 = CARTESIAN_POINT ( 'NONE',  ( 0.000000000000000000, 12.00000000000000000, 0.000000000000000000 ) ) ;
#5821 = CARTESIAN_POINT ( 'NONE',  ( -1.006430356250000324, 0.03437500061451571887, -0.5810628371015467142 ) ) ;
#5822 = DIRECTION ( 'NONE',  ( -0.000000000000000000, -1.000000000000000000, -0.000000000000000000 ) ) ;
#5823 = ORIENTED_EDGE ( 'NONE', *, *, #5666, .T. ) ;
#5824 = FACE_OUTER_BOUND ( 'NONE', #5120, .T. ) ;
#5825 = CARTESIAN_POINT ( 'NONE',  ( 1.249999999999999556, 1.037499999999998757, -0.7216878364870316087 ) ) ;
#5826 = CARTESIAN_POINT ( 'NONE',  ( 0.000000000000000000, 12.00000000000000000, 0.000000000000000000 ) ) ;
#5827 = CARTESIAN_POINT ( 'NONE',  ( -0.5032151781249986078, 9.596875000614515372, 0.8715942556523228468 ) ) ;
#5828 = CARTESIAN_POINT ( 'NONE',  ( 1.827526258964323273E-15, 12.33437500061451253, 1.162125674203096093 ) ) ;
#5829 = ORIENTED_EDGE ( 'NONE', *, *, #5012, .T. ) ;
#5830 = CARTESIAN_POINT ( 'NONE',  ( 0.5032151781249999400, 6.634375000614515017, 0.8715942556523221807 ) ) ;
#5831 = LINE ( 'NONE', #2972, #202 ) ;
#5832 = CARTESIAN_POINT ( 'NONE',  ( -1.006430356249999880, 7.346875000614516260, -0.5810628371015476024 ) ) ;
#5833 = VECTOR ( 'NONE', #4801, 1000.000000000000000 ) ;
#5834 = CARTESIAN_POINT ( 'NONE',  ( -1.249999999999999334, 6.624999999999998224, -1.530808498934190831E-16 ) ) ;
#5835 = CARTESIAN_POINT ( 'NONE',  ( -1.000000000000000444, 14.35000000000000497, 0.5773502691896261751 ) ) ;
#5836 = CARTESIAN_POINT ( 'NONE',  ( -1.969845607676301195E-15, 3.109375000614515105, -1.162125674203096093 ) ) ;
#5837 = CARTESIAN_POINT ( 'NONE',  ( -0.5032151781250003841, 11.35937500061451289, -0.8715942556523218476 ) ) ;
#5838 = CARTESIAN_POINT ( 'NONE',  ( 0.5441331347455494738, 0.03132576156137752837, -0.8479702623827586327 ) ) ;
#5839 = EDGE_LOOP ( 'NONE', ( #4196, #3779, #2644, #3091, #4112, #1171 ) ) ;
#5840 = CARTESIAN_POINT ( 'NONE',  ( 9.204127980810863719E-16, 1.646875000614515638, 1.162125674203096537 ) ) ;
#5841 = CARTESIAN_POINT ( 'NONE',  ( -1.006430356249998548, 2.359375000614515550, 0.5810628371015494897 ) ) ;
#5842 = CARTESIAN_POINT ( 'NONE',  ( -1.249999999999999334, 9.287499999999997868, -0.7216878364870322748 ) ) ;
#5843 = FACE_OUTER_BOUND ( 'NONE', #2726, .T. ) ;
#5844 = CARTESIAN_POINT ( 'NONE',  ( 1.250000000000000444, 9.118750001229031454, 0.7216878364870298324 ) ) ;
#5845 = CARTESIAN_POINT ( 'NONE',  ( -1.969845607676301195E-15, 7.609375000614515550, -1.162125674203096093 ) ) ;
#5846 = EDGE_CURVE ( 'NONE', #5223, #3207, #449, .T. ) ;
#5847 = CARTESIAN_POINT ( 'NONE',  ( -0.5032151781249993849, 6.109375000614514661, 0.8715942556523227358 ) ) ;
#5848 = CARTESIAN_POINT ( 'NONE',  ( 0.3349364905389021208, 2.048653811796698587, -1.249999999999999556 ) ) ;
#5849 = DIRECTION ( 'NONE',  ( -0.000000000000000000, -1.000000000000000000, -0.000000000000000000 ) ) ;
#5850 = CARTESIAN_POINT ( 'NONE',  ( -1.249999999999999334, 10.73125000122903216, 2.596460695863248776E-15 ) ) ;
#5851 = CARTESIAN_POINT ( 'NONE',  ( 2.236935443431609674E-15, 2.293750001229032165, 1.249999999999999556 ) ) ;
#5852 = ADVANCED_FACE ( 'NONE', ( #4725 ), #4316, .T. ) ;
#5853 = EDGE_LOOP ( 'NONE', ( #670, #3725, #5778, #3401 ) ) ;
#5854 = CARTESIAN_POINT ( 'NONE',  ( -5.241336148487795444E-16, 14.35000000000000497, 1.154700538379252128 ) ) ;
#5855 = CARTESIAN_POINT ( 'NONE',  ( -1.249999999999999334, 3.474999999999997868, -1.530808498934190831E-16 ) ) ;
#5856 = CARTESIAN_POINT ( 'NONE',  ( -1.249999999999998224, 4.468750001229031987, 0.7216878364870340512 ) ) ;
#5857 = CARTESIAN_POINT ( 'NONE',  ( -2.614599868946037210E-15, 4.318750001229032520, -1.249999999999999334 ) ) ;
#5858 = DIRECTION ( 'NONE',  ( 0.000000000000000000, 0.000000000000000000, 1.000000000000000000 ) ) ;
#5859 = CARTESIAN_POINT ( 'NONE',  ( 1.006430356249999658, -0.9406249993854842728, -9.819791222584819450E-16 ) ) ;
#5860 = AXIS2_PLACEMENT_3D ( 'NONE', #3570, #1144, #1173 ) ;
#5861 = ADVANCED_FACE ( 'NONE', ( #4378 ), #6160, .T. ) ;
#5862 = ORIENTED_EDGE ( 'NONE', *, *, #6110, .F. ) ;
#5863 = CARTESIAN_POINT ( 'NONE',  ( 0.5032151781249999400, 7.084375000614515194, 0.8715942556523221807 ) ) ;
#5864 = CARTESIAN_POINT ( 'NONE',  ( -0.3349364905389057290, 6.138846190661367608, -1.249999999999998668 ) ) ;
#5865 = CARTESIAN_POINT ( 'NONE',  ( -0.5032151781249993849, 7.009375000614514128, 0.8715942556523227358 ) ) ;
#5866 = DIRECTION ( 'NONE',  ( -0.000000000000000000, -1.000000000000000000, -0.000000000000000000 ) ) ;
#5867 = CARTESIAN_POINT ( 'NONE',  ( -1.249999999999999556, 6.662499999999997868, 0.7216878364870313867 ) ) ;
#5868 = CARTESIAN_POINT ( 'NONE',  ( -3.086515833287601756E-15, 0.2687500012290328089, -1.443375672974063439 ) ) ;
#5869 = CARTESIAN_POINT ( 'NONE',  ( -0.5032151781250009392, 2.246875000614515283, -0.8715942556523212925 ) ) ;
#5870 = CONICAL_SURFACE ( 'NONE', #3158, 1.250000000000000000, 0.5235987755983033676 ) ;
#5871 = CARTESIAN_POINT ( 'NONE',  ( 1.006430356249998992, 11.24687500061451573, -0.5810628371015489346 ) ) ;
#5872 = DIRECTION ( 'NONE',  ( -1.051620219116009054E-14, 0.000000000000000000, -1.000000000000000000 ) ) ;
#5873 = EDGE_LOOP ( 'NONE', ( #745, #5200, #4347, #3764 ) ) ;
#5874 = CARTESIAN_POINT ( 'NONE',  ( -1.006430356249998992, 0.6718750006145155496, 0.5810628371015487126 ) ) ;
#5875 = CARTESIAN_POINT ( 'NONE',  ( 1.006430356249998326, 4.384375000614515905, -0.5810628371015497118 ) ) ;
#5876 = CARTESIAN_POINT ( 'NONE',  ( -1.249999999999999334, 7.524999999999997691, -1.530808498934190831E-16 ) ) ;
#5877 = CARTESIAN_POINT ( 'NONE',  ( -4.938688641342514686E-16, 7.187499999999998224, 1.249999999999999334 ) ) ;
#5878 = CARTESIAN_POINT ( 'NONE',  ( -0.6250000000000017764, 8.406250001229031099, -1.082531754730546636 ) ) ;
#5879 = CARTESIAN_POINT ( 'NONE',  ( -1.006430356249999880, 9.596875000614513596, -0.5810628371015476024 ) ) ;
#5880 = CARTESIAN_POINT ( 'NONE',  ( 0.6249999999999987788, 9.474999999999997868, 1.082531754730548412 ) ) ;
#5881 = CARTESIAN_POINT ( 'NONE',  ( 1.250000000000000444, 11.36875000122903145, 0.7216878364870297213 ) ) ;
#5882 = FACE_OUTER_BOUND ( 'NONE', #1840, .T. ) ;
#5883 = CARTESIAN_POINT ( 'NONE',  ( 1.006430356249998104, 2.134375000614515461, -0.5810628371015496008 ) ) ;
#5884 = FACE_OUTER_BOUND ( 'NONE', #510, .T. ) ;
#5885 = ORIENTED_EDGE ( 'NONE', *, *, #478, .T. ) ;
#5886 = CARTESIAN_POINT ( 'NONE',  ( -1.006430356249998992, 2.471875000614515372, 0.5810628371015487126 ) ) ;
#5887 = CARTESIAN_POINT ( 'NONE',  ( -0.5208333128494885278, 11.99999999999999822, -1.136324187996641033 ) ) ;
#5888 = CARTESIAN_POINT ( 'NONE',  ( -0.6249999999999993339, 4.749999999999998224, -1.082531754730547968 ) ) ;
#5889 = CARTESIAN_POINT ( 'NONE',  ( 2.909753293500117656E-15, 3.643750001229032698, 1.443375672974063439 ) ) ;
#5890 = LINE ( 'NONE', #1553, #1031 ) ;
#5891 = CARTESIAN_POINT ( 'NONE',  ( 0.000000000000000000, 12.00000000000000000, 0.000000000000000000 ) ) ;
#5892 = ORIENTED_EDGE ( 'NONE', *, *, #65, .F. ) ;
#5893 = AXIS2_PLACEMENT_3D ( 'NONE', #4091, #187, #1191 ) ;
#5894 = CARTESIAN_POINT ( 'NONE',  ( 1.006430356249998992, 5.846875000614515372, -0.5810628371015489346 ) ) ;
#5895 = CYLINDRICAL_SURFACE ( 'NONE', #2636, 1.249999999999999334 ) ;
#5896 = CARTESIAN_POINT ( 'NONE',  ( -0.5032151781250003841, 10.00937500061451679, -0.8715942556523218476 ) ) ;
#5897 = EDGE_CURVE ( 'NONE', #1453, #5622, #3151, .T. ) ;
#5898 = CARTESIAN_POINT ( 'NONE',  ( 0.3349364905389005664, 2.498653811796698321, -1.250000000000000000 ) ) ;
#5899 = CARTESIAN_POINT ( 'NONE',  ( 0.6249999999999974465, -0.2187499987709670413, -1.082531754730548856 ) ) ;
#5900 = CARTESIAN_POINT ( 'NONE',  ( 1.827526258964323273E-15, 5.134375000614515017, 1.162125674203096093 ) ) ;
#5901 = CARTESIAN_POINT ( 'NONE',  ( 0.5032151781249999400, 11.58437500061451608, 0.8715942556523221807 ) ) ;
#5902 = CARTESIAN_POINT ( 'NONE',  ( 0.5826578956285143329, 0.02812500184355281457, -0.8206167428484825166 ) ) ;
#5903 = CARTESIAN_POINT ( 'NONE',  ( -1.006430356249998992, 2.471875000614515372, 0.5810628371015487126 ) ) ;
#5904 = CARTESIAN_POINT ( 'NONE',  ( 0.5032151781250004952, 4.271875000614516082, 0.8715942556523216256 ) ) ;
#5905 = CARTESIAN_POINT ( 'NONE',  ( -1.249999999999999334, 8.424999999999998934, -1.530808498934190831E-16 ) ) ;
#5906 = CARTESIAN_POINT ( 'NONE',  ( 2.663606788145493121E-16, 14.50000000000000000, -2.100000000000000089 ) ) ;
#5907 = CARTESIAN_POINT ( 'NONE',  ( 0.6250000000000012212, 10.43125000122902968, 1.082531754730547080 ) ) ;
#5908 = CARTESIAN_POINT ( 'NONE',  ( -1.006430356249998992, 7.871875000614514839, 0.5810628371015487126 ) ) ;
#5909 = CARTESIAN_POINT ( 'NONE',  ( 2.236935443431609674E-15, 10.39375000122903181, 1.249999999999999556 ) ) ;
#5910 = DIRECTION ( 'NONE',  ( 0.000000000000000000, 0.000000000000000000, 1.000000000000000000 ) ) ;
#5911 = CARTESIAN_POINT ( 'NONE',  ( -0.6250000000000017764, 6.606250001229033053, -1.082531754730546636 ) ) ;
#5912 = CARTESIAN_POINT ( 'NONE',  ( -1.006430356249998548, 1.009375000614515461, 0.5810628371015493787 ) ) ;
#5913 = DIRECTION ( 'NONE',  ( 0.000000000000000000, 1.000000000000000000, 0.000000000000000000 ) ) ;
#5914 = ORIENTED_EDGE ( 'NONE', *, *, #783, .F. ) ;
#5915 = CARTESIAN_POINT ( 'NONE',  ( 9.204127980810867663E-16, 0.7468750006145155051, 1.162125674203096537 ) ) ;
#5916 = CARTESIAN_POINT ( 'NONE',  ( -0.6249999999999993339, 1.599999999999998535, -1.082531754730547968 ) ) ;
#5917 = CARTESIAN_POINT ( 'NONE',  ( 1.249999999999999556, 3.737499999999998490, -0.7216878364870316087 ) ) ;
#5918 = CARTESIAN_POINT ( 'NONE',  ( -0.6250000000000017764, 3.906250001229032431, -1.082531754730546636 ) ) ;
#5919 = FACE_OUTER_BOUND ( 'NONE', #976, .T. ) ;
#5920 = CARTESIAN_POINT ( 'NONE',  ( -1.006430356250000324, 11.28437500061451537, -0.5810628371015467142 ) ) ;
#5921 = EDGE_LOOP ( 'NONE', ( #1858, #6096, #394, #5914 ) ) ;
#5922 = STYLED_ITEM ( 'NONE', ( #5040 ), #3751 ) ;
#5923 = EDGE_CURVE ( 'NONE', #778, #4257, #3, .T. ) ;
#5924 = CARTESIAN_POINT ( 'NONE',  ( -0.5032151781250003841, 5.059375000614514839, -0.8715942556523218476 ) ) ;
#5925 = DIRECTION ( 'NONE',  ( 0.000000000000000000, 0.000000000000000000, -1.000000000000000000 ) ) ;
#5926 = CARTESIAN_POINT ( 'NONE',  ( 1.006430356249999658, 9.371875000614512174, 0.5810628371015478244 ) ) ;
#5927 = CARTESIAN_POINT ( 'NONE',  ( -0.7236689573151250388, 0.4500000000000000111, 1.019216974063148262 ) ) ;
#5928 = CARTESIAN_POINT ( 'NONE',  ( -0.6249999999999978906, 0.4562500012290327533, 1.082531754730548856 ) ) ;
#5929 = CARTESIAN_POINT ( 'NONE',  ( -0.5032151781250009392, 4.946875000614515017, -0.8715942556523212925 ) ) ;
#5930 = CARTESIAN_POINT ( 'NONE',  ( -4.938688641342514686E-16, 11.23749999999999893, 1.249999999999999334 ) ) ;
#5931 = EDGE_CURVE ( 'NONE', #4418, #1378, #5004, .T. ) ;
#5932 = FACE_OUTER_BOUND ( 'NONE', #2679, .T. ) ;
#5933 = AXIS2_PLACEMENT_3D ( 'NONE', #1896, #59, #4340 ) ;
#5934 = CARTESIAN_POINT ( 'NONE',  ( 1.006430356249999658, 3.109375000614515550, -9.819791222584817478E-16 ) ) ;
#5935 = CARTESIAN_POINT ( 'NONE',  ( 1.006430356249998326, 3.934375000614515727, -0.5810628371015497118 ) ) ;
#5936 = CARTESIAN_POINT ( 'NONE',  ( -1.249999999999999334, 11.08749999999999503, -0.7216878364870322748 ) ) ;
#5937 = CARTESIAN_POINT ( 'NONE',  ( 1.743066579297358255E-16, 1.112499999999998712, -1.249999999999999112 ) ) ;
#5938 = CARTESIAN_POINT ( 'NONE',  ( 0.6249999999999974465, 10.58125000122903181, -1.082531754730548856 ) ) ;
#5939 = CARTESIAN_POINT ( 'NONE',  ( 0.5032151781249990519, 8.584375000614514306, -0.8715942556523228468 ) ) ;
#5940 = CARTESIAN_POINT ( 'NONE',  ( 1.249999999999999334, 7.806250001229032343, -2.749541545756668106E-15 ) ) ;
#5941 = CARTESIAN_POINT ( 'NONE',  ( 0.3349364905389053959, 11.31384619066136743, 1.249999999999998890 ) ) ;
#5942 = FACE_OUTER_BOUND ( 'NONE', #5921, .T. ) ;
#5943 = CARTESIAN_POINT ( 'NONE',  ( 0.5032151781250004952, 0.2218750006145156772, 0.8715942556523216256 ) ) ;
#5944 = CARTESIAN_POINT ( 'NONE',  ( -0.6250000000000017764, 2.106250001229032609, -1.082531754730546636 ) ) ;
#5945 = ORIENTED_EDGE ( 'NONE', *, *, #791, .F. ) ;
#5946 = CARTESIAN_POINT ( 'NONE',  ( -1.006430356249999880, 0.5968750006145154829, -0.5810628371015476024 ) ) ;
#5947 = DIRECTION ( 'NONE',  ( 0.7071067811865489050, -0.7071067811865462405, 0.000000000000000000 ) ) ;
#5948 = CARTESIAN_POINT ( 'NONE',  ( -0.6250000000000002220, 4.449999999999998401, 1.082531754730547746 ) ) ;
#5949 = CARTESIAN_POINT ( 'NONE',  ( 0.6249999999999974465, 3.831250001229033142, -1.082531754730548856 ) ) ;
#5950 = DIRECTION ( 'NONE',  ( -0.000000000000000000, -1.000000000000000000, -0.000000000000000000 ) ) ;
#5951 = CARTESIAN_POINT ( 'NONE',  ( 0.5032151781249982747, 12.52187500061451431, -0.8715942556523229579 ) ) ;
#5952 = VERTEX_POINT ( 'NONE', #3053 ) ;
#5953 = CARTESIAN_POINT ( 'NONE',  ( -1.062732146793064886E-15, 7.721875000614516260, -1.162125674203096537 ) ) ;
#5954 = DIRECTION ( 'NONE',  ( 0.000000000000000000, 0.000000000000000000, -1.000000000000000000 ) ) ;
#5955 = CARTESIAN_POINT ( 'NONE',  ( 1.006430356249999658, 9.821875000614515017, 0.5810628371015478244 ) ) ;
#5956 = CARTESIAN_POINT ( 'NONE',  ( -0.3349364905389057290, 5.688846190661365654, -1.249999999999998668 ) ) ;
#5957 = VECTOR ( 'NONE', #5329, 1000.000000000000000 ) ;
#5958 = CARTESIAN_POINT ( 'NONE',  ( 0.6250000000000012212, 0.9812500012290328311, 1.082531754730547080 ) ) ;
#5959 = CARTESIAN_POINT ( 'NONE',  ( -1.006430356249999436, 5.921875000614515550, 1.644310252063557226E-15 ) ) ;
#5960 = CARTESIAN_POINT ( 'NONE',  ( -1.006430356249999436, 9.521875000614514306, 1.644310252063557226E-15 ) ) ;
#5961 = ORIENTED_EDGE ( 'NONE', *, *, #1823, .T. ) ;
#5962 = CARTESIAN_POINT ( 'NONE',  ( 0.3349364905389005664, 3.398653811796698232, -1.250000000000000000 ) ) ;
#5963 = CARTESIAN_POINT ( 'NONE',  ( 0.5032151781249999400, 3.484375000614515105, 0.8715942556523221807 ) ) ;
#5964 = CARTESIAN_POINT ( 'NONE',  ( 1.006430356249998326, 4.834375000614515194, -0.5810628371015497118 ) ) ;
#5965 = CARTESIAN_POINT ( 'NONE',  ( -0.6250000000000002220, 11.19999999999999751, 1.082531754730547746 ) ) ;
#5966 = DIRECTION ( 'NONE',  ( -0.000000000000000000, -1.000000000000000000, -0.000000000000000000 ) ) ;
#5967 = CARTESIAN_POINT ( 'NONE',  ( -1.969845607676301195E-15, -0.9406249993854841618, -1.162125674203096093 ) ) ;
#5968 = VECTOR ( 'NONE', #2411, 999.9999999999998863 ) ;
#5969 = CARTESIAN_POINT ( 'NONE',  ( -0.5032151781249993849, 8.809375000614515727, 0.8715942556523227358 ) ) ;
#5970 = CARTESIAN_POINT ( 'NONE',  ( 0.3349364905388969027, 8.742403810567660472, -1.250000000000002887 ) ) ;
#5971 = FACE_OUTER_BOUND ( 'NONE', #1643, .T. ) ;
#5972 = ADVANCED_FACE ( 'NONE', ( #5884 ), #3969, .T. ) ;
#5973 = FACE_OUTER_BOUND ( 'NONE', #1859, .T. ) ;
#5974 = CARTESIAN_POINT ( 'NONE',  ( -1.969845607676301195E-15, 0.8593750006145156606, -1.162125674203096093 ) ) ;
#5975 = CARTESIAN_POINT ( 'NONE',  ( 0.6249999999999974465, 0.6812500012290328977, -1.082531754730548856 ) ) ;
#5976 =( BOUNDED_CURVE ( )  B_SPLINE_CURVE ( 2, ( #6150, #1352, #2765, #4246, #878, #3682, #1259, #4186, #6067 ),
 .UNSPECIFIED., .F., .T. ) 
 B_SPLINE_CURVE_WITH_KNOTS ( ( 3, 2, 2, 2, 3 ),
 ( 0.3629032258064516236, 0.3655913978494623739, 0.3709677419354838745, 0.3763440860215053752, 0.3790322580645161255 ),
 .UNSPECIFIED. ) 
 CURVE ( )  GEOMETRIC_REPRESENTATION_ITEM ( )  RATIONAL_B_SPLINE_CURVE ( ( 0.9330127018922194093, 0.9330127018922194093, 1.000000000000000000, 0.8660254037844387076, 1.000000000000000000, 0.8660254037844387076, 1.000000000000000000, 0.9330127018922194093, 0.9330127018922194093 ) ) 
 REPRESENTATION_ITEM ( '' )  );
#5977 = ORIENTED_EDGE ( 'NONE', *, *, #1713, .T. ) ;
#5978 = CARTESIAN_POINT ( 'NONE',  ( -0.5032151781249993849, 0.7093750006145155274, 0.8715942556523227358 ) ) ;
#5979 = PLANE ( 'NONE',  #4381 ) ;
#5980 = CARTESIAN_POINT ( 'NONE',  ( 1.249999999999999334, 4.599999999999997868, 0.000000000000000000 ) ) ;
#5981 = DIRECTION ( 'NONE',  ( -0.000000000000000000, -1.000000000000000000, -0.000000000000000000 ) ) ;
#5982 = CARTESIAN_POINT ( 'NONE',  ( 2.909753293500117656E-15, 5.443750001229031632, 1.443375672974063439 ) ) ;
#5983 = CARTESIAN_POINT ( 'NONE',  ( -0.6249999999999993339, 11.49999999999999645, -1.082531754730547968 ) ) ;
#5984 = CARTESIAN_POINT ( 'NONE',  ( 1.006430356249999880, 11.95937500061451253, 0.5810628371015469362 ) ) ;
#5985 = ORIENTED_EDGE ( 'NONE', *, *, #4090, .T. ) ;
#5986 = CARTESIAN_POINT ( 'NONE',  ( -0.5032151781249993849, 9.259375000614515017, 0.8715942556523227358 ) ) ;
#5987 = VECTOR ( 'NONE', #4775, 1000.000000000000000 ) ;
#5988 = AXIS2_PLACEMENT_3D ( 'NONE', #635, #5447, #4980 ) ;
#5989 = DIRECTION ( 'NONE',  ( 0.000000000000000000, 0.000000000000000000, -1.000000000000000000 ) ) ;
#5990 = CARTESIAN_POINT ( 'NONE',  ( 9.204127980810863719E-16, 11.09687500061451360, 1.162125674203096537 ) ) ;
#5991 = CARTESIAN_POINT ( 'NONE',  ( 0.3349364905389032865, 4.692403810567663314, -1.249999999999999112 ) ) ;
#5992 = CARTESIAN_POINT ( 'NONE',  ( -3.086515833287601756E-15, -1.081249998770966947, -1.443375672974063439 ) ) ;
#5993 = CARTESIAN_POINT ( 'NONE',  ( -1.006430356249998548, 5.509375000614515905, 0.5810628371015493787 ) ) ;
#5994 = CARTESIAN_POINT ( 'NONE',  ( -1.006430356249999436, 9.071875000614513240, 1.644310252063557226E-15 ) ) ;
#5995 = ORIENTED_EDGE ( 'NONE', *, *, #4706, .T. ) ;
#5996 = CARTESIAN_POINT ( 'NONE',  ( -1.006430356249999880, 1.046875000614515550, -0.5810628371015474913 ) ) ;
#5997 = CARTESIAN_POINT ( 'NONE',  ( -1.006430356249998992, 4.271875000614514306, 0.5810628371015487126 ) ) ;
#5998 = CARTESIAN_POINT ( 'NONE',  ( 1.827526258964323273E-15, 5.134375000614515017, 1.162125674203096093 ) ) ;
#5999 = CARTESIAN_POINT ( 'NONE',  ( 8.838126989374219771E-17, 10.11249999999999716, -1.443375672974063439 ) ) ;
#6000 = CARTESIAN_POINT ( 'NONE',  ( 0.6249999999999974465, 9.681250001229033231, -1.082531754730548856 ) ) ;
#6001 = CARTESIAN_POINT ( 'NONE',  ( 2.909753293500117656E-15, 11.29375000122903216, 1.443375672974063439 ) ) ;
#6002 = EDGE_CURVE ( 'NONE', #6008, #6209, #2479, .T. ) ;
#6003 = CARTESIAN_POINT ( 'NONE',  ( -0.5032151781249993849, 9.709375000614514306, 0.8715942556523227358 ) ) ;
#6004 = CYLINDRICAL_SURFACE ( 'NONE', #1037, 1.249999999999999334 ) ;
#6005 = CARTESIAN_POINT ( 'NONE',  ( -2.614599868946037210E-15, 2.968750001229032431, -1.249999999999999334 ) ) ;
#6006 = CARTESIAN_POINT ( 'NONE',  ( -0.6249999999999978906, 6.756250001229031632, 1.082531754730548856 ) ) ;
#6007 = CARTESIAN_POINT ( 'NONE',  ( 1.827526258964323273E-15, 2.884375000614515905, 1.162125674203096093 ) ) ;
#6008 = VERTEX_POINT ( 'NONE', #5444 ) ;
#6009 = EDGE_CURVE ( 'NONE', #1201, #2798, #3081, .T. ) ;
#6010 = CARTESIAN_POINT ( 'NONE',  ( 1.006430356249998770, 2.246875000614515283, -0.5810628371015489346 ) ) ;
#6011 = CARTESIAN_POINT ( 'NONE',  ( 1.249999999999999112, 5.462499999999998579, 0.7216878364870323859 ) ) ;
#6012 = FILL_AREA_STYLE_COLOUR ( '', #5423 ) ;
#6013 = CARTESIAN_POINT ( 'NONE',  ( -1.250000000000000444, 7.993750001229031454, -0.7216878364870296103 ) ) ;
#6014 = CARTESIAN_POINT ( 'NONE',  ( -0.6249999999999978906, 11.70625000122903181, 1.082531754730548856 ) ) ;
#6015 = CARTESIAN_POINT ( 'NONE',  ( -1.191095495853194869E-15, 0.4937500012290325646, 1.249999999999999334 ) ) ;
#6016 = ORIENTED_EDGE ( 'NONE', *, *, #5583, .F. ) ;
#6017 = CARTESIAN_POINT ( 'NONE',  ( 0.5032151781249990519, 8.584375000614514306, -0.8715942556523228468 ) ) ;
#6018 = LINE ( 'NONE', #704, #4055 ) ;
#6019 = CARTESIAN_POINT ( 'NONE',  ( -1.006430356249998992, 10.57187500061451324, 0.5810628371015487126 ) ) ;
#6020 = CARTESIAN_POINT ( 'NONE',  ( 2.744313073555416023E-11, 0.02812500184355220048, -1.006430356249999658 ) ) ;
#6021 = CARTESIAN_POINT ( 'NONE',  ( 0.6250000000000012212, 1.431250001229032787, 1.082531754730547080 ) ) ;
#6022 = CARTESIAN_POINT ( 'NONE',  ( 1.006430356249999436, 4.346875000614515372, -1.767562423498186358E-15 ) ) ;
#6023 = CARTESIAN_POINT ( 'NONE',  ( -1.006430356249998548, 7.759375000614515017, 0.5810628371015493787 ) ) ;
#6024 = AXIS2_PLACEMENT_3D ( 'NONE', #2802, #2318, #4723 ) ;
#6025 = VERTEX_POINT ( 'NONE', #5474 ) ;
#6026 = CARTESIAN_POINT ( 'NONE',  ( 0.5032151781249990519, 2.284375000614515372, -0.8715942556523228468 ) ) ;
#6027 = CARTESIAN_POINT ( 'NONE',  ( -0.5032151781249993849, 3.859375000614515550, 0.8715942556523227358 ) ) ;
#6028 = CARTESIAN_POINT ( 'NONE',  ( -0.5032151781250009392, 6.746875000614515727, -0.8715942556523212925 ) ) ;
#6029 = CARTESIAN_POINT ( 'NONE',  ( -2.651438096812265438E-16, 10.33749999999999858, 1.443375672974063439 ) ) ;
#6030 = FACE_OUTER_BOUND ( 'NONE', #4849, .T. ) ;
#6031 = CARTESIAN_POINT ( 'NONE',  ( 1.249999999999999334, 12.30625000122903145, -2.749541545756668106E-15 ) ) ;
#6032 = ORIENTED_EDGE ( 'NONE', *, *, #3540, .T. ) ;
#6033 = CARTESIAN_POINT ( 'NONE',  ( 0.5032151781249999400, 12.03437500061451537, 0.8715942556523221807 ) ) ;
#6034 = CARTESIAN_POINT ( 'NONE',  ( 0.3349364905389053959, 8.613846190661364588, 1.249999999999998890 ) ) ;
#6035 = CARTESIAN_POINT ( 'NONE',  ( -1.006430356249999880, 0.05153263737189793525, -0.3152051013094848142 ) ) ;
#6036 = CARTESIAN_POINT ( 'NONE',  ( 0.6249999999999987788, 4.974999999999998757, 1.082531754730548412 ) ) ;
#6037 = CARTESIAN_POINT ( 'NONE',  ( 0.5032151781250004952, 4.721875000614515372, 0.8715942556523216256 ) ) ;
#6038 = ADVANCED_FACE ( 'NONE', ( #3996 ), #2059, .T. ) ;
#6039 = CARTESIAN_POINT ( 'NONE',  ( 0.6249999999999987788, 9.024999999999998579, 1.082531754730548412 ) ) ;
#6040 = VERTEX_POINT ( 'NONE', #2512 ) ;
#6041 = CARTESIAN_POINT ( 'NONE',  ( -1.006430356249999658, 2.884375000614515461, 8.587269508238526152E-16 ) ) ;
#6042 = CARTESIAN_POINT ( 'NONE',  ( 0.6249999999999987788, 5.424999999999998046, 1.082531754730548412 ) ) ;
#6043 = SURFACE_STYLE_USAGE ( .BOTH. , #3625 ) ;
#6044 = CARTESIAN_POINT ( 'NONE',  ( 1.250000000000000444, 5.968750001229032875, 0.7216878364870298324 ) ) ;
#6045 = CARTESIAN_POINT ( 'NONE',  ( -3.195622062045156678E-15, 1.562499999999998890, -1.249999999999999112 ) ) ;
#6046 = CARTESIAN_POINT ( 'NONE',  ( -0.6249999999999993339, 0.6999999999999986233, -1.082531754730547968 ) ) ;
#6047 = ORIENTED_EDGE ( 'NONE', *, *, #1246, .F. ) ;
#6048 = CARTESIAN_POINT ( 'NONE',  ( 1.006430356249999658, 7.571875000614515017, 0.5810628371015478244 ) ) ;
#6049 = CARTESIAN_POINT ( 'NONE',  ( 1.743066579297358255E-16, 1.112499999999998712, -1.249999999999999112 ) ) ;
#6050 = CARTESIAN_POINT ( 'NONE',  ( 1.006430356249999658, 11.62187500061451573, 0.5810628371015478244 ) ) ;
#6051 = CARTESIAN_POINT ( 'NONE',  ( -0.7142857142857106378, 13.11428571428571388, 0.4123930494211629494 ) ) ;
#6053 = ADVANCED_FACE ( 'NONE', ( #1576 ), #2121, .T. ) ;
#6052 = CARTESIAN_POINT ( 'NONE',  ( 1.249999999999999334, 2.406250001229032875, -2.749541545756668106E-15 ) ) ;
#6054 = CARTESIAN_POINT ( 'NONE',  ( -1.006430356249998548, 8.659375000614513596, 0.5810628371015493787 ) ) ;
#6055 = CARTESIAN_POINT ( 'NONE',  ( -1.006430356249998548, 9.109375000614512885, 0.5810628371015493787 ) ) ;
#6056 = ORIENTED_EDGE ( 'NONE', *, *, #6185, .T. ) ;
#6057 = CARTESIAN_POINT ( 'NONE',  ( 1.006430356249998992, 1.796875000614515994, -0.5810628371015489346 ) ) ;
#6058 = CARTESIAN_POINT ( 'NONE',  ( -1.006430356249999880, 6.446875000614515017, -0.5810628371015476024 ) ) ;
#6059 = CARTESIAN_POINT ( 'NONE',  ( 1.006430356249999436, 7.046875000614515550, -1.767562423498186358E-15 ) ) ;
#6060 = ORIENTED_EDGE ( 'NONE', *, *, #408, .F. ) ;
#6061 = CARTESIAN_POINT ( 'NONE',  ( -1.249999999999999334, 11.98749999999999716, -0.7216878364870322748 ) ) ;
#6062 = CARTESIAN_POINT ( 'NONE',  ( -0.3349364905389057290, 8.838846190661367785, -1.249999999999998668 ) ) ;
#6063 = CARTESIAN_POINT ( 'NONE',  ( 1.006430356249998104, 0.3343750006145156939, -0.5810628371015496008 ) ) ;
#6064 = ORIENTED_EDGE ( 'NONE', *, *, #1521, .F. ) ;
#6065 = CARTESIAN_POINT ( 'NONE',  ( -0.5032151781250003841, 12.25937500061451502, -0.8715942556523218476 ) ) ;
#6066 = CARTESIAN_POINT ( 'NONE',  ( 0.3349364905389005664, 7.898653811796699564, -1.250000000000000000 ) ) ;
#6067 = CARTESIAN_POINT ( 'NONE',  ( -4.938688641342514686E-16, 4.487499999999998046, 1.249999999999999334 ) ) ;
#6068 = CARTESIAN_POINT ( 'NONE',  ( -1.969845607676301195E-15, 2.659375000614515816, -1.162125674203096093 ) ) ;
#6069 =( NAMED_UNIT ( * ) SI_UNIT ( $, .STERADIAN. ) SOLID_ANGLE_UNIT ( ) );
#6070 = EDGE_LOOP ( 'NONE', ( #5475, #518, #5327, #1256 ) ) ;
#6071 = CARTESIAN_POINT ( 'NONE',  ( -1.062732146793064886E-15, 3.671875000614515105, -1.162125674203096537 ) ) ;
#6072 = CARTESIAN_POINT ( 'NONE',  ( -0.3349364905389035640, 9.417403810567662958, 1.249999999999999112 ) ) ;
#6073 = CARTESIAN_POINT ( 'NONE',  ( -0.3349364905389008995, 9.923653811796697255, 1.250000000000000000 ) ) ;
#6074 = CARTESIAN_POINT ( 'NONE',  ( 1.249999999999999334, 6.456250001229032698, -2.749541545756668106E-15 ) ) ;
#6075 = LINE ( 'NONE', #3220, #1899 ) ;
#6076 = ORIENTED_EDGE ( 'NONE', *, *, #5599, .T. ) ;
#6077 = CARTESIAN_POINT ( 'NONE',  ( -1.006430356249999880, 9.596875000614513596, -0.5810628371015474913 ) ) ;
#6078 = ADVANCED_FACE ( 'NONE', ( #1608 ), #3464, .T. ) ;
#6079 = CARTESIAN_POINT ( 'NONE',  ( -1.062732146793064491E-15, 12.22187500061451537, -1.162125674203096537 ) ) ;
#6080 = CARTESIAN_POINT ( 'NONE',  ( 0.000000000000000000, 12.00000000000000000, -1.249999999999999334 ) ) ;
#6081 = CARTESIAN_POINT ( 'NONE',  ( -1.250000000000000444, 1.693750001229032742, -0.7216878364870296103 ) ) ;
#6082 = CARTESIAN_POINT ( 'NONE',  ( 1.006430356249999436, 7.496875000614514839, -1.767562423498186358E-15 ) ) ;
#6083 = CARTESIAN_POINT ( 'NONE',  ( -1.006430356250000324, 9.934375000614513951, -0.5810628371015467142 ) ) ;
#6084 = ORIENTED_EDGE ( 'NONE', *, *, #2413, .F. ) ;
#6085 = CARTESIAN_POINT ( 'NONE',  ( -0.5032151781250003841, 2.359375000614515105, -0.8715942556523218476 ) ) ;
#6086 = ADVANCED_FACE ( 'NONE', ( #2572 ), #2028, .F. ) ;
#6087 = CARTESIAN_POINT ( 'NONE',  ( -1.006430356249999880, 5.096875000614515372, -0.5810628371015476024 ) ) ;
#6088 = CARTESIAN_POINT ( 'NONE',  ( -1.969845607676301195E-15, 8.059375000614513951, -1.162125674203096093 ) ) ;
#6089 = CARTESIAN_POINT ( 'NONE',  ( 0.6249999999999974465, 5.181250001229032343, -1.082531754730548856 ) ) ;
#6090 = CARTESIAN_POINT ( 'NONE',  ( 0.3349364905389026204, 3.607596189432332512, 1.249999999999999556 ) ) ;
#6091 = CARTESIAN_POINT ( 'NONE',  ( 1.006430356249998104, -0.1156249993854842339, -0.5810628371015496008 ) ) ;
#6092 = CARTESIAN_POINT ( 'NONE',  ( 0.6249999999999987788, 7.224999999999997868, 1.082531754730548412 ) ) ;
#6093 = CARTESIAN_POINT ( 'NONE',  ( 0.5032151781250004952, 1.121875000614515727, 0.8715942556523216256 ) ) ;
#6094 = CARTESIAN_POINT ( 'NONE',  ( -4.938688641342514686E-16, 10.33749999999999858, 1.249999999999999334 ) ) ;
#6095 = CARTESIAN_POINT ( 'NONE',  ( 1.006430356249999436, 3.446875000614515461, -1.767562423498186358E-15 ) ) ;
#6096 = ORIENTED_EDGE ( 'NONE', *, *, #4046, .T. ) ;
#6097 = CARTESIAN_POINT ( 'NONE',  ( -1.006430356249999880, 3.296875000614516438, -0.5810628371015476024 ) ) ;
#6098 = CARTESIAN_POINT ( 'NONE',  ( -0.3349364905388993452, 10.18884619066136565, -1.250000000000002442 ) ) ;
#6099 = CARTESIAN_POINT ( 'NONE',  ( -1.250000000000000444, 3.943750001229032520, -0.7216878364870294993 ) ) ;
#6100 = CARTESIAN_POINT ( 'NONE',  ( 0.6249999999999997780, 2.874999999999998668, -1.082531754730547746 ) ) ;
#6101 = CARTESIAN_POINT ( 'NONE',  ( 0.6249999999999987788, 6.324999999999998401, 1.082531754730548412 ) ) ;
#6102 = ORIENTED_EDGE ( 'NONE', *, *, #3812, .F. ) ;
#6103 = CARTESIAN_POINT ( 'NONE',  ( 0.5032151781249999400, 9.784375000614513596, 0.8715942556523221807 ) ) ;
#6104 = CARTESIAN_POINT ( 'NONE',  ( 1.249999999999999334, 10.50625000122903252, -2.749541545756668106E-15 ) ) ;
#6105 = CARTESIAN_POINT ( 'NONE',  ( -1.006430356249998992, 11.92187500061451289, 0.5810628371015487126 ) ) ;
#6106 = CARTESIAN_POINT ( 'NONE',  ( -1.000000000000000444, 14.35000000000000497, -0.5773502691896266192 ) ) ;
#6107 = CARTESIAN_POINT ( 'NONE',  ( -1.250000000000000444, 1.243750001229033009, -0.7216878364870296103 ) ) ;
#6108 = CARTESIAN_POINT ( 'NONE',  ( -1.006430356250000324, 8.584375000614512530, -0.5810628371015467142 ) ) ;
#6109 = CARTESIAN_POINT ( 'NONE',  ( 0.5032151781250004952, 10.57187500061451324, 0.8715942556523216256 ) ) ;
#6110 = EDGE_CURVE ( 'NONE', #5566, #4641, #2052, .T. ) ;
#6111 = EDGE_LOOP ( 'NONE', ( #4924, #4205, #2745, #4745 ) ) ;
#6112 = CARTESIAN_POINT ( 'NONE',  ( 0.5032151781249999400, 4.384375000614515905, 0.8715942556523221807 ) ) ;
#6113 = CARTESIAN_POINT ( 'NONE',  ( 1.006430356249999658, 4.871875000614513951, 0.5810628371015478244 ) ) ;
#6114 = CARTESIAN_POINT ( 'NONE',  ( -0.5032151781250009392, 6.296875000614515550, -0.8715942556523212925 ) ) ;
#6115 = CARTESIAN_POINT ( 'NONE',  ( -1.249999999999999334, 1.281250001229032875, 2.596460695863248776E-15 ) ) ;
#6116 = VECTOR ( 'NONE', #2082, 1000.000000000000000 ) ;
#6117 = CARTESIAN_POINT ( 'NONE',  ( 0.5032151781250004952, -0.2281249993854843339, 0.8715942556523216256 ) ) ;
#6118 = EDGE_CURVE ( 'NONE', #387, #1776, #3355, .T. ) ;
#6119 = LINE ( 'NONE', #4746, #5987 ) ;
#6120 = CARTESIAN_POINT ( 'NONE',  ( -1.000000000000000444, 13.40000000000000036, -0.5773502691896265082 ) ) ;
#6121 = CARTESIAN_POINT ( 'NONE',  ( 1.006430356249999880, 4.309375000614515727, 0.5810628371015469362 ) ) ;
#6122 = EDGE_CURVE ( 'NONE', #931, #3800, #4917, .T. ) ;
#6123 = DIRECTION ( 'NONE',  ( -0.8660254037844388186, 0.000000000000000000, 0.4999999999999996669 ) ) ;
#6124 = ORIENTED_EDGE ( 'NONE', *, *, #1281, .F. ) ;
#6125 = CARTESIAN_POINT ( 'NONE',  ( 1.006430356249999658, 4.871875000614513951, 0.5810628371015478244 ) ) ;
#6126 = VECTOR ( 'NONE', #1732, 1000.000000000000000 ) ;
#6127 = FACE_OUTER_BOUND ( 'NONE', #4145, .T. ) ;
#6128 = CARTESIAN_POINT ( 'NONE',  ( -0.6250000000000002220, 5.349999999999997868, 1.082531754730547746 ) ) ;
#6129 = CARTESIAN_POINT ( 'NONE',  ( 1.530808498934190831E-16, 12.00000000000000000, 1.249999999999999334 ) ) ;
#6130 = CARTESIAN_POINT ( 'NONE',  ( -0.3349364905389035640, 11.21740381056766367, 1.249999999999999112 ) ) ;
#6131 = ORIENTED_EDGE ( 'NONE', *, *, #791, .T. ) ;
#6132 = CARTESIAN_POINT ( 'NONE',  ( -3.195622062045156678E-15, 2.012499999999999289, -1.249999999999999112 ) ) ;
#6133 = CARTESIAN_POINT ( 'NONE',  ( 9.204127980810863719E-16, 12.44687500061451502, 1.162125674203096537 ) ) ;
#6134 = CARTESIAN_POINT ( 'NONE',  ( -0.3349364905389035640, 3.567403810567665090, 1.249999999999999112 ) ) ;
#6135 = CARTESIAN_POINT ( 'NONE',  ( -0.5032151781250009392, 8.096875000614513596, -0.8715942556523212925 ) ) ;
#6136 = CARTESIAN_POINT ( 'NONE',  ( 0.5032151781250004952, 10.12187500061451395, 0.8715942556523216256 ) ) ;
#6137 = VERTEX_POINT ( 'NONE', #4470 ) ;
#6138 = CARTESIAN_POINT ( 'NONE',  ( -1.062732146793064886E-15, 4.121875000614514839, -1.162125674203096537 ) ) ;
#6139 = CARTESIAN_POINT ( 'NONE',  ( -1.006430356249999880, 4.646875000614515194, -0.5810628371015476024 ) ) ;
#6140 = CARTESIAN_POINT ( 'NONE',  ( 0.5032151781250004952, 6.971875000614515372, 0.8715942556523216256 ) ) ;
#6141 = EDGE_LOOP ( 'NONE', ( #425, #1874, #725, #5305, #1347 ) ) ;
#6142 = CARTESIAN_POINT ( 'NONE',  ( 1.249999999999999556, 12.73749999999999893, -0.7216878364870316087 ) ) ;
#6143 = CARTESIAN_POINT ( 'NONE',  ( -1.249999999999999334, 1.224999999999998757, -1.530808498934190831E-16 ) ) ;
#6144 = CARTESIAN_POINT ( 'NONE',  ( -1.006430356250000324, 0.4843750006145155496, -0.5810628371015467142 ) ) ;
#6145 = ORIENTED_EDGE ( 'NONE', *, *, #3010, .F. ) ;
#6146 = ORIENTED_EDGE ( 'NONE', *, *, #2493, .F. ) ;
#6147 = CARTESIAN_POINT ( 'NONE',  ( 1.006430356249999658, -0.4906249993854842617, -9.819791222584817478E-16 ) ) ;
#6148 = CARTESIAN_POINT ( 'NONE',  ( -1.969845607676301195E-15, 0.8593750006145156606, -1.162125674203096093 ) ) ;
#6149 = CARTESIAN_POINT ( 'NONE',  ( 0.6249999999999997780, 6.474999999999997868, -1.082531754730547746 ) ) ;
#6150 = CARTESIAN_POINT ( 'NONE',  ( 1.743066579297358255E-16, 4.262499999999998401, -1.249999999999999112 ) ) ;
#6151 = CARTESIAN_POINT ( 'NONE',  ( -0.5032151781249986078, 6.896875000614514306, 0.8715942556523228468 ) ) ;
#6152 = VECTOR ( 'NONE', #141, 1000.000000000000114 ) ;
#6153 = EDGE_LOOP ( 'NONE', ( #3324, #3754, #1661, #3970 ) ) ;
#6154 = CARTESIAN_POINT ( 'NONE',  ( -0.5032151781249993849, 4.309375000614514839, 0.8715942556523227358 ) ) ;
#6155 = CARTESIAN_POINT ( 'NONE',  ( -1.249999999999999334, 8.424999999999998934, -1.530808498934190831E-16 ) ) ;
#6156 = EDGE_CURVE ( 'NONE', #1609, #3718, #1043, .T. ) ;
#6157 = DIRECTION ( 'NONE',  ( 0.8660254037844388186, 0.000000000000000000, -0.4999999999999996669 ) ) ;
#6158 = CARTESIAN_POINT ( 'NONE',  ( 0.6249999999999987788, 2.724999999999998312, 1.082531754730548412 ) ) ;
#6159 = FACE_OUTER_BOUND ( 'NONE', #1408, .T. ) ;
#6160 = CYLINDRICAL_SURFACE ( 'NONE', #2105, 1.249999999999999334 ) ;
#6161 = EDGE_LOOP ( 'NONE', ( #5760, #1469, #5170, #4411 ) ) ;
#6162 = VECTOR ( 'NONE', #4520, 1000.000000000000000 ) ;
#6163 = CARTESIAN_POINT ( 'NONE',  ( 1.249999999999999334, 5.556250001229032343, -2.749541545756668106E-15 ) ) ;
#6164 = CARTESIAN_POINT ( 'NONE',  ( -0.6250000000000002220, -0.5000000000000013323, 1.082531754730547746 ) ) ;
#6165 = DIRECTION ( 'NONE',  ( -0.6546536707079780859, 0.6546536707079750883, -0.3779644730092289739 ) ) ;
#6166 = CARTESIAN_POINT ( 'NONE',  ( -1.006430356250000324, 8.134375000614515017, -0.5810628371015467142 ) ) ;
#6167 = CARTESIAN_POINT ( 'NONE',  ( 1.827526258964323273E-15, 11.43437500061451395, 1.162125674203096093 ) ) ;
#6168 = ORIENTED_EDGE ( 'NONE', *, *, #5082, .F. ) ;
#6169 =( BOUNDED_CURVE ( )  B_SPLINE_CURVE ( 2, ( #4696, #2711, #4165, #2251, #4632, #4568, #231, #355, #4195 ),
 .UNSPECIFIED., .F., .T. ) 
 B_SPLINE_CURVE_WITH_KNOTS ( ( 3, 2, 2, 2, 3 ),
 ( 0.6209677419354838745, 0.6236559139784946248, 0.6290322580645161255, 0.6344086021505376261, 0.6370967741935483764 ),
 .UNSPECIFIED. ) 
 CURVE ( )  GEOMETRIC_REPRESENTATION_ITEM ( )  RATIONAL_B_SPLINE_CURVE ( ( 0.9330127018922194093, 0.9330127018922194093, 1.000000000000000000, 0.8660254037844387076, 1.000000000000000000, 0.8660254037844387076, 1.000000000000000000, 0.9330127018922194093, 0.9330127018922194093 ) ) 
 REPRESENTATION_ITEM ( '' )  );
#6170 = CARTESIAN_POINT ( 'NONE',  ( 9.204127980810867663E-16, 3.446875000614515461, 1.162125674203096537 ) ) ;
#6171 = CARTESIAN_POINT ( 'NONE',  ( 0.5032151781249999400, 10.23437500061451644, 0.8715942556523221807 ) ) ;
#6172 = CARTESIAN_POINT ( 'NONE',  ( -1.062732146793064491E-15, 5.021875000614514306, -1.162125674203096537 ) ) ;
#6173 = CARTESIAN_POINT ( 'NONE',  ( -0.5032151781249986078, 9.146875000614514306, 0.8715942556523228468 ) ) ;
#6174 = VERTEX_POINT ( 'NONE', #4623 ) ;
#6175 = CARTESIAN_POINT ( 'NONE',  ( 0.3349364905389005664, 5.198653811796699387, -1.250000000000000000 ) ) ;
#6176 = CARTESIAN_POINT ( 'NONE',  ( 2.663606788145493121E-16, 12.00000000000000000, -2.100000000000000089 ) ) ;
#6177 = CARTESIAN_POINT ( 'NONE',  ( -1.006430356249998548, 1.009375000614515461, 0.5810628371015493787 ) ) ;
#6178 = VERTEX_POINT ( 'NONE', #789 ) ;
#6179 = CARTESIAN_POINT ( 'NONE',  ( 0.3349364905389032865, 7.392403810567663491, -1.249999999999999112 ) ) ;
#6180 = CARTESIAN_POINT ( 'NONE',  ( -0.5032151781250009392, 1.796875000614515550, -0.8715942556523212925 ) ) ;
#6181 = CARTESIAN_POINT ( 'NONE',  ( -1.249999999999999778, 7.112499999999998046, 0.7216878364870313867 ) ) ;
#6182 = DIRECTION ( 'NONE',  ( 0.000000000000000000, 0.000000000000000000, -1.000000000000000000 ) ) ;
#6183 = CARTESIAN_POINT ( 'NONE',  ( 1.250000000000000444, 6.418750001229033053, 0.7216878364870298324 ) ) ;
#6184 = CARTESIAN_POINT ( 'NONE',  ( 1.827526258964323273E-15, 5.584375000614515194, 1.162125674203096093 ) ) ;
#6185 = EDGE_CURVE ( 'NONE', #2234, #3033, #1156, .T. ) ;
#6186 = VERTEX_POINT ( 'NONE', #5573 ) ;
#6187 = CARTESIAN_POINT ( 'NONE',  ( -1.006430356249999658, 6.034375000614515372, 8.587269508238526152E-16 ) ) ;
#6188 = CARTESIAN_POINT ( 'NONE',  ( 2.236935443431609674E-15, 10.39375000122903003, 1.249999999999999556 ) ) ;
#6189 = CARTESIAN_POINT ( 'NONE',  ( -0.6250000000000002220, 9.399999999999998579, 1.082531754730547746 ) ) ;
#6190 = FACE_OUTER_BOUND ( 'NONE', #4804, .T. ) ;
#6191 = CARTESIAN_POINT ( 'NONE',  ( -0.09395285551603721474, 0.1403921915822388400, 1.071247848466803987 ) ) ;
#6192 = EDGE_CURVE ( 'NONE', #6137, #3345, #5285, .T. ) ;
#6193 = EDGE_LOOP ( 'NONE', ( #961, #923, #487, #4127 ) ) ;
#6194 = CARTESIAN_POINT ( 'NONE',  ( -2.614599868946037210E-15, 2.968750001229032431, -1.249999999999999334 ) ) ;
#6195 = CARTESIAN_POINT ( 'NONE',  ( 1.249999999999999556, 1.487499999999998490, -0.7216878364870316087 ) ) ;
#6196 = CARTESIAN_POINT ( 'NONE',  ( 0.000000000000000000, 0.000000000000000000, 0.000000000000000000 ) ) ;
#6197 = CARTESIAN_POINT ( 'NONE',  ( -1.969845607676301195E-15, 9.409375000614513596, -1.162125674203096093 ) ) ;
#6198 = CARTESIAN_POINT ( 'NONE',  ( -0.5032151781249986078, 11.39687500061451431, 0.8715942556523228468 ) ) ;
#6199 = ORIENTED_EDGE ( 'NONE', *, *, #2662, .F. ) ;
#6200 = B_SPLINE_CURVE_WITH_KNOTS ( 'NONE', 3,
 ( #4222, #2280, #4160, #4722 ),
 .UNSPECIFIED., .F., .F.,
 ( 4, 4 ),
 ( 2.622335209753013447E-18, 0.0006218714022896663918 ),
 .UNSPECIFIED. ) ;
#6201 = CARTESIAN_POINT ( 'NONE',  ( 9.204127980810867663E-16, 4.796875000614515550, 1.162125674203096537 ) ) ;
#6202 = CARTESIAN_POINT ( 'NONE',  ( -0.5032151781249993849, 10.60937500061451644, 0.8715942556523227358 ) ) ;
#6203 = CARTESIAN_POINT ( 'NONE',  ( -1.006430356249999880, 7.796875000614514661, -0.5810628371015476024 ) ) ;
#6204 = CARTESIAN_POINT ( 'NONE',  ( 0.5032151781250004952, 9.671875000614512885, 0.8715942556523216256 ) ) ;
#6205 = CARTESIAN_POINT ( 'NONE',  ( 7.553288510288552685E-16, 1.168750001229032831, -1.249999999999999334 ) ) ;
#6206 = LINE ( 'NONE', #2462, #5833 ) ;
#6207 = CARTESIAN_POINT ( 'NONE',  ( 1.827526258964323273E-15, 3.784375000614515816, 1.162125674203096093 ) ) ;
#6208 = ORIENTED_EDGE ( 'NONE', *, *, #3310, .T. ) ;
#6209 = VERTEX_POINT ( 'NONE', #1673 ) ;
#6210 = CARTESIAN_POINT ( 'NONE',  ( -0.5032151781250003841, -0.7906249993854842506, -0.8715942556523218476 ) ) ;
#6211 = CARTESIAN_POINT ( 'NONE',  ( -0.5032151781249986078, 1.946875000614515461, 0.8715942556523228468 ) ) ;
#6212 = CARTESIAN_POINT ( 'NONE',  ( -1.249999999999999334, 6.174999999999998046, -1.530808498934190831E-16 ) ) ;
#6213 = CARTESIAN_POINT ( 'NONE',  ( -1.249999999999999334, 8.031250001229031099, 2.596460695863248776E-15 ) ) ;
#6214 = CARTESIAN_POINT ( 'NONE',  ( -0.5032151781250009392, 7.196875000614515017, -0.8715942556523212925 ) ) ;
#6215 = VECTOR ( 'NONE', #5981, 1000.000000000000000 ) ;
#6216 = CARTESIAN_POINT ( 'NONE',  ( 1.006430356249999658, 7.121875000614513951, 0.5810628371015478244 ) ) ;
#6217 = LINE ( 'NONE', #1417, #5773 ) ;
#6218 = CARTESIAN_POINT ( 'NONE',  ( 1.249999999999999334, 4.187499999999998224, -0.7216878364870317197 ) ) ;
#6219 = ADVANCED_FACE ( 'NONE', ( #2703 ), #788, .T. ) ;
#6220 = CARTESIAN_POINT ( 'NONE',  ( 0.000000000000000000, 12.00000000000000000, 0.000000000000000000 ) ) ;
#6221 = CARTESIAN_POINT ( 'NONE',  ( -1.969845607676301195E-15, -0.04062499938548426448, -1.162125674203096093 ) ) ;
#6222 = CARTESIAN_POINT ( 'NONE',  ( 0.000000000000000000, 12.00000000000000000, 0.000000000000000000 ) ) ;
#6223 = EDGE_LOOP ( 'NONE', ( #577, #4281, #4614, #4104 ) ) ;
#6224 = VECTOR ( 'NONE', #3360, 1000.000000000000000 ) ;
#6225 = CYLINDRICAL_SURFACE ( 'NONE', #2773, 1.249999999999999334 ) ;
#6226 = CARTESIAN_POINT ( 'NONE',  ( -0.6249999999999993339, 0.2499999999999986955, -1.082531754730547968 ) ) ;
#6227 = CARTESIAN_POINT ( 'NONE',  ( -4.938688641342514686E-16, 8.087499999999996803, 1.249999999999999334 ) ) ;
#6228 = CARTESIAN_POINT ( 'NONE',  ( -1.006430356250000324, 10.83437500061451608, -0.5810628371015467142 ) ) ;
#6229 = CARTESIAN_POINT ( 'NONE',  ( 1.006430356249999658, -0.07812499938548436718, 0.5810628371015478244 ) ) ;
#6230 = VECTOR ( 'NONE', #4442, 1000.000000000000000 ) ;
#6231 = ORIENTED_EDGE ( 'NONE', *, *, #5243, .F. ) ;
#6232 = CARTESIAN_POINT ( 'NONE',  ( -1.006430356249999880, 3.296875000614516438, -0.5810628371015474913 ) ) ;
#6233 =( BOUNDED_CURVE ( )  B_SPLINE_CURVE ( 2, ( #4180, #5626, #779, #5715, #1284, #3830, #2268, #339, #3233 ),
 .UNSPECIFIED., .F., .F. ) 
 B_SPLINE_CURVE_WITH_KNOTS ( ( 3, 2, 2, 2, 3 ),
 ( 0.6854838709677419928, 0.6881720430107527431, 0.6935483870967742437, 0.6989247311827957443, 0.7016129032258064946 ),
 .UNSPECIFIED. ) 
 CURVE ( )  GEOMETRIC_REPRESENTATION_ITEM ( )  RATIONAL_B_SPLINE_CURVE ( ( 0.9330127018922194093, 0.9330127018922207416, 1.000000000000000000, 0.8660254037844387076, 1.000000000000000000, 0.8660254037844387076, 1.000000000000000000, 0.9330127018922194093, 0.9330127018922194093 ) ) 
 REPRESENTATION_ITEM ( '' )  );
#6234 = CARTESIAN_POINT ( 'NONE',  ( 0.5032151781249990519, 11.28437500061451537, -0.8715942556523228468 ) ) ;
#6235 = CARTESIAN_POINT ( 'NONE',  ( -1.006430356249999658, 7.384375000614515017, 8.587269508238524180E-16 ) ) ;
#6236 = ADVANCED_FACE ( 'NONE', ( #315 ), #983, .T. ) ;
#6237 = CARTESIAN_POINT ( 'NONE',  ( 0.5032151781250004952, 8.771875000614514306, 0.8715942556523216256 ) ) ;
#6238 = DIRECTION ( 'NONE',  ( 0.000000000000000000, 0.000000000000000000, -1.000000000000000000 ) ) ;
#6239 = CARTESIAN_POINT ( 'NONE',  ( -1.006430356249999436, 2.321875000614515461, 1.644310252063557226E-15 ) ) ;
#6240 = ORIENTED_EDGE ( 'NONE', *, *, #2735, .T. ) ;
#6241 = CARTESIAN_POINT ( 'NONE',  ( 1.006430356249999658, -0.07812499938548436718, 0.5810628371015478244 ) ) ;
#6242 = CARTESIAN_POINT ( 'NONE',  ( -1.969845607676301195E-15, 1.309375000614515283, -1.162125674203096093 ) ) ;
#6243 = CARTESIAN_POINT ( 'NONE',  ( -1.249999999999999334, 9.737499999999997158, -0.7216878364870322748 ) ) ;
#6244 = CARTESIAN_POINT ( 'NONE',  ( -0.6250000000000017764, 11.10625000122903216, -1.082531754730546636 ) ) ;
#6245 = CARTESIAN_POINT ( 'NONE',  ( 1.249999999999999334, 8.706250001229033586, -2.749541545756668106E-15 ) ) ;
#6246 = CARTESIAN_POINT ( 'NONE',  ( 0.5032151781250004952, 5.621875000614515727, 0.8715942556523216256 ) ) ;
#6247 = CARTESIAN_POINT ( 'NONE',  ( 0.5032151781249990519, 6.784375000614515372, -0.8715942556523228468 ) ) ;
#6248 = CARTESIAN_POINT ( 'NONE',  ( -0.3349364905389035640, 4.917403810567663847, 1.249999999999999112 ) ) ;
#6249 = CARTESIAN_POINT ( 'NONE',  ( 0.3349364905389032865, 4.242403810567664912, -1.249999999999999112 ) ) ;
#6250 = AXIS2_PLACEMENT_3D ( 'NONE', #3784, #2219, #2774 ) ;
ENDSEC;
END-ISO-10303-21;
