ISO-10303-21;
HEADER;
FILE_DESCRIPTION(('STEP AP242'),
    '1');
FILE_NAME('Kailh LP wide',
    '',
    ('UNSPECIFIED'),
    ('UNSPECIFIED'),
    'C3D Converter',
    'C3D Toolkit',
    '');
FILE_SCHEMA(('AP242_MANAGED_MODEL_BASED_3D_ENGINEERING_MIM_LF { 1 0 10303 442 1 1 4 }'));
ENDSEC;

DATA;
#1=SHAPE_REPRESENTATION('NONE',(#2),#6);
#2=AXIS2_PLACEMENT_3D('',#3,#4,#5);
#3=CARTESIAN_POINT('',(0.,0.,0.));
#4=DIRECTION('',(0.,0.,1.));
#5=DIRECTION('',(1.,0.,0.));
#6=(GEOMETRIC_REPRESENTATION_CONTEXT(3)GLOBAL_UNCERTAINTY_ASSIGNED_CONTEXT((#8))
GLOBAL_UNIT_ASSIGNED_CONTEXT((#7,#9,#10))REPRESENTATION_CONTEXT('NONE','NONE'));
#7=(LENGTH_UNIT()NAMED_UNIT(*)SI_UNIT(.MILLI.,.METRE.));
#8=UNCERTAINTY_MEASURE_WITH_UNIT(LENGTH_MEASURE(1.E-5),#7,'NONE','NONE');
#9=(NAMED_UNIT(*)PLANE_ANGLE_UNIT()SI_UNIT($,.RADIAN.));
#10=(NAMED_UNIT(*)SI_UNIT($,.STERADIAN.)SOLID_ANGLE_UNIT());
#11=SHAPE_DEFINITION_REPRESENTATION(#12,#1);
#12=PRODUCT_DEFINITION_SHAPE('NONE','NONE',#13);
#13=PRODUCT_DEFINITION('','UNSPECIFIED',#14,#17);
#14=PRODUCT_DEFINITION_FORMATION_WITH_SPECIFIED_SOURCE('ANY','UNSPECIFIED',#15,.NOT_KNOWN.);
#15=PRODUCT('Document','Document','NONE',(#20));
#16=PRODUCT_RELATED_PRODUCT_CATEGORY('detail','',(#15));
#17=DESIGN_CONTEXT('detailed design',#18,'design');
#18=APPLICATION_CONTEXT('configuration controlled 3d designs of mechanical parts and assemblies');
#19=APPLICATION_PROTOCOL_DEFINITION('international standard','config_control_design',
1994,#18);
#20=MECHANICAL_CONTEXT('NONE',#18,'mechanical');
#21=CC_DESIGN_DATE_AND_TIME_ASSIGNMENT(#22,#26,(#13));
#22=DATE_AND_TIME(#23,#24);
#23=CALENDAR_DATE(0,1,1);
#24=LOCAL_TIME(0,0,0.,#25);
#25=COORDINATED_UNIVERSAL_TIME_OFFSET(0,0,.AHEAD.);
#26=DATE_TIME_ROLE('creation_date');
#27=CC_DESIGN_APPROVAL(#28,(#13));
#28=APPROVAL(#29,'UNSPECIFIED');
#29=APPROVAL_STATUS('not_yet_approved');
#30=APPROVAL_DATE_TIME(#31,#28);
#31=DATE_AND_TIME(#32,#33);
#32=CALENDAR_DATE(0,1,1);
#33=LOCAL_TIME(0,0,0.,#34);
#34=COORDINATED_UNIVERSAL_TIME_OFFSET(0,0,.AHEAD.);
#35=MANIFOLD_SOLID_BREP('',#36);
#36=CLOSED_SHELL('',(#48,#57,#66,#75,#84,#93,#102,#111,#120,#129,#138,#147,#156,
#165,#174,#183,#192,#201,#210,#219,#228,#237,#246,#255,#264,#273,#282,#291,#300,
#309,#318,#327,#336,#345,#354,#363,#372,#381,#390,#399,#408,#417,#426,#435,#444,
#453,#462,#471,#480,#489,#498,#507,#516,#525));
#37=COLOUR_RGB('',0.901960784313725,0.901960784313725,0.901960784313725);
#38=FILL_AREA_STYLE_COLOUR('',#37);
#39=FILL_AREA_STYLE($,(#38));
#40=SURFACE_STYLE_FILL_AREA(#39);
#41=SURFACE_SIDE_STYLE('',(#40));
#42=SURFACE_STYLE_USAGE(.BOTH.,#41);
#43=PRESENTATION_STYLE_ASSIGNMENT((#42));
#44=MECHANICAL_DESIGN_GEOMETRIC_PRESENTATION_REPRESENTATION('NONE',(#45,#56,#65,
#74,#83,#92,#101,#110,#119,#128,#137,#146,#155,#164,#173,#182,#191,#200,#209,#218,
#227,#236,#245,#254,#263,#272,#281,#290,#299,#308,#317,#326,#335,#344,#353,#362,
#371,#380,#389,#398,#407,#416,#425,#434,#443,#452,#461,#470,#479,#488,#497,#506,
#515,#524,#533),#6);
#45=STYLED_ITEM('',(#43),#35);
#46=ADVANCED_BREP_SHAPE_REPRESENTATION('NONE',(#35),#6);
#47=SHAPE_REPRESENTATION_RELATIONSHIP('','',#1,#46);
#48=ADVANCED_FACE('',(#534,#536,#538,#540),#542,.F.);
#49=COLOUR_RGB('',0.901960784313725,0.901960784313725,0.901960784313725);
#50=FILL_AREA_STYLE_COLOUR('',#49);
#51=FILL_AREA_STYLE($,(#50));
#52=SURFACE_STYLE_FILL_AREA(#51);
#53=SURFACE_SIDE_STYLE('',(#52));
#54=SURFACE_STYLE_USAGE(.BOTH.,#53);
#55=PRESENTATION_STYLE_ASSIGNMENT((#54));
#56=STYLED_ITEM('',(#55),#48);
#57=ADVANCED_FACE('',(#547,#549),#551,.F.);
#58=COLOUR_RGB('',0.901960784313725,0.901960784313725,0.901960784313725);
#59=FILL_AREA_STYLE_COLOUR('',#58);
#60=FILL_AREA_STYLE($,(#59));
#61=SURFACE_STYLE_FILL_AREA(#60);
#62=SURFACE_SIDE_STYLE('',(#61));
#63=SURFACE_STYLE_USAGE(.BOTH.,#62);
#64=PRESENTATION_STYLE_ASSIGNMENT((#63));
#65=STYLED_ITEM('',(#64),#57);
#66=ADVANCED_FACE('',(#556),#558,.T.);
#67=COLOUR_RGB('',0.901960784313725,0.901960784313725,0.901960784313725);
#68=FILL_AREA_STYLE_COLOUR('',#67);
#69=FILL_AREA_STYLE($,(#68));
#70=SURFACE_STYLE_FILL_AREA(#69);
#71=SURFACE_SIDE_STYLE('',(#70));
#72=SURFACE_STYLE_USAGE(.BOTH.,#71);
#73=PRESENTATION_STYLE_ASSIGNMENT((#72));
#74=STYLED_ITEM('',(#73),#66);
#75=ADVANCED_FACE('',(#563),#565,.T.);
#76=COLOUR_RGB('',0.901960784313725,0.901960784313725,0.901960784313725);
#77=FILL_AREA_STYLE_COLOUR('',#76);
#78=FILL_AREA_STYLE($,(#77));
#79=SURFACE_STYLE_FILL_AREA(#78);
#80=SURFACE_SIDE_STYLE('',(#79));
#81=SURFACE_STYLE_USAGE(.BOTH.,#80);
#82=PRESENTATION_STYLE_ASSIGNMENT((#81));
#83=STYLED_ITEM('',(#82),#75);
#84=ADVANCED_FACE('',(#570),#572,.T.);
#85=COLOUR_RGB('',0.901960784313725,0.901960784313725,0.901960784313725);
#86=FILL_AREA_STYLE_COLOUR('',#85);
#87=FILL_AREA_STYLE($,(#86));
#88=SURFACE_STYLE_FILL_AREA(#87);
#89=SURFACE_SIDE_STYLE('',(#88));
#90=SURFACE_STYLE_USAGE(.BOTH.,#89);
#91=PRESENTATION_STYLE_ASSIGNMENT((#90));
#92=STYLED_ITEM('',(#91),#84);
#93=ADVANCED_FACE('',(#577),#579,.T.);
#94=COLOUR_RGB('',0.901960784313725,0.901960784313725,0.901960784313725);
#95=FILL_AREA_STYLE_COLOUR('',#94);
#96=FILL_AREA_STYLE($,(#95));
#97=SURFACE_STYLE_FILL_AREA(#96);
#98=SURFACE_SIDE_STYLE('',(#97));
#99=SURFACE_STYLE_USAGE(.BOTH.,#98);
#100=PRESENTATION_STYLE_ASSIGNMENT((#99));
#101=STYLED_ITEM('',(#100),#93);
#102=ADVANCED_FACE('',(#584),#586,.T.);
#103=COLOUR_RGB('',0.901960784313725,0.901960784313725,0.901960784313725);
#104=FILL_AREA_STYLE_COLOUR('',#103);
#105=FILL_AREA_STYLE($,(#104));
#106=SURFACE_STYLE_FILL_AREA(#105);
#107=SURFACE_SIDE_STYLE('',(#106));
#108=SURFACE_STYLE_USAGE(.BOTH.,#107);
#109=PRESENTATION_STYLE_ASSIGNMENT((#108));
#110=STYLED_ITEM('',(#109),#102);
#111=ADVANCED_FACE('',(#591),#593,.T.);
#112=COLOUR_RGB('',0.901960784313725,0.901960784313725,0.901960784313725);
#113=FILL_AREA_STYLE_COLOUR('',#112);
#114=FILL_AREA_STYLE($,(#113));
#115=SURFACE_STYLE_FILL_AREA(#114);
#116=SURFACE_SIDE_STYLE('',(#115));
#117=SURFACE_STYLE_USAGE(.BOTH.,#116);
#118=PRESENTATION_STYLE_ASSIGNMENT((#117));
#119=STYLED_ITEM('',(#118),#111);
#120=ADVANCED_FACE('',(#598),#600,.T.);
#121=COLOUR_RGB('',0.901960784313725,0.901960784313725,0.901960784313725);
#122=FILL_AREA_STYLE_COLOUR('',#121);
#123=FILL_AREA_STYLE($,(#122));
#124=SURFACE_STYLE_FILL_AREA(#123);
#125=SURFACE_SIDE_STYLE('',(#124));
#126=SURFACE_STYLE_USAGE(.BOTH.,#125);
#127=PRESENTATION_STYLE_ASSIGNMENT((#126));
#128=STYLED_ITEM('',(#127),#120);
#129=ADVANCED_FACE('',(#605),#607,.T.);
#130=COLOUR_RGB('',0.901960784313725,0.901960784313725,0.901960784313725);
#131=FILL_AREA_STYLE_COLOUR('',#130);
#132=FILL_AREA_STYLE($,(#131));
#133=SURFACE_STYLE_FILL_AREA(#132);
#134=SURFACE_SIDE_STYLE('',(#133));
#135=SURFACE_STYLE_USAGE(.BOTH.,#134);
#136=PRESENTATION_STYLE_ASSIGNMENT((#135));
#137=STYLED_ITEM('',(#136),#129);
#138=ADVANCED_FACE('',(#612),#614,.T.);
#139=COLOUR_RGB('',0.901960784313725,0.901960784313725,0.901960784313725);
#140=FILL_AREA_STYLE_COLOUR('',#139);
#141=FILL_AREA_STYLE($,(#140));
#142=SURFACE_STYLE_FILL_AREA(#141);
#143=SURFACE_SIDE_STYLE('',(#142));
#144=SURFACE_STYLE_USAGE(.BOTH.,#143);
#145=PRESENTATION_STYLE_ASSIGNMENT((#144));
#146=STYLED_ITEM('',(#145),#138);
#147=ADVANCED_FACE('',(#619),#621,.T.);
#148=COLOUR_RGB('',0.901960784313725,0.901960784313725,0.901960784313725);
#149=FILL_AREA_STYLE_COLOUR('',#148);
#150=FILL_AREA_STYLE($,(#149));
#151=SURFACE_STYLE_FILL_AREA(#150);
#152=SURFACE_SIDE_STYLE('',(#151));
#153=SURFACE_STYLE_USAGE(.BOTH.,#152);
#154=PRESENTATION_STYLE_ASSIGNMENT((#153));
#155=STYLED_ITEM('',(#154),#147);
#156=ADVANCED_FACE('',(#626),#628,.T.);
#157=COLOUR_RGB('',0.901960784313725,0.901960784313725,0.901960784313725);
#158=FILL_AREA_STYLE_COLOUR('',#157);
#159=FILL_AREA_STYLE($,(#158));
#160=SURFACE_STYLE_FILL_AREA(#159);
#161=SURFACE_SIDE_STYLE('',(#160));
#162=SURFACE_STYLE_USAGE(.BOTH.,#161);
#163=PRESENTATION_STYLE_ASSIGNMENT((#162));
#164=STYLED_ITEM('',(#163),#156);
#165=ADVANCED_FACE('',(#633),#635,.T.);
#166=COLOUR_RGB('',0.901960784313725,0.901960784313725,0.901960784313725);
#167=FILL_AREA_STYLE_COLOUR('',#166);
#168=FILL_AREA_STYLE($,(#167));
#169=SURFACE_STYLE_FILL_AREA(#168);
#170=SURFACE_SIDE_STYLE('',(#169));
#171=SURFACE_STYLE_USAGE(.BOTH.,#170);
#172=PRESENTATION_STYLE_ASSIGNMENT((#171));
#173=STYLED_ITEM('',(#172),#165);
#174=ADVANCED_FACE('',(#640),#642,.T.);
#175=COLOUR_RGB('',0.901960784313725,0.901960784313725,0.901960784313725);
#176=FILL_AREA_STYLE_COLOUR('',#175);
#177=FILL_AREA_STYLE($,(#176));
#178=SURFACE_STYLE_FILL_AREA(#177);
#179=SURFACE_SIDE_STYLE('',(#178));
#180=SURFACE_STYLE_USAGE(.BOTH.,#179);
#181=PRESENTATION_STYLE_ASSIGNMENT((#180));
#182=STYLED_ITEM('',(#181),#174);
#183=ADVANCED_FACE('',(#647),#649,.T.);
#184=COLOUR_RGB('',0.901960784313725,0.901960784313725,0.901960784313725);
#185=FILL_AREA_STYLE_COLOUR('',#184);
#186=FILL_AREA_STYLE($,(#185));
#187=SURFACE_STYLE_FILL_AREA(#186);
#188=SURFACE_SIDE_STYLE('',(#187));
#189=SURFACE_STYLE_USAGE(.BOTH.,#188);
#190=PRESENTATION_STYLE_ASSIGNMENT((#189));
#191=STYLED_ITEM('',(#190),#183);
#192=ADVANCED_FACE('',(#654),#656,.T.);
#193=COLOUR_RGB('',0.901960784313725,0.901960784313725,0.901960784313725);
#194=FILL_AREA_STYLE_COLOUR('',#193);
#195=FILL_AREA_STYLE($,(#194));
#196=SURFACE_STYLE_FILL_AREA(#195);
#197=SURFACE_SIDE_STYLE('',(#196));
#198=SURFACE_STYLE_USAGE(.BOTH.,#197);
#199=PRESENTATION_STYLE_ASSIGNMENT((#198));
#200=STYLED_ITEM('',(#199),#192);
#201=ADVANCED_FACE('',(#661),#663,.T.);
#202=COLOUR_RGB('',0.901960784313725,0.901960784313725,0.901960784313725);
#203=FILL_AREA_STYLE_COLOUR('',#202);
#204=FILL_AREA_STYLE($,(#203));
#205=SURFACE_STYLE_FILL_AREA(#204);
#206=SURFACE_SIDE_STYLE('',(#205));
#207=SURFACE_STYLE_USAGE(.BOTH.,#206);
#208=PRESENTATION_STYLE_ASSIGNMENT((#207));
#209=STYLED_ITEM('',(#208),#201);
#210=ADVANCED_FACE('',(#668),#670,.T.);
#211=COLOUR_RGB('',0.901960784313725,0.901960784313725,0.901960784313725);
#212=FILL_AREA_STYLE_COLOUR('',#211);
#213=FILL_AREA_STYLE($,(#212));
#214=SURFACE_STYLE_FILL_AREA(#213);
#215=SURFACE_SIDE_STYLE('',(#214));
#216=SURFACE_STYLE_USAGE(.BOTH.,#215);
#217=PRESENTATION_STYLE_ASSIGNMENT((#216));
#218=STYLED_ITEM('',(#217),#210);
#219=ADVANCED_FACE('',(#675),#677,.T.);
#220=COLOUR_RGB('',0.901960784313725,0.901960784313725,0.901960784313725);
#221=FILL_AREA_STYLE_COLOUR('',#220);
#222=FILL_AREA_STYLE($,(#221));
#223=SURFACE_STYLE_FILL_AREA(#222);
#224=SURFACE_SIDE_STYLE('',(#223));
#225=SURFACE_STYLE_USAGE(.BOTH.,#224);
#226=PRESENTATION_STYLE_ASSIGNMENT((#225));
#227=STYLED_ITEM('',(#226),#219);
#228=ADVANCED_FACE('',(#682),#684,.T.);
#229=COLOUR_RGB('',0.901960784313725,0.901960784313725,0.901960784313725);
#230=FILL_AREA_STYLE_COLOUR('',#229);
#231=FILL_AREA_STYLE($,(#230));
#232=SURFACE_STYLE_FILL_AREA(#231);
#233=SURFACE_SIDE_STYLE('',(#232));
#234=SURFACE_STYLE_USAGE(.BOTH.,#233);
#235=PRESENTATION_STYLE_ASSIGNMENT((#234));
#236=STYLED_ITEM('',(#235),#228);
#237=ADVANCED_FACE('',(#689),#691,.T.);
#238=COLOUR_RGB('',0.901960784313725,0.901960784313725,0.901960784313725);
#239=FILL_AREA_STYLE_COLOUR('',#238);
#240=FILL_AREA_STYLE($,(#239));
#241=SURFACE_STYLE_FILL_AREA(#240);
#242=SURFACE_SIDE_STYLE('',(#241));
#243=SURFACE_STYLE_USAGE(.BOTH.,#242);
#244=PRESENTATION_STYLE_ASSIGNMENT((#243));
#245=STYLED_ITEM('',(#244),#237);
#246=ADVANCED_FACE('',(#696),#698,.T.);
#247=COLOUR_RGB('',0.901960784313725,0.901960784313725,0.901960784313725);
#248=FILL_AREA_STYLE_COLOUR('',#247);
#249=FILL_AREA_STYLE($,(#248));
#250=SURFACE_STYLE_FILL_AREA(#249);
#251=SURFACE_SIDE_STYLE('',(#250));
#252=SURFACE_STYLE_USAGE(.BOTH.,#251);
#253=PRESENTATION_STYLE_ASSIGNMENT((#252));
#254=STYLED_ITEM('',(#253),#246);
#255=ADVANCED_FACE('',(#703),#705,.T.);
#256=COLOUR_RGB('',0.901960784313725,0.901960784313725,0.901960784313725);
#257=FILL_AREA_STYLE_COLOUR('',#256);
#258=FILL_AREA_STYLE($,(#257));
#259=SURFACE_STYLE_FILL_AREA(#258);
#260=SURFACE_SIDE_STYLE('',(#259));
#261=SURFACE_STYLE_USAGE(.BOTH.,#260);
#262=PRESENTATION_STYLE_ASSIGNMENT((#261));
#263=STYLED_ITEM('',(#262),#255);
#264=ADVANCED_FACE('',(#710),#712,.T.);
#265=COLOUR_RGB('',0.901960784313725,0.901960784313725,0.901960784313725);
#266=FILL_AREA_STYLE_COLOUR('',#265);
#267=FILL_AREA_STYLE($,(#266));
#268=SURFACE_STYLE_FILL_AREA(#267);
#269=SURFACE_SIDE_STYLE('',(#268));
#270=SURFACE_STYLE_USAGE(.BOTH.,#269);
#271=PRESENTATION_STYLE_ASSIGNMENT((#270));
#272=STYLED_ITEM('',(#271),#264);
#273=ADVANCED_FACE('',(#717),#719,.T.);
#274=COLOUR_RGB('',0.901960784313725,0.901960784313725,0.901960784313725);
#275=FILL_AREA_STYLE_COLOUR('',#274);
#276=FILL_AREA_STYLE($,(#275));
#277=SURFACE_STYLE_FILL_AREA(#276);
#278=SURFACE_SIDE_STYLE('',(#277));
#279=SURFACE_STYLE_USAGE(.BOTH.,#278);
#280=PRESENTATION_STYLE_ASSIGNMENT((#279));
#281=STYLED_ITEM('',(#280),#273);
#282=ADVANCED_FACE('',(#724),#726,.T.);
#283=COLOUR_RGB('',0.901960784313725,0.901960784313725,0.901960784313725);
#284=FILL_AREA_STYLE_COLOUR('',#283);
#285=FILL_AREA_STYLE($,(#284));
#286=SURFACE_STYLE_FILL_AREA(#285);
#287=SURFACE_SIDE_STYLE('',(#286));
#288=SURFACE_STYLE_USAGE(.BOTH.,#287);
#289=PRESENTATION_STYLE_ASSIGNMENT((#288));
#290=STYLED_ITEM('',(#289),#282);
#291=ADVANCED_FACE('',(#731),#733,.T.);
#292=COLOUR_RGB('',0.901960784313725,0.901960784313725,0.901960784313725);
#293=FILL_AREA_STYLE_COLOUR('',#292);
#294=FILL_AREA_STYLE($,(#293));
#295=SURFACE_STYLE_FILL_AREA(#294);
#296=SURFACE_SIDE_STYLE('',(#295));
#297=SURFACE_STYLE_USAGE(.BOTH.,#296);
#298=PRESENTATION_STYLE_ASSIGNMENT((#297));
#299=STYLED_ITEM('',(#298),#291);
#300=ADVANCED_FACE('',(#806),#808,.T.);
#301=COLOUR_RGB('',0.901960784313725,0.901960784313725,0.901960784313725);
#302=FILL_AREA_STYLE_COLOUR('',#301);
#303=FILL_AREA_STYLE($,(#302));
#304=SURFACE_STYLE_FILL_AREA(#303);
#305=SURFACE_SIDE_STYLE('',(#304));
#306=SURFACE_STYLE_USAGE(.BOTH.,#305);
#307=PRESENTATION_STYLE_ASSIGNMENT((#306));
#308=STYLED_ITEM('',(#307),#300);
#309=ADVANCED_FACE('',(#813),#815,.T.);
#310=COLOUR_RGB('',0.901960784313725,0.901960784313725,0.901960784313725);
#311=FILL_AREA_STYLE_COLOUR('',#310);
#312=FILL_AREA_STYLE($,(#311));
#313=SURFACE_STYLE_FILL_AREA(#312);
#314=SURFACE_SIDE_STYLE('',(#313));
#315=SURFACE_STYLE_USAGE(.BOTH.,#314);
#316=PRESENTATION_STYLE_ASSIGNMENT((#315));
#317=STYLED_ITEM('',(#316),#309);
#318=ADVANCED_FACE('',(#888),#890,.T.);
#319=COLOUR_RGB('',0.901960784313725,0.901960784313725,0.901960784313725);
#320=FILL_AREA_STYLE_COLOUR('',#319);
#321=FILL_AREA_STYLE($,(#320));
#322=SURFACE_STYLE_FILL_AREA(#321);
#323=SURFACE_SIDE_STYLE('',(#322));
#324=SURFACE_STYLE_USAGE(.BOTH.,#323);
#325=PRESENTATION_STYLE_ASSIGNMENT((#324));
#326=STYLED_ITEM('',(#325),#318);
#327=ADVANCED_FACE('',(#895),#897,.T.);
#328=COLOUR_RGB('',0.901960784313725,0.901960784313725,0.901960784313725);
#329=FILL_AREA_STYLE_COLOUR('',#328);
#330=FILL_AREA_STYLE($,(#329));
#331=SURFACE_STYLE_FILL_AREA(#330);
#332=SURFACE_SIDE_STYLE('',(#331));
#333=SURFACE_STYLE_USAGE(.BOTH.,#332);
#334=PRESENTATION_STYLE_ASSIGNMENT((#333));
#335=STYLED_ITEM('',(#334),#327);
#336=ADVANCED_FACE('',(#958),#960,.T.);
#337=COLOUR_RGB('',0.901960784313725,0.901960784313725,0.901960784313725);
#338=FILL_AREA_STYLE_COLOUR('',#337);
#339=FILL_AREA_STYLE($,(#338));
#340=SURFACE_STYLE_FILL_AREA(#339);
#341=SURFACE_SIDE_STYLE('',(#340));
#342=SURFACE_STYLE_USAGE(.BOTH.,#341);
#343=PRESENTATION_STYLE_ASSIGNMENT((#342));
#344=STYLED_ITEM('',(#343),#336);
#345=ADVANCED_FACE('',(#965),#967,.T.);
#346=COLOUR_RGB('',0.901960784313725,0.901960784313725,0.901960784313725);
#347=FILL_AREA_STYLE_COLOUR('',#346);
#348=FILL_AREA_STYLE($,(#347));
#349=SURFACE_STYLE_FILL_AREA(#348);
#350=SURFACE_SIDE_STYLE('',(#349));
#351=SURFACE_STYLE_USAGE(.BOTH.,#350);
#352=PRESENTATION_STYLE_ASSIGNMENT((#351));
#353=STYLED_ITEM('',(#352),#345);
#354=ADVANCED_FACE('',(#1040),#1042,.T.);
#355=COLOUR_RGB('',0.901960784313725,0.901960784313725,0.901960784313725);
#356=FILL_AREA_STYLE_COLOUR('',#355);
#357=FILL_AREA_STYLE($,(#356));
#358=SURFACE_STYLE_FILL_AREA(#357);
#359=SURFACE_SIDE_STYLE('',(#358));
#360=SURFACE_STYLE_USAGE(.BOTH.,#359);
#361=PRESENTATION_STYLE_ASSIGNMENT((#360));
#362=STYLED_ITEM('',(#361),#354);
#363=ADVANCED_FACE('',(#1047),#1049,.T.);
#364=COLOUR_RGB('',0.901960784313725,0.901960784313725,0.901960784313725);
#365=FILL_AREA_STYLE_COLOUR('',#364);
#366=FILL_AREA_STYLE($,(#365));
#367=SURFACE_STYLE_FILL_AREA(#366);
#368=SURFACE_SIDE_STYLE('',(#367));
#369=SURFACE_STYLE_USAGE(.BOTH.,#368);
#370=PRESENTATION_STYLE_ASSIGNMENT((#369));
#371=STYLED_ITEM('',(#370),#363);
#372=ADVANCED_FACE('',(#1054),#1056,.T.);
#373=COLOUR_RGB('',0.901960784313725,0.901960784313725,0.901960784313725);
#374=FILL_AREA_STYLE_COLOUR('',#373);
#375=FILL_AREA_STYLE($,(#374));
#376=SURFACE_STYLE_FILL_AREA(#375);
#377=SURFACE_SIDE_STYLE('',(#376));
#378=SURFACE_STYLE_USAGE(.BOTH.,#377);
#379=PRESENTATION_STYLE_ASSIGNMENT((#378));
#380=STYLED_ITEM('',(#379),#372);
#381=ADVANCED_FACE('',(#1061),#1063,.T.);
#382=COLOUR_RGB('',0.901960784313725,0.901960784313725,0.901960784313725);
#383=FILL_AREA_STYLE_COLOUR('',#382);
#384=FILL_AREA_STYLE($,(#383));
#385=SURFACE_STYLE_FILL_AREA(#384);
#386=SURFACE_SIDE_STYLE('',(#385));
#387=SURFACE_STYLE_USAGE(.BOTH.,#386);
#388=PRESENTATION_STYLE_ASSIGNMENT((#387));
#389=STYLED_ITEM('',(#388),#381);
#390=ADVANCED_FACE('',(#1068),#1070,.T.);
#391=COLOUR_RGB('',0.901960784313725,0.901960784313725,0.901960784313725);
#392=FILL_AREA_STYLE_COLOUR('',#391);
#393=FILL_AREA_STYLE($,(#392));
#394=SURFACE_STYLE_FILL_AREA(#393);
#395=SURFACE_SIDE_STYLE('',(#394));
#396=SURFACE_STYLE_USAGE(.BOTH.,#395);
#397=PRESENTATION_STYLE_ASSIGNMENT((#396));
#398=STYLED_ITEM('',(#397),#390);
#399=ADVANCED_FACE('',(#1075),#1077,.T.);
#400=COLOUR_RGB('',0.901960784313725,0.901960784313725,0.901960784313725);
#401=FILL_AREA_STYLE_COLOUR('',#400);
#402=FILL_AREA_STYLE($,(#401));
#403=SURFACE_STYLE_FILL_AREA(#402);
#404=SURFACE_SIDE_STYLE('',(#403));
#405=SURFACE_STYLE_USAGE(.BOTH.,#404);
#406=PRESENTATION_STYLE_ASSIGNMENT((#405));
#407=STYLED_ITEM('',(#406),#399);
#408=ADVANCED_FACE('',(#1082),#1084,.T.);
#409=COLOUR_RGB('',0.901960784313725,0.901960784313725,0.901960784313725);
#410=FILL_AREA_STYLE_COLOUR('',#409);
#411=FILL_AREA_STYLE($,(#410));
#412=SURFACE_STYLE_FILL_AREA(#411);
#413=SURFACE_SIDE_STYLE('',(#412));
#414=SURFACE_STYLE_USAGE(.BOTH.,#413);
#415=PRESENTATION_STYLE_ASSIGNMENT((#414));
#416=STYLED_ITEM('',(#415),#408);
#417=ADVANCED_FACE('',(#1089),#1091,.T.);
#418=COLOUR_RGB('',0.901960784313725,0.901960784313725,0.901960784313725);
#419=FILL_AREA_STYLE_COLOUR('',#418);
#420=FILL_AREA_STYLE($,(#419));
#421=SURFACE_STYLE_FILL_AREA(#420);
#422=SURFACE_SIDE_STYLE('',(#421));
#423=SURFACE_STYLE_USAGE(.BOTH.,#422);
#424=PRESENTATION_STYLE_ASSIGNMENT((#423));
#425=STYLED_ITEM('',(#424),#417);
#426=ADVANCED_FACE('',(#1096),#1098,.T.);
#427=COLOUR_RGB('',0.901960784313725,0.901960784313725,0.901960784313725);
#428=FILL_AREA_STYLE_COLOUR('',#427);
#429=FILL_AREA_STYLE($,(#428));
#430=SURFACE_STYLE_FILL_AREA(#429);
#431=SURFACE_SIDE_STYLE('',(#430));
#432=SURFACE_STYLE_USAGE(.BOTH.,#431);
#433=PRESENTATION_STYLE_ASSIGNMENT((#432));
#434=STYLED_ITEM('',(#433),#426);
#435=ADVANCED_FACE('',(#1103),#1105,.T.);
#436=COLOUR_RGB('',0.901960784313725,0.901960784313725,0.901960784313725);
#437=FILL_AREA_STYLE_COLOUR('',#436);
#438=FILL_AREA_STYLE($,(#437));
#439=SURFACE_STYLE_FILL_AREA(#438);
#440=SURFACE_SIDE_STYLE('',(#439));
#441=SURFACE_STYLE_USAGE(.BOTH.,#440);
#442=PRESENTATION_STYLE_ASSIGNMENT((#441));
#443=STYLED_ITEM('',(#442),#435);
#444=ADVANCED_FACE('',(#1110),#1112,.T.);
#445=COLOUR_RGB('',0.901960784313725,0.901960784313725,0.901960784313725);
#446=FILL_AREA_STYLE_COLOUR('',#445);
#447=FILL_AREA_STYLE($,(#446));
#448=SURFACE_STYLE_FILL_AREA(#447);
#449=SURFACE_SIDE_STYLE('',(#448));
#450=SURFACE_STYLE_USAGE(.BOTH.,#449);
#451=PRESENTATION_STYLE_ASSIGNMENT((#450));
#452=STYLED_ITEM('',(#451),#444);
#453=ADVANCED_FACE('',(#1117),#1119,.T.);
#454=COLOUR_RGB('',0.901960784313725,0.901960784313725,0.901960784313725);
#455=FILL_AREA_STYLE_COLOUR('',#454);
#456=FILL_AREA_STYLE($,(#455));
#457=SURFACE_STYLE_FILL_AREA(#456);
#458=SURFACE_SIDE_STYLE('',(#457));
#459=SURFACE_STYLE_USAGE(.BOTH.,#458);
#460=PRESENTATION_STYLE_ASSIGNMENT((#459));
#461=STYLED_ITEM('',(#460),#453);
#462=ADVANCED_FACE('',(#1124),#1126,.T.);
#463=COLOUR_RGB('',0.901960784313725,0.901960784313725,0.901960784313725);
#464=FILL_AREA_STYLE_COLOUR('',#463);
#465=FILL_AREA_STYLE($,(#464));
#466=SURFACE_STYLE_FILL_AREA(#465);
#467=SURFACE_SIDE_STYLE('',(#466));
#468=SURFACE_STYLE_USAGE(.BOTH.,#467);
#469=PRESENTATION_STYLE_ASSIGNMENT((#468));
#470=STYLED_ITEM('',(#469),#462);
#471=ADVANCED_FACE('',(#1131),#1133,.T.);
#472=COLOUR_RGB('',0.901960784313725,0.901960784313725,0.901960784313725);
#473=FILL_AREA_STYLE_COLOUR('',#472);
#474=FILL_AREA_STYLE($,(#473));
#475=SURFACE_STYLE_FILL_AREA(#474);
#476=SURFACE_SIDE_STYLE('',(#475));
#477=SURFACE_STYLE_USAGE(.BOTH.,#476);
#478=PRESENTATION_STYLE_ASSIGNMENT((#477));
#479=STYLED_ITEM('',(#478),#471);
#480=ADVANCED_FACE('',(#1138),#1140,.T.);
#481=COLOUR_RGB('',0.901960784313725,0.901960784313725,0.901960784313725);
#482=FILL_AREA_STYLE_COLOUR('',#481);
#483=FILL_AREA_STYLE($,(#482));
#484=SURFACE_STYLE_FILL_AREA(#483);
#485=SURFACE_SIDE_STYLE('',(#484));
#486=SURFACE_STYLE_USAGE(.BOTH.,#485);
#487=PRESENTATION_STYLE_ASSIGNMENT((#486));
#488=STYLED_ITEM('',(#487),#480);
#489=ADVANCED_FACE('',(#1145),#1147,.T.);
#490=COLOUR_RGB('',0.901960784313725,0.901960784313725,0.901960784313725);
#491=FILL_AREA_STYLE_COLOUR('',#490);
#492=FILL_AREA_STYLE($,(#491));
#493=SURFACE_STYLE_FILL_AREA(#492);
#494=SURFACE_SIDE_STYLE('',(#493));
#495=SURFACE_STYLE_USAGE(.BOTH.,#494);
#496=PRESENTATION_STYLE_ASSIGNMENT((#495));
#497=STYLED_ITEM('',(#496),#489);
#498=ADVANCED_FACE('',(#1152),#1154,.T.);
#499=COLOUR_RGB('',0.901960784313725,0.901960784313725,0.901960784313725);
#500=FILL_AREA_STYLE_COLOUR('',#499);
#501=FILL_AREA_STYLE($,(#500));
#502=SURFACE_STYLE_FILL_AREA(#501);
#503=SURFACE_SIDE_STYLE('',(#502));
#504=SURFACE_STYLE_USAGE(.BOTH.,#503);
#505=PRESENTATION_STYLE_ASSIGNMENT((#504));
#506=STYLED_ITEM('',(#505),#498);
#507=ADVANCED_FACE('',(#1159),#1161,.T.);
#508=COLOUR_RGB('',0.901960784313725,0.901960784313725,0.901960784313725);
#509=FILL_AREA_STYLE_COLOUR('',#508);
#510=FILL_AREA_STYLE($,(#509));
#511=SURFACE_STYLE_FILL_AREA(#510);
#512=SURFACE_SIDE_STYLE('',(#511));
#513=SURFACE_STYLE_USAGE(.BOTH.,#512);
#514=PRESENTATION_STYLE_ASSIGNMENT((#513));
#515=STYLED_ITEM('',(#514),#507);
#516=ADVANCED_FACE('',(#1166),#1168,.T.);
#517=COLOUR_RGB('',0.901960784313725,0.901960784313725,0.901960784313725);
#518=FILL_AREA_STYLE_COLOUR('',#517);
#519=FILL_AREA_STYLE($,(#518));
#520=SURFACE_STYLE_FILL_AREA(#519);
#521=SURFACE_SIDE_STYLE('',(#520));
#522=SURFACE_STYLE_USAGE(.BOTH.,#521);
#523=PRESENTATION_STYLE_ASSIGNMENT((#522));
#524=STYLED_ITEM('',(#523),#516);
#525=ADVANCED_FACE('',(#1173),#1175,.T.);
#526=COLOUR_RGB('',0.901960784313725,0.901960784313725,0.901960784313725);
#527=FILL_AREA_STYLE_COLOUR('',#526);
#528=FILL_AREA_STYLE($,(#527));
#529=SURFACE_STYLE_FILL_AREA(#528);
#530=SURFACE_SIDE_STYLE('',(#529));
#531=SURFACE_STYLE_USAGE(.BOTH.,#530);
#532=PRESENTATION_STYLE_ASSIGNMENT((#531));
#533=STYLED_ITEM('',(#532),#525);
#534=FACE_BOUND('',#535,.T.);
#535=EDGE_LOOP('',(#1180,#1181,#1182,#1183,#1184,#1185,#1186,#1187));
#536=FACE_BOUND('',#537,.T.);
#537=EDGE_LOOP('',(#1188));
#538=FACE_BOUND('',#539,.T.);
#539=EDGE_LOOP('',(#1189,#1190,#1191,#1192,#1193,#1194,#1195,#1196));
#540=FACE_BOUND('',#541,.T.);
#541=EDGE_LOOP('',(#1197,#1198,#1199,#1200,#1201,#1202,#1203,#1204));
#542=PLANE('',#543);
#543=AXIS2_PLACEMENT_3D('',#544,#545,#546);
#544=CARTESIAN_POINT('',(0.,0.,5.8));
#545=DIRECTION('',(0.,0.,1.));
#546=DIRECTION('',(-1.,1.22464679914735E-16,0.));
#547=FACE_OUTER_BOUND('',#548,.T.);
#548=EDGE_LOOP('',(#1205));
#549=FACE_OUTER_BOUND('',#550,.T.);
#550=EDGE_LOOP('',(#1206));
#551=CYLINDRICAL_SURFACE('',#552,1.);
#552=AXIS2_PLACEMENT_3D('',#553,#554,#555);
#553=CARTESIAN_POINT('',(0.,0.,6.8));
#554=DIRECTION('',(0.,0.,-1.));
#555=DIRECTION('',(-1.,0.,0.));
#556=FACE_BOUND('',#557,.T.);
#557=EDGE_LOOP('',(#1207,#1208,#1209,#1210));
#558=CYLINDRICAL_SURFACE('',#559,0.799999997019768);
#559=AXIS2_PLACEMENT_3D('',#560,#561,#562);
#560=CARTESIAN_POINT('',(-10.25,-6.5,5.8));
#561=DIRECTION('',(0.,0.,1.));
#562=DIRECTION('',(-1.,1.22464679914735E-16,0.));
#563=FACE_BOUND('',#564,.T.);
#564=EDGE_LOOP('',(#1211,#1212,#1213,#1214));
#565=PLANE('',#566);
#566=AXIS2_PLACEMENT_3D('',#567,#568,#569);
#567=CARTESIAN_POINT('',(-11.0499999970197,6.5,5.8));
#568=DIRECTION('',(-1.,0.,0.));
#569=DIRECTION('',(0.,-1.,0.));
#570=FACE_BOUND('',#571,.T.);
#571=EDGE_LOOP('',(#1215,#1216,#1217,#1218));
#572=CYLINDRICAL_SURFACE('',#573,0.799999997019768);
#573=AXIS2_PLACEMENT_3D('',#574,#575,#576);
#574=CARTESIAN_POINT('',(-10.25,6.5,5.8));
#575=DIRECTION('',(0.,0.,1.));
#576=DIRECTION('',(1.22464679914735E-16,1.,0.));
#577=FACE_BOUND('',#578,.T.);
#578=EDGE_LOOP('',(#1219,#1220,#1221,#1222));
#579=PLANE('',#580);
#580=AXIS2_PLACEMENT_3D('',#581,#582,#583);
#581=CARTESIAN_POINT('',(10.25,7.29999999701975,5.8));
#582=DIRECTION('',(7.79863978273284E-16,1.,0.));
#583=DIRECTION('',(-1.,7.79863978273284E-16,0.));
#584=FACE_BOUND('',#585,.T.);
#585=EDGE_LOOP('',(#1223,#1224,#1225,#1226));
#586=CYLINDRICAL_SURFACE('',#587,0.799999997019768);
#587=AXIS2_PLACEMENT_3D('',#588,#589,#590);
#588=CARTESIAN_POINT('',(10.25,6.5,5.8));
#589=DIRECTION('',(0.,0.,1.));
#590=DIRECTION('',(1.,-1.22464679914735E-16,0.));
#591=FACE_BOUND('',#592,.T.);
#592=EDGE_LOOP('',(#1227,#1228,#1229,#1230));
#593=PLANE('',#594);
#594=AXIS2_PLACEMENT_3D('',#595,#596,#597);
#595=CARTESIAN_POINT('',(11.0499999970197,-6.50000000000003,5.8));
#596=DIRECTION('',(1.,0.,0.));
#597=DIRECTION('',(0.,1.,0.));
#598=FACE_BOUND('',#599,.T.);
#599=EDGE_LOOP('',(#1231,#1232,#1233,#1234));
#600=CYLINDRICAL_SURFACE('',#601,0.799999997019768);
#601=AXIS2_PLACEMENT_3D('',#602,#603,#604);
#602=CARTESIAN_POINT('',(10.25,-6.50000000000003,5.8));
#603=DIRECTION('',(0.,0.,1.));
#604=DIRECTION('',(-1.22464679914735E-16,-1.,0.));
#605=FACE_BOUND('',#606,.T.);
#606=EDGE_LOOP('',(#1235,#1236,#1237,#1238));
#607=PLANE('',#608);
#608=AXIS2_PLACEMENT_3D('',#609,#610,#611);
#609=CARTESIAN_POINT('',(-10.25,-7.29999999701977,5.8));
#610=DIRECTION('',(-7.79863978273283E-16,-1.,0.));
#611=DIRECTION('',(1.,-7.79863978273283E-16,0.));
#612=FACE_BOUND('',#613,.T.);
#613=EDGE_LOOP('',(#1239,#1240,#1241,#1242));
#614=PLANE('',#615);
#615=AXIS2_PLACEMENT_3D('',#616,#617,#618);
#616=CARTESIAN_POINT('',(-2.25000000000001,1.3,6.38058282745583));
#617=DIRECTION('',(0.707106781186503,0.707106781186592,-1.11869087681212E-15));
#618=DIRECTION('',(7.77156117237609E-16,7.77156117237609E-16,1.));
#619=FACE_BOUND('',#620,.T.);
#620=EDGE_LOOP('',(#1243,#1244,#1245,#1246));
#621=PLANE('',#622);
#622=AXIS2_PLACEMENT_3D('',#623,#624,#625);
#623=CARTESIAN_POINT('',(-2.45000000000002,1.5,2.2));
#624=DIRECTION('',(0.,1.,0.));
#625=DIRECTION('',(0.,0.,1.));
#626=FACE_BOUND('',#627,.T.);
#627=EDGE_LOOP('',(#1247,#1248,#1249,#1250));
#628=PLANE('',#629);
#629=AXIS2_PLACEMENT_3D('',#630,#631,#632);
#630=CARTESIAN_POINT('',(-3.45000000000001,1.3,2.2));
#631=DIRECTION('',(-0.707106781186544,0.707106781186551,3.92523114670942E-17));
#632=DIRECTION('',(0.,0.,1.));
#633=FACE_BOUND('',#634,.T.);
#634=EDGE_LOOP('',(#1251,#1252,#1253,#1254));
#635=PLANE('',#636);
#636=AXIS2_PLACEMENT_3D('',#637,#638,#639);
#637=CARTESIAN_POINT('',(-3.45000000000001,1.3,2.2));
#638=DIRECTION('',(-1.,0.,0.));
#639=DIRECTION('',(0.,0.,1.));
#640=FACE_BOUND('',#641,.T.);
#641=EDGE_LOOP('',(#1255,#1256,#1257,#1258));
#642=PLANE('',#643);
#643=AXIS2_PLACEMENT_3D('',#644,#645,#646);
#644=CARTESIAN_POINT('',(-3.45000000000002,-1.3,6.39754238491595));
#645=DIRECTION('',(-0.707106781186507,-0.707106781186588,-1.09906472107858E-15));
#646=DIRECTION('',(-7.77156117237609E-16,-7.77156117237609E-16,1.));
#647=FACE_BOUND('',#648,.T.);
#648=EDGE_LOOP('',(#1259,#1260,#1261,#1262));
#649=PLANE('',#650);
#650=AXIS2_PLACEMENT_3D('',#651,#652,#653);
#651=CARTESIAN_POINT('',(-3.25000000000101,-1.5,2.2));
#652=DIRECTION('',(0.,-1.,0.));
#653=DIRECTION('',(0.,0.,1.));
#654=FACE_BOUND('',#655,.T.);
#655=EDGE_LOOP('',(#1263,#1264,#1265,#1266));
#656=PLANE('',#657);
#657=AXIS2_PLACEMENT_3D('',#658,#659,#660);
#658=CARTESIAN_POINT('',(-2.45,-1.5,6.27582052118817));
#659=DIRECTION('',(0.707106781186544,-0.707106781186551,9.81307786677364E-17));
#660=DIRECTION('',(0.,0.,1.));
#661=FACE_BOUND('',#662,.T.);
#662=EDGE_LOOP('',(#1267,#1268,#1269,#1270));
#663=PLANE('',#664);
#664=AXIS2_PLACEMENT_3D('',#665,#666,#667);
#665=CARTESIAN_POINT('',(-2.25000000000001,-1.3,2.2));
#666=DIRECTION('',(1.,0.,0.));
#667=DIRECTION('',(0.,0.,1.));
#668=FACE_BOUND('',#669,.T.);
#669=EDGE_LOOP('',(#1271,#1272,#1273,#1274));
#670=PLANE('',#671);
#671=AXIS2_PLACEMENT_3D('',#672,#673,#674);
#672=CARTESIAN_POINT('',(3.24999999999998,-1.5,6.39754238491596));
#673=DIRECTION('',(0.70710678118652,-0.707106781186575,-1.9626155733551E-17));
#674=DIRECTION('',(0.,0.,1.));
#675=FACE_BOUND('',#676,.T.);
#676=EDGE_LOOP('',(#1275,#1276,#1277,#1278));
#677=PLANE('',#678);
#678=AXIS2_PLACEMENT_3D('',#679,#680,#681);
#679=CARTESIAN_POINT('',(3.45,-1.3,2.2));
#680=DIRECTION('',(1.,0.,0.));
#681=DIRECTION('',(0.,0.,1.));
#682=FACE_BOUND('',#683,.T.);
#683=EDGE_LOOP('',(#1279,#1280,#1281,#1282));
#684=PLANE('',#685);
#685=AXIS2_PLACEMENT_3D('',#686,#687,#688);
#686=CARTESIAN_POINT('',(3.24999999999997,1.5,2.2));
#687=DIRECTION('',(0.707106781186513,0.707106781186582,-6.47663139207035E-16));
#688=DIRECTION('',(4.44089209850062E-16,4.44089209850062E-16,1.));
#689=FACE_BOUND('',#690,.T.);
#690=EDGE_LOOP('',(#1283,#1284,#1285,#1286));
#691=PLANE('',#692);
#692=AXIS2_PLACEMENT_3D('',#693,#694,#695);
#693=CARTESIAN_POINT('',(3.24999999999999,1.5,2.2));
#694=DIRECTION('',(0.,1.,0.));
#695=DIRECTION('',(0.,0.,1.));
#696=FACE_BOUND('',#697,.T.);
#697=EDGE_LOOP('',(#1287,#1288,#1289,#1290));
#698=PLANE('',#699);
#699=AXIS2_PLACEMENT_3D('',#700,#701,#702);
#700=CARTESIAN_POINT('',(2.45000000000002,1.5,6.3805828273585));
#701=DIRECTION('',(-0.707106781186517,0.707106781186578,-3.92523114670893E-17));
#702=DIRECTION('',(0.,0.,1.));
#703=FACE_BOUND('',#704,.T.);
#704=EDGE_LOOP('',(#1291,#1292,#1293,#1294));
#705=PLANE('',#706);
#706=AXIS2_PLACEMENT_3D('',#707,#708,#709);
#707=CARTESIAN_POINT('',(2.24999999999999,1.3,2.2));
#708=DIRECTION('',(-1.,0.,0.));
#709=DIRECTION('',(0.,0.,1.));
#710=FACE_BOUND('',#711,.T.);
#711=EDGE_LOOP('',(#1295,#1296,#1297,#1298));
#712=PLANE('',#713);
#713=AXIS2_PLACEMENT_3D('',#714,#715,#716);
#714=CARTESIAN_POINT('',(2.25,-1.3,6.27582052128974));
#715=DIRECTION('',(-0.707106781186501,-0.707106781186594,-1.78598017175269E-15));
#716=DIRECTION('',(-1.22124532708767E-15,-1.22124532708767E-15,1.));
#717=FACE_BOUND('',#718,.T.);
#718=EDGE_LOOP('',(#1299,#1300,#1301,#1302));
#719=PLANE('',#720);
#720=AXIS2_PLACEMENT_3D('',#721,#722,#723);
#721=CARTESIAN_POINT('',(2.45,-1.5,2.2));
#722=DIRECTION('',(0.,-1.,0.));
#723=DIRECTION('',(0.,0.,1.));
#724=FACE_BOUND('',#725,.T.);
#725=EDGE_LOOP('',(#1303));
#726=PLANE('',#727);
#727=AXIS2_PLACEMENT_3D('',#728,#729,#730);
#728=CARTESIAN_POINT('',(0.,0.,6.8));
#729=DIRECTION('',(0.,0.,-1.));
#730=DIRECTION('',(-1.,0.,0.));
#731=FACE_BOUND('',#732,.T.);
#732=EDGE_LOOP('',(#1304,#1305,#1306));
#733=B_SPLINE_SURFACE_WITH_KNOTS('',3,3,(
(#734,#735,#736,#737,#738,#739),
(#740,#741,#742,#743,#744,#745),
(#746,#747,#748,#749,#750,#751),
(#752,#753,#754,#755,#756,#757),
(#758,#759,#760,#761,#762,#763),
(#764,#765,#766,#767,#768,#769),
(#770,#771,#772,#773,#774,#775),
(#776,#777,#778,#779,#780,#781),
(#782,#783,#784,#785,#786,#787),
(#788,#789,#790,#791,#792,#793),
(#794,#795,#796,#797,#798,#799),
(#800,#801,#802,#803,#804,#805)),
.UNSPECIFIED.,.F.,.F.,.F.,
(4,1,1,1,1,1,1,1,1,4),
(4,1,1,4),
(0.,0.137826913897424,0.25802327355834,0.365249515084025,0.47247575660971,0.582481129523075,
0.695791376438119,0.80506658277017,0.910749502161416,1.),
(0.,0.500008148148148,0.745892386831276,1.),
.UNSPECIFIED.);
#734=CARTESIAN_POINT('',(-11.0499999970197,-6.5,9.3));
#735=CARTESIAN_POINT('',(-10.8833306143037,-6.46666612296008,9.46666938271605));
#736=CARTESIAN_POINT('',(-10.6346998186932,-6.41693996309701,9.71530017832648));
#737=CARTESIAN_POINT('',(-10.3013664853599,-6.35027329543694,10.0486335116598));
#738=CARTESIAN_POINT('',(-10.1347025347426,-6.31694050481677,10.2152974622771));
#739=CARTESIAN_POINT('',(-10.0499999970197,-6.29999999701977,10.3));
#740=CARTESIAN_POINT('',(-11.0499999970197,-6.55773280247387,9.3));
#741=CARTESIAN_POINT('',(-10.8833306143037,-6.51477663488317,9.46666938271605));
#742=CARTESIAN_POINT('',(-10.6346998186932,-6.4506963224082,9.71530017832648));
#743=CARTESIAN_POINT('',(-10.3013664853599,-6.36478538725684,10.0486335116598));
#744=CARTESIAN_POINT('',(-10.1347025347426,-6.32183061969616,10.2152974622771));
#745=CARTESIAN_POINT('',(-10.0499999970197,-6.29999999701977,10.3));
#746=CARTESIAN_POINT('',(-11.0382523954455,-6.66581036567538,9.3));
#747=CARTESIAN_POINT('',(-10.8735409782322,-6.60484097734042,9.46666938271606));
#748=CARTESIAN_POINT('',(-10.6278309981477,-6.51388925433903,9.71530017832648));
#749=CARTESIAN_POINT('',(-10.2984135320058,-6.39195246478716,10.0486335116598));
#750=CARTESIAN_POINT('',(-10.1337074830771,-6.33098506357024,10.2152974622771));
#751=CARTESIAN_POINT('',(-10.0499999970197,-6.29999999701977,10.3));
#752=CARTESIAN_POINT('',(-10.9912353016168,-6.81212053664042,9.3));
#753=CARTESIAN_POINT('',(-10.834360194409,-6.72676572242564,9.46666938271605));
#754=CARTESIAN_POINT('',(-10.6003401117705,-6.5994367852113,9.71530017832647));
#755=CARTESIAN_POINT('',(-10.2865950102381,-6.42872993867111,10.0486335116598));
#756=CARTESIAN_POINT('',(-10.1297250159135,-6.34337790634564,10.2152974622771));
#757=CARTESIAN_POINT('',(-10.0499999970197,-6.29999999701977,10.3));
#758=CARTESIAN_POINT('',(-10.9250888812578,-6.93627437406985,9.3));
#759=CARTESIAN_POINT('',(-10.7792383571002,-6.83022691640887,9.46666938271604));
#760=CARTESIAN_POINT('',(-10.5616643115822,-6.67202951181638,9.71530017832648));
#761=CARTESIAN_POINT('',(-10.2699680168362,-6.45993805279968,10.0486335116598));
#762=CARTESIAN_POINT('',(-10.1241222462478,-6.35389405144398,10.2152974622771));
#763=CARTESIAN_POINT('',(-10.0499999970197,-6.29999999701977,10.3));
#764=CARTESIAN_POINT('',(-10.8416866972735,-7.04419410357005,9.3));
#765=CARTESIAN_POINT('',(-10.7097367636377,-6.9201597312104,9.46666938271605));
#766=CARTESIAN_POINT('',(-10.5128990694794,-6.7351301584102,9.71530017832647));
#767=CARTESIAN_POINT('',(-10.2490035027281,-6.48706545622679,10.0486335116598));
#768=CARTESIAN_POINT('',(-10.1170578696127,-6.36303512640298,10.2152974622771));
#769=CARTESIAN_POINT('',(-10.0499999970197,-6.29999999701977,10.3));
#770=CARTESIAN_POINT('',(-10.7392683725912,-7.13813283929728,9.3));
#771=CARTESIAN_POINT('',(-10.624388437909,-6.99844175584084,9.46666938271605));
#772=CARTESIAN_POINT('',(-10.4530150933016,-6.79005612043815,9.71530017832648));
#773=CARTESIAN_POINT('',(-10.2232589681111,-6.51067850634565,10.0486335116598));
#774=CARTESIAN_POINT('',(-10.1083827776027,-6.37099197570958,10.2152974622771));
#775=CARTESIAN_POINT('',(-10.0499999970197,-6.29999999701977,10.3));
#776=CARTESIAN_POINT('',(-10.6212757160676,-7.21323785337651,9.3));
#777=CARTESIAN_POINT('',(-10.5260615446132,-7.0610290635846,9.46666938271605));
#778=CARTESIAN_POINT('',(-10.3840248080734,-6.83397000877706,9.71530017832647));
#779=CARTESIAN_POINT('',(-10.1935995683908,-6.52955738999149,10.0486335116598));
#780=CARTESIAN_POINT('',(-10.0983885001625,-6.37735356099781,10.2152974622771));
#781=CARTESIAN_POINT('',(-10.0499999970197,-6.29999999701977,10.3));
#782=CARTESIAN_POINT('',(-10.4937332952939,-7.26596636781437,9.3));
#783=CARTESIAN_POINT('',(-10.41977654038,-7.10496934906957,9.46666938271606));
#784=CARTESIAN_POINT('',(-10.3094507773912,-6.86480036176599,9.71530017832646));
#785=CARTESIAN_POINT('',(-10.1615396779665,-6.54281157150112,10.0486335116598));
#786=CARTESIAN_POINT('',(-10.0875853334557,-6.38181979998106,10.2152974622771));
#787=CARTESIAN_POINT('',(-10.0499999970197,-6.29999999701977,10.3));
#788=CARTESIAN_POINT('',(-10.3690385904342,-7.29426796167727,9.3));
#789=CARTESIAN_POINT('',(-10.3158646250072,-7.12855393375346,9.46666938271605));
#790=CARTESIAN_POINT('',(-10.2365418056961,-6.88134829865071,9.71530017832648));
#791=CARTESIAN_POINT('',(-10.1301956078913,-6.54992564376487,10.0486335116598));
#792=CARTESIAN_POINT('',(-10.0770233755135,-6.38421701680285,10.2152974622771));
#793=CARTESIAN_POINT('',(-10.0499999970197,-6.29999999701977,10.3));
#794=CARTESIAN_POINT('',(-10.2873851609726,-7.29999999701977,9.3));
#795=CARTESIAN_POINT('',(-10.2478203222306,-7.13333061430372,9.46666938271605));
#796=CARTESIAN_POINT('',(-10.1887990600509,-6.88469981869329,9.71530017832648));
#797=CARTESIAN_POINT('',(-10.1096706720666,-6.55136648535996,10.0486335116598));
#798=CARTESIAN_POINT('',(-10.0701071228243,-6.38470253474267,10.2152974622771));
#799=CARTESIAN_POINT('',(-10.0499999970197,-6.29999999701977,10.3));
#800=CARTESIAN_POINT('',(-10.25,-7.29999999701977,9.3));
#801=CARTESIAN_POINT('',(-10.21666612296,-7.13333061430372,9.46666938271605));
#802=CARTESIAN_POINT('',(-10.166939963097,-6.88469981869329,9.71530017832648));
#803=CARTESIAN_POINT('',(-10.1002732954369,-6.55136648535996,10.0486335116598));
#804=CARTESIAN_POINT('',(-10.0669405048167,-6.38470253474267,10.2152974622771));
#805=CARTESIAN_POINT('',(-10.0499999970197,-6.29999999701977,10.3));
#806=FACE_BOUND('',#807,.T.);
#807=EDGE_LOOP('',(#1307,#1308,#1309,#1310));
#808=PLANE('',#809);
#809=AXIS2_PLACEMENT_3D('',#810,#811,#812);
#810=CARTESIAN_POINT('',(-11.0499999970197,10.5,9.3));
#811=DIRECTION('',(-0.707106781186547,0.,0.707106781186548));
#812=DIRECTION('',(0.,-1.,0.));
#813=FACE_BOUND('',#814,.T.);
#814=EDGE_LOOP('',(#1311,#1312,#1313));
#815=B_SPLINE_SURFACE_WITH_KNOTS('',3,3,(
(#816,#817,#818,#819,#820,#821),
(#822,#823,#824,#825,#826,#827),
(#828,#829,#830,#831,#832,#833),
(#834,#835,#836,#837,#838,#839),
(#840,#841,#842,#843,#844,#845),
(#846,#847,#848,#849,#850,#851),
(#852,#853,#854,#855,#856,#857),
(#858,#859,#860,#861,#862,#863),
(#864,#865,#866,#867,#868,#869),
(#870,#871,#872,#873,#874,#875),
(#876,#877,#878,#879,#880,#881),
(#882,#883,#884,#885,#886,#887)),
.UNSPECIFIED.,.F.,.F.,.F.,
(4,1,1,1,1,1,1,1,1,4),
(4,1,1,4),
(0.,0.137826913899394,0.258023273561192,0.365249515086871,0.472475756612549,0.582481129526082,
0.695791376441033,0.805066582771524,0.910749502163475,1.),
(0.,0.500008148148148,0.740748971193415,1.),
.UNSPECIFIED.);
#816=CARTESIAN_POINT('',(-10.25,7.29999999701977,9.3));
#817=CARTESIAN_POINT('',(-10.21666612296,7.13333061430372,9.46666938271605));
#818=CARTESIAN_POINT('',(-10.1672828574779,6.88641429057258,9.71358570644719));
#819=CARTESIAN_POINT('',(-10.1006161898178,6.55308095723925,10.0469190397805));
#820=CARTESIAN_POINT('',(-10.0672833991977,6.38641700662196,10.2135829903978));
#821=CARTESIAN_POINT('',(-10.0499999970197,6.29999999701977,10.3));
#822=CARTESIAN_POINT('',(-10.3077328024747,7.29999999701977,9.3));
#823=CARTESIAN_POINT('',(-10.2647766348838,7.13333061430372,9.46666938271605));
#824=CARTESIAN_POINT('',(-10.2011381980559,6.88641429057258,9.71358570644719));
#825=CARTESIAN_POINT('',(-10.1152272629043,6.55308095723925,10.0469190397805));
#826=CARTESIAN_POINT('',(-10.0722724953435,6.38641700662196,10.2135829903978));
#827=CARTESIAN_POINT('',(-10.0499999970197,6.29999999701977,10.3));
#828=CARTESIAN_POINT('',(-10.4158103656774,7.2882523954452,9.3));
#829=CARTESIAN_POINT('',(-10.354840977342,7.12354097823198,9.46666938271605));
#830=CARTESIAN_POINT('',(-10.2645164259304,6.87952532909429,9.71358570644719));
#831=CARTESIAN_POINT('',(-10.1425796363778,6.55010786295248,10.0469190397805));
#832=CARTESIAN_POINT('',(-10.0816122351606,6.38540181402388,10.2135829903978));
#833=CARTESIAN_POINT('',(-10.0499999970197,6.29999999701977,10.3));
#834=CARTESIAN_POINT('',(-10.5621205366434,7.24123530161563,9.3));
#835=CARTESIAN_POINT('',(-10.4767657224281,7.08436019440809,9.46666938271605));
#836=CARTESIAN_POINT('',(-10.350314801477,6.85195383323131,9.71358570644719));
#837=CARTESIAN_POINT('',(-10.1796079549358,6.53820873169937,10.0469190397805));
#838=CARTESIAN_POINT('',(-10.0942559226098,6.38133873737495,10.2135829903978));
#839=CARTESIAN_POINT('',(-10.0499999970197,6.29999999701977,10.3));
#840=CARTESIAN_POINT('',(-10.6862743740728,7.17508888125592,9.3));
#841=CARTESIAN_POINT('',(-10.5802269164113,7.0292383570986,9.46666938271606));
#842=CARTESIAN_POINT('',(-10.4231203863451,6.81316462686502,9.71358570644718));
#843=CARTESIAN_POINT('',(-10.2110289273274,6.52146833211965,10.0469190397805));
#844=CARTESIAN_POINT('',(-10.1049849259711,6.37562256153157,10.2135829903978));
#845=CARTESIAN_POINT('',(-10.0499999970197,6.29999999701977,10.3));
#846=CARTESIAN_POINT('',(-10.7941941035727,7.09168669727107,9.3));
#847=CARTESIAN_POINT('',(-10.6701597312126,6.95973676363567,9.46666938271605));
#848=CARTESIAN_POINT('',(-10.4864060582801,6.76425639406279,9.71358570644719));
#849=CARTESIAN_POINT('',(-10.2383413560958,6.50036082731235,10.0469190397805));
#850=CARTESIAN_POINT('',(-10.1143110262716,6.36841519419731,10.2135829903978));
#851=CARTESIAN_POINT('',(-10.0499999970197,6.29999999701977,10.3));
#852=CARTESIAN_POINT('',(-10.8881328392995,6.98926837258831,9.3));
#853=CARTESIAN_POINT('',(-10.7484417558427,6.87438843790661,9.46666938271605));
#854=CARTESIAN_POINT('',(-10.5414930756286,6.70419682454708,9.71358570644719));
#855=CARTESIAN_POINT('',(-10.2621154615353,6.47444069935758,10.0469190397805));
#856=CARTESIAN_POINT('',(-10.1224289308989,6.35956450884975,10.2135829903978));
#857=CARTESIAN_POINT('',(-10.0499999970197,6.29999999701977,10.3));
#858=CARTESIAN_POINT('',(-10.9632378533778,6.87127571606485,9.3));
#859=CARTESIAN_POINT('',(-10.8110290635857,6.77606154461094,9.46666938271605));
#860=CARTESIAN_POINT('',(-10.5855357294016,6.63500424422747,9.71358570644719));
#861=CARTESIAN_POINT('',(-10.2811231106156,6.44457900454577,10.0469190397805));
#862=CARTESIAN_POINT('',(-10.1289192816217,6.34936793631798,10.2135829903978));
#863=CARTESIAN_POINT('',(-10.0499999970197,6.29999999701977,10.3));
#864=CARTESIAN_POINT('',(-11.0159663678151,6.7437332952914,9.3));
#865=CARTESIAN_POINT('',(-10.8549693490702,6.66977654037791,9.46666938271605));
#866=CARTESIAN_POINT('',(-10.6164564839455,6.56021154565158,9.71358570644719));
#867=CARTESIAN_POINT('',(-10.2944676936803,6.41230044622772,10.0469190397805));
#868=CARTESIAN_POINT('',(-10.1334759221601,6.33834610171731,10.2135829903978));
#869=CARTESIAN_POINT('',(-10.0499999970197,6.29999999701977,10.3));
#870=CARTESIAN_POINT('',(-11.0442679616774,6.61903859043278,9.3));
#871=CARTESIAN_POINT('',(-10.8785539337536,6.56586462500603,9.46666938271605));
#872=CARTESIAN_POINT('',(-10.6330529431166,6.48708878839214,9.71358570644718));
#873=CARTESIAN_POINT('',(-10.3016302882307,6.38074259058781,10.0469190397805));
#874=CARTESIAN_POINT('',(-10.1359216612687,6.32757035821021,10.2135829903978));
#875=CARTESIAN_POINT('',(-10.0499999970197,6.29999999701977,10.3));
#876=CARTESIAN_POINT('',(-11.0499999970197,6.53738516097172,9.3));
#877=CARTESIAN_POINT('',(-10.8833306143037,6.4978203222299,9.46666938271605));
#878=CARTESIAN_POINT('',(-10.6364142905725,6.43920605023857,9.71358570644719));
#879=CARTESIAN_POINT('',(-10.3030809572392,6.36007766225459,10.0469190397805));
#880=CARTESIAN_POINT('',(-10.1364170066219,6.32051411301242,10.2135829903978));
#881=CARTESIAN_POINT('',(-10.0499999970197,6.29999999701977,10.3));
#882=CARTESIAN_POINT('',(-11.0499999970197,6.5,9.3));
#883=CARTESIAN_POINT('',(-10.8833306143037,6.46666612296008,9.46666938271605));
#884=CARTESIAN_POINT('',(-10.6364142905725,6.41728285747798,9.71358570644719));
#885=CARTESIAN_POINT('',(-10.3030809572392,6.35061618981791,10.0469190397805));
#886=CARTESIAN_POINT('',(-10.1364170066219,6.31728339919774,10.2135829903978));
#887=CARTESIAN_POINT('',(-10.0499999970197,6.29999999701977,10.3));
#888=FACE_BOUND('',#889,.T.);
#889=EDGE_LOOP('',(#1314,#1315,#1316,#1317));
#890=PLANE('',#891);
#891=AXIS2_PLACEMENT_3D('',#892,#893,#894);
#892=CARTESIAN_POINT('',(14.25,7.29999999701975,9.3));
#893=DIRECTION('',(5.72946020010923E-16,0.707106781186547,0.707106781186547));
#894=DIRECTION('',(-1.,8.10268032007134E-16,0.));
#895=FACE_BOUND('',#896,.T.);
#896=EDGE_LOOP('',(#1318,#1319,#1320));
#897=B_SPLINE_SURFACE_WITH_KNOTS('',3,3,(
(#898,#899,#900,#901,#902),
(#903,#904,#905,#906,#907),
(#908,#909,#910,#911,#912),
(#913,#914,#915,#916,#917),
(#918,#919,#920,#921,#922),
(#923,#924,#925,#926,#927),
(#928,#929,#930,#931,#932),
(#933,#934,#935,#936,#937),
(#938,#939,#940,#941,#942),
(#943,#944,#945,#946,#947),
(#948,#949,#950,#951,#952),
(#953,#954,#955,#956,#957)),
.UNSPECIFIED.,.F.,.F.,.F.,
(4,1,1,1,1,1,1,1,1,4),
(4,1,4),
(0.,0.137826913899,0.258023273560315,0.365249515086045,0.472475756611775,0.582481129525271,
0.695791376440584,0.805066582769495,0.91074950216307,1.),
(0.,0.500008148148148,1.),
.UNSPECIFIED.);
#898=CARTESIAN_POINT('',(11.0499999970197,6.5,9.3));
#899=CARTESIAN_POINT('',(10.8833306143037,6.46666612296008,9.46666938271605));
#900=CARTESIAN_POINT('',(10.5499972809703,6.3999994553,9.80000271604938));
#901=CARTESIAN_POINT('',(10.216663947637,6.3333327876399,10.1333360493827));
#902=CARTESIAN_POINT('',(10.0499999970197,6.29999999701975,10.3));
#903=CARTESIAN_POINT('',(11.0499999970197,6.55773280247454,9.3));
#904=CARTESIAN_POINT('',(10.8833306143037,6.51477663488371,9.46666938271605));
#905=CARTESIAN_POINT('',(10.5499972809703,6.42886569973212,9.80000271604938));
#906=CARTESIAN_POINT('',(10.216663947637,6.34295476458052,10.1333360493827));
#907=CARTESIAN_POINT('',(10.0499999970197,6.29999999701975,10.3));
#908=CARTESIAN_POINT('',(11.0382523954452,6.66581036567687,9.3));
#909=CARTESIAN_POINT('',(10.873540978232,6.60484097734166,9.46666938271605));
#910=CARTESIAN_POINT('',(10.5441235120902,6.48290418778928,9.80000271604938));
#911=CARTESIAN_POINT('',(10.2147060459483,6.36096739823691,10.1333360493827));
#912=CARTESIAN_POINT('',(10.0499999970197,6.29999999701975,10.3));
#913=CARTESIAN_POINT('',(10.9912353016159,6.81212053664259,9.3));
#914=CARTESIAN_POINT('',(10.8343601944083,6.72676572242744,9.46666938271605));
#915=CARTESIAN_POINT('',(10.5206150928763,6.5560588758865,9.80000271604938));
#916=CARTESIAN_POINT('',(10.2068699913442,6.38535202934554,10.1333360493827));
#917=CARTESIAN_POINT('',(10.0499999970197,6.29999999701975,10.3));
#918=CARTESIAN_POINT('',(10.9250888812564,6.93627437407199,9.3));
#919=CARTESIAN_POINT('',(10.779238357099,6.83022691641066,9.46666938271605));
#920=CARTESIAN_POINT('',(10.4875420623535,6.61813545739324,9.80000271604937));
#921=CARTESIAN_POINT('',(10.1958457676079,6.40604399837583,10.1333360493827));
#922=CARTESIAN_POINT('',(10.0499999970197,6.29999999701975,10.3));
#923=CARTESIAN_POINT('',(10.8416866972717,7.04419410357201,9.3));
#924=CARTESIAN_POINT('',(10.7097367636362,6.92015973121201,9.46666938271606));
#925=CARTESIAN_POINT('',(10.4458411968856,6.67209502902794,9.80000271604938));
#926=CARTESIAN_POINT('',(10.1819456301349,6.42403032684385,10.1333360493827));
#927=CARTESIAN_POINT('',(10.0499999970197,6.29999999701975,10.3));
#928=CARTESIAN_POINT('',(10.739268372589,7.13813283929901,9.3));
#929=CARTESIAN_POINT('',(10.6243884379071,6.99844175584228,9.46666938271605));
#930=CARTESIAN_POINT('',(10.3946323127174,6.71906414174919,9.80000271604938));
#931=CARTESIAN_POINT('',(10.1648761875277,6.4396865276561,10.1333360493827));
#932=CARTESIAN_POINT('',(10.0499999970197,6.29999999701975,10.3));
#933=CARTESIAN_POINT('',(10.621275716066,7.21323785337719,9.3));
#934=CARTESIAN_POINT('',(10.5260615446119,7.06102906358517,9.46666938271605));
#935=CARTESIAN_POINT('',(10.3356363049298,6.75661644479935,9.80000271604938));
#936=CARTESIAN_POINT('',(10.1452110652477,6.45220382601354,10.1333360493827));
#937=CARTESIAN_POINT('',(10.0499999970197,6.29999999701975,10.3));
#938=CARTESIAN_POINT('',(10.4937332952925,7.26596636781478,9.3));
#939=CARTESIAN_POINT('',(10.4197765403788,7.10496934906991,9.46666938271605));
#940=CARTESIAN_POINT('',(10.2718654409546,6.7829805588049,9.80000271604938));
#941=CARTESIAN_POINT('',(10.1239543415303,6.46099176853989,10.1333360493827));
#942=CARTESIAN_POINT('',(10.0499999970197,6.29999999701975,10.3));
#943=CARTESIAN_POINT('',(10.3690385904338,7.29426796167735,9.3));
#944=CARTESIAN_POINT('',(10.3158646250069,7.12855393375352,9.46666938271606));
#945=CARTESIAN_POINT('',(10.2095184272022,6.79713127886766,9.80000271604938));
#946=CARTESIAN_POINT('',(10.1031722293975,6.46570862398179,10.1333360493827));
#947=CARTESIAN_POINT('',(10.0499999970197,6.29999999701975,10.3));
#948=CARTESIAN_POINT('',(10.2873851609719,7.29999999701976,9.3));
#949=CARTESIAN_POINT('',(10.24782032223,7.13333061430371,9.46666938271605));
#950=CARTESIAN_POINT('',(10.168691934246,6.79999728097037,9.80000271604938));
#951=CARTESIAN_POINT('',(10.0895635462619,6.46666394763704,10.1333360493827));
#952=CARTESIAN_POINT('',(10.0499999970197,6.29999999701975,10.3));
#953=CARTESIAN_POINT('',(10.25,7.29999999701976,9.3));
#954=CARTESIAN_POINT('',(10.21666612296,7.13333061430371,9.46666938271605));
#955=CARTESIAN_POINT('',(10.1499994553,6.79999728097037,9.80000271604938));
#956=CARTESIAN_POINT('',(10.0833327876399,6.46666394763704,10.1333360493827));
#957=CARTESIAN_POINT('',(10.0499999970197,6.29999999701975,10.3));
#958=FACE_BOUND('',#959,.T.);
#959=EDGE_LOOP('',(#1321,#1322,#1323,#1324));
#960=PLANE('',#961);
#961=AXIS2_PLACEMENT_3D('',#962,#963,#964);
#962=CARTESIAN_POINT('',(11.0499999970197,-10.5,9.3));
#963=DIRECTION('',(0.707106781186547,0.,0.707106781186548));
#964=DIRECTION('',(0.,1.,0.));
#965=FACE_BOUND('',#966,.T.);
#966=EDGE_LOOP('',(#1325,#1326,#1327));
#967=B_SPLINE_SURFACE_WITH_KNOTS('',3,3,(
(#968,#969,#970,#971,#972,#973),
(#974,#975,#976,#977,#978,#979),
(#980,#981,#982,#983,#984,#985),
(#986,#987,#988,#989,#990,#991),
(#992,#993,#994,#995,#996,#997),
(#998,#999,#1000,#1001,#1002,#1003),
(#1004,#1005,#1006,#1007,#1008,#1009),
(#1010,#1011,#1012,#1013,#1014,#1015),
(#1016,#1017,#1018,#1019,#1020,#1021),
(#1022,#1023,#1024,#1025,#1026,#1027),
(#1028,#1029,#1030,#1031,#1032,#1033),
(#1034,#1035,#1036,#1037,#1038,#1039)),
.UNSPECIFIED.,.F.,.F.,.F.,
(4,1,1,1,1,1,1,1,1,4),
(4,1,1,4),
(0.,0.137826913897182,0.258023273557641,0.36524951508332,0.472475756609,0.582481129522506,
0.695791376437842,0.805066582775214,0.910749502161254,1.),
(0.,0.500008148148148,0.740748971193415,1.),
.UNSPECIFIED.);
#968=CARTESIAN_POINT('',(10.25,-7.29999999701979,9.3));
#969=CARTESIAN_POINT('',(10.21666612296,-7.13333061430374,9.46666938271605));
#970=CARTESIAN_POINT('',(10.1672828574779,-6.88641429057259,9.71358570644719));
#971=CARTESIAN_POINT('',(10.1006161898179,-6.55308095723927,10.0469190397805));
#972=CARTESIAN_POINT('',(10.0672833991977,-6.38641700662197,10.2135829903978));
#973=CARTESIAN_POINT('',(10.0499999970197,-6.29999999701978,10.3));
#974=CARTESIAN_POINT('',(10.3077328024737,-7.29999999701979,9.3));
#975=CARTESIAN_POINT('',(10.264776634883,-7.13333061430374,9.46666938271605));
#976=CARTESIAN_POINT('',(10.2011381980554,-6.88641429057259,9.71358570644719));
#977=CARTESIAN_POINT('',(10.1152272629041,-6.55308095723927,10.0469190397805));
#978=CARTESIAN_POINT('',(10.0722724953434,-6.38641700662197,10.2135829903978));
#979=CARTESIAN_POINT('',(10.0499999970197,-6.29999999701978,10.3));
#980=CARTESIAN_POINT('',(10.4158103656749,-7.28825239544558,9.3));
#981=CARTESIAN_POINT('',(10.35484097734,-7.12354097823229,9.46666938271605));
#982=CARTESIAN_POINT('',(10.264516425929,-6.87952532909452,9.71358570644718));
#983=CARTESIAN_POINT('',(10.1425796363772,-6.55010786295259,10.0469190397805));
#984=CARTESIAN_POINT('',(10.0816122351604,-6.38540181402393,10.2135829903978));
#985=CARTESIAN_POINT('',(10.0499999970197,-6.29999999701978,10.3));
#986=CARTESIAN_POINT('',(10.5621205366397,-7.24123530161713,9.3));
#987=CARTESIAN_POINT('',(10.4767657224251,-7.08436019440934,9.46666938271605));
#988=CARTESIAN_POINT('',(10.3503148014749,-6.85195383323219,9.71358570644719));
#989=CARTESIAN_POINT('',(10.1796079549349,-6.53820873169976,10.0469190397805));
#990=CARTESIAN_POINT('',(10.0942559226096,-6.38133873737509,10.2135829903978));
#991=CARTESIAN_POINT('',(10.0499999970197,-6.29999999701978,10.3));
#992=CARTESIAN_POINT('',(10.6862743740691,-7.17508888125838,9.3));
#993=CARTESIAN_POINT('',(10.5802269164082,-7.02923835710065,9.46666938271605));
#994=CARTESIAN_POINT('',(10.4231203863429,-6.81316462686648,9.71358570644719));
#995=CARTESIAN_POINT('',(10.2110289273264,-6.52146833212027,10.0469190397805));
#996=CARTESIAN_POINT('',(10.1049849259708,-6.3756225615318,10.2135829903978));
#997=CARTESIAN_POINT('',(10.0499999970197,-6.29999999701979,10.3));
#998=CARTESIAN_POINT('',(10.7941941035694,-7.09168669727413,9.3));
#999=CARTESIAN_POINT('',(10.6701597312098,-6.95973676363824,9.46666938271605));
#1000=CARTESIAN_POINT('',(10.4864060582782,-6.76425639406459,9.71358570644719));
#1001=CARTESIAN_POINT('',(10.238341356095,-6.50036082731315,10.0469190397805));
#1002=CARTESIAN_POINT('',(10.1143110262713,-6.36841519419758,10.2135829903978));
#1003=CARTESIAN_POINT('',(10.0499999970197,-6.29999999701978,10.3));
#1004=CARTESIAN_POINT('',(10.8881328392969,-6.98926837259179,9.3));
#1005=CARTESIAN_POINT('',(10.7484417558405,-6.87438843790952,9.46666938271606));
#1006=CARTESIAN_POINT('',(10.5414930756271,-6.70419682454914,9.71358570644717));
#1007=CARTESIAN_POINT('',(10.2621154615347,-6.47444069935847,10.0469190397805));
#1008=CARTESIAN_POINT('',(10.1224289308987,-6.35956450885009,10.2135829903978));
#1009=CARTESIAN_POINT('',(10.0499999970197,-6.29999999701979,10.3));
#1010=CARTESIAN_POINT('',(10.9632378533775,-6.87127571606616,9.3));
#1011=CARTESIAN_POINT('',(10.8110290635854,-6.77606154461203,9.46666938271605));
#1012=CARTESIAN_POINT('',(10.5855357294014,-6.63500424422824,9.71358570644719));
#1013=CARTESIAN_POINT('',(10.2811231106155,-6.44457900454612,10.0469190397805));
#1014=CARTESIAN_POINT('',(10.1289192816217,-6.3493679363181,10.2135829903978));
#1015=CARTESIAN_POINT('',(10.0499999970197,-6.29999999701978,10.3));
#1016=CARTESIAN_POINT('',(11.0159663678149,-6.74373329529211,9.3));
#1017=CARTESIAN_POINT('',(10.85496934907,-6.66977654037851,9.46666938271606));
#1018=CARTESIAN_POINT('',(10.6164564839454,-6.560211545652,9.71358570644718));
#1019=CARTESIAN_POINT('',(10.2944676936803,-6.4123004462279,10.0469190397805));
#1020=CARTESIAN_POINT('',(10.1334759221601,-6.33834610171739,10.2135829903978));
#1021=CARTESIAN_POINT('',(10.0499999970197,-6.29999999701978,10.3));
#1022=CARTESIAN_POINT('',(11.0442679616774,-6.61903859043219,9.3));
#1023=CARTESIAN_POINT('',(10.8785539337535,-6.56586462500555,9.46666938271605));
#1024=CARTESIAN_POINT('',(10.6330529431166,-6.48708878839181,9.71358570644719));
#1025=CARTESIAN_POINT('',(10.3016302882308,-6.38074259058767,10.0469190397805));
#1026=CARTESIAN_POINT('',(10.1359216612687,-6.32757035821017,10.2135829903978));
#1027=CARTESIAN_POINT('',(10.0499999970197,-6.29999999701978,10.3));
#1028=CARTESIAN_POINT('',(11.0499999970197,-6.53738516097269,9.3));
#1029=CARTESIAN_POINT('',(10.8833306143037,-6.49782032223071,9.46666938271605));
#1030=CARTESIAN_POINT('',(10.6364142905725,-6.43920605023914,9.71358570644719));
#1031=CARTESIAN_POINT('',(10.3030809572392,-6.36007766225485,10.0469190397805));
#1032=CARTESIAN_POINT('',(10.1364170066219,-6.32051411301251,10.2135829903978));
#1033=CARTESIAN_POINT('',(10.0499999970197,-6.29999999701978,10.3));
#1034=CARTESIAN_POINT('',(11.0499999970197,-6.50000000000003,9.3));
#1035=CARTESIAN_POINT('',(10.8833306143037,-6.46666612296011,9.46666938271605));
#1036=CARTESIAN_POINT('',(10.6364142905725,-6.417282857478,9.71358570644719));
#1037=CARTESIAN_POINT('',(10.3030809572392,-6.35061618981793,10.0469190397805));
#1038=CARTESIAN_POINT('',(10.1364170066219,-6.31728339919776,10.2135829903978));
#1039=CARTESIAN_POINT('',(10.0499999970197,-6.29999999701978,10.3));
#1040=FACE_BOUND('',#1041,.T.);
#1041=EDGE_LOOP('',(#1328,#1329,#1330,#1331));
#1042=PLANE('',#1043);
#1043=AXIS2_PLACEMENT_3D('',#1044,#1045,#1046);
#1044=CARTESIAN_POINT('',(-14.25,-7.29999999701976,9.3));
#1045=DIRECTION('',(-5.72946020010923E-16,-0.707106781186548,0.707106781186548));
#1046=DIRECTION('',(1.,-8.10268032007134E-16,-7.8288967788735E-32));
#1047=FACE_BOUND('',#1048,.T.);
#1048=EDGE_LOOP('',(#1332,#1333,#1334));
#1049=B_SPLINE_SURFACE_WITH_KNOTS('',1,1,(
(#1050,#1051),
(#1052,#1053)),
.UNSPECIFIED.,.F.,.F.,.F.,
(2,2),
(2,2),
(0.,0.282842712474622),
(0.,0.282842712474651),
.UNSPECIFIED.);
#1050=CARTESIAN_POINT('',(-2.25000000000001,1.3,2.2));
#1051=CARTESIAN_POINT('',(-2.45,1.50000000000001,2.2));
#1052=CARTESIAN_POINT('',(-2.45000000000004,1.3,2.));
#1053=CARTESIAN_POINT('',(-2.45,1.50000000000001,2.2));
#1054=FACE_BOUND('',#1055,.T.);
#1055=EDGE_LOOP('',(#1335,#1336,#1337,#1338));
#1056=PLANE('',#1057);
#1057=AXIS2_PLACEMENT_3D('',#1058,#1059,#1060);
#1058=CARTESIAN_POINT('',(-2.44999999999999,1.50000000000001,2.2));
#1059=DIRECTION('',(0.,0.707106781186544,-0.707106781186552));
#1060=DIRECTION('',(1.,-3.33066907387547E-16,3.33066907387547E-16));
#1061=FACE_BOUND('',#1062,.T.);
#1062=EDGE_LOOP('',(#1339,#1340,#1341));
#1063=B_SPLINE_SURFACE_WITH_KNOTS('',1,1,(
(#1064,#1065),
(#1066,#1067)),
.UNSPECIFIED.,.F.,.F.,.F.,
(2,2),
(2,2),
(0.,0.282842712474631),
(0.,0.282842712474622),
.UNSPECIFIED.);
#1064=CARTESIAN_POINT('',(-3.25000000000001,1.3,2.));
#1065=CARTESIAN_POINT('',(-3.24999999999998,1.5,2.2));
#1066=CARTESIAN_POINT('',(-3.45000000000001,1.3,2.2));
#1067=CARTESIAN_POINT('',(-3.24999999999998,1.5,2.2));
#1068=FACE_BOUND('',#1069,.T.);
#1069=EDGE_LOOP('',(#1342,#1343,#1344,#1345));
#1070=PLANE('',#1071);
#1071=AXIS2_PLACEMENT_3D('',#1072,#1073,#1074);
#1072=CARTESIAN_POINT('',(-3.45,1.3,2.2));
#1073=DIRECTION('',(-0.707106781186541,3.92523114670948E-17,-0.707106781186554));
#1074=DIRECTION('',(0.,1.,0.));
#1075=FACE_BOUND('',#1076,.T.);
#1076=EDGE_LOOP('',(#1346,#1347,#1348));
#1077=B_SPLINE_SURFACE_WITH_KNOTS('',1,1,(
(#1078,#1079),
(#1080,#1081)),
.UNSPECIFIED.,.F.,.F.,.F.,
(2,2),
(2,2),
(0.,0.282842712474631),
(0.,0.282842712474642),
.UNSPECIFIED.);
#1078=CARTESIAN_POINT('',(-3.45000000000001,-1.3,2.2));
#1079=CARTESIAN_POINT('',(-3.25000000000001,-1.5,2.2));
#1080=CARTESIAN_POINT('',(-3.24999999999998,-1.29999999999999,2.));
#1081=CARTESIAN_POINT('',(-3.25000000000001,-1.5,2.2));
#1082=FACE_BOUND('',#1083,.T.);
#1083=EDGE_LOOP('',(#1349,#1350,#1351,#1352));
#1084=PLANE('',#1085);
#1085=AXIS2_PLACEMENT_3D('',#1086,#1087,#1088);
#1086=CARTESIAN_POINT('',(-3.25000000000001,-1.5,2.2));
#1087=DIRECTION('',(4.71027737605127E-16,-0.707106781186536,-0.707106781186559));
#1088=DIRECTION('',(1.,3.33066907387547E-16,3.33066907387547E-16));
#1089=FACE_BOUND('',#1090,.T.);
#1090=EDGE_LOOP('',(#1353,#1354,#1355));
#1091=B_SPLINE_SURFACE_WITH_KNOTS('',1,1,(
(#1092,#1093),
(#1094,#1095)),
.UNSPECIFIED.,.F.,.F.,.F.,
(2,2),
(2,2),
(0.,0.282842712474624),
(0.,0.282842712474632),
.UNSPECIFIED.);
#1092=CARTESIAN_POINT('',(-2.45000000000001,-1.5,2.2));
#1093=CARTESIAN_POINT('',(-2.25000000000001,-1.3,2.2));
#1094=CARTESIAN_POINT('',(-2.45000000000001,-1.3,2.));
#1095=CARTESIAN_POINT('',(-2.25000000000001,-1.3,2.2));
#1096=FACE_BOUND('',#1097,.T.);
#1097=EDGE_LOOP('',(#1356,#1357,#1358,#1359));
#1098=PLANE('',#1099);
#1099=AXIS2_PLACEMENT_3D('',#1100,#1101,#1102);
#1100=CARTESIAN_POINT('',(-2.25000000000001,-1.3,2.2));
#1101=DIRECTION('',(0.707106781186543,0.,-0.707106781186552));
#1102=DIRECTION('',(0.,1.,0.));
#1103=FACE_BOUND('',#1104,.T.);
#1104=EDGE_LOOP('',(#1360,#1361,#1362));
#1105=B_SPLINE_SURFACE_WITH_KNOTS('',1,1,(
(#1106,#1107),
(#1108,#1109)),
.UNSPECIFIED.,.F.,.F.,.F.,
(2,2),
(2,2),
(0.,0.282842712474617),
(0.,0.282842712474631),
.UNSPECIFIED.);
#1106=CARTESIAN_POINT('',(3.25,-1.5,2.2));
#1107=CARTESIAN_POINT('',(3.44999999999999,-1.3,2.2));
#1108=CARTESIAN_POINT('',(3.24999999999999,-1.3,2.));
#1109=CARTESIAN_POINT('',(3.44999999999999,-1.3,2.2));
#1110=FACE_BOUND('',#1111,.T.);
#1111=EDGE_LOOP('',(#1363,#1364,#1365,#1366));
#1112=PLANE('',#1113);
#1113=AXIS2_PLACEMENT_3D('',#1114,#1115,#1116);
#1114=CARTESIAN_POINT('',(3.44999999999998,-1.3,2.2));
#1115=DIRECTION('',(0.707106781186568,-1.1775693440128E-16,-0.707106781186527));
#1116=DIRECTION('',(1.11022302462516E-16,1.,-1.11022302462516E-16));
#1117=FACE_BOUND('',#1118,.T.);
#1118=EDGE_LOOP('',(#1367,#1368,#1369));
#1119=B_SPLINE_SURFACE_WITH_KNOTS('',1,1,(
(#1120,#1121),
(#1122,#1123)),
.UNSPECIFIED.,.F.,.F.,.F.,
(2,2),
(2,2),
(0.,0.28284271247462),
(0.,0.282842712474622),
.UNSPECIFIED.);
#1120=CARTESIAN_POINT('',(3.25,1.3,2.));
#1121=CARTESIAN_POINT('',(3.44999999999999,1.3,2.2));
#1122=CARTESIAN_POINT('',(3.24999999999999,1.5,2.2));
#1123=CARTESIAN_POINT('',(3.44999999999999,1.3,2.2));
#1124=FACE_BOUND('',#1125,.T.);
#1125=EDGE_LOOP('',(#1370,#1371,#1372,#1373));
#1126=PLANE('',#1127);
#1127=AXIS2_PLACEMENT_3D('',#1128,#1129,#1130);
#1128=CARTESIAN_POINT('',(3.25,1.5,2.2));
#1129=DIRECTION('',(9.42055475210266E-16,0.707106781186549,-0.707106781186546));
#1130=DIRECTION('',(1.,-6.66133814775095E-16,6.66133814775095E-16));
#1131=FACE_BOUND('',#1132,.T.);
#1132=EDGE_LOOP('',(#1374,#1375,#1376));
#1133=B_SPLINE_SURFACE_WITH_KNOTS('',1,1,(
(#1134,#1135),
(#1136,#1137)),
.UNSPECIFIED.,.F.,.F.,.F.,
(2,2),
(2,2),
(0.,0.28284271247462),
(0.,0.282842712474647),
.UNSPECIFIED.);
#1134=CARTESIAN_POINT('',(2.45000000000001,1.5,2.2));
#1135=CARTESIAN_POINT('',(2.24999999999999,1.3,2.2));
#1136=CARTESIAN_POINT('',(2.45,1.3,2.));
#1137=CARTESIAN_POINT('',(2.24999999999999,1.3,2.2));
#1138=FACE_BOUND('',#1139,.T.);
#1139=EDGE_LOOP('',(#1377,#1378,#1379,#1380));
#1140=PLANE('',#1141);
#1141=AXIS2_PLACEMENT_3D('',#1142,#1143,#1144);
#1142=CARTESIAN_POINT('',(2.25000000000001,1.3,2.2));
#1143=DIRECTION('',(-0.707106781186529,1.17756934401282E-16,-0.707106781186565));
#1144=DIRECTION('',(-1.11022302462516E-16,1.,-1.11022302462516E-16));
#1145=FACE_BOUND('',#1146,.T.);
#1146=EDGE_LOOP('',(#1381,#1382,#1383));
#1147=B_SPLINE_SURFACE_WITH_KNOTS('',1,1,(
(#1148,#1149),
(#1150,#1151)),
.UNSPECIFIED.,.F.,.F.,.F.,
(2,2),
(2,2),
(0.,0.282842712474656),
(0.,0.282842712474652),
.UNSPECIFIED.);
#1148=CARTESIAN_POINT('',(2.24999999999999,-1.3,2.2));
#1149=CARTESIAN_POINT('',(2.45000000000002,-1.5,2.2));
#1150=CARTESIAN_POINT('',(2.44999999999999,-1.3,2.));
#1151=CARTESIAN_POINT('',(2.45000000000002,-1.5,2.2));
#1152=FACE_BOUND('',#1153,.T.);
#1153=EDGE_LOOP('',(#1384,#1385,#1386,#1387));
#1154=PLANE('',#1155);
#1155=AXIS2_PLACEMENT_3D('',#1156,#1157,#1158);
#1156=CARTESIAN_POINT('',(2.45000000000001,-1.5,2.2));
#1157=DIRECTION('',(9.42055475210269E-16,-0.707106781186556,-0.707106781186539));
#1158=DIRECTION('',(1.,6.66133814775095E-16,6.66133814775095E-16));
#1159=FACE_BOUND('',#1160,.T.);
#1160=EDGE_LOOP('',(#1388,#1389,#1390,#1391));
#1161=PLANE('',#1162);
#1162=AXIS2_PLACEMENT_3D('',#1163,#1164,#1165);
#1163=CARTESIAN_POINT('',(0.,0.,10.3));
#1164=DIRECTION('',(0.,0.,1.));
#1165=DIRECTION('',(-1.,1.22464679914735E-16,0.));
#1166=FACE_BOUND('',#1167,.T.);
#1167=EDGE_LOOP('',(#1392,#1393,#1394,#1395));
#1168=PLANE('',#1169);
#1169=AXIS2_PLACEMENT_3D('',#1170,#1171,#1172);
#1170=CARTESIAN_POINT('',(-2.45000000000001,1.3,2.));
#1171=DIRECTION('',(0.,0.,-1.));
#1172=DIRECTION('',(0.,1.,0.));
#1173=FACE_BOUND('',#1174,.T.);
#1174=EDGE_LOOP('',(#1396,#1397,#1398,#1399));
#1175=PLANE('',#1176);
#1176=AXIS2_PLACEMENT_3D('',#1177,#1178,#1179);
#1177=CARTESIAN_POINT('',(3.25,1.3,2.));
#1178=DIRECTION('',(0.,0.,-1.));
#1179=DIRECTION('',(0.,1.,0.));
#1180=ORIENTED_EDGE('',*,*,#1400,.F.);
#1181=ORIENTED_EDGE('',*,*,#1401,.F.);
#1182=ORIENTED_EDGE('',*,*,#1402,.F.);
#1183=ORIENTED_EDGE('',*,*,#1403,.F.);
#1184=ORIENTED_EDGE('',*,*,#1404,.F.);
#1185=ORIENTED_EDGE('',*,*,#1405,.F.);
#1186=ORIENTED_EDGE('',*,*,#1406,.F.);
#1187=ORIENTED_EDGE('',*,*,#1407,.F.);
#1188=ORIENTED_EDGE('',*,*,#1408,.T.);
#1189=ORIENTED_EDGE('',*,*,#1409,.T.);
#1190=ORIENTED_EDGE('',*,*,#1410,.T.);
#1191=ORIENTED_EDGE('',*,*,#1411,.T.);
#1192=ORIENTED_EDGE('',*,*,#1412,.T.);
#1193=ORIENTED_EDGE('',*,*,#1413,.T.);
#1194=ORIENTED_EDGE('',*,*,#1414,.T.);
#1195=ORIENTED_EDGE('',*,*,#1415,.T.);
#1196=ORIENTED_EDGE('',*,*,#1416,.T.);
#1197=ORIENTED_EDGE('',*,*,#1417,.T.);
#1198=ORIENTED_EDGE('',*,*,#1418,.T.);
#1199=ORIENTED_EDGE('',*,*,#1419,.T.);
#1200=ORIENTED_EDGE('',*,*,#1420,.T.);
#1201=ORIENTED_EDGE('',*,*,#1421,.T.);
#1202=ORIENTED_EDGE('',*,*,#1422,.T.);
#1203=ORIENTED_EDGE('',*,*,#1423,.T.);
#1204=ORIENTED_EDGE('',*,*,#1424,.T.);
#1205=ORIENTED_EDGE('',*,*,#1425,.F.);
#1206=ORIENTED_EDGE('',*,*,#1408,.F.);
#1207=ORIENTED_EDGE('',*,*,#1426,.F.);
#1208=ORIENTED_EDGE('',*,*,#1427,.F.);
#1209=ORIENTED_EDGE('',*,*,#1400,.T.);
#1210=ORIENTED_EDGE('',*,*,#1428,.T.);
#1211=ORIENTED_EDGE('',*,*,#1429,.F.);
#1212=ORIENTED_EDGE('',*,*,#1430,.F.);
#1213=ORIENTED_EDGE('',*,*,#1401,.T.);
#1214=ORIENTED_EDGE('',*,*,#1427,.T.);
#1215=ORIENTED_EDGE('',*,*,#1431,.F.);
#1216=ORIENTED_EDGE('',*,*,#1432,.F.);
#1217=ORIENTED_EDGE('',*,*,#1402,.T.);
#1218=ORIENTED_EDGE('',*,*,#1430,.T.);
#1219=ORIENTED_EDGE('',*,*,#1433,.F.);
#1220=ORIENTED_EDGE('',*,*,#1434,.F.);
#1221=ORIENTED_EDGE('',*,*,#1403,.T.);
#1222=ORIENTED_EDGE('',*,*,#1432,.T.);
#1223=ORIENTED_EDGE('',*,*,#1435,.F.);
#1224=ORIENTED_EDGE('',*,*,#1436,.F.);
#1225=ORIENTED_EDGE('',*,*,#1404,.T.);
#1226=ORIENTED_EDGE('',*,*,#1434,.T.);
#1227=ORIENTED_EDGE('',*,*,#1437,.F.);
#1228=ORIENTED_EDGE('',*,*,#1438,.F.);
#1229=ORIENTED_EDGE('',*,*,#1405,.T.);
#1230=ORIENTED_EDGE('',*,*,#1436,.T.);
#1231=ORIENTED_EDGE('',*,*,#1439,.F.);
#1232=ORIENTED_EDGE('',*,*,#1440,.F.);
#1233=ORIENTED_EDGE('',*,*,#1406,.T.);
#1234=ORIENTED_EDGE('',*,*,#1438,.T.);
#1235=ORIENTED_EDGE('',*,*,#1441,.F.);
#1236=ORIENTED_EDGE('',*,*,#1428,.F.);
#1237=ORIENTED_EDGE('',*,*,#1407,.T.);
#1238=ORIENTED_EDGE('',*,*,#1440,.T.);
#1239=ORIENTED_EDGE('',*,*,#1409,.F.);
#1240=ORIENTED_EDGE('',*,*,#1442,.T.);
#1241=ORIENTED_EDGE('',*,*,#1443,.T.);
#1242=ORIENTED_EDGE('',*,*,#1444,.F.);
#1243=ORIENTED_EDGE('',*,*,#1410,.F.);
#1244=ORIENTED_EDGE('',*,*,#1444,.T.);
#1245=ORIENTED_EDGE('',*,*,#1445,.T.);
#1246=ORIENTED_EDGE('',*,*,#1446,.T.);
#1247=ORIENTED_EDGE('',*,*,#1411,.F.);
#1248=ORIENTED_EDGE('',*,*,#1446,.F.);
#1249=ORIENTED_EDGE('',*,*,#1447,.F.);
#1250=ORIENTED_EDGE('',*,*,#1448,.T.);
#1251=ORIENTED_EDGE('',*,*,#1412,.F.);
#1252=ORIENTED_EDGE('',*,*,#1448,.F.);
#1253=ORIENTED_EDGE('',*,*,#1449,.T.);
#1254=ORIENTED_EDGE('',*,*,#1450,.F.);
#1255=ORIENTED_EDGE('',*,*,#1413,.F.);
#1256=ORIENTED_EDGE('',*,*,#1450,.T.);
#1257=ORIENTED_EDGE('',*,*,#1451,.F.);
#1258=ORIENTED_EDGE('',*,*,#1452,.F.);
#1259=ORIENTED_EDGE('',*,*,#1414,.F.);
#1260=ORIENTED_EDGE('',*,*,#1452,.T.);
#1261=ORIENTED_EDGE('',*,*,#1453,.T.);
#1262=ORIENTED_EDGE('',*,*,#1454,.F.);
#1263=ORIENTED_EDGE('',*,*,#1415,.F.);
#1264=ORIENTED_EDGE('',*,*,#1454,.T.);
#1265=ORIENTED_EDGE('',*,*,#1455,.F.);
#1266=ORIENTED_EDGE('',*,*,#1456,.F.);
#1267=ORIENTED_EDGE('',*,*,#1416,.F.);
#1268=ORIENTED_EDGE('',*,*,#1456,.T.);
#1269=ORIENTED_EDGE('',*,*,#1457,.T.);
#1270=ORIENTED_EDGE('',*,*,#1442,.F.);
#1271=ORIENTED_EDGE('',*,*,#1417,.F.);
#1272=ORIENTED_EDGE('',*,*,#1458,.T.);
#1273=ORIENTED_EDGE('',*,*,#1459,.F.);
#1274=ORIENTED_EDGE('',*,*,#1460,.F.);
#1275=ORIENTED_EDGE('',*,*,#1418,.F.);
#1276=ORIENTED_EDGE('',*,*,#1460,.T.);
#1277=ORIENTED_EDGE('',*,*,#1461,.T.);
#1278=ORIENTED_EDGE('',*,*,#1462,.T.);
#1279=ORIENTED_EDGE('',*,*,#1419,.F.);
#1280=ORIENTED_EDGE('',*,*,#1462,.F.);
#1281=ORIENTED_EDGE('',*,*,#1463,.T.);
#1282=ORIENTED_EDGE('',*,*,#1464,.T.);
#1283=ORIENTED_EDGE('',*,*,#1420,.F.);
#1284=ORIENTED_EDGE('',*,*,#1464,.F.);
#1285=ORIENTED_EDGE('',*,*,#1465,.T.);
#1286=ORIENTED_EDGE('',*,*,#1466,.F.);
#1287=ORIENTED_EDGE('',*,*,#1421,.F.);
#1288=ORIENTED_EDGE('',*,*,#1466,.T.);
#1289=ORIENTED_EDGE('',*,*,#1467,.F.);
#1290=ORIENTED_EDGE('',*,*,#1468,.F.);
#1291=ORIENTED_EDGE('',*,*,#1422,.F.);
#1292=ORIENTED_EDGE('',*,*,#1468,.T.);
#1293=ORIENTED_EDGE('',*,*,#1469,.T.);
#1294=ORIENTED_EDGE('',*,*,#1470,.F.);
#1295=ORIENTED_EDGE('',*,*,#1423,.F.);
#1296=ORIENTED_EDGE('',*,*,#1470,.T.);
#1297=ORIENTED_EDGE('',*,*,#1471,.F.);
#1298=ORIENTED_EDGE('',*,*,#1472,.F.);
#1299=ORIENTED_EDGE('',*,*,#1424,.F.);
#1300=ORIENTED_EDGE('',*,*,#1472,.T.);
#1301=ORIENTED_EDGE('',*,*,#1473,.T.);
#1302=ORIENTED_EDGE('',*,*,#1458,.F.);
#1303=ORIENTED_EDGE('',*,*,#1425,.T.);
#1304=ORIENTED_EDGE('',*,*,#1474,.F.);
#1305=ORIENTED_EDGE('',*,*,#1426,.T.);
#1306=ORIENTED_EDGE('',*,*,#1475,.T.);
#1307=ORIENTED_EDGE('',*,*,#1429,.T.);
#1308=ORIENTED_EDGE('',*,*,#1474,.T.);
#1309=ORIENTED_EDGE('',*,*,#1476,.F.);
#1310=ORIENTED_EDGE('',*,*,#1477,.F.);
#1311=ORIENTED_EDGE('',*,*,#1478,.F.);
#1312=ORIENTED_EDGE('',*,*,#1431,.T.);
#1313=ORIENTED_EDGE('',*,*,#1477,.T.);
#1314=ORIENTED_EDGE('',*,*,#1433,.T.);
#1315=ORIENTED_EDGE('',*,*,#1478,.T.);
#1316=ORIENTED_EDGE('',*,*,#1479,.F.);
#1317=ORIENTED_EDGE('',*,*,#1480,.F.);
#1318=ORIENTED_EDGE('',*,*,#1435,.T.);
#1319=ORIENTED_EDGE('',*,*,#1480,.T.);
#1320=ORIENTED_EDGE('',*,*,#1481,.F.);
#1321=ORIENTED_EDGE('',*,*,#1437,.T.);
#1322=ORIENTED_EDGE('',*,*,#1481,.T.);
#1323=ORIENTED_EDGE('',*,*,#1482,.F.);
#1324=ORIENTED_EDGE('',*,*,#1483,.F.);
#1325=ORIENTED_EDGE('',*,*,#1483,.T.);
#1326=ORIENTED_EDGE('',*,*,#1484,.F.);
#1327=ORIENTED_EDGE('',*,*,#1439,.T.);
#1328=ORIENTED_EDGE('',*,*,#1441,.T.);
#1329=ORIENTED_EDGE('',*,*,#1484,.T.);
#1330=ORIENTED_EDGE('',*,*,#1485,.F.);
#1331=ORIENTED_EDGE('',*,*,#1475,.F.);
#1332=ORIENTED_EDGE('',*,*,#1486,.T.);
#1333=ORIENTED_EDGE('',*,*,#1487,.T.);
#1334=ORIENTED_EDGE('',*,*,#1443,.F.);
#1335=ORIENTED_EDGE('',*,*,#1487,.F.);
#1336=ORIENTED_EDGE('',*,*,#1488,.T.);
#1337=ORIENTED_EDGE('',*,*,#1489,.F.);
#1338=ORIENTED_EDGE('',*,*,#1445,.F.);
#1339=ORIENTED_EDGE('',*,*,#1489,.T.);
#1340=ORIENTED_EDGE('',*,*,#1490,.T.);
#1341=ORIENTED_EDGE('',*,*,#1447,.T.);
#1342=ORIENTED_EDGE('',*,*,#1490,.F.);
#1343=ORIENTED_EDGE('',*,*,#1491,.T.);
#1344=ORIENTED_EDGE('',*,*,#1492,.F.);
#1345=ORIENTED_EDGE('',*,*,#1449,.F.);
#1346=ORIENTED_EDGE('',*,*,#1493,.T.);
#1347=ORIENTED_EDGE('',*,*,#1451,.T.);
#1348=ORIENTED_EDGE('',*,*,#1492,.T.);
#1349=ORIENTED_EDGE('',*,*,#1493,.F.);
#1350=ORIENTED_EDGE('',*,*,#1494,.T.);
#1351=ORIENTED_EDGE('',*,*,#1495,.F.);
#1352=ORIENTED_EDGE('',*,*,#1453,.F.);
#1353=ORIENTED_EDGE('',*,*,#1455,.T.);
#1354=ORIENTED_EDGE('',*,*,#1495,.T.);
#1355=ORIENTED_EDGE('',*,*,#1496,.T.);
#1356=ORIENTED_EDGE('',*,*,#1496,.F.);
#1357=ORIENTED_EDGE('',*,*,#1497,.T.);
#1358=ORIENTED_EDGE('',*,*,#1486,.F.);
#1359=ORIENTED_EDGE('',*,*,#1457,.F.);
#1360=ORIENTED_EDGE('',*,*,#1459,.T.);
#1361=ORIENTED_EDGE('',*,*,#1498,.T.);
#1362=ORIENTED_EDGE('',*,*,#1499,.T.);
#1363=ORIENTED_EDGE('',*,*,#1499,.F.);
#1364=ORIENTED_EDGE('',*,*,#1500,.T.);
#1365=ORIENTED_EDGE('',*,*,#1501,.F.);
#1366=ORIENTED_EDGE('',*,*,#1461,.F.);
#1367=ORIENTED_EDGE('',*,*,#1501,.T.);
#1368=ORIENTED_EDGE('',*,*,#1502,.T.);
#1369=ORIENTED_EDGE('',*,*,#1463,.F.);
#1370=ORIENTED_EDGE('',*,*,#1502,.F.);
#1371=ORIENTED_EDGE('',*,*,#1503,.T.);
#1372=ORIENTED_EDGE('',*,*,#1504,.F.);
#1373=ORIENTED_EDGE('',*,*,#1465,.F.);
#1374=ORIENTED_EDGE('',*,*,#1504,.T.);
#1375=ORIENTED_EDGE('',*,*,#1505,.T.);
#1376=ORIENTED_EDGE('',*,*,#1467,.T.);
#1377=ORIENTED_EDGE('',*,*,#1505,.F.);
#1378=ORIENTED_EDGE('',*,*,#1506,.T.);
#1379=ORIENTED_EDGE('',*,*,#1507,.F.);
#1380=ORIENTED_EDGE('',*,*,#1469,.F.);
#1381=ORIENTED_EDGE('',*,*,#1508,.T.);
#1382=ORIENTED_EDGE('',*,*,#1471,.T.);
#1383=ORIENTED_EDGE('',*,*,#1507,.T.);
#1384=ORIENTED_EDGE('',*,*,#1508,.F.);
#1385=ORIENTED_EDGE('',*,*,#1509,.T.);
#1386=ORIENTED_EDGE('',*,*,#1498,.F.);
#1387=ORIENTED_EDGE('',*,*,#1473,.F.);
#1388=ORIENTED_EDGE('',*,*,#1482,.T.);
#1389=ORIENTED_EDGE('',*,*,#1479,.T.);
#1390=ORIENTED_EDGE('',*,*,#1476,.T.);
#1391=ORIENTED_EDGE('',*,*,#1485,.T.);
#1392=ORIENTED_EDGE('',*,*,#1494,.F.);
#1393=ORIENTED_EDGE('',*,*,#1491,.F.);
#1394=ORIENTED_EDGE('',*,*,#1488,.F.);
#1395=ORIENTED_EDGE('',*,*,#1497,.F.);
#1396=ORIENTED_EDGE('',*,*,#1503,.F.);
#1397=ORIENTED_EDGE('',*,*,#1500,.F.);
#1398=ORIENTED_EDGE('',*,*,#1509,.F.);
#1399=ORIENTED_EDGE('',*,*,#1506,.F.);
#1400=EDGE_CURVE('',#1510,#1511,#1512,.T.);
#1401=EDGE_CURVE('',#1513,#1510,#1514,.T.);
#1402=EDGE_CURVE('',#1515,#1513,#1516,.T.);
#1403=EDGE_CURVE('',#1517,#1515,#1518,.T.);
#1404=EDGE_CURVE('',#1519,#1517,#1520,.T.);
#1405=EDGE_CURVE('',#1521,#1519,#1522,.T.);
#1406=EDGE_CURVE('',#1523,#1521,#1524,.T.);
#1407=EDGE_CURVE('',#1511,#1523,#1525,.T.);
#1408=EDGE_CURVE('',#1526,#1526,#1527,.F.);
#1409=EDGE_CURVE('',#1528,#1529,#1530,.F.);
#1410=EDGE_CURVE('',#1529,#1531,#1532,.F.);
#1411=EDGE_CURVE('',#1531,#1533,#1534,.F.);
#1412=EDGE_CURVE('',#1533,#1535,#1536,.F.);
#1413=EDGE_CURVE('',#1535,#1537,#1538,.F.);
#1414=EDGE_CURVE('',#1537,#1539,#1540,.F.);
#1415=EDGE_CURVE('',#1539,#1541,#1542,.F.);
#1416=EDGE_CURVE('',#1541,#1528,#1543,.F.);
#1417=EDGE_CURVE('',#1544,#1545,#1546,.F.);
#1418=EDGE_CURVE('',#1545,#1547,#1548,.F.);
#1419=EDGE_CURVE('',#1547,#1549,#1550,.F.);
#1420=EDGE_CURVE('',#1549,#1551,#1552,.F.);
#1421=EDGE_CURVE('',#1551,#1553,#1554,.F.);
#1422=EDGE_CURVE('',#1553,#1555,#1556,.F.);
#1423=EDGE_CURVE('',#1555,#1557,#1558,.F.);
#1424=EDGE_CURVE('',#1557,#1544,#1559,.F.);
#1425=EDGE_CURVE('',#1560,#1560,#1561,.T.);
#1426=EDGE_CURVE('',#1562,#1563,#1564,.T.);
#1427=EDGE_CURVE('',#1510,#1562,#1565,.T.);
#1428=EDGE_CURVE('',#1511,#1563,#1566,.T.);
#1429=EDGE_CURVE('',#1567,#1562,#1568,.T.);
#1430=EDGE_CURVE('',#1513,#1567,#1569,.T.);
#1431=EDGE_CURVE('',#1570,#1567,#1571,.T.);
#1432=EDGE_CURVE('',#1515,#1570,#1572,.T.);
#1433=EDGE_CURVE('',#1573,#1570,#1574,.T.);
#1434=EDGE_CURVE('',#1517,#1573,#1575,.T.);
#1435=EDGE_CURVE('',#1576,#1573,#1577,.T.);
#1436=EDGE_CURVE('',#1519,#1576,#1578,.T.);
#1437=EDGE_CURVE('',#1579,#1576,#1580,.T.);
#1438=EDGE_CURVE('',#1521,#1579,#1581,.T.);
#1439=EDGE_CURVE('',#1582,#1579,#1583,.T.);
#1440=EDGE_CURVE('',#1523,#1582,#1584,.T.);
#1441=EDGE_CURVE('',#1563,#1582,#1585,.T.);
#1442=EDGE_CURVE('',#1528,#1586,#1587,.T.);
#1443=EDGE_CURVE('',#1586,#1588,#1589,.T.);
#1444=EDGE_CURVE('',#1529,#1588,#1590,.T.);
#1445=EDGE_CURVE('',#1588,#1591,#1592,.T.);
#1446=EDGE_CURVE('',#1591,#1531,#1593,.T.);
#1447=EDGE_CURVE('',#1594,#1591,#1595,.T.);
#1448=EDGE_CURVE('',#1594,#1533,#1596,.T.);
#1449=EDGE_CURVE('',#1594,#1597,#1598,.T.);
#1450=EDGE_CURVE('',#1535,#1597,#1599,.T.);
#1451=EDGE_CURVE('',#1600,#1597,#1601,.T.);
#1452=EDGE_CURVE('',#1537,#1600,#1602,.T.);
#1453=EDGE_CURVE('',#1600,#1603,#1604,.T.);
#1454=EDGE_CURVE('',#1539,#1603,#1605,.T.);
#1455=EDGE_CURVE('',#1606,#1603,#1607,.T.);
#1456=EDGE_CURVE('',#1541,#1606,#1608,.T.);
#1457=EDGE_CURVE('',#1606,#1586,#1609,.T.);
#1458=EDGE_CURVE('',#1544,#1610,#1611,.T.);
#1459=EDGE_CURVE('',#1612,#1610,#1613,.T.);
#1460=EDGE_CURVE('',#1545,#1612,#1614,.T.);
#1461=EDGE_CURVE('',#1612,#1615,#1616,.T.);
#1462=EDGE_CURVE('',#1615,#1547,#1617,.T.);
#1463=EDGE_CURVE('',#1615,#1618,#1619,.T.);
#1464=EDGE_CURVE('',#1618,#1549,#1620,.T.);
#1465=EDGE_CURVE('',#1618,#1621,#1622,.T.);
#1466=EDGE_CURVE('',#1551,#1621,#1623,.T.);
#1467=EDGE_CURVE('',#1624,#1621,#1625,.T.);
#1468=EDGE_CURVE('',#1553,#1624,#1626,.T.);
#1469=EDGE_CURVE('',#1624,#1627,#1628,.T.);
#1470=EDGE_CURVE('',#1555,#1627,#1629,.T.);
#1471=EDGE_CURVE('',#1630,#1627,#1631,.T.);
#1472=EDGE_CURVE('',#1557,#1630,#1632,.T.);
#1473=EDGE_CURVE('',#1630,#1610,#1633,.T.);
#1474=EDGE_CURVE('',#1562,#1634,#1635,.T.);
#1475=EDGE_CURVE('',#1563,#1634,#1636,.T.);
#1476=EDGE_CURVE('',#1637,#1634,#1638,.T.);
#1477=EDGE_CURVE('',#1567,#1637,#1639,.T.);
#1478=EDGE_CURVE('',#1570,#1637,#1640,.T.);
#1479=EDGE_CURVE('',#1641,#1637,#1642,.T.);
#1480=EDGE_CURVE('',#1573,#1641,#1643,.T.);
#1481=EDGE_CURVE('',#1576,#1641,#1644,.T.);
#1482=EDGE_CURVE('',#1645,#1641,#1646,.T.);
#1483=EDGE_CURVE('',#1579,#1645,#1647,.T.);
#1484=EDGE_CURVE('',#1582,#1645,#1648,.T.);
#1485=EDGE_CURVE('',#1634,#1645,#1649,.T.);
#1486=EDGE_CURVE('',#1586,#1650,#1651,.T.);
#1487=EDGE_CURVE('',#1650,#1588,#1652,.T.);
#1488=EDGE_CURVE('',#1650,#1653,#1654,.T.);
#1489=EDGE_CURVE('',#1591,#1653,#1655,.T.);
#1490=EDGE_CURVE('',#1653,#1594,#1656,.T.);
#1491=EDGE_CURVE('',#1653,#1657,#1658,.T.);
#1492=EDGE_CURVE('',#1597,#1657,#1659,.T.);
#1493=EDGE_CURVE('',#1657,#1600,#1660,.T.);
#1494=EDGE_CURVE('',#1657,#1661,#1662,.T.);
#1495=EDGE_CURVE('',#1603,#1661,#1663,.T.);
#1496=EDGE_CURVE('',#1661,#1606,#1664,.T.);
#1497=EDGE_CURVE('',#1661,#1650,#1665,.T.);
#1498=EDGE_CURVE('',#1610,#1666,#1667,.T.);
#1499=EDGE_CURVE('',#1666,#1612,#1668,.T.);
#1500=EDGE_CURVE('',#1666,#1669,#1670,.T.);
#1501=EDGE_CURVE('',#1615,#1669,#1671,.T.);
#1502=EDGE_CURVE('',#1669,#1618,#1672,.T.);
#1503=EDGE_CURVE('',#1669,#1673,#1674,.T.);
#1504=EDGE_CURVE('',#1621,#1673,#1675,.T.);
#1505=EDGE_CURVE('',#1673,#1624,#1676,.T.);
#1506=EDGE_CURVE('',#1673,#1677,#1678,.T.);
#1507=EDGE_CURVE('',#1627,#1677,#1679,.T.);
#1508=EDGE_CURVE('',#1677,#1630,#1680,.T.);
#1509=EDGE_CURVE('',#1677,#1666,#1681,.T.);
#1510=VERTEX_POINT('',#1682);
#1511=VERTEX_POINT('',#1683);
#1512=CIRCLE('',#1684,0.799999997019768);
#1513=VERTEX_POINT('',#1688);
#1514=LINE('',#1689,#1690);
#1515=VERTEX_POINT('',#1692);
#1516=CIRCLE('',#1693,0.799999997019768);
#1517=VERTEX_POINT('',#1697);
#1518=LINE('',#1698,#1699);
#1519=VERTEX_POINT('',#1701);
#1520=CIRCLE('',#1702,0.799999997019768);
#1521=VERTEX_POINT('',#1706);
#1522=LINE('',#1707,#1708);
#1523=VERTEX_POINT('',#1710);
#1524=CIRCLE('',#1711,0.799999997019768);
#1525=LINE('',#1715,#1716);
#1526=VERTEX_POINT('',#1718);
#1527=CIRCLE('',#1719,1.);
#1528=VERTEX_POINT('',#1723);
#1529=VERTEX_POINT('',#1724);
#1530=LINE('',#1725,#1726);
#1531=VERTEX_POINT('',#1728);
#1532=LINE('',#1729,#1730);
#1533=VERTEX_POINT('',#1732);
#1534=LINE('',#1733,#1734);
#1535=VERTEX_POINT('',#1736);
#1536=LINE('',#1737,#1738);
#1537=VERTEX_POINT('',#1740);
#1538=LINE('',#1741,#1742);
#1539=VERTEX_POINT('',#1744);
#1540=LINE('',#1745,#1746);
#1541=VERTEX_POINT('',#1748);
#1542=LINE('',#1749,#1750);
#1543=LINE('',#1752,#1753);
#1544=VERTEX_POINT('',#1755);
#1545=VERTEX_POINT('',#1756);
#1546=LINE('',#1757,#1758);
#1547=VERTEX_POINT('',#1760);
#1548=LINE('',#1761,#1762);
#1549=VERTEX_POINT('',#1764);
#1550=LINE('',#1765,#1766);
#1551=VERTEX_POINT('',#1768);
#1552=LINE('',#1769,#1770);
#1553=VERTEX_POINT('',#1772);
#1554=LINE('',#1773,#1774);
#1555=VERTEX_POINT('',#1776);
#1556=LINE('',#1777,#1778);
#1557=VERTEX_POINT('',#1780);
#1558=LINE('',#1781,#1782);
#1559=LINE('',#1784,#1785);
#1560=VERTEX_POINT('',#1787);
#1561=CIRCLE('',#1788,1.);
#1562=VERTEX_POINT('',#1792);
#1563=VERTEX_POINT('',#1793);
#1564=CIRCLE('',#1794,0.799999997019768);
#1565=LINE('',#1798,#1799);
#1566=LINE('',#1801,#1802);
#1567=VERTEX_POINT('',#1804);
#1568=LINE('',#1805,#1806);
#1569=LINE('',#1808,#1809);
#1570=VERTEX_POINT('',#1811);
#1571=CIRCLE('',#1812,0.799999997019768);
#1572=LINE('',#1816,#1817);
#1573=VERTEX_POINT('',#1819);
#1574=LINE('',#1820,#1821);
#1575=LINE('',#1823,#1824);
#1576=VERTEX_POINT('',#1826);
#1577=CIRCLE('',#1827,0.799999997019768);
#1578=LINE('',#1831,#1832);
#1579=VERTEX_POINT('',#1834);
#1580=LINE('',#1835,#1836);
#1581=LINE('',#1838,#1839);
#1582=VERTEX_POINT('',#1841);
#1583=CIRCLE('',#1842,0.799999997019768);
#1584=LINE('',#1846,#1847);
#1585=LINE('',#1849,#1850);
#1586=VERTEX_POINT('',#1852);
#1587=LINE('',#1853,#1854);
#1588=VERTEX_POINT('',#1856);
#1589=LINE('',#1857,#1858);
#1590=LINE('',#1860,#1861);
#1591=VERTEX_POINT('',#1863);
#1592=LINE('',#1864,#1865);
#1593=LINE('',#1867,#1868);
#1594=VERTEX_POINT('',#1870);
#1595=LINE('',#1871,#1872);
#1596=LINE('',#1874,#1875);
#1597=VERTEX_POINT('',#1877);
#1598=LINE('',#1878,#1879);
#1599=LINE('',#1881,#1882);
#1600=VERTEX_POINT('',#1884);
#1601=B_SPLINE_CURVE_WITH_KNOTS('',3,
(#1885,#1886,#1887,#1888,#1889,#1890,#1891),
.UNSPECIFIED.,.F.,.F.,
(4,1,1,1,4),
(0.,0.249994141850857,0.5,0.750004055577125,1.),
.UNSPECIFIED.);
#1602=LINE('',#1892,#1893);
#1603=VERTEX_POINT('',#1895);
#1604=LINE('',#1896,#1897);
#1605=LINE('',#1899,#1900);
#1606=VERTEX_POINT('',#1902);
#1607=B_SPLINE_CURVE_WITH_KNOTS('',3,
(#1903,#1904,#1905,#1906,#1907,#1908,#1909),
.UNSPECIFIED.,.F.,.F.,
(4,1,1,1,4),
(0.,0.249994141853088,0.5,0.750004055575542,1.),
.UNSPECIFIED.);
#1608=LINE('',#1910,#1911);
#1609=LINE('',#1913,#1914);
#1610=VERTEX_POINT('',#1916);
#1611=LINE('',#1917,#1918);
#1612=VERTEX_POINT('',#1920);
#1613=B_SPLINE_CURVE_WITH_KNOTS('',3,
(#1921,#1922,#1923,#1924,#1925,#1926,#1927),
.UNSPECIFIED.,.F.,.F.,
(4,1,1,1,4),
(0.,0.249994141874821,0.5,0.750004055560535,1.),
.UNSPECIFIED.);
#1614=LINE('',#1928,#1929);
#1615=VERTEX_POINT('',#1931);
#1616=LINE('',#1932,#1933);
#1617=LINE('',#1935,#1936);
#1618=VERTEX_POINT('',#1938);
#1619=B_SPLINE_CURVE_WITH_KNOTS('',3,
(#1939,#1940,#1941,#1942,#1943,#1944,#1945),
.UNSPECIFIED.,.F.,.F.,
(4,1,1,1,4),
(0.,0.249994141855638,0.5,0.750004055573824,1.),
.UNSPECIFIED.);
#1620=LINE('',#1946,#1947);
#1621=VERTEX_POINT('',#1949);
#1622=LINE('',#1950,#1951);
#1623=LINE('',#1953,#1954);
#1624=VERTEX_POINT('',#1956);
#1625=B_SPLINE_CURVE_WITH_KNOTS('',3,
(#1957,#1958,#1959,#1960,#1961,#1962,#1963),
.UNSPECIFIED.,.F.,.F.,
(4,1,1,1,4),
(0.,0.249994141852805,0.5,0.750004055575783,1.),
.UNSPECIFIED.);
#1626=LINE('',#1964,#1965);
#1627=VERTEX_POINT('',#1967);
#1628=LINE('',#1968,#1969);
#1629=LINE('',#1971,#1972);
#1630=VERTEX_POINT('',#1974);
#1631=B_SPLINE_CURVE_WITH_KNOTS('',3,
(#1975,#1976,#1977,#1978,#1979,#1980,#1981),
.UNSPECIFIED.,.F.,.F.,
(4,1,1,1,4),
(0.,0.249994141855795,0.5,0.750004055573728,1.),
.UNSPECIFIED.);
#1632=LINE('',#1982,#1983);
#1633=LINE('',#1985,#1986);
#1634=VERTEX_POINT('',#1988);
#1635=LINE('',#1989,#1990);
#1636=LINE('',#1992,#1993);
#1637=VERTEX_POINT('',#1995);
#1638=LINE('',#1996,#1997);
#1639=LINE('',#1999,#2000);
#1640=LINE('',#2002,#2003);
#1641=VERTEX_POINT('',#2005);
#1642=LINE('',#2006,#2007);
#1643=LINE('',#2009,#2010);
#1644=LINE('',#2012,#2013);
#1645=VERTEX_POINT('',#2015);
#1646=LINE('',#2016,#2017);
#1647=LINE('',#2019,#2020);
#1648=LINE('',#2022,#2023);
#1649=LINE('',#2025,#2026);
#1650=VERTEX_POINT('',#2028);
#1651=LINE('',#2029,#2030);
#1652=LINE('',#2032,#2033);
#1653=VERTEX_POINT('',#2035);
#1654=LINE('',#2036,#2037);
#1655=B_SPLINE_CURVE_WITH_KNOTS('',3,
(#2039,#2040,#2041,#2042,#2043,#2044,#2045),
.UNSPECIFIED.,.F.,.F.,
(4,1,1,1,4),
(0.,0.249994141850717,0.5,0.750004055577187,1.),
.UNSPECIFIED.);
#1656=LINE('',#2046,#2047);
#1657=VERTEX_POINT('',#2049);
#1658=LINE('',#2050,#2051);
#1659=LINE('',#2053,#2054);
#1660=LINE('',#2056,#2057);
#1661=VERTEX_POINT('',#2059);
#1662=LINE('',#2060,#2061);
#1663=LINE('',#2063,#2064);
#1664=LINE('',#2066,#2067);
#1665=LINE('',#2069,#2070);
#1666=VERTEX_POINT('',#2072);
#1667=LINE('',#2073,#2074);
#1668=LINE('',#2076,#2077);
#1669=VERTEX_POINT('',#2079);
#1670=LINE('',#2080,#2081);
#1671=B_SPLINE_CURVE_WITH_KNOTS('',3,
(#2083,#2084,#2085,#2086,#2087,#2088,#2089),
.UNSPECIFIED.,.F.,.F.,
(4,1,1,1,4),
(0.,0.249994141853934,0.5,0.750004055574995,1.),
.UNSPECIFIED.);
#1672=LINE('',#2090,#2091);
#1673=VERTEX_POINT('',#2093);
#1674=LINE('',#2094,#2095);
#1675=LINE('',#2097,#2098);
#1676=LINE('',#2100,#2101);
#1677=VERTEX_POINT('',#2103);
#1678=LINE('',#2104,#2105);
#1679=LINE('',#2107,#2108);
#1680=LINE('',#2110,#2111);
#1681=LINE('',#2113,#2114);
#1682=CARTESIAN_POINT('',(-11.0499999970197,-6.5,5.8));
#1683=CARTESIAN_POINT('',(-10.25,-7.29999999701977,5.8));
#1684=AXIS2_PLACEMENT_3D('',#1685,#1686,#1687);
#1685=CARTESIAN_POINT('',(-10.25,-6.5,5.8));
#1686=DIRECTION('',(0.,0.,1.));
#1687=DIRECTION('',(-1.,0.,0.));
#1688=CARTESIAN_POINT('',(-11.0499999970197,6.5,5.8));
#1689=CARTESIAN_POINT('',(-11.0499999970197,6.5,5.8));
#1690=VECTOR('',#1691,1.);
#1691=DIRECTION('',(0.,-1.,0.));
#1692=CARTESIAN_POINT('',(-10.25,7.29999999701977,5.8));
#1693=AXIS2_PLACEMENT_3D('',#1694,#1695,#1696);
#1694=CARTESIAN_POINT('',(-10.25,6.5,5.8));
#1695=DIRECTION('',(0.,0.,1.));
#1696=DIRECTION('',(0.,1.,0.));
#1697=CARTESIAN_POINT('',(10.25,7.29999999701975,5.8));
#1698=CARTESIAN_POINT('',(10.25,7.29999999701975,5.8));
#1699=VECTOR('',#1700,1.);
#1700=DIRECTION('',(-1.,7.79863978273284E-16,0.));
#1701=CARTESIAN_POINT('',(11.0499999970197,6.5,5.8));
#1702=AXIS2_PLACEMENT_3D('',#1703,#1704,#1705);
#1703=CARTESIAN_POINT('',(10.25,6.5,5.8));
#1704=DIRECTION('',(0.,0.,1.));
#1705=DIRECTION('',(1.,0.,0.));
#1706=CARTESIAN_POINT('',(11.0499999970197,-6.50000000000003,5.8));
#1707=CARTESIAN_POINT('',(11.0499999970197,-6.50000000000003,5.8));
#1708=VECTOR('',#1709,1.);
#1709=DIRECTION('',(0.,1.,0.));
#1710=CARTESIAN_POINT('',(10.25,-7.2999999970198,5.8));
#1711=AXIS2_PLACEMENT_3D('',#1712,#1713,#1714);
#1712=CARTESIAN_POINT('',(10.25,-6.50000000000003,5.8));
#1713=DIRECTION('',(0.,0.,1.));
#1714=DIRECTION('',(0.,-1.,0.));
#1715=CARTESIAN_POINT('',(-10.25,-7.29999999701977,5.8));
#1716=VECTOR('',#1717,1.);
#1717=DIRECTION('',(1.,-7.79863978273283E-16,0.));
#1718=CARTESIAN_POINT('',(-1.,0.,5.8));
#1719=AXIS2_PLACEMENT_3D('',#1720,#1721,#1722);
#1720=CARTESIAN_POINT('',(0.,0.,5.8));
#1721=DIRECTION('',(0.,0.,-1.));
#1722=DIRECTION('',(-1.,0.,0.));
#1723=CARTESIAN_POINT('',(-2.25000000000001,1.3,5.8));
#1724=CARTESIAN_POINT('',(-2.44999999104697,1.49999999701564,5.8));
#1725=CARTESIAN_POINT('',(-2.45000000000002,1.49999999999999,5.8));
#1726=VECTOR('',#1727,1.);
#1727=DIRECTION('',(0.707106781186591,-0.707106781186503,0.));
#1728=CARTESIAN_POINT('',(-3.24999998827571,1.5000000039081,5.8));
#1729=CARTESIAN_POINT('',(-3.24999999999998,1.5,5.8));
#1730=VECTOR('',#1731,1.);
#1731=DIRECTION('',(1.,0.,0.));
#1732=CARTESIAN_POINT('',(-3.45000000000001,1.3,5.8));
#1733=CARTESIAN_POINT('',(-3.45000000000001,1.3,5.8));
#1734=VECTOR('',#1735,1.);
#1735=DIRECTION('',(0.707106781186551,0.707106781186544,0.));
#1736=CARTESIAN_POINT('',(-3.45000000000001,-1.3,5.8));
#1737=CARTESIAN_POINT('',(-3.45000000000001,-1.3,5.8));
#1738=VECTOR('',#1739,1.);
#1739=DIRECTION('',(0.,1.,0.));
#1740=CARTESIAN_POINT('',(-3.24999998812672,-1.50000000395776,5.8));
#1741=CARTESIAN_POINT('',(-3.24999998692577,-1.50000001307423,5.8));
#1742=VECTOR('',#1743,1.);
#1743=DIRECTION('',(-0.707106781186588,0.707106781186507,0.));
#1744=CARTESIAN_POINT('',(-2.44999999092896,-1.49999999697632,5.8));
#1745=CARTESIAN_POINT('',(-2.4499999817257,-1.5,5.8));
#1746=VECTOR('',#1747,1.);
#1747=DIRECTION('',(-1.,0.,0.));
#1748=CARTESIAN_POINT('',(-2.25000000000001,-1.3,5.8));
#1749=CARTESIAN_POINT('',(-2.25,-1.30000000000001,5.8));
#1750=VECTOR('',#1751,1.);
#1751=DIRECTION('',(-0.707106781186551,-0.707106781186544,0.));
#1752=CARTESIAN_POINT('',(-2.25000000000001,1.3,5.8));
#1753=VECTOR('',#1754,1.);
#1754=DIRECTION('',(0.,-1.,0.));
#1755=CARTESIAN_POINT('',(3.24999998813365,-1.50000000395544,5.8));
#1756=CARTESIAN_POINT('',(3.45,-1.3,5.8));
#1757=CARTESIAN_POINT('',(3.45,-1.3,5.8));
#1758=VECTOR('',#1759,1.);
#1759=DIRECTION('',(-0.707106781186575,-0.707106781186521,0.));
#1760=CARTESIAN_POINT('',(3.45,1.3,5.8));
#1761=CARTESIAN_POINT('',(3.45,1.3,5.8));
#1762=VECTOR('',#1763,1.);
#1763=DIRECTION('',(0.,-1.,0.));
#1764=CARTESIAN_POINT('',(3.24999998826919,1.50000000391026,5.8));
#1765=CARTESIAN_POINT('',(3.24999998847144,1.50000001152854,5.8));
#1766=VECTOR('',#1767,1.);
#1767=DIRECTION('',(0.707106781186582,-0.707106781186513,0.));
#1768=CARTESIAN_POINT('',(2.44999999104186,1.49999999701395,5.8));
#1769=CARTESIAN_POINT('',(2.44999998149309,1.5,5.8));
#1770=VECTOR('',#1771,1.);
#1771=DIRECTION('',(1.,0.,0.));
#1772=CARTESIAN_POINT('',(2.24999999999999,1.3,5.8));
#1773=CARTESIAN_POINT('',(2.25,1.29999999999999,5.8));
#1774=VECTOR('',#1775,1.);
#1775=DIRECTION('',(0.707106781186578,0.707106781186517,0.));
#1776=CARTESIAN_POINT('',(2.24999999999999,-1.3,5.8));
#1777=CARTESIAN_POINT('',(2.24999999999999,-1.3,5.8));
#1778=VECTOR('',#1779,1.);
#1779=DIRECTION('',(0.,1.,0.));
#1780=CARTESIAN_POINT('',(2.44999999093441,-1.49999999697813,5.8));
#1781=CARTESIAN_POINT('',(2.45000000000002,-1.5,5.8));
#1782=VECTOR('',#1783,1.);
#1783=DIRECTION('',(-0.707106781186594,0.707106781186501,0.));
#1784=CARTESIAN_POINT('',(3.25000000000001,-1.5,5.8));
#1785=VECTOR('',#1786,1.);
#1786=DIRECTION('',(-1.,0.,0.));
#1787=CARTESIAN_POINT('',(-1.,0.,6.8));
#1788=AXIS2_PLACEMENT_3D('',#1789,#1790,#1791);
#1789=CARTESIAN_POINT('',(0.,0.,6.8));
#1790=DIRECTION('',(0.,0.,-1.));
#1791=DIRECTION('',(-1.,0.,0.));
#1792=CARTESIAN_POINT('',(-11.0499999970197,-6.5,9.3));
#1793=CARTESIAN_POINT('',(-10.25,-7.29999999701977,9.3));
#1794=AXIS2_PLACEMENT_3D('',#1795,#1796,#1797);
#1795=CARTESIAN_POINT('',(-10.25,-6.5,9.3));
#1796=DIRECTION('',(0.,0.,1.));
#1797=DIRECTION('',(-1.,0.,0.));
#1798=CARTESIAN_POINT('',(-11.0499999970197,-6.5,5.8));
#1799=VECTOR('',#1800,1.);
#1800=DIRECTION('',(0.,0.,1.));
#1801=CARTESIAN_POINT('',(-10.25,-7.29999999701977,5.8));
#1802=VECTOR('',#1803,1.);
#1803=DIRECTION('',(0.,0.,1.));
#1804=CARTESIAN_POINT('',(-11.0499999970197,6.5,9.3));
#1805=CARTESIAN_POINT('',(-11.0499999970197,6.5,9.3));
#1806=VECTOR('',#1807,1.);
#1807=DIRECTION('',(0.,-1.,0.));
#1808=CARTESIAN_POINT('',(-11.0499999970197,6.5,5.8));
#1809=VECTOR('',#1810,1.);
#1810=DIRECTION('',(0.,0.,1.));
#1811=CARTESIAN_POINT('',(-10.25,7.29999999701977,9.3));
#1812=AXIS2_PLACEMENT_3D('',#1813,#1814,#1815);
#1813=CARTESIAN_POINT('',(-10.25,6.5,9.3));
#1814=DIRECTION('',(0.,0.,1.));
#1815=DIRECTION('',(0.,1.,0.));
#1816=CARTESIAN_POINT('',(-10.25,7.29999999701977,5.8));
#1817=VECTOR('',#1818,1.);
#1818=DIRECTION('',(0.,0.,1.));
#1819=CARTESIAN_POINT('',(10.25,7.29999999701976,9.3));
#1820=CARTESIAN_POINT('',(10.25,7.29999999701975,9.3));
#1821=VECTOR('',#1822,1.);
#1822=DIRECTION('',(-1.,7.79863978273284E-16,0.));
#1823=CARTESIAN_POINT('',(10.25,7.29999999701976,5.8));
#1824=VECTOR('',#1825,1.);
#1825=DIRECTION('',(0.,0.,1.));
#1826=CARTESIAN_POINT('',(11.0499999970197,6.50000000000001,9.3));
#1827=AXIS2_PLACEMENT_3D('',#1828,#1829,#1830);
#1828=CARTESIAN_POINT('',(10.25,6.5,9.3));
#1829=DIRECTION('',(0.,0.,1.));
#1830=DIRECTION('',(1.,0.,0.));
#1831=CARTESIAN_POINT('',(11.0499999970197,6.50000000000001,5.8));
#1832=VECTOR('',#1833,1.);
#1833=DIRECTION('',(0.,0.,1.));
#1834=CARTESIAN_POINT('',(11.0499999970197,-6.50000000000003,9.3));
#1835=CARTESIAN_POINT('',(11.0499999970197,-6.50000000000003,9.3));
#1836=VECTOR('',#1837,1.);
#1837=DIRECTION('',(0.,1.,0.));
#1838=CARTESIAN_POINT('',(11.0499999970197,-6.50000000000003,5.8));
#1839=VECTOR('',#1840,1.);
#1840=DIRECTION('',(0.,0.,1.));
#1841=CARTESIAN_POINT('',(10.25,-7.29999999701979,9.3));
#1842=AXIS2_PLACEMENT_3D('',#1843,#1844,#1845);
#1843=CARTESIAN_POINT('',(10.25,-6.50000000000003,9.3));
#1844=DIRECTION('',(0.,0.,1.));
#1845=DIRECTION('',(0.,-1.,0.));
#1846=CARTESIAN_POINT('',(10.25,-7.29999999701979,5.8));
#1847=VECTOR('',#1848,1.);
#1848=DIRECTION('',(0.,0.,1.));
#1849=CARTESIAN_POINT('',(-10.25,-7.29999999701977,9.3));
#1850=VECTOR('',#1851,1.);
#1851=DIRECTION('',(1.,-7.79863978273283E-16,0.));
#1852=CARTESIAN_POINT('',(-2.25000000000001,1.3,2.2));
#1853=CARTESIAN_POINT('',(-2.25000000000001,1.3,5.8));
#1854=VECTOR('',#1855,1.);
#1855=DIRECTION('',(-4.93432455388959E-16,-3.70074341541719E-16,-1.));
#1856=CARTESIAN_POINT('',(-2.45000000000001,1.5,2.2));
#1857=CARTESIAN_POINT('',(-2.25000000000001,1.3,2.2));
#1858=VECTOR('',#1859,1.);
#1859=DIRECTION('',(-0.707106781186552,0.707106781186543,0.));
#1860=CARTESIAN_POINT('',(-2.44999999104697,1.49999999701564,5.8));
#1861=VECTOR('',#1862,1.);
#1862=DIRECTION('',(-2.48695854033877E-9,8.28985707240154E-10,-1.));
#1863=CARTESIAN_POINT('',(-3.24999999999998,1.5,2.2));
#1864=CARTESIAN_POINT('',(-2.45000000000001,1.5,2.2));
#1865=VECTOR('',#1866,1.);
#1866=DIRECTION('',(-1.,0.,0.));
#1867=CARTESIAN_POINT('',(-3.24999999999999,1.50000000000001,2.2));
#1868=VECTOR('',#1869,1.);
#1869=DIRECTION('',(3.25674265333475E-9,1.08558088444492E-9,1.));
#1870=CARTESIAN_POINT('',(-3.45000000000001,1.3,2.2));
#1871=CARTESIAN_POINT('',(-3.45000000000001,1.3,2.2));
#1872=VECTOR('',#1873,1.);
#1873=DIRECTION('',(0.707106781186576,0.707106781186519,0.));
#1874=CARTESIAN_POINT('',(-3.45000000000001,1.3,2.2));
#1875=VECTOR('',#1876,1.);
#1876=DIRECTION('',(0.,0.,1.));
#1877=CARTESIAN_POINT('',(-3.45000000000001,-1.3,2.2));
#1878=CARTESIAN_POINT('',(-3.45000000000001,1.3,2.2));
#1879=VECTOR('',#1880,1.);
#1880=DIRECTION('',(0.,-1.,0.));
#1881=CARTESIAN_POINT('',(-3.45000000000001,-1.3,5.8));
#1882=VECTOR('',#1883,1.);
#1883=DIRECTION('',(4.93432455388959E-16,4.31753398465339E-16,-1.));
#1884=CARTESIAN_POINT('',(-3.25000000000001,-1.5,2.2));
#1885=CARTESIAN_POINT('',(-3.25000000000001,-1.5,2.2));
#1886=CARTESIAN_POINT('',(-3.26666627621946,-1.48333372408491,2.20000000030437));
#1887=CARTESIAN_POINT('',(-3.2999996093856,-1.45000039075275,2.20000000013835));
#1888=CARTESIAN_POINT('',(-3.34999987917573,-1.40000011988343,2.19999999905915));
#1889=CARTESIAN_POINT('',(-3.40000027030074,-1.34999972983766,2.20000000013839));
#1890=CARTESIAN_POINT('',(-3.43333360380122,-1.31666639650308,2.20000000030429));
#1891=CARTESIAN_POINT('',(-3.44999999999996,-1.29999999999985,2.1999999999998));
#1892=CARTESIAN_POINT('',(-3.24999998812672,-1.50000000395776,5.8));
#1893=VECTOR('',#1894,1.);
#1894=DIRECTION('',(-3.29813583851054E-9,1.0993791062693E-9,-1.));
#1895=CARTESIAN_POINT('',(-2.45000000000002,-1.5,2.2));
#1896=CARTESIAN_POINT('',(-3.25000000000001,-1.5,2.2));
#1897=VECTOR('',#1898,1.);
#1898=DIRECTION('',(1.,0.,0.));
#1899=CARTESIAN_POINT('',(-2.44999999092896,-1.49999999697632,5.8));
#1900=VECTOR('',#1901,1.);
#1901=DIRECTION('',(-2.51973725835026E-9,-8.39912460569457E-10,-1.));
#1902=CARTESIAN_POINT('',(-2.25000000000001,-1.3,2.2));
#1903=CARTESIAN_POINT('',(-2.25000000000001,-1.3,2.2));
#1904=CARTESIAN_POINT('',(-2.26666627591524,-1.3166662762196,2.20000000030437));
#1905=CARTESIAN_POINT('',(-2.2999996092474,-1.34999960938575,2.20000000013835));
#1906=CARTESIAN_POINT('',(-2.34999988011662,-1.39999987917577,2.19999999905915));
#1907=CARTESIAN_POINT('',(-2.40000027016224,-1.45000027030063,2.20000000013839));
#1908=CARTESIAN_POINT('',(-2.43333360349683,-1.48333360380111,2.20000000030429));
#1909=CARTESIAN_POINT('',(-2.45000000000017,-1.49999999999996,2.19999999999979));
#1910=CARTESIAN_POINT('',(-2.25000000000001,-1.3,5.8));
#1911=VECTOR('',#1912,1.);
#1912=DIRECTION('',(0.,0.,-1.));
#1913=CARTESIAN_POINT('',(-2.25000000000001,-1.3,2.2));
#1914=VECTOR('',#1915,1.);
#1915=DIRECTION('',(0.,1.,0.));
#1916=CARTESIAN_POINT('',(3.25000000000001,-1.5,2.2));
#1917=CARTESIAN_POINT('',(3.24999998813365,-1.50000000395544,5.8));
#1918=VECTOR('',#1919,1.);
#1919=DIRECTION('',(3.29620923148847E-9,1.09873641049616E-9,-1.));
#1920=CARTESIAN_POINT('',(3.45,-1.3,2.2));
#1921=CARTESIAN_POINT('',(3.44999999999999,-1.3,2.2));
#1922=CARTESIAN_POINT('',(3.43333372408331,-1.31666627622105,2.20000000030436));
#1923=CARTESIAN_POINT('',(3.40000039075115,-1.34999960938719,2.20000000013835));
#1924=CARTESIAN_POINT('',(3.35000011988294,-1.39999987917621,2.19999999905916));
#1925=CARTESIAN_POINT('',(3.29999972983877,-1.45000027029961,2.20000000013839));
#1926=CARTESIAN_POINT('',(3.26666639650419,-1.48333360380009,2.20000000030429));
#1927=CARTESIAN_POINT('',(3.24999999999985,-1.49999999999994,2.1999999999998));
#1928=CARTESIAN_POINT('',(3.45,-1.3,5.8));
#1929=VECTOR('',#1930,1.);
#1930=DIRECTION('',(7.40148683083438E-16,6.16790569236198E-16,-1.));
#1931=CARTESIAN_POINT('',(3.44999999999999,1.3,2.2));
#1932=CARTESIAN_POINT('',(3.45,-1.3,2.20000000000001));
#1933=VECTOR('',#1934,1.);
#1934=DIRECTION('',(-8.5401771125012E-16,1.,-1.19562479575017E-15));
#1935=CARTESIAN_POINT('',(3.44999999999999,1.3,2.2));
#1936=VECTOR('',#1937,1.);
#1937=DIRECTION('',(8.63506796930677E-16,-3.70074341541719E-16,1.));
#1938=CARTESIAN_POINT('',(3.24999999999999,1.5,2.2));
#1939=CARTESIAN_POINT('',(3.44999999999999,1.3,2.2));
#1940=CARTESIAN_POINT('',(3.43333372408458,1.31666627621977,2.20000000030437));
#1941=CARTESIAN_POINT('',(3.40000039075243,1.34999960938591,2.20000000013835));
#1942=CARTESIAN_POINT('',(3.35000011988332,1.39999987917582,2.19999999905915));
#1943=CARTESIAN_POINT('',(3.29999972983787,1.4500002703005,2.20000000013839));
#1944=CARTESIAN_POINT('',(3.26666639650329,1.48333360380098,2.20000000030429));
#1945=CARTESIAN_POINT('',(3.24999999999983,1.49999999999995,2.1999999999998));
#1946=CARTESIAN_POINT('',(3.24999999999998,1.49999999999999,2.2));
#1947=VECTOR('',#1948,1.);
#1948=DIRECTION('',(-3.25855540081774E-9,1.08618552423994E-9,1.));
#1949=CARTESIAN_POINT('',(2.45000000000001,1.5,2.2));
#1950=CARTESIAN_POINT('',(3.24999999999999,1.5,2.2));
#1951=VECTOR('',#1952,1.);
#1952=DIRECTION('',(-1.,2.77555756156296E-16,0.));
#1953=CARTESIAN_POINT('',(2.44999999104186,1.49999999701395,5.8));
#1954=VECTOR('',#1955,1.);
#1955=DIRECTION('',(2.48837543163442E-9,8.29458477211473E-10,-1.));
#1956=CARTESIAN_POINT('',(2.24999999999999,1.3,2.2));
#1957=CARTESIAN_POINT('',(2.24999999999999,1.3,2.2));
#1958=CARTESIAN_POINT('',(2.26666627591521,1.31666627621958,2.20000000030437));
#1959=CARTESIAN_POINT('',(2.29999960924737,1.34999960938572,2.20000000013835));
#1960=CARTESIAN_POINT('',(2.34999988011662,1.39999987917576,2.19999999905915));
#1961=CARTESIAN_POINT('',(2.40000027016225,1.45000027030063,2.20000000013839));
#1962=CARTESIAN_POINT('',(2.43333360349684,1.48333360380112,2.20000000030429));
#1963=CARTESIAN_POINT('',(2.45000000000017,1.49999999999995,2.1999999999998));
#1964=CARTESIAN_POINT('',(2.24999999999999,1.3,5.8));
#1965=VECTOR('',#1966,1.);
#1966=DIRECTION('',(0.,0.,-1.));
#1967=CARTESIAN_POINT('',(2.24999999999999,-1.3,2.2));
#1968=CARTESIAN_POINT('',(2.25,1.3,2.20000000000001));
#1969=VECTOR('',#1970,1.);
#1970=DIRECTION('',(1.70803542250024E-16,-1.,1.70803542250024E-16));
#1971=CARTESIAN_POINT('',(2.24999999999999,-1.3,5.8));
#1972=VECTOR('',#1973,1.);
#1973=DIRECTION('',(6.16790569236198E-16,5.55111512312578E-16,-1.));
#1974=CARTESIAN_POINT('',(2.45000000000002,-1.5,2.2));
#1975=CARTESIAN_POINT('',(2.45000000000002,-1.5,2.2));
#1976=CARTESIAN_POINT('',(2.43333372378024,-1.48333372408458,2.20000000030436));
#1977=CARTESIAN_POINT('',(2.40000039061409,-1.45000039075242,2.20000000013835));
#1978=CARTESIAN_POINT('',(2.35000012082419,-1.40000011988332,2.19999999905915));
#1979=CARTESIAN_POINT('',(2.2999997296995,-1.34999972983788,2.20000000013839));
#1980=CARTESIAN_POINT('',(2.26666639619901,-1.3166663965033,2.20000000030429));
#1981=CARTESIAN_POINT('',(2.25000000000004,-1.29999999999984,2.1999999999998));
#1982=CARTESIAN_POINT('',(2.44999999093441,-1.49999999697813,5.8));
#1983=VECTOR('',#1984,1.);
#1984=DIRECTION('',(2.51822538130695E-9,-8.39407679167594E-10,-1.));
#1985=CARTESIAN_POINT('',(2.45000000000002,-1.5,2.2));
#1986=VECTOR('',#1987,1.);
#1987=DIRECTION('',(1.,2.77555756156293E-16,0.));
#1988=CARTESIAN_POINT('',(-10.0499999970197,-6.29999999701977,10.3));
#1989=CARTESIAN_POINT('',(-11.0499999970197,-6.5,9.3));
#1990=VECTOR('',#1991,1.);
#1991=DIRECTION('',(0.700140041809441,0.140028010448467,0.700140041809435));
#1992=CARTESIAN_POINT('',(-10.25,-7.29999999701977,9.3));
#1993=VECTOR('',#1994,1.);
#1994=DIRECTION('',(0.140028010448489,0.700140041809436,0.700140041809436));
#1995=CARTESIAN_POINT('',(-10.0499999970197,6.29999999701977,10.3));
#1996=CARTESIAN_POINT('',(-10.0499999970197,6.29999999701977,10.3));
#1997=VECTOR('',#1998,1.);
#1998=DIRECTION('',(0.,-1.,0.));
#1999=CARTESIAN_POINT('',(-11.0499999970197,6.5,9.3));
#2000=VECTOR('',#2001,1.);
#2001=DIRECTION('',(0.700140041809441,-0.140028010448468,0.700140041809435));
#2002=CARTESIAN_POINT('',(-10.25,7.29999999701977,9.3));
#2003=VECTOR('',#2004,1.);
#2004=DIRECTION('',(0.140028010448482,-0.700140041809436,0.700140041809437));
#2005=CARTESIAN_POINT('',(10.0499999970197,6.29999999701975,10.3));
#2006=CARTESIAN_POINT('',(10.0499999970197,6.29999999701975,10.3));
#2007=VECTOR('',#2008,1.);
#2008=DIRECTION('',(-1.,7.95383659668816E-16,0.));
#2009=CARTESIAN_POINT('',(10.25,7.29999999701976,9.3));
#2010=VECTOR('',#2011,1.);
#2011=DIRECTION('',(-0.14002801044847,-0.700140041809439,0.700140041809437));
#2012=CARTESIAN_POINT('',(11.0499999970197,6.50000000000001,9.3));
#2013=VECTOR('',#2014,1.);
#2014=DIRECTION('',(-0.700140041809437,-0.140028010448487,0.700140041809436));
#2015=CARTESIAN_POINT('',(10.0499999970197,-6.29999999701978,10.3));
#2016=CARTESIAN_POINT('',(10.0499999970197,-6.29999999701979,10.3));
#2017=VECTOR('',#2018,1.);
#2018=DIRECTION('',(0.,1.,0.));
#2019=CARTESIAN_POINT('',(11.0499999970197,-6.50000000000003,9.3));
#2020=VECTOR('',#2021,1.);
#2021=DIRECTION('',(-0.700140041809438,0.140028010448477,0.700140041809437));
#2022=CARTESIAN_POINT('',(10.25,-7.29999999701979,9.3));
#2023=VECTOR('',#2024,1.);
#2024=DIRECTION('',(-0.140028010448469,0.700140041809439,0.700140041809437));
#2025=CARTESIAN_POINT('',(-10.0499999970197,-6.29999999701977,10.3));
#2026=VECTOR('',#2027,1.);
#2027=DIRECTION('',(1.,-8.39571640761528E-16,0.));
#2028=CARTESIAN_POINT('',(-2.45000000000002,1.3,2.));
#2029=CARTESIAN_POINT('',(-2.25000000000001,1.3,2.2));
#2030=VECTOR('',#2031,1.);
#2031=DIRECTION('',(-0.707106781186571,-1.09906472107861E-14,-0.707106781186524));
#2032=CARTESIAN_POINT('',(-2.45000000000003,1.3,2.));
#2033=VECTOR('',#2034,1.);
#2034=DIRECTION('',(8.94952701449741E-14,0.707106781186558,0.707106781186536));
#2035=CARTESIAN_POINT('',(-3.25000000000001,1.3,2.));
#2036=CARTESIAN_POINT('',(-2.45000000000002,1.3,2.));
#2037=VECTOR('',#2038,1.);
#2038=DIRECTION('',(-1.,0.,-5.55111512312585E-16));
#2039=CARTESIAN_POINT('',(-3.24999999999998,1.5,2.2));
#2040=CARTESIAN_POINT('',(-3.24999999969563,1.48333372408493,2.18333372378055));
#2041=CARTESIAN_POINT('',(-3.24999999986165,1.45000039075277,2.15000039061441));
#2042=CARTESIAN_POINT('',(-3.25000000094084,1.40000011988344,2.10000012082428));
#2043=CARTESIAN_POINT('',(-3.24999999986162,1.34999972983766,2.04999972969927));
#2044=CARTESIAN_POINT('',(-3.24999999969572,1.31666639650308,2.01666639619878));
#2045=CARTESIAN_POINT('',(-3.25000000000021,1.29999999999985,2.00000000000005));
#2046=CARTESIAN_POINT('',(-3.25000000000001,1.3,2.));
#2047=VECTOR('',#2048,1.);
#2048=DIRECTION('',(-0.707106781186551,0.,0.707106781186544));
#2049=CARTESIAN_POINT('',(-3.24999999999999,-1.29999999999999,2.));
#2050=CARTESIAN_POINT('',(-3.25000000000001,1.3,2.));
#2051=VECTOR('',#2052,1.);
#2052=DIRECTION('',(5.63651689425082E-15,-1.,-2.0496425070003E-15));
#2053=CARTESIAN_POINT('',(-3.45000000000001,-1.3,2.2));
#2054=VECTOR('',#2055,1.);
#2055=DIRECTION('',(0.707106781186573,4.39625888431435E-14,-0.707106781186523));
#2056=CARTESIAN_POINT('',(-3.24999999999998,-1.29999999999999,2.));
#2057=VECTOR('',#2058,1.);
#2058=DIRECTION('',(-8.79251776862892E-14,-0.707106781186562,0.707106781186533));
#2059=CARTESIAN_POINT('',(-2.45000000000002,-1.3,2.));
#2060=CARTESIAN_POINT('',(-3.24999999999999,-1.29999999999999,2.));
#2061=VECTOR('',#2062,1.);
#2062=DIRECTION('',(1.,-9.43689570931418E-15,3.33066907387559E-15));
#2063=CARTESIAN_POINT('',(-2.45000000000002,-1.5,2.2));
#2064=VECTOR('',#2065,1.);
#2065=DIRECTION('',(-1.25607396694702E-14,0.707106781186547,-0.707106781186547));
#2066=CARTESIAN_POINT('',(-2.45000000000001,-1.3,2.));
#2067=VECTOR('',#2068,1.);
#2068=DIRECTION('',(0.70710678118655,0.,0.707106781186545));
#2069=CARTESIAN_POINT('',(-2.45000000000002,-1.3,2.));
#2070=VECTOR('',#2071,1.);
#2071=DIRECTION('',(0.,1.,0.));
#2072=CARTESIAN_POINT('',(3.24999999999999,-1.3,2.));
#2073=CARTESIAN_POINT('',(3.25,-1.5,2.2));
#2074=VECTOR('',#2075,1.);
#2075=DIRECTION('',(-5.18130511365646E-14,0.707106781186544,-0.707106781186551));
#2076=CARTESIAN_POINT('',(3.24999999999999,-1.3,2.));
#2077=VECTOR('',#2078,1.);
#2078=DIRECTION('',(0.707106781186536,7.85046229341878E-16,0.707106781186558));
#2079=CARTESIAN_POINT('',(3.24999999999999,1.3,2.));
#2080=CARTESIAN_POINT('',(3.24999999999999,-1.3,2.));
#2081=VECTOR('',#2082,1.);
#2082=DIRECTION('',(0.,1.,-1.70803542250024E-16));
#2083=CARTESIAN_POINT('',(3.44999999999999,1.3,2.2));
#2084=CARTESIAN_POINT('',(3.4333337240847,1.29999999969563,2.18333372378034));
#2085=CARTESIAN_POINT('',(3.40000039075254,1.29999999986165,2.1500003906142));
#2086=CARTESIAN_POINT('',(3.35000011988335,1.30000000094085,2.10000012082422));
#2087=CARTESIAN_POINT('',(3.2999997298378,1.29999999986161,2.04999972969941));
#2088=CARTESIAN_POINT('',(3.26666639650322,1.29999999969571,2.01666639619893));
#2089=CARTESIAN_POINT('',(3.24999999999984,1.30000000000021,2.00000000000005));
#2090=CARTESIAN_POINT('',(3.25,1.3,2.));
#2091=VECTOR('',#2092,1.);
#2092=DIRECTION('',(-1.72710170455215E-14,0.707106781186546,0.707106781186549));
#2093=CARTESIAN_POINT('',(2.45,1.3,2.));
#2094=CARTESIAN_POINT('',(3.24999999999999,1.3,2.));
#2095=VECTOR('',#2096,1.);
#2096=DIRECTION('',(-1.,2.77555756156293E-16,-5.55111512312585E-16));
#2097=CARTESIAN_POINT('',(2.45000000000001,1.5,2.2));
#2098=VECTOR('',#2099,1.);
#2099=DIRECTION('',(-3.4542034091043E-14,-0.707106781186546,-0.707106781186549));
#2100=CARTESIAN_POINT('',(2.45000000000001,1.3,2.));
#2101=VECTOR('',#2102,1.);
#2102=DIRECTION('',(-0.707106781186564,7.85046229341869E-16,0.707106781186531));
#2103=CARTESIAN_POINT('',(2.45,-1.3,2.));
#2104=CARTESIAN_POINT('',(2.45000000000001,1.3,2.));
#2105=VECTOR('',#2106,1.);
#2106=DIRECTION('',(0.,-1.,1.70803542250024E-16));
#2107=CARTESIAN_POINT('',(2.25,-1.3,2.20000000000001));
#2108=VECTOR('',#2109,1.);
#2109=DIRECTION('',(0.707106781186555,0.,-0.70710678118654));
#2110=CARTESIAN_POINT('',(2.44999999999999,-1.3,2.));
#2111=VECTOR('',#2112,1.);
#2112=DIRECTION('',(8.94952701449752E-14,-0.707106781186543,0.707106781186552));
#2113=CARTESIAN_POINT('',(2.45,-1.3,2.));
#2114=VECTOR('',#2115,1.);
#2115=DIRECTION('',(1.,0.,2.77555756156293E-16));
ENDSEC;
END-ISO-10303-21;
