                                                                        S      1
1H,,1H;,100HC:\Users\trost\OneDrive\Dokumenti\Diploma ROBOTSKA ROKA\3D mG      1
odeli\Allen bolt socket cap ISO\M3x6.prt,100HC:\Users\trost\OneDrive\DokG      2
umenti\Diploma ROBOTSKA ROKA\3D modeli\Allen bolt socket cap ISO\M3x6.igG      3
s,8HNX V10.0,28HSIEMENS PLM Software NX 10.0,32,38,16,38,16,100HC:\UsersG      4
\trost\OneDrive\Dokumenti\Diploma ROBOTSKA ROKA\3D modeli\Allen bolt socG      5
ket cap ISO\M3x6.prt,1.0,2,2HMM,300,2.0,15H20161004.183754,1.0E-005,    G      6
10000.0,,,11,0,15H20151231.172300;                                      G      7
     124       1               1       1       0       0               0D      1
     124      27       0       1       0                               0D      2
     406       2               1       1       0       0           10000D      3
     406      27       0       1       1                               0D      4
     406       3               1      -3       0       0                D      5
     406      27       0       1       3                               0D      6
     406       4               1       1       0       0           10000D      7
     406      27       0       1       1                               0D      8
     406       5               1      -7       0       0                D      9
     406      27       0       1       3                               0D     10
     406       6               1       1       0       0           10000D     11
     406      27       0       1       1                               0D     12
     406       7               1     -11       0       0                D     13
     406      27       0       1       3                               0D     14
     406       8               1       1       0       0           10000D     15
     406      27       0       1       1                               0D     16
     406       9               1     -15       0       0                D     17
     406      27       0       1       3                               0D     18
     406      10               1       1       0       0           10000D     19
     406      27       0       1       1                               0D     20
     406      11               1     -19       0       0                D     21
     406      27       0       1       3                               0D     22
     124      12               1       1       0       0               0D     23
     124      27       0       1       0                               0D     24
     314      13               1       1       0       0             200D     25
     314      27       2       1       0                               0D     26
     116      14               1      61       0      23               0D     27
     116     105     -25       1       0                               0D     28
     314      15               1       1       0       0             200D     29
     314      27       4       1       0                               0D     30
     406      16               1       1       0       0           10000D     31
     406      27       0       1      15                               0D     32
     116      17               1       1       0      23               0D     33
     116     105     -29       1       0                  Point2       2D     34
     406      18               1       1       0       0           10000D     35
     406      27       0       1      15                               0D     36
     110      19               1       1       0      23               0D     37
     110     105     -29       2       0                   Line1       1D     38
     406      21               1       1       0       0           10000D     39
     406      27       0       1      15                               0D     40
     110      22               1       1       0      23               0D     41
     110     105     -29       2       0                   Line2       2D     42
     406      24               1       1       0       0           10000D     43
     406      27       0       1      15                               0D     44
     110      25               1       1       0      23               0D     45
     110     105     -29       2       0                   Line3       3D     46
     406      27               1       1       0       0           10000D     47
     406      27       0       1      15                               0D     48
     110      28               1       1       0      23               0D     49
     110     105     -29       2       0                   Line4       4D     50
     406      30               1       1       0       0           10000D     51
     406      27       0       1      15                               0D     52
     110      31               1       1       0      23               0D     53
     110     105     -29       2       0                   Line5       5D     54
     406      33               1       1       0       0           10000D     55
     406      27       0       1      15                               0D     56
     110      34               1       1       0      23               0D     57
     110     105     -29       2       0                   Line6       6D     58
     406      36               1       1       0       0           10000D     59
     406      27       0       1      15                               0D     60
     110      37               3       1       0      23               0D     61
     110     105     -29       1       0                   Line7       7D     62
     406      38               1       1       0       0           10000D     63
     406      27       0       1      15                               0D     64
     100      39               1       1       0      23               0D     65
     100     105     -29       1       0                    Arc1       1D     66
     124      40               1       1       0       0               0D     67
     124      27       0       1       0                               0D     68
     406      41               1       1       0       0           10000D     69
     406      27       0       1      15                               0D     70
     100      42               1       1       0      67               0D     71
     100     105     -29       2       0                    Arc2       2D     72
     124      44               1       1       0       0               0D     73
     124      27       0       1       0                               0D     74
     108      45               1       1       0       0           10100D     75
     108      27       0       2       0                               0D     76
     108      47               1       1       0       0           10100D     77
     108      27       0       2       0                               0D     78
     108      49               1       1       0       0           10100D     79
     108      27       0       2       0                               0D     80
     108      51               1       1       0       0           10100D     81
     108      27       0       2       0                               0D     82
     406      53               1       1       0       0           10000D     83
     406      27       0       1      15                               0D     84
     410      54               1     256       0      23             100D     85
     410      27       0       1       0                     TOP       0D     86
     124      55               1       1       0       0               0D     87
     124      27       0       1       0                               0D     88
     108      56               1       1       0       0           10100D     89
     108      27       0       2       0                               0D     90
     108      58               1       1       0       0           10100D     91
     108      27       0       2       0                               0D     92
     108      60               1       1       0       0           10100D     93
     108      27       0       2       0                               0D     94
     108      62               1       1       0       0           10100D     95
     108      27       0       2       0                               0D     96
     406      64               1       1       0       0           10000D     97
     406      27       0       1      15                               0D     98
     410      65               1     256       0      87             100D     99
     410      27       0       1       0                   FRONT       0D    100
     124      66               1       1       0       0               0D    101
     124      27       0       1       0                               0D    102
     108      67               1       1       0       0           10100D    103
     108      27       0       2       0                               0D    104
     108      69               1       1       0       0           10100D    105
     108      27       0       2       0                               0D    106
     108      71               1       1       0       0           10100D    107
     108      27       0       2       0                               0D    108
     108      73               1       1       0       0           10100D    109
     108      27       0       2       0                               0D    110
     406      75               1       1       0       0           10000D    111
     406      27       0       1      15                               0D    112
     410      76               1     256       0     101             100D    113
     410      27       0       1       0                   RIGHT       0D    114
     124      77               1       1       0       0               0D    115
     124      27       0       1       0                               0D    116
     108      78               1       1       0       0           10100D    117
     108      27       0       2       0                               0D    118
     108      80               1       1       0       0           10100D    119
     108      27       0       2       0                               0D    120
     108      82               1       1       0       0           10100D    121
     108      27       0       2       0                               0D    122
     108      84               1       1       0       0           10100D    123
     108      27       0       2       0                               0D    124
     406      86               1       1       0       0           10000D    125
     406      27       0       1      15                               0D    126
     410      87               1     256       0     115             100D    127
     410      27       0       1       0                    BACK       0D    128
     124      88               1       1       0       0               0D    129
     124      27       0       1       0                               0D    130
     108      89               1       1       0       0           10100D    131
     108      27       0       2       0                               0D    132
     108      91               1       1       0       0           10100D    133
     108      27       0       2       0                               0D    134
     108      93               1       1       0       0           10100D    135
     108      27       0       2       0                               0D    136
     108      95               1       1       0       0           10100D    137
     108      27       0       2       0                               0D    138
     406      97               1       1       0       0           10000D    139
     406      27       0       1      15                               0D    140
     410      98               1     256       0     129             100D    141
     410      27       0       1       0                  BOTTOM       0D    142
     124      99               1       1       0       0               0D    143
     124      27       0       1       0                               0D    144
     108     100               1       1       0       0           10100D    145
     108      27       0       2       0                               0D    146
     108     102               1       1       0       0           10100D    147
     108      27       0       2       0                               0D    148
     108     104               1       1       0       0           10100D    149
     108      27       0       2       0                               0D    150
     108     106               1       1       0       0           10100D    151
     108      27       0       2       0                               0D    152
     406     108               1       1       0       0           10000D    153
     406      27       0       1      15                               0D    154
     410     109               1     256       0     143             100D    155
     410      27       0       1       0                    LEFT       0D    156
     124     110               1       1       0       0               0D    157
     124      27       0       3       0                               0D    158
     108     113               1       1       0       0           10100D    159
     108      27       0       2       0                               0D    160
     108     115               1       1       0       0           10100D    161
     108      27       0       2       0                               0D    162
     108     117               1       1       0       0           10100D    163
     108      27       0       3       0                               0D    164
     108     120               1       1       0       0           10100D    165
     108      27       0       3       0                               0D    166
     406     123               1       1       0       0           10000D    167
     406      27       0       1      15                               0D    168
     410     124               1     256       0     157             100D    169
     410      27       0       1       0                 TFR-ISO       0D    170
     124     125               1       1       0       0               0D    171
     124      27       0       3       0                               0D    172
     108     128               1       1       0       0           10100D    173
     108      27       0       2       0                               0D    174
     108     130               1       1       0       0           10100D    175
     108      27       0       2       0                               0D    176
     108     132               1       1       0       0           10100D    177
     108      27       0       3       0                               0D    178
     108     135               1       1       0       0           10100D    179
     108      27       0       3       0                               0D    180
     406     138               1       1       0       0           10000D    181
     406      27       0       1      15                               0D    182
     410     139               1     256       0     171             100D    183
     410      27       0       1       0                 TFR-TRI       0D    184
     314     140               1       1       0       0             200D    185
     314      27       8       2       0                               0D    186
     128     142               1       1       0      23               0D    187
     128      53    -185       4       0                               0D    188
     128     146               1       1       0      23               0D    189
     128      53    -185       4       0                               0D    190
     128     150               1       1       0      23               0D    191
     128      53    -185       5       0                               0D    192
     128     155               1       1       0      23               0D    193
     128      53    -185       5       0                               0D    194
     128     160               1       1       0      23           10000D    195
     128      53    -185       9       0                               0D    196
     126     169               1       1       0       0           10500D    197
     126      53    -185       2       0                               0D    198
     126     171               1       1       0       0           10500D    199
     126      53    -185       2       0                               0D    200
     126     173               1       1       0       0           10500D    201
     126      53    -185       2       0                               0D    202
     126     175               1       1       0       0           10500D    203
     126      53    -185       2       0                               0D    204
     126     177               1       1       0       0           10500D    205
     126      53    -185       2       0                               0D    206
     126     179               1       1       0       0           10500D    207
     126      53    -185       2       0                               0D    208
     102     181               1       1       0      23           10500D    209
     102      53    -185       1       0                               0D    210
     100     182               1       1       0      23           10000D    211
     100      53    -185       2       0                               0D    212
     110     184               1       1       0      23           10000D    213
     110      53    -185       1       0                               0D    214
     100     185               1       1       0     129           10000D    215
     100      53    -185       2       0                               0D    216
     100     187               1       1       0     129           10000D    217
     100      53    -185       1       0                               0D    218
     110     188               1       1       0      23           10000D    219
     110      53    -185       1       0                               0D    220
     100     189               1       1       0      23           10000D    221
     100      53    -185       2       0                               0D    222
     102     191               1       1       0      23           10000D    223
     102      53    -185       1       0                               0D    224
     142     192               1       1       0       0           10500D    225
     142      53    -185       1       0                               0D    226
     144     193               1       1       0      23               0D    227
     144      53    -185       1       0                               0D    228
     128     194               1       1       0      23           10000D    229
     128      53    -185       3       0                               0D    230
     126     197               1       1       0       0           10500D    231
     126      53    -185      15       0                               0D    232
     100     212               1       1       0      23           10000D    233
     100      53    -185       1       0                               0D    234
     142     213               1       1       0       0           10500D    235
     142      53    -185       1       0                               0D    236
     126     214               1       1       0       0           10500D    237
     126      53    -185       3       0                               0D    238
     126     217               1       1       0       0           10500D    239
     126      53    -185       3       0                               0D    240
     126     220               1       1       0       0           10500D    241
     126      53    -185       3       0                               0D    242
     126     223               1       1       0       0           10500D    243
     126      53    -185       3       0                               0D    244
     126     226               1       1       0       0           10500D    245
     126      53    -185       3       0                               0D    246
     126     229               1       1       0       0           10500D    247
     126      53    -185       3       0                               0D    248
     102     232               1       1       0      23           10500D    249
     102      53    -185       1       0                               0D    250
     110     233               1       1       0      23           10000D    251
     110      53    -185       2       0                               0D    252
     110     235               1       1       0      23           10000D    253
     110      53    -185       2       0                               0D    254
     110     237               1       1       0      23           10000D    255
     110      53    -185       2       0                               0D    256
     110     239               1       1       0      23           10000D    257
     110      53    -185       1       0                               0D    258
     110     240               1       1       0      23           10000D    259
     110      53    -185       2       0                               0D    260
     110     242               1       1       0      23           10000D    261
     110      53    -185       2       0                               0D    262
     102     244               1       1       0      23           10000D    263
     102      53    -185       1       0                               0D    264
     142     245               1       1       0       0           10500D    265
     142      53    -185       1       0                               0D    266
     144     246               1       1       0      23               0D    267
     144      53    -185       1       0                               0D    268
     128     247               1       1       0      23               0D    269
     128      53    -185       4       0                               0D    270
     128     251               1       1       0      23           10000D    271
     128      53    -185       3       0                               0D    272
     126     254               1       1       0       0           10500D    273
     126      53    -185      15       0                               0D    274
     100     269               1       1       0      23           10000D    275
     100      53    -185       1       0                               0D    276
     142     270               1       1       0       0           10500D    277
     142      53    -185       1       0                               0D    278
     126     271               1       1       0       0           10500D    279
     126      53    -185       3       0                               0D    280
     126     274               1       1       0       0           10500D    281
     126      53    -185      15       0                               0D    282
     126     289               1       1       0       0           10500D    283
     126      53    -185       4       0                               0D    284
     126     293               1       1       0       0           10500D    285
     126      53    -185       4       0                               0D    286
     102     297               1       1       0      23           10500D    287
     102      53    -185       1       0                               0D    288
     126     298               1       1       0      23           10000D    289
     126      53    -185      10       0                               0D    290
     100     308               1       1       0      67           10000D    291
     100      53    -185       2       0                               0D    292
     110     310               1       1       0      23           10000D    293
     110      53    -185       2       0                               0D    294
     126     312               1       1       0      23           10000D    295
     126      53    -185      10       0                               0D    296
     102     322               1       1       0      23           10000D    297
     102      53    -185       1       0                               0D    298
     142     323               1       1       0       0           10500D    299
     142      53    -185       1       0                               0D    300
     144     324               1       1       0      23               0D    301
     144      53    -185       1       0                               0D    302
     128     325               1       1       0      23               0D    303
     128      53    -185       4       0                               0D    304
     128     329               1       1       0      23           10000D    305
     128      53    -185       4       0                               0D    306
     126     333               1       1       0       0           10500D    307
     126      53    -185       2       0                               0D    308
     126     335               1       1       0       0           10500D    309
     126      53    -185       2       0                               0D    310
     126     337               1       1       0       0           10500D    311
     126      53    -185       2       0                               0D    312
     126     339               1       1       0       0           10500D    313
     126      53    -185       2       0                               0D    314
     126     341               1       1       0       0           10500D    315
     126      53    -185       2       0                               0D    316
     126     343               1       1       0       0           10500D    317
     126      53    -185       2       0                               0D    318
     102     345               1       1       0      23           10500D    319
     102      53    -185       1       0                               0D    320
     110     346               1       1       0      23           10000D    321
     110      53    -185       2       0                               0D    322
     110     348               1       1       0      23           10000D    323
     110      53    -185       2       0                               0D    324
     110     350               1       1       0      23           10000D    325
     110      53    -185       2       0                               0D    326
     110     352               1       1       0      23           10000D    327
     110      53    -185       2       0                               0D    328
     110     354               1       1       0      23           10000D    329
     110      53    -185       2       0                               0D    330
     110     356               1       1       0      23           10000D    331
     110      53    -185       2       0                               0D    332
     102     358               1       1       0      23           10000D    333
     102      53    -185       1       0                               0D    334
     142     359               1       1       0       0           10500D    335
     142      53    -185       1       0                               0D    336
     144     360               1       1       0      23               0D    337
     144      53    -185       1       0                               0D    338
     124     361               1       1       0       0               0D    339
     124      27       0       1       0                               0D    340
     128     362               1       1       0      23           10000D    341
     128      53    -185      10       0                               0D    342
     126     372               1       1       0       0           10500D    343
     126      53    -185       3       0                               0D    344
     126     375               1       1       0       0           10500D    345
     126      53    -185       3       0                               0D    346
     126     378               1       1       0       0           10500D    347
     126      53    -185       2       0                               0D    348
     102     380               1       1       0      23           10500D    349
     102      53    -185       1       0                               0D    350
     126     381               1       1       0      23           10000D    351
     126      53    -185      10       0                               0D    352
     100     391               1       1       0     339           10000D    353
     100      53    -185       2       0                               0D    354
     110     393               1       1       0      23           10000D    355
     110      53    -185       1       0                               0D    356
     102     394               1       1       0      23           10000D    357
     102      53    -185       1       0                               0D    358
     142     395               1       1       0       0           10500D    359
     142      53    -185       1       0                               0D    360
     144     396               1       1       0      23               0D    361
     144      53    -185       1       0                               0D    362
     128     397               1       1       0      23           10000D    363
     128      53    -185      10       0                               0D    364
     126     407               1       1       0       0           10500D    365
     126      53    -185       2       0                               0D    366
     126     409               1       1       0       0           10500D    367
     126      53    -185       2       0                               0D    368
     126     411               1       1       0       0           10500D    369
     126      53    -185       3       0                               0D    370
     126     414               1       1       0       0           10500D    371
     126      53    -185       3       0                               0D    372
     126     417               1       1       0       0           10500D    373
     126      53    -185       2       0                               0D    374
     102     419               1       1       0      23           10500D    375
     102      53    -185       1       0                               0D    376
     126     420               1       1       0      23           10000D    377
     126      53    -185      85       0                               0D    378
     110     505               1       1       0      23           10000D    379
     110      53    -185       1       0                               0D    380
     100     506               1       1       0     339           10000D    381
     100      53    -185       2       0                               0D    382
     126     508               1       1       0      23           10000D    383
     126      53    -185      77       0                               0D    384
     110     585               1       1       0      23           10000D    385
     110      53    -185       1       0                               0D    386
     102     586               1       1       0      23           10000D    387
     102      53    -185       1       0                               0D    388
     142     587               1       1       0       0           10500D    389
     142      53    -185       1       0                               0D    390
     144     588               1       1       0      23               0D    391
     144      53    -185       1       0                               0D    392
     128     589               1       1       0      23           10000D    393
     128      53    -185      10       0                               0D    394
     126     599               1       1       0       0           10500D    395
     126      53    -185       2       0                               0D    396
     126     601               1       1       0       0           10500D    397
     126      53    -185       2       0                               0D    398
     126     603               1       1       0       0           10500D    399
     126      53    -185       2       0                               0D    400
     126     605               1       1       0       0           10500D    401
     126      53    -185       2       0                               0D    402
     102     607               1       1       0      23           10500D    403
     102      53    -185       1       0                               0D    404
     126     608               1       1       0      23           10000D    405
     126      53    -185      81       0                               0D    406
     110     689               1       1       0      23           10000D    407
     110      53    -185       1       0                               0D    408
     126     690               1       1       0      23           10000D    409
     126      53    -185      81       0                               0D    410
     110     771               1       1       0      23           10000D    411
     110      53    -185       1       0                               0D    412
     102     772               1       1       0      23           10000D    413
     102      53    -185       1       0                               0D    414
     142     773               1       1       0       0           10500D    415
     142      53    -185       1       0                               0D    416
     144     774               1       1       0      23               0D    417
     144      53    -185       1       0                               0D    418
     128     775               1       1       0      23           10000D    419
     128      53    -185      10       0                               0D    420
     126     785               1       1       0       0           10500D    421
     126      53    -185       2       0                               0D    422
     126     787               1       1       0       0           10500D    423
     126      53    -185       2       0                               0D    424
     126     789               1       1       0       0           10500D    425
     126      53    -185       2       0                               0D    426
     126     791               1       1       0       0           10500D    427
     126      53    -185       2       0                               0D    428
     102     793               1       1       0      23           10500D    429
     102      53    -185       1       0                               0D    430
     126     794               1       1       0      23           10000D    431
     126      53    -185      85       0                               0D    432
     110     879               1       1       0      23           10000D    433
     110      53    -185       1       0                               0D    434
     126     880               1       1       0      23           10000D    435
     126      53    -185      86       0                               0D    436
     110     966               1       1       0      23           10000D    437
     110      53    -185       1       0                               0D    438
     102     967               1       1       0      23           10000D    439
     102      53    -185       1       0                               0D    440
     142     968               1       1       0       0           10500D    441
     142      53    -185       1       0                               0D    442
     144     969               1       1       0      23               0D    443
     144      53    -185       1       0                               0D    444
     128     970               1       1       0      23           10000D    445
     128      53    -185      10       0                               0D    446
     126     980               1       1       0       0           10500D    447
     126      53    -185       2       0                               0D    448
     126     982               1       1       0       0           10500D    449
     126      53    -185       2       0                               0D    450
     126     984               1       1       0       0           10500D    451
     126      53    -185       2       0                               0D    452
     126     986               1       1       0       0           10500D    453
     126      53    -185       2       0                               0D    454
     102     988               1       1       0      23           10500D    455
     102      53    -185       1       0                               0D    456
     126     989               1       1       0      23           10000D    457
     126      53    -185      86       0                               0D    458
     110    1075               1       1       0      23           10000D    459
     110      53    -185       1       0                               0D    460
     126    1076               1       1       0      23           10000D    461
     126      53    -185      81       0                               0D    462
     110    1157               1       1       0      23           10000D    463
     110      53    -185       1       0                               0D    464
     102    1158               1       1       0      23           10000D    465
     102      53    -185       1       0                               0D    466
     142    1159               1       1       0       0           10500D    467
     142      53    -185       1       0                               0D    468
     144    1160               1       1       0      23               0D    469
     144      53    -185       1       0                               0D    470
     128    1161               1       1       0      23           10000D    471
     128      53    -185      10       0                               0D    472
     126    1171               1       1       0       0           10500D    473
     126      53    -185       2       0                               0D    474
     126    1173               1       1       0       0           10500D    475
     126      53    -185       2       0                               0D    476
     126    1175               1       1       0       0           10500D    477
     126      53    -185       2       0                               0D    478
     126    1177               1       1       0       0           10500D    479
     126      53    -185       2       0                               0D    480
     102    1179               1       1       0      23           10500D    481
     102      53    -185       1       0                               0D    482
     126    1180               1       1       0      23           10000D    483
     126      53    -185      81       0                               0D    484
     110    1261               1       1       0      23           10000D    485
     110      53    -185       1       0                               0D    486
     126    1262               1       1       0      23           10000D    487
     126      53    -185      85       0                               0D    488
     110    1347               1       1       0      23           10000D    489
     110      53    -185       1       0                               0D    490
     102    1348               1       1       0      23           10000D    491
     102      53    -185       1       0                               0D    492
     142    1349               1       1       0       0           10500D    493
     142      53    -185       1       0                               0D    494
     144    1350               1       1       0      23               0D    495
     144      53    -185       1       0                               0D    496
     128    1351               1       1       0      23           10000D    497
     128      53    -185      10       0                               0D    498
     126    1361               1       1       0       0           10500D    499
     126      53    -185       2       0                               0D    500
     126    1363               1       1       0       0           10500D    501
     126      53    -185       2       0                               0D    502
     126    1365               1       1       0       0           10500D    503
     126      53    -185       2       0                               0D    504
     126    1367               1       1       0       0           10500D    505
     126      53    -185       2       0                               0D    506
     102    1369               1       1       0      23           10500D    507
     102      53    -185       1       0                               0D    508
     126    1370               1       1       0      23           10000D    509
     126      53    -185      85       0                               0D    510
     110    1455               1       1       0      23           10000D    511
     110      53    -185       1       0                               0D    512
     126    1456               1       1       0      23           10000D    513
     126      53    -185      85       0                               0D    514
     110    1541               1       1       0      23           10000D    515
     110      53    -185       1       0                               0D    516
     102    1542               1       1       0      23           10000D    517
     102      53    -185       1       0                               0D    518
     142    1543               1       1       0       0           10500D    519
     142      53    -185       1       0                               0D    520
     144    1544               1       1       0      23               0D    521
     144      53    -185       1       0                               0D    522
     128    1545               1       1       0      23           10000D    523
     128      53    -185      10       0                               0D    524
     126    1555               1       1       0       0           10500D    525
     126      53    -185       2       0                               0D    526
     126    1557               1       1       0       0           10500D    527
     126      53    -185       2       0                               0D    528
     126    1559               1       1       0       0           10500D    529
     126      53    -185       2       0                               0D    530
     126    1561               1       1       0       0           10500D    531
     126      53    -185       2       0                               0D    532
     102    1563               1       1       0      23           10500D    533
     102      53    -185       1       0                               0D    534
     126    1564               1       1       0      23           10000D    535
     126      53    -185      80       0                               0D    536
     110    1644               1       1       0      23           10000D    537
     110      53    -185       1       0                               0D    538
     126    1645               1       1       0      23           10000D    539
     126      53    -185      81       0                               0D    540
     110    1726               1       1       0      23           10000D    541
     110      53    -185       1       0                               0D    542
     102    1727               1       1       0      23           10000D    543
     102      53    -185       1       0                               0D    544
     142    1728               1       1       0       0           10500D    545
     142      53    -185       1       0                               0D    546
     144    1729               1       1       0      23               0D    547
     144      53    -185       1       0                               0D    548
     128    1730               1       1       0      23           10000D    549
     128      53    -185      10       0                               0D    550
     126    1740               1       1       0       0           10500D    551
     126      53    -185       2       0                               0D    552
     126    1742               1       1       0       0           10500D    553
     126      53    -185       2       0                               0D    554
     126    1744               1       1       0       0           10500D    555
     126      53    -185       2       0                               0D    556
     126    1746               1       1       0       0           10500D    557
     126      53    -185       2       0                               0D    558
     102    1748               1       1       0      23           10500D    559
     102      53    -185       1       0                               0D    560
     126    1749               1       1       0      23           10000D    561
     126      53    -185      85       0                               0D    562
     110    1834               1       1       0      23           10000D    563
     110      53    -185       1       0                               0D    564
     126    1835               1       1       0      23           10000D    565
     126      53    -185      86       0                               0D    566
     110    1921               1       1       0      23           10000D    567
     110      53    -185       1       0                               0D    568
     102    1922               1       1       0      23           10000D    569
     102      53    -185       1       0                               0D    570
     142    1923               1       1       0       0           10500D    571
     142      53    -185       1       0                               0D    572
     144    1924               1       1       0      23               0D    573
     144      53    -185       1       0                               0D    574
     128    1925               1       1       0      23           10000D    575
     128      53    -185      10       0                               0D    576
     126    1935               1       1       0       0           10500D    577
     126      53    -185       2       0                               0D    578
     126    1937               1       1       0       0           10500D    579
     126      53    -185       2       0                               0D    580
     126    1939               1       1       0       0           10500D    581
     126      53    -185       2       0                               0D    582
     126    1941               1       1       0       0           10500D    583
     126      53    -185       2       0                               0D    584
     102    1943               1       1       0      23           10500D    585
     102      53    -185       1       0                               0D    586
     126    1944               1       1       0      23           10000D    587
     126      53    -185      86       0                               0D    588
     110    2030               1       1       0      23           10000D    589
     110      53    -185       1       0                               0D    590
     126    2031               1       1       0      23           10000D    591
     126      53    -185      81       0                               0D    592
     110    2112               1       1       0      23           10000D    593
     110      53    -185       1       0                               0D    594
     102    2113               1       1       0      23           10000D    595
     102      53    -185       1       0                               0D    596
     142    2114               1       1       0       0           10500D    597
     142      53    -185       1       0                               0D    598
     144    2115               1       1       0      23               0D    599
     144      53    -185       1       0                               0D    600
     128    2116               1       1       0      23           10000D    601
     128      53    -185      10       0                               0D    602
     126    2126               1       1       0       0           10500D    603
     126      53    -185       2       0                               0D    604
     126    2128               1       1       0       0           10500D    605
     126      53    -185       2       0                               0D    606
     126    2130               1       1       0       0           10500D    607
     126      53    -185       2       0                               0D    608
     126    2132               1       1       0       0           10500D    609
     126      53    -185       2       0                               0D    610
     102    2134               1       1       0      23           10500D    611
     102      53    -185       1       0                               0D    612
     126    2135               1       1       0      23           10000D    613
     126      53    -185      81       0                               0D    614
     110    2216               1       1       0      23           10000D    615
     110      53    -185       1       0                               0D    616
     126    2217               1       1       0      23           10000D    617
     126      53    -185      85       0                               0D    618
     110    2302               1       1       0      23           10000D    619
     110      53    -185       1       0                               0D    620
     102    2303               1       1       0      23           10000D    621
     102      53    -185       1       0                               0D    622
     142    2304               1       1       0       0           10500D    623
     142      53    -185       1       0                               0D    624
     144    2305               1       1       0      23               0D    625
     144      53    -185       1       0                               0D    626
     128    2306               1       1       0      23           10000D    627
     128      53    -185      10       0                               0D    628
     126    2316               1       1       0       0           10500D    629
     126      53    -185       2       0                               0D    630
     126    2318               1       1       0       0           10500D    631
     126      53    -185       2       0                               0D    632
     126    2320               1       1       0       0           10500D    633
     126      53    -185       2       0                               0D    634
     126    2322               1       1       0       0           10500D    635
     126      53    -185       2       0                               0D    636
     102    2324               1       1       0      23           10500D    637
     102      53    -185       1       0                               0D    638
     126    2325               1       1       0      23           10000D    639
     126      53    -185      86       0                               0D    640
     110    2411               1       1       0      23           10000D    641
     110      53    -185       1       0                               0D    642
     126    2412               1       1       0      23           10000D    643
     126      53    -185      85       0                               0D    644
     110    2497               1       1       0      23           10000D    645
     110      53    -185       1       0                               0D    646
     102    2498               1       1       0      23           10000D    647
     102      53    -185       1       0                               0D    648
     142    2499               1       1       0       0           10500D    649
     142      53    -185       1       0                               0D    650
     144    2500               1       1       0      23               0D    651
     144      53    -185       1       0                               0D    652
     128    2501               1       1       0      23           10000D    653
     128      53    -185      10       0                               0D    654
     126    2511               1       1       0       0           10500D    655
     126      53    -185       3       0                               0D    656
     126    2514               1       1       0       0           10500D    657
     126      53    -185       3       0                               0D    658
     126    2517               1       1       0       0           10500D    659
     126      53    -185       3       0                               0D    660
     126    2520               1       1       0       0           10500D    661
     126      53    -185       2       0                               0D    662
     126    2522               1       1       0       0           10500D    663
     126      53    -185       2       0                               0D    664
     126    2524               1       1       0       0           10500D    665
     126      53    -185       2       0                               0D    666
     102    2526               1       1       0      23           10500D    667
     102      53    -185       1       0                               0D    668
     100    2527               1       1       0      67           10000D    669
     100      53    -185       2       0                               0D    670
     110    2529               1       1       0      23           10000D    671
     110      53    -185       2       0                               0D    672
     126    2531               1       1       0      23           10000D    673
     126      53    -185      10       0                               0D    674
     110    2541               1       1       0      23           10000D    675
     110      53    -185       1       0                               0D    676
     126    2542               1       1       0      23           10000D    677
     126      53    -185      81       0                               0D    678
     110    2623               1       1       0      23           10000D    679
     110      53    -185       1       0                               0D    680
     102    2624               1       1       0      23           10000D    681
     102      53    -185       1       0                               0D    682
     142    2625               1       1       0       0           10500D    683
     142      53    -185       1       0                               0D    684
     144    2626               1       1       0      23               0D    685
     144      53    -185       1       0                               0D    686
     128    2627               1       1       0      23           10000D    687
     128      53    -185      10       0                               0D    688
     126    2637               1       1       0       0           10500D    689
     126      53    -185       3       0                               0D    690
     126    2640               1       1       0       0           10500D    691
     126      53    -185       2       0                               0D    692
     126    2642               1       1       0       0           10500D    693
     126      53    -185       3       0                               0D    694
     102    2645               1       1       0      23           10500D    695
     102      53    -185       1       0                               0D    696
     100    2646               1       1       0      67           10000D    697
     100      53    -185       2       0                               0D    698
     110    2648               1       1       0      23           10000D    699
     110      53    -185       1       0                               0D    700
     126    2649               1       1       0      23           10000D    701
     126      53    -185      15       0                               0D    702
     102    2664               1       1       0      23           10000D    703
     102      53    -185       1       0                               0D    704
     142    2665               1       1       0       0           10500D    705
     142      53    -185       1       0                               0D    706
     144    2666               1       1       0      23               0D    707
     144      53    -185       1       0                               0D    708
     128    2667               1       1       0      23           10000D    709
     128      53    -185       7       0                               0D    710
     126    2674               1       1       0       0           10500D    711
     126      53    -185       5       0                               0D    712
     126    2679               1       1       0       0           10500D    713
     126      53    -185       5       0                               0D    714
     126    2684               1       1       0       0           10500D    715
     126      53    -185       5       0                               0D    716
     126    2689               1       1       0       0           10500D    717
     126      53    -185       4       0                               0D    718
     102    2693               1       1       0      23           10500D    719
     102      53    -185       1       0                               0D    720
     126    2694               1       1       0      23           10000D    721
     126      53    -185      21       0                               0D    722
     100    2715               1       1       0      67           10000D    723
     100      53    -185       2       0                               0D    724
     126    2717               1       1       0      23           10000D    725
     126      53    -185      24       0                               0D    726
     100    2741               1       1       0      67           10000D    727
     100      53    -185       2       0                               0D    728
     102    2743               1       1       0      23           10000D    729
     102      53    -185       1       0                               0D    730
     142    2744               1       1       0       0           10500D    731
     142      53    -185       1       0                               0D    732
     144    2745               1       1       0      23               0D    733
     144      53    -185       1       0                               0D    734
     128    2746               1       1       0      23           10000D    735
     128      53    -185     245       0                               0D    736
     126    2991               1       1       0       0           10500D    737
     126      53    -185       3       0                               0D    738
     126    2994               1       1       0       0           10500D    739
     126      53    -185       3       0                               0D    740
     126    2997               1       1       0       0           10500D    741
     126      53    -185       3       0                               0D    742
     126    3000               1       1       0       0           10500D    743
     126      53    -185       2       0                               0D    744
     102    3002               1       1       0      23           10500D    745
     102      53    -185       1       0                               0D    746
     126    3003               1       1       0      23           10000D    747
     126      53    -185     873       0                               0D    748
     126    3876               1       1       0      23           10000D    749
     126      53    -185      21       0                               0D    750
     126    3897               1       1       0      23           10000D    751
     126      53    -185     898       0                               0D    752
     126    4795               1       1       0      23           10000D    753
     126      53    -185       3       0                               0D    754
     102    4798               1       1       0      23           10000D    755
     102      53    -185       1       0                               0D    756
     142    4799               1       1       0       0           10500D    757
     142      53    -185       1       0                               0D    758
     144    4800               1       1       0      23               0D    759
     144      53    -185       1       0                               0D    760
     128    4801               1       1       0      23           10000D    761
     128      53    -185       6       0                               0D    762
     126    4807               1       1       0       0           10500D    763
     126      53    -185       3       0                               0D    764
     126    4810               1       1       0       0           10500D    765
     126      53    -185       3       0                               0D    766
     126    4813               1       1       0       0           10500D    767
     126      53    -185       2       0                               0D    768
     126    4815               1       1       0       0           10500D    769
     126      53    -185       2       0                               0D    770
     126    4817               1       1       0       0           10500D    771
     126      53    -185       2       0                               0D    772
     126    4819               1       1       0       0           10500D    773
     126      53    -185       3       0                               0D    774
     102    4822               1       1       0      23           10500D    775
     102      53    -185       1       0                               0D    776
     110    4823               1       1       0      23           10000D    777
     110      53    -185       2       0                               0D    778
     126    4825               1       1       0      23           10000D    779
     126      53    -185       3       0                               0D    780
     110    4828               1       1       0      23           10000D    781
     110      53    -185       2       0                               0D    782
     126    4830               1       1       0      23           10000D    783
     126      53    -185       3       0                               0D    784
     126    4833               1       1       0      23           10000D    785
     126      53    -185       3       0                               0D    786
     110    4836               1       1       0      23           10000D    787
     110      53    -185       2       0                               0D    788
     102    4838               1       1       0      23           10000D    789
     102      53    -185       1       0                               0D    790
     142    4839               1       1       0       0           10500D    791
     142      53    -185       1       0                               0D    792
     144    4840               1       1       0      23               0D    793
     144      53    -185       1       0                               0D    794
     128    4841               1       1       0      23           10000D    795
     128      53    -185     246       0                               0D    796
     126    5087               1       1       0       0           10500D    797
     126      53    -185       3       0                               0D    798
     126    5090               1       1       0       0           10500D    799
     126      53    -185       2       0                               0D    800
     126    5092               1       1       0       0           10500D    801
     126      53    -185       3       0                               0D    802
     102    5095               1       1       0      23           10500D    803
     102      53    -185       1       0                               0D    804
     126    5096               1       1       0      23           10000D    805
     126      53    -185      10       0                               0D    806
     126    5106               1       1       0      23           10000D    807
     126      53    -185       3       0                               0D    808
     126    5109               1       1       0      23           10000D    809
     126      53    -185       6       0                               0D    810
     102    5115               1       1       0      23           10000D    811
     102      53    -185       1       0                               0D    812
     142    5116               1       1       0       0           10500D    813
     142      53    -185       1       0                               0D    814
     144    5117               1       1       0      23               0D    815
     144      53    -185       1       0                               0D    816
     128    5118               1       1       0      23           10000D    817
     128      53    -185     245       0                               0D    818
     126    5363               1       1       0       0           10500D    819
     126      53    -185     112       0                               0D    820
     126    5475               1       1       0       0           10500D    821
     126      53    -185       3       0                               0D    822
     126    5478               1       1       0       0           10500D    823
     126      53    -185       2       0                               0D    824
     126    5480               1       1       0       0           10500D    825
     126      53    -185       2       0                               0D    826
     126    5482               1       1       0       0           10500D    827
     126      53    -185       3       0                               0D    828
     126    5485               1       1       0       0           10500D    829
     126      53    -185       3       0                               0D    830
     102    5488               1       1       0      23           10500D    831
     102      53    -185       1       0                               0D    832
     126    5489               1       1       0      23           10000D    833
     126      53    -185     939       0                               0D    834
     126    6428               1       1       0      23           10000D    835
     126      53    -185      10       0                               0D    836
     126    6438               1       1       0      23           10000D    837
     126      53    -185       6       0                               0D    838
     126    6444               1       1       0      23           10000D    839
     126      53    -185       3       0                               0D    840
     126    6447               1       1       0      23           10000D    841
     126      53    -185     919       0                               0D    842
     126    7366               1       1       0      23           10000D    843
     126      53    -185      24       0                               0D    844
     102    7390               1       1       0      23           10000D    845
     102      53    -185       1       0                               0D    846
     142    7391               1       1       0       0           10500D    847
     142      53    -185       1       0                               0D    848
     144    7392               1       1       0      23               0D    849
     144      53    -185       1       0                               0D    850
     128    7393               1       1       0      23           10000D    851
     128      53    -185      12       0                               0D    852
     126    7405               1       1       0       0           10500D    853
     126      53    -185       3       0                               0D    854
     126    7408               1       1       0       0           10500D    855
     126      53    -185       3       0                               0D    856
     126    7411               1       1       0       0           10500D    857
     126      53    -185       3       0                               0D    858
     126    7414               1       1       0       0           10500D    859
     126      53    -185       2       0                               0D    860
     102    7416               1       1       0      23           10500D    861
     102      53    -185       1       0                               0D    862
     126    7417               1       1       0      23           10000D    863
     126      53    -185      10       0                               0D    864
     110    7427               1       1       0      23           10000D    865
     110      53    -185       2       0                               0D    866
     126    7429               1       1       0      23           10000D    867
     126      53    -185      10       0                               0D    868
     110    7439               1       1       0      23           10000D    869
     110      53    -185       1       0                               0D    870
     102    7440               1       1       0      23           10000D    871
     102      53    -185       1       0                               0D    872
     142    7441               1       1       0       0           10500D    873
     142      53    -185       1       0                               0D    874
     144    7442               1       1       0      23               0D    875
     144      53    -185       1       0                               0D    876
     128    7443               1       1       0      23           10000D    877
     128      53    -185      12       0                               0D    878
     126    7455               1       1       0       0           10500D    879
     126      53    -185       2       0                               0D    880
     126    7457               1       1       0       0           10500D    881
     126      53    -185       2       0                               0D    882
     126    7459               1       1       0       0           10500D    883
     126      53    -185       2       0                               0D    884
     126    7461               1       1       0       0           10500D    885
     126      53    -185       2       0                               0D    886
     102    7463               1       1       0      23           10500D    887
     102      53    -185       1       0                               0D    888
     126    7464               1       1       0      23           10000D    889
     126      53    -185      86       0                               0D    890
     110    7550               1       1       0      23           10000D    891
     110      53    -185       1       0                               0D    892
     126    7551               1       1       0      23           10000D    893
     126      53    -185      86       0                               0D    894
     110    7637               1       1       0      23           10000D    895
     110      53    -185       1       0                               0D    896
     102    7638               1       1       0      23           10000D    897
     102      53    -185       1       0                               0D    898
     142    7639               1       1       0       0           10500D    899
     142      53    -185       1       0                               0D    900
     144    7640               1       1       0      23               0D    901
     144      53    -185       1       0                               0D    902
     128    7641               1       1       0      23           10000D    903
     128      53    -185      12       0                               0D    904
     126    7653               1       1       0       0           10500D    905
     126      53    -185       2       0                               0D    906
     126    7655               1       1       0       0           10500D    907
     126      53    -185       2       0                               0D    908
     126    7657               1       1       0       0           10500D    909
     126      53    -185       2       0                               0D    910
     126    7659               1       1       0       0           10500D    911
     126      53    -185       2       0                               0D    912
     102    7661               1       1       0      23           10500D    913
     102      53    -185       1       0                               0D    914
     126    7662               1       1       0      23           10000D    915
     126      53    -185      81       0                               0D    916
     110    7743               1       1       0      23           10000D    917
     110      53    -185       1       0                               0D    918
     126    7744               1       1       0      23           10000D    919
     126      53    -185      85       0                               0D    920
     110    7829               1       1       0      23           10000D    921
     110      53    -185       1       0                               0D    922
     102    7830               1       1       0      23           10000D    923
     102      53    -185       1       0                               0D    924
     142    7831               1       1       0       0           10500D    925
     142      53    -185       1       0                               0D    926
     144    7832               1       1       0      23               0D    927
     144      53    -185       1       0                               0D    928
     128    7833               1       1       0      23           10000D    929
     128      53    -185      12       0                               0D    930
     126    7845               1       1       0       0           10500D    931
     126      53    -185       2       0                               0D    932
     126    7847               1       1       0       0           10500D    933
     126      53    -185       2       0                               0D    934
     126    7849               1       1       0       0           10500D    935
     126      53    -185       2       0                               0D    936
     126    7851               1       1       0       0           10500D    937
     126      53    -185       2       0                               0D    938
     102    7853               1       1       0      23           10500D    939
     102      53    -185       1       0                               0D    940
     126    7854               1       1       0      23           10000D    941
     126      53    -185      85       0                               0D    942
     110    7939               1       1       0      23           10000D    943
     110      53    -185       1       0                               0D    944
     126    7940               1       1       0      23           10000D    945
     126      53    -185      81       0                               0D    946
     110    8021               1       1       0      23           10000D    947
     110      53    -185       1       0                               0D    948
     102    8022               1       1       0      23           10000D    949
     102      53    -185       1       0                               0D    950
     142    8023               1       1       0       0           10500D    951
     142      53    -185       1       0                               0D    952
     144    8024               1       1       0      23               0D    953
     144      53    -185       1       0                               0D    954
     128    8025               1       1       0      23           10000D    955
     128      53    -185      12       0                               0D    956
     126    8037               1       1       0       0           10500D    957
     126      53    -185       2       0                               0D    958
     126    8039               1       1       0       0           10500D    959
     126      53    -185       2       0                               0D    960
     126    8041               1       1       0       0           10500D    961
     126      53    -185       2       0                               0D    962
     126    8043               1       1       0       0           10500D    963
     126      53    -185       2       0                               0D    964
     102    8045               1       1       0      23           10500D    965
     102      53    -185       1       0                               0D    966
     126    8046               1       1       0      23           10000D    967
     126      53    -185      85       0                               0D    968
     110    8131               1       1       0      23           10000D    969
     110      53    -185       1       0                               0D    970
     126    8132               1       1       0      23           10000D    971
     126      53    -185      85       0                               0D    972
     110    8217               1       1       0      23           10000D    973
     110      53    -185       1       0                               0D    974
     102    8218               1       1       0      23           10000D    975
     102      53    -185       1       0                               0D    976
     142    8219               1       1       0       0           10500D    977
     142      53    -185       1       0                               0D    978
     144    8220               1       1       0      23               0D    979
     144      53    -185       1       0                               0D    980
     128    8221               1       1       0      23           10000D    981
     128      53    -185      12       0                               0D    982
     126    8233               1       1       0       0           10500D    983
     126      53    -185       2       0                               0D    984
     126    8235               1       1       0       0           10500D    985
     126      53    -185       2       0                               0D    986
     126    8237               1       1       0       0           10500D    987
     126      53    -185       2       0                               0D    988
     126    8239               1       1       0       0           10500D    989
     126      53    -185       2       0                               0D    990
     102    8241               1       1       0      23           10500D    991
     102      53    -185       1       0                               0D    992
     126    8242               1       1       0      23           10000D    993
     126      53    -185      81       0                               0D    994
     110    8323               1       1       0      23           10000D    995
     110      53    -185       1       0                               0D    996
     126    8324               1       1       0      23           10000D    997
     126      53    -185      81       0                               0D    998
     110    8405               1       1       0      23           10000D    999
     110      53    -185       1       0                               0D   1000
     102    8406               1       1       0      23           10000D   1001
     102      53    -185       1       0                               0D   1002
     142    8407               1       1       0       0           10500D   1003
     142      53    -185       1       0                               0D   1004
     144    8408               1       1       0      23               0D   1005
     144      53    -185       1       0                               0D   1006
     128    8409               1       1       0      23           10000D   1007
     128      53    -185      12       0                               0D   1008
     126    8421               1       1       0       0           10500D   1009
     126      53    -185       2       0                               0D   1010
     126    8423               1       1       0       0           10500D   1011
     126      53    -185       2       0                               0D   1012
     126    8425               1       1       0       0           10500D   1013
     126      53    -185       2       0                               0D   1014
     126    8427               1       1       0       0           10500D   1015
     126      53    -185       2       0                               0D   1016
     102    8429               1       1       0      23           10500D   1017
     102      53    -185       1       0                               0D   1018
     126    8430               1       1       0      23           10000D   1019
     126      53    -185      86       0                               0D   1020
     110    8516               1       1       0      23           10000D   1021
     110      53    -185       1       0                               0D   1022
     126    8517               1       1       0      23           10000D   1023
     126      53    -185      85       0                               0D   1024
     110    8602               1       1       0      23           10000D   1025
     110      53    -185       1       0                               0D   1026
     102    8603               1       1       0      23           10000D   1027
     102      53    -185       1       0                               0D   1028
     142    8604               1       1       0       0           10500D   1029
     142      53    -185       1       0                               0D   1030
     144    8605               1       1       0      23               0D   1031
     144      53    -185       1       0                               0D   1032
     128    8606               1       1       0      23           10000D   1033
     128      53    -185      12       0                               0D   1034
     126    8618               1       1       0       0           10500D   1035
     126      53    -185       2       0                               0D   1036
     126    8620               1       1       0       0           10500D   1037
     126      53    -185       2       0                               0D   1038
     126    8622               1       1       0       0           10500D   1039
     126      53    -185       2       0                               0D   1040
     126    8624               1       1       0       0           10500D   1041
     126      53    -185       2       0                               0D   1042
     102    8626               1       1       0      23           10500D   1043
     102      53    -185       1       0                               0D   1044
     126    8627               1       1       0      23           10000D   1045
     126      53    -185      81       0                               0D   1046
     110    8708               1       1       0      23           10000D   1047
     110      53    -185       1       0                               0D   1048
     126    8709               1       1       0      23           10000D   1049
     126      53    -185      85       0                               0D   1050
     110    8794               1       1       0      23           10000D   1051
     110      53    -185       1       0                               0D   1052
     102    8795               1       1       0      23           10000D   1053
     102      53    -185       1       0                               0D   1054
     142    8796               1       1       0       0           10500D   1055
     142      53    -185       1       0                               0D   1056
     144    8797               1       1       0      23               0D   1057
     144      53    -185       1       0                               0D   1058
     128    8798               1       1       0      23           10000D   1059
     128      53    -185      12       0                               0D   1060
     126    8810               1       1       0       0           10500D   1061
     126      53    -185       2       0                               0D   1062
     126    8812               1       1       0       0           10500D   1063
     126      53    -185       2       0                               0D   1064
     126    8814               1       1       0       0           10500D   1065
     126      53    -185       2       0                               0D   1066
     126    8816               1       1       0       0           10500D   1067
     126      53    -185       2       0                               0D   1068
     102    8818               1       1       0      23           10500D   1069
     102      53    -185       1       0                               0D   1070
     126    8819               1       1       0      23           10000D   1071
     126      53    -185      85       0                               0D   1072
     110    8904               1       1       0      23           10000D   1073
     110      53    -185       1       0                               0D   1074
     126    8905               1       1       0      23           10000D   1075
     126      53    -185      81       0                               0D   1076
     110    8986               1       1       0      23           10000D   1077
     110      53    -185       1       0                               0D   1078
     102    8987               1       1       0      23           10000D   1079
     102      53    -185       1       0                               0D   1080
     142    8988               1       1       0       0           10500D   1081
     142      53    -185       1       0                               0D   1082
     144    8989               1       1       0      23               0D   1083
     144      53    -185       1       0                               0D   1084
     128    8990               1       1       0      23           10000D   1085
     128      53    -185      12       0                               0D   1086
     126    9002               1       1       0       0           10500D   1087
     126      53    -185       2       0                               0D   1088
     126    9004               1       1       0       0           10500D   1089
     126      53    -185       2       0                               0D   1090
     126    9006               1       1       0       0           10500D   1091
     126      53    -185       2       0                               0D   1092
     126    9008               1       1       0       0           10500D   1093
     126      53    -185       2       0                               0D   1094
     102    9010               1       1       0      23           10500D   1095
     102      53    -185       1       0                               0D   1096
     126    9011               1       1       0      23           10000D   1097
     126      53    -185      85       0                               0D   1098
     110    9096               1       1       0      23           10000D   1099
     110      53    -185       1       0                               0D   1100
     126    9097               1       1       0      23           10000D   1101
     126      53    -185      85       0                               0D   1102
     110    9182               1       1       0      23           10000D   1103
     110      53    -185       1       0                               0D   1104
     102    9183               1       1       0      23           10000D   1105
     102      53    -185       1       0                               0D   1106
     142    9184               1       1       0       0           10500D   1107
     142      53    -185       1       0                               0D   1108
     144    9185               1       1       0      23               0D   1109
     144      53    -185       1       0                               0D   1110
     128    9186               1       1       0      23           10000D   1111
     128      53    -185      12       0                               0D   1112
     126    9198               1       1       0       0           10500D   1113
     126      53    -185       2       0                               0D   1114
     126    9200               1       1       0       0           10500D   1115
     126      53    -185       2       0                               0D   1116
     126    9202               1       1       0       0           10500D   1117
     126      53    -185       2       0                               0D   1118
     126    9204               1       1       0       0           10500D   1119
     126      53    -185       2       0                               0D   1120
     102    9206               1       1       0      23           10500D   1121
     102      53    -185       1       0                               0D   1122
     126    9207               1       1       0      23           10000D   1123
     126      53    -185      81       0                               0D   1124
     110    9288               1       1       0      23           10000D   1125
     110      53    -185       1       0                               0D   1126
     126    9289               1       1       0      23           10000D   1127
     126      53    -185      81       0                               0D   1128
     110    9370               1       1       0      23           10000D   1129
     110      53    -185       1       0                               0D   1130
     102    9371               1       1       0      23           10000D   1131
     102      53    -185       1       0                               0D   1132
     142    9372               1       1       0       0           10500D   1133
     142      53    -185       1       0                               0D   1134
     144    9373               1       1       0      23               0D   1135
     144      53    -185       1       0                               0D   1136
     128    9374               1       1       0      23           10000D   1137
     128      53    -185      12       0                               0D   1138
     126    9386               1       1       0       0           10500D   1139
     126      53    -185       2       0                               0D   1140
     126    9388               1       1       0       0           10500D   1141
     126      53    -185       2       0                               0D   1142
     126    9390               1       1       0       0           10500D   1143
     126      53    -185       2       0                               0D   1144
     126    9392               1       1       0       0           10500D   1145
     126      53    -185       2       0                               0D   1146
     102    9394               1       1       0      23           10500D   1147
     102      53    -185       1       0                               0D   1148
     126    9395               1       1       0      23           10000D   1149
     126      53    -185      86       0                               0D   1150
     110    9481               1       1       0      23           10000D   1151
     110      53    -185       1       0                               0D   1152
     126    9482               1       1       0      23           10000D   1153
     126      53    -185      85       0                               0D   1154
     110    9567               1       1       0      23           10000D   1155
     110      53    -185       1       0                               0D   1156
     102    9568               1       1       0      23           10000D   1157
     102      53    -185       1       0                               0D   1158
     142    9569               1       1       0       0           10500D   1159
     142      53    -185       1       0                               0D   1160
     144    9570               1       1       0      23               0D   1161
     144      53    -185       1       0                               0D   1162
     128    9571               1       1       0      23           10000D   1163
     128      53    -185      12       0                               0D   1164
     126    9583               1       1       0       0           10500D   1165
     126      53    -185       3       0                               0D   1166
     126    9586               1       1       0       0           10500D   1167
     126      53    -185       2       0                               0D   1168
     126    9588               1       1       0       0           10500D   1169
     126      53    -185       3       0                               0D   1170
     126    9591               1       1       0       0           10500D   1171
     126      53    -185       3       0                               0D   1172
     102    9594               1       1       0      23           10500D   1173
     102      53    -185       1       0                               0D   1174
     126    9595               1       1       0      23           10000D   1175
     126      53    -185      35       0                               0D   1176
     110    9630               1       1       0      23           10000D   1177
     110      53    -185       1       0                               0D   1178
     126    9631               1       1       0      23           10000D   1179
     126      53    -185      56       0                               0D   1180
     100    9687               1       1       0     339           10000D   1181
     100      53    -185       2       0                               0D   1182
     102    9689               1       1       0      23           10000D   1183
     102      53    -185       1       0                               0D   1184
     142    9690               1       1       0       0           10500D   1185
     142      53    -185       1       0                               0D   1186
     144    9691               1       1       0      23               0D   1187
     144      53    -185       1       0                               0D   1188
124,1.0,0.0,0.0,0.0,0.0,1.0,0.0,0.0,0.0,0.0,1.0,0.0,0,0;               1P      1
406,3,67,235,247,0,0;                                                  3P      2
406,2,0,6HSOLIDS,0,0;                                                  5P      3
406,3,67,235,247,0,0;                                                  7P      4
406,2,0,6HSHEETS,0,0;                                                  9P      5
406,3,67,235,247,0,0;                                                 11P      6
406,2,0,8HSKETCHES,0,0;                                               13P      7
406,3,67,235,247,0,0;                                                 15P      8
406,2,0,6HCURVES,0,0;                                                 17P      9
406,3,67,235,247,0,0;                                                 19P     10
406,2,0,6HDATUMS,0,0;                                                 21P     11
124,1.0,0.0,0.0,0.0,0.0,1.0,0.0,0.0,0.0,0.0,1.0,0.0,0,0;              23P     12
314,60.0,40.0,40.0,13HMedium Maroon,0,0;                              25P     13
116,0.0,0.0,0.0,0,0,0;                                                27P     14
314,20.0,40.0,80.0,12HMedium Royal,0,0;                               29P     15
406,1,6HPoint2,0,0;                                                   31P     16
116,0.0,0.0,0.0,0,0,1,31;                                             33P     17
406,1,5HLine1,0,0;                                                    35P     18
110,1.25,-0.721687836487032,0.0,1.25,0.721687836487032,0.0,0,1,       37P     19
35;                                                                   37P     20
406,1,5HLine2,0,0;                                                    39P     21
110,1.25,0.721687836487031,0.0,1.66533453693773E-015,                 41P     22
1.44337567297406,0.0,0,1,39;                                          41P     23
406,1,5HLine3,0,0;                                                    43P     24
110,1.77635683940025E-015,1.44337567297406,0.0,-1.25,                 45P     25
0.721687836487035,0.0,0,1,43;                                         45P     26
406,1,5HLine4,0,0;                                                    47P     27
110,-1.25,0.721687836487032,0.0,-1.25,-0.721687836487032,0.0,0,       49P     28
1,47;                                                                 49P     29
406,1,5HLine5,0,0;                                                    51P     30
110,-1.25,-0.721687836487029,0.0,-4.9960036108132E-015,               53P     31
-1.44337567297406,0.0,0,1,51;                                         53P     32
406,1,5HLine6,0,0;                                                    55P     33
110,-5.6621374255883E-015,-1.44337567297406,0.0,1.25,                 57P     34
-0.721687836487038,0.0,0,1,55;                                        57P     35
406,1,5HLine7,0,0;                                                    59P     36
110,0.0,0.0,0.0,1.25,0.0,0.0,0,1,59;                                  61P     37
406,1,4HArc1,0,0;                                                     63P     38
100,0.0,0.0,0.0,2.75,0.0,2.75,-6.73555739531044E-016,0,1,63;          65P     39
124,-1.0,0.0,0.0,0.0,0.0,1.0,0.0,0.0,0.0,0.0,-1.0,0.0,0,0;            67P     40
406,1,4HArc2,0,0;                                                     69P     41
100,0.0,0.0,0.0,-1.5,1.51596464942229E-015,-1.5,                      71P     42
5.51091059616309E-016,0,1,69;                                         71P     43
124,1.0,0.0,0.0,0.0,0.0,1.0,0.0,0.0,0.0,0.0,1.0,0.0,0,0;              73P     44
108,1.0,0.0,0.0,133.746875,0,133.746875,0.0,-1.54240629498067,        75P     45
0.0,0,0;                                                              75P     46
108,1.0,0.0,0.0,-133.746875,0,-133.746875,0.0,-1.54240629498067,      77P     47
0.0,0,0;                                                              77P     48
108,0.0,1.0,0.0,57.6791666666667,0,0.0,57.6791666666667,              79P     49
-1.54240629498067,0.0,0,0;                                            79P     50
108,0.0,1.0,0.0,-57.6791666666667,0,0.0,-57.6791666666667,            81P     51
-1.54240629498067,0.0,0,0;                                            81P     52
406,1,3HTOP,0,0;                                                      83P     53
410,1,1.0,77,79,75,81,0,0,0,1,83;                                     85P     54
124,1.0,0.0,0.0,0.0,0.0,0.0,1.0,0.0,0.0,-1.0,0.0,0.0,0,0;             87P     55
108,1.0,0.0,0.0,133.746875,0,133.746875,0.0,-1.54240629498067,        89P     56
0.0,0,0;                                                              89P     57
108,1.0,0.0,0.0,-133.746875,0,-133.746875,0.0,-1.54240629498067,      91P     58
0.0,0,0;                                                              91P     59
108,0.0,0.0,1.0,468.434180316406,0,0.0,0.0,468.434180316406,0.0,      93P     60
0,0;                                                                  93P     61
108,0.0,0.0,1.0,-471.518992906368,0,0.0,0.0,-471.518992906368,        95P     62
0.0,0,0;                                                              95P     63
406,1,5HFRONT,0,0;                                                    97P     64
410,2,1.0,91,93,89,95,0,0,0,1,97;                                     99P     65
124,0.0,1.0,0.0,0.0,0.0,0.0,1.0,0.0,1.0,0.0,0.0,0.0,0,0;             101P     66
108,0.0,1.0,0.0,57.6791666666667,0,0.0,57.6791666666667,             103P     67
-1.54240629498067,0.0,0,0;                                           103P     68
108,0.0,1.0,0.0,-57.6791666666667,0,0.0,-57.6791666666667,           105P     69
-1.54240629498067,0.0,0,0;                                           105P     70
108,0.0,0.0,1.0,468.434180316406,0,0.0,0.0,468.434180316406,0.0,     107P     71
0,0;                                                                 107P     72
108,0.0,0.0,1.0,-471.518992906368,0,0.0,0.0,-471.518992906368,       109P     73
0.0,0,0;                                                             109P     74
406,1,5HRIGHT,0,0;                                                   111P     75
410,3,1.0,105,107,103,109,0,0,0,1,111;                               113P     76
124,-1.0,0.0,0.0,0.0,0.0,0.0,1.0,0.0,0.0,1.0,0.0,0.0,0,0;            115P     77
108,-1.0,0.0,0.0,133.746875,0,-133.746875,0.0,-1.54240629498067,     117P     78
0.0,0,0;                                                             117P     79
108,-1.0,0.0,0.0,-133.746875,0,133.746875,0.0,-1.54240629498067,     119P     80
0.0,0,0;                                                             119P     81
108,0.0,0.0,1.0,468.434180316406,0,0.0,0.0,468.434180316406,0.0,     121P     82
0,0;                                                                 121P     83
108,0.0,0.0,1.0,-471.518992906368,0,0.0,0.0,-471.518992906368,       123P     84
0.0,0,0;                                                             123P     85
406,1,4HBACK,0,0;                                                    125P     86
410,4,1.0,119,121,117,123,0,0,0,1,125;                               127P     87
124,1.0,0.0,0.0,0.0,0.0,-1.0,0.0,0.0,0.0,0.0,-1.0,0.0,0,0;           129P     88
108,1.0,0.0,0.0,133.746875,0,133.746875,0.0,-1.54240629498067,       131P     89
0.0,0,0;                                                             131P     90
108,1.0,0.0,0.0,-133.746875,0,-133.746875,0.0,-1.54240629498067,     133P     91
0.0,0,0;                                                             133P     92
108,0.0,-1.0,0.0,57.6791666666667,0,0.0,-57.6791666666667,           135P     93
-1.54240629498067,0.0,0,0;                                           135P     94
108,0.0,-1.0,0.0,-57.6791666666667,0,0.0,57.6791666666667,           137P     95
-1.54240629498067,0.0,0,0;                                           137P     96
406,1,6HBOTTOM,0,0;                                                  139P     97
410,5,1.0,133,135,131,137,0,0,0,1,139;                               141P     98
124,0.0,-1.0,0.0,0.0,0.0,0.0,1.0,0.0,-1.0,0.0,0.0,0.0,0,0;           143P     99
108,0.0,-1.0,0.0,57.6791666666667,0,0.0,-57.6791666666667,           145P    100
-1.54240629498067,0.0,0,0;                                           145P    101
108,0.0,-1.0,0.0,-57.6791666666667,0,0.0,57.6791666666667,           147P    102
-1.54240629498067,0.0,0,0;                                           147P    103
108,0.0,0.0,1.0,468.434180316406,0,0.0,0.0,468.434180316406,0.0,     149P    104
0,0;                                                                 149P    105
108,0.0,0.0,1.0,-471.518992906368,0,0.0,0.0,-471.518992906368,       151P    106
0.0,0,0;                                                             151P    107
406,1,4HLEFT,0,0;                                                    153P    108
410,6,1.0,147,149,145,151,0,0,0,1,153;                               155P    109
124,0.707106781186548,0.707106781186548,0.0,0.0,                     157P    110
-0.408248290463863,0.408248290463863,0.816496580927726,0.0,          157P    111
0.577350269189626,-0.577350269189626,0.577350269189626,0.0,0,0;      157P    112
108,0.707106781186548,0.707106781186548,0.0,135.358652158199,0,      159P    113
95.7130208333333,95.7130208333333,-1.54240629498067,0.0,0,0;         159P    114
108,0.707106781186548,0.707106781186548,0.0,-135.358652158199,0,     161P    115
-95.7130208333333,-95.7130208333333,-1.54240629498067,0.0,0,0;       161P    116
108,-0.408248290463863,0.408248290463863,0.816496580927726,          163P    117
460.624260878709,0,-188.563202481573,188.563202481573,               163P    118
375.583998668166,0.0,0,0;                                            163P    119
108,-0.408248290463863,0.408248290463863,0.816496580927726,          165P    120
-463.142999811215,0,188.563202481573,-188.563202481573,              165P    121
-378.668811258128,0.0,0,0;                                           165P    122
406,1,7HTFR-ISO,0,0;                                                 167P    123
410,7,1.0,161,163,159,165,0,0,0,1,167;                               169P    124
124,0.63121905864763,0.775604602874428,0.0,0.0,                      171P    125
-0.291176881826266,0.236971772169955,0.926855114181588,0.0,          171P    126
0.718873092756943,-0.585048612676443,0.375419228750255,0.0,0,0;      171P    127
108,0.63121905864763,0.775604602874428,0.0,129.15980369119,0,        173P    128
81.5281297010658,100.176938249245,-1.54240629498067,0.0,0,0;         173P    129
108,0.63121905864763,0.775604602874428,0.0,-129.15980369119,0,       175P    130
-81.5281297010658,-100.176938249245,-1.54240629498067,0.0,0,0;       175P    131
108,-0.291176881826266,0.236971772169955,0.926855114181588,          177P    132
486.782948042515,0,-142.156203669535,115.692589663154,               177P    133
450.959878767483,0.0,0,0;                                            177P    134
108,-0.291176881826266,0.236971772169955,0.926855114181588,          179P    135
-489.642122367812,0,142.156203669535,-115.692589663154,              179P    136
-454.044691357445,0.0,0,0;                                           179P    137
406,1,7HTFR-TRI,0,0;                                                 181P    138
410,8,1.0,175,177,173,179,0,0,0,1,181;                               183P    139
314,59.6063172350652,66.6666666666667,68.6259250782025,12HMedium     185P    140
 Steel,0,0;                                                          185P    141
128,1,1,1,1,0,0,1,0,0,0.0,0.0,1.0,1.0,0.0,0.0,1.0,1.0,1.0,1.0,       187P    142
1.0,1.0,1.51788304147971E-015,1.44337567297406,1.125,1.25,           187P    143
0.721687836487031,1.125,1.51788304147971E-015,1.44337567297406,      187P    144
3.0,1.25,0.721687836487031,3.0,0.0,1.0,0.0,1.0,0,0;                  187P    145
128,1,1,1,1,0,0,1,0,0,0.0,0.0,1.0,1.0,0.0,0.0,1.0,1.0,1.0,1.0,       189P    146
1.0,1.0,1.25,-0.721687836487038,1.125,1.25,-0.721687836487038,       189P    147
3.0,1.25,0.721687836487032,1.125,1.25,0.721687836487032,3.0,0.0,     189P    148
1.0,0.0,1.0,0,0;                                                     189P    149
128,1,1,1,1,0,0,1,0,0,0.0,0.0,1.0,1.0,0.0,0.0,1.0,1.0,1.0,1.0,       191P    150
1.0,1.0,1.25,-0.721687836487038,1.125,-5.39758107836652E-015,        191P    151
-1.44337567297406,1.125,1.25,-0.721687836487038,3.0,                 191P    152
-5.39758107836652E-015,-1.44337567297406,3.0,0.0,1.0,0.0,1.0,0,      191P    153
0;                                                                   191P    154
128,1,1,1,1,0,0,1,0,0,0.0,0.0,1.0,1.0,0.0,0.0,1.0,1.0,1.0,1.0,       193P    155
1.0,1.0,-4.98732999343332E-015,-1.44337567297406,1.125,-1.25,        193P    156
-0.72168783648703,1.125,-4.98732999343332E-015,                      193P    157
-1.44337567297406,3.0,-1.25,-0.72168783648703,3.0,0.0,1.0,0.0,       193P    158
1.0,0,0;                                                             193P    159
128,6,1,3,1,0,0,0,0,0,0.0,0.0,0.0,0.0,0.5,0.5,0.5,1.0,1.0,1.0,       195P    160
1.0,0.0,0.0,1.0,1.0,1.0,0.333333333333333,0.333333333333333,1.0,     195P    161
0.333333333333333,0.333333333333333,1.0,1.0,0.333333333333333,       195P    162
0.333333333333333,1.0,0.333333333333333,0.333333333333333,1.0,       195P    163
-2.75,0.0,3.3,-2.75,5.5,3.3,2.75,5.5,3.3,2.75,                       195P    164
3.36777869765522E-016,3.3,2.75,-5.5,3.3,-2.75,-5.5,3.3,-2.75,        195P    165
0.0,3.3,-2.75,0.0,-0.3,-2.75,5.5,-0.3,2.75,5.5,-0.3,2.75,            195P    166
3.36777869765522E-016,-0.3,2.75,-5.5,-0.3,-2.75,-5.5,-0.3,-2.75,     195P    167
0.0,-0.3,0.0,1.0,0.0,1.0,0,0;                                        195P    168
126,1,1,1,0,1,0,0.0,0.0,1.0,1.0,1.0,1.0,0.5,0.916666666666667,       197P    169
0.0,0.0,0.916666666666667,0.0,0.0,1.0,0.0,0.0,1.0,0,0;               197P    170
126,1,1,1,0,1,0,0.0,0.0,1.0,1.0,1.0,1.0,0.0,0.916666666666667,       199P    171
0.0,0.0,0.0833333333333333,0.0,0.0,1.0,0.0,0.0,1.0,0,0;              199P    172
126,1,1,1,0,1,0,0.0,0.0,1.0,1.0,1.0,1.0,0.0,0.0833333333333333,      201P    173
0.0,0.5,0.0833333333333333,0.0,0.0,1.0,0.0,0.0,1.0,0,0;              201P    174
126,1,1,1,0,1,0,0.0,0.0,1.0,1.0,1.0,1.0,0.5,0.0833333333333333,      203P    175
0.0,1.0,0.0833333333333333,0.0,0.0,1.0,0.0,0.0,1.0,0,0;              203P    176
126,1,1,1,0,1,0,0.0,0.0,1.0,1.0,1.0,1.0,1.0,0.0833333333333333,      205P    177
0.0,1.0,0.916666666666667,0.0,0.0,1.0,0.0,0.0,1.0,0,0;               205P    178
126,1,1,1,0,1,0,0.0,0.0,1.0,1.0,1.0,1.0,1.0,0.916666666666667,       207P    179
0.0,0.5,0.916666666666667,0.0,0.0,1.0,0.0,0.0,1.0,0,0;               207P    180
102,6,197,199,201,203,205,207,0,0;                                   209P    181
100,0.0,0.0,0.0,2.75,3.36777869765522E-016,-2.75,                    211P    182
3.36777869765522E-016,0,0;                                           211P    183
110,-2.75,0.0,0.0,-2.75,0.0,3.0,0,0;                                 213P    184
100,-3.0,0.0,0.0,-2.75,3.36777869765522E-016,2.75,                   215P    185
-6.73555739531044E-016,0,0;                                          215P    186
100,-3.0,0.0,0.0,2.75,0.0,-2.75,3.36777869765522E-016,0,0;           217P    187
110,-2.75,0.0,3.0,-2.75,0.0,0.0,0,0;                                 219P    188
100,0.0,0.0,0.0,-2.75,3.36777869765522E-016,2.75,                    221P    189
-6.73555739531044E-016,0,0;                                          221P    190
102,6,211,213,215,217,219,221,0,0;                                   223P    191
142,0,195,209,223,3,0,0;                                             225P    192
144,195,1,0,225,0,0;                                                 227P    193
128,1,1,1,1,0,0,1,0,0,0.0,0.0,1.0,1.0,0.0,0.0,1.0,1.0,1.0,1.0,       229P    194
1.0,1.0,-2.783,-2.783,3.0,2.783,-2.783,3.0,-2.783,2.783,3.0,         229P    195
2.783,2.783,3.0,0.0,1.0,0.0,1.0,0,0;                                 229P    196
126,16,2,1,1,1,1,-0.125,-0.125,0.0,0.125,0.125,0.25,0.25,0.375,      231P    197
0.375,0.5,0.5,0.625,0.625,0.75,0.75,0.875,0.875,1.0,1.125,1.125,     231P    198
1.0,1.0,1.0,1.0,1.0,1.0,1.0,1.0,1.0,1.0,1.0,1.0,1.0,1.0,1.0,1.0,     231P    199
1.0,0.994071146245059,0.295349030448076,0.0,0.994071146245059,       231P    200
0.704650969551924,0.0,0.849361057898492,0.849361057898492,0.0,       231P    201
0.704650969551924,0.994071146245059,0.0,0.5,0.994071146245059,       231P    202
0.0,0.295349030448076,0.994071146245059,0.0,0.150638942101508,       231P    203
0.849361057898492,0.0,0.00592885375494068,0.704650969551924,0.0,     231P    204
0.00592885375494068,0.5,0.0,0.00592885375494068,                     231P    205
0.295349030448076,0.0,0.150638942101508,0.150638942101508,0.0,       231P    206
0.295349030448076,0.00592885375494068,0.0,0.5,                       231P    207
0.00592885375494068,0.0,0.704650969551924,0.00592885375494068,       231P    208
0.0,0.849361057898492,0.150638942101508,0.0,0.994071146245059,       231P    209
0.295349030448076,0.0,0.994071146245059,0.704650969551924,0.0,       231P    210
0.0,1.0,0.0,0.0,1.0,0,0;                                             231P    211
100,3.0,0.0,0.0,2.75,0.0,2.75,-6.73555739531044E-016,0,0;            233P    212
142,0,229,231,233,3,0,0;                                             235P    213
126,1,1,1,0,1,0,0.0,0.0,1.0,1.0,1.0,1.0,0.275422206252246,           237P    214
0.370339950325722,0.0,0.275422206252246,0.629660049674278,0.0,       237P    215
0.0,1.0,0.0,0.0,1.0,0,0;                                             237P    216
126,1,1,1,0,1,0,0.0,0.0,1.0,1.0,1.0,1.0,0.275422206252246,           239P    217
0.629660049674278,0.0,0.5,0.759320099348556,0.0,0.0,1.0,0.0,0.0,     239P    218
1.0,0,0;                                                             239P    219
126,1,1,1,0,1,0,0.0,0.0,1.0,1.0,1.0,1.0,0.5,0.759320099348556,       241P    220
0.0,0.724577793747754,0.629660049674278,0.0,0.0,1.0,0.0,0.0,1.0,     241P    221
0,0;                                                                 241P    222
126,1,1,1,0,1,0,0.0,0.0,1.0,1.0,1.0,1.0,0.724577793747754,           243P    223
0.629660049674278,0.0,0.724577793747754,0.370339950325721,0.0,       243P    224
0.0,1.0,0.0,0.0,1.0,0,0;                                             243P    225
126,1,1,1,0,1,0,0.0,0.0,1.0,1.0,1.0,1.0,0.724577793747753,           245P    226
0.370339950325721,0.0,0.499999999999999,0.240679900651444,0.0,       245P    227
0.0,1.0,0.0,0.0,1.0,0,0;                                             245P    228
126,1,1,1,0,1,0,0.0,0.0,1.0,1.0,1.0,1.0,0.499999999999999,           247P    229
0.240679900651444,0.0,0.275422206252246,0.370339950325722,0.0,       247P    230
0.0,1.0,0.0,0.0,1.0,0,0;                                             247P    231
102,6,237,239,241,243,245,247,0,0;                                   249P    232
110,-1.25,-0.721687836487031,3.0,-1.25,0.721687836487032,3.0,0,      251P    233
0;                                                                   251P    234
110,-1.25,0.721687836487033,3.0,1.55734249199052E-015,               253P    235
1.44337567297406,3.0,0,0;                                            253P    236
110,2.66453525910038E-015,1.44337567297406,3.0,1.25,                 255P    237
0.721687836487031,3.0,0,0;                                           255P    238
110,1.25,0.721687836487032,3.0,1.25,-0.721687836487038,3.0,0,0;      257P    239
110,1.25,-0.721687836487039,3.0,-5.5777837422851E-015,               259P    240
-1.44337567297406,3.0,0,0;                                           259P    241
110,-5.77315972805081E-015,-1.44337567297406,3.0,-1.25,              261P    242
-0.72168783648703,3.0,0,0;                                           261P    243
102,6,251,253,255,257,259,261,0,0;                                   263P    244
142,0,229,249,263,3,0,0;                                             265P    245
144,229,1,1,235,265,0,0;                                             267P    246
128,1,1,1,1,0,0,1,0,0,0.0,0.0,1.0,1.0,0.0,0.0,1.0,1.0,1.0,1.0,       269P    247
1.0,1.0,-1.25,-0.721687836487032,3.0,-1.25,-0.721687836487032,       269P    248
1.125,-1.25,0.721687836487035,3.0,-1.25,0.721687836487035,1.125,     269P    249
0.0,1.0,0.0,1.0,0,0;                                                 269P    250
128,1,1,1,1,0,0,1,0,0,0.0,0.0,1.0,1.0,0.0,0.0,1.0,1.0,1.0,1.0,       271P    251
1.0,1.0,-2.783,-2.783,0.0,-2.783,2.783,0.0,2.783,-2.783,0.0,         271P    252
2.783,2.783,0.0,0.0,1.0,0.0,1.0,0,0;                                 271P    253
126,16,2,1,1,1,1,-0.125,-0.125,0.0,0.125,0.125,0.25,0.25,0.375,      273P    254
0.375,0.5,0.5,0.625,0.625,0.75,0.75,0.875,0.875,1.0,1.125,1.125,     273P    255
1.0,1.0,1.0,1.0,1.0,1.0,1.0,1.0,1.0,1.0,1.0,1.0,1.0,1.0,1.0,1.0,     273P    256
1.0,0.295349030448076,0.994071146245059,0.0,0.704650969551924,       273P    257
0.994071146245059,0.0,0.849361057898492,0.849361057898492,0.0,       273P    258
0.994071146245059,0.704650969551924,0.0,0.994071146245059,0.5,       273P    259
0.0,0.994071146245059,0.295349030448076,0.0,0.849361057898492,       273P    260
0.150638942101508,0.0,0.704650969551924,0.00592885375494068,0.0,     273P    261
0.5,0.00592885375494068,0.0,0.295349030448076,                       273P    262
0.00592885375494068,0.0,0.150638942101508,0.150638942101508,0.0,     273P    263
0.00592885375494068,0.295349030448076,0.0,0.00592885375494068,       273P    264
0.5,0.0,0.00592885375494068,0.704650969551924,0.0,                   273P    265
0.150638942101508,0.849361057898492,0.0,0.295349030448076,           273P    266
0.994071146245059,0.0,0.704650969551924,0.994071146245059,0.0,       273P    267
0.0,1.0,0.0,0.0,1.0,0,0;                                             273P    268
100,0.0,0.0,0.0,2.75,0.0,2.75,-6.73555739531044E-016,0,0;            275P    269
142,0,271,273,275,3,0,0;                                             277P    270
126,1,1,1,0,1,0,0.0,0.0,1.0,1.0,1.0,1.0,0.528922913839168,           279P    271
0.778209405418371,0.0,0.630825568680274,0.735608441316926,0.0,       279P    272
0.0,1.0,0.0,0.0,1.0,0,0;                                             279P    273
126,16,2,1,0,1,0,0.0,0.0,0.0,0.125,0.125,0.25,0.25,0.375,0.375,      281P    274
0.5,0.5,0.625,0.625,0.75,0.75,0.875,0.875,1.0,1.0,1.0,1.0,1.0,       281P    275
1.0,1.0,1.0,1.0,1.0,1.0,1.0,1.0,1.0,1.0,1.0,1.0,1.0,1.0,1.0,         281P    276
0.630825568680209,0.73560844131681,0.0,0.534690804895298,            281P    277
0.788988893527294,0.0,0.428653563715911,0.759877573233623,0.0,       281P    278
0.322616322536523,0.730766252939953,0.0,0.267213186317593,           281P    279
0.635782791309609,0.0,0.211810050098662,0.540799329679266,0.0,       281P    280
0.238670628222094,0.434169714519821,0.0,0.265531206345526,           281P    281
0.327540099360377,0.0,0.359320814679739,0.270139098892691,0.0,       281P    282
0.453110423013951,0.212738098425005,0.0,0.560284643712804,           281P    283
0.237335901249034,0.0,0.667458864411657,0.261933704073064,0.0,       281P    284
0.726832014355707,0.354487442797643,0.0,0.786205164299757,           281P    285
0.447041181522222,0.0,0.763881156215484,0.554711995344862,0.0,       281P    286
0.741557148131211,0.662382809167502,0.0,0.650280741679039,           281P    287
0.72370151032265,0.0,0.0,1.0,0.0,0.0,1.0,0,0;                        281P    288
126,2,2,1,0,1,0,0.0,0.0,0.0,1.0,1.0,1.0,1.0,1.0,1.0,                 283P    289
0.650280741679039,0.72370151032265,0.0,0.653085044929917,            283P    290
0.727875876682671,0.0,0.655885028060801,0.732043812296101,0.0,       283P    291
0.0,1.0,0.0,0.0,1.0,0,0;                                             283P    292
126,2,2,1,0,1,0,0.0,0.0,0.0,1.0,1.0,1.0,1.0,1.0,1.0,                 285P    293
0.655885028060801,0.7320438122961,0.0,0.597725669235705,             285P    294
0.770770153282325,0.0,0.528922913839168,0.778209405418371,0.0,       285P    295
0.0,1.0,0.0,0.0,1.0,0,0;                                             285P    296
102,4,279,281,283,285,0,0;                                           287P    297
126,6,3,0,0,1,0,0.0,0.0,0.0,0.0,0.402834493539346,                   289P    298
0.402834493539346,0.402834493539346,1.0,1.0,1.0,1.0,1.0,1.0,1.0,     289P    299
1.0,1.0,1.0,1.0,1.54851355055865,0.160984938428809,                  289P    300
-2.43098455861984E-016,1.53226825035163,0.242760140346807,           289P    301
-2.43098455861984E-016,1.50922274849319,0.323454815937682,           289P    302
2.59192081859816E-016,1.47998897041035,0.401534772690672,            289P    303
2.59192081859816E-016,1.43702616651674,0.516283330352091,            289P    304
2.59192081859816E-016,1.38013062574792,0.626742055773882,            289P    305
2.65544828964223E-016,1.31139658437001,0.728175115274403,            289P    306
2.65544828964223E-016,0.0,1.0,0.0,0.0,0.0,0,0;                       289P    307
100,0.0,0.0,0.0,-1.31139658436936,0.728175115274043,                 291P    308
-1.24512260645587,0.836462608185534,0,0;                             291P    309
110,1.24512260645587,0.836462608185533,0.0,1.2915558592401,          293P    310
0.867656066186418,0.0,0,0;                                           293P    311
126,6,3,0,0,1,0,0.0,0.0,0.0,0.0,0.351302362479924,                   295P    312
0.351302362479924,0.351302362479924,1.0,1.0,1.0,1.0,1.0,1.0,1.0,     295P    313
1.0,1.0,1.0,1.0,1.2915558592401,0.867656066186417,                   295P    314
5.42101086242752E-017,1.34094533000129,0.793482780535609,            295P    315
5.42101086242752E-017,1.38415433305003,0.714826597377101,            295P    316
-6.32733611598962E-016,1.42042044524791,0.633427793747327,           295P    317
-6.32733611598962E-016,1.48682453223819,0.48438470890698,            295P    318
-6.32733611598962E-016,1.53097350033313,0.32320605464315,            295P    319
-6.14098886759368E-017,1.54851355055865,0.160984938428809,           295P    320
-6.14098886759368E-017,0.0,1.0,0.0,0.0,0.0,0,0;                      295P    321
102,4,289,291,293,295,0,0;                                           297P    322
142,0,271,287,297,3,0,0;                                             299P    323
144,271,1,1,277,299,0,0;                                             301P    324
128,1,1,1,1,0,0,1,0,0,0.0,0.0,1.0,1.0,0.0,0.0,1.0,1.0,1.0,1.0,       303P    325
1.0,1.0,-1.25,0.721687836487033,1.125,1.77635683940025E-015,         303P    326
1.44337567297406,1.125,-1.25,0.721687836487033,3.0,                  303P    327
1.77635683940025E-015,1.44337567297406,3.0,0.0,1.0,0.0,1.0,0,0;      303P    328
128,1,1,1,1,0,0,1,0,0,0.0,0.0,1.0,1.0,0.0,0.0,1.0,1.0,1.0,1.0,       305P    329
1.0,1.0,-1.25,-1.44337567297406,1.125,1.25,-1.44337567297406,        305P    330
1.125,-1.25,1.44337567297406,1.125,1.25,1.44337567297406,1.125,      305P    331
0.0,1.0,0.0,1.0,0,0;                                                 305P    332
126,1,1,1,0,1,0,0.0,0.0,1.0,1.0,1.0,1.0,0.500000000000001,1.0,       307P    333
0.0,0.0,0.750000000000001,0.0,0.0,1.0,0.0,0.0,1.0,0,0;               307P    334
126,1,1,1,0,1,0,0.0,0.0,1.0,1.0,1.0,1.0,0.0,0.750000000000001,       309P    335
0.0,0.0,0.25,0.0,0.0,1.0,0.0,0.0,1.0,0,0;                            309P    336
126,1,1,1,0,1,0,0.0,0.0,1.0,1.0,1.0,1.0,0.0,0.250000000000001,       311P    337
0.0,0.499999999999998,0.0,0.0,0.0,1.0,0.0,0.0,1.0,0,0;               311P    338
126,1,1,1,0,1,0,0.0,0.0,1.0,1.0,1.0,1.0,0.499999999999998,0.0,       313P    339
0.0,1.0,0.249999999999998,0.0,0.0,1.0,0.0,0.0,1.0,0,0;               313P    340
126,1,1,1,0,1,0,0.0,0.0,1.0,1.0,1.0,1.0,1.0,0.249999999999998,       315P    341
0.0,1.0,0.75,0.0,0.0,1.0,0.0,0.0,1.0,0,0;                            315P    342
126,1,1,1,0,1,0,0.0,0.0,1.0,1.0,1.0,1.0,1.0,0.75,0.0,                317P    343
0.500000000000001,1.0,0.0,0.0,1.0,0.0,0.0,1.0,0,0;                   317P    344
102,6,307,309,311,313,315,317,0,0;                                   319P    345
110,1.74513181683267E-015,1.44337567297406,1.125,-1.25,              321P    346
0.721687836487034,1.125,0,0;                                         321P    347
110,-1.25,0.721687836487035,1.125,-1.25,-0.721687836487032,          323P    348
1.125,0,0;                                                           323P    349
110,-1.25,-0.72168783648703,1.125,-5.42101086242752E-015,            325P    350
-1.44337567297406,1.125,0,0;                                         325P    351
110,-5.60294274125442E-015,-1.44337567297406,1.125,1.25,             327P    352
-0.721687836487037,1.125,0,0;                                        327P    353
110,1.25,-0.721687836487038,1.125,1.25,0.721687836487031,1.125,      329P    354
0,0;                                                                 329P    355
110,1.25,0.721687836487031,1.125,1.95156391047391E-015,              331P    356
1.44337567297406,1.125,0,0;                                          331P    357
102,6,321,323,325,327,329,331,0,0;                                   333P    358
142,0,305,319,333,3,0,0;                                             335P    359
144,305,1,0,335,0,0;                                                 337P    360
124,-1.0,0.0,0.0,0.0,0.0,-1.0,0.0,0.0,0.0,0.0,1.0,0.0,0,0;           339P    361
128,6,1,3,1,0,0,0,0,0,0.0,0.0,0.0,0.0,0.5,0.5,0.5,1.0,1.0,1.0,       341P    362
1.0,0.0,0.0,1.0,1.0,1.0,0.333333333333333,0.333333333333333,1.0,     341P    363
0.333333333333333,0.333333333333333,1.0,1.0,0.333333333333333,       341P    364
0.333333333333333,1.0,0.333333333333333,0.333333333333333,1.0,       341P    365
1.5,0.0,-6.6,1.5,3.0,-6.6,-1.5,3.0,-6.6,-1.5,                        341P    366
1.83697019872103E-016,-6.6,-1.5,-3.0,-6.6,1.5,-3.0,-6.6,1.5,0.0,     341P    367
-6.6,1.5,0.0,0.6,1.5,3.0,0.599999999999999,-1.5,3.0,                 341P    368
0.599999999999999,-1.5,1.83697019872103E-016,0.6,-1.5,-3.0,          341P    369
0.599999999999999,1.5,-3.0,0.599999999999999,1.5,0.0,0.6,0.0,        341P    370
1.0,0.0,1.0,0,0;                                                     341P    371
126,1,1,1,0,1,0,0.0,0.0,1.0,1.0,1.0,1.0,1.0,0.0890712057540539,      343P    372
0.0,0.897137962291592,0.0833333333333336,0.0,0.0,1.0,0.0,0.0,        343P    373
1.0,0,0;                                                             343P    374
126,1,1,1,0,1,0,0.0,0.0,1.0,1.0,1.0,1.0,0.897137962294774,           345P    375
0.0833333333333333,0.0,1.0,0.0833333333333335,0.0,0.0,1.0,0.0,       345P    376
0.0,1.0,0,0;                                                         345P    377
126,1,1,1,0,1,0,0.0,0.0,1.0,1.0,1.0,1.0,1.0,0.0833333333333335,      347P    378
0.0,1.0,0.0890712057540505,0.0,0.0,1.0,0.0,0.0,1.0,0,0;              347P    379
102,3,343,345,347,0,0;                                               349P    380
126,6,3,0,0,1,0,0.0,0.0,0.0,0.0,0.42450715440188,                    351P    381
0.42450715440188,0.42450715440188,1.0,1.0,1.0,1.0,1.0,1.0,1.0,       351P    382
1.0,1.0,1.0,1.0,1.49999999999997,1.96463207446499E-013,              351P    383
-5.95868731857081,1.49999999999998,-0.107179956848142,               351P    384
-5.96438852177311,1.48838225800811,-0.214948006016586,               351P    385
-5.97049496065432,1.46554522219647,-0.319651688087347,               351P    386
-5.97646619370359,1.43453225736605,-0.461840527149416,               351P    387
-5.98457519883361,1.38206128624125,-0.600912528671949,               351P    388
-5.99251936741536,1.31139658436532,-0.728175115281331,-6.0,0.0,      351P    389
1.0,0.0,0.0,0.0,0,0;                                                 351P    390
100,-6.0,0.0,0.0,-1.31139658437908,0.728175115256539,-1.5,           353P    391
1.83697019872103E-016,0,0;                                           353P    392
110,1.5,0.0,-6.0,1.5,0.0,-5.95868731857084,0,0;                      355P    393
102,3,351,353,355,0,0;                                               357P    394
142,0,341,349,357,3,0,0;                                             359P    395
144,341,1,0,359,0,0;                                                 361P    396
128,6,1,3,1,0,0,0,0,0,0.0,0.0,0.0,0.0,0.5,0.5,0.5,1.0,1.0,1.0,       363P    397
1.0,0.0,0.0,1.0,1.0,1.0,0.333333333333333,0.333333333333333,1.0,     363P    398
0.333333333333333,0.333333333333333,1.0,1.0,0.333333333333333,       363P    399
0.333333333333333,1.0,0.333333333333333,0.333333333333333,1.0,       363P    400
1.5,0.0,-6.6,1.5,3.0,-6.6,-1.5,3.0,-6.6,-1.5,                        363P    401
1.83697019872103E-016,-6.6,-1.5,-3.0,-6.6,1.5,-3.0,-6.6,1.5,0.0,     363P    402
-6.6,1.5,0.0,0.6,1.5,3.0,0.599999999999999,-1.5,3.0,                 363P    403
0.599999999999999,-1.5,1.83697019872103E-016,0.6,-1.5,-3.0,          363P    404
0.599999999999999,1.5,-3.0,0.599999999999999,1.5,0.0,0.6,0.0,        363P    405
1.0,0.0,1.0,0,0;                                                     363P    406
126,1,1,1,0,1,0,0.0,0.0,1.0,1.0,1.0,1.0,1.0,0.158515650198496,       365P    407
0.0,0.0,0.0890712057540539,0.0,0.0,1.0,0.0,0.0,1.0,0,0;              365P    408
126,1,1,1,0,1,0,0.0,0.0,1.0,1.0,1.0,1.0,0.0,0.0890712057540505,      367P    409
0.0,0.0,0.0833333333333335,0.0,0.0,1.0,0.0,0.0,1.0,0,0;              367P    410
126,1,1,1,0,1,0,0.0,0.0,1.0,1.0,1.0,1.0,0.0,0.0833333333333335,      369P    411
0.0,0.10325658705869,0.0833333333333336,0.0,0.0,1.0,0.0,0.0,1.0,     369P    412
0,0;                                                                 369P    413
126,1,1,1,0,1,0,0.0,0.0,1.0,1.0,1.0,1.0,0.10325658705869,            371P    414
0.0833333333333335,0.0,1.0,0.147039905357063,0.0,0.0,1.0,0.0,        371P    415
0.0,1.0,0,0;                                                         371P    416
126,1,1,1,0,1,0,0.0,0.0,1.0,1.0,1.0,1.0,1.0,0.147039905357063,       373P    417
0.0,1.0,0.158515650198496,0.0,0.0,1.0,0.0,0.0,1.0,0,0;               373P    418
102,5,365,367,369,371,373,0,0;                                       375P    419
126,60,3,0,0,1,0,0.0,0.0,0.0,0.0,0.012581238152384,                  377P    420
0.012581238152384,0.012581238152384,0.0663431001868453,              377P    421
0.0663431001868453,0.0663431001868453,0.120125142274656,             377P    422
0.120125142274656,0.120125142274656,0.173889635968704,               377P    423
0.173889635968704,0.173889635968704,0.227668295041275,               377P    424
0.227668295041275,0.227668295041275,0.281432219583062,               377P    425
0.281432219583062,0.281432219583062,0.335201466316093,               377P    426
0.335201466316093,0.335201466316093,0.388973896176454,               377P    427
0.388973896176454,0.388973896176454,0.442738493148623,               377P    428
0.442738493148623,0.442738493148623,0.49651712964887,                377P    429
0.49651712964887,0.49651712964887,0.550279494495156,                 377P    430
0.550279494495156,0.550279494495156,0.604059832540928,               377P    431
0.604059832540928,0.604059832540928,0.65782573178998,                377P    432
0.65782573178998,0.65782573178998,0.711597017133514,                 377P    433
0.711597017133514,0.711597017133514,0.765365919589343,               377P    434
0.765365919589343,0.765365919589343,0.819128394566793,               377P    435
0.819128394566793,0.819128394566793,0.872909380777763,               377P    436
0.872909380777763,0.872909380777763,0.926673713114099,               377P    437
0.926673713114099,0.926673713114099,0.980453497058678,               377P    438
0.980453497058678,0.980453497058678,1.0,1.0,1.0,1.0,1.0,1.0,1.0,     377P    439
1.0,1.0,1.0,1.0,1.0,1.0,1.0,1.0,1.0,1.0,1.0,1.0,1.0,1.0,1.0,1.0,     377P    440
1.0,1.0,1.0,1.0,1.0,1.0,1.0,1.0,1.0,1.0,1.0,1.0,1.0,1.0,1.0,1.0,     377P    441
1.0,1.0,1.0,1.0,1.0,1.0,1.0,1.0,1.0,1.0,1.0,1.0,1.0,1.0,1.0,1.0,     377P    442
1.0,1.0,1.0,1.0,1.0,1.0,1.0,1.0,1.0,1.0,1.49999999999999,            377P    443
-3.96449610050209E-014,-5.45868731857083,1.49999999999999,           377P    444
-0.0396643648829445,-5.46079717764091,1.49842430503155,              377P    445
-0.0793569484483148,-5.46296225030175,1.49528078590436,              377P    446
-0.118892267642744,-5.46515089612769,1.48195951421284,               377P    447
-0.286430846888299,-5.47442570709725,1.43950432042044,               377P    448
-0.453961701562359,-5.48411491903636,1.37141244067485,               377P    449
-0.607641273748138,-5.49298841547957,1.30329613661145,               377P    450
-0.761375970256016,-5.50186509481474,1.20763426507122,               377P    451
-0.905480625252144,-5.51020540629267,1.09239947755282,               377P    452
-1.02794133171224,-5.51899758148016,0.97720072434232,                377P    453
-1.15036374429513,-5.52778700732472,0.839290289381717,               377P    454
-1.25452950825705,-5.53760006395597,0.69004743057999,                377P    455
-1.33185379961566,-5.54669824581405,0.540767707509889,               377P    456
-1.40919719073857,-5.55579867500122,0.376022838940221,               377P    457
-1.46180854420735,-5.56439026634214,0.209512391210861,               377P    458
-1.48529611792703,-5.57286719735516,0.0430463437165859,              377P    459
-1.50877742865356,-5.58134186798312,-0.129736083553659,              377P    460
-1.50380008487732,-5.59065452542415,-0.294530272949415,              377P    461
-1.47079975466287,-5.60003484051412,-0.459340301567739,              377P    462
-1.43779625261586,-5.60941605719473,-0.620736815778569,              377P    463
-1.3758458107332,-5.61860995936995,-0.765331291731392,               377P    464
-1.29006512002176,-5.62719451130617,-0.909934023241597,              377P    465
-1.20427953169989,-5.63577955337357,-1.04170242482207,               377P    466
-1.09229720412153,-5.64429569242663,-1.1496730548215,                377P    467
-0.963458285042686,-5.65355290903646,-1.25762939730998,              377P    468
-0.834636414928623,-5.66280890065961,-1.34480548916242,              377P    469
-0.685388068834923,-5.67236631645266,-1.40398284624452,              377P    470
-0.528045611146543,-5.68112479243083,-1.46317493274202,              377P    471
-0.370663990465223,-5.68988544841902,-1.49597256488506,              377P    472
-0.200842232765038,-5.69813067056426,-1.49964263459418,              377P    473
-0.0327409301550395,-5.70695729929219,-1.50331164759736,             377P    474
0.135311971836045,-5.71578138661035,-1.47798909078138,               377P    475
0.306263529790299,-5.72567745995428,-1.42577154028326,               377P    476
0.466020938283148,-5.73484271459702,-1.3735375022714,                377P    477
0.625828789633649,-5.7440108631377,-1.29293623240588,                377P    478
0.778841516695801,-5.75267147599715,-1.19065795229225,               377P    479
0.912323210623968,-5.76120317166774,-1.08840636811708,               377P    480
1.04577006412381,-5.76973264045671,-0.961698790407144,               377P    481
1.16335083573751,-5.77908247497017,-0.821035657849156,               377P    482
1.25534873582611,-5.78838142821368,-0.68035921182069,                377P    483
1.34735534332299,-5.79768126158361,-0.521818502726075,               377P    484
1.41632440427033,-5.80672390662892,-0.358557750975308,               377P    485
1.4565151352511,-5.81522080441578,-0.195304040609852,                377P    486
1.49670413281817,-5.82371733573408,-0.0228451708824974,              377P    487
1.5092151601043,-5.83225286292987,0.144457758238716,                 377P    488
1.49302778141756,-5.84157054486756,0.311743141873114,                377P    489
1.4768421003427,-5.85088724963608,0.478528250136234,                 377P    490
1.4315257683241,-5.86051579419999,0.631023703826968,                 377P    491
1.36081192132068,-5.86933992491881,0.783569408726509,                377P    492
1.29007477226986,-5.87816696341766,0.92601376001748,                 377P    493
1.19196128189668,-5.88647554154913,1.04647977026502,                 377P    494
1.07465347457964,-5.89534524646555,1.1669102455189,                  377P    495
0.957380270651372,-5.90421233500157,1.26870185581707,                377P    496
0.81770947979508,-5.91403179141112,1.34346283962791,                 377P    497
0.667163846846565,-5.92308368007316,1.41824402701684,                377P    498
0.516577530104211,-5.93213801493816,1.46803021428457,                377P    499
0.350949404765198,-5.94066310186572,1.48866460129105,                377P    500
0.18405897115589,-5.9491631606737,1.49620766638211,                  377P    501
0.123050839274109,-5.95227042510788,1.49999999999996,                377P    502
0.0614642638451609,-5.95541786159243,1.49999999999997,               377P    503
1.96463207446499E-013,-5.95868731857081,0.0,1.0,0.0,0.0,0.0,0,0;     377P    504
110,1.5,0.0,-5.95868731857084,1.5,0.0,-6.0,0,0;                      379P    505
100,-6.0,0.0,0.0,-1.5,1.83697019872103E-016,-1.30968471431216,       381P    506
-0.731249580579074,0,0;                                              381P    507
126,54,3,0,0,1,0,0.0,0.0,0.0,0.0,0.0571463368242733,                 383P    508
0.0571463368242733,0.0571463368242733,0.115651687123093,             383P    509
0.115651687123093,0.115651687123093,0.174175752104857,               383P    510
0.174175752104857,0.174175752104857,0.232679724771999,               383P    511
0.232679724771999,0.232679724771999,0.291199183809587,               383P    512
0.291199183809587,0.291199183809587,0.349707689440454,               383P    513
0.349707689440454,0.349707689440454,0.408218249391622,               383P    514
0.408218249391622,0.408218249391622,0.466731669387633,               383P    515
0.466731669387633,0.466731669387633,0.525234114515234,               383P    516
0.525234114515234,0.525234114515234,0.583759776922004,               383P    517
0.583759776922004,0.583759776922004,0.642265638332173,               383P    518
0.642265638332173,0.642265638332173,0.700785456786202,               383P    519
0.700785456786202,0.700785456786202,0.759291065944709,               383P    520
0.759291065944709,0.759291065944709,0.817800406611235,               383P    521
0.817800406611235,0.817800406611235,0.876316287133027,               383P    522
0.876316287133027,0.876316287133027,0.934821599284833,               383P    523
0.934821599284833,0.934821599284833,0.993343858036482,               383P    524
0.993343858036482,0.993343858036482,1.0,1.0,1.0,1.0,1.0,1.0,1.0,     383P    525
1.0,1.0,1.0,1.0,1.0,1.0,1.0,1.0,1.0,1.0,1.0,1.0,1.0,1.0,1.0,1.0,     383P    526
1.0,1.0,1.0,1.0,1.0,1.0,1.0,1.0,1.0,1.0,1.0,1.0,1.0,1.0,1.0,1.0,     383P    527
1.0,1.0,1.0,1.0,1.0,1.0,1.0,1.0,1.0,1.0,1.0,1.0,1.0,1.0,1.0,1.0,     383P    528
1.0,1.0,1.0,1.0,1.30968471431216,0.731249580579075,-6.0,             383P    529
1.2295845183289,0.87471086258024,-5.99155962633205,                  383P    530
1.12420281361051,1.00655629140439,-5.98333213356668,                 383P    531
1.00194773236875,1.11628882534993,-5.97433842231431,                 383P    532
0.876864982525178,1.22855939074319,-5.96513669324654,                383P    533
0.730670912245313,1.32074840798109,-5.95543542057649,                383P    534
0.575435831134832,1.38523413336741,-5.94656373561759,                383P    535
0.420153579833897,1.4497394535768,-5.93768935488228,                 383P    536
0.251538840675708,1.48828933695795,-5.92937275478498,                383P    537
0.0836429963346801,1.49766613407801,-5.92069348830557,               383P    538
-0.0841972872930783,1.5070398281937,-5.9120170940011,                383P    539
-0.255915833415407,1.48753321098698,-5.90219636024694,               383P    540
-0.417350585794264,1.44077010259694,-5.89294762055839,               383P    541
-0.578825566479676,1.39399534119767,-5.88369657615459,               383P    542
-0.734471159764075,1.31864600208818,-5.87489206184343,               383P    543
-0.871343368263076,1.22096713083685,-5.86637935571993,               383P    544
-1.00819066540414,1.12330603757968,-5.85786819894726,                383P    545
-1.1300194263683,1.0006530160522,-5.84876660384503,                  383P    546
-1.2267422643658,0.863193730757296,-5.83944195068624,                383P    547
-1.32346851404333,0.725729596896031,-5.83011696862134,               383P    548
-1.39777642047312,0.569637816160969,-5.82091634155687,               383P    549
-1.44348931261408,0.40784629993285,-5.81236370838727,                383P    550
-1.48920434305134,0.24604721563842,-5.80381067515409,                383P    551
-1.50756987105915,0.0740941471321034,-5.79546562777047,              383P    552
-1.49707210915035,-0.0936755037569799,-5.78624048282068,             383P    553
-1.48657612946618,-0.261416672079269,-5.77701690404096,              383P    554
-1.44695074540619,-0.429635029057096,-5.76727330338599,              383P    555
-1.38146047541011,-0.584437297645922,-5.75835020298551,              383P    556
-1.31594540652165,-0.739298184481412,-5.74942372371658,              383P    557
-1.22272647007954,-0.884995842691658,-5.74104481840359,              383P    558
-1.10956787017682,-1.00938552668011,-5.73231908975882,               383P    559
-0.996446132739031,-1.13373468957367,-5.72359620360119,              383P    560
-0.860308285954918,-1.24021023263392,-5.71381446629942,              383P    561
-0.712391397435984,-1.32003730888911,-5.70467321235823,              383P    562
-0.564441506426638,-1.39988219576988,-5.69552991886532,              383P    563
-0.400614329894676,-1.45526098119304,-5.6868689983859,               383P    564
-0.234526611056206,-1.48155231723571,-5.67840665079772,              383P    565
-0.0684781449069408,-1.50783743966036,-5.66994630317621,             383P    566
0.104372392262767,-1.50577316505692,-5.66076617815801,               383P    567
0.269700152827925,-1.47555475247942,-5.6513769619455,                383P    568
0.43503850399389,-1.44533440416442,-5.64198714427659,                383P    569
0.597448148716056,-1.38611676705077,-5.63271510134748,               383P    570
0.743463925537378,-1.30278984929441,-5.62409963903215,               383P    571
0.88949543484953,-1.21945395346734,-5.61548324844261,                383P    572
1.02314073344722,-1.10970374185578,-5.60705386156545,                383P    573
1.13327180380075,-0.982697826755611,-5.59783647015402,               383P    574
1.24338463541374,-0.855712945028898,-5.58862060522926,               383P    575
1.33306096531374,-0.707958920098177,-5.57900316773556,               383P    576
1.39488114778274,-0.551639903886859,-5.57019645157604,               383P    577
1.45671837078841,-0.395277798835919,-5.56138730787323,               383P    578
1.49237526274613,-0.226031180954514,-5.55311190923311,               383P    579
1.49887793137037,-0.0580081619332427,-5.54436368441136,              383P    580
1.49962585904863,-0.0386823937336355,-5.54335747605939,1.5,          383P    581
-0.0193390523768835,-5.54234137998982,1.5,                           383P    582
-2.31481782859357E-015,-5.54131268142917,0.0,1.0,0.0,0.0,0.0,0,      383P    583
0;                                                                   383P    584
110,1.5,0.0,-5.54131268142915,1.5,0.0,-5.45868731857083,0,0;         385P    585
102,5,377,379,381,383,385,0,0;                                       387P    586
142,0,363,375,387,3,0,0;                                             389P    587
144,363,1,0,389,0,0;                                                 391P    588
128,6,1,3,1,0,0,0,0,0,0.0,0.0,0.0,0.0,0.5,0.5,0.5,1.0,1.0,1.0,       393P    589
1.0,0.0,0.0,1.0,1.0,1.0,0.333333333333333,0.333333333333333,1.0,     393P    590
0.333333333333333,0.333333333333333,1.0,1.0,0.333333333333333,       393P    591
0.333333333333333,1.0,0.333333333333333,0.333333333333333,1.0,       393P    592
1.5,0.0,-6.6,1.5,3.0,-6.6,-1.5,3.0,-6.6,-1.5,                        393P    593
1.83697019872103E-016,-6.6,-1.5,-3.0,-6.6,1.5,-3.0,-6.6,1.5,0.0,     393P    594
-6.6,1.5,0.0,0.6,1.5,3.0,0.599999999999999,-1.5,3.0,                 393P    595
0.599999999999999,-1.5,1.83697019872103E-016,0.6,-1.5,-3.0,          393P    596
0.599999999999999,1.5,-3.0,0.599999999999999,1.5,0.0,0.6,0.0,        393P    597
1.0,0.0,1.0,0,0;                                                     393P    598
126,1,1,1,0,1,0,0.0,0.0,1.0,1.0,1.0,1.0,1.0,0.227960094643102,       395P    599
0.0,0.0,0.158515650198496,0.0,0.0,1.0,0.0,0.0,1.0,0,0;               395P    600
126,1,1,1,0,1,0,0.0,0.0,1.0,1.0,1.0,1.0,0.0,0.158515650198496,       397P    601
0.0,0.0,0.147039905357063,0.0,0.0,1.0,0.0,0.0,1.0,0,0;               397P    602
126,1,1,1,0,1,0,0.0,0.0,1.0,1.0,1.0,1.0,0.0,0.147039905357063,       399P    603
0.0,1.0,0.216484349801504,0.0,0.0,1.0,0.0,0.0,1.0,0,0;               399P    604
126,1,1,1,0,1,0,0.0,0.0,1.0,1.0,1.0,1.0,1.0,0.216484349801504,       401P    605
0.0,1.0,0.227960094643102,0.0,0.0,1.0,0.0,0.0,1.0,0,0;               401P    606
102,4,395,397,399,401,0,0;                                           403P    607
126,57,3,0,0,1,0,0.0,0.0,0.0,0.0,0.0448818617650559,                 405P    608
0.0448818617650559,0.0448818617650559,0.0986494046582003,            405P    609
0.0986494046582003,0.0986494046582003,0.152406927664218,             405P    610
0.152406927664218,0.152406927664218,0.206166310570946,               405P    611
0.206166310570946,0.206166310570946,0.259928359479096,               405P    612
0.259928359479096,0.259928359479096,0.313680299256143,               405P    613
0.313680299256143,0.313680299256143,0.367453584359129,               405P    614
0.367453584359129,0.367453584359129,0.421208668870202,               405P    615
0.421208668870202,0.421208668870202,0.474976556416706,               405P    616
0.474976556416706,0.474976556416706,0.528731415319957,               405P    617
0.528731415319957,0.528731415319957,0.582489673731729,               405P    618
0.582489673731729,0.582489673731729,0.636253983668549,               405P    619
0.636253983668549,0.636253983668549,0.690008555797196,               405P    620
0.690008555797196,0.690008555797196,0.743778718455518,               405P    621
0.743778718455518,0.743778718455518,0.797531747750073,               405P    622
0.797531747750073,0.797531747750073,0.851300947854211,               405P    623
0.851300947854211,0.851300947854211,0.905057816823472,               405P    624
0.905057816823472,0.905057816823472,0.958818353333267,               405P    625
0.958818353333267,0.958818353333267,1.0,1.0,1.0,1.0,1.0,1.0,1.0,     405P    626
1.0,1.0,1.0,1.0,1.0,1.0,1.0,1.0,1.0,1.0,1.0,1.0,1.0,1.0,1.0,1.0,     405P    627
1.0,1.0,1.0,1.0,1.0,1.0,1.0,1.0,1.0,1.0,1.0,1.0,1.0,1.0,1.0,1.0,     405P    628
1.0,1.0,1.0,1.0,1.0,1.0,1.0,1.0,1.0,1.0,1.0,1.0,1.0,1.0,1.0,1.0,     405P    629
1.0,1.0,1.0,1.0,1.0,1.0,1.0,1.5,7.77396052840616E-014,               405P    630
-4.95868731857082,1.5,-0.140401598478774,-4.96615567428204,          405P    631
1.4799026847463,-0.282128942981579,-4.97430550081899,                405P    632
1.44087649201435,-0.41698313486329,-4.98203132797374,                405P    633
1.39414295010385,-0.578469910460296,-4.99128294187341,               405P    634
1.31883340792654,-0.73413457311845,-5.00008858009736,                405P    635
1.22118954156324,-0.871031631788747,-5.00860125776143,               405P    636
1.12356336893453,-1.00790388377825,-5.01711239287024,                405P    637
1.0009413464349,-1.12976404284556,-5.02621207078253,                 405P    638
0.863506723962135,-1.22652196787184,-5.03553681517726,               405P    639
0.726067318273929,-1.3232832604193,-5.04486188410638,                405P    640
0.569994614112911,-1.39763095229831,-5.05406368364474,               405P    641
0.40821484427731,-1.44338513256568,-5.06261680833194,                405P    642
0.246427396443724,-1.48914148430669,-5.07117033894674,               405P    643
0.074478890181072,-1.50755092523573,-5.07951422033334,               405P    644
-0.0932935478621406,-1.49709596015997,-5.08873851572276,             405P    645
-0.261037425854032,-1.48664277484221,-5.09796124085217,              405P    646
-0.429265830758372,-1.44706031238775,-5.10770562056648,              405P    647
-0.5840847602825,-1.38160956597938,-5.1166294763166,                 405P    648
-0.73896234961835,-1.31613402074006,-5.12555671325338,               405P    649
-0.884683795694041,-1.22295227617914,-5.13393625575741,              405P    650
-1.00910240353605,-1.10982536427033,-5.14266105299452,               405P    651
-1.13348046173899,-0.996735321890326,-5.15138300670699,              405P    652
-1.23999074741751,-0.860624600976515,-5.16116409309536,              405P    653
-1.3198555389535,-0.712728108252903,-5.17030597678396,               405P    654
-1.39973812025578,-0.564798671800399,-5.17944989681388,              405P    655
-1.45515867771768,-0.400985748233971,-5.18811189272164,              405P    656
-1.48149240182978,-0.234904796291222,-5.19657408004889,              405P    657
-1.50781991510569,-0.0688630147135496,-5.20503427156046,             405P    658
-1.50579974942032,0.103988180831746,-5.21421235903549,               405P    659
-1.4756235169698,0.269323664325415,-5.223601657103,                  405P    660
-1.44544536630262,0.434669657722246,-5.23299155202128,               405P    661
-1.38626922582533,0.597094286622415,-5.24226476857879,               405P    662
-1.30297963526334,0.743131260336302,-5.25088073336268,               405P    663
-1.21968100699299,0.889184080443104,-5.25949763306025,               405P    664
-1.1099648318241,1.02285749886653,-5.2679258319463,                  405P    665
-0.982986939567776,1.13302103980428,-5.27714254608237,               405P    666
-0.856030138558711,1.24316628238757,-5.28635772930629,               405P    667
-0.708299050742705,1.33288026725089,-5.2959760365468,                405P    668
-0.551995865282206,1.39474032160519,-5.30478349237817,               405P    669
-0.395649541036673,1.45661744898062,-5.31359337901696,               405P    670
-0.226412008459339,1.49231754546585,-5.32186929244721,               405P    671
-0.0583905514670552,1.49886308364019,-5.33061640740648,              405P    672
0.109579600161698,1.50540662313399,-5.3393608514336,                 405P    673
0.280941342281491,1.48301059109295,-5.34923133533203,                405P    674
0.441566649183939,1.43353370882183,-5.35844024144844,                405P    675
0.602237508982201,1.38404279504281,-5.36765175918534,                405P    676
0.756599072198254,1.30607603578807,-5.37638329130449,                405P    677
0.891808505940917,1.20610015700663,-5.38490153542409,                405P    678
1.02698778557735,1.10614657462262,-5.3934178798239,                  405P    679
1.14672538313052,0.981463604852582,-5.40264491958344,                405P    680
1.24111689140294,0.842394718569946,-5.41196009164437,                405P    681
1.3355145819066,0.703316723883065,-5.42127587380837,                 405P    682
1.40718363236835,0.545987168808663,-5.43039846472611,                405P    683
1.45016254112511,0.383443091367631,-5.43892094481108,                405P    684
1.48311110249065,0.25883328471849,-5.44545446244075,                 405P    685
1.49999999999999,0.128875536781073,-5.45183206648266,                405P    686
1.49999999999999,-3.96449610050209E-014,-5.45868731857083,0.0,       405P    687
1.0,0.0,0.0,0.0,0,0;                                                 405P    688
110,1.5,0.0,-5.45868731857083,1.5,0.0,-5.54131268142915,0,0;         407P    689
126,57,3,0,0,1,0,0.0,0.0,0.0,0.0,0.0476379049270871,                 409P    690
0.0476379049270871,0.0476379049270871,0.101407727437558,             409P    691
0.101407727437558,0.101407727437558,0.155165185644239,               409P    692
0.155165185644239,0.155165185644239,0.208926337706683,               409P    693
0.208926337706683,0.208926337706683,0.262687568173005,               409P    694
0.262687568173005,0.262687568173005,0.316440497044939,               409P    695
0.316440497044939,0.316440497044939,0.37021358117874,                409P    696
0.37021358117874,0.37021358117874,0.423969131693187,                 409P    697
0.423969131693187,0.423969131693187,0.477738865041916,               409P    698
0.477738865041916,0.477738865041916,0.531493842484271,               409P    699
0.531493842484271,0.531493842484271,0.585254169550567,               409P    700
0.585254169550567,0.585254169550567,0.639017636479548,               409P    701
0.639017636479548,0.639017636479548,0.692773300972022,               409P    702
0.692773300972022,0.692773300972022,0.746542976474621,               409P    703
0.746542976474621,0.746542976474621,0.800296396962106,               409P    704
0.800296396962106,0.800296396962106,0.854067814155285,               409P    705
0.854067814155285,0.854067814155285,0.907824765401727,               409P    706
0.907824765401727,0.907824765401727,0.961587126792189,               409P    707
0.961587126792189,0.961587126792189,1.0,1.0,1.0,1.0,1.0,1.0,1.0,     409P    708
1.0,1.0,1.0,1.0,1.0,1.0,1.0,1.0,1.0,1.0,1.0,1.0,1.0,1.0,1.0,1.0,     409P    709
1.0,1.0,1.0,1.0,1.0,1.0,1.0,1.0,1.0,1.0,1.0,1.0,1.0,1.0,1.0,1.0,     409P    710
1.0,1.0,1.0,1.0,1.0,1.0,1.0,1.0,1.0,1.0,1.0,1.0,1.0,1.0,1.0,1.0,     409P    711
1.0,1.0,1.0,1.0,1.0,1.0,1.0,1.5,-2.31481782859357E-015,              409P    712
-5.54131268142917,1.5,0.148991185679856,-5.53338742142823,           409P    713
1.47731327432269,0.299566440134816,-5.5247009410054,                 409P    714
1.43342103233085,0.441932284486628,-5.51653879598724,                409P    715
1.38388910558533,0.602590620754985,-5.50732790242658,                409P    716
1.30588289073121,0.756932405264531,-5.49859745290031,                409P    717
1.20587245824921,0.892116368214369,-5.49007906715145,                409P    718
1.10588438958007,1.02727010202937,-5.48156258623972,                 409P    719
0.981170960151951,1.14697578624566,-5.47233367378668,                409P    720
0.842078004769743,1.24133179846616,-5.46301869615226,                409P    721
0.702975877395188,1.33569403265973,-5.45370310427462,                409P    722
0.545627924473243,1.407322974964,-5.44458170182121,                  409P    723
0.383072809191258,1.45026039829347,-5.43605964176232,                409P    724
0.220517513404726,1.49319786930152,-5.42753757224036,                409P    725
0.048284491952756,1.50861626177763,-5.41910477196725,                409P    726
-0.119273770399119,1.49525040300773,-5.40982798315239,               409P    727
-0.286808925684684,1.48188638745213,-5.40055247365,                  409P    728
-0.45432901333446,1.43938844033445,-5.39086412767043,                409P    729
-0.607991255720363,1.37125731829135,-5.38199137618395,               409P    730
-0.761708558893681,1.30310178326839,-5.3731154453824,                409P    731
-0.905788772822496,1.20740314148633,-5.3647756636766,                409P    732
-1.02822000218136,1.09213718328522,-5.35598240748819,                409P    733
-1.15061297580854,0.976907241904256,-5.34719189890307,               409P    734
-1.25474355175842,0.838970265906715,-5.33737855208864,               409P    735
-1.3320297842253,0.689707658314313,-5.32828104303717,                409P    736
-1.40933513454745,0.540408128480543,-5.31918128358669,               409P    737
-1.4619044736078,0.375649729560315,-5.31059071422818,                409P    738
-1.48534954923546,0.20913325079005,-5.30211350089847,                409P    739
-1.50878836312525,0.042661245433202,-5.2936385516727,                409P    740
-1.50376693265936,-0.130119778479829,-5.28432392748212,              409P    741
-1.47072455771933,-0.294905536267618,-5.27494379863988,              409P    742
-1.43767899105077,-0.459707211537267,-5.265562763724,                409P    743
-1.3756873080196,-0.621088036354774,-5.25637005202536,               409P    744
-1.28986965469017,-0.765660678048358,-5.24778593209435,              409P    745
-1.20404716747013,-0.910241463151929,-5.23920132864165,              409P    746
-1.09203129684677,-1.04198116057451,-5.23068375913484,               409P    747
-0.963164904668153,-1.14991885210026,-5.22142601290822,              409P    748
-0.83431549894929,-1.25784231587259,-5.21216948698684,               409P    749
-0.685044848359242,-1.34498036569098,-5.20261301700605,              409P    750
-0.527687236086416,-1.40411758085692,-5.19385526038309,              409P    751
-0.370290529175177,-1.46326948834062,-5.18509532794337,              409P    752
-0.200460443438445,-1.49602375878182,-5.17685050315852,              409P    753
-0.0323583322437326,-1.49965093883024,-5.16802260994502,             409P    754
0.135695425231214,-1.5032770755387,-5.15919725603024,                409P    755
0.306640497039297,-1.47791093004715,-5.14930100366839,               409P    756
0.466384607397644,-1.42565262177802,-5.1401364216666,                409P    757
0.626179232431585,-1.37337778825808,-5.13096894161814,               409P    758
0.779171499264932,-1.29273740702619,-5.12230935894997,               409P    759
0.91262712600215,-1.1904250202701,-5.11377740090023,                 409P    760
1.04604784807028,-1.08813939282038,-5.10524767434257,                409P    761
1.16359619982537,-0.961401900089784,-5.09589605950102,               409P    762
1.25555820210986,-0.820715298452918,-5.08659739557492,               409P    763
1.34752894736946,-0.68001532151509,-5.07729784760992,                409P    764
1.41645758645404,-0.521456898867372,-5.0682563968739,                409P    765
1.45660664467705,-0.358185821442815,-5.05975983953024,               409P    766
1.4853264302257,-0.241393285391672,-5.05368200568776,                409P    767
1.49999999999999,-0.120255330892701,-5.04770940053357,               409P    768
1.49999999999998,8.97258298235846E-014,-5.04131268142917,0.0,        409P    769
1.0,0.0,0.0,0.0,0,0;                                                 409P    770
110,1.5,0.0,-5.04131268142917,1.5,0.0,-4.95868731856967,0,0;         411P    771
102,4,405,407,409,411,0,0;                                           413P    772
142,0,393,403,413,3,0,0;                                             415P    773
144,393,1,0,415,0,0;                                                 417P    774
128,6,1,3,1,0,0,0,0,0,0.0,0.0,0.0,0.0,0.5,0.5,0.5,1.0,1.0,1.0,       419P    775
1.0,0.0,0.0,1.0,1.0,1.0,0.333333333333333,0.333333333333333,1.0,     419P    776
0.333333333333333,0.333333333333333,1.0,1.0,0.333333333333333,       419P    777
0.333333333333333,1.0,0.333333333333333,0.333333333333333,1.0,       419P    778
1.5,0.0,-6.6,1.5,3.0,-6.6,-1.5,3.0,-6.6,-1.5,                        419P    779
1.83697019872103E-016,-6.6,-1.5,-3.0,-6.6,1.5,-3.0,-6.6,1.5,0.0,     419P    780
-6.6,1.5,0.0,0.6,1.5,3.0,0.599999999999999,-1.5,3.0,                 419P    781
0.599999999999999,-1.5,1.83697019872103E-016,0.6,-1.5,-3.0,          419P    782
0.599999999999999,1.5,-3.0,0.599999999999999,1.5,0.0,0.6,0.0,        419P    783
1.0,0.0,1.0,0,0;                                                     419P    784
126,1,1,1,0,1,0,0.0,0.0,1.0,1.0,1.0,1.0,1.0,0.297404539087321,       421P    785
0.0,0.0,0.227960094643102,0.0,0.0,1.0,0.0,0.0,1.0,0,0;               421P    786
126,1,1,1,0,1,0,0.0,0.0,1.0,1.0,1.0,1.0,0.0,0.227960094643102,       423P    787
0.0,0.0,0.216484349801504,0.0,0.0,1.0,0.0,0.0,1.0,0,0;               423P    788
126,1,1,1,0,1,0,0.0,0.0,1.0,1.0,1.0,1.0,0.0,0.216484349801504,       425P    789
0.0,1.0,0.28592879424579,0.0,0.0,1.0,0.0,0.0,1.0,0,0;                425P    790
126,1,1,1,0,1,0,0.0,0.0,1.0,1.0,1.0,1.0,1.0,0.285928794245792,       427P    791
0.0,1.0,0.29740453908732,0.0,0.0,1.0,0.0,0.0,1.0,0,0;                427P    792
102,4,421,423,425,427,0,0;                                           429P    793
126,60,3,0,0,1,0,0.0,0.0,0.0,0.0,0.0232725768833859,                 431P    794
0.0232725768833859,0.0232725768833859,0.0770369170012621,            431P    795
0.0770369170012621,0.0770369170012621,0.130812911119175,             431P    796
0.130812911119175,0.130812911119175,0.184575778740529,               431P    797
0.184575778740529,0.184575778740529,0.238355896483322,               431P    798
0.238355896483322,0.238355896483322,0.292117896608023,               431P    799
0.292117896608023,0.292117896608023,0.345892430688092,               431P    800
0.345892430688092,0.345892430688092,0.39965941871284,                431P    801
0.39965941871284,0.39965941871284,0.453426373574601,                 431P    802
0.453426373574601,0.453426373574601,0.50719855132945,                431P    803
0.50719855132945,0.50719855132945,0.560959000804313,                 431P    804
0.560959000804313,0.560959000804313,0.614741382142102,               431P    805
0.614741382142102,0.614741382142102,0.668505257352935,               431P    806
0.668505257352935,0.668505257352935,0.722280528796166,               431P    807
0.722280528796166,0.722280528796166,0.776044657569066,               431P    808
0.776044657569066,0.776044657569066,0.829810219188644,               431P    809
0.829810219188644,0.829810219188644,0.883584676237465,               431P    810
0.883584676237465,0.883584676237465,0.937347614801736,               431P    811
0.937347614801736,0.937347614801736,0.991127243434478,               431P    812
0.991127243434478,0.991127243434478,1.0,1.0,1.0,1.0,1.0,1.0,1.0,     431P    813
1.0,1.0,1.0,1.0,1.0,1.0,1.0,1.0,1.0,1.0,1.0,1.0,1.0,1.0,1.0,1.0,     431P    814
1.0,1.0,1.0,1.0,1.0,1.0,1.0,1.0,1.0,1.0,1.0,1.0,1.0,1.0,1.0,1.0,     431P    815
1.0,1.0,1.0,1.0,1.0,1.0,1.0,1.0,1.0,1.0,1.0,1.0,1.0,1.0,1.0,1.0,     431P    816
1.0,1.0,1.0,1.0,1.0,1.0,1.0,1.0,1.0,1.0,1.49999999999995,            431P    817
-3.37977293558624E-013,-4.45868731857083,1.49999999999994,           431P    818
-0.0730953110371398,-4.46257546364581,1.49462897940422,              431P    819
-0.146374867323724,-4.46665290421486,1.48397424665715,               431P    820
-0.218678840444823,-4.47073387330108,1.45947195499178,               431P    821
-0.384953591772058,-4.48011872576072,1.40589410577745,               431P    822
-0.549292227022432,-4.48954546532073,1.32765844900856,               431P    823
-0.698085268986662,-4.49823703332943,1.24940648987786,               431P    824
-0.846909315714025,-4.50693041244438,1.14432092278858,               431P    825
-0.984273471714634,-4.51523955981696,1.02117488969415,               431P    826
-1.09872737503811,-4.52434446946308,0.898056867428547,               431P    827
-1.21315524464688,-4.53344730810409,0.753486569538569,               431P    828
-1.30786592729996,-4.54317041751827,0.59939722488624,                431P    829
-1.37503562382895,-4.55207840011454,0.445261011057488,               431P    830
-1.44222575128627,-4.5609890922415,0.277344469089367,                431P    831
-1.48369729110129,-4.56934850481824,0.109634768614422,               431P    832
-1.49598804056412,-4.57796708472573,-0.0580202874146037,             431P    833
-1.50827478536179,-4.58658285646217,-0.230055563090921,              431P    834
-1.49175119412415,-4.59633059997105,-0.392275565730041,              431P    835
-1.44779828723865,-4.60561640378718,-0.55453118970382,               431P    836
-1.4038357288849,-4.61490424664116,-0.711453110460524,               431P    837
-1.33120540561415,-4.62378652724565,-0.849997418597247,              431P    838
-1.23592248477727,-4.63230108846258,-0.988522828800753,              431P    839
-1.1406525608675,-4.64081448826327,-1.11247069831276,                431P    840
-1.02012748021736,-4.649785460171,-1.21156736660611,                 431P    841
-0.884366731721136,-4.659112579281,-1.31066428969633,                431P    842
-0.748605634157553,-4.66843972237284,-1.387668686431,                431P    843
-0.593835102926032,-4.67771931292506,-1.43618457598446,              431P    844
-0.432867027739862,-4.68630759608109,-1.48470498091357,              431P    845
-0.271883971248928,-4.69489667854896,-1.50605645456598,              431P    846
-0.100267454928458,-4.70317304641088,-1.49847293282498,              431P    847
0.0676673450853574,-4.71233490493476,-1.49089092559878,              431P    848
0.235568606626119,-4.7214949337322,-1.45419217133534,                431P    849
0.404446302848751,-4.73128831703432,-1.3914011210768,                431P    850
0.560359634759036,-4.74026292166022,-1.32858566991041,               431P    851
0.71633355534924,-4.74924101386119,-1.23791208990443,                431P    852
0.863627689613286,-4.75766668265464,-1.12692757823766,               431P    853
0.989966783991973,-4.76633399773754,-1.0159799693283,                431P    854
1.11626387015814,-4.77499843090637,-0.881708042478772,               431P    855
1.22508857221347,-4.78472480704457,-0.735201097501484,               431P    856
1.3074705909628,-4.79390720101962,-0.588665154793339,                431P    857
1.38986891536649,-4.80309141244155,-0.425832424768424,               431P    858
1.44808213444467,-4.81182706822941,-0.260230169363734,               431P    859
1.47725429732085,-4.82028248231445,-0.0946613029148742,              431P    860
1.50642057846519,-4.82873619160719,0.07820862278644,                 431P    861
1.50735875195133,-4.83777663854394,0.244037859466622,                431P    862
1.4800153793616,-4.84716764121909,0.409872108024061,                 431P    863
1.45267118036978,-4.85655892771967,0.573277489416318,                431P    864
1.39628613312679,-4.86590998366837,0.72071407823169,                 431P    865
1.31551177016348,-4.8745618066906,0.868174150888881,                 431P    866
1.23472454138186,-4.88321500778354,1.00371305685202,                 431P    867
1.1273074157532,-4.89157314978252,1.11603787020237,                  431P    868
1.00222725580287,-4.90073923640866,1.22834043620281,                 431P    869
0.87717186956017,-4.90990350757541,1.32056611627396,                 431P    870
0.73100025799638,-4.91957726756571,1.38509047478159,                 431P    871
0.575781535540439,-4.92843476060468,1.44963386049607,                431P    872
0.420517041552508,-4.93729486557744,1.48822550903664,                431P    873
0.251914553660768,-4.94560904363779,1.49764483129977,                431P    874
0.0840235638442666,-4.95428689472454,1.49921438790507,               431P    875
0.0560476219796934,-4.95573289881194,1.5,0.0280176133659384,         431P    876
-4.95719698295455,1.5,7.77396052840616E-014,-4.95868731857082,       431P    877
0.0,1.0,0.0,0.0,0.0,0,0;                                             431P    878
110,1.5,0.0,-4.95868731856967,1.5,0.0,-5.04131268142917,0,0;         433P    879
126,60,3,0,0,1,0,0.0,0.0,0.0,0.0,0.0153496927473216,                 435P    880
0.0153496927473216,0.0153496927473216,0.0691124273736048,            435P    881
0.0691124273736048,0.0691124273736048,0.122893645113343,             435P    882
0.122893645113343,0.122893645113343,0.176658223497998,               435P    883
0.176658223497998,0.176658223497998,0.23043827196171,                435P    884
0.23043827196171,0.23043827196171,0.284202086272527,                 435P    885
0.284202086272527,0.284202086272527,0.33797312975696,                435P    886
0.33797312975696,0.33797312975696,0.391744464565347,                 435P    887
0.391744464565347,0.391744464565347,0.445509982279778,               435P    888
0.445509982279778,0.445509982279778,0.499287585319365,               435P    889
0.499287585319365,0.499287585319365,0.553049899566744,               435P    890
0.553049899566744,0.553049899566744,0.606831948144951,               435P    891
0.606831948144951,0.606831948144951,0.660597694615528,               435P    892
0.660597694615528,0.660597694615528,0.714370483207325,               435P    893
0.714370483207325,0.714370483207325,0.768138439571135,               435P    894
0.768138439571135,0.768138439571135,0.82190198128222,                435P    895
0.82190198128222,0.82190198128222,0.875681923582005,                 435P    896
0.875681923582005,0.875681923582005,0.929446259360548,               435P    897
0.929446259360548,0.929446259360548,0.983227210168099,               435P    898
0.983227210168099,0.983227210168099,1.0,1.0,1.0,1.0,1.0,1.0,1.0,     435P    899
1.0,1.0,1.0,1.0,1.0,1.0,1.0,1.0,1.0,1.0,1.0,1.0,1.0,1.0,1.0,1.0,     435P    900
1.0,1.0,1.0,1.0,1.0,1.0,1.0,1.0,1.0,1.0,1.0,1.0,1.0,1.0,1.0,1.0,     435P    901
1.0,1.0,1.0,1.0,1.0,1.0,1.0,1.0,1.0,1.0,1.0,1.0,1.0,1.0,1.0,1.0,     435P    902
1.0,1.0,1.0,1.0,1.0,1.0,1.0,1.0,1.0,1.0,1.49999999999998,            435P    903
8.97258298235846E-014,-5.04131268142917,1.49999999999998,            435P    904
0.0483394917404421,-5.03874136797457,1.49765792502012,               435P    905
0.0967309565171871,-5.03608775020906,1.49299087240272,               435P    906
0.144838720382913,-5.03340823713699,1.47676250693037,                435P    907
0.3121199657584,-5.02409098254691,1.43140359941633,                  435P    908
0.478893588632509,-5.01446338090952,1.36065080079502,                435P    909
0.631371046450404,-5.00563997578348,1.28987472229849,                435P    910
0.783898674102699,-4.99681366748223,1.19172489054758,                435P    911
0.926317939960331,-4.9885055028272,1.0743864350219,                  435P    912
1.04675392917387,-4.97963456376652,0.957082558119641,                435P    913
1.16715442694772,-4.97076623889451,0.817385815435894,                435P    914
1.26891041110848,-4.96094689461608,0.666821087006528,                435P    915
1.34363299971518,-4.95189571284614,0.516215619250256,                435P    916
1.41837580652303,-4.94284208203612,0.350574693454826,                435P    917
1.46811974601934,-4.93431795409324,0.183678969880118,                435P    918
1.48871153553124,-4.92581748495222,0.0168322472741422,               435P    919
1.50929727924633,-4.91731951156851,-0.155829383054744,               435P    920
1.5013205287595,-4.90787680291813,-0.32002563191751,                 435P    921
1.46546361091492,-4.89851248007166,-0.484242974819076,               435P    922
1.42960208658742,-4.88914695420508,-0.644547772905391,               435P    923
1.36485384953079,-4.8800343580769,-0.787634694525311,                435P    924
1.27657024404457,-4.87147657944053,-0.930722348431576,               435P    925
1.18828618674293,-4.8629187570074,-1.06051760997329,                 435P    926
1.07403794709873,-4.85429837991974,-1.16623081821949,                435P    927
0.943348121657695,-4.84500995016421,-1.2719337689482,                435P    928
0.812670977254271,-4.83572242167951,-1.35650784171272,               435P    929
0.661926348813766,-4.82623168078361,-1.41294428877111,               435P    930
0.503575651545134,-4.81752121779315,-1.46939284682048,               435P    931
0.345190972975993,-4.80880888557908,-1.49923434806108,               435P    932
0.174828170128207,-4.80058646386106,-1.49998504820405,               435P    933
0.00669739981588987,-4.79166842778837,-1.50073554705883,             435P    934
-0.161388288930951,-4.7827527829438,-1.47245018807792,               435P    935
-0.331873699317637,-4.7728590699756,-1.41746651295695,               435P    936
-0.490702236234991,-4.76374084295989,-1.36246372959041,              435P    937
-0.649585970166381,-4.75461944712506,-1.27921269059014,              435P    938
-0.801183044735537,-4.74602689304128,-1.174628745691,                435P    939
-0.932870467855207,-4.7374730629367,-1.07007559865991,               435P    940
-1.06451911167768,-4.72892175176302,-0.941350774713693,              435P    941
-1.17987648530906,-4.71945524548441,-0.799111007678402,              435P    942
-1.26941781829594,-4.71017897156287,-0.656853770886973,              435P    943
-1.3589701486662,-4.70090155833798,-0.497130968427399,               435P    944
-1.42517779877857,-4.69194010535646,-0.333191813823354,              435P    945
-1.46252631265256,-4.68346344389461,-0.169266971573272,              435P    946
-1.49987156589519,-4.67498752246939,0.00337294459904852,             435P    947
-1.50938367076438,-4.66633261708516,0.170364038258186,               435P    948
-1.49029396243432,-4.65698270987308,0.337343467607165,               435P    949
-1.47120558751836,-4.64763345575102,0.503322482895216,               435P    950
-1.42299802193157,-4.63807141946031,0.654570599846935,               435P    951
-1.34964340839202,-4.6292957584423,0.805862941205156,                435P    952
-1.27626734622676,-4.62051753145252,0.946578347999401,               435P    953
-1.17569539215693,-4.61223226562293,1.06498299030516,                435P    954
-1.05631966296225,-4.60327390186064,1.18335514574697,                435P    955
-0.936976687070115,-4.5943179960184,1.28270742767937,                435P    956
-0.795559881165535,-4.5845203695477,1.35484412005732,                435P    957
-0.643737066158322,-4.5755174931051,1.42700184337249,                435P    958
-0.491869988294197,-4.56651199193819,1.4739050870594,                435P    959
-0.325395814742695,-4.55804976078326,1.49163735568335,               435P    960
-0.158170791013949,-4.549517263338,1.49720497774535,                 435P    961
-0.105665059729658,-4.54683820844505,1.49999999999997,               435P    962
-0.0527933842527042,-4.54412090994701,1.49999999999998,              435P    963
-1.80974871318837E-013,-4.54131268142919,0.0,1.0,0.0,0.0,0.0,0,      435P    964
0;                                                                   435P    965
110,1.5,0.0,-4.5413126814303,1.5,0.0,-4.4586873185713,0,0;           437P    966
102,4,431,433,435,437,0,0;                                           439P    967
142,0,419,429,439,3,0,0;                                             441P    968
144,419,1,0,441,0,0;                                                 443P    969
128,6,1,3,1,0,0,0,0,0,0.0,0.0,0.0,0.0,0.5,0.5,0.5,1.0,1.0,1.0,       445P    970
1.0,0.0,0.0,1.0,1.0,1.0,0.333333333333333,0.333333333333333,1.0,     445P    971
0.333333333333333,0.333333333333333,1.0,1.0,0.333333333333333,       445P    972
0.333333333333333,1.0,0.333333333333333,0.333333333333333,1.0,       445P    973
1.5,0.0,-6.6,1.5,3.0,-6.6,-1.5,3.0,-6.6,-1.5,                        445P    974
1.83697019872103E-016,-6.6,-1.5,-3.0,-6.6,1.5,-3.0,-6.6,1.5,0.0,     445P    975
-6.6,1.5,0.0,0.6,1.5,3.0,0.599999999999999,-1.5,3.0,                 445P    976
0.599999999999999,-1.5,1.83697019872103E-016,0.6,-1.5,-3.0,          445P    977
0.599999999999999,1.5,-3.0,0.599999999999999,1.5,0.0,0.6,0.0,        445P    978
1.0,0.0,1.0,0,0;                                                     445P    979
126,1,1,1,0,1,0,0.0,0.0,1.0,1.0,1.0,1.0,1.0,0.366848983531829,       447P    980
0.0,0.0,0.297404539087321,0.0,0.0,1.0,0.0,0.0,1.0,0,0;               447P    981
126,1,1,1,0,1,0,0.0,0.0,1.0,1.0,1.0,1.0,0.0,0.29740453908732,        449P    982
0.0,0.0,0.285928794245792,0.0,0.0,1.0,0.0,0.0,1.0,0,0;               449P    983
126,1,1,1,0,1,0,0.0,0.0,1.0,1.0,1.0,1.0,0.0,0.28592879424579,        451P    984
0.0,1.0,0.355373238690393,0.0,0.0,1.0,0.0,0.0,1.0,0,0;               451P    985
126,1,1,1,0,1,0,0.0,0.0,1.0,1.0,1.0,1.0,1.0,0.355373238690393,       453P    986
0.0,1.0,0.366848983531829,0.0,0.0,1.0,0.0,0.0,1.0,0,0;               453P    987
102,4,447,449,451,453,0,0;                                           455P    988
126,60,3,0,0,1,0,0.0,0.0,0.0,0.0,0.00172081050874251,                457P    989
0.00172081050874251,0.00172081050874251,0.0554780621678841,          457P    990
0.0554780621678841,0.0554780621678841,0.109256373377986,             457P    991
0.109256373377986,0.109256373377986,0.163017109801973,               457P    992
0.163017109801973,0.163017109801973,0.216786288839665,               457P    993
0.216786288839665,0.216786288839665,0.270548561861196,               457P    994
0.270548561861196,0.270548561861196,0.324308236256138,               457P    995
0.324308236256138,0.324308236256138,0.378082168124323,               457P    996
0.378082168124323,0.378082168124323,0.431841570175752,               457P    997
0.431841570175752,0.431841570175752,0.485618177611279,               457P    998
0.485618177611279,0.485618177611279,0.539376786351884,               457P    999
0.539376786351884,0.539376786351884,0.593146109210774,               457P   1000
0.593146109210774,0.593146109210774,0.646910495011921,               457P   1001
0.646910495011921,0.646910495011921,0.700672884111771,               457P   1002
0.700672884111771,0.700672884111771,0.754443000776904,               457P   1003
0.754443000776904,0.754443000776904,0.808199966714171,               457P   1004
0.808199966714171,0.808199966714171,0.86197878563512,                457P   1005
0.86197878563512,0.86197878563512,0.915739268476811,                 457P   1006
0.915739268476811,0.915739268476811,0.969509695081067,               457P   1007
0.969509695081067,0.969509695081067,1.0,1.0,1.0,1.0,1.0,1.0,1.0,     457P   1008
1.0,1.0,1.0,1.0,1.0,1.0,1.0,1.0,1.0,1.0,1.0,1.0,1.0,1.0,1.0,1.0,     457P   1009
1.0,1.0,1.0,1.0,1.0,1.0,1.0,1.0,1.0,1.0,1.0,1.0,1.0,1.0,1.0,1.0,     457P   1010
1.0,1.0,1.0,1.0,1.0,1.0,1.0,1.0,1.0,1.0,1.0,1.0,1.0,1.0,1.0,1.0,     457P   1011
1.0,1.0,1.0,1.0,1.0,1.0,1.0,1.0,1.0,1.0,1.5,                         457P   1012
-8.03954387032809E-015,-3.95868731857083,1.5,                        457P   1013
-0.0054529686531799,-3.95897737730253,1.4999702642636,               457P   1014
-0.0109059640901795,-3.9592684579925,1.49991079712996,               457P   1015
-0.0163585039951138,-3.95956047416573,1.49807775127091,              457P   1016
-0.184430430159215,-3.96856173258137,1.46717665811421,               457P   1017
-0.354461361159493,-3.97843197844573,1.40975813808956,               457P   1018
-0.512427548137553,-3.9875068010054,1.35231827444516,                457P   1019
-0.670452454327238,-3.99658499685929,1.26674298648696,               457P   1020
-0.820757088101178,-4.00512112134389,1.16014532316594,               457P   1021
-0.950822185866623,-4.01370197616564,1.05358146830263,               457P   1022
-1.08084603225545,-4.02228010948808,0.923103128231451,               457P   1023
-1.19420712837321,-4.03184055661947,0.77950310562886,                457P   1024
-1.28155175795399,-4.04109200819771,0.635882005523757,               457P   1025
-1.36890920791332,-4.050344817697,0.475152887397241,                 457P   1026
-1.43265559477426,-4.05923493169709,0.310654644241348,               457P   1027
-1.46747868536864,-4.06769893208152,0.146176933381024,               457P   1028
-1.50229742942427,-4.07616187600873,-0.026579643801317,              457P   1029
-1.50915294165195,-4.08493113775365,-0.193253524964764,              457P   1030
-1.48749893280254,-4.09430156816222,-0.359920980301558,              457P   1031
-1.46584575878644,-4.10367163730987,-0.525145219722752,              457P   1032
-1.41509042229004,-4.11317122160792,-0.675251240409383,              457P   1033
-1.33941620205431,-4.1219058512271,-0.825395471719341,               457P   1034
-1.26372271837324,-4.13064270431233,-0.96454384149299,               457P   1035
-1.16100073767396,-4.13892705972766,-1.08109401035761,               457P   1036
-1.03982486062264,-4.14795984599441,-1.19761460885365,               457P   1037
-0.91867972754521,-4.15699034052001,-1.29478300104892,               457P   1038
-0.775752197425767,-4.16675603191063,-1.36457840288889,              457P   1039
-0.622836882634284,-4.17571434413004,-1.43439493123418,              457P   1040
-0.469875281610091,-4.18467536795832,-1.47873385457794,              457P   1041
-0.302695652948723,-4.19308636627134,-1.49389290770747,              457P   1042
-0.135218269110835,-4.20165537888403,-1.50904704021324,              457P   1043
0.0322047516221836,-4.21022160999798,-1.49546821063957,              457P   1044
0.204503067001406,-4.21987816977548,-1.45429730848486,               457P   1045
0.367449776886174,-4.22919602748876,-1.4131186626104,                457P   1046
0.530427134961507,-4.2385156377718,-1.34318882863426,                457P   1047
0.688560292875819,-4.24747643639909,-1.25029510009585,               457P   1048
0.82871114550024,-4.2559998725592,-1.15740965925219,                 457P   1049
0.968849494293609,-4.26452254828436,-1.03901713425031,               457P   1050
1.0948495775735,-4.27336671665203,-0.904969451185591,                457P   1051
1.19625678364674,-4.28268847325521,-0.770925926162676,               457P   1052
1.2976608441572,-4.29200994070568,-0.617502478022685,                457P   1053
1.37729938558295,-4.30136522281284,-0.457393208592935,               457P   1054
1.42856272271576,-4.30999261828825,-0.297261908947689,               457P   1055
1.47983311342122,-4.31862120084909,-0.126028870314757,               457P   1056
1.50412076098953,-4.32685326637109,0.0420198162246963,               457P   1057
1.49941132950383,-4.33594165091522,0.210030474567131,                457P   1058
1.49470296372826,-4.34502797882395,0.379509084122529,                457P   1059
1.46089825567133,-4.35486353842285,0.536471618212457,                457P   1060
1.40078485244978,-4.36388867138539,0.693494823369948,                457P   1061
1.34064821346455,-4.37291729285207,0.842316920618532,                457P   1062
1.2525103308158,-4.38139536645529,0.970538430029363,                 457P   1063
1.14370238953853,-4.39001480677178,1.09871758620278,                 457P   1064
1.03493038894383,-4.39863139997467,1.20982609625072,                 457P   1065
0.902536046159605,-4.40828323481598,1.29470158893183,                457P   1066
0.75746141526642,-4.41750234987503,1.37959173530015,                 457P   1067
0.612361737352038,-4.42672305660706,1.44058047167111,                457P   1068
0.450557069305778,-4.43553497345756,1.47258268515254,                457P   1069
0.285482460737828,-4.44399114589895,1.49077805771041,                457P   1070
0.191626640280912,-4.44879903858031,1.49999999999998,                457P   1071
0.0955889576759137,-4.45360267319838,1.49999999999995,               457P   1072
-3.37977293558624E-013,-4.45868731857083,0.0,1.0,0.0,0.0,0.0,0,      457P   1073
0;                                                                   457P   1074
110,1.5,0.0,-4.4586873185713,1.5,0.0,-4.5413126814303,0,0;           459P   1075
126,57,3,0,0,1,0,0.0,0.0,0.0,0.0,0.0369847703111863,                 461P   1076
0.0369847703111863,0.0369847703111863,0.0907486935971371,            461P   1077
0.0907486935971371,0.0907486935971371,0.144510116136523,             461P   1078
0.144510116136523,0.144510116136523,0.198267739595869,               461P   1079
0.198267739595869,0.198267739595869,0.252035239362535,               461P   1080
0.252035239362535,0.252035239362535,0.305788489903598,               461P   1081
0.305788489903598,0.305788489903598,0.359562912875649,               461P   1082
0.359562912875649,0.359562912875649,0.413319654395965,               461P   1083
0.413319654395965,0.413319654395965,0.467084993127346,               461P   1084
0.467084993127346,0.467084993127346,0.520843197796792,               461P   1085
0.520843197796792,0.520843197796792,0.574599010264691,               461P   1086
0.574599010264691,0.574599010264691,0.628368823679887,               461P   1087
0.628368823679887,0.628368823679887,0.682124241211117,               461P   1088
0.682124241211117,0.682124241211117,0.73589689637226,                461P   1089
0.73589689637226,0.73589689637226,0.789651518334013,                 461P   1090
0.789651518334013,0.789651518334013,0.84341703871124,                461P   1091
0.84341703871124,0.84341703871124,0.89717735185484,                  461P   1092
0.89717735185484,0.89717735185484,0.950935870617532,                 461P   1093
0.950935870617532,0.950935870617532,1.0,1.0,1.0,1.0,1.0,1.0,1.0,     461P   1094
1.0,1.0,1.0,1.0,1.0,1.0,1.0,1.0,1.0,1.0,1.0,1.0,1.0,1.0,1.0,1.0,     461P   1095
1.0,1.0,1.0,1.0,1.0,1.0,1.0,1.0,1.0,1.0,1.0,1.0,1.0,1.0,1.0,1.0,     461P   1096
1.0,1.0,1.0,1.0,1.0,1.0,1.0,1.0,1.0,1.0,1.0,1.0,1.0,1.0,1.0,1.0,     461P   1097
1.0,1.0,1.0,1.0,1.0,1.0,1.0,1.49999999999998,                        461P   1098
-1.80974871318837E-013,-4.54131268142919,1.49999999999999,           461P   1099
0.115810308889885,-4.53515240554069,1.48641035388465,                461P   1100
0.232363518642969,-4.52852072317675,1.4597733177699,                 461P   1101
0.34505341720822,-4.52208397612487,1.4211058658619,                  461P   1102
0.508638855712617,-4.51274012097521,1.35361937006099,                461P   1103
0.667820631775631,-4.50370774213381,1.26289533994005,                461P   1104
0.809379614493535,-4.49517076800488,1.17217541166086,                461P   1105
0.950932197004743,-4.48663417985216,1.055728569599,                  461P   1106
1.07874493058594,-4.47789960927339,0.923252783499301,                461P   1107
1.18220315418315,-4.46858970018462,0.790785217094347,                461P   1108
1.28565495853166,-4.45928036874565,0.638609766672757,                461P   1109
1.36763996425922,-4.44985944551268,0.479311871539729,                461P   1110
1.42135855075385,-4.44119401446393,0.319985994308873,                461P   1111
1.47508657339791,-4.43252706125484,0.149141508883872,                461P   1112
1.50200603654302,-4.42431236617461,-0.0189679903637118,              461P   1113
1.49988006698588,-4.41529969915981,-0.187035890852364,               461P   1114
1.4977546235007,-4.40628926233286,-0.357012892257687,                461P   1115
1.46655789441176,-4.39642218200491,-0.514879125792933,               461P   1116
1.40886460876221,-4.38735235527889,-0.672804373808361,               461P   1117
1.35114975587067,-4.37827913801711,-0.822960367446422,               461P   1118
1.26531270988278,-4.36974915507607,-0.952839815874983,               461P   1119
1.15848879376683,-4.3611647914973,-1.08267782492932,                 461P   1120
1.05169896092033,-4.35258316684806,-1.19581133597262,                461P   1121
0.921024069979676,-4.34301274632239,-1.2829060473411,                461P   1122
0.777272200516417,-4.33376436518538,-1.37001377446269,               461P   1123
0.633498848246552,-4.32451460193636,-1.43348061746355,               461P   1124
0.47265821671096,-4.31563250758711,-1.46801734033725,                461P   1125
0.308099153632625,-4.30716961214335,-1.50254960946699,               461P   1126
0.143561311558285,-4.29870780804719,-1.50910435586428,               461P   1127
-0.0292058964089084,-4.28992520388096,-1.4871604249244,              461P   1128
-0.195841442342218,-4.2805529074332,-1.46521726231054,               461P   1129
-0.362471153841122,-4.27118093913901,-1.41417427350085,              461P   1130
-0.527607530425897,-4.2616886118864,-1.33823860585147,               461P   1131
-0.677582049503014,-4.25295849529813,-1.26228395165816,              461P   1132
-0.827594067398333,-4.24422619587869,-1.15932020752185,              461P   1133
-0.966562926817728,-4.23594051478033,-1.03794238203524,              461P   1134
-1.0829014782403,-4.22689988466724,-0.916595046559801,               461P   1135
-1.19921080551324,-4.21786152555309,-0.773498606458926,              461P   1136
-1.29613057715228,-4.20809983544049,-0.620461890543554,              461P   1137
-1.36565992925896,-4.19914661531523,-0.467378749466878,              461P   1138
-1.43521037376407,-4.19019067914444,-0.300121866392155,              461P   1139
-1.47925835457838,-4.18178519765172,-0.13261852565009,               461P   1140
-1.49412594069389,-4.17321157946564,0.0348303480446234,              461P   1141
-1.50898869231766,-4.16464074916227,0.207104171062254,               461P   1142
-1.49511022412589,-4.15497414559011,0.369979146722001,               461P   1143
-1.45365588465457,-4.14565932608676,0.532885276886585,               461P   1144
-1.41219361585331,-4.13634272485734,0.690897390833076,               461P   1145
-1.34198826112741,-4.12738997589599,0.830886768291075,               461P   1146
-1.24885034262669,-4.11886774766086,0.970862971551622,               461P   1147
-1.15572118920052,-4.11034632144029,1.09665603769572,                461P   1148
-1.03711022278359,-4.10148944144273,1.19782962521175,                461P   1149
-0.902886586989236,-4.09216677094397,1.29900042528121,               461P   1150
-0.768666649207594,-4.08284435729531,1.37837219000222,               461P   1151
-0.615104198644262,-4.07349665549846,1.429356853805,                 461P   1152
-0.454905467631114,-4.0648734009079,1.47589421465317,                461P   1153
-0.308680591432716,-4.05700233771684,1.5,-0.153436567667997,         461P   1154
-4.04947440379464,1.5,2.75405827946127E-015,-4.04131268142917,       461P   1155
0.0,1.0,0.0,0.0,0.0,0,0;                                             461P   1156
110,1.5,0.0,-4.04131268142917,1.5,0.0,-3.95868731857083,0,0;         463P   1157
102,4,457,459,461,463,0,0;                                           465P   1158
142,0,445,455,465,3,0,0;                                             467P   1159
144,445,1,0,467,0,0;                                                 469P   1160
128,6,1,3,1,0,0,0,0,0,0.0,0.0,0.0,0.0,0.5,0.5,0.5,1.0,1.0,1.0,       471P   1161
1.0,0.0,0.0,1.0,1.0,1.0,0.333333333333333,0.333333333333333,1.0,     471P   1162
0.333333333333333,0.333333333333333,1.0,1.0,0.333333333333333,       471P   1163
0.333333333333333,1.0,0.333333333333333,0.333333333333333,1.0,       471P   1164
1.5,0.0,-6.6,1.5,3.0,-6.6,-1.5,3.0,-6.6,-1.5,                        471P   1165
1.83697019872103E-016,-6.6,-1.5,-3.0,-6.6,1.5,-3.0,-6.6,1.5,0.0,     471P   1166
-6.6,1.5,0.0,0.6,1.5,3.0,0.599999999999999,-1.5,3.0,                 471P   1167
0.599999999999999,-1.5,1.83697019872103E-016,0.6,-1.5,-3.0,          471P   1168
0.599999999999999,1.5,-3.0,0.599999999999999,1.5,0.0,0.6,0.0,        471P   1169
1.0,0.0,1.0,0,0;                                                     471P   1170
126,1,1,1,0,1,0,0.0,0.0,1.0,1.0,1.0,1.0,1.0,0.436293427976277,       473P   1171
0.0,0.0,0.366848983531829,0.0,0.0,1.0,0.0,0.0,1.0,0,0;               473P   1172
126,1,1,1,0,1,0,0.0,0.0,1.0,1.0,1.0,1.0,0.0,0.366848983531829,       475P   1173
0.0,0.0,0.355373238690393,0.0,0.0,1.0,0.0,0.0,1.0,0,0;               475P   1174
126,1,1,1,0,1,0,0.0,0.0,1.0,1.0,1.0,1.0,0.0,0.355373238690393,       477P   1175
0.0,1.0,0.424817683135012,0.0,0.0,1.0,0.0,0.0,1.0,0,0;               477P   1176
126,1,1,1,0,1,0,0.0,0.0,1.0,1.0,1.0,1.0,1.0,0.424817683135012,       479P   1177
0.0,1.0,0.436293427976273,0.0,0.0,1.0,0.0,0.0,1.0,0,0;               479P   1178
102,4,473,475,477,479,0,0;                                           481P   1179
126,57,3,0,0,1,0,0.0,0.0,0.0,0.0,0.0339754955284093,                 483P   1180
0.0339754955284093,0.0339754955284093,0.0877392338778638,            483P   1181
0.0877392338778638,0.0877392338778638,0.14150355110832,              483P   1182
0.14150355110832,0.14150355110832,0.195261847870409,                 483P   1183
0.195261847870409,0.195261847870409,0.249032438600292,               483P   1184
0.249032438600292,0.249032438600292,0.3027876423214,                 483P   1185
0.3027876423214,0.3027876423214,0.356562406273814,                   483P   1186
0.356562406273814,0.356562406273814,0.410321042163326,               483P   1187
0.410321042163326,0.410321042163326,0.464086557047276,               483P   1188
0.464086557047276,0.464086557047276,0.517847480958633,               483P   1189
0.517847480958633,0.517847480958633,0.571603786730922,               483P   1190
0.571603786730922,0.571603786730922,0.625376718540131,               483P   1191
0.625376718540131,0.625376718540131,0.679133935182241,               483P   1192
0.679133935182241,0.679133935182241,0.732907663859907,               483P   1193
0.732907663859907,0.732907663859907,0.786664079881199,               483P   1194
0.786664079881199,0.786664079881199,0.840429382810617,               483P   1195
0.840429382810617,0.840429382810617,0.894192465346023,               483P   1196
0.894192465346023,0.894192465346023,0.947951543495908,               483P   1197
0.947951543495908,0.947951543495908,1.0,1.0,1.0,1.0,1.0,1.0,1.0,     483P   1198
1.0,1.0,1.0,1.0,1.0,1.0,1.0,1.0,1.0,1.0,1.0,1.0,1.0,1.0,1.0,1.0,     483P   1199
1.0,1.0,1.0,1.0,1.0,1.0,1.0,1.0,1.0,1.0,1.0,1.0,1.0,1.0,1.0,1.0,     483P   1200
1.0,1.0,1.0,1.0,1.0,1.0,1.0,1.0,1.0,1.0,1.0,1.0,1.0,1.0,1.0,1.0,     483P   1201
1.0,1.0,1.0,1.0,1.0,1.0,1.0,1.49999999999997,                        483P   1202
2.01428991967493E-013,-3.4586873185708,1.49999999999998,             483P   1203
-0.106441798883856,-3.46434925707592,1.48854350272866,               483P   1204
-0.213459542508479,-3.47041097302244,1.4660181548368,                483P   1205
-0.317475620621353,-3.47634210223001,1.43044250051969,               483P   1206
-0.481754550124671,-3.4857094959507,1.36597371664105,                483P   1207
-0.642170904140424,-3.4948302539849,1.27793968580293,                483P   1208
-0.78541082208606,-3.50339046690789,1.18990474869853,                483P   1209
-0.928652214614963,-3.511950767954,1.07588195315781,                 483P   1210
-1.05864693045967,-3.52056011751444,0.945375823011071,               483P   1211
-1.16458771815014,-3.52984585583952,0.814882820471996,               483P   1212
-1.27051784925998,-3.53913066011246,0.664286097849587,               483P   1213
-1.35535377295026,-3.54862828211173,0.506034284176533,               483P   1214
-1.4120656157693,-3.55734346038052,0.347747924896469,                483P   1215
-1.46878983850987,-3.56606054113065,0.177436969881646,               483P   1216
-1.49892793650634,-3.57428485085372,0.0093068153210103,              483P   1217
-1.49997112745165,-3.58319323771845,-0.158777917993835,              483P   1218
-1.50101403657344,-3.5920992179356,-0.329312286455052,               483P   1219
-1.47302514227419,-3.60199453646766,-0.488236057643501,              483P   1220
-1.41831786000782,-3.61111758063375,-0.647214564859879,              483P   1221
-1.36359173563049,-3.62024376693016,-0.798955580526394,              483P   1222
-1.28060503621234,-3.6288429425046,-0.930824599440915,               483P   1223
-1.17625063871424,-3.63739415854437,-1.0626551914335,                483P   1224
-1.07192665031693,-3.64594288274099,-1.17823685061179,               483P   1225
-0.943402198292867,-3.65539815583809,-1.26802550595355,              483P   1226
-0.801318486153445,-3.66467696730449,-1.35782494078447,              483P   1227
-0.659217716292991,-3.67395689272953,-1.42431017130297,              483P   1228
-0.499611185564419,-3.682926461885,-1.46194396409645,                483P   1229
-0.335737763502929,-3.69140487498027,-1.49957463491592,              483P   1230
-0.171877935834374,-3.69988258473464,-1.50938731167159,              483P   1231
0.00074620008405979,-3.70852500909813,-1.49058812939907,             483P   1232
0.167770761738573,-3.71787212750826,-1.47179032668596,               483P   1233
0.334783066460719,-3.72721855998935,-1.42387181406179,               483P   1234
0.500845070229387,-3.73678746336998,-1.35078081102883,               483P   1235
0.652220208638375,-3.7455678883519,-1.27766814311459,                483P   1236
0.803640216104661,-3.75435091593684,-1.17734110153347,               483P   1237
0.944530815871599,-3.76263776991682,-1.05817090335226,               483P   1238
1.06314361179413,-3.77158712481415,-0.939033659935794,               483P   1239
1.18172360709331,-3.78053400489908,-0.797789910929981,               483P   1240
1.28132160724257,-3.79033484674264,-0.64609299360866,                483P   1241
1.35372221803803,-3.79934270713982,-0.494352132491513,               483P   1242
1.42614380195354,-3.80835317694783,-0.327960394202069,               483P   1243
1.47333655428638,-3.81682147645966,-0.160766542104096,               483P   1244
1.49135982208852,-3.82535030720833,0.00637500888890787,              483P   1245
1.50937745190332,-3.83387646999244,0.178886977107281,                483P   1246
1.49874806139767,-3.84342607978561,0.34251318643195,                 483P   1247
1.46037143121886,-3.85277093839718,0.506165042425757,                483P   1248
1.42198878591119,-3.86211726171602,0.665463139222973,                483P   1249
1.35477983822314,-3.87115778144588,0.807179389208512,                483P   1250
1.26430274603711,-3.87969660280541,0.948889949026852,                483P   1251
1.17382928667217,-3.88823508131561,1.07690597053108,                 483P   1252
1.05760442725464,-3.89695761553405,1.18059484074889,                 483P   1253
0.925308500985947,-3.90626574716284,1.28427690979799,                483P   1254
0.793021252282278,-3.9155732682519,1.36652628151341,                 483P   1255
0.640989292043915,-3.92500145724589,1.42052196063584,                483P   1256
0.481785594794321,-3.93367134645404,1.47279983216257,                483P   1257
0.327646771713231,-3.9420654135635,1.5,0.162749095015161,            483P   1258
-3.95003023669698,1.5,-8.03954387032809E-015,-3.95868731857083,      483P   1259
0.0,1.0,0.0,0.0,0.0,0,0;                                             483P   1260
110,1.5,0.0,-3.95868731857083,1.5,0.0,-4.04131268142917,0,0;         485P   1261
126,60,3,0,0,1,0,0.0,0.0,0.0,0.0,0.00470237017062436,                487P   1262
0.00470237017062436,0.00470237017062436,0.0584611152705405,          487P   1263
0.0584611152705405,0.0584611152705405,0.112241753915541,             487P   1264
0.112241753915541,0.112241753915541,0.166004013682595,               487P   1265
0.166004013682595,0.166004013682595,0.219776367232898,               487P   1266
0.219776367232898,0.219776367232898,0.273539410804279,               487P   1267
0.273539410804279,0.273539410804279,0.327302087084954,               487P   1268
0.327302087084954,0.327302087084954,0.381076142286663,               487P   1269
0.381076142286663,0.381076142286663,0.434837226040974,               487P   1270
0.434837226040974,0.434837226040974,0.488615528994003,               487P   1271
0.488615528994003,0.488615528994003,0.542375729947236,               487P   1272
0.542375729947236,0.542375729947236,0.596148649373975,               487P   1273
0.596148649373975,0.596148649373975,0.649913764778661,               487P   1274
0.649913764778661,0.649913764778661,0.703679043074701,               487P   1275
0.703679043074701,0.703679043074701,0.757449285448706,               487P   1276
0.757449285448706,0.757449285448706,0.811207955945937,               487P   1277
0.811207955945937,0.811207955945937,0.864988527332607,               487P   1278
0.864988527332607,0.864988527332607,0.918750604460603,               487P   1279
0.918750604460603,0.918750604460603,0.972524222624434,               487P   1280
0.972524222624434,0.972524222624434,1.0,1.0,1.0,1.0,1.0,1.0,1.0,     487P   1281
1.0,1.0,1.0,1.0,1.0,1.0,1.0,1.0,1.0,1.0,1.0,1.0,1.0,1.0,1.0,1.0,     487P   1282
1.0,1.0,1.0,1.0,1.0,1.0,1.0,1.0,1.0,1.0,1.0,1.0,1.0,1.0,1.0,1.0,     487P   1283
1.0,1.0,1.0,1.0,1.0,1.0,1.0,1.0,1.0,1.0,1.0,1.0,1.0,1.0,1.0,1.0,     487P   1284
1.0,1.0,1.0,1.0,1.0,1.0,1.0,1.0,1.0,1.0,1.5,                         487P   1285
2.75405827946127E-015,-4.04131268142917,1.5,0.0148781272233961,      487P   1286
-4.0405212720177,1.49977859316501,0.0297574943411934,                487P   1287
-4.03972220364161,1.49933595776383,0.0446283066720471,               487P   1288
-4.0389172110614,1.49433532217843,0.212630037052887,                 487P   1289
-4.02982287623894,1.46023590980725,0.382049763226756,                487P   1290
-4.01999127397719,1.39984945574581,0.538907692697423,                487P   1291
-4.01097125063257,1.33943961327984,0.695826375142661,                487P   1292
-4.00194773372375,1.25104267244092,0.844495178364668,                487P   1293
-3.9934752569828,1.14201187941159,0.9725270522113,                   487P   1294
-3.98485137878129,1.03301717556283,1.1005165475217,                  487P   1295
-3.97623035508253,0.900430167196921,1.21139426516157,                487P   1296
-3.96657012122933,0.755207965251883,1.29601733368814,                487P   1297
-3.95735454952239,0.609960314166063,1.38065523179555,                487P   1298
-3.94813736285314,0.448048942262105,1.44136256918785,                487P   1299
-3.93933329953416,0.282918456206644,1.47307744098457,                487P   1300
-3.93087753498626,0.117815775064953,1.50478697258459,                487P   1301
-3.92242319423241,-0.0550281708657711,1.50838313143726,              487P   1302
-3.91350627605629,-0.221260380621434,1.4835915354191,                487P   1303
-3.90412039311053,-0.387492525782518,1.45879994903446,               487P   1304
-3.89473451381195,-0.551738445542342,1.40493596329386,               487P   1305
-3.88531535123634,-0.70039554951508,1.3264411310795,                 487P   1306
-3.87662798543252,-0.849082904337859,1.2479303256265,                487P   1307
-3.86793885180064,-0.986263337263648,1.14260622481684,               487P   1308
-3.85962577588323,-1.10050225198846,1.01926188654749,                487P   1309
-3.85051415255139,-1.21471550785391,0.895945252279306,               487P   1310
-3.84140457575389,-1.30917476230843,0.751210240584722,               487P   1311
-3.83168618603296,-1.37607637763986,0.597004022517074,               487P   1312
-3.82278334000664,-1.4429983109552,0.442750972105513,                487P   1313
-3.81387779019086,-1.48417759286815,0.274762359618473,               487P   1314
-3.80552327740008,-1.49617651782096,0.107031899549437,               487P   1315
-3.79689911932742,-1.50817153775806,-0.0606439731225611,             487P   1316
-3.78827776796226,-1.49134883297227,-0.232649745450655,              487P   1317
-3.77852175872522,-1.44711378726741,-0.394793220180595,              487P   1318
-3.76923947382551,-1.40286888569711,-0.55697282156631,               487P   1319
-3.75995512077034,-1.32996516778635,-0.713769008284032,              487P   1320
-3.75108072962465,-1.23444089517007,-0.852147684578044,              487P   1321
-3.74256668707752,-1.13893009881212,-0.990506838851745,              487P   1322
-3.73405384566424,-1.018190177587,-1.11424404932455,                 487P   1323
-3.72506981980056,-0.882257440299304,-1.21310420370078,              487P   1324
-3.71574259773966,-0.746323898964292,-1.3119649428386,               487P   1325
-3.70641532050789,-0.591418910540108,-1.38870023756153,              487P   1326
-3.69714355495328,-0.430366149565655,-1.43693596840918,              487P   1327
-3.68855903659699,-0.269299141330375,-1.48517596634939,              487P   1328
-3.67997375882576,-0.0976465220345483,-1.50622856072109,             487P   1329
-3.67169153243583,0.0702739805219744,-1.49835295163109,              487P   1330
-3.66252282804695,0.238161429825471,-1.49047889276572,               487P   1331
-3.6533559284139,0.406975315916857,-1.45348645325176,                487P   1332
-3.643567226887,0.562779433653214,-1.39042414717889,                 487P   1333
-3.63459778238365,0.718644024587213,-1.3273373643505,                487P   1334
-3.62562485651539,0.865780287008589,-1.23640749953322,               487P   1335
-3.61720417481729,0.991925842516525,-1.12520359177701,               487P   1336
-3.60853145905808,1.11802949271832,-1.01403662574087,                487P   1337
-3.59986162435804,1.22662026470625,-0.87957596229728,                487P   1338
-3.59012873049224,1.30874741994908,-0.732925774397804,               487P   1339
-3.58095029236845,1.39089103933517,-0.586246187334366,               487P   1340
-3.5717700142306,1.44882108608038,-0.423311603636507,                487P   1341
-3.56304197767299,1.47770502121254,-0.257658437244444,               487P   1342
-3.5545862264231,1.49251378680653,-0.172728219122236,                487P   1343
-3.55025097093911,1.49999999999998,-0.0861986793839788,              487P   1344
-3.54589783150192,1.49999999999995,4.84115917649433E-013,            487P   1345
-3.54131268142916,0.0,1.0,0.0,0.0,0.0,0,0;                           487P   1346
110,1.5,0.0,-3.54131268142791,1.5,0.0,-3.45868731857083,0,0;         489P   1347
102,4,483,485,487,489,0,0;                                           491P   1348
142,0,471,481,491,3,0,0;                                             493P   1349
144,471,1,0,493,0,0;                                                 495P   1350
128,6,1,3,1,0,0,0,0,0,0.0,0.0,0.0,0.0,0.5,0.5,0.5,1.0,1.0,1.0,       497P   1351
1.0,0.0,0.0,1.0,1.0,1.0,0.333333333333333,0.333333333333333,1.0,     497P   1352
0.333333333333333,0.333333333333333,1.0,1.0,0.333333333333333,       497P   1353
0.333333333333333,1.0,0.333333333333333,0.333333333333333,1.0,       497P   1354
1.5,0.0,-6.6,1.5,3.0,-6.6,-1.5,3.0,-6.6,-1.5,                        497P   1355
1.83697019872103E-016,-6.6,-1.5,-3.0,-6.6,1.5,-3.0,-6.6,1.5,0.0,     497P   1356
-6.6,1.5,0.0,0.6,1.5,3.0,0.599999999999999,-1.5,3.0,                 497P   1357
0.599999999999999,-1.5,1.83697019872103E-016,0.6,-1.5,-3.0,          497P   1358
0.599999999999999,1.5,-3.0,0.599999999999999,1.5,0.0,0.6,0.0,        497P   1359
1.0,0.0,1.0,0,0;                                                     497P   1360
126,1,1,1,0,1,0,0.0,0.0,1.0,1.0,1.0,1.0,1.0,0.505737872420719,       499P   1361
0.0,0.0,0.436293427976277,0.0,0.0,1.0,0.0,0.0,1.0,0,0;               499P   1362
126,1,1,1,0,1,0,0.0,0.0,1.0,1.0,1.0,1.0,0.0,0.436293427976273,       501P   1363
0.0,0.0,0.424817683135012,0.0,0.0,1.0,0.0,0.0,1.0,0,0;               501P   1364
126,1,1,1,0,1,0,0.0,0.0,1.0,1.0,1.0,1.0,0.0,0.424817683135013,       503P   1365
0.0,1.0,0.494262127579284,0.0,0.0,1.0,0.0,0.0,1.0,0,0;               503P   1366
126,1,1,1,0,1,0,0.0,0.0,1.0,1.0,1.0,1.0,1.0,0.494262127579285,       505P   1367
0.0,1.0,0.505737872420718,0.0,0.0,1.0,0.0,0.0,1.0,0,0;               505P   1368
102,4,499,501,503,505,0,0;                                           507P   1369
126,60,3,0,0,1,0,0.0,0.0,0.0,0.0,0.0123447664073284,                 509P   1370
0.0123447664073284,0.0123447664073284,0.0661065485460774,            509P   1371
0.0661065485460774,0.0661065485460774,0.119888633244212,             509P   1372
0.119888633244212,0.119888633244212,0.173653101632443,               509P   1373
0.173653101632443,0.173653101632443,0.227431619791838,               509P   1374
0.227431619791838,0.227431619791838,0.281195543052394,               509P   1375
0.281195543052394,0.281195543052394,0.334964623523552,               509P   1376
0.334964623523552,0.334964623523552,0.388737135888263,               509P   1377
0.388737135888263,0.388737135888263,0.442501646102736,               509P   1378
0.442501646102736,0.442501646102736,0.496280346558865,               509P   1379
0.496280346558865,0.496280346558865,0.550042694759297,               509P   1380
0.550042694759297,0.550042694759297,0.603822861705902,               509P   1381
0.603822861705902,0.603822861705902,0.65758876298928,                509P   1382
0.65758876298928,0.65758876298928,0.711359904822944,                 509P   1383
0.711359904822944,0.711359904822944,0.765128877641267,               509P   1384
0.765128877641267,0.765128877641267,0.818891254092887,               509P   1385
0.818891254092887,0.818891254092887,0.872672304059214,               509P   1386
0.872672304059214,0.872672304059214,0.926436615829233,               509P   1387
0.926436615829233,0.926436615829233,0.980216271614323,               509P   1388
0.980216271614323,0.980216271614323,1.0,1.0,1.0,1.0,1.0,1.0,1.0,     509P   1389
1.0,1.0,1.0,1.0,1.0,1.0,1.0,1.0,1.0,1.0,1.0,1.0,1.0,1.0,1.0,1.0,     509P   1390
1.0,1.0,1.0,1.0,1.0,1.0,1.0,1.0,1.0,1.0,1.0,1.0,1.0,1.0,1.0,1.0,     509P   1391
1.0,1.0,1.0,1.0,1.0,1.0,1.0,1.0,1.0,1.0,1.0,1.0,1.0,1.0,1.0,1.0,     509P   1392
1.0,1.0,1.0,1.0,1.0,1.0,1.0,1.0,1.0,1.0,1.49999999999999,            509P   1393
-3.6934455573807E-014,-2.95868731857083,1.49999999999999,            509P   1394
-0.0389226364220065,-2.96075772301897,1.49848277223215,              509P   1395
-0.0778718878190934,-2.96288127704381,1.49545562700094,              509P   1396
-0.116672480350843,-2.96502804474201,1.4823830617964,                509P   1397
-0.284230769466502,-2.97429874653205,1.44017666444499,               509P   1398
-0.45182405575318,-2.98399297242702,1.3723131868467,                 509P   1399
-0.605604257916561,-2.99287080746317,1.30442522227569,               509P   1400
-0.759439948123697,-3.00175184586161,1.20897741131409,               509P   1401
-0.903686612999905,-3.01009527264829,1.09392413329447,               509P   1402
-1.02631865938214,-3.01888120317268,0.978906988676677,               509P   1403
-1.14891219218974,-3.02766437440534,0.841151147092155,               509P   1404
-1.25328255462876,-3.03747563018304,0.692023382001078,               509P   1405
-1.33082817777674,-3.04657771503827,0.542859090343506,               509P   1406
-1.40839279453975,-3.05568202931006,0.378193158091578,               509P   1407
-1.46124852378017,-3.06427958383957,0.21171801819301,                509P   1408
-1.4849833267658,-3.07275490923997,0.0452868497610323,               509P   1409
-1.50871186062261,-3.08122799603292,-0.127503522420448,              509P   1410
-1.50399102790907,-3.09052918288131,-0.292346558653801,              509P   1411
-1.47123536174308,-3.09991055185493,-0.457204978109872,              509P   1412
-1.43847663880429,-3.10929279630192,-0.618692567346633,              509P   1413
-1.37676622123924,-3.11849362127545,-0.763413890454467,              509P   1414
-1.29120069387418,-3.12708070865446,-0.908144122386406,              509P   1415
-1.20562989922566,-3.13566832464148,-1.04007935772827,               509P   1416
-1.09384287696187,-3.14417620616637,-1.14824149150394,               509P   1417
-0.965163963888419,-3.15343029864057,-1.25638898992357,              509P   1418
-0.836502462284606,-3.16268313894885,-1.34378630269056,              509P   1419
-0.687384075175114,-3.17224603650346,-1.40319713293163,              509P   1420
-0.530129989844414,-3.18100870504754,-1.46262290737946,              509P   1421
-0.372836348803837,-3.18977357775424,-1.49567277961821,              509P   1422
-0.203063268747286,-3.19802114774918,-1.49959238341227,              509P   1423
-0.0349668930835481,-3.20684046568786,-1.50351085229566,             509P   1424
0.133080810729874,-3.21565723001692,-1.47844193272369,               509P   1425
0.304069891020008,-3.22555213991379,-1.42646158354352,               509P   1426
0.463904462874093,-3.23472129625,-1.37446496583296,                  509P   1427
0.623789058893718,-3.2438933222995,-1.29409135536762,                509P   1428
0.776920625233837,-3.25255994579326,-1.19201164678543,               509P   1429
0.910553806168468,-3.26109015145421,-1.08995826393511,               509P   1430
1.04415252392391,-3.26961815722736,-0.963424898306829,               509P   1431
1.16192177068961,-3.27895759960053,-0.82289849088071,                509P   1432
1.25412841196835,-3.28825820923437,-0.682359130213158,               509P   1433
1.34634355253849,-3.29755967616645,-0.52392168449148,                509P   1434
1.41554770265739,-3.30660926956539,-0.360721220252854,               509P   1435
1.45598083821845,-3.31510817274766,-0.197527166435624,               509P   1436
1.49641238558894,-3.32360674209785,-0.0250862032362535,              509P   1437
1.50917963079759,-3.33213265394386,0.142241088991176,                509P   1438
1.49324059434594,-3.34144712107313,0.309550338345156,                509P   1439
1.47730327659787,-3.350760583825,0.476402057986824,                  509P   1440
1.43223470940447,-3.3603945930976,0.629002017829782,                 509P   1441
1.36174757630262,-3.36922295239223,0.781652697633488,                509P   1442
1.29123701524818,-3.3780542459867,0.924242810507774,                 509P   1443
1.19333509253906,-3.38636526539661,1.044883328209,                   509P   1444
1.07620575654978,-3.39522783560995,1.16548805856863,                 509P   1445
0.959111166329483,-3.40408777679091,1.26748681872064,                509P   1446
0.819591542153011,-3.4139077609534,1.34247109338877,                 509P   1447
0.669157203813711,-3.42296375358909,1.41747548539096,                509P   1448
0.518682505840993,-3.43202217583326,1.46750740903878,                509P   1449
0.353129072582356,-3.44055286222727,1.48838960705436,                509P   1450
0.186269636850901,-3.44905057230531,1.49611531039273,                509P   1451
0.124537318313068,-3.45219443613944,1.49999999999996,                509P   1452
0.0622053122119704,-3.45537844314661,1.49999999999997,               509P   1453
2.01428991967493E-013,-3.4586873185708,0.0,1.0,0.0,0.0,0.0,0,0;      509P   1454
110,1.5,0.0,-3.45868731857084,1.5,0.0,-3.54131268142791,0,0;         511P   1455
126,60,3,0,0,1,0,0.0,0.0,0.0,0.0,0.0262867833773024,                 513P   1456
0.0262867833773024,0.0262867833773024,0.0800512762333492,            513P   1457
0.0800512762333492,0.0800512762333492,0.133824378057246,             513P   1458
0.133824378057246,0.133824378057246,0.1875861353938,                 513P   1459
0.1875861353938,0.1875861353938,0.24136449414872,                    513P   1460
0.24136449414872,0.24136449414872,0.295125117053265,                 513P   1461
0.295125117053265,0.295125117053265,0.348900278881819,               513P   1462
0.348900278881819,0.348900278881819,0.40266517632977,                513P   1463
0.40266517632977,0.40266517632977,0.456432121813262,                 513P   1464
0.456432121813262,0.456432121813262,0.510201473237761,               513P   1465
0.510201473237761,0.510201473237761,0.563960888331882,               513P   1466
0.563960888331882,0.563960888331882,0.617741558231887,               513P   1467
0.617741558231887,0.617741558231887,0.671504077498406,               513P   1468
0.671504077498406,0.671504077498406,0.725279542327174,               513P   1469
0.725279542327174,0.725279542327174,0.779041794548466,               513P   1470
0.779041794548466,0.779041794548466,0.832807644262262,               513P   1471
0.832807644262262,0.832807644262262,0.886579254941256,               513P   1472
0.886579254941256,0.886579254941256,0.940341315283018,               513P   1473
0.940341315283018,0.940341315283018,0.994118829769984,               513P   1474
0.994118829769984,0.994118829769984,1.0,1.0,1.0,1.0,1.0,1.0,1.0,     513P   1475
1.0,1.0,1.0,1.0,1.0,1.0,1.0,1.0,1.0,1.0,1.0,1.0,1.0,1.0,1.0,1.0,     513P   1476
1.0,1.0,1.0,1.0,1.0,1.0,1.0,1.0,1.0,1.0,1.0,1.0,1.0,1.0,1.0,1.0,     513P   1477
1.0,1.0,1.0,1.0,1.0,1.0,1.0,1.0,1.0,1.0,1.0,1.0,1.0,1.0,1.0,1.0,     513P   1478
1.0,1.0,1.0,1.0,1.0,1.0,1.0,1.0,1.0,1.0,1.49999999999995,            513P   1479
4.84115917649433E-013,-3.54131268142916,1.49999999999992,            513P   1480
0.0824935029833946,-3.53692462010497,1.49314921722285,               513P   1481
0.165253160018935,-3.53229537858735,1.47958859116179,                513P   1482
0.246612248081455,-3.52768654716891,1.45195587485351,                513P   1483
0.412399033249705,-3.51829505369915,1.39528629504401,                513P   1484
0.575706863277673,-3.5089518250678,1.3142551121102,                  513P   1485
0.723003112228575,-3.50030383490065,1.23321143607927,                513P   1486
0.87032207078677,-3.4916545114174,1.12555906244457,                  513P   1487
1.00567312804608,-3.48329015521289,1.00028428262199,                 513P   1488
1.11777965357194,-3.47411844616173,0.875033921166007,                513P   1489
1.229864327467,-3.46494852484593,0.728701832567378,                  513P   1490
1.32183584052641,-3.45528013543444,0.573370791443068,                513P   1491
1.38609016139642,-3.44642776079671,0.417994179280124,                513P   1492
1.45036333320644,-3.43757278904829,0.249324799831236,                513P   1493
1.48866150200988,-3.42926283009653,0.0814182272031419,               513P   1494
1.4977887275177,-3.4205783975166,-0.086435021838519,                 513P   1495
1.50691305441119,-3.41189672292932,-0.25812355528222,                513P   1496
1.48715167073086,-3.4020704869149,-0.419488424224548,                513P   1497
1.44014911100955,-3.39282513783493,-0.580894390761617,               513P   1498
1.39313458032973,-3.38357743408128,-0.736428651713889,               513P   1499
1.31755384849788,-3.37477945742718,-0.873155959835902,               513P   1500
1.21967154176977,-3.36626656151471,-1.00985789050393,                513P   1501
1.12180740261746,-3.35775524564961,-1.13150381915722,                513P   1502
0.998974183171881,-3.34864250255599,-1.22802239379858,               513P   1503
0.86137158086929,-3.33931841188182,-1.32454463575153,                513P   1504
0.723763750229865,-3.32999396693029,-1.39862096808737,               513P   1505
0.567561179236847,-3.32080016762267,-1.4440935802958,                513P   1506
0.405701529881844,-3.312250374164,-1.48956813888425,                 513P   1507
0.243834952392006,-3.30370021474555,-1.50767815317484,               513P   1508
0.0718555662175658,-3.29534829590308,-1.4969314077992,               513P   1509
-0.0958976555725458,-3.2861182549477,-1.48618645810665,              513P   1510
-0.263622847330011,-3.27688975624795,-1.44631139851896,              513P   1511
-0.431782531204098,-3.26715071534774,-1.38059125660256,              513P   1512
-0.586487665848614,-3.25823200785529,-1.31484631885237,              513P   1513
-0.741251169855924,-3.24930993538549,-1.22141111847278,              513P   1514
-0.886810232438195,-3.24093470681806,-1.10806830562288,              513P   1515
-1.01103146838961,-3.23220351540293,-0.994762310631589,              513P   1516
-1.13521235277582,-3.22347516019561,-0.858466814068968,              513P   1517
-1.24148562560328,-3.21368973660873,-0.710431450424729,              513P   1518
-1.32109316637678,-3.20455216060385,-0.562362742506976,              513P   1519
-1.40071863837662,-3.19541252640271,-0.398452853038946,              513P   1520
-1.45585431522838,-3.18675784844641,-0.232325980470917,              513P   1521
-1.48189899750227,-3.17829453319881,-0.066238837129129,              513P   1522
-1.50793745119279,-3.16983324195228,0.106607648841997,               513P   1523
-1.50561654981437,-3.16064127633605,0.271890266620631,               513P   1524
-1.47515276595916,-3.15125256838164,0.437183943757694,               513P   1525
-1.44468694371716,-3.14186323221183,0.599506199495514,               513P   1526
-1.38522794740111,-3.13259802401023,0.745398460651281,               513P   1527
-1.30168396120514,-3.12398546542255,0.891305791842079,               513P   1528
-1.21813134527933,-3.11537201719508,1.02478731103057,                513P   1529
-1.10818324992973,-3.10693564007218,1.13472932341243,                513P   1530
-0.981014455850664,-3.09771435276843,1.24465344415108,               513P   1531
-0.853866356851127,-3.08849456611016,1.33411057660252,               513P   1532
-0.705979066765001,-3.07888221280399,1.39569869768806,               513P   1533
-0.549568144338677,-3.07007979539249,1.45730366862343,               513P   1534
-0.393114429560357,-3.06127496973392,1.49270914243567,               513P   1535
-0.223815176213439,-3.05300253270454,1.49896238254908,               513P   1536
-0.0557832923266115,-3.04424780527931,1.49965402744009,              513P   1537
-0.0371979842446209,-3.0432794812767,1.5,-0.0185970729785725,        513P   1538
-3.04230191201982,1.5,-4.87890977618477E-016,-3.04131268142917,      513P   1539
0.0,1.0,0.0,0.0,0.0,0,0;                                             513P   1540
110,1.5,0.0,-3.04131268142915,1.5,0.0,-2.95868731857083,0,0;         515P   1541
102,4,509,511,513,515,0,0;                                           517P   1542
142,0,497,507,517,3,0,0;                                             519P   1543
144,497,1,0,519,0,0;                                                 521P   1544
128,6,1,3,1,0,0,0,0,0,0.0,0.0,0.0,0.0,0.5,0.5,0.5,1.0,1.0,1.0,       523P   1545
1.0,0.0,0.0,1.0,1.0,1.0,0.333333333333333,0.333333333333333,1.0,     523P   1546
0.333333333333333,0.333333333333333,1.0,1.0,0.333333333333333,       523P   1547
0.333333333333333,1.0,0.333333333333333,0.333333333333333,1.0,       523P   1548
1.5,0.0,-6.6,1.5,3.0,-6.6,-1.5,3.0,-6.6,-1.5,                        523P   1549
1.83697019872103E-016,-6.6,-1.5,-3.0,-6.6,1.5,-3.0,-6.6,1.5,0.0,     523P   1550
-6.6,1.5,0.0,0.6,1.5,3.0,0.599999999999999,-1.5,3.0,                 523P   1551
0.599999999999999,-1.5,1.83697019872103E-016,0.6,-1.5,-3.0,          523P   1552
0.599999999999999,1.5,-3.0,0.599999999999999,1.5,0.0,0.6,0.0,        523P   1553
1.0,0.0,1.0,0,0;                                                     523P   1554
126,1,1,1,0,1,0,0.0,0.0,1.0,1.0,1.0,1.0,1.0,0.575182316865327,       525P   1555
0.0,0.0,0.505737872420719,0.0,0.0,1.0,0.0,0.0,1.0,0,0;               525P   1556
126,1,1,1,0,1,0,0.0,0.0,1.0,1.0,1.0,1.0,0.0,0.505737872420718,       527P   1557
0.0,0.0,0.494262127579285,0.0,0.0,1.0,0.0,0.0,1.0,0,0;               527P   1558
126,1,1,1,0,1,0,0.0,0.0,1.0,1.0,1.0,1.0,0.0,0.494262127579284,       529P   1559
0.0,1.0,0.563706572023726,0.0,0.0,1.0,0.0,0.0,1.0,0,0;               529P   1560
126,1,1,1,0,1,0,0.0,0.0,1.0,1.0,1.0,1.0,1.0,0.563706572023726,       531P   1561
0.0,1.0,0.575182316865327,0.0,0.0,1.0,0.0,0.0,1.0,0,0;               531P   1562
102,4,525,527,529,531,0,0;                                           533P   1563
126,57,3,0,0,1,0,0.0,0.0,0.0,0.0,0.0446460035783609,                 535P   1564
0.0446460035783609,0.0446460035783609,0.0984133746621687,            535P   1565
0.0984133746621687,0.0984133746621687,0.152170934617562,             535P   1566
0.152170934617562,0.152170934617562,0.205930193467217,               535P   1567
0.205930193467217,0.205930193467217,0.259692340580745,               535P   1568
0.259692340580745,0.259692340580745,0.313444231272054,               535P   1569
0.313444231272054,0.313444231272054,0.367217542241367,               535P   1570
0.367217542241367,0.367217542241367,0.420972610726746,               535P   1571
0.420972610726746,0.420972610726746,0.474740361761842,               535P   1572
0.474740361761842,0.474740361761842,0.52849524108106,                535P   1573
0.52849524108106,0.52849524108106,0.582253351010399,                 535P   1574
0.582253351010399,0.582253351010399,0.636017760880679,               535P   1575
0.636017760880679,0.636017760880679,0.689772272886832,               535P   1576
0.689772272886832,0.689772272886832,0.743542489889035,               535P   1577
0.743542489889035,0.743542489889035,0.797295506865617,               535P   1578
0.797295506865617,0.797295506865617,0.851064537183176,               535P   1579
0.851064537183176,0.851064537183176,0.904821429451057,               535P   1580
0.904821429451057,0.904821429451057,0.958581835990101,               535P   1581
0.958581835990101,0.958581835990101,1.0,1.0,1.0,1.0,1.0,1.0,1.0,     535P   1582
1.0,1.0,1.0,1.0,1.0,1.0,1.0,1.0,1.0,1.0,1.0,1.0,1.0,1.0,1.0,1.0,     535P   1583
1.0,1.0,1.0,1.0,1.0,1.0,1.0,1.0,1.0,1.0,1.0,1.0,1.0,1.0,1.0,1.0,     535P   1584
1.0,1.0,1.0,1.0,1.0,1.0,1.0,1.0,1.0,1.0,1.0,1.0,1.0,1.0,1.0,1.0,     535P   1585
1.0,1.0,1.0,1.0,1.0,1.0,1.0,1.5,8.11388562368257E-014,               535P   1586
-2.45868731857082,1.5,-0.139666762864562,-2.46611658630999,          535P   1587
1.48011651221505,-0.280638559660082,-2.47422063845165,               535P   1588
1.44149374966869,-0.414844271584048,-2.48190879613068,               535P   1589
1.39500009634789,-0.576399619583153,-2.49116371510172,               535P   1590
1.31992214941864,-0.732175183762585,-2.49997591197019,               535P   1591
1.22248198886944,-0.869216766341872,-2.50848846433117,               535P   1592
1.12505911695488,-1.00623403387654,-2.5169995063251,                 535P   1593
1.00261761026586,-1.12827671819934,-2.52608802413876,                535P   1594
0.865326654512564,-1.22523866286945,-2.53541326755145,               535P   1595
0.728031296289713,-1.32220371679033,-2.54473880999404,               535P   1596
0.572069782442252,-1.39678278970666,-2.55394742484118,               535P   1597
0.410358563919409,-1.44277713075097,-2.56250342910869,               535P   1598
0.248639028175361,-1.48877383740177,-2.57105987343337,               535P   1599
0.0767172919255943,-1.5074387481846,-2.57939705929621,               535P   1600
-0.091071149128465,-1.49723279612638,-2.58861636483977,              535P   1601
-0.258830581063561,-1.48702860858588,-2.59783407644796,              535P   1602
-0.427117233495769,-1.44769591897552,-2.60758296158923,              535P   1603
-0.582032900605073,-1.38247520867943,-2.61651121373585,              535P   1604
-0.737007462233534,-1.31722970332909,-2.62544286014935,              535P   1605
-0.8828671151772,-1.22426447046798,-2.63382614028319,                535P   1606
-1.00745384135197,-1.11132207642302,-2.64254556207924,               535P   1607
-1.13199985535376,-0.998416589442103,-2.65126213456204,              535P   1608
-1.23871214608505,-0.862463863352011,-2.66103933380906,              535P   1609
-1.31879626821291,-0.714686226918984,-2.6701848673232,               535P   1610
-1.39889805798787,-0.566875988728448,-2.67933241846649,              535P   1611
-1.45456157855933,-0.403146203853033,-2.68800068567467,              535P   1612
-1.48114188887655,-0.237104839712741,-2.69646197569954,              535P   1613
-1.50771600576574,-0.0711021645578845,-2.70492129417516,             535P   1614
-1.50595247758664,0.101752640796895,-2.71408751370797,               535P   1615
-1.47602169416187,0.267132847780903,-2.72347725585495,               535P   1616
-1.44608909374693,0.432523094402166,-2.73286756801938,               535P   1617
-1.38715446105813,0.595034694621127,-2.74214760634918,               535P   1618
-1.30408215219375,0.741194805924685,-2.75076651412566,               535P   1619
-1.22100046002178,0.88737142652357,-2.75938639543788,                535P   1620
-1.11148245916069,1.0212082759856,-2.76780776163844,                 535P   1621
-0.98466776996792,1.13156059616196,-2.77702049056856,                535P   1622
-0.857874507138725,1.24189427142464,-2.78623166293391,               535P   1623
-0.710277057132316,1.33182722303593,-2.79585500643439,               535P   1624
-0.554066176691001,1.39391917694213,-2.80466677039218,               535P   1625
-0.397811872831035,1.45602839113712,-2.8134809838395,                535P   1626
-0.2286274241053,1.49197980997827,-2.82175992574469,                 535P   1627
-0.0606152785347847,1.49877476226688,-2.83050062855192,              535P   1628
0.107345337883349,1.50556763055061,-2.83923865059458,                535P   1629
0.278740365610847,1.48342583309593,-2.84910570172463,                535P   1630
0.439438757549221,1.43418742790599,-2.85831824963871,                535P   1631
0.600182273476054,1.38493519660864,-2.86753338442937,                535P   1632
0.754658710511177,1.30719809612855,-2.87627122923143,                535P   1633
0.890016160273844,1.20742338657631,-2.88478868407499,                535P   1634
1.02534389534828,1.10767058032081,-2.89330426910262,                 535P   1635
1.14526701838589,0.983164989746477,-2.90252039342905,                535P   1636
1.23986492812916,0.844236317624091,-2.91183666731416,                535P   1637
1.33446878759565,0.705298907600954,-2.92115352714511,                535P   1638
1.40637109921932,0.548076595542084,-2.93028302940651,                535P   1639
1.44959131953503,0.385596948028235,-2.93880797554354,                535P   1640
1.482914275758,0.260324514392382,-2.94538074182867,1.5,              535P   1641
0.129611998593855,-2.95179289200854,1.49999999999999,                535P   1642
-3.6934455573807E-014,-2.95868731857083,0.0,1.0,0.0,0.0,0.0,0,0;     535P   1643
110,1.5,0.0,-2.95868731857083,1.5,0.0,-3.04131268142915,0,0;         537P   1644
126,57,3,0,0,1,0,0.0,0.0,0.0,0.0,0.0478732551103151,                 539P   1645
0.0478732551103151,0.0478732551103151,0.101643294694736,             539P   1646
0.101643294694736,0.101643294694736,0.155400778685276,               539P   1647
0.155400778685276,0.155400778685276,0.209162109005009,               539P   1648
0.209162109005009,0.209162109005009,0.262923298422431,               539P   1649
0.262923298422431,0.262923298422431,0.31667634723039,                539P   1650
0.31667634723039,0.31667634723039,0.370449424422993,                 539P   1651
0.370449424422993,0.370449424422993,0.424205037985032,               539P   1652
0.424205037985032,0.424205037985032,0.477974949345128,               539P   1653
0.477974949345128,0.477974949345128,0.531729967144092,               539P   1654
0.531729967144092,0.531729967144092,0.585490499141042,               539P   1655
0.585490499141042,0.585490499141042,0.639253922462789,               539P   1656
0.639253922462789,0.639253922462789,0.693009713271399,               539P   1657
0.693009713271399,0.693009713271399,0.746779361157609,               539P   1658
0.746779361157609,0.746779361157609,0.800532835504536,               539P   1659
0.800532835504536,0.800532835504536,0.854304460456872,               539P   1660
0.854304460456872,0.854304460456872,0.908061448690214,               539P   1661
0.908061448690214,0.908061448690214,0.961823991831736,               539P   1662
0.961823991831736,0.961823991831736,1.0,1.0,1.0,1.0,1.0,1.0,1.0,     539P   1663
1.0,1.0,1.0,1.0,1.0,1.0,1.0,1.0,1.0,1.0,1.0,1.0,1.0,1.0,1.0,1.0,     539P   1664
1.0,1.0,1.0,1.0,1.0,1.0,1.0,1.0,1.0,1.0,1.0,1.0,1.0,1.0,1.0,1.0,     539P   1665
1.0,1.0,1.0,1.0,1.0,1.0,1.0,1.0,1.0,1.0,1.0,1.0,1.0,1.0,1.0,1.0,     539P   1666
1.0,1.0,1.0,1.0,1.0,1.0,1.0,1.5,-4.87890977618477E-016,              539P   1667
-3.04131268142917,1.5,0.149724965651582,-3.03334838960878,           539P   1668
1.4770843451817,0.301057482328323,-3.02461593664887,                 539P   1669
1.43276361476955,0.444059032328464,-3.01641686128277,                539P   1670
1.38299313163494,0.604644297199347,-3.00720961360357,                539P   1671
1.30475745869264,0.758870804651096,-2.99848544858752,                539P   1672
1.20454611852062,0.893906397984102,-2.98996620395776,                539P   1673
1.1043575334918,1.02891132857717,-2.98144889380599,                  539P   1674
0.979467045735431,1.14843118538044,-2.97220910645805,                539P   1675
0.840234229444122,1.24258055661221,-2.96289528924974,                539P   1676
0.700991871733626,1.33673637976128,-2.9535808337793,                 539P   1677
0.543537079115737,1.40813187297103,-2.94446634911728,                539P   1678
0.380917954234227,1.45082787130039,-2.93594671040426,                539P   1679
0.218299288880599,1.49352374897972,-2.92742709576598,                539P   1680
0.0460443882412135,1.50868622765633,-2.91898585013514,               539P   1681
-0.121493260781426,1.49507169981399,-2.9097050679814,                539P   1682
-0.289008283722504,1.48145901062355,-2.90042553920405,               539P   1683
-0.45646551470857,1.43871236974265,-2.89074225564626,                539P   1684
-0.610026732429492,1.37035301500066,-2.88187383393768,               539P   1685
-0.76364263542816,1.30196931654509,-2.87300225406123,                539P   1686
-0.907580455888725,1.20605686602871,-2.86466552146758,               539P   1687
-1.02984002104479,1.09060970610685,-2.85586593102881,                539P   1688
-1.15206155456649,0.975198458664879,-2.84706907790394,               539P   1689
-1.2559872709773,0.837107236741472,-2.83725415605788,                539P   1690
-1.33305197080992,0.687729920187014,-2.82816057281994,               539P   1691
-1.4101358928474,0.538315344532261,-2.81906472137463,                539P   1692
-1.4624607157211,0.373478438889284,-2.81048008074067,                539P   1693
-1.48565850040025,0.206927089063974,-2.80200118779217,               539P   1694
-1.50885003180909,0.0404206353623555,-2.79352458044164,              539P   1695
-1.50357210679371,-0.132352003622854,-2.78419854207152,              539P   1696
-1.47028515118758,-0.297088495565382,-2.77481952642504,              539P   1697
-1.43699488739731,-0.461841359646547,-2.76543957865634,              539P   1698
-1.37476333464056,-0.623130693101497,-2.75625379670956,              539P   1699
-1.28873073685152,-0.767576112117977,-2.74767216812643,              539P   1700
-1.20269367694239,-0.91202902286227,-2.73909009445321,               539P   1701
-1.09048279492148,-1.04360154413949,-2.73056413818393,               539P   1702
-0.961456723707039,-1.15134745773747,-2.72130335318795,              539P   1703
-0.832447274159012,-1.259079491066,-2.71204376120419,                539P   1704
-0.683047040940749,-1.34599609354675,-2.7024928150285,               539P   1705
-0.525601457877927,-1.4048996787944,-2.69373923630484,               539P   1706
-0.368117182789447,-1.46381773951343,-2.68498350640179,              539P   1707
-0.198238867175976,-1.49631968063757,-2.67674095740972,              539P   1708
-0.0301322739460764,-1.49969731815018,-2.66790566100037,             539P   1709
0.13792623997311,-1.50307398964188,-2.65907289152917,                539P   1710
0.308833359437313,-1.4774542707959,-2.64917572028822,                539P   1711
0.468499892135711,-1.42495889451901,-2.64001506347561,               539P   1712
0.628217356464283,-1.37244677287259,-2.63085148452787,               539P   1713
0.781090381296205,-1.29157893981427,-2.62219787866006,               539P   1714
0.914394169540811,-1.18906824981149,-2.61366435738922,               539P   1715
1.04766268288521,-1.08658468622731,-2.6051330942621,                 539P   1716
1.16502226287606,-0.959673305638947,-2.5957711560165,                539P   1717
1.25677528900807,-0.818850336104638,-2.58647420212608,               539P   1718
1.34853726387227,-0.678013632014712,-2.57717634149771,               539P   1719
1.4172306315358,-0.519352352691367,-2.56814183955652,                539P   1720
1.45713717797851,-0.35602141024496,-2.55964723816859,                539P   1721
1.48550839537115,-0.239902675647315,-2.55360807406836,               539P   1722
1.49999999999999,-0.119517949497716,-2.54767017714429,               539P   1723
1.49999999999998,8.92703725304664E-014,-2.54131268142917,0.0,        539P   1724
1.0,0.0,0.0,0.0,0,0;                                                 539P   1725
110,1.5,0.0,-2.54131268142917,1.5,0.0,-2.45868731856965,0,0;         541P   1726
102,4,535,537,539,541,0,0;                                           543P   1727
142,0,523,533,543,3,0,0;                                             545P   1728
144,523,1,0,545,0,0;                                                 547P   1729
128,6,1,3,1,0,0,0,0,0,0.0,0.0,0.0,0.0,0.5,0.5,0.5,1.0,1.0,1.0,       549P   1730
1.0,0.0,0.0,1.0,1.0,1.0,0.333333333333333,0.333333333333333,1.0,     549P   1731
0.333333333333333,0.333333333333333,1.0,1.0,0.333333333333333,       549P   1732
0.333333333333333,1.0,0.333333333333333,0.333333333333333,1.0,       549P   1733
1.5,0.0,-6.6,1.5,3.0,-6.6,-1.5,3.0,-6.6,-1.5,                        549P   1734
1.83697019872103E-016,-6.6,-1.5,-3.0,-6.6,1.5,-3.0,-6.6,1.5,0.0,     549P   1735
-6.6,1.5,0.0,0.6,1.5,3.0,0.599999999999999,-1.5,3.0,                 549P   1736
0.599999999999999,-1.5,1.83697019872103E-016,0.6,-1.5,-3.0,          549P   1737
0.599999999999999,1.5,-3.0,0.599999999999999,1.5,0.0,0.6,0.0,        549P   1738
1.0,0.0,1.0,0,0;                                                     549P   1739
126,1,1,1,0,1,0,0.0,0.0,1.0,1.0,1.0,1.0,1.0,0.644626761309607,       551P   1740
0.0,0.0,0.575182316865327,0.0,0.0,1.0,0.0,0.0,1.0,0,0;               551P   1741
126,1,1,1,0,1,0,0.0,0.0,1.0,1.0,1.0,1.0,0.0,0.575182316865327,       553P   1742
0.0,0.0,0.563706572023726,0.0,0.0,1.0,0.0,0.0,1.0,0,0;               553P   1743
126,1,1,1,0,1,0,0.0,0.0,1.0,1.0,1.0,1.0,0.0,0.563706572023726,       555P   1744
0.0,1.0,0.633151016468172,0.0,0.0,1.0,0.0,0.0,1.0,0,0;               555P   1745
126,1,1,1,0,1,0,0.0,0.0,1.0,1.0,1.0,1.0,1.0,0.633151016468174,       557P   1746
0.0,1.0,0.644626761309607,0.0,0.0,1.0,0.0,0.0,1.0,0,0;               557P   1747
102,4,551,553,555,557,0,0;                                           559P   1748
126,60,3,0,0,1,0,0.0,0.0,0.0,0.0,0.0230352056561145,                 561P   1749
0.0230352056561145,0.0230352056561145,0.0767995221449409,            561P   1750
0.0767995221449409,0.0767995221449409,0.130575725813558,             561P   1751
0.130575725813558,0.130575725813558,0.18433867270159,                561P   1752
0.18433867270159,0.18433867270159,0.238118890689341,                 561P   1753
0.238118890689341,0.238118890689341,0.29188098185337,                561P   1754
0.29188098185337,0.29188098185337,0.345655449190365,                 561P   1755
0.345655449190365,0.345655449190365,0.399422591900714,               561P   1756
0.399422591900714,0.399422591900714,0.453189533560335,               561P   1757
0.453189533560335,0.453189533560335,0.506961918427834,               561P   1758
0.506961918427834,0.506961918427834,0.560722443458668,               561P   1759
0.560722443458668,0.560722443458668,0.614504920785121,               561P   1760
0.614504920785121,0.614504920785121,0.668268886201162,               561P   1761
0.668268886201162,0.668268886201162,0.722044123630737,               561P   1762
0.722044123630737,0.722044123630737,0.775808389981933,               561P   1763
0.775808389981933,0.775808389981933,0.829573916525247,               561P   1764
0.829573916525247,0.829573916525247,0.883348582115113,               561P   1765
0.883348582115113,0.883348582115113,0.937111582346673,               561P   1766
0.937111582346673,0.937111582346673,0.990891343606648,               561P   1767
0.990891343606648,0.990891343606648,1.0,1.0,1.0,1.0,1.0,1.0,1.0,     561P   1768
1.0,1.0,1.0,1.0,1.0,1.0,1.0,1.0,1.0,1.0,1.0,1.0,1.0,1.0,1.0,1.0,     561P   1769
1.0,1.0,1.0,1.0,1.0,1.0,1.0,1.0,1.0,1.0,1.0,1.0,1.0,1.0,1.0,1.0,     561P   1770
1.0,1.0,1.0,1.0,1.0,1.0,1.0,1.0,1.0,1.0,1.0,1.0,1.0,1.0,1.0,1.0,     561P   1771
1.0,1.0,1.0,1.0,1.0,1.0,1.0,1.0,1.0,1.0,1.49999999999995,            561P   1772
-3.09814218321573E-013,-1.95868731857083,1.49999999999994,           561P   1773
-0.0723548268498989,-1.96253607521029,1.49473780532904,              561P   1774
-0.144888273705286,-1.96657029814896,1.48429727798558,               561P   1775
-0.216475380966394,-1.97060952565937,1.460041910448,                 561P   1776
-0.382786098849669,-1.97999343363739,1.40670835662229,               561P   1777
-0.547203461887729,-1.98942661571895,1.32869404904696,               561P   1778
-0.696112149030027,-1.99812179675629,1.25066316214077,               561P   1779
-0.845052481731555,-2.00681882566344,1.14578140594817,               561P   1780
-0.982573079547929,-2.01512481843336,1.02280488803459,               561P   1781
-1.09721017175952,-2.02422390957157,0.899856638630968,               561P   1782
-1.211820912438,-2.03332090910926,0.755427235554731,                 561P   1783
-1.30674592436766,-2.04304799070314,0.601437988000045,               561P   1784
-1.37414422335884,-2.0519603552329,0.447401853616917,                561P   1785
-1.44156304386389,-2.06087543340997,0.279547228549825,               561P   1786
-1.48328387519823,-2.06923907909689,0.11185566007811,                561P   1787
-1.49582362306139,-2.07785297832536,-0.0557812268679317,             561P   1788
-1.50835928191427,-2.08646406869973,-0.227841276531385,              561P   1789
-1.49209097944543,-2.09620460436481,-0.390126197938286,              561P   1790
-1.44837893856622,-2.10549337454185,-0.552446309477114,              561P   1791
-1.40465741909546,-2.11478415891124,-0.709475147227042,              561P   1792
-1.33226056676324,-2.12367318722687,-0.848160461980745,              561P   1793
-1.23718383061395,-2.13218824822922,-0.986827415319525,              561P   1794
-1.14211968226753,-2.14070218186948,-1.11095475728786,               561P   1795
-1.02177822360927,-2.14966202979898,-1.21025302048357,               561P   1796
-0.886164559441639,-2.15898899782,-1.3095512545388,                  561P   1797
-0.750550935071743,-2.16831596310388,-1.38678510085229,              561P   1798
-0.595895507938211,-2.17760221385994,-1.43553994288731,              561P   1799
-0.435000083189756,-2.18619374200043,-1.48429951377258,              561P   1800
-0.274089052804256,-2.19478610345406,-1.50590598353355,              561P   1801
-0.102503765277608,-2.20305766167938,-1.49857173162452,              561P   1802
0.0654428389963542,-2.21221358816271,-1.49123896225161,              561P   1803
0.233355494762506,-2.22136766387899,-1.45479090421295,               561P   1804
0.402287246931767,-2.23116498651455,-1.39223147259238,               561P   1805
0.558293405589058,-2.24014399267587,-1.32964771108376,               561P   1806
0.714360236350896,-2.24912649084807,-1.2391930527948,                561P   1807
0.861788722484764,-2.25755646666042,-1.12839603868238,               561P   1808
0.988292659026626,-2.26621925173279,-1.01763588593797,               561P   1809
1.11475450862059,-2.274879154759,-0.883525331598921,                 561P   1810
1.22377858102965,-2.28459980681488,-0.737140970330339,               561P   1811
1.30637788937981,-2.29378554549929,-0.590727953902569,               561P   1812
1.38899336678183,-2.30297308231843,-0.427982530401867,               561P   1813
1.44744808638714,-2.31171526115236,-0.26242411922302,                561P   1814
1.4768661353183,-2.32017044912573,-0.0968985727703821,               561P   1815
1.50627834452126,-2.32862395867373,0.0759706134702027,               561P   1816
1.50747322542104,-2.33765242747797,0.241840446835332,                561P   1817
1.48037603272763,-2.34704321710831,0.407714807156963,                561P   1818
1.45327810049159,-2.35643426303417,0.571203044169454,                561P   1819
1.39713598630224,-2.36579198070503,0.718759036955284,                561P   1820
1.31658096856787,-2.3744471062364,0.866339173342512,                 561P   1821
1.23601277015407,-2.38310364794814,1.00203804814634,                 561P   1822
1.12879665547011,-2.39145665922963,1.11454887091905,                 561P   1823
1.00388286883135,-2.40061786180894,1.22703710999572,                 561P   1824
0.87899415546928,-2.40977722550903,1.31947946129862,                 561P   1825
0.732959826435521,-2.41945551853039,1.38423409713878,                561P   1826
0.577837316481354,-2.42831738300245,1.44900790610501,                561P   1827
0.422668876480664,-2.43718187137382,1.48784989564777,                561P   1828
0.254123885536405,-2.44549970675471,1.49751845481818,                561P   1829
0.0862466085071031,-2.45417202334958,1.49917219888736,               561P   1830
0.0575322937530091,-2.45565536661532,1.5,0.0287594640150576,         561P   1831
-2.45715752183308,1.5,8.11388562368257E-014,-2.45868731857082,       561P   1832
0.0,1.0,0.0,0.0,0.0,0,0;                                             561P   1833
110,1.5,0.0,-2.45868731856965,1.5,0.0,-2.54131268142917,0,0;         563P   1834
126,60,3,0,0,1,0,0.0,0.0,0.0,0.0,0.0155865468594714,                 565P   1835
0.0155865468594714,0.0155865468594714,0.0693493504481699,            565P   1836
0.0693493504481699,0.0693493504481699,0.123130471262037,             565P   1837
0.123130471262037,0.123130471262037,0.17689503820821,                565P   1838
0.17689503820821,0.17689503820821,0.230675181732801,                 565P   1839
0.230675181732801,0.230675181732801,0.284438975480384,               565P   1840
0.284438975480384,0.284438975480384,0.338210159654425,               565P   1841
0.338210159654425,0.338210159654425,0.391981390171719,               565P   1842
0.391981390171719,0.391981390171719,0.445746978072966,               565P   1843
0.445746978072966,0.445746978072966,0.499524469578714,               565P   1844
0.499524469578714,0.499524469578714,0.553286757875774,               565P   1845
0.553286757875774,0.553286757875774,0.607068925729257,               565P   1846
0.607068925729257,0.607068925729257,0.660834647667276,               565P   1847
0.660834647667276,0.660834647667276,0.714607549535943,               565P   1848
0.714607549535943,0.714607549535943,0.7683754147256,                 565P   1849
0.7683754147256,0.7683754147256,0.822139039738168,                   565P   1850
0.822139039738168,0.822139039738168,0.875918868497269,               565P   1851
0.875918868497269,0.875918868497269,0.929683186957138,               565P   1852
0.929683186957138,0.929683186957138,0.983464201002842,               565P   1853
0.983464201002842,0.983464201002842,1.0,1.0,1.0,1.0,1.0,1.0,1.0,     565P   1854
1.0,1.0,1.0,1.0,1.0,1.0,1.0,1.0,1.0,1.0,1.0,1.0,1.0,1.0,1.0,1.0,     565P   1855
1.0,1.0,1.0,1.0,1.0,1.0,1.0,1.0,1.0,1.0,1.0,1.0,1.0,1.0,1.0,1.0,     565P   1856
1.0,1.0,1.0,1.0,1.0,1.0,1.0,1.0,1.0,1.0,1.0,1.0,1.0,1.0,1.0,1.0,     565P   1857
1.0,1.0,1.0,1.0,1.0,1.0,1.0,1.0,1.0,1.0,1.49999999999998,            565P   1858
8.92703725304664E-014,-2.54131268142917,1.49999999999998,            565P   1859
0.0490809980863492,-2.53870192516756,1.49758534993167,               565P   1860
0.0982164616566771,-2.53600629696269,1.49277420122987,               565P   1861
0.147055037797258,-2.53328476244501,1.47629751096729,                565P   1862
0.314311994879904,-2.52396435185988,1.43069094739239,                565P   1863
0.4810185817551,-2.51434225750047,1.35971161029579,                  565P   1864
0.633391140470748,-2.50552306684579,1.28870912540453,                565P   1865
0.785813390953672,-2.496701000075,1.19034798242263,                  565P   1866
0.928086517027769,-2.48839520531544,1.072831366694,                  565P   1867
1.04834768022707,-2.47951704003419,0.955349183851617,                565P   1868
1.16857360637563,-2.47064147609449,0.815501624783746,                565P   1869
1.27012218424606,-2.46082290960126,0.664825990413482,                565P   1870
1.3446212858909,-2.45177584929598,0.514109294732191,                 565P   1871
1.41914068962901,-2.44272632353462,0.348394111278801,                565P   1872
1.46863875810403,-2.43420775498042,0.181467830098784,                565P   1873
1.48898268177949,-2.42570485971038,0.0145909039252121,               565P   1874
1.50932059037765,-2.41720447848694,-0.158058020720888,               565P   1875
1.50108753852303,-2.40775106662419,-0.322200883695312,               565P   1876
1.46498689091267,-2.39838841353319,-0.486365283881301,               565P   1877
1.4288815065305,-2.38902453196697,-0.646574503533346,                565P   1878
1.36389495267339,-2.37991890151173,-0.789530523345909,               565P   1879
1.27539858581744,-2.37136315487904,-0.932486644308053,               565P   1880
1.18690215634524,-2.36280740219266,-1.06211139370409,                565P   1881
1.07246181406091,-2.35417752174238,-1.1676301517755,                 565P   1882
0.94161554185598,-2.34488687057876,-1.27313899177553,                565P   1883
0.810781568342679,-2.33559709267543,-1.35748941363339,               565P   1884
0.659911079906548,-2.32611225709814,-1.41369071691879,               565P   1885
0.501476377207968,-2.31740579933619,-1.46990390095117,               565P   1886
0.343008182001122,-2.30869750106137,-1.49949223085041,               565P   1887
0.172601550332415,-2.30047661897254,-1.499993337702,                 565P   1888
0.00447066545457769,-2.29155026181329,-1.5004943110548,              565P   1889
-0.163615428037051,-2.2826262827056,-1.4719560338368,                565P   1890
-0.334058663775369,-2.27273418910572,-1.41673663354965,              565P   1891
-0.492805551063206,-2.2636200895319,-1.361497897589,                 565P   1892
-0.651608025299917,-2.25450279855701,-1.27802148935876,              565P   1893
-0.803081897515022,-2.2459158582609,-1.1732419206526,                565P   1894
-0.934614035644341,-2.23735972655131,-1.06849347697701,              565P   1895
-1.06610710182603,-2.22880613646185,-0.939597973628224,              565P   1896
-1.1812728162914,-2.21933013417947,-0.797225375426973,               565P   1897
-1.270602888701,-2.21005607064402,-0.654834956539039,                565P   1898
-1.35994414249839,-2.20078084628,-0.495013316086985,                 565P   1899
-1.42591476197012,-2.19182631390019,-0.331018463493973,              565P   1900
-1.46301974587703,-2.18335109706292,-0.167038533830359,              565P   1901
-1.50012135336665,-2.17487665143926,0.0056144335539415,              565P   1902
-1.50937694997787,-2.16621101382561,0.172576575987097,               565P   1903
-1.4900393704263,-2.15685880282266,0.339527560085061,                565P   1904
-1.47070308323474,-2.14750721684226,0.505435365874128,               565P   1905
-1.42224896729448,-2.13795107437244,0.656574729368351,               565P   1906
-1.34866957582459,-2.12917946064039,0.807757760789939,               565P   1907
-1.27506892543546,-2.12040531257061,0.94832331851317,                565P   1908
-1.17428822935019,-2.11212115652151,1.06655005435714,                565P   1909
-1.05473739933254,-2.10315520003911,1.18474457369987,                565P   1910
-0.935219146628625,-2.09419168675829,1.28388693901247,               565P   1911
-0.793654997155489,-2.08439686971208,1.3557982457918,                565P   1912
-0.641725109924721,-2.07539825727875,1.4277306250638,                565P   1913
-0.489750701997867,-2.06639700794167,1.4743867016054,                565P   1914
-0.323206600006181,-2.05793991320161,1.49187060912147,               565P   1915
-0.155955396314287,-2.0494042126645,1.49728314704337,                565P   1916
-0.104179013853192,-2.04676179404013,1.49999999999997,               565P   1917
-0.0520519502812366,-2.0440814709898,1.49999999999998,               565P   1918
-1.08141280865273E-013,-2.04131268142918,0.0,1.0,0.0,0.0,0.0,0,      565P   1919
0;                                                                   565P   1920
110,1.5,0.0,-2.04131268142915,1.5,0.0,-1.95868731857083,0,0;         567P   1921
102,4,561,563,565,567,0,0;                                           569P   1922
142,0,549,559,569,3,0,0;                                             571P   1923
144,549,1,0,571,0,0;                                                 573P   1924
128,6,1,3,1,0,0,0,0,0,0.0,0.0,0.0,0.0,0.5,0.5,0.5,1.0,1.0,1.0,       575P   1925
1.0,0.0,0.0,1.0,1.0,1.0,0.333333333333333,0.333333333333333,1.0,     575P   1926
0.333333333333333,0.333333333333333,1.0,1.0,0.333333333333333,       575P   1927
0.333333333333333,1.0,0.333333333333333,0.333333333333333,1.0,       575P   1928
1.5,0.0,-6.6,1.5,3.0,-6.6,-1.5,3.0,-6.6,-1.5,                        575P   1929
1.83697019872103E-016,-6.6,-1.5,-3.0,-6.6,1.5,-3.0,-6.6,1.5,0.0,     575P   1930
-6.6,1.5,0.0,0.6,1.5,3.0,0.599999999999999,-1.5,3.0,                 575P   1931
0.599999999999999,-1.5,1.83697019872103E-016,0.6,-1.5,-3.0,          575P   1932
0.599999999999999,1.5,-3.0,0.599999999999999,1.5,0.0,0.6,0.0,        575P   1933
1.0,0.0,1.0,0,0;                                                     575P   1934
126,1,1,1,0,1,0,0.0,0.0,1.0,1.0,1.0,1.0,1.0,0.714071205754051,       577P   1935
0.0,0.0,0.644626761309607,0.0,0.0,1.0,0.0,0.0,1.0,0,0;               577P   1936
126,1,1,1,0,1,0,0.0,0.0,1.0,1.0,1.0,1.0,0.0,0.644626761309607,       579P   1937
0.0,0.0,0.633151016468174,0.0,0.0,1.0,0.0,0.0,1.0,0,0;               579P   1938
126,1,1,1,0,1,0,0.0,0.0,1.0,1.0,1.0,1.0,0.0,0.633151016468172,       581P   1939
0.0,1.0,0.702595460912615,0.0,0.0,1.0,0.0,0.0,1.0,0,0;               581P   1940
126,1,1,1,0,1,0,0.0,0.0,1.0,1.0,1.0,1.0,1.0,0.702595460912615,       583P   1941
0.0,1.0,0.714071205754051,0.0,0.0,1.0,0.0,0.0,1.0,0,0;               583P   1942
102,4,577,579,581,583,0,0;                                           585P   1943
126,60,3,0,0,1,0,0.0,0.0,0.0,0.0,0.00148637160198817,                587P   1944
0.00148637160198817,0.00148637160198817,0.0552434950880847,          587P   1945
0.0552434950880847,0.0552434950880847,0.109021574299373,             587P   1946
0.109021574299373,0.109021574299373,0.162782176739513,               587P   1947
0.162782176739513,0.162782176739513,0.216551088797291,               587P   1948
0.216551088797291,0.216551088797291,0.270313290940417,               587P   1949
0.270313290940417,0.270313290940417,0.324072718511504,               587P   1950
0.324072718511504,0.324072718511504,0.377846619622814,               587P   1951
0.377846619622814,0.377846619622814,0.431605879378396,               587P   1952
0.431605879378396,0.431605879378396,0.485382310541276,               587P   1953
0.485382310541276,0.485382310541276,0.539140778276348,               587P   1954
0.539140778276348,0.539140778276348,0.592909802084966,               587P   1955
0.592909802084966,0.592909802084966,0.646674120612415,               587P   1956
0.646674120612415,0.646674120612415,0.700436269540597,               587P   1957
0.700436269540597,0.700436269540597,0.754206358738759,               587P   1958
0.754206358738759,0.754206358738759,0.807963183587654,               587P   1959
0.807963183587654,0.807963183587654,0.861741821498301,               587P   1960
0.861741821498301,0.861741821498301,0.915502164219266,               587P   1961
0.915502164219266,0.915502164219266,0.969272322544583,               587P   1962
0.969272322544583,0.969272322544583,1.0,1.0,1.0,1.0,1.0,1.0,1.0,     587P   1963
1.0,1.0,1.0,1.0,1.0,1.0,1.0,1.0,1.0,1.0,1.0,1.0,1.0,1.0,1.0,1.0,     587P   1964
1.0,1.0,1.0,1.0,1.0,1.0,1.0,1.0,1.0,1.0,1.0,1.0,1.0,1.0,1.0,1.0,     587P   1965
1.0,1.0,1.0,1.0,1.0,1.0,1.0,1.0,1.0,1.0,1.0,1.0,1.0,1.0,1.0,1.0,     587P   1966
1.0,1.0,1.0,1.0,1.0,1.0,1.0,1.0,1.0,1.0,1.5,                         587P   1967
5.34548623304968E-015,-1.45868731857083,1.5,                         587P   1968
-0.00471066069669568,-1.4589378918556,1.49997780919168,              587P   1969
-0.0094213331624483,-1.45918922737866,1.49993343014708,              587P   1970
-0.0141317064513751,-1.45944126933915,1.49834990248062,              587P   1971
-0.182206672674074,-1.46843459988815,1.467701155724,                 587P   1972
-0.352283223744609,-1.47830748039915,1.41051723617748,               587P   1973
-0.510334328108787,-1.48738655411606,1.3533121691641,                587P   1974
-0.668443882130148,-1.49646898540993,1.26796046125576,               587P   1975
-0.818874977677661,-1.50501039156003,1.16155613747873,               587P   1976
-0.949098171679565,-1.51358832537555,1.05518537683909,               587P   1977
-1.07928028935302,-1.52216355345168,0.924875070200651,               587P   1978
-1.19283532998006,-1.53171537707042,0.781404964744258,               587P   1979
-1.28039301820692,-1.54096940809797,0.637914128052933,               587P   1980
-1.36796335840053,-1.5502247763204,0.477280552745466,                587P   1981
-1.43194813604804,-1.55912174408275,0.312834605479881,               587P   1982
-1.46701551103397,-1.56758674121539,0.14840860020416,                587P   1983
-1.50207863347826,-1.57605071181688,-0.0243384919495852,             587P   1984
-1.50919078866922,-1.58480864475444,-0.191044695121524,              587P   1985
-1.48778423316888,-1.59417741043756,-0.357743967367496,              587P   1986
-1.46637856766094,-1.60354578660775,-0.523042792102117,              587P   1987
-1.41586881191318,-1.61305153479873,-0.673260669119492,              587P   1988
-1.34041787194023,-1.62179003792184,-0.823517359722261,              587P   1989
-1.26494743680759,-1.63053079891627,-0.962818568750024,              587P   1990
-1.16243201759926,-1.63881424609967,-1.07954904318106,               587P   1991
-1.04142876058176,-1.64784024648906,-1.19624965434008,               587P   1992
-0.920456459946434,-1.6568639377479,-1.29362997342623,               587P   1993
-0.777673401826425,-1.66663298284039,-1.36365223723261,              587P   1994
-0.624862045487503,-1.6755956339614,-1.4336956496916,                587P   1995
-0.472004535909383,-1.68456099204995,-1.47828273362484,              587P   1996
-0.304891247860984,-1.69297674481508,-1.49369047228224,              587P   1997
-0.137436432627129,-1.70154190409218,-1.5090932184184,               587P   1998
0.0299641227480304,-1.71010428802757,-1.49577011913562,              587P   1999
0.20228293458311,-1.71975214802829,-1.45484118417647,                587P   2000
0.365290471849464,-1.72907255706289,-1.41390466241925,               587P   2001
0.528328225032059,-1.7383946937765,-1.34421010661395,                587P   2002
0.686564295490199,-1.74736237132896,-1.25152497820414,               587P   2003
0.826852604114617,-1.75588689150742,-1.15884773056991,               587P   2004
0.967128984388764,-1.76441068686808,-1.04064189623379,               587P   2005
1.0933054260515,-1.77324405008556,-0.906744676032941,                587P   2006
1.19491175091966,-1.78256495929528,-0.77285200655144,                587P   2007
1.29651462252817,-1.79188555171843,-0.619547537027332,               587P   2008
1.37638062317542,-1.80124727962901,-0.459514990601738,               587P   2009
1.42788163844637,-1.80987823633715,-0.299459820701188,               587P   2010
1.47938993431089,-1.81851041318605,-0.128262487902321,               587P   2011
1.50393202552625,-1.82673983452427,0.0397937880921552,               587P   2012
1.49947205856904,-1.83582131158036,0.207811671587939,                587P   2013
1.49501311049241,-1.84490071397072,0.377340131204095,                587P   2014
1.46145996205831,-1.85473958929725,0.534391555734353,                587P   2015
1.40157970346321,-1.86376907564584,0.691503564762271,                587P   2016
1.34167634532986,-1.87280204522864,0.84045610177192,                 587P   2017
1.25375974589995,-1.88128494101787,0.968839116390777,                587P   2018
1.14514224729993,-1.88990067030643,1.09717981116735,                 587P   2019
1.03656055308903,-1.89851355952845,1.20848500914014,                 587P   2020
0.904330932577136,-1.90815808931912,1.29357570513263,                587P   2021
0.759382574919012,-1.91738019222033,1.37868090324344,                587P   2022
0.614409513523201,-1.92660386685657,1.43990962104405,                587P   2023
0.452696287766253,-1.93542250125529,1.4721569581348,                 587P   2024
0.287669759646889,-1.9438790795925,1.4906335316607,                  587P   2025
0.193115447396481,-1.94872439723796,1.49999999999997,                587P   2026
0.0963282086784552,-1.95356335035942,1.49999999999995,               587P   2027
-3.09814218321573E-013,-1.95868731857083,0.0,1.0,0.0,0.0,0.0,0,      587P   2028
0;                                                                   587P   2029
110,1.5,0.0,-1.95868731857083,1.5,0.0,-2.04131268142915,0,0;         589P   2030
126,57,3,0,0,1,0,0.0,0.0,0.0,0.0,0.0372216377344534,                 591P   2031
0.0372216377344534,0.0372216377344534,0.0909856040474421,            591P   2032
0.0909856040474421,0.0909856040474421,0.144746831031907,             591P   2033
0.144746831031907,0.144746831031907,0.198504433933183,               591P   2034
0.198504433933183,0.198504433933183,0.252271711345696,               591P   2035
0.252271711345696,0.252271711345696,0.306024838331526,               591P   2036
0.306024838331526,0.306024838331526,0.359799229265257,               591P   2037
0.359799229265257,0.359799229265257,0.413555852389008,               591P   2038
0.413555852389008,0.413555852389008,0.467321204666499,               591P   2039
0.467321204666499,0.467321204666499,0.521079228906669,               591P   2040
0.521079228906669,0.521079228906669,0.574835036955996,               591P   2041
0.574835036955996,0.574835036955996,0.628604626077573,               591P   2042
0.628604626077573,0.628604626077573,0.682359934511691,               591P   2043
0.682359934511691,0.682359934511691,0.736132503846713,               591P   2044
0.736132503846713,0.736132503846713,0.789887013979753,               591P   2045
0.789887013979753,0.789887013979753,0.843652580398782,               591P   2046
0.843652580398782,0.843652580398782,0.897412709635818,               591P   2047
0.897412709635818,0.897412709635818,0.951171216621811,               591P   2048
0.951171216621811,0.951171216621811,1.0,1.0,1.0,1.0,1.0,1.0,1.0,     591P   2049
1.0,1.0,1.0,1.0,1.0,1.0,1.0,1.0,1.0,1.0,1.0,1.0,1.0,1.0,1.0,1.0,     591P   2050
1.0,1.0,1.0,1.0,1.0,1.0,1.0,1.0,1.0,1.0,1.0,1.0,1.0,1.0,1.0,1.0,     591P   2051
1.0,1.0,1.0,1.0,1.0,1.0,1.0,1.0,1.0,1.0,1.0,1.0,1.0,1.0,1.0,1.0,     591P   2052
1.0,1.0,1.0,1.0,1.0,1.0,1.0,1.49999999999998,                        591P   2053
-1.08141280865273E-013,-2.04131268142918,1.49999999999999,           591P   2054
0.116547702581275,-2.03511318149733,1.48623443440952,                591P   2055
0.233852657199903,-2.02843642538735,1.45925943716048,                591P   2056
0.347220239989096,-2.02196020176916,1.42034904184091,                591P   2057
0.510748614877325,-2.01261849845645,1.35262586428062,                591P   2058
0.669830749589704,-2.00359306170765,1.26169133134782,                591P   2059
0.811255190677859,-1.99505761435626,1.17076130138418,                591P   2060
0.952672628597061,-1.98652258967001,1.05412531656584,                591P   2061
1.08031158671677,-1.97777768161018,0.921496362085401,                591P   2062
1.18357275005096,-1.96846632706278,0.788875236098818,                591P   2063
1.28682781834063,-1.95915552212299,0.636577699333051,                591P   2064
1.36858703479305,-1.94974082684258,0.47719980126274,                 591P   2065
1.42206903829413,-1.94107917675267,0.317794475644831,                591P   2066
1.47556024558203,-1.93241603606824,0.146910639547856,                591P   2067
1.5022257865183,-1.92420065651214,-0.021194704026646,                591P   2068
1.49985025403246,-1.91518026815613,-0.189258774288794,               591P   2069
1.49747530478859,-1.90616209449062,-0.359189356303527,               591P   2070
1.4660263713985,-1.89629778153114,-0.51696992059377,                 591P   2071
1.40809875406566,-1.88723222938884,-0.674809733785494,               591P   2072
1.35014938406824,-1.87816327299958,-0.824838510907038,               591P   2073
1.26408918555337,-1.86963848945761,-0.95455921504825,                591P   2074
1.15707247178665,-1.86105105834192,-1.08423833375387,                591P   2075
1.05009006508516,-1.85246638015658,-1.19717737845174,                591P   2076
0.9192477615102,-1.84288756421817,-1.28405862240402,                 591P   2077
0.77536665793023,-1.83364184340427,-1.37095304715942,                591P   2078
0.631463726065896,-1.82439471991678,-1.43418119395677,               591P   2079
0.47052832166318,-1.81551945815127,-1.4684734682332,                 591P   2080
0.305917755442792,-1.80705745135209,-1.50276119979487,               591P   2081
0.141328995266579,-1.79859656551918,-1.5090592834492,                591P   2082
-0.0314468709956644,-1.78980252164148,-1.48686800670585,             591P   2083
-0.198049313643239,-1.78042870484002,-1.46467743995142,              591P   2084
-0.364646426003245,-1.77105518794496,-1.41338910653259,              591P   2085
-0.529707435615211,-1.76156908162994,-1.33723051673312,              591P   2086
-0.679569382121999,-1.7528427933291,-1.2610531811908,                591P   2087
-0.829468215781212,-1.74411435713191,-1.15788338988219,              591P   2088
-0.968283551146897,-1.73582732406465,-1.03633352649815,              591P   2089
-1.08444124868796,-1.72678009275088,-0.914813932102448,              591P   2090
-1.20057002002628,-1.71773511442638,-0.771573691567493,              591P   2091
-1.29727740719272,-1.70797689895575,-0.618433743253616,              591P   2092
-1.36657956416955,-1.69902802995938,-0.465247265633688,              591P   2093
-1.43590277758077,-1.69007644198166,-0.297924875768314,              591P   2094
-1.47970237835645,-1.68167562091952,-0.130399803751807,              591P   2095
-1.49432121419108,-1.67309799564882,0.0370707268003829,              591P   2096
-1.50893529054282,-1.66452316301231,0.209323246155947,               591P   2097
-1.49480117052246,-1.65484812017364,0.372136622980386,               591P   2098
-1.45310506634474,-1.64553593411372,0.534981586172628,               591P   2099
-1.41140087297615,-1.63622194145695,0.69289003137846,                591P   2100
-1.34096057545958,-1.6272760511467,0.832741281163105,                591P   2101
-1.24761450722843,-1.61875480004868,0.972578788187993,               591P   2102
-1.15427761183335,-1.61023438630827,1.09819490441037,                591P   2103
-1.03548053014814,-1.60136661942055,1.19916890261557,                591P   2104
-0.901107065225747,-1.59204323621269,1.30014041682975,               591P   2105
-0.766736905931399,-1.58272008236288,1.37928434287342,               591P   2106
-0.613056203800267,-1.57337887129928,1.43003108343127,               591P   2107
-0.452781515104581,-1.56475912214662,1.47612962971005,               591P   2108
-0.307187333627391,-1.5569289068292,1.5,-0.152702573665903,          591P   2109
-1.54943536059031,1.5,5.69785193910747E-015,-1.54131268142917,       591P   2110
0.0,1.0,0.0,0.0,0.0,0,0;                                             591P   2111
110,1.5,0.0,-1.54131268142917,1.5,0.0,-1.45868731857083,0,0;         593P   2112
102,4,587,589,591,593,0,0;                                           595P   2113
142,0,575,585,595,3,0,0;                                             597P   2114
144,575,1,0,597,0,0;                                                 599P   2115
128,6,1,3,1,0,0,0,0,0,0.0,0.0,0.0,0.0,0.5,0.5,0.5,1.0,1.0,1.0,       601P   2116
1.0,0.0,0.0,1.0,1.0,1.0,0.333333333333333,0.333333333333333,1.0,     601P   2117
0.333333333333333,0.333333333333333,1.0,1.0,0.333333333333333,       601P   2118
0.333333333333333,1.0,0.333333333333333,0.333333333333333,1.0,       601P   2119
1.5,0.0,-6.6,1.5,3.0,-6.6,-1.5,3.0,-6.6,-1.5,                        601P   2120
1.83697019872103E-016,-6.6,-1.5,-3.0,-6.6,1.5,-3.0,-6.6,1.5,0.0,     601P   2121
-6.6,1.5,0.0,0.6,1.5,3.0,0.599999999999999,-1.5,3.0,                 601P   2122
0.599999999999999,-1.5,1.83697019872103E-016,0.6,-1.5,-3.0,          601P   2123
0.599999999999999,1.5,-3.0,0.599999999999999,1.5,0.0,0.6,0.0,        601P   2124
1.0,0.0,1.0,0,0;                                                     601P   2125
126,1,1,1,0,1,0,0.0,0.0,1.0,1.0,1.0,1.0,1.0,0.783515650198499,       603P   2126
0.0,0.0,0.714071205754051,0.0,0.0,1.0,0.0,0.0,1.0,0,0;               603P   2127
126,1,1,1,0,1,0,0.0,0.0,1.0,1.0,1.0,1.0,0.0,0.714071205754051,       605P   2128
0.0,0.0,0.702595460912615,0.0,0.0,1.0,0.0,0.0,1.0,0,0;               605P   2129
126,1,1,1,0,1,0,0.0,0.0,1.0,1.0,1.0,1.0,0.0,0.702595460912615,       607P   2130
0.0,1.0,0.772039905357183,0.0,0.0,1.0,0.0,0.0,1.0,0,0;               607P   2131
126,1,1,1,0,1,0,0.0,0.0,1.0,1.0,1.0,1.0,1.0,0.772039905357182,       609P   2132
0.0,1.0,0.783515650198495,0.0,0.0,1.0,0.0,0.0,1.0,0,0;               609P   2133
102,4,603,605,607,609,0,0;                                           611P   2134
126,57,3,0,0,1,0,0.0,0.0,0.0,0.0,0.033738392744697,                  613P   2135
0.033738392744697,0.033738392744697,0.0875021457311398,              613P   2136
0.0875021457311398,0.0875021457311398,0.141266723457973,             613P   2137
0.141266723457973,0.141266723457973,0.195025106778097,               613P   2138
0.195025106778097,0.195025106778097,0.248795961161059,               613P   2139
0.248795961161059,0.248795961161059,0.302551343045087,               613P   2140
0.302551343045087,0.302551343045087,0.356326137835458,               613P   2141
0.356326137835458,0.356326137835458,0.410084953993757,               613P   2142
0.410084953993757,0.410084953993757,0.463850510140527,               613P   2143
0.463850510140527,0.463850510140527,0.517611681509472,               613P   2144
0.517611681509472,0.517611681509472,0.571368060923976,               613P   2145
0.571368060923976,0.571368060923976,0.62514125801976,                613P   2146
0.62514125801976,0.62514125801976,0.678898647133975,                 613P   2147
0.678898647133975,0.678898647133975,0.732672456867157,               613P   2148
0.732672456867157,0.732672456867157,0.78642904410883,                613P   2149
0.78642904410883,0.78642904410883,0.84019435899291,                  613P   2150
0.84019435899291,0.84019435899291,0.89395769345437,                  613P   2151
0.89395769345437,0.89395769345437,0.94771684834248,                  613P   2152
0.94771684834248,0.94771684834248,1.0,1.0,1.0,1.0,1.0,1.0,1.0,       613P   2153
1.0,1.0,1.0,1.0,1.0,1.0,1.0,1.0,1.0,1.0,1.0,1.0,1.0,1.0,1.0,1.0,     613P   2154
1.0,1.0,1.0,1.0,1.0,1.0,1.0,1.0,1.0,1.0,1.0,1.0,1.0,1.0,1.0,1.0,     613P   2155
1.0,1.0,1.0,1.0,1.0,1.0,1.0,1.0,1.0,1.0,1.0,1.0,1.0,1.0,1.0,1.0,     613P   2156
1.0,1.0,1.0,1.0,1.0,1.0,1.0,1.49999999999996,                        613P   2157
2.02844245325283E-013,-0.958687318570805,1.49999999999998,           613P   2158
-0.10570358629697,-0.964309989473208,1.48870359589192,               613P   2159
-0.211971136084789,-0.970327011699703,1.46648785373201,              613P   2160
-0.31529886592961,-0.976217990358682,1.43115622275381,               613P   2161
-0.479629960268616,-0.985586927150495,1.36692605406871,              613P   2162
-0.640141124142027,-0.99471464862913,1.27910520129803,               613P   2163
-0.783511253277398,-1.0032769836601,1.19128305591299,                613P   2164
-0.926883492643803,-1.01183944471806,1.07745291464513,               613P   2165
-1.05704809721157,-1.02043947979699,0.947103843498651,               613P   2166
-1.16318283585603,-1.0297228458061,0.816768279682641,                613P   2167
-1.26930657636314,-1.03900524983296,0.666298122170674,               613P   2168
-1.35436574015795,-1.04850870973712,0.508131063826442,               613P   2169
-1.41131244661649,-1.05722792972701,0.349928985762603,               613P   2170
-1.46827176162774,-1.06594908023671,0.179662688765003,               613P   2171
-1.49866287854618,-1.0741750720971,0.0115334706462699,               613P   2172
-1.49995565902958,-1.08307531197514,-0.15655003691747,               613P   2173
-1.50124808803502,-1.09197313207804,-0.327125785569723,              613P   2174
-1.47351224048758,-1.10186957343667,-0.486130439916715,              613P   2175
-1.41904094211085,-1.11099671096138,-0.645189433681088,              613P   2176
-1.3645510283129,-1.12012696766105,-0.797052906010401,               613P   2177
-1.28179009765702,-1.12873182963431,-0.929076562672416,              613P   2178
-1.17763183580133,-1.13728088567794,-1.06106210098709,               613P   2179
-1.07350364689548,-1.1458274734072,-1.17683488044286,                613P   2180
-0.945150482566953,-1.15527307360448,-1.26683437077181,              613P   2181
-0.803200272056226,-1.16455400498721,-1.35684445269753,              613P   2182
-0.661233356124316,-1.17383602859706,-1.42356638833624,              613P   2183
-0.501726423810164,-1.18281252821764,-1.46144352564978,              613P   2184
-0.337909486899004,-1.19129248575076,-1.49931766184398,              613P   2185
-0.17410552969572,-1.19977177139138,-1.50938680473695,               613P   2186
-0.00149527427450278,-1.20840362959145,-1.4908355808734,             613P   2187
0.165557454684421,-1.21774829188753,-1.47228577426287,               613P   2188
0.332597421359512,-1.22709224028189,-1.4246140267914,                613P   2189
0.498729848973122,-1.2366669691457,-1.35174813964335,                613P   2190
0.650213016611278,-1.24545147688022,-1.27886040830114,               613P   2191
0.801741596826653,-1.25423861808974,-1.17874260747409,               613P   2192
0.942781342339384,-1.26252707496036,-1.05974808044679,               613P   2193
1.06157147945362,-1.2714686472421,-0.940786676070706,                613P   2194
1.18032855080947,-1.28040773059778,-0.799690933211445,               613P   2195
1.28013599211139,-1.29021125008585,-0.648101808575162,               613P   2196
1.35276163669791,-1.29922335193766,-0.49646902679467,                613P   2197
1.42540819721917,-1.30823804924368,-0.330148049339704,               613P   2198
1.47284787561333,-1.3167115684956,-0.16298121689731,                 613P   2199
1.49111941940901,-1.32523734424199,0.00413358888148074,              613P   2200
1.50938527662532,-1.33376046654535,0.176661759603151,                613P   2201
1.49901197486873,-1.34330015744411,0.340344694205329,                613P   2202
1.4608783279679,-1.3526471012328,0.504052838833779,                  613P   2203
1.42273880782046,-1.36199548461383,0.663449814497113,                613P   2204
1.35576685912394,-1.37104295550264,0.805299924927438,                613P   2205
1.26550070363942,-1.37958340230322,0.947144953973833,                613P   2206
1.17523778168775,-1.38812354316616,1.07533414362897,                 613P   2207
1.05920262893828,-1.39683587529214,1.17921958939606,                 613P   2208
0.927060494242036,-1.40614241847842,1.28309790643839,                613P   2209
0.794927427273237,-1.41544832304026,1.36557267228823,                613P   2210
0.64301826983485,-1.42488268378441,1.41980467185073,                 613P   2211
0.483895333508011,-1.43355640017473,1.47254782331087,                613P   2212
0.329140849086035,-1.44199199430711,1.5,0.16348188964298,            613P   2213
-1.44999125729074,1.5,5.34548623304968E-015,-1.45868731857083,       613P   2214
0.0,1.0,0.0,0.0,0.0,0,0;                                             613P   2215
110,1.5,0.0,-1.45868731857083,1.5,0.0,-1.54131268142917,0,0;         615P   2216
126,60,3,0,0,1,0,0.0,0.0,0.0,0.0,0.00493753499191207,                617P   2217
0.00493753499191207,0.00493753499191207,0.0586963886154663,          617P   2218
0.0586963886154663,0.0586963886154663,0.112477163986776,             617P   2219
0.112477163986776,0.112477163986776,0.166239529187301,               617P   2220
0.166239529187301,0.166239529187301,0.22001211553647,                617P   2221
0.22001211553647,0.22001211553647,0.273775209690658,                 617P   2222
0.273775209690658,0.273775209690658,0.327538111476381,               617P   2223
0.327538111476381,0.327538111476381,0.381312156611736,               617P   2224
0.381312156611736,0.381312156611736,0.435073363863962,               617P   2225
0.435073363863962,0.435073363863962,0.488851759552977,               617P   2226
0.488851759552977,0.488851759552977,0.542612069560262,               617P   2227
0.542612069560262,0.542612069560262,0.596385255899063,               617P   2228
0.596385255899063,0.596385255899063,0.650150418959372,               617P   2229
0.650150418959372,0.650150418959372,0.703915911612114,               617P   2230
0.703915911612114,0.703915911612114,0.757686147285527,               617P   2231
0.757686147285527,0.757686147285527,0.811444945765682,               617P   2232
0.811444945765682,0.811444945765682,0.86522561401576,                617P   2233
0.86522561401576,0.86522561401576,0.918987801326201,                 617P   2234
0.918987801326201,0.918987801326201,0.9727616532452,                 617P   2235
0.9727616532452,0.9727616532452,1.0,1.0,1.0,1.0,1.0,1.0,1.0,1.0,     617P   2236
1.0,1.0,1.0,1.0,1.0,1.0,1.0,1.0,1.0,1.0,1.0,1.0,1.0,1.0,1.0,1.0,     617P   2237
1.0,1.0,1.0,1.0,1.0,1.0,1.0,1.0,1.0,1.0,1.0,1.0,1.0,1.0,1.0,1.0,     617P   2238
1.0,1.0,1.0,1.0,1.0,1.0,1.0,1.0,1.0,1.0,1.0,1.0,1.0,1.0,1.0,1.0,     617P   2239
1.0,1.0,1.0,1.0,1.0,1.0,1.0,1.0,1.0,1.5,5.69785193910747E-015,       617P   2240
-1.54131268142917,1.5,0.0156203520132865,-1.54048179099463,          617P   2241
1.4997559460835,0.0312421609861299,-1.53964245414841,                617P   2242
1.499268052766,0.0468540921932351,-1.53879667638306,                 617P   2243
1.4940180288187,0.214847810820271,-1.52969560169549,                 617P   2244
1.45966721510401,0.3842168930351,-1.51986743705858,                  617P   2245
1.39904789988163,0.540985188186471,-1.51085178026845,                617P   2246
1.33840507201596,0.697814289649979,-1.50183262654138,                617P   2247
1.24978728932713,0.846351911610016,-1.49336487910498,                617P   2248
1.14056660603583,0.97422164685245,-1.48473713769945,                 617P   2249
1.03138212919211,1.10204899352226,-1.47611225637369,                 617P   2250
0.898631027766567,1.21272951422133,-1.46644499553248,                617P   2251
0.753283245054853,1.29713698302054,-1.45723248285335,                617P   2252
0.607909670182913,1.38155943003902,-1.44801833540141,                617P   2253
0.445907633098717,1.44202649560869,-1.43922095738067,                617P   2254
0.280729863499552,1.47349609559697,-1.43076548272078,                617P   2255
0.115580452624996,1.50496029269283,-1.42231145974823,                617P   2256
-0.0572677738067067,1.50829973372335,-1.41338268661456,              617P   2257
-0.223462740332732,1.48326140773732,-1.40399602326959,               617P   2258
-0.389658137627202,1.4582230168533,-1.3946093355949,                 617P   2259
-0.553824550995801,1.40411498788629,-1.38519666136009,               617P   2260
-0.70236529975814,1.32539917975516,-1.37651285385316,                617P   2261
-0.850935653650252,1.24666768305552,-1.36782731560737,               617P   2262
-0.987958975250275,1.14114029634324,-1.3595106919232,                617P   2263
-1.10201416582632,1.01762703301265,-1.3503934287975,                 617P   2264
-1.21604401941878,0.894141207745241,-1.34127819104166,               617P   2265
-1.31028849989019,0.749265979836855,-1.33156388357906,               617P   2266
-1.37696119337524,0.594960395269001,-1.3226654215626,                617P   2267
-1.44365410278682,0.440608023475375,-1.31376426143025,               617P   2268
-1.48458389050625,0.2725583276001,-1.30541387735457,                 617P   2269
-1.49633376773992,0.104810569702043,-1.29678487967404,               617P   2270
-1.50807982560758,-0.0628826608106768,-1.28815868689945,             617P   2271
-1.49100192340877,-0.234862854918112,-1.27839578096823,              617P   2272
-1.44652622774823,-0.396940640948316,-1.26911653487461,              617P   2273
-1.40204050025668,-0.559054984854393,-1.25983519577654,              617P   2274
-1.32890366073448,-0.715743502819751,-1.25096752108566,              617P   2275
-1.23317366665011,-0.853980507904443,-1.24245386359753,              617P   2276
-1.13745755770356,-0.992197462430418,-1.23394144097115,              617P   2277
-1.01653459784155,-1.11575462142103,-1.22494626279541,               617P   2278
-0.880455417919626,-1.21441272105326,-1.21561901571995,              617P   2279
-0.744375046352586,-1.31307168463427,-1.20629168696581,              617P   2280
-0.589355688939427,-1.38957716238663,-1.19702661534641,              617P   2281
-0.428231048333468,-1.43757370915137,-1.18844527683469,              617P   2282
-0.267092788763622,-1.48557431279552,-1.17986321299047,              617P   2283
-0.0954097824066385,-1.5063718170628,-1.17157580011233,              617P   2284
0.0724981235759471,-1.49824698300313,-1.16240134387371,              617P   2285
0.240373394318115,-1.49012372811813,-1.15322867081846,               617P   2286
0.409132433942378,-1.45288076292712,-1.14344401968375,               617P   2287
0.564842986606078,-1.38958713310175,-1.13447897978674,               617P   2288
0.720613898966658,-1.32626896811003,-1.12551046467831,               617P   2289
0.867615079360366,-1.2351206330397,-1.11709398679627,                617P   2290
0.993595171486993,-1.12372978744791,-1.10841658367502,               617P   2291
1.11953345495591,-1.01237590882175,-1.09974206029905,                617P   2292
1.22792435738853,-0.877754507937361,-1.0900037691429,                617P   2293
1.30983383592935,-0.730982436351648,-1.08082873717594,               617P   2294
1.39175991250161,-0.584180623062039,-1.07165184599229,               617P   2295
1.44944817987642,-0.421159516038618,-1.06293028937011,               617P   2296
1.47808609332172,-0.255463306032287,-1.05447418846753,               617P   2297
1.49264267868165,-0.171240304612084,-1.05017597188007,               617P   2298
1.49999999999998,-0.0854588704343161,-1.04585847898418,              617P   2299
1.49999999999995,4.7233587628403E-013,-1.04131268142916,0.0,1.0,     617P   2300
0.0,0.0,0.0,0,0;                                                     617P   2301
110,1.5,0.0,-1.04131268142829,1.5,0.0,-0.958687318570833,0,0;        619P   2302
102,4,613,615,617,619,0,0;                                           621P   2303
142,0,601,611,621,3,0,0;                                             623P   2304
144,601,1,0,623,0,0;                                                 625P   2305
128,6,1,3,1,0,0,0,0,0,0.0,0.0,0.0,0.0,0.5,0.5,0.5,1.0,1.0,1.0,       627P   2306
1.0,0.0,0.0,1.0,1.0,1.0,0.333333333333333,0.333333333333333,1.0,     627P   2307
0.333333333333333,0.333333333333333,1.0,1.0,0.333333333333333,       627P   2308
0.333333333333333,1.0,0.333333333333333,0.333333333333333,1.0,       627P   2309
1.5,0.0,-6.6,1.5,3.0,-6.6,-1.5,3.0,-6.6,-1.5,                        627P   2310
1.83697019872103E-016,-6.6,-1.5,-3.0,-6.6,1.5,-3.0,-6.6,1.5,0.0,     627P   2311
-6.6,1.5,0.0,0.6,1.5,3.0,0.599999999999999,-1.5,3.0,                 627P   2312
0.599999999999999,-1.5,1.83697019872103E-016,0.6,-1.5,-3.0,          627P   2313
0.599999999999999,1.5,-3.0,0.599999999999999,1.5,0.0,0.6,0.0,        627P   2314
1.0,0.0,1.0,0,0;                                                     627P   2315
126,1,1,1,0,1,0,0.0,0.0,1.0,1.0,1.0,1.0,1.0,0.85296009464294,        629P   2316
0.0,0.0,0.783515650198499,0.0,0.0,1.0,0.0,0.0,1.0,0,0;               629P   2317
126,1,1,1,0,1,0,0.0,0.0,1.0,1.0,1.0,1.0,0.0,0.783515650198495,       631P   2318
0.0,0.0,0.772039905357182,0.0,0.0,1.0,0.0,0.0,1.0,0,0;               631P   2319
126,1,1,1,0,1,0,0.0,0.0,1.0,1.0,1.0,1.0,0.0,0.772039905357183,       633P   2320
0.0,1.0,0.841484349801506,0.0,0.0,1.0,0.0,0.0,1.0,0,0;               633P   2321
126,1,1,1,0,1,0,0.0,0.0,1.0,1.0,1.0,1.0,1.0,0.841484349801507,       635P   2322
0.0,1.0,0.85296009464294,0.0,0.0,1.0,0.0,0.0,1.0,0,0;                635P   2323
102,4,629,631,633,635,0,0;                                           637P   2324
126,60,3,0,0,1,0,0.0,0.0,0.0,0.0,0.0121083274304403,                 639P   2325
0.0121083274304403,0.0121083274304403,0.0658700287938297,            639P   2326
0.0658700287938297,0.0658700287938297,0.119652151510894,             639P   2327
0.119652151510894,0.119652151510894,0.173416591870697,               639P   2328
0.173416591870697,0.173416591870697,0.227194965877435,               639P   2329
0.227194965877435,0.227194965877435,0.280958886260596,               639P   2330
0.280958886260596,0.280958886260596,0.334727798542385,               639P   2331
0.334727798542385,0.334727798542385,0.388500391611986,               639P   2332
0.388500391611986,0.388500391611986,0.442264813897942,               639P   2333
0.442264813897942,0.442264813897942,0.496043574297926,               639P   2334
0.496043574297926,0.496043574297926,0.549805902682195,               639P   2335
0.549805902682195,0.549805902682195,0.60358589493745,                639P   2336
0.60358589493745,0.60358589493745,0.657351796612355,                 639P   2337
0.657351796612355,0.657351796612355,0.71112279263914,                639P   2338
0.71112279263914,0.71112279263914,0.764891834149307,                 639P   2339
0.764891834149307,0.764891834149307,0.818654111032555,               639P   2340
0.818654111032555,0.818654111032555,0.872435220576464,               639P   2341
0.872435220576464,0.872435220576464,0.926199508662397,               639P   2342
0.926199508662397,0.926199508662397,0.979979032289947,               639P   2343
0.979979032289947,0.979979032289947,1.0,1.0,1.0,1.0,1.0,1.0,1.0,     639P   2344
1.0,1.0,1.0,1.0,1.0,1.0,1.0,1.0,1.0,1.0,1.0,1.0,1.0,1.0,1.0,1.0,     639P   2345
1.0,1.0,1.0,1.0,1.0,1.0,1.0,1.0,1.0,1.0,1.0,1.0,1.0,1.0,1.0,1.0,     639P   2346
1.0,1.0,1.0,1.0,1.0,1.0,1.0,1.0,1.0,1.0,1.0,1.0,1.0,1.0,1.0,1.0,     639P   2347
1.0,1.0,1.0,1.0,1.0,1.0,1.0,1.0,1.0,1.0,1.49999999999999,            639P   2348
-3.92654902446509E-014,-0.458687318570829,1.49999999999999,          639P   2349
-0.0381808917236013,-0.460718267533321,1.49854013051602,             639P   2350
-0.0763868564913799,-0.462800341746409,1.4956271718138,              639P   2351
-0.114452448345415,-0.464905249083033,1.48280334022736,              639P   2352
-0.282030086436306,-0.474171764660257,1.44084582612784,              639P   2353
-0.449685441115913,-0.483870962650753,1.37321089461107,              639P   2354
-0.603565935852462,-0.492753143350238,1.3055514189962,               639P   2355
-0.757502272413248,-0.501638547311868,1.21031788284492,              639P   2356
-0.901890619199581,-0.509985145467521,1.09544637643469,              639P   2357
-1.02469372807494,-0.518764907616205,0.980611097893439,              639P   2358
-1.1474581076337,-0.527541900826944,0.843010145728155,               639P   2359
-1.25203284511383,-0.537351165033464,0.693997802188235,              639P   2360
-1.32979962797359,-0.54645713298304,0.544949270427778,               639P   2361
-1.40758529679557,-0.555565312351943,0.380362640616986,              639P   2362
-1.46068528117996,-0.564168859015414,0.213923180965263,              639P   2363
-1.484667259909,-0.572642641673031,0.0475272589583545,               639P   2364
-1.50864296537283,-0.581114207737658,-0.125270682534645,             639P   2365
-1.50417865692225,-0.590403878200672,-0.290162207952459,             639P   2366
-1.47166772509156,-0.599786250048513,-0.45506865942718,              639P   2367
-1.43915385035632,-0.609169471192979,-0.616646968152239,             639P   2368
-1.37768358814207,-0.618377212537236,-0.761494817548284,             639P   2369
-1.29233341009474,-0.626966872597931,-0.906352230304795,             639P   2370
-1.20697759693082,-0.635557099777958,-1.03845400648753,              639P   2371
-1.09538613019468,-0.644056836354297,-1.1468074094133,               639P   2372
-0.966867501633374,-0.653307731528037,-1.2551458289004,              639P   2373
-0.838366645019573,-0.662557347459809,-1.34276416865193,             639P   2374
-0.689378537525791,-0.672125690415677,-1.40240833748136,             639P   2375
-0.532213166844599,-0.68089256361074,-1.46206766344927,              639P   2376
-0.375007856344748,-0.689661664696872,-1.49536969869731,             639P   2377
-0.205283835989821,-0.697911643613686,-1.49953882846669,             639P   2378
-0.0371927670487741,-0.706723729483722,-1.50370674438355,            639P   2379
0.130849361758722,-0.715533249692999,-1.47889151575512,              639P   2380
0.301875597280149,-0.725426789445841,-1.42714848078784,              639P   2381
0.461786978795383,-0.734599826992161,-1.37538939526011,              639P   2382
0.621747964422463,-0.743775709991856,-1.29524362036005,              639P   2383
0.774998026159616,-0.752448372529457,-1.19336271133748,              639P   2384
0.908782393749601,-0.760977150376246,-1.09150775532365,              639P   2385
1.04253268128578,-0.769503755613387,-0.965148877873719,              639P   2386
1.16049014934318,-0.778832749465684,-0.824759499855703,              639P   2387
1.25290533058079,-0.788134969307936,-0.684357529670614,              639P   2388
1.34532880095978,-0.797438023508941,-0.526023693921821,              639P   2389
1.41476788385996,-0.806494564390408,-0.3628838774449,                639P   2390
1.45544333159713,-0.814995514776895,-0.199749839223883,              639P   2391
1.49611733864894,-0.82349616406787,-0.0273271656868517,              639P   2392
1.50914077484002,-0.832012563439917,0.14002412781921,                639P   2393
1.4934501142082,-0.841323741942113,0.30735688226971,                 639P   2394
1.47776119177643,-0.850633888958673,0.474274850800008,               639P   2395
1.43294048129072,-0.860273326129421,0.626978981157094,               639P   2396
1.36268021090321,-0.86910592560475,0.77973429207846,                 639P   2397
1.29239639196939,-0.877941485428461,0.92246984311978,                639P   2398
1.19470625500651,-0.886255006614303,1.04328459567316,                639P   2399
1.07775565525359,-0.895110520088925,1.16406331045922,                639P   2400
0.960839940631935,-0.903963392057214,1.26626900090152,               639P   2401
0.821471781558485,-0.913783692527407,1.3414763983039,                639P   2402
0.671149068980853,-0.922843773775019,1.41670382484448,               639P   2403
0.520786322650047,-0.931906267891919,1.46698136907596,               639P   2404
0.35530795162714,-0.940442587494467,1.48811133031153,                639P   2405
0.188479889108791,-0.94893801463124,1.49602183475215,                639P   2406
0.126023828983612,-0.952118480195808,1.49999999999996,               639P   2407
0.0629463249835718,-0.9553390265942,1.49999999999996,                639P   2408
2.02844245325283E-013,-0.958687318570805,0.0,1.0,0.0,0.0,0.0,0,      639P   2409
0;                                                                   639P   2410
110,1.5,0.0,-0.958687318570833,1.5,0.0,-1.04131268142829,0,0;        641P   2411
126,60,3,0,0,1,0,0.0,0.0,0.0,0.0,0.0265241645805663,                 643P   2412
0.0265241645805663,0.0265241645805663,0.0802886575813986,            643P   2413
0.0802886575813986,0.0802886575813986,0.134061514624383,             643P   2414
0.134061514624383,0.134061514624383,0.18782317683549,                643P   2415
0.18782317683549,0.18782317683549,0.24160136076163,                  643P   2416
0.24160136076163,0.24160136076163,0.295361857140009,                 643P   2417
0.295361857140009,0.295361857140009,0.349137050421986,               643P   2418
0.349137050421986,0.349137050421986,0.402901773255374,               643P   2419
0.402901773255374,0.402901773255374,0.456668703728328,               643P   2420
0.456668703728328,0.456668703728328,0.510437818003835,               643P   2421
0.510437818003835,0.510437818003835,0.564197145927871,               643P   2422
0.564197145927871,0.564197145927871,0.617977644113877,               643P   2423
0.617977644113877,0.617977644113877,0.671740039276022,               643P   2424
0.671740039276022,0.671740039276022,0.725515499684136,               643P   2425
0.725515499684136,0.725515499684136,0.77927759359449,                643P   2426
0.77927759359449,0.77927759359449,0.833043453156687,                 643P   2427
0.833043453156687,0.833043453156687,0.886814824845096,               643P   2428
0.886814824845096,0.886814824845096,0.940576808349896,               643P   2429
0.940576808349896,0.940576808349896,0.994354124072917,               643P   2430
0.994354124072917,0.994354124072917,1.0,1.0,1.0,1.0,1.0,1.0,1.0,     643P   2431
1.0,1.0,1.0,1.0,1.0,1.0,1.0,1.0,1.0,1.0,1.0,1.0,1.0,1.0,1.0,1.0,     643P   2432
1.0,1.0,1.0,1.0,1.0,1.0,1.0,1.0,1.0,1.0,1.0,1.0,1.0,1.0,1.0,1.0,     643P   2433
1.0,1.0,1.0,1.0,1.0,1.0,1.0,1.0,1.0,1.0,1.0,1.0,1.0,1.0,1.0,1.0,     643P   2434
1.0,1.0,1.0,1.0,1.0,1.0,1.0,1.0,1.0,1.0,1.49999999999995,            643P   2435
4.7233587628403E-013,-1.04131268142916,1.49999999999992,             643P   2436
0.0832333250035885,-1.03688526689197,1.49302494848261,               643P   2437
0.166740118540033,-1.03221233215866,1.47922086080337,                643P   2438
0.24880845034715,-1.02756212051842,1.45134200927823,                 643P   2439
0.414554343196377,-1.01817051399642,1.3944297612166,                 643P   2440
0.577778541426829,-1.00883398174224,1.31317961830146,                643P   2441
0.724954681395769,-1.00018923004401,1.2319173034762,                 643P   2442
0.872152869507422,-0.99154318329401,1.12406445149951,                643P   2443
1.00734330130937,-0.98317335461208,0.998623894256485,                643P   2444
1.11926329244732,-0.973996933699933,0.873207448558412,               643P   2445
1.23116177089466,-0.964822276632672,0.726738762191367,               643P   2446
1.32291617757524,-0.955158519471978,0.571312243399177,               643P   2447
1.38693991237624,-0.946310508342797,0.415840337096909,               643P   2448
1.4509823433298,-0.937459913425485,0.247114293037018,                643P   2449
1.48902998205119,-0.929153497301924,0.079194838396765,               643P   2450
1.49790793360984,-0.920463366604653,-0.0886714557014984,             643P   2451
1.50678307455481,-0.911775987060063,-0.260330151076943,              643P   2452
1.48676700597844,-0.901944661648682,-0.421625247234495,              643P   2453
1.43952497404333,-0.892702705221717,-0.58296187216734,               643P   2454
1.3922707786651,-0.883458369260961,-0.738384482685175,               643P   2455
1.31645881264541,-0.874666909206305,-0.874966607570553,              643P   2456
1.21837327434431,-0.866153765785714,-1.01152287258358,               643P   2457
1.12030630713736,-0.857642234207101,-1.13298570734222,               643P   2458
0.997293161274225,-0.848518355746776,-1.22929981101289,              643P   2459
0.859547540653652,-0.839194881326786,-1.32561783536741,              643P   2460
0.721796312785436,-0.82987102737364,-1.39946242928203,               643P   2461
0.565483293182654,-0.820684065962467,-1.44469466034222,              643P   2462
0.403555867729228,-0.812137077800427,-1.48992864778831,              643P   2463
0.241622154568075,-0.803589757755365,-1.50778311147089,              643P   2464
0.0696168365730764,-0.795230819640202,-1.49678740826539,             643P   2465
-0.0981195926314617,-0.785995962461406,-1.48579351267169,            643P   2466
-0.265828447215136,-0.776762623424415,-1.44566886102699,             643P   2467
-0.433929094884804,-0.767028188167889,-1.37971898771644,             643P   2468
-0.588536757505189,-0.75811387017664,-1.31374432745441,              643P   2469
-0.743202528692581,-0.749196201780659,-1.22009307489005,             643P   2470
-0.88862266432766,-0.740824597572775,-1.10656630951671,              643P   2471
-1.01267517133708,-0.732087868674261,-0.993076311504904,             643P   2472
-1.13668750206418,-0.723353969297659,-0.856623459791698,             643P   2473
-1.24275827870524,-0.713565032855317,-0.708469946566774,             643P   2474
-1.32214610947946,-0.7044311583497,-0.560282747478407,               643P   2475
-1.40155199077147,-0.69529520706276,-0.396290508667101,              643P   2476
-1.45644443532773,-0.68664674661298,-0.230124852971181,              643P   2477
-1.48224240664103,-0.678182403366398,-0.0639993988246394,            643P   2478
-1.50803413648155,-0.669720107954018,0.108842659412543,              643P   2479
-1.50545661794244,-0.660516327419223,0.274079776633317,              643P   2480
-1.47474752959299,-0.651128182100719,0.439328420688422,              643P   2481
-1.44403629899742,-0.641739381871274,0.601562931133726,              643P   2482
-1.38433607074358,-0.632481018969824,0.747331354196555,              643P   2483
-1.3005751985313,-0.623871330211942,0.893114185321655,               643P   2484
-1.21680604721552,-0.615260790454035,1.02643162830799,               643P   2485
-1.10666031634029,-0.606817290902578,1.13618434523275,               643P   2486
-0.979328920050879,-0.597592183609911,1.2459195179972,               643P   2487
-0.852017877903881,-0.588368550966491,1.33515725647018,              643P   2488
-0.703997640939243,-0.578761322273885,1.39651317847057,              643P   2489
-0.547495152816933,-0.569963195180801,1.45788575682932,              643P   2490
-0.390950178795253,-0.56116267965066,1.49303973127231,               643P   2491
-0.22159867254724,-0.552893146752561,1.49904353105434,               643P   2492
-0.053558304716864,-0.544131839369751,1.49968109280598,              643P   2493
-0.0357135871796272,-0.543201449502592,1.5,-0.01785508348511,        643P   2494
-0.542262443512828,1.5,9.00257325859163E-016,-0.54131268142917,      643P   2495
0.0,1.0,0.0,0.0,0.0,0,0;                                             643P   2496
110,1.5,0.0,-0.541312681429153,1.5,0.0,-0.45868731857083,0,0;        645P   2497
102,4,639,641,643,645,0,0;                                           647P   2498
142,0,627,637,647,3,0,0;                                             649P   2499
144,627,1,0,649,0,0;                                                 651P   2500
128,6,1,3,1,0,0,0,0,0,0.0,0.0,0.0,0.0,0.5,0.5,0.5,1.0,1.0,1.0,       653P   2501
1.0,0.0,0.0,1.0,1.0,1.0,0.333333333333333,0.333333333333333,1.0,     653P   2502
0.333333333333333,0.333333333333333,1.0,1.0,0.333333333333333,       653P   2503
0.333333333333333,1.0,0.333333333333333,0.333333333333333,1.0,       653P   2504
1.5,0.0,-6.6,1.5,3.0,-6.6,-1.5,3.0,-6.6,-1.5,                        653P   2505
1.83697019872103E-016,-6.6,-1.5,-3.0,-6.6,1.5,-3.0,-6.6,1.5,0.0,     653P   2506
-6.6,1.5,0.0,0.6,1.5,3.0,0.599999999999999,-1.5,3.0,                 653P   2507
0.599999999999999,-1.5,1.83697019872103E-016,0.6,-1.5,-3.0,          653P   2508
0.599999999999999,1.5,-3.0,0.599999999999999,1.5,0.0,0.6,0.0,        653P   2509
1.0,0.0,1.0,0,0;                                                     653P   2510
126,1,1,1,0,1,0,0.0,0.0,1.0,1.0,1.0,1.0,1.0,0.916666666666667,       655P   2511
0.0,0.116772679980655,0.916666666666667,0.0,0.0,1.0,0.0,0.0,1.0,     655P   2512
0,0;                                                                 655P   2513
126,1,1,1,0,1,0,0.0,0.0,1.0,1.0,1.0,1.0,0.116772679980655,           657P   2514
0.916666666666667,0.0,0.116772679980655,0.859394900363456,0.0,       657P   2515
0.0,1.0,0.0,0.0,1.0,0,0;                                             657P   2516
126,1,1,1,0,1,0,0.0,0.0,1.0,1.0,1.0,1.0,0.116772679980655,           659P   2517
0.859394900363457,0.0,0.0,0.85296009464294,0.0,0.0,1.0,0.0,0.0,      659P   2518
1.0,0,0;                                                             659P   2519
126,1,1,1,0,1,0,0.0,0.0,1.0,1.0,1.0,1.0,0.0,0.85296009464294,        661P   2520
0.0,0.0,0.841484349801507,0.0,0.0,1.0,0.0,0.0,1.0,0,0;               661P   2521
126,1,1,1,0,1,0,0.0,0.0,1.0,1.0,1.0,1.0,0.0,0.841484349801506,       663P   2522
0.0,1.0,0.910928794245948,0.0,0.0,1.0,0.0,0.0,1.0,0,0;               663P   2523
126,1,1,1,0,1,0,0.0,0.0,1.0,1.0,1.0,1.0,1.0,0.910928794245949,       665P   2524
0.0,1.0,0.916666666666667,0.0,0.0,1.0,0.0,0.0,1.0,0,0;               665P   2525
102,6,655,657,659,661,663,665,0,0;                                   667P   2526
100,0.0,0.0,0.0,-1.5,1.83697019872103E-016,-1.24512260645587,        669P   2527
0.836462608185534,0,0;                                               669P   2528
110,1.24512260645587,0.836462608185533,0.0,1.24512260645587,         671P   2529
0.836462608185533,-0.412356717383114,0,0;                            671P   2530
126,6,3,0,0,1,0,0.0,0.0,0.0,0.0,0.557623076156134,                   673P   2531
0.557623076156134,0.557623076156134,1.0,1.0,1.0,1.0,1.0,1.0,1.0,     673P   2532
1.0,1.0,1.0,1.0,1.24512260645587,0.836462608185533,                  673P   2533
-0.412356717383114,1.33672765665464,0.700103232701396,               673P   2534
-0.42145723716413,1.40654352155834,0.5464742010697,                  673P   2535
-0.430361306169417,1.44901796557373,0.387745967670301,               673P   2536
-0.43869518234545,1.48271663980016,0.261813041369331,                673P   2537
-0.445307171856081,1.5,0.130347026092989,-0.451753793829599,         673P   2538
1.49999999999999,-3.92654902446509E-014,-0.458687318570829,0.0,      673P   2539
1.0,0.0,0.0,0.0,0,0;                                                 673P   2540
110,1.5,0.0,-0.45868731857083,1.5,0.0,-0.541312681429153,0,0;        675P   2541
126,57,3,0,0,1,0,0.0,0.0,0.0,0.0,0.0481085628464264,                 677P   2542
0.0481085628464264,0.0481085628464264,0.101878822840083,             677P   2543
0.101878822840083,0.101878822840083,0.155636337527989,               677P   2544
0.155636337527989,0.155636337527989,0.209397850335732,               677P   2545
0.209397850335732,0.209397850335732,0.263159003357346,               677P   2546
0.263159003357346,0.263159003357346,0.316912177646458,               677P   2547
0.316912177646458,0.316912177646458,0.370685249748863,               677P   2548
0.370685249748863,0.370685249748863,0.424440929918978,               677P   2549
0.424440929918978,0.424440929918978,0.478211022283904,               677P   2550
0.478211022283904,0.478211022283904,0.531966085143194,               677P   2551
0.531966085143194,0.531966085143194,0.585726826453199,               677P   2552
0.585726826453199,0.585726826453199,0.639490210736254,               677P   2553
0.639490210736254,0.639490210736254,0.69324613298736,                677P   2554
0.69324613298736,0.69324613298736,0.747015755671017,                 677P   2555
0.747015755671017,0.747015755671017,0.800769286984275,               677P   2556
0.800769286984275,0.800769286984275,0.854541122300532,               677P   2557
0.854541122300532,0.854541122300532,0.908298152175551,               677P   2558
0.908298152175551,0.908298152175551,0.962060881081417,               677P   2559
0.962060881081417,0.962060881081417,1.0,1.0,1.0,1.0,1.0,1.0,1.0,     677P   2560
1.0,1.0,1.0,1.0,1.0,1.0,1.0,1.0,1.0,1.0,1.0,1.0,1.0,1.0,1.0,1.0,     677P   2561
1.0,1.0,1.0,1.0,1.0,1.0,1.0,1.0,1.0,1.0,1.0,1.0,1.0,1.0,1.0,1.0,     677P   2562
1.0,1.0,1.0,1.0,1.0,1.0,1.0,1.0,1.0,1.0,1.0,1.0,1.0,1.0,1.0,1.0,     677P   2563
1.0,1.0,1.0,1.0,1.0,1.0,1.0,1.5,9.00257325859163E-016,               677P   2564
-0.54131268142917,1.5,0.150458661958916,-0.53330936223967,           677P   2565
1.47685421993152,0.302548581743257,-0.524530923128689,               677P   2566
1.43210304230587,0.446184800523575,-0.516294975573796,               677P   2567
1.38209411083877,0.60669663959221,-0.507091397954349,                677P   2568
1.30362915157518,0.760807525942673,-0.498373492950072,               677P   2569
1.2032171273938,0.895694448093884,-0.489853329744681,                677P   2570
1.10282824808392,1.03055027894398,-0.481335130428417,                677P   2571
0.977760976053408,1.14988405110156,-0.472084505054107,               677P   2572
0.838388600591079,1.24382657730044,-0.462771897883524,               677P   2573
0.699006315200961,1.33777578318494,-0.453458628549694,               677P   2574
0.541445027315334,1.40893766735793,-0.444351066698621,               677P   2575
0.378762251683473,1.45139214435647,-0.435833810797918,               677P   2576
0.216080575080301,1.49384633454721,-0.427316612436857,               677P   2577
0.0438041795539449,1.50875286811804,-0.418866798357446,              677P   2578
-0.123712493661775,1.4948897012529,-0.40958209942321,                677P   2579
-0.29120702374601,1.48102836688551,-0.40029862778358,                677P   2580
-0.458601035392254,1.43803312031217,-0.390620447532479,              677P   2581
-0.612060891780364,1.36944567791243,-0.381756347653188,              677P   2582
-0.765575048075227,1.30083396667903,-0.37288911131979,               677P   2583
-0.909370148159337,1.20470792267636,-0.364555370929031,              677P   2584
-1.03145777283577,1.08907982391406,-0.355749369624613,               677P   2585
-1.15350759353091,0.973487528964752,-0.34694609506592,               677P   2586
-1.25722822797495,0.835242357812383,-0.337129792864166,              677P   2587
-1.3340712241325,0.685750660912708,-0.328040154482756,               677P   2588
-1.41093354527472,0.536221368852844,-0.318948230178996,              677P   2589
-1.4630137325684,0.371306323420579,-0.310369488406391,               677P   2590
-1.48596417416761,0.204720475503517,-0.301888852404673,              677P   2591
-1.50890837294445,0.038179941130873,-0.293410523247629,              677P   2592
-1.5033739679641,-0.134583937553085,-0.284073121163418,              677P   2593
-1.46984250333258,-0.299270806122155,-0.274695268930005,             677P   2594
-1.43630761286996,-0.463974500362388,-0.265316458583421,             677P   2595
-1.37383632281952,-0.625171987305949,-0.256137611839092,             677P   2596
-1.28758896783229,-0.76948986342679,-0.247558436592335,              677P   2597
-1.20133752423633,-0.913814581025017,-0.238978854644516,             677P   2598
-1.08893188191979,-1.04521963448363,-0.230444403621716,              677P   2599
-0.95974641094342,-1.15277353659825,-0.22118065237685,               677P   2600
-0.830577194961045,-1.26031390554988,-0.211918066760129,             677P   2601
-0.681047700596414,-1.34700886785321,-0.202372679791688,             677P   2602
-0.523514489657065,-1.40567868985736,-0.193623266028271,             677P   2603
-0.365942997585345,-1.4643627688376,-0.18487172612609,               677P   2604
-0.196016834149888,-1.49661230506989,-0.176631391026809,             677P   2605
-0.0279061384149684,-1.49974039334772,-0.167788612426484,            677P   2606
0.140156754894984,-1.50286759215088,-0.158948348278072,              677P   2607
0.31102555518315,-1.47699435489767,-0.14905046884816,                677P   2608
0.470614156734954,-1.42426202486819,-0.1398937568465,                677P   2609
0.63025410526264,-1.3715127284285,-0.130734098710432,                677P   2610
0.783007544473276,-1.29041762129065,-0.122086440319426,              677P   2611
0.916159194472102,-1.18770885758431,-0.113551293075286,              677P   2612
1.04927520544335,-1.08502758464104,-0.105018430326668,               677P   2613
1.16644576102323,-0.957942593171941,-0.0956462295876553,             677P   2614
1.25798961091252,-0.816983560933861,-0.0863510311074356,             677P   2615
1.34954261329762,-0.6760104357015,-0.0770549032991909,               677P   2616
1.41800055453215,-0.517246647038771,-0.0680273500454732,             677P   2617
1.45766449827319,-0.353856200276303,-0.0595346620492027,             677P   2618
1.48568919530714,-0.238412113358077,-0.0535341238865515,             677P   2619
1.49999999999999,-0.118780498349481,-0.0476309500446353,             677P   2620
1.49999999999998,8.69122328053104E-014,-0.0413126814291735,0.0,      677P   2621
1.0,0.0,0.0,0.0,0,0;                                                 677P   2622
110,1.5,0.0,-0.0413126814291708,1.5,0.0,0.0,0,0;                     679P   2623
102,6,669,671,673,675,677,679,0,0;                                   681P   2624
142,0,653,667,681,3,0,0;                                             683P   2625
144,653,1,0,683,0,0;                                                 685P   2626
128,6,1,3,1,0,0,0,0,0,0.0,0.0,0.0,0.0,0.5,0.5,0.5,1.0,1.0,1.0,       687P   2627
1.0,0.0,0.0,1.0,1.0,1.0,0.333333333333333,0.333333333333333,1.0,     687P   2628
0.333333333333333,0.333333333333333,1.0,1.0,0.333333333333333,       687P   2629
0.333333333333333,1.0,0.333333333333333,0.333333333333333,1.0,       687P   2630
1.5,0.0,-6.6,1.5,3.0,-6.6,-1.5,3.0,-6.6,-1.5,                        687P   2631
1.83697019872103E-016,-6.6,-1.5,-3.0,-6.6,1.5,-3.0,-6.6,1.5,0.0,     687P   2632
-6.6,1.5,0.0,0.6,1.5,3.0,0.599999999999999,-1.5,3.0,                 687P   2633
0.599999999999999,-1.5,1.83697019872103E-016,0.6,-1.5,-3.0,          687P   2634
0.599999999999999,1.5,-3.0,0.599999999999999,1.5,0.0,0.6,0.0,        687P   2635
1.0,0.0,1.0,0,0;                                                     687P   2636
126,1,1,1,0,1,0,0.0,0.0,1.0,1.0,1.0,1.0,0.102862037707472,           689P   2637
0.916666666666667,0.0,0.0,0.916666666666667,0.0,0.0,1.0,0.0,0.0,     689P   2638
1.0,0,0;                                                             689P   2639
126,1,1,1,0,1,0,0.0,0.0,1.0,1.0,1.0,1.0,0.0,0.916666666666667,       691P   2640
0.0,0.0,0.910928794245949,0.0,0.0,1.0,0.0,0.0,1.0,0,0;               691P   2641
126,1,1,1,0,1,0,0.0,0.0,1.0,1.0,1.0,1.0,0.0,0.910928794245948,       693P   2642
0.0,0.102862037708408,0.916666666666667,0.0,0.0,1.0,0.0,0.0,1.0,     693P   2643
0,0;                                                                 693P   2644
102,3,689,691,693,0,0;                                               695P   2645
100,0.0,0.0,0.0,-1.31139658436936,0.728175115274043,-1.5,            697P   2646
1.83697019872103E-016,0,0;                                           697P   2647
110,1.5,0.0,0.0,1.5,0.0,-0.0413126814291708,0,0;                     699P   2648
126,9,3,0,0,1,0,0.0,0.0,0.0,0.0,0.196466819767636,                   701P   2649
0.196466819767636,0.196466819767636,0.863997318492778,               701P   2650
0.863997318492778,0.863997318492778,1.0,1.0,1.0,1.0,1.0,1.0,1.0,     701P   2651
1.0,1.0,1.0,1.0,1.0,1.0,1.0,1.49999999999998,                        701P   2652
8.69122328053104E-014,-0.0413126814291735,1.49999999999998,          701P   2653
0.0498224845755588,-0.0386624834167766,1.49751166152236,             701P   2654
0.0997020052640403,-0.0359248062499169,1.49255423808005,             701P   2655
0.149271050068103,-0.0331612453577906,1.47582925642688,              701P   2656
0.316503358254132,-0.0238377518624095,1.42997513015327,              701P   2657
0.483142546834634,-0.0142212006302442,1.35876940481558,              701P   2658
0.635409871293424,-0.00540621198707272,1.34406201408128,             701P   2659
0.666860362475984,-0.00358549487930302,1.32825206459916,             701P   2660
0.697819478645827,-0.00178433717711659,1.31139658436532,             701P   2661
0.728175115281334,-1.40607469244214E-016,0.0,1.0,0.0,0.0,0.0,0,      701P   2662
0;                                                                   701P   2663
102,3,697,699,701,0,0;                                               703P   2664
142,0,687,695,703,3,0,0;                                             705P   2665
144,687,1,0,705,0,0;                                                 707P   2666
128,1,3,1,1,0,0,1,0,0,0.0,0.0,1.0,1.0,-0.01,-0.01,0.0,1.0,           709P   2667
1.0101,1.0101,1.0,1.0,1.0,1.0,1.0,1.0,1.0,1.0,1.5165,                709P   2668
-1.41398101555587,-6.0,-1.2665,-1.41398101555587,-6.0,1.5165,        709P   2669
-1.38624644540452,-6.0,-1.2665,-1.38624644540452,-6.0,1.5165,        709P   2670
1.3872105697301,-6.0,-1.2665,1.3872105697301,-6.0,1.5165,            709P   2671
1.41522248558296,-6.0,-1.2665,1.41522248558296,-6.0,0.0,1.0,         709P   2672
-0.01,1.0101,0,0;                                                    709P   2673
126,4,2,1,0,1,0,0.0,0.0,0.0,0.5,0.5,1.0,1.0,1.0,1.0,1.0,1.0,1.0,     711P   2674
1.0,0.0736986761116469,0.237274753693928,0.0,0.210290444573414,      711P   2675
0.0350082627243692,0.0,0.44955578886945,0.0112339448094791,0.0,      711P   2676
0.697072146099986,-0.0133602252457277,0.0,0.854289903387901,         711P   2677
0.173085982107885,0.0,0.0,1.0,0.0,0.0,1.0,0,0;                       711P   2678
126,4,2,1,0,1,0,0.0,0.0,0.0,0.5,0.5,1.0,1.0,1.0,1.0,1.0,1.0,1.0,     713P   2679
1.0,0.854289903388437,0.173085982107274,0.0,0.994071146245059,       713P   2680
0.306350382830252,0.0,0.994071146245059,0.499826187263817,0.0,       713P   2681
0.994071146245059,0.693301991694352,0.0,0.854289903383069,           713P   2682
0.826566392418048,0.0,0.0,1.0,0.0,0.0,1.0,0,0;                       713P   2683
126,4,2,1,0,1,0,0.0,0.0,0.0,0.5,0.5,1.0,1.0,1.0,1.0,1.0,1.0,1.0,     715P   2684
1.0,0.85428990338307,0.826566392418049,0.0,0.697200451022737,        715P   2685
1.01286044158938,0.0,0.449862554618001,0.988450100469611,0.0,        715P   2686
0.21099572965122,0.964875788710717,0.0,0.0743137929169381,           715P   2687
0.763486152634968,0.0,0.0,1.0,0.0,0.0,1.0,0,0;                       715P   2688
126,2,2,1,0,1,0,0.0,0.0,0.0,1.0,1.0,1.0,1.0,1.0,1.0,                 717P   2689
0.0743137929169381,0.763486152634968,0.0,-0.0719893388830371,        717P   2690
0.500552291700002,0.0,0.0736986761124384,0.237274753694368,0.0,      717P   2691
0.0,1.0,0.0,0.0,1.0,0,0;                                             717P   2692
102,4,711,713,715,717,0,0;                                           719P   2693
126,18,3,0,0,1,0,0.0,0.0,0.0,0.0,0.132962336070183,                  721P   2694
0.132962336070183,0.132962336070183,0.324259488664247,               721P   2695
0.324259488664247,0.324259488664247,0.499572572441283,               721P   2696
0.499572572441283,0.499572572441283,0.678168706284403,               721P   2697
0.678168706284403,0.678168706284403,0.845629443055419,               721P   2698
0.845629443055419,0.845629443055419,1.0,1.0,1.0,1.0,1.0,1.0,1.0,     721P   2699
1.0,1.0,1.0,1.0,1.0,1.0,1.0,1.0,1.0,1.0,1.0,1.0,1.0,1.0,1.0,1.0,     721P   2700
1.31139658438129,-0.728175115257761,-6.0,1.24893350678308,           721P   2701
-0.820353909633439,-6.0,1.17586776012754,-0.906268990905215,         721P   2702
-6.0,1.09425837597541,-0.982021711080161,-6.0,0.977140842820803,     721P   2703
-1.09073435251002,-6.0,0.839149746962557,-1.18006220838098,-6.0,     721P   2704
0.692538488614322,-1.24362394140034,-6.0,0.557856738827978,          721P   2705
-1.30201376438493,-6.0,0.412536068667709,-1.34040156634411,-6.0,     721P   2706
0.266467747544375,-1.35498205734727,-6.0,0.117990321824898,          721P   2707
-1.36980302436618,-6.0,-0.0352386909061243,-1.35952105702853,        721P   2708
-6.0,-0.180081152751535,-1.32366205176878,-6.0,                      721P   2709
-0.316212223633229,-1.28995974704013,-6.0,-0.448544394031835,        721P   2710
-1.23379058525899,-6.0,-0.567377925032256,-1.15931840445708,         721P   2711
-6.0,-0.676871411903697,-1.09069956697684,-6.0,                      721P   2712
-0.777522310646788,-1.00484429301862,-6.0,-0.860988801128528,        721P   2713
-0.906199914105944,-6.0,0.0,1.0,0.0,0.0,0.0,0,0;                     721P   2714
100,6.0,0.0,0.0,0.860988801130019,-0.906199914107639,                723P   2715
0.86098880111508,0.906199914121832,0,0;                              723P   2716
126,21,3,0,0,1,0,0.0,0.0,0.0,0.0,0.0424612331731518,                 725P   2717
0.0424612331731518,0.0424612331731518,0.218716904553346,             725P   2718
0.218716904553346,0.218716904553346,0.402935771015975,               725P   2719
0.402935771015975,0.402935771015975,0.596666164980152,               725P   2720
0.596666164980152,0.596666164980152,0.790259259764409,               725P   2721
0.790259259764409,0.790259259764409,0.998980016023859,               725P   2722
0.998980016023859,0.998980016023859,1.0,1.0,1.0,1.0,1.0,1.0,1.0,     725P   2723
1.0,1.0,1.0,1.0,1.0,1.0,1.0,1.0,1.0,1.0,1.0,1.0,1.0,1.0,1.0,1.0,     725P   2724
1.0,1.0,1.0,-0.860988801115084,0.906199914121836,-6.0,               725P   2725
-0.837760153107954,0.93365255460472,-6.0,-0.813262443412129,         725P   2726
0.960076321086163,-6.0,-0.787683680412721,0.985353671444572,         725P   2727
-6.0,-0.682946391318273,1.08885676704351,-6.0,                       725P   2728
-0.558011422483666,1.17462901137169,-6.0,-0.424638602078584,         725P   2729
1.23703479077239,-6.0,-0.285384833138798,1.30219229406864,-6.0,      725P   2730
-0.132463939985626,1.34388487487604,-6.0,0.02071998438547,           725P   2731
1.35699203757456,-6.0,0.18171024811495,1.37076714869176,-6.0,        725P   2732
0.347510678946162,1.35369782418519,-6.0,0.503227798633442,           725P   2733
1.31057245649659,-6.0,0.658994666558149,1.26743331118975,-6.0,       725P   2734
0.809573936586408,1.19701931871656,-6.0,0.942243333334487,           725P   2735
1.10469849675651,-6.0,1.08489065382324,1.00543432430438,-6.0,        725P   2736
1.2101588704287,0.876860955039207,-6.0,1.30822578534094,             725P   2737
0.733387911665814,-6.0,1.30871270094778,0.732675548438711,-6.0,      725P   2738
1.30919901087474,0.731962770838673,-6.0,1.30968471431216,            725P   2739
0.731249580579075,-6.0,0.0,1.0,0.0,0.0,0.0,0,0;                      725P   2740
100,6.0,0.0,0.0,-1.30968471431216,0.731249580579075,                 727P   2741
-1.31139658437908,-0.728175115256538,0,0;                            727P   2742
102,4,721,723,725,727,0,0;                                           729P   2743
142,0,709,719,729,3,0,0;                                             731P   2744
144,709,1,0,731,0,0;                                                 733P   2745
128,99,1,3,1,0,0,1,0,0,0.0,0.0,0.0,0.0,0.0103356050098252,           735P   2746
0.0206712100196503,0.0310068150294755,0.0413424200393007,            735P   2747
0.0516780250491258,0.062013630058951,0.0723492350687761,             735P   2748
0.0826848400786013,0.0930204450884265,0.103356050098252,             735P   2749
0.113691655108077,0.124027260117902,0.134362865127727,               735P   2750
0.144698470137552,0.155034075147377,0.165369680157203,               735P   2751
0.175705285167028,0.186040890176853,0.196376495186678,               735P   2752
0.206712100196503,0.217047705206328,0.227383310216154,               735P   2753
0.237718915225979,0.248054520235804,0.258390125245629,               735P   2754
0.268725730255454,0.279061335265279,0.289396940275105,               735P   2755
0.29973254528493,0.310068150294755,0.32040375530458,                 735P   2756
0.330739360314405,0.34107496532423,0.351410570334056,                735P   2757
0.361746175343881,0.372081780353706,0.382417385363531,               735P   2758
0.392752990373356,0.403088595383181,0.413424200393007,               735P   2759
0.423759805402832,0.434095410412657,0.444431015422482,               735P   2760
0.454766620432307,0.465102225442132,0.475437830451958,               735P   2761
0.485773435461783,0.496109040471608,0.506444645481433,               735P   2762
0.516780250491258,0.527115855501083,0.537451460510909,               735P   2763
0.547787065520734,0.558122670530559,0.568458275540384,               735P   2764
0.578793880550209,0.589129485560034,0.59946509056986,                735P   2765
0.609800695579685,0.62013630058951,0.630471905599335,                735P   2766
0.64080751060916,0.651143115618985,0.66147872062881,                 735P   2767
0.671814325638636,0.682149930648461,0.692485535658286,               735P   2768
0.702821140668111,0.713156745677936,0.723492350687761,               735P   2769
0.733827955697587,0.744163560707412,0.754499165717237,               735P   2770
0.764834770727062,0.775170375736887,0.785505980746712,               735P   2771
0.795841585756538,0.806177190766363,0.816512795776188,               735P   2772
0.826848400786013,0.837184005795838,0.847519610805663,               735P   2773
0.857855215815489,0.868190820825314,0.878526425835139,               735P   2774
0.888862030844964,0.899197635854789,0.909533240864614,               735P   2775
0.91986884587444,0.930204450884265,0.94054005589409,                 735P   2776
0.950875660903915,0.96121126591374,0.971546870923565,                735P   2777
0.981882475933391,0.992218080943216,1.0,1.0,1.0,1.0,0.0,0.0,1.0,     735P   2778
1.0,1.0,1.0,1.0,1.0,1.0,1.0,1.0,1.0,1.0,1.0,1.0,1.0,1.0,1.0,1.0,     735P   2779
1.0,1.0,1.0,1.0,1.0,1.0,1.0,1.0,1.0,1.0,1.0,1.0,1.0,1.0,1.0,1.0,     735P   2780
1.0,1.0,1.0,1.0,1.0,1.0,1.0,1.0,1.0,1.0,1.0,1.0,1.0,1.0,1.0,1.0,     735P   2781
1.0,1.0,1.0,1.0,1.0,1.0,1.0,1.0,1.0,1.0,1.0,1.0,1.0,1.0,1.0,1.0,     735P   2782
1.0,1.0,1.0,1.0,1.0,1.0,1.0,1.0,1.0,1.0,1.0,1.0,1.0,1.0,1.0,1.0,     735P   2783
1.0,1.0,1.0,1.0,1.0,1.0,1.0,1.0,1.0,1.0,1.0,1.0,1.0,1.0,1.0,1.0,     735P   2784
1.0,1.0,1.0,1.0,1.0,1.0,1.0,1.0,1.0,1.0,1.0,1.0,1.0,1.0,1.0,1.0,     735P   2785
1.0,1.0,1.0,1.0,1.0,1.0,1.0,1.0,1.0,1.0,1.0,1.0,1.0,1.0,1.0,1.0,     735P   2786
1.0,1.0,1.0,1.0,1.0,1.0,1.0,1.0,1.0,1.0,1.0,1.0,1.0,1.0,1.0,1.0,     735P   2787
1.0,1.0,1.0,1.0,1.0,1.0,1.0,1.0,1.0,1.0,1.0,1.0,1.0,1.0,1.0,1.0,     735P   2788
1.0,1.0,1.0,1.0,1.0,1.0,1.0,1.0,1.0,1.0,1.0,1.0,1.0,1.0,1.0,1.0,     735P   2789
1.0,1.0,1.0,1.0,1.0,1.0,1.0,1.0,1.0,1.0,1.0,1.0,1.0,1.0,1.0,1.0,     735P   2790
1.0,1.0,1.0,1.0,1.0,1.0,1.0,1.0,1.0,1.55724453058578,0.0,            735P   2791
-6.49173746371417,1.55724453058578,0.407685664760932,                735P   2792
-6.47090413038083,1.21981123741238,1.21981123741238,                 735P   2793
-6.42923746371417,1.11022302462516E-016,1.72596117717249,            735P   2794
-6.36673746371417,-1.21981123741238,1.21981123741238,                735P   2795
-6.30423746371417,-1.72596117717249,1.11022302462516E-016,           735P   2796
-6.24173746371417,-1.21981123741238,-1.21981123741238,               735P   2797
-6.17923746371417,-2.22044604925031E-016,-1.72596117717249,          735P   2798
-6.11673746371417,1.21981123741238,-1.21981123741238,                735P   2799
-6.05423746371417,1.72596117717249,-3.33066907387547E-016,           735P   2800
-5.99173746371417,1.21981123741238,1.21981123741238,                 735P   2801
-5.92923746371417,-1.11022302462516E-016,1.72596117717249,           735P   2802
-5.86673746371417,-1.21981123741238,1.21981123741238,                735P   2803
-5.80423746371417,-1.72596117717249,6.66133814775094E-016,           735P   2804
-5.74173746371417,-1.21981123741238,-1.21981123741238,               735P   2805
-5.67923746371417,-5.55111512312578E-016,-1.72596117717249,          735P   2806
-5.61673746371417,1.21981123741238,-1.21981123741238,                735P   2807
-5.55423746371417,1.72596117717249,-9.99200722162641E-016,           735P   2808
-5.49173746371417,1.21981123741238,1.21981123741238,                 735P   2809
-5.42923746371417,7.7715611723761E-016,1.72596117717249,             735P   2810
-5.36673746371417,-1.21981123741238,1.21981123741238,                735P   2811
-5.30423746371417,-1.72596117717249,1.11022302462516E-015,           735P   2812
-5.24173746371417,-1.21981123741238,-1.21981123741238,               735P   2813
-5.17923746371417,-5.88418203051333E-015,-1.72596117717249,          735P   2814
-5.11673746371417,1.21981123741238,-1.21981123741238,                735P   2815
-5.05423746371417,1.72596117717249,-1.11022302462516E-015,           735P   2816
-4.99173746371417,1.21981123741238,1.21981123741238,                 735P   2817
-4.92923746371417,-3.5527136788005E-015,1.72596117717248,            735P   2818
-4.86673746371417,-1.21981123741238,1.21981123741239,                735P   2819
-4.80423746371417,-1.72596117717249,1.33226762955019E-015,           735P   2820
-4.74173746371417,-1.21981123741238,-1.21981123741238,               735P   2821
-4.67923746371417,-6.32827124036339E-015,-1.72596117717249,          735P   2822
-4.61673746371417,1.21981123741238,-1.21981123741239,                735P   2823
-4.55423746371417,1.72596117717249,-1.55431223447522E-015,           735P   2824
-4.49173746371417,1.21981123741238,1.21981123741238,                 735P   2825
-4.42923746371417,-3.10862446895044E-015,1.72596117717249,           735P   2826
-4.36673746371417,-1.21981123741238,1.21981123741239,                735P   2827
-4.30423746371417,-1.72596117717249,1.66533453693773E-015,           735P   2828
-4.24173746371417,-1.21981123741238,-1.21981123741238,               735P   2829
-4.17923746371417,-6.77236045021345E-015,-1.72596117717249,          735P   2830
-4.11673746371417,1.21981123741238,-1.21981123741239,                735P   2831
-4.05423746371417,1.72596117717248,-1.11022302462516E-016,           735P   2832
-3.99173746371417,1.21981123741239,1.21981123741237,                 735P   2833
-3.92923746371417,-4.44089209850063E-015,1.72596117717249,           735P   2834
-3.86673746371417,-1.21981123741238,1.21981123741238,                735P   2835
-3.80423746371417,-1.72596117717249,1.16573417585641E-014,           735P   2836
-3.74173746371417,-1.21981123741238,-1.21981123741239,               735P   2837
-3.67923746371417,-9.2148511043888E-015,-1.72596117717249,           735P   2838
-3.61673746371417,1.21981123741239,-1.21981123741238,                735P   2839
-3.55423746371417,1.72596117717248,-2.44249065417534E-015,           735P   2840
-3.49173746371417,1.21981123741239,1.21981123741237,                 735P   2841
-3.42923746371417,-4.32986979603811E-015,1.72596117717249,           735P   2842
-3.36673746371417,-1.21981123741238,1.21981123741239,                735P   2843
-3.30423746371417,-1.72596117717249,-7.105427357601E-015,            735P   2844
-3.24173746371417,-1.21981123741238,-1.21981123741238,               735P   2845
-3.17923746371417,-9.43689570931383E-015,-1.72596117717249,          735P   2846
-3.11673746371417,1.21981123741239,-1.21981123741238,                735P   2847
-3.05423746371417,1.72596117717248,-2.88657986402541E-015,           735P   2848
-2.99173746371417,1.21981123741239,1.21981123741237,                 735P   2849
-2.92923746371417,-3.5527136788005E-015,1.72596117717249,            735P   2850
-2.86673746371417,-1.21981123741238,1.21981123741238,                735P   2851
-2.80423746371417,-1.72596117717249,1.27675647831893E-014,           735P   2852
-2.74173746371417,-1.21981123741238,-1.21981123741239,               735P   2853
-2.67923746371417,-1.02140518265514E-014,-1.72596117717249,          735P   2854
-2.61673746371417,1.21981123741239,-1.21981123741238,                735P   2855
-2.55423746371417,1.72596117717248,-3.33066907387547E-015,           735P   2856
-2.49173746371417,1.21981123741239,1.21981123741237,                 735P   2857
-2.42923746371417,-3.5527136788005E-015,1.72596117717249,            735P   2858
-2.36673746371417,-1.21981123741238,1.21981123741239,                735P   2859
-2.30423746371417,-1.72596117717249,-6.21724893790088E-015,          735P   2860
-2.24173746371417,-1.21981123741238,-1.21981123741238,               735P   2861
-2.17923746371417,-1.02140518265514E-014,-1.72596117717249,          735P   2862
-2.11673746371417,1.21981123741239,-1.21981123741238,                735P   2863
-2.05423746371417,1.72596117717248,-3.66373598126302E-015,           735P   2864
-1.99173746371417,1.21981123741239,1.21981123741237,                 735P   2865
-1.92923746371417,-2.77555756156289E-015,1.72596117717249,           735P   2866
-1.86673746371417,-1.21981123741238,1.21981123741238,                735P   2867
-1.80423746371417,-1.72596117717249,1.35447209004269E-014,           735P   2868
-1.74173746371417,-1.21981123741238,-1.21981123741238,               735P   2869
-1.67923746371417,-1.09912079437891E-014,-1.72596117717249,          735P   2870
-1.61673746371417,1.21981123741239,-1.21981123741238,                735P   2871
-1.55423746371417,1.72596117717248,-4.55191440096314E-015,           735P   2872
-1.49173746371417,1.21981123741239,1.21981123741237,                 735P   2873
-1.42923746371417,2.05391259555654E-014,1.72596117717249,            735P   2874
-1.36673746371417,-1.2198112374124,1.21981123741237,                 735P   2875
-1.30423746371417,-1.72596117717248,-1.11022302462516E-015,          735P   2876
-1.24173746371417,-1.21981123741238,-1.21981123741238,               735P   2877
-1.17923746371417,-7.43849426498855E-015,-1.72596117717249,          735P   2878
-1.11673746371417,1.21981123741237,-1.21981123741239,                735P   2879
-1.05423746371417,1.72596117717249,-2.39808173319034E-014,           735P   2880
-0.991737463714166,1.21981123741238,1.21981123741239,                735P   2881
-0.929237463714166,2.1094237467878E-015,1.72596117717248,            735P   2882
-0.866737463714166,-1.21981123741238,1.21981123741238,               735P   2883
-0.804237463714166,-1.72596117717248,1.04360964314765E-014,          735P   2884
-0.741737463714166,-1.2198112374124,-1.21981123741237,               735P   2885
-0.679237463714166,1.16573417585641E-014,-1.72596117717249,          735P   2886
-0.616737463714166,1.21981123741238,-1.21981123741238,               735P   2887
-0.554237463714166,1.6842752449002,-0.100462263517887,               735P   2888
-0.496884892494367,1.46160013090327,0.612282964572484,               735P   2889
-0.4603656546079,1.2915558592401,0.867656066186417,                  735P   2890
-0.444679750054766,1.1676442841485,0.0,-6.26680165655726,            735P   2891
1.1676442841485,0.305688558757254,-6.24596832322392,                 735P   2892
0.914631961217357,0.914631961217357,-6.20430165655726,0.0,           735P   2893
1.29415044561407,-6.14180165655726,-0.914631961217357,               735P   2894
0.914631961217357,-6.07930165655726,-1.29415044561407,               735P   2895
1.11022302462516E-016,-6.01680165655726,-0.914631961217357,          735P   2896
-0.914631961217357,-5.95430165655726,-3.33066907387547E-016,         735P   2897
-1.29415044561407,-5.89180165655726,0.914631961217357,               735P   2898
-0.914631961217357,-5.82930165655726,1.29415044561407,               735P   2899
-3.33066907387547E-016,-5.76680165655726,0.914631961217357,          735P   2900
0.914631961217357,-5.70430165655726,-2.46519032881566E-032,          735P   2901
1.29415044561407,-5.64180165655726,-0.914631961217354,               735P   2902
0.914631961217358,-5.57930165655726,-1.29415044561407,               735P   2903
6.66133814775094E-016,-5.51680165655726,-0.914631961217356,          735P   2904
-0.914631961217358,-5.45430165655726,-2.22044604925031E-016,         735P   2905
-1.29415044561407,-5.39180165655726,0.914631961217355,               735P   2906
-0.914631961217358,-5.32930165655726,1.29415044561407,               735P   2907
-9.99200722162641E-016,-5.26680165655726,0.914631961217356,          735P   2908
0.914631961217358,-5.20430165655726,4.44089209850063E-016,           735P   2909
1.29415044561407,-5.14180165655726,-0.914631961217354,               735P   2910
0.914631961217359,-5.07930165655726,-1.29415044561407,               735P   2911
1.11022302462516E-015,-5.01680165655726,-0.914631961217355,          735P   2912
-0.914631961217358,-4.95430165655726,-4.44089209850063E-015,         735P   2913
-1.29415044561407,-4.89180165655726,0.914631961217356,               735P   2914
-0.914631961217359,-4.82930165655726,1.29415044561407,               735P   2915
-1.11022302462516E-015,-4.76680165655726,0.914631961217357,          735P   2916
0.914631961217357,-4.70430165655726,-2.77555756156289E-015,          735P   2917
1.29415044561407,-4.64180165655726,-0.914631961217354,               735P   2918
0.91463196121736,-4.57930165655726,-1.29415044561407,                735P   2919
1.33226762955019E-015,-4.51680165655726,-0.914631961217356,          735P   2920
-0.914631961217358,-4.45430165655726,-4.9960036108132E-015,          735P   2921
-1.29415044561407,-4.39180165655726,0.914631961217356,               735P   2922
-0.914631961217359,-4.32930165655726,1.29415044561407,               735P   2923
-1.55431223447522E-015,-4.26680165655726,0.914631961217356,          735P   2924
0.914631961217357,-4.20430165655726,-2.22044604925031E-015,          735P   2925
1.29415044561407,-4.14180165655726,-0.914631961217353,               735P   2926
0.914631961217359,-4.07930165655726,-1.29415044561407,               735P   2927
1.66533453693773E-015,-4.01680165655726,-0.914631961217355,          735P   2928
-0.914631961217357,-3.95430165655726,-4.77395900588817E-015,         735P   2929
-1.29415044561407,-3.89180165655726,0.914631961217355,               735P   2930
-0.914631961217359,-3.82930165655726,1.29415044561407,               735P   2931
-1.11022302462516E-016,-3.76680165655726,0.914631961217364,          735P   2932
0.914631961217351,-3.70430165655726,-3.21964677141295E-015,          735P   2933
1.29415044561407,-3.64180165655726,-0.914631961217355,               735P   2934
0.914631961217358,-3.57930165655726,-1.29415044561407,               735P   2935
1.16573417585641E-014,-3.51680165655726,-0.914631961217355,          735P   2936
-0.914631961217359,-3.45430165655726,-6.99440505513849E-015,         735P   2937
-1.29415044561407,-3.39180165655726,0.914631961217361,               735P   2938
-0.914631961217353,-3.32930165655726,1.29415044561407,               735P   2939
-2.44249065417534E-015,-3.26680165655726,0.914631961217363,          735P   2940
0.914631961217351,-3.20430165655726,-3.33066907387547E-015,          735P   2941
1.29415044561407,-3.14180165655726,-0.914631961217352,               735P   2942
0.914631961217362,-3.07930165655726,-1.29415044561407,               735P   2943
-7.105427357601E-015,-3.01680165655726,-0.914631961217356,           735P   2944
-0.914631961217355,-2.95430165655726,-7.21644966006352E-015,         735P   2945
-1.29415044561407,-2.89180165655726,0.914631961217361,               735P   2946
-0.914631961217354,-2.82930165655726,1.29415044561407,               735P   2947
-2.88657986402541E-015,-2.76680165655726,0.914631961217364,          735P   2948
0.914631961217351,-2.70430165655726,-2.55351295663786E-015,          735P   2949
1.29415044561407,-2.64180165655726,-0.914631961217353,               735P   2950
0.914631961217358,-2.57930165655726,-1.29415044561407,               735P   2951
1.27675647831893E-014,-2.51680165655726,-0.914631961217356,          735P   2952
-0.914631961217359,-2.45430165655726,-7.7715611723761E-015,          735P   2953
-1.29415044561407,-2.39180165655726,0.914631961217361,               735P   2954
-0.914631961217354,-2.32930165655726,1.29415044561407,               735P   2955
-3.33066907387547E-015,-2.26680165655726,0.914631961217364,          735P   2956
0.914631961217351,-2.20430165655726,-2.33146835171283E-015,          735P   2957
1.29415044561407,-2.14180165655726,-0.914631961217352,               735P   2958
0.914631961217362,-2.07930165655726,-1.29415044561407,               735P   2959
-6.21724893790088E-015,-2.01680165655726,-0.914631961217357,         735P   2960
-0.914631961217354,-1.95430165655726,-7.66053886991358E-015,         735P   2961
-1.29415044561407,-1.89180165655726,0.91463196121736,                735P   2962
-0.914631961217355,-1.82930165655726,1.29415044561407,               735P   2963
-3.66373598126302E-015,-1.76680165655726,0.914631961217364,          735P   2964
0.91463196121735,-1.70430165655726,-2.33146835171283E-015,           735P   2965
1.29415044561407,-1.64180165655726,-0.914631961217353,               735P   2966
0.914631961217359,-1.57930165655726,-1.29415044561407,               735P   2967
1.35447209004269E-014,-1.51680165655726,-0.914631961217356,          735P   2968
-0.914631961217359,-1.45430165655726,-8.10462807976364E-015,         735P   2969
-1.29415044561407,-1.39180165655726,0.91463196121736,                735P   2970
-0.914631961217354,-1.32930165655726,1.29415044561407,               735P   2971
-4.55191440096314E-015,-1.26680165655726,0.914631961217361,          735P   2972
0.914631961217351,-1.20430165655726,1.52100554373646E-014,           735P   2973
1.29415044561408,-1.14180165655726,-0.914631961217367,               735P   2974
0.914631961217351,-1.07930165655726,-1.29415044561407,               735P   2975
-1.11022302462516E-015,-1.01680165655726,-0.914631961217358,         735P   2976
-0.914631961217354,-0.954301656557256,-5.6621374255883E-015,         735P   2977
-1.29415044561407,-0.891801656557256,0.914631961217349,              735P   2978
-0.914631961217362,-0.829301656557256,1.29415044561408,              735P   2979
-2.39808173319034E-014,-0.766801656557256,0.914631961217352,         735P   2980
0.914631961217366,-0.704301656557256,1.55431223447522E-015,          735P   2981
1.29415044561407,-0.641801656557256,-0.914631961217352,              735P   2982
0.914631961217358,-0.579301656557256,-1.29415044561407,              735P   2983
1.04360964314765E-014,-0.516801656557256,-0.914631961217372,         735P   2984
-0.914631961217345,-0.454301656557256,9.10382880192628E-015,         735P   2985
-1.29415044561408,-0.391801656557256,0.914631961217355,              735P   2986
-0.914631961217355,-0.329301656557256,1.26289373570685,              735P   2987
-0.0753280460873769,-0.271949085337456,1.09592874146614,             735P   2988
0.45909854863682,-0.235429847450989,0.968427107676477,               735P   2989
0.650580962970693,-0.219743942897855,0.0,1.0,0.0,1.0,0,0;            735P   2990
126,1,1,1,0,1,0,0.0,0.0,1.0,1.0,1.0,1.0,1.0,0.143698920506258,       737P   2991
0.0,0.0760160267806792,0.142548058548781,0.0,0.0,1.0,0.0,0.0,        737P   2992
1.0,0,0;                                                             737P   2993
126,1,1,1,0,1,0,0.0,0.0,1.0,1.0,1.0,1.0,0.0760160267809277,          739P   2994
0.142548058542109,0.0,0.0520152564859141,0.787772333772708,0.0,      739P   2995
0.0,1.0,0.0,0.0,1.0,0,0;                                             739P   2996
126,1,1,1,0,1,0,0.0,0.0,1.0,1.0,1.0,1.0,0.0520152564859152,          741P   2997
0.787772333762023,0.0,1.0,0.785921048389094,0.0,0.0,1.0,0.0,0.0,     741P   2998
1.0,0,0;                                                             741P   2999
126,1,1,1,0,1,0,0.0,0.0,1.0,1.0,1.0,1.0,1.0,0.785921048389093,       743P   3000
0.0,1.0,0.143698920506259,0.0,0.0,1.0,0.0,0.0,1.0,0,0;               743P   3001
102,4,737,739,741,743,0,0;                                           745P   3002
126,624,3,0,0,1,0,0.0,0.0,0.0,0.0,0.00469909274443098,               747P   3003
0.00469909274443098,0.00469909274443098,0.00951046876400333,         747P   3004
0.00951046876400333,0.00951046876400333,0.0143211106426125,          747P   3005
0.0143211106426125,0.0143211106426125,0.0191335798409813,            747P   3006
0.0191335798409813,0.0191335798409813,0.0239444668072741,            747P   3007
0.0239444668072741,0.0239444668072741,0.0287566005679161,            747P   3008
0.0287566005679161,0.0287566005679161,0.0335674410062653,            747P   3009
0.0335674410062653,0.0335674410062653,0.0383787281238672,            747P   3010
0.0383787281238672,0.0383787281238672,0.0431903446014325,            747P   3011
0.0431903446014325,0.0431903446014325,0.0480012299504625,            747P   3012
0.0480012299504625,0.0480012299504625,0.0528133982858944,            747P   3013
0.0528133982858944,0.0528133982858944,0.057624096270855,             747P   3014
0.057624096270855,0.057624096270855,0.062436374833724,               747P   3015
0.062436374833724,0.062436374833724,0.067247392559711,               747P   3016
0.067247392559711,0.067247392559711,0.0720588661325531,              747P   3017
0.0720588661325531,0.0720588661325531,0.0768701648136182,            747P   3018
0.0768701648136182,0.0768701648136182,0.0816808581902243,            747P   3019
0.0816808581902243,0.0816808581902243,0.086493236729014,             747P   3020
0.086493236729014,0.086493236729014,0.0913041100697139,              747P   3021
0.0913041100697139,0.0913041100697139,0.0961163466993851,            747P   3022
0.0961163466993851,0.0961163466993851,0.100927153815011,             747P   3023
0.100927153815011,0.100927153815011,0.105738576382586,               747P   3024
0.105738576382586,0.105738576382586,0.110550072757778,               747P   3025
0.110550072757778,0.110550072757778,0.115361014783496,               747P   3026
0.115361014783496,0.115361014783496,0.120173072868823,               747P   3027
0.120173072868823,0.120173072868823,0.124983746290201,               747P   3028
0.124983746290201,0.124983746290201,0.129796157010233,               747P   3029
0.129796157010233,0.129796157010233,0.134607137771479,               747P   3030
0.134607137771479,0.134607137771479,0.13941872170737,                747P   3031
0.13941872170737,0.13941872170737,0.144229913240986,                 747P   3032
0.144229913240986,0.144229913240986,0.149040675933302,               747P   3033
0.149040675933302,0.149040675933302,0.153852943672545,               747P   3034
0.153852943672545,0.153852943672545,0.158663796724847,               747P   3035
0.158663796724847,0.158663796724847,0.1634761192902,                 747P   3036
0.1634761192902,0.1634761192902,0.168286900581372,                   747P   3037
0.168286900581372,0.168286900581372,0.173098462926197,               747P   3038
0.173098462926197,0.173098462926197,0.177909848039159,               747P   3039
0.177909848039159,0.177909848039159,0.182720859113993,               747P   3040
0.182720859113993,0.182720859113993,0.187532792834543,               747P   3041
0.187532792834543,0.187532792834543,0.192343432603439,               747P   3042
0.192343432603439,0.192343432603439,0.197155947666964,               747P   3043
0.197155947666964,0.197155947666964,0.201966898761942,               747P   3044
0.201966898761942,0.201966898761942,0.206778593471431,               747P   3045
0.206778593471431,0.206778593471431,0.211589687721293,               747P   3046
0.211589687721293,0.211589687721293,0.216400533679102,               747P   3047
0.216400533679102,0.216400533679102,0.221212674851083,               747P   3048
0.221212674851083,0.221212674851083,0.226023505791349,               747P   3049
0.226023505791349,0.226023505791349,0.230835873373634,               747P   3050
0.230835873373634,0.230835873373634,0.235646633437239,               747P   3051
0.235646633437239,0.235646633437239,0.240458338147134,               747P   3052
0.240458338147134,0.240458338147134,0.245269621788875,               747P   3053
0.245269621788875,0.245269621788875,0.250080711276616,               747P   3054
0.250080711276616,0.250080711276616,0.254892511326532,               747P   3055
0.254892511326532,0.254892511326532,0.259703124370857,               747P   3056
0.259703124370857,0.259703124370857,0.264515689431503,               747P   3057
0.264515689431503,0.264515689431503,0.269326617284624,               747P   3058
0.269326617284624,0.269326617284624,0.274138423520619,               747P   3059
0.274138423520619,0.274138423520619,0.278949432392078,               747P   3060
0.278949432392078,0.278949432392078,0.283760374346141,               747P   3061
0.283760374346141,0.283760374346141,0.288572379989575,               747P   3062
0.288572379989575,0.288572379989575,0.293383199388934,               747P   3063
0.293383199388934,0.293383199388934,0.298195564241925,               747P   3064
0.298195564241925,0.298195564241925,0.303006307069335,               747P   3065
0.303006307069335,0.303006307069335,0.307818157342233,               747P   3066
0.307818157342233,0.307818157342233,0.312629352192429,               747P   3067
0.312629352192429,0.312629352192429,0.31744052905219,                747P   3068
0.31744052905219,0.31744052905219,0.322252192981422,                 747P   3069
0.322252192981422,0.322252192981422,0.327062795668003,               747P   3070
0.327062795668003,0.327062795668003,0.331875362691282,               747P   3071
0.331875362691282,0.331875362691282,0.336686273230628,               747P   3072
0.336686273230628,0.336686273230628,0.341498192412999,               747P   3073
0.341498192412999,0.341498192412999,0.346309129880644,               747P   3074
0.346309129880644,0.346309129880644,0.351120180112879,               747P   3075
0.351120180112879,0.351120180112879,0.355932048125854,               747P   3076
0.355932048125854,0.355932048125854,0.360742872298501,               747P   3077
0.360742872298501,0.360742872298501,0.365555196282549,               747P   3078
0.365555196282549,0.365555196282549,0.370365924544732,               747P   3079
0.370365924544732,0.370365924544732,0.375177923101531,               747P   3080
0.375177923101531,0.375177923101531,0.379989043595393,               747P   3081
0.379989043595393,0.379989043595393,0.384800316134567,               747P   3082
0.384800316134567,0.384800316134567,0.389611847163626,               747P   3083
0.389611847163626,0.389611847163626,0.394422460277453,               747P   3084
0.394422460277453,0.394422460277453,0.399234990433991,               747P   3085
0.399234990433991,0.399234990433991,0.404045887949681,               747P   3086
0.404045887949681,0.404045887949681,0.40885792051084,                747P   3087
0.40885792051084,0.40885792051084,0.413668801096795,                 747P   3088
0.413668801096795,0.413668801096795,0.418479970811472,               747P   3089
0.418479970811472,0.418479970811472,0.423291704349637,               747P   3090
0.423291704349637,0.423291704349637,0.42810255206231,                747P   3091
0.42810255206231,0.42810255206231,0.432914805319217,                 747P   3092
0.432914805319217,0.432914805319217,0.437725519231781,               747P   3093
0.437725519231781,0.437725519231781,0.44253766628441,                747P   3094
0.44253766628441,0.44253766628441,0.447348727022489,                 747P   3095
0.447348727022489,0.447348727022489,0.452160102275996,               747P   3096
0.452160102275996,0.452160102275996,0.456971507591756,               747P   3097
0.456971507591756,0.456971507591756,0.461782153171491,               747P   3098
0.461782153171491,0.461782153171491,0.466594615439841,               747P   3099
0.466594615439841,0.466594615439841,0.471405501387243,               747P   3100
0.471405501387243,0.471405501387243,0.476217644518966,               747P   3101
0.476217644518966,0.476217644518966,0.481028481687925,               747P   3102
0.481028481687925,0.481028481687925,0.485839780328052,               747P   3103
0.485839780328052,0.485839780328052,0.490651386056652,               747P   3104
0.490651386056652,0.490651386056652,0.495462275746698,               747P   3105
0.495462275746698,0.495462275746698,0.500274435190473,               747P   3106
0.500274435190473,0.500274435190473,0.505085131421842,               747P   3107
0.505085131421842,0.505085131421842,0.509897422088311,               747P   3108
0.509897422088311,0.509897422088311,0.514708436252272,               747P   3109
0.514708436252272,0.514708436252272,0.519519919344701,               747P   3110
0.519519919344701,0.519519919344701,0.524331208351969,               747P   3111
0.524331208351969,0.524331208351969,0.529141907111276,               747P   3112
0.529141907111276,0.529141907111276,0.533954276791029,               747P   3113
0.533954276791029,0.533954276791029,0.538765148724113,               747P   3114
0.538765148724113,0.538765148724113,0.543577393651457,               747P   3115
0.543577393651457,0.543577393651457,0.548388198309113,               747P   3116
0.548388198309113,0.548388198309113,0.553199632897631,               747P   3117
0.553199632897631,0.553199632897631,0.558011119291476,               747P   3118
0.558011119291476,0.558011119291476,0.562822066900434,               747P   3119
0.562822066900434,0.562822066900434,0.567634114723471,               747P   3120
0.567634114723471,0.567634114723471,0.572444785529423,               747P   3121
0.572444785529423,0.572444785529423,0.577257206823275,               747P   3122
0.577257206823275,0.577257206823275,0.582068184781488,               747P   3123
0.582068184781488,0.582068184781488,0.586879778355966,               747P   3124
0.586879778355966,0.586879778355966,0.59169096107426,                747P   3125
0.59169096107426,0.59169096107426,0.596501730505184,                 747P   3126
0.596501730505184,0.596501730505184,0.601313987836532,               747P   3127
0.601313987836532,0.601313987836532,0.606124838783189,               747P   3128
0.606124838783189,0.606124838783189,0.610937167428039,               747P   3129
0.610937167428039,0.610937167428039,0.615747946725388,               747P   3130
0.615747946725388,0.615747946725388,0.62055952133159,                747P   3131
0.62055952133159,0.62055952133159,0.625370897229874,                 747P   3132
0.625370897229874,0.625370897229874,0.630181914766935,               747P   3133
0.630181914766935,0.630181914766935,0.634993837178692,               747P   3134
0.634993837178692,0.634993837178692,0.639804474177575,               747P   3135
0.639804474177575,0.639804474177575,0.644616995756713,               747P   3136
0.644616995756713,0.644616995756713,0.649427944600756,               747P   3137
0.649427944600756,0.649427944600756,0.654239648958679,               747P   3138
0.654239648958679,0.654239648958679,0.659050735309993,               747P   3139
0.659050735309993,0.659050735309993,0.663861589115021,               747P   3140
0.663861589115021,0.663861589115021,0.668673718794953,               747P   3141
0.668673718794953,0.668673718794953,0.673484548228463,               747P   3142
0.673484548228463,0.673484548228463,0.678296917339967,               747P   3143
0.678296917339967,0.678296917339967,0.68310767578156,                747P   3144
0.68310767578156,0.68310767578156,0.687919393009776,                 747P   3145
0.687919393009776,0.687919393009776,0.692730668429829,               747P   3146
0.692730668429829,0.692730668429829,0.697541765168777,               747P   3147
0.697541765168777,0.697541765168777,0.702353553433246,               747P   3148
0.702353553433246,0.702353553433246,0.707164164863407,               747P   3149
0.707164164863407,0.707164164863407,0.711976731876649,               747P   3150
0.711976731876649,0.711976731876649,0.716787658028081,               747P   3151
0.716787658028081,0.716787658028081,0.721599474028429,               747P   3152
0.721599474028429,0.721599474028429,0.72641047615235,                747P   3153
0.72641047615235,0.72641047615235,0.731221427045358,                 747P   3154
0.731221427045358,0.731221427045358,0.736033420763811,               747P   3155
0.736033420763811,0.736033420763811,0.740844239894605,               747P   3156
0.740844239894605,0.740844239894605,0.745656602604042,               747P   3157
0.745656602604042,0.745656602604042,0.750467344109337,               747P   3158
0.750467344109337,0.750467344109337,0.755279207180406,               747P   3159
0.755279207180406,0.755279207180406,0.760090395013919,               747P   3160
0.760090395013919,0.760090395013919,0.764901579879936,               747P   3161
0.764901579879936,0.764901579879936,0.769713232101864,               747P   3162
0.769713232101864,0.769713232101864,0.774523834851615,               747P   3163
0.774523834851615,0.774523834851615,0.77933640011249,                747P   3164
0.77933640011249,0.77933640011249,0.784147309404597,                 747P   3165
0.784147309404597,0.784147309404597,0.788959238456537,               747P   3166
0.788959238456537,0.788959238456537,0.793770170437934,               747P   3167
0.793770170437934,0.793770170437934,0.798581230633589,               747P   3168
0.798581230633589,0.798581230633589,0.803393086811733,               747P   3169
0.803393086811733,0.803393086811733,0.808203912290655,               747P   3170
0.808203912290655,0.808203912290655,0.813016231233454,               747P   3171
0.813016231233454,0.813016231233454,0.817826958305998,               747P   3172
0.817826958305998,0.817826958305998,0.822638969812411,               747P   3173
0.822638969812411,0.822638969812411,0.827450084573138,               747P   3174
0.827450084573138,0.827450084573138,0.832261365788628,               747P   3175
0.832261365788628,0.832261365788628,0.837072885602142,               747P   3176
0.837072885602142,0.837072885602142,0.841883500682939,               747P   3177
0.841883500682939,0.841883500682939,0.846696026097527,               747P   3178
0.846696026097527,0.846696026097527,0.851506922621282,               747P   3179
0.851506922621282,0.851506922621282,0.856318964972993,               747P   3180
0.856318964972993,0.856318964972993,0.861129841305619,               747P   3181
0.861129841305619,0.861129841305619,0.865941021882649,               747P   3182
0.865941021882649,0.865941021882649,0.87075274405051,                747P   3183
0.87075274405051,0.87075274405051,0.875563594717787,                 747P   3184
0.875563594717787,0.875563594717787,0.880375840684238,               747P   3185
0.880375840684238,0.880375840684238,0.885186553273132,               747P   3186
0.885186553273132,0.885186553273132,0.889998713094271,               747P   3187
0.889998713094271,0.889998713094271,0.894809769320941,               747P   3188
0.894809769320941,0.894809769320941,0.899621153779966,               747P   3189
0.899621153779966,0.899621153779966,0.904432548632838,               747P   3190
0.904432548632838,0.904432548632838,0.909243198061375,               747P   3191
0.909243198061375,0.909243198061375,0.914055653215354,               747P   3192
0.914055653215354,0.914055653215354,0.918866538126652,               747P   3193
0.918866538126652,0.918866538126652,0.923678690566036,               747P   3194
0.923678690566036,0.923678690566036,0.928489524549187,               747P   3195
0.928489524549187,0.928489524549187,0.933300834765774,               747P   3196
0.933300834765774,0.933300834765774,0.938112429810844,               747P   3197
0.938112429810844,0.938112429810844,0.942923323963541,               747P   3198
0.942923323963541,0.942923323963541,0.947735474383138,               747P   3199
0.947735474383138,0.947735474383138,0.952546168803632,               747P   3200
0.952546168803632,0.952546168803632,0.957358471478725,               747P   3201
0.957358471478725,0.957358471478725,0.962169482160079,               747P   3202
0.962169482160079,0.962169482160079,0.966980974792975,               747P   3203
0.966980974792975,0.966980974792975,0.971792254203394,               747P   3204
0.971792254203394,0.971792254203394,0.976602958478503,               747P   3205
0.976602958478503,0.976602958478503,0.981415319151876,               747P   3206
0.981415319151876,0.981415319151876,0.986226189624772,               747P   3207
0.986226189624772,0.986226189624772,0.991038442718499,               747P   3208
0.991038442718499,0.991038442718499,0.995849244973056,               747P   3209
0.995849244973056,0.995849244973056,1.0,1.0,1.0,1.0,1.0,1.0,1.0,     747P   3210
1.0,1.0,1.0,1.0,1.0,1.0,1.0,1.0,1.0,1.0,1.0,1.0,1.0,1.0,1.0,1.0,     747P   3211
1.0,1.0,1.0,1.0,1.0,1.0,1.0,1.0,1.0,1.0,1.0,1.0,1.0,1.0,1.0,1.0,     747P   3212
1.0,1.0,1.0,1.0,1.0,1.0,1.0,1.0,1.0,1.0,1.0,1.0,1.0,1.0,1.0,1.0,     747P   3213
1.0,1.0,1.0,1.0,1.0,1.0,1.0,1.0,1.0,1.0,1.0,1.0,1.0,1.0,1.0,1.0,     747P   3214
1.0,1.0,1.0,1.0,1.0,1.0,1.0,1.0,1.0,1.0,1.0,1.0,1.0,1.0,1.0,1.0,     747P   3215
1.0,1.0,1.0,1.0,1.0,1.0,1.0,1.0,1.0,1.0,1.0,1.0,1.0,1.0,1.0,1.0,     747P   3216
1.0,1.0,1.0,1.0,1.0,1.0,1.0,1.0,1.0,1.0,1.0,1.0,1.0,1.0,1.0,1.0,     747P   3217
1.0,1.0,1.0,1.0,1.0,1.0,1.0,1.0,1.0,1.0,1.0,1.0,1.0,1.0,1.0,1.0,     747P   3218
1.0,1.0,1.0,1.0,1.0,1.0,1.0,1.0,1.0,1.0,1.0,1.0,1.0,1.0,1.0,1.0,     747P   3219
1.0,1.0,1.0,1.0,1.0,1.0,1.0,1.0,1.0,1.0,1.0,1.0,1.0,1.0,1.0,1.0,     747P   3220
1.0,1.0,1.0,1.0,1.0,1.0,1.0,1.0,1.0,1.0,1.0,1.0,1.0,1.0,1.0,1.0,     747P   3221
1.0,1.0,1.0,1.0,1.0,1.0,1.0,1.0,1.0,1.0,1.0,1.0,1.0,1.0,1.0,1.0,     747P   3222
1.0,1.0,1.0,1.0,1.0,1.0,1.0,1.0,1.0,1.0,1.0,1.0,1.0,1.0,1.0,1.0,     747P   3223
1.0,1.0,1.0,1.0,1.0,1.0,1.0,1.0,1.0,1.0,1.0,1.0,1.0,1.0,1.0,1.0,     747P   3224
1.0,1.0,1.0,1.0,1.0,1.0,1.0,1.0,1.0,1.0,1.0,1.0,1.0,1.0,1.0,1.0,     747P   3225
1.0,1.0,1.0,1.0,1.0,1.0,1.0,1.0,1.0,1.0,1.0,1.0,1.0,1.0,1.0,1.0,     747P   3226
1.0,1.0,1.0,1.0,1.0,1.0,1.0,1.0,1.0,1.0,1.0,1.0,1.0,1.0,1.0,1.0,     747P   3227
1.0,1.0,1.0,1.0,1.0,1.0,1.0,1.0,1.0,1.0,1.0,1.0,1.0,1.0,1.0,1.0,     747P   3228
1.0,1.0,1.0,1.0,1.0,1.0,1.0,1.0,1.0,1.0,1.0,1.0,1.0,1.0,1.0,1.0,     747P   3229
1.0,1.0,1.0,1.0,1.0,1.0,1.0,1.0,1.0,1.0,1.0,1.0,1.0,1.0,1.0,1.0,     747P   3230
1.0,1.0,1.0,1.0,1.0,1.0,1.0,1.0,1.0,1.0,1.0,1.0,1.0,1.0,1.0,1.0,     747P   3231
1.0,1.0,1.0,1.0,1.0,1.0,1.0,1.0,1.0,1.0,1.0,1.0,1.0,1.0,1.0,1.0,     747P   3232
1.0,1.0,1.0,1.0,1.0,1.0,1.0,1.0,1.0,1.0,1.0,1.0,1.0,1.0,1.0,1.0,     747P   3233
1.0,1.0,1.0,1.0,1.0,1.0,1.0,1.0,1.0,1.0,1.0,1.0,1.0,1.0,1.0,1.0,     747P   3234
1.0,1.0,1.0,1.0,1.0,1.0,1.0,1.0,1.0,1.0,1.0,1.0,1.0,1.0,1.0,1.0,     747P   3235
1.0,1.0,1.0,1.0,1.0,1.0,1.0,1.0,1.0,1.0,1.0,1.0,1.0,1.0,1.0,1.0,     747P   3236
1.0,1.0,1.0,1.0,1.0,1.0,1.0,1.0,1.0,1.0,1.0,1.0,1.0,1.0,1.0,1.0,     747P   3237
1.0,1.0,1.0,1.0,1.0,1.0,1.0,1.0,1.0,1.0,1.0,1.0,1.0,1.0,1.0,1.0,     747P   3238
1.0,1.0,1.0,1.0,1.0,1.0,1.0,1.0,1.0,1.0,1.0,1.0,1.0,1.0,1.0,1.0,     747P   3239
1.0,1.0,1.0,1.0,1.0,1.0,1.0,1.0,1.0,1.0,1.0,1.0,1.0,1.0,1.0,1.0,     747P   3240
1.0,1.0,1.0,1.0,1.0,1.0,1.0,1.0,1.0,1.0,1.0,1.0,1.0,1.0,1.0,1.0,     747P   3241
1.0,1.0,1.0,1.0,1.0,1.0,1.0,1.0,1.0,1.0,1.0,1.0,1.0,1.0,1.0,1.0,     747P   3242
1.0,1.0,1.0,1.0,1.0,1.0,1.0,1.0,1.0,1.0,1.0,1.0,1.0,1.0,1.0,1.0,     747P   3243
1.0,1.0,1.0,1.0,1.0,1.0,1.0,1.0,1.0,1.0,1.0,1.0,1.0,1.0,1.0,1.0,     747P   3244
1.0,1.0,1.0,1.0,1.0,1.0,1.0,1.0,1.0,1.0,1.0,1.0,1.0,1.0,1.0,1.0,     747P   3245
1.0,1.0,1.0,1.0,1.0,1.0,1.0,1.0,1.0,1.0,1.0,1.0,1.0,1.0,1.0,1.0,     747P   3246
1.0,1.0,1.0,1.0,1.0,1.0,1.0,1.0,1.0,1.0,1.0,1.0,1.0,1.0,1.0,1.0,     747P   3247
1.0,1.0,1.0,1.0,1.0,1.0,1.0,1.0,1.0,1.0,1.0,1.0,1.0,1.0,1.0,1.0,     747P   3248
1.0,1.0,1.0,1.0,1.0,1.0,1.0,1.0,1.0,1.0,1.0,1.0,1.0,1.0,             747P   3249
1.24512260645587,0.836462608185533,-0.412356717383114,               747P   3250
1.33672765665464,0.700103232701396,-0.42145723716413,                747P   3251
1.40654352155834,0.5464742010697,-0.430361306169417,                 747P   3252
1.44901796557373,0.387745967670301,-0.43869518234545,                747P   3253
1.49247902503967,0.225330723619148,-0.447222641538023,               747P   3254
1.50845274789569,0.0531479862415799,-0.455637472931375,              747P   3255
1.4956271718138,-0.114452448345415,-0.464905249083033,               747P   3256
1.48280334022736,-0.282030086436306,-0.474171764660257,              747P   3257
1.44084582612784,-0.449685441115913,-0.483870962650753,              747P   3258
1.37321089461107,-0.603565935852462,-0.492753143350238,              747P   3259
1.3055514189962,-0.757502272413248,-0.501638547311868,               747P   3260
1.21031788284492,-0.901890619199581,-0.509985145467521,              747P   3261
1.09544637643469,-1.02469372807494,-0.518764907616205,               747P   3262
0.980611097893439,-1.1474581076337,-0.527541900826944,               747P   3263
0.843010145728155,-1.25203284511383,-0.537351165033464,              747P   3264
0.693997802188235,-1.32979962797359,-0.54645713298304,               747P   3265
0.544949270427778,-1.40758529679557,-0.555565312351943,              747P   3266
0.380362640616986,-1.46068528117996,-0.564168859015414,              747P   3267
0.213923180965263,-1.484667259909,-0.572642641673031,                747P   3268
0.0475272589583545,-1.50864296537283,-0.581114207737658,             747P   3269
-0.125270682534645,-1.50417865692225,-0.590403878200672,             747P   3270
-0.290162207952459,-1.47166772509156,-0.599786250048513,             747P   3271
-0.45506865942718,-1.43915385035632,-0.609169471192979,              747P   3272
-0.616646968152239,-1.37768358814207,-0.618377212537236,             747P   3273
-0.761494817548284,-1.29233341009474,-0.626966872597931,             747P   3274
-0.906352230304795,-1.20697759693082,-0.635557099777958,             747P   3275
-1.03845400648753,-1.09538613019468,-0.644056836354297,              747P   3276
-1.1468074094133,-0.966867501633374,-0.653307731528037,              747P   3277
-1.2551458289004,-0.838366645019573,-0.662557347459809,              747P   3278
-1.34276416865193,-0.689378537525791,-0.672125690415677,             747P   3279
-1.40240833748136,-0.532213166844599,-0.68089256361074,              747P   3280
-1.46206766344927,-0.375007856344748,-0.689661664696872,             747P   3281
-1.49536969869731,-0.205283835989821,-0.697911643613686,             747P   3282
-1.49953882846669,-0.0371927670487741,-0.706723729483722,            747P   3283
-1.50370674438355,0.130849361758722,-0.715533249692999,              747P   3284
-1.47889151575512,0.301875597280149,-0.725426789445841,              747P   3285
-1.42714848078784,0.461786978795383,-0.734599826992161,              747P   3286
-1.37538939526011,0.621747964422463,-0.743775709991856,              747P   3287
-1.29524362036005,0.774998026159616,-0.752448372529457,              747P   3288
-1.19336271133748,0.908782393749601,-0.760977150376246,              747P   3289
-1.09150775532365,1.04253268128578,-0.769503755613387,               747P   3290
-0.965148877873719,1.16049014934318,-0.778832749465684,              747P   3291
-0.824759499855703,1.25290533058079,-0.788134969307936,              747P   3292
-0.684357529670614,1.34532880095978,-0.797438023508941,              747P   3293
-0.526023693921821,1.41476788385996,-0.806494564390408,              747P   3294
-0.3628838774449,1.45544333159713,-0.814995514776895,                747P   3295
-0.199749839223883,1.49611733864894,-0.82349616406787,               747P   3296
-0.0273271656868517,1.50914077484002,-0.832012563439917,             747P   3297
0.14002412781921,1.4934501142082,-0.841323741942113,                 747P   3298
0.30735688226971,1.47776119177643,-0.850633888958673,                747P   3299
0.474274850800008,1.43294048129072,-0.860273326129421,               747P   3300
0.626978981157094,1.36268021090321,-0.86910592560475,                747P   3301
0.77973429207846,1.29239639196939,-0.877941485428461,                747P   3302
0.92246984311978,1.19470625500651,-0.886255006614303,                747P   3303
1.04328459567316,1.07775565525359,-0.895110520088925,                747P   3304
1.16406331045922,0.960839940631935,-0.903963392057214,               747P   3305
1.26626900090152,0.821471781558485,-0.913783692527407,               747P   3306
1.3414763983039,0.671149068980853,-0.922843773775019,                747P   3307
1.41670382484448,0.520786322650047,-0.931906267891919,               747P   3308
1.46698136907596,0.35530795162714,-0.940442587494467,                747P   3309
1.48811133031153,0.188479889108791,-0.94893801463124,                747P   3310
1.50923518551199,0.0217000357657979,-0.957430986800123,              747P   3311
1.50181515702063,-0.150987900125359,-0.966850201146215,              747P   3312
1.46648785373201,-0.31529886592961,-0.976217990358682,               747P   3313
1.43115622275381,-0.479629960268616,-0.985586927150495,              747P   3314
1.36692605406871,-0.640141124142027,-0.99471464862913,               747P   3315
1.27910520129803,-0.783511253277398,-1.0032769836601,                747P   3316
1.19128305591299,-0.926883492643803,-1.01183944471806,               747P   3317
1.07745291464513,-1.05704809721157,-1.02043947979699,                747P   3318
0.947103843498651,-1.16318283585603,-1.0297228458061,                747P   3319
0.816768279682641,-1.26930657636314,-1.03900524983296,               747P   3320
0.666298122170674,-1.35436574015795,-1.04850870973712,               747P   3321
0.508131063826442,-1.41131244661649,-1.05722792972701,               747P   3322
0.349928985762603,-1.46827176162774,-1.06594908023671,               747P   3323
0.179662688765003,-1.49866287854618,-1.0741750720971,                747P   3324
0.0115334706462699,-1.49995565902958,-1.08307531197514,              747P   3325
-0.15655003691747,-1.50124808803502,-1.09197313207804,               747P   3326
-0.327125785569723,-1.47351224048758,-1.10186957343667,              747P   3327
-0.486130439916715,-1.41904094211085,-1.11099671096138,              747P   3328
-0.645189433681088,-1.3645510283129,-1.12012696766105,               747P   3329
-0.797052906010401,-1.28179009765702,-1.12873182963431,              747P   3330
-0.929076562672416,-1.17763183580133,-1.13728088567794,              747P   3331
-1.06106210098709,-1.07350364689548,-1.1458274734072,                747P   3332
-1.17683488044286,-0.945150482566953,-1.15527307360448,              747P   3333
-1.26683437077181,-0.803200272056226,-1.16455400498721,              747P   3334
-1.35684445269753,-0.661233356124316,-1.17383602859706,              747P   3335
-1.42356638833624,-0.501726423810164,-1.18281252821764,              747P   3336
-1.46144352564978,-0.337909486899004,-1.19129248575076,              747P   3337
-1.49931766184398,-0.17410552969572,-1.19977177139138,               747P   3338
-1.50938680473695,-0.00149527427450278,-1.20840362959145,            747P   3339
-1.4908355808734,0.165557454684421,-1.21774829188753,                747P   3340
-1.47228577426287,0.332597421359512,-1.22709224028189,               747P   3341
-1.4246140267914,0.498729848973122,-1.2366669691457,                 747P   3342
-1.35174813964335,0.650213016611278,-1.24545147688022,               747P   3343
-1.27886040830114,0.801741596826653,-1.25423861808974,               747P   3344
-1.17874260747409,0.942781342339384,-1.26252707496036,               747P   3345
-1.05974808044679,1.06157147945362,-1.2714686472421,                 747P   3346
-0.940786676070706,1.18032855080947,-1.28040773059778,               747P   3347
-0.799690933211445,1.28013599211139,-1.29021125008585,               747P   3348
-0.648101808575162,1.35276163669791,-1.29922335193766,               747P   3349
-0.49646902679467,1.42540819721917,-1.30823804924368,                747P   3350
-0.330148049339704,1.47284787561333,-1.3167115684956,                747P   3351
-0.16298121689731,1.49111941940901,-1.32523734424199,                747P   3352
0.00413358888148074,1.50938527662532,-1.33376046654535,              747P   3353
0.176661759603151,1.49901197486873,-1.34330015744411,                747P   3354
0.340344694205329,1.4608783279679,-1.3526471012328,                  747P   3355
0.504052838833779,1.42273880782046,-1.36199548461383,                747P   3356
0.663449814497113,1.35576685912394,-1.37104295550264,                747P   3357
0.805299924927438,1.26550070363942,-1.37958340230322,                747P   3358
0.947144953973833,1.17523778168775,-1.38812354316616,                747P   3359
1.07533414362897,1.05920262893828,-1.39683587529214,                 747P   3360
1.17921958939606,0.927060494242036,-1.40614241847842,                747P   3361
1.28309790643839,0.794927427273237,-1.41544832304026,                747P   3362
1.36557267228823,0.64301826983485,-1.42488268378441,                 747P   3363
1.41980467185073,0.483895333508011,-1.43355640017473,                747P   3364
1.47404661288816,0.324743227748098,-1.44223170657712,                747P   3365
1.50151735626549,0.153985551296108,-1.45044567586147,                747P   3366
1.49993343014708,-0.0141317064513751,-1.45944126933915,              747P   3367
1.49834990248062,-0.182206672674074,-1.46843459988815,               747P   3368
1.467701155724,-0.352283223744609,-1.47830748039915,                 747P   3369
1.41051723617748,-0.510334328108787,-1.48738655411606,               747P   3370
1.3533121691641,-0.668443882130148,-1.49646898540993,                747P   3371
1.26796046125576,-0.818874977677661,-1.50501039156003,               747P   3372
1.16155613747873,-0.949098171679565,-1.51358832537555,               747P   3373
1.05518537683909,-1.07928028935302,-1.52216355345168,                747P   3374
0.924875070200651,-1.19283532998006,-1.53171537707042,               747P   3375
0.781404964744258,-1.28039301820692,-1.54096940809797,               747P   3376
0.637914128052933,-1.36796335840053,-1.5502247763204,                747P   3377
0.477280552745466,-1.43194813604804,-1.55912174408275,               747P   3378
0.312834605479881,-1.46701551103397,-1.56758674121539,               747P   3379
0.14840860020416,-1.50207863347826,-1.57605071181688,                747P   3380
-0.0243384919495852,-1.50919078866922,-1.58480864475444,             747P   3381
-0.191044695121524,-1.48778423316888,-1.59417741043756,              747P   3382
-0.357743967367496,-1.46637856766094,-1.60354578660775,              747P   3383
-0.523042792102117,-1.41586881191318,-1.61305153479873,              747P   3384
-0.673260669119492,-1.34041787194023,-1.62179003792184,              747P   3385
-0.823517359722261,-1.26494743680759,-1.63053079891627,              747P   3386
-0.962818568750024,-1.16243201759926,-1.63881424609967,              747P   3387
-1.07954904318106,-1.04142876058176,-1.64784024648906,               747P   3388
-1.19624965434008,-0.920456459946434,-1.6568639377479,               747P   3389
-1.29362997342623,-0.777673401826425,-1.66663298284039,              747P   3390
-1.36365223723261,-0.624862045487503,-1.6755956339614,               747P   3391
-1.4336956496916,-0.472004535909383,-1.68456099204995,               747P   3392
-1.47828273362484,-0.304891247860984,-1.69297674481508,              747P   3393
-1.49369047228224,-0.137436432627129,-1.70154190409218,              747P   3394
-1.5090932184184,0.0299641227480304,-1.71010428802757,               747P   3395
-1.49577011913562,0.20228293458311,-1.71975214802829,                747P   3396
-1.45484118417647,0.365290471849464,-1.72907255706289,               747P   3397
-1.41390466241925,0.528328225032059,-1.7383946937765,                747P   3398
-1.34421010661395,0.686564295490199,-1.74736237132896,               747P   3399
-1.25152497820414,0.826852604114617,-1.75588689150742,               747P   3400
-1.15884773056991,0.967128984388764,-1.76441068686808,               747P   3401
-1.04064189623379,1.0933054260515,-1.77324405008556,                 747P   3402
-0.906744676032941,1.19491175091966,-1.78256495929528,               747P   3403
-0.77285200655144,1.29651462252817,-1.79188555171843,                747P   3404
-0.619547537027332,1.37638062317542,-1.80124727962901,               747P   3405
-0.459514990601738,1.42788163844637,-1.80987823633715,               747P   3406
-0.299459820701188,1.47938993431089,-1.81851041318605,               747P   3407
-0.128262487902321,1.50393202552625,-1.82673983452427,               747P   3408
0.0397937880921552,1.49947205856904,-1.83582131158036,               747P   3409
0.207811671587939,1.49501311049241,-1.84490071397072,                747P   3410
0.377340131204095,1.46145996205831,-1.85473958929725,                747P   3411
0.534391555734353,1.40157970346321,-1.86376907564584,                747P   3412
0.691503564762271,1.34167634532986,-1.87280204522864,                747P   3413
0.84045610177192,1.25375974589995,-1.88128494101787,                 747P   3414
0.968839116390777,1.14514224729993,-1.88990067030643,                747P   3415
1.09717981116735,1.03656055308903,-1.89851355952845,                 747P   3416
1.20848500914014,0.904330932577136,-1.90815808931912,                747P   3417
1.29357570513263,0.759382574919012,-1.91738019222033,                747P   3418
1.37868090324344,0.614409513523201,-1.92660386685657,                747P   3419
1.43990962104405,0.452696287766253,-1.93542250125529,                747P   3420
1.4721569581348,0.287669759646889,-1.9438790795925,                  747P   3421
1.50439909894951,0.122669823595903,-1.95233429525237,                747P   3422
1.50855281233467,-0.0501635193139651,-1.96122555314537,              747P   3423
1.48429727798558,-0.216475380966394,-1.97060952565937,               747P   3424
1.460041910448,-0.382786098849669,-1.97999343363739,                 747P   3425
1.40670835662229,-0.547203461887729,-1.98942661571895,               747P   3426
1.32869404904696,-0.696112149030027,-1.99812179675629,               747P   3427
1.25066316214077,-0.845052481731555,-2.00681882566344,               747P   3428
1.14578140594817,-0.982573079547929,-2.01512481843336,               747P   3429
1.02280488803459,-1.09721017175952,-2.02422390957157,                747P   3430
0.899856638630968,-1.211820912438,-2.03332090910926,                 747P   3431
0.755427235554731,-1.30674592436766,-2.04304799070314,               747P   3432
0.601437988000045,-1.37414422335884,-2.0519603552329,                747P   3433
0.447401853616917,-1.44156304386389,-2.06087543340997,               747P   3434
0.279547228549825,-1.48328387519823,-2.06923907909689,               747P   3435
0.11185566007811,-1.49582362306139,-2.07785297832536,                747P   3436
-0.0557812268679317,-1.50835928191427,-2.08646406869973,             747P   3437
-0.227841276531385,-1.49209097944543,-2.09620460436481,              747P   3438
-0.390126197938286,-1.44837893856622,-2.10549337454185,              747P   3439
-0.552446309477114,-1.40465741909546,-2.11478415891124,              747P   3440
-0.709475147227042,-1.33226056676324,-2.12367318722687,              747P   3441
-0.848160461980745,-1.23718383061395,-2.13218824822922,              747P   3442
-0.986827415319525,-1.14211968226753,-2.14070218186948,              747P   3443
-1.11095475728786,-1.02177822360927,-2.14966202979898,               747P   3444
-1.21025302048357,-0.886164559441639,-2.15898899782,                 747P   3445
-1.3095512545388,-0.750550935071743,-2.16831596310388,               747P   3446
-1.38678510085229,-0.595895507938211,-2.17760221385994,              747P   3447
-1.43553994288731,-0.435000083189756,-2.18619374200043,              747P   3448
-1.48429951377258,-0.274089052804256,-2.19478610345406,              747P   3449
-1.50590598353355,-0.102503765277608,-2.20305766167938,              747P   3450
-1.49857173162452,0.0654428389963542,-2.21221358816271,              747P   3451
-1.49123896225161,0.233355494762506,-2.22136766387899,               747P   3452
-1.45479090421295,0.402287246931767,-2.23116498651455,               747P   3453
-1.39223147259238,0.558293405589058,-2.24014399267587,               747P   3454
-1.32964771108376,0.714360236350896,-2.24912649084807,               747P   3455
-1.2391930527948,0.861788722484764,-2.25755646666042,                747P   3456
-1.12839603868238,0.988292659026626,-2.26621925173279,               747P   3457
-1.01763588593797,1.11475450862059,-2.274879154759,                  747P   3458
-0.883525331598921,1.22377858102965,-2.28459980681488,               747P   3459
-0.737140970330339,1.30637788937981,-2.29378554549929,               747P   3460
-0.590727953902569,1.38899336678183,-2.30297308231843,               747P   3461
-0.427982530401867,1.44744808638714,-2.31171526115236,               747P   3462
-0.26242411922302,1.4768661353183,-2.32017044912573,                 747P   3463
-0.0968985727703821,1.50627834452126,-2.32862395867373,              747P   3464
0.0759706134702027,1.50747322542104,-2.33765242747797,               747P   3465
0.241840446835332,1.48037603272763,-2.34704321710831,                747P   3466
0.407714807156963,1.45327810049159,-2.35643426303417,                747P   3467
0.571203044169454,1.39713598630224,-2.36579198070503,                747P   3468
0.718759036955284,1.31658096856787,-2.3744471062364,                 747P   3469
0.866339173342512,1.23601277015407,-2.38310364794814,                747P   3470
1.00203804814634,1.12879665547011,-2.39145665922963,                 747P   3471
1.11454887091905,1.00388286883135,-2.40061786180894,                 747P   3472
1.22703710999572,0.87899415546928,-2.40977722550903,                 747P   3473
1.31947946129862,0.732959826435521,-2.41945551853039,                747P   3474
1.38423409713878,0.577837316481354,-2.42831738300245,                747P   3475
1.44900790610501,0.422668876480664,-2.43718187137382,                747P   3476
1.48784989564777,0.254123885536405,-2.44549970675471,                747P   3477
1.49751845481818,0.0862466085071031,-2.45417202334958,               747P   3478
1.50718392407338,-0.081577017658473,-2.46284156841226,               747P   3479
1.48797584516979,-0.25332908449833,-2.47265617783246,                747P   3480
1.44149374966869,-0.414844271584048,-2.48190879613068,               747P   3481
1.39500009634789,-0.576399619583153,-2.49116371510172,               747P   3482
1.31992214941864,-0.732175183762585,-2.49997591197019,               747P   3483
1.22248198886944,-0.869216766341872,-2.50848846433117,               747P   3484
1.12505911695488,-1.00623403387654,-2.5169995063251,                 747P   3485
1.00261761026586,-1.12827671819934,-2.52608802413876,                747P   3486
0.865326654512564,-1.22523866286945,-2.53541326755145,               747P   3487
0.728031296289713,-1.32220371679033,-2.54473880999404,               747P   3488
0.572069782442252,-1.39678278970666,-2.55394742484118,               747P   3489
0.410358563919409,-1.44277713075097,-2.56250342910869,               747P   3490
0.248639028175361,-1.48877383740177,-2.57105987343337,               747P   3491
0.0767172919255943,-1.5074387481846,-2.57939705929621,               747P   3492
-0.091071149128465,-1.49723279612638,-2.58861636483977,              747P   3493
-0.258830581063561,-1.48702860858588,-2.59783407644796,              747P   3494
-0.427117233495769,-1.44769591897552,-2.60758296158923,              747P   3495
-0.582032900605073,-1.38247520867943,-2.61651121373585,              747P   3496
-0.737007462233534,-1.31722970332909,-2.62544286014935,              747P   3497
-0.8828671151772,-1.22426447046798,-2.63382614028319,                747P   3498
-1.00745384135197,-1.11132207642302,-2.64254556207924,               747P   3499
-1.13199985535376,-0.998416589442103,-2.65126213456204,              747P   3500
-1.23871214608505,-0.862463863352011,-2.66103933380906,              747P   3501
-1.31879626821291,-0.714686226918984,-2.6701848673232,               747P   3502
-1.39889805798787,-0.566875988728448,-2.67933241846649,              747P   3503
-1.45456157855933,-0.403146203853033,-2.68800068567467,              747P   3504
-1.48114188887655,-0.237104839712741,-2.69646197569954,              747P   3505
-1.50771600576574,-0.0711021645578845,-2.70492129417516,             747P   3506
-1.50595247758664,0.101752640796895,-2.71408751370797,               747P   3507
-1.47602169416187,0.267132847780903,-2.72347725585495,               747P   3508
-1.44608909374693,0.432523094402166,-2.73286756801938,               747P   3509
-1.38715446105813,0.595034694621127,-2.74214760634918,               747P   3510
-1.30408215219375,0.741194805924685,-2.75076651412566,               747P   3511
-1.22100046002178,0.88737142652357,-2.75938639543788,                747P   3512
-1.11148245916069,1.0212082759856,-2.76780776163844,                 747P   3513
-0.98466776996792,1.13156059616196,-2.77702049056856,                747P   3514
-0.857874507138725,1.24189427142464,-2.78623166293391,               747P   3515
-0.710277057132316,1.33182722303593,-2.79585500643439,               747P   3516
-0.554066176691001,1.39391917694213,-2.80466677039218,               747P   3517
-0.397811872831035,1.45602839113712,-2.8134809838395,                747P   3518
-0.2286274241053,1.49197980997827,-2.82175992574469,                 747P   3519
-0.0606152785347847,1.49877476226688,-2.83050062855192,              747P   3520
0.107345337883349,1.50556763055061,-2.83923865059458,                747P   3521
0.278740365610847,1.48342583309593,-2.84910570172463,                747P   3522
0.439438757549221,1.43418742790599,-2.85831824963871,                747P   3523
0.600182273476054,1.38493519660864,-2.86753338442937,                747P   3524
0.754658710511177,1.30719809612855,-2.87627122923143,                747P   3525
0.890016160273844,1.20742338657631,-2.88478868407499,                747P   3526
1.02534389534828,1.10767058032081,-2.89330426910262,                 747P   3527
1.14526701838589,0.983164989746477,-2.90252039342905,                747P   3528
1.23986492812916,0.844236317624091,-2.91183666731416,                747P   3529
1.33446878759565,0.705298907600954,-2.92115352714511,                747P   3530
1.40637109921932,0.548076595542084,-2.93028302940651,                747P   3531
1.44959131953503,0.385596948028235,-2.93880797554354,                747P   3532
1.49281178752994,0.223116369403251,-2.94733297053389,                747P   3533
1.50853003874444,0.0509094768746474,-2.95575603343759,               747P   3534
1.49545562700094,-0.116672480350843,-2.96502804474201,               747P   3535
1.4823830617964,-0.284230769466502,-2.97429874653205,                747P   3536
1.44017666444499,-0.45182405575318,-2.98399297242702,                747P   3537
1.3723131868467,-0.605604257916561,-2.99287080746317,                747P   3538
1.30442522227569,-0.759439948123697,-3.00175184586161,               747P   3539
1.20897741131409,-0.903686612999905,-3.01009527264829,               747P   3540
1.09392413329447,-1.02631865938214,-3.01888120317268,                747P   3541
0.978906988676677,-1.14891219218974,-3.02766437440534,               747P   3542
0.841151147092155,-1.25328255462876,-3.03747563018304,               747P   3543
0.692023382001078,-1.33082817777674,-3.04657771503827,               747P   3544
0.542859090343506,-1.40839279453975,-3.05568202931006,               747P   3545
0.378193158091578,-1.46124852378017,-3.06427958383957,               747P   3546
0.21171801819301,-1.4849833267658,-3.07275490923997,                 747P   3547
0.0452868497610323,-1.50871186062261,-3.08122799603292,              747P   3548
-0.127503522420448,-1.50399102790907,-3.09052918288131,              747P   3549
-0.292346558653801,-1.47123536174308,-3.09991055185493,              747P   3550
-0.457204978109872,-1.43847663880429,-3.10929279630192,              747P   3551
-0.618692567346633,-1.37676622123924,-3.11849362127545,              747P   3552
-0.763413890454467,-1.29120069387418,-3.12708070865446,              747P   3553
-0.908144122386406,-1.20562989922566,-3.13566832464148,              747P   3554
-1.04007935772827,-1.09384287696187,-3.14417620616637,               747P   3555
-1.14824149150394,-0.965163963888419,-3.15343029864057,              747P   3556
-1.25638898992357,-0.836502462284606,-3.16268313894885,              747P   3557
-1.34378630269056,-0.687384075175114,-3.17224603650346,              747P   3558
-1.40319713293163,-0.530129989844414,-3.18100870504754,              747P   3559
-1.46262290737946,-0.372836348803837,-3.18977357775424,              747P   3560
-1.49567277961821,-0.203063268747286,-3.19802114774918,              747P   3561
-1.49959238341227,-0.0349668930835481,-3.20684046568786,             747P   3562
-1.50351085229566,0.133080810729874,-3.21565723001692,               747P   3563
-1.47844193272369,0.304069891020008,-3.22555213991379,               747P   3564
-1.42646158354352,0.463904462874093,-3.23472129625,                  747P   3565
-1.37446496583296,0.623789058893718,-3.2438933222995,                747P   3566
-1.29409135536762,0.776920625233837,-3.25255994579326,               747P   3567
-1.19201164678543,0.910553806168468,-3.26109015145421,               747P   3568
-1.08995826393511,1.04415252392391,-3.26961815722736,                747P   3569
-0.963424898306829,1.16192177068961,-3.27895759960053,               747P   3570
-0.82289849088071,1.25412841196835,-3.28825820923437,                747P   3571
-0.682359130213158,1.34634355253849,-3.29755967616645,               747P   3572
-0.52392168449148,1.41554770265739,-3.30660926956539,                747P   3573
-0.360721220252854,1.45598083821845,-3.31510817274766,               747P   3574
-0.197527166435624,1.49641238558894,-3.32360674209785,               747P   3575
-0.0250862032362535,1.50917963079759,-3.33213265394386,              747P   3576
0.142241088991176,1.49324059434594,-3.34144712107313,                747P   3577
0.309550338345156,1.47730327659787,-3.350760583825,                  747P   3578
0.476402057986824,1.43223470940447,-3.3603945930976,                 747P   3579
0.629002017829782,1.36174757630262,-3.36922295239223,                747P   3580
0.781652697633488,1.29123701524818,-3.3780542459867,                 747P   3581
0.924242810507774,1.19333509253906,-3.38636526539661,                747P   3582
1.044883328209,1.07620575654978,-3.39522783560995,                   747P   3583
1.16548805856863,0.959111166329483,-3.40408777679091,                747P   3584
1.26748681872064,0.819591542153011,-3.4139077609534,                 747P   3585
1.34247109338877,0.669157203813711,-3.42296375358909,                747P   3586
1.41747548539096,0.518682505840993,-3.43202217583326,                747P   3587
1.46750740903878,0.353129072582356,-3.44055286222727,                747P   3588
1.48838960705436,0.186269636850901,-3.44905057230531,                747P   3589
1.50926572566335,0.0194587786855317,-3.45754580845629,               747P   3590
1.50158935380832,-0.153217264721457,-3.46697588164239,               747P   3591
1.4660181548368,-0.317475620621353,-3.47634210223001,                747P   3592
1.43044250051969,-0.481754550124671,-3.4857094959507,                747P   3593
1.36597371664105,-0.642170904140424,-3.4948302539849,                747P   3594
1.27793968580293,-0.78541082208606,-3.50339046690789,                747P   3595
1.18990474869853,-0.928652214614963,-3.511950767954,                 747P   3596
1.07588195315781,-1.05864693045967,-3.52056011751444,                747P   3597
0.945375823011071,-1.16458771815014,-3.52984585583952,               747P   3598
0.814882820471996,-1.27051784925998,-3.53913066011246,               747P   3599
0.664286097849587,-1.35535377295026,-3.54862828211173,               747P   3600
0.506034284176533,-1.4120656157693,-3.55734346038052,                747P   3601
0.347747924896469,-1.46878983850987,-3.56606054113065,               747P   3602
0.177436969881646,-1.49892793650634,-3.57428485085372,               747P   3603
0.0093068153210103,-1.49997112745165,-3.58319323771845,              747P   3604
-0.158777917993835,-1.50101403657344,-3.5920992179356,               747P   3605
-0.329312286455052,-1.47302514227419,-3.60199453646766,              747P   3606
-0.488236057643501,-1.41831786000782,-3.61111758063375,              747P   3607
-0.647214564859879,-1.36359173563049,-3.62024376693016,              747P   3608
-0.798955580526394,-1.28060503621234,-3.6288429425046,               747P   3609
-0.930824599440915,-1.17625063871424,-3.63739415854437,              747P   3610
-1.0626551914335,-1.07192665031693,-3.64594288274099,                747P   3611
-1.17823685061179,-0.943402198292867,-3.65539815583809,              747P   3612
-1.26802550595355,-0.801318486153445,-3.66467696730449,              747P   3613
-1.35782494078447,-0.659217716292991,-3.67395689272953,              747P   3614
-1.42431017130297,-0.499611185564419,-3.682926461885,                747P   3615
-1.46194396409645,-0.335737763502929,-3.69140487498027,              747P   3616
-1.49957463491592,-0.171877935834374,-3.69988258473464,              747P   3617
-1.50938731167159,0.00074620008405979,-3.70852500909813,             747P   3618
-1.49058812939907,0.167770761738573,-3.71787212750826,               747P   3619
-1.47179032668596,0.334783066460719,-3.72721855998935,               747P   3620
-1.42387181406179,0.500845070229387,-3.73678746336998,               747P   3621
-1.35078081102883,0.652220208638375,-3.7455678883519,                747P   3622
-1.27766814311459,0.803640216104661,-3.75435091593684,               747P   3623
-1.17734110153347,0.944530815871599,-3.76263776991682,               747P   3624
-1.05817090335226,1.06314361179413,-3.77158712481415,                747P   3625
-0.939033659935794,1.18172360709331,-3.78053400489908,               747P   3626
-0.797789910929981,1.28132160724257,-3.79033484674264,               747P   3627
-0.64609299360866,1.35372221803803,-3.79934270713982,                747P   3628
-0.494352132491513,1.42614380195354,-3.80835317694783,               747P   3629
-0.327960394202069,1.47333655428638,-3.81682147645966,               747P   3630
-0.160766542104096,1.49135982208852,-3.82535030720833,               747P   3631
0.00637500888890787,1.50937745190332,-3.83387646999244,              747P   3632
0.178886977107281,1.49874806139767,-3.84342607978561,                747P   3633
0.34251318643195,1.46037143121886,-3.85277093839718,                 747P   3634
0.506165042425757,1.42198878591119,-3.86211726171602,                747P   3635
0.665463139222973,1.35477983822314,-3.87115778144588,                747P   3636
0.807179389208512,1.26430274603711,-3.87969660280541,                747P   3637
0.948889949026852,1.17382928667217,-3.88823508131561,                747P   3638
1.07690597053108,1.05760442725464,-3.89695761553405,                 747P   3639
1.18059484074889,0.925308500985947,-3.90626574716284,                747P   3640
1.28427690979799,0.793021252282278,-3.9155732682519,                 747P   3641
1.36652628151341,0.640989292043915,-3.92500145724589,                747P   3642
1.42052196063584,0.481785594794321,-3.93367134645404,                747P   3643
1.47452734848364,0.322553271828723,-3.9423427945568,                 747P   3644
1.50174430078098,0.151755397102423,-3.95055696774096,                747P   3645
1.49991079712996,-0.0163585039951138,-3.95956047416573,              747P   3646
1.49807775127091,-0.184430430159215,-3.96856173258137,               747P   3647
1.46717665811421,-0.354461361159493,-3.97843197844573,               747P   3648
1.40975813808956,-0.512427548137553,-3.9875068010054,                747P   3649
1.35231827444516,-0.670452454327238,-3.99658499685929,               747P   3650
1.26674298648696,-0.820757088101178,-4.00512112134389,               747P   3651
1.16014532316594,-0.950822185866623,-4.01370197616564,               747P   3652
1.05358146830263,-1.08084603225545,-4.02228010948808,                747P   3653
0.923103128231451,-1.19420712837321,-4.03184055661947,               747P   3654
0.77950310562886,-1.28155175795399,-4.04109200819771,                747P   3655
0.635882005523757,-1.36890920791332,-4.050344817697,                 747P   3656
0.475152887397241,-1.43265559477426,-4.05923493169709,               747P   3657
0.310654644241348,-1.46747868536864,-4.06769893208152,               747P   3658
0.146176933381024,-1.50229742942427,-4.07616187600873,               747P   3659
-0.026579643801317,-1.50915294165195,-4.08493113775365,              747P   3660
-0.193253524964764,-1.48749893280254,-4.09430156816222,              747P   3661
-0.359920980301558,-1.46584575878644,-4.10367163730987,              747P   3662
-0.525145219722752,-1.41509042229004,-4.11317122160792,              747P   3663
-0.675251240409383,-1.33941620205431,-4.1219058512271,               747P   3664
-0.825395471719341,-1.26372271837324,-4.13064270431233,              747P   3665
-0.96454384149299,-1.16100073767396,-4.13892705972766,               747P   3666
-1.08109401035761,-1.03982486062264,-4.14795984599441,               747P   3667
-1.19761460885365,-0.91867972754521,-4.15699034052001,               747P   3668
-1.29478300104892,-0.775752197425767,-4.16675603191063,              747P   3669
-1.36457840288889,-0.622836882634284,-4.17571434413004,              747P   3670
-1.43439493123418,-0.469875281610091,-4.18467536795832,              747P   3671
-1.47873385457794,-0.302695652948723,-4.19308636627134,              747P   3672
-1.49389290770747,-0.135218269110835,-4.20165537888403,              747P   3673
-1.50904704021324,0.0322047516221836,-4.21022160999798,              747P   3674
-1.49546821063957,0.204503067001406,-4.21987816977548,               747P   3675
-1.45429730848486,0.367449776886174,-4.22919602748876,               747P   3676
-1.4131186626104,0.530427134961507,-4.2385156377718,                 747P   3677
-1.34318882863426,0.688560292875819,-4.24747643639909,               747P   3678
-1.25029510009585,0.82871114550024,-4.2559998725592,                 747P   3679
-1.15740965925219,0.968849494293609,-4.26452254828436,               747P   3680
-1.03901713425031,1.0948495775735,-4.27336671665203,                 747P   3681
-0.904969451185591,1.19625678364674,-4.28268847325521,               747P   3682
-0.770925926162676,1.2976608441572,-4.29200994070568,                747P   3683
-0.617502478022685,1.37729938558295,-4.30136522281284,               747P   3684
-0.457393208592935,1.42856272271576,-4.30999261828825,               747P   3685
-0.297261908947689,1.47983311342122,-4.31862120084909,               747P   3686
-0.126028870314757,1.50412076098953,-4.32685326637109,               747P   3687
0.0420198162246963,1.49941132950383,-4.33594165091522,               747P   3688
0.210030474567131,1.49470296372826,-4.34502797882395,                747P   3689
0.379509084122529,1.46089825567133,-4.35486353842285,                747P   3690
0.536471618212457,1.40078485244978,-4.36388867138539,                747P   3691
0.693494823369948,1.34064821346455,-4.37291729285207,                747P   3692
0.842316920618532,1.2525103308158,-4.38139536645529,                 747P   3693
0.970538430029363,1.14370238953853,-4.39001480677178,                747P   3694
1.09871758620278,1.03493038894383,-4.39863139997467,                 747P   3695
1.20982609625072,0.902536046159605,-4.40828323481598,                747P   3696
1.29470158893183,0.75746141526642,-4.41750234987503,                 747P   3697
1.37959173530015,0.612361737352038,-4.42672305660706,                747P   3698
1.44058047167111,0.450557069305778,-4.43553497345756,                747P   3699
1.47258268515254,0.285482460737828,-4.44399114589895,                747P   3700
1.50457963477066,0.12043500435976,-4.45244592743231,                 747P   3701
1.50847663356666,-0.0524034427822937,-4.4613489843611,               747P   3702
1.48397424665715,-0.218678840444823,-4.47073387330108,               747P   3703
1.45947195499178,-0.384953591772058,-4.48011872576072,               747P   3704
1.40589410577745,-0.549292227022432,-4.48954546532073,               747P   3705
1.32765844900856,-0.698085268986662,-4.49823703332943,               747P   3706
1.24940648987786,-0.846909315714025,-4.50693041244438,               747P   3707
1.14432092278858,-0.984273471714634,-4.51523955981696,               747P   3708
1.02117488969415,-1.09872737503811,-4.52434446946308,                747P   3709
0.898056867428547,-1.21315524464688,-4.53344730810409,               747P   3710
0.753486569538569,-1.30786592729996,-4.54317041751827,               747P   3711
0.59939722488624,-1.37503562382895,-4.55207840011454,                747P   3712
0.445261011057488,-1.44222575128627,-4.5609890922415,                747P   3713
0.277344469089367,-1.48369729110129,-4.56934850481824,               747P   3714
0.109634768614422,-1.49598804056412,-4.57796708472573,               747P   3715
-0.0580202874146037,-1.50827478536179,-4.58658285646217,             747P   3716
-0.230055563090921,-1.49175119412415,-4.59633059997105,              747P   3717
-0.392275565730041,-1.44779828723865,-4.60561640378718,              747P   3718
-0.55453118970382,-1.4038357288849,-4.61490424664116,                747P   3719
-0.711453110460524,-1.33120540561415,-4.62378652724565,              747P   3720
-0.849997418597247,-1.23592248477727,-4.63230108846258,              747P   3721
-0.988522828800753,-1.1406525608675,-4.64081448826327,               747P   3722
-1.11247069831276,-1.02012748021736,-4.649785460171,                 747P   3723
-1.21156736660611,-0.884366731721136,-4.659112579281,                747P   3724
-1.31066428969633,-0.748605634157553,-4.66843972237284,              747P   3725
-1.387668686431,-0.593835102926032,-4.67771931292506,                747P   3726
-1.43618457598446,-0.432867027739862,-4.68630759608109,              747P   3727
-1.48470498091357,-0.271883971248928,-4.69489667854896,              747P   3728
-1.50605645456598,-0.100267454928458,-4.70317304641088,              747P   3729
-1.49847293282498,0.0676673450853574,-4.71233490493476,              747P   3730
-1.49089092559878,0.235568606626119,-4.7214949337322,                747P   3731
-1.45419217133534,0.404446302848751,-4.73128831703432,               747P   3732
-1.3914011210768,0.560359634759036,-4.74026292166022,                747P   3733
-1.32858566991041,0.71633355534924,-4.74924101386119,                747P   3734
-1.23791208990443,0.863627689613286,-4.75766668265464,               747P   3735
-1.12692757823766,0.989966783991973,-4.76633399773754,               747P   3736
-1.0159799693283,1.11626387015814,-4.77499843090637,                 747P   3737
-0.881708042478772,1.22508857221347,-4.78472480704457,               747P   3738
-0.735201097501484,1.3074705909628,-4.79390720101962,                747P   3739
-0.588665154793339,1.38986891536649,-4.80309141244155,               747P   3740
-0.425832424768424,1.44808213444467,-4.81182706822941,               747P   3741
-0.260230169363734,1.47725429732085,-4.82028248231445,               747P   3742
-0.0946613029148742,1.50642057846519,-4.82873619160719,              747P   3743
0.07820862278644,1.50735875195133,-4.83777663854394,                 747P   3744
0.244037859466622,1.4800153793616,-4.84716764121909,                 747P   3745
0.409872108024061,1.45267118036978,-4.85655892771967,                747P   3746
0.573277489416318,1.39628613312679,-4.86590998366837,                747P   3747
0.72071407823169,1.31551177016348,-4.8745618066906,                  747P   3748
0.868174150888881,1.23472454138186,-4.88321500778354,                747P   3749
1.00371305685202,1.1273074157532,-4.89157314978252,                  747P   3750
1.11603787020237,1.00222725580287,-4.90073923640866,                 747P   3751
1.22834043620281,0.87717186956017,-4.90990350757541,                 747P   3752
1.32056611627396,0.73100025799638,-4.91957726756571,                 747P   3753
1.38509047478159,0.575781535540439,-4.92843476060468,                747P   3754
1.44963386049607,0.420517041552508,-4.93729486557744,                747P   3755
1.48822550903664,0.251914553660768,-4.94560904363779,                747P   3756
1.49764483129977,0.0840235638442666,-4.95428689472454,               747P   3757
1.50706115173816,-0.0838139211327683,-4.96296198028449,              747P   3758
1.48759828672074,-0.255536951484144,-4.97278203961142,               747P   3759
1.44087649201435,-0.41698313486329,-4.98203132797374,                747P   3760
1.39414295010385,-0.578469910460296,-4.99128294187341,               747P   3761
1.31883340792654,-0.73413457311845,-5.00008858009736,                747P   3762
1.22118954156324,-0.871031631788747,-5.00860125776143,               747P   3763
1.12356336893453,-1.00790388377825,-5.01711239287024,                747P   3764
1.0009413464349,-1.12976404284556,-5.02621207078253,                 747P   3765
0.863506723962135,-1.22652196787184,-5.03553681517726,               747P   3766
0.726067318273929,-1.3232832604193,-5.04486188410638,                747P   3767
0.569994614112911,-1.39763095229831,-5.05406368364474,               747P   3768
0.40821484427731,-1.44338513256568,-5.06261680833194,                747P   3769
0.246427396443724,-1.48914148430669,-5.07117033894674,               747P   3770
0.074478890181072,-1.50755092523573,-5.07951422033334,               747P   3771
-0.0932935478621406,-1.49709596015997,-5.08873851572276,             747P   3772
-0.261037425854032,-1.48664277484221,-5.09796124085217,              747P   3773
-0.429265830758372,-1.44706031238775,-5.10770562056648,              747P   3774
-0.5840847602825,-1.38160956597938,-5.1166294763166,                 747P   3775
-0.73896234961835,-1.31613402074006,-5.12555671325338,               747P   3776
-0.884683795694041,-1.22295227617914,-5.13393625575741,              747P   3777
-1.00910240353605,-1.10982536427033,-5.14266105299452,               747P   3778
-1.13348046173899,-0.996735321890326,-5.15138300670699,              747P   3779
-1.23999074741751,-0.860624600976515,-5.16116409309536,              747P   3780
-1.3198555389535,-0.712728108252903,-5.17030597678396,               747P   3781
-1.39973812025578,-0.564798671800399,-5.17944989681388,              747P   3782
-1.45515867771768,-0.400985748233971,-5.18811189272164,              747P   3783
-1.48149240182978,-0.234904796291222,-5.19657408004889,              747P   3784
-1.50781991510569,-0.0688630147135496,-5.20503427156046,             747P   3785
-1.50579974942032,0.103988180831746,-5.21421235903549,               747P   3786
-1.4756235169698,0.269323664325415,-5.223601657103,                  747P   3787
-1.44544536630262,0.434669657722246,-5.23299155202128,               747P   3788
-1.38626922582533,0.597094286622415,-5.24226476857879,               747P   3789
-1.30297963526334,0.743131260336302,-5.25088073336268,               747P   3790
-1.21968100699299,0.889184080443104,-5.25949763306025,               747P   3791
-1.1099648318241,1.02285749886653,-5.2679258319463,                  747P   3792
-0.982986939567776,1.13302103980428,-5.27714254608237,               747P   3793
-0.856030138558711,1.24316628238757,-5.28635772930629,               747P   3794
-0.708299050742705,1.33288026725089,-5.2959760365468,                747P   3795
-0.551995865282206,1.39474032160519,-5.30478349237817,               747P   3796
-0.395649541036673,1.45661744898062,-5.31359337901696,               747P   3797
-0.226412008459339,1.49231754546585,-5.32186929244721,               747P   3798
-0.0583905514670552,1.49886308364019,-5.33061640740648,              747P   3799
0.109579600161698,1.50540662313399,-5.3393608514336,                 747P   3800
0.280941342281491,1.48301059109295,-5.34923133533203,                747P   3801
0.441566649183939,1.43353370882183,-5.35844024144844,                747P   3802
0.602237508982201,1.38404279504281,-5.36765175918534,                747P   3803
0.756599072198254,1.30607603578807,-5.37638329130449,                747P   3804
0.891808505940917,1.20610015700663,-5.38490153542409,                747P   3805
1.02698778557735,1.10614657462262,-5.3934178798239,                  747P   3806
1.14672538313052,0.981463604852582,-5.40264491958344,                747P   3807
1.24111689140294,0.842394718569946,-5.41196009164437,                747P   3808
1.3355145819066,0.703316723883065,-5.42127587380837,                 747P   3809
1.40718363236835,0.545987168808663,-5.43039846472611,                747P   3810
1.45016254112511,0.383443091367631,-5.43892094481108,                747P   3811
1.49314152670955,0.220898723368178,-5.44744344013056,                747P   3812
1.50860390143424,0.0486695011349622,-5.4558748014029,                747P   3813
1.49528078590436,-0.118892267642744,-5.46515089612769,               747P   3814
1.48195951421284,-0.286430846888299,-5.47442570709725,               747P   3815
1.43950432042044,-0.453961701562359,-5.48411491903636,               747P   3816
1.37141244067485,-0.607641273748138,-5.49298841547957,               747P   3817
1.30329613661145,-0.761375970256016,-5.50186509481474,               747P   3818
1.20763426507122,-0.905480625252144,-5.51020540629267,               747P   3819
1.09239947755282,-1.02794133171224,-5.51899758148016,                747P   3820
0.97720072434232,-1.15036374429513,-5.52778700732472,                747P   3821
0.839290289381717,-1.25452950825705,-5.53760006395597,               747P   3822
0.69004743057999,-1.33185379961566,-5.54669824581405,                747P   3823
0.540767707509889,-1.40919719073857,-5.55579867500122,               747P   3824
0.376022838940221,-1.46180854420735,-5.56439026634214,               747P   3825
0.209512391210861,-1.48529611792703,-5.57286719735516,               747P   3826
0.0430463437165859,-1.50877742865356,-5.58134186798312,              747P   3827
-0.129736083553659,-1.50380008487732,-5.59065452542415,              747P   3828
-0.294530272949415,-1.47079975466287,-5.60003484051412,              747P   3829
-0.459340301567739,-1.43779625261586,-5.60941605719473,              747P   3830
-0.620736815778569,-1.3758458107332,-5.61860995936995,               747P   3831
-0.765331291731392,-1.29006512002176,-5.62719451130617,              747P   3832
-0.909934023241597,-1.20427953169989,-5.63577955337357,              747P   3833
-1.04170242482207,-1.09229720412153,-5.64429569242663,               747P   3834
-1.1496730548215,-0.963458285042686,-5.65355290903646,               747P   3835
-1.25762939730998,-0.834636414928623,-5.66280890065961,              747P   3836
-1.34480548916242,-0.685388068834923,-5.67236631645266,              747P   3837
-1.40398284624452,-0.528045611146543,-5.68112479243083,              747P   3838
-1.46317493274202,-0.370663990465223,-5.68988544841902,              747P   3839
-1.49597256488506,-0.200842232765038,-5.69813067056426,              747P   3840
-1.49964263459418,-0.0327409301550395,-5.70695729929219,             747P   3841
-1.50331164759736,0.135311971836045,-5.71578138661035,               747P   3842
-1.47798909078138,0.306263529790299,-5.72567745995428,               747P   3843
-1.42577154028326,0.466020938283148,-5.73484271459702,               747P   3844
-1.3735375022714,0.625828789633649,-5.7440108631377,                 747P   3845
-1.29293623240588,0.778841516695801,-5.75267147599715,               747P   3846
-1.19065795229225,0.912323210623968,-5.76120317166774,               747P   3847
-1.08840636811708,1.04577006412381,-5.76973264045671,                747P   3848
-0.961698790407144,1.16335083573751,-5.77908247497017,               747P   3849
-0.821035657849156,1.25534873582611,-5.78838142821368,               747P   3850
-0.68035921182069,1.34735534332299,-5.79768126158361,                747P   3851
-0.521818502726075,1.41632440427033,-5.80672390662892,               747P   3852
-0.358557750975308,1.4565151352511,-5.81522080441578,                747P   3853
-0.195304040609852,1.49670413281817,-5.82371733573408,               747P   3854
-0.0228451708824974,1.5092151601043,-5.83225286292987,               747P   3855
0.144457758238716,1.49302778141756,-5.84157054486756,                747P   3856
0.311743141873114,1.4768421003427,-5.85088724963608,                 747P   3857
0.478528250136234,1.4315257683241,-5.86051579419999,                 747P   3858
0.631023703826968,1.36081192132068,-5.86933992491881,                747P   3859
0.783569408726509,1.29007477226986,-5.87816696341766,                747P   3860
0.92601376001748,1.19196128189668,-5.88647554154913,                 747P   3861
1.04647977026502,1.07465347457964,-5.89534524646555,                 747P   3862
1.1669102455189,0.957380270651372,-5.90421233500157,                 747P   3863
1.26870185581707,0.81770947979508,-5.91403179141112,                 747P   3864
1.34346283962791,0.667163846846565,-5.92308368007316,                747P   3865
1.41824402701684,0.516577530104211,-5.93213801493816,                747P   3866
1.46803021428457,0.350949404765198,-5.94066310186572,                747P   3867
1.48866460129105,0.18405897115589,-5.9491631606737,                  747P   3868
1.50929293740951,0.0172174769856597,-5.95766072689956,               747P   3869
1.50136024098742,-0.155446299446916,-5.96710158852328,               747P   3870
1.46554522219647,-0.319651688087347,-5.97646619370359,               747P   3871
1.43453225736605,-0.461840527149416,-5.98457519883361,               747P   3872
1.38206128624125,-0.600912528671949,-5.99251936741536,               747P   3873
1.31139658436532,-0.728175115281331,-6.0,0.0,1.0,0.0,0.0,0.0,0,      747P   3874
0;                                                                   747P   3875
126,18,3,0,0,1,0,0.0,0.0,0.0,0.0,0.132962336070183,                  749P   3876
0.132962336070183,0.132962336070183,0.324259488664247,               749P   3877
0.324259488664247,0.324259488664247,0.499572572441283,               749P   3878
0.499572572441283,0.499572572441283,0.678168706284403,               749P   3879
0.678168706284403,0.678168706284403,0.845629443055419,               749P   3880
0.845629443055419,0.845629443055419,1.0,1.0,1.0,1.0,1.0,1.0,1.0,     749P   3881
1.0,1.0,1.0,1.0,1.0,1.0,1.0,1.0,1.0,1.0,1.0,1.0,1.0,1.0,1.0,1.0,     749P   3882
1.31139658438129,-0.728175115257761,-6.0,1.24893350678308,           749P   3883
-0.820353909633439,-6.0,1.17586776012754,-0.906268990905215,         749P   3884
-6.0,1.09425837597541,-0.982021711080161,-6.0,0.977140842820803,     749P   3885
-1.09073435251002,-6.0,0.839149746962557,-1.18006220838098,-6.0,     749P   3886
0.692538488614322,-1.24362394140034,-6.0,0.557856738827978,          749P   3887
-1.30201376438493,-6.0,0.412536068667709,-1.34040156634411,-6.0,     749P   3888
0.266467747544375,-1.35498205734727,-6.0,0.117990321824898,          749P   3889
-1.36980302436618,-6.0,-0.0352386909061243,-1.35952105702853,        749P   3890
-6.0,-0.180081152751535,-1.32366205176878,-6.0,                      749P   3891
-0.316212223633229,-1.28995974704013,-6.0,-0.448544394031835,        749P   3892
-1.23379058525899,-6.0,-0.567377925032256,-1.15931840445708,         749P   3893
-6.0,-0.676871411903697,-1.09069956697684,-6.0,                      749P   3894
-0.777522310646789,-1.00484429301862,-6.0,-0.860988801128528,        749P   3895
-0.906199914105945,-6.0,0.0,1.0,0.0,0.0,0.0,0,0;                     749P   3896
126,642,3,0,0,1,0,0.0,0.0,0.0,0.0,0.000501781021852055,              751P   3897
0.000501781021852055,0.000501781021852055,0.0051955612208372,        751P   3898
0.0051955612208372,0.0051955612208372,0.00988711564687839,           751P   3899
0.00988711564687839,0.00988711564687839,0.0145798640087638,          751P   3900
0.0145798640087638,0.0145798640087638,0.0192721209925386,            751P   3901
0.0192721209925386,0.0192721209925386,0.0239643391802759,            751P   3902
0.0239643391802759,0.0239643391802759,0.0286573918157487,            751P   3903
0.0286573918157487,0.0286573918157487,0.0333490403568333,            751P   3904
0.0333490403568333,0.0333490403568333,0.0380425846733037,            751P   3905
0.0380425846733037,0.0380425846733037,0.0427343633067562,            751P   3906
0.0427343633067562,0.0427343633067562,0.0474275156180457,            751P   3907
0.0474275156180457,0.0474275156180457,0.0521195265313728,            751P   3908
0.0521195265313728,0.0521195265313728,0.056811534379939,             751P   3909
0.056811534379939,0.056811534379939,0.0615044950281997,              751P   3910
0.0615044950281997,0.0615044950281997,0.0661963698735727,            751P   3911
0.0661963698735727,0.0661963698735727,0.0708901559440591,            751P   3912
0.0708901559440591,0.0708901559440591,0.0755817015003615,            751P   3913
0.0755817015003615,0.0755817015003615,0.0802746269095541,            751P   3914
0.0802746269095541,0.0802746269095541,0.0849667614134,               751P   3915
0.0849667614134,0.0849667614134,0.0896591039099808,                  751P   3916
0.0896591039099808,0.0896591039099808,0.0943519690364335,            751P   3917
0.0943519690364335,0.0943519690364335,0.0990436467983274,            751P   3918
0.0990436467983274,0.0990436467983274,0.103737197587011,             751P   3919
0.103737197587011,0.103737197587011,0.108428975997493,               751P   3920
0.108428975997493,0.108428975997493,0.113122303289446,               751P   3921
0.113122303289446,0.113122303289446,0.117814178271569,               751P   3922
0.117814178271569,0.117814178271569,0.122506307599497,               751P   3923
0.122506307599497,0.122506307599497,0.127199122834999,               751P   3924
0.127199122834999,0.127199122834999,0.131891038022917,               751P   3925
0.131891038022917,0.131891038022917,0.136584760633991,               751P   3926
0.136584760633991,0.136584760633991,0.141276322517669,               751P   3927
0.141276322517669,0.141276322517669,0.145969419815803,               751P   3928
0.145969419815803,0.145969419815803,0.150661444267388,               751P   3929
0.150661444267388,0.150661444267388,0.155353928654455,               751P   3930
0.155353928654455,0.155353928654455,0.160046608664064,               751P   3931
0.160046608664064,0.160046608664064,0.164738324835422,               751P   3932
0.164738324835422,0.164738324835422,0.169431812685118,               751P   3933
0.169431812685118,0.169431812685118,0.174123607590532,               751P   3934
0.174123607590532,0.174123607590532,0.178817094883243,               751P   3935
0.178817094883243,0.178817094883243,0.183508851943732,               751P   3936
0.183508851943732,0.183508851943732,0.188201119214216,               751P   3937
0.188201119214216,0.188201119214216,0.192893788688581,               751P   3938
0.192893788688581,0.192893788688581,0.197585756378279,               751P   3939
0.197585756378279,0.197585756378279,0.202279341771901,               751P   3940
0.202279341771901,0.202279341771901,0.20697093037271,                751P   3941
0.20697093037271,0.20697093037271,0.211664183828295,                 751P   3942
0.211664183828295,0.211664183828295,0.216356112501006,               751P   3943
0.216356112501006,0.216356112501006,0.221048752017812,               751P   3944
0.221048752017812,0.221048752017812,0.225741249531227,               751P   3945
0.225741249531227,0.225741249531227,0.230433014436106,               751P   3946
0.230433014436106,0.230433014436106,0.235126389516573,               751P   3947
0.235126389516573,0.235126389516573,0.239818200908664,               751P   3948
0.239818200908664,0.239818200908664,0.244511822945512,               751P   3949
0.244511822945512,0.244511822945512,0.249203483512236,               751P   3950
0.249203483512236,0.249203483512236,0.253895902367772,               751P   3951
0.253895902367772,0.253895902367772,0.258588426629631,               751P   3952
0.258588426629631,0.258588426629631,0.263280460774256,               751P   3953
0.263280460774256,0.263280460774256,0.267973876543385,               751P   3954
0.267973876543385,0.267973876543385,0.27266548542358,                751P   3955
0.27266548542358,0.27266548542358,0.277358871568389,                 751P   3956
0.277358871568389,0.277358871568389,0.282050724318279,               751P   3957
0.282050724318279,0.282050724318279,0.286743530453631,               751P   3958
0.286743530453631,0.286743530453631,0.291435851763583,               751P   3959
0.291435851763583,0.291435851763583,0.296127680094371,               751P   3960
0.296127680094371,0.296127680094371,0.300820921753765,               751P   3961
0.300820921753765,0.300820921753765,0.305512748625821,               751P   3962
0.305512748625821,0.305512748625821,0.310206472137381,               751P   3963
0.310206472137381,0.310206472137381,0.314898063598481,               751P   3964
0.314898063598481,0.314898063598481,0.319590646695831,               751P   3965
0.319590646695831,0.319590646695831,0.324283030278507,               751P   3966
0.324283030278507,0.324283030278507,0.328975148971981,               751P   3967
0.328975148971981,0.328975148971981,0.333668380912058,               751P   3968
0.333668380912058,0.333668380912058,0.338360008415891,               751P   3969
0.338360008415891,0.338360008415891,0.343053495601166,               751P   3970
0.343053495601166,0.343053495601166,0.347745297498592,               751P   3971
0.347745297498592,0.347745297498592,0.352438279170237,               751P   3972
0.352438279170237,0.352438279170237,0.357130434872742,               751P   3973
0.357130434872742,0.357130434872742,0.361822345389954,               751P   3974
0.361822345389954,0.361822345389954,0.366515444440923,               751P   3975
0.366515444440923,0.366515444440923,0.371207291589253,               751P   3976
0.371207291589253,0.371207291589253,0.375901073450437,               751P   3977
0.375901073450437,0.375901073450437,0.380592626821139,               751P   3978
0.380592626821139,0.380592626821139,0.38528538360066,                751P   3979
0.38528538360066,0.38528538360066,0.38997763455278,                  751P   3980
0.38997763455278,0.38997763455278,0.394669858231885,                 751P   3981
0.394669858231885,0.394669858231885,0.399362901966226,               751P   3982
0.399362901966226,0.399362901966226,0.40405455174755,                751P   3983
0.40405455174755,0.40405455174755,0.408748097757486,                 751P   3984
0.408748097757486,0.408748097757486,0.413439875897949,               751P   3985
0.413439875897949,0.413439875897949,0.418133036723178,               751P   3986
0.418133036723178,0.418133036723178,0.422825040837385,               751P   3987
0.422825040837385,0.422825040837385,0.427517054060994,               751P   3988
0.427517054060994,0.427517054060994,0.43221000784313,                751P   3989
0.43221000784313,0.43221000784313,0.436901884370988,                 751P   3990
0.436901884370988,0.436901884370988,0.441595669159183,               751P   3991
0.441595669159183,0.441595669159183,0.446287215027857,               751P   3992
0.446287215027857,0.446287215027857,0.450980148832037,               751P   3993
0.450980148832037,0.450980148832037,0.455672277859352,               751P   3994
0.455672277859352,0.455672277859352,0.460364626763979,               751P   3995
0.460364626763979,0.460364626763979,0.465057483086725,               751P   3996
0.465057483086725,0.465057483086725,0.469749162494465,               751P   3997
0.469749162494465,0.469749162494465,0.474442712020529,               751P   3998
0.474442712020529,0.474442712020529,0.479134490966188,               751P   3999
0.479134490966188,0.479134490966188,0.483827826324671,               751P   4000
0.483827826324671,0.483827826324671,0.488519695331723,               751P   4001
0.488519695331723,0.488519695331723,0.493211830908654,               751P   4002
0.493211830908654,0.493211830908654,0.497904639281785,               751P   4003
0.497904639281785,0.497904639281785,0.502596556726547,               751P   4004
0.502596556726547,0.502596556726547,0.50729027436837,                751P   4005
0.50729027436837,0.50729027436837,0.511981837517615,                 751P   4006
0.511981837517615,0.511981837517615,0.516674942700613,               751P   4007
0.516674942700613,0.516674942700613,0.521366962297485,               751P   4008
0.521366962297485,0.521366962297485,0.526059453816697,               751P   4009
0.526059453816697,0.526059453816697,0.530752125135047,               751P   4010
0.530752125135047,0.530752125135047,0.535443843408388,               751P   4011
0.535443843408388,0.535443843408388,0.540137326642482,               751P   4012
0.540137326642482,0.540137326642482,0.544829122490489,               751P   4013
0.544829122490489,0.544829122490489,0.549522616851632,               751P   4014
0.549522616851632,0.549522616851632,0.554214368839567,               751P   4015
0.554214368839567,0.554214368839567,0.558906643041339,               751P   4016
0.558906643041339,0.558906643041339,0.563599305622533,               751P   4017
0.563599305622533,0.563599305622533,0.568291276157313,               751P   4018
0.568291276157313,0.568291276157313,0.572984854065482,               751P   4019
0.572984854065482,0.572984854065482,0.577676443799146,               751P   4020
0.577676443799146,0.577676443799146,0.58236970418112,                751P   4021
0.58236970418112,0.58236970418112,0.587061628793001,                 751P   4022
0.587061628793001,0.587061628793001,0.591754276010907,               751P   4023
0.591754276010907,0.591754276010907,0.596446765023553,               751P   4024
0.596446765023553,0.596446765023553,0.601138532608697,               751P   4025
0.601138532608697,0.601138532608697,0.605831901753848,               751P   4026
0.605831901753848,0.605831901753848,0.610523713894961,               751P   4027
0.610523713894961,0.610523713894961,0.615217341610711,               751P   4028
0.615217341610711,0.615217341610711,0.619908998279013,               751P   4029
0.619908998279013,0.619908998279013,0.624601424700508,               751P   4030
0.624601424700508,0.624601424700508,0.629293942193631,               751P   4031
0.629293942193631,0.629293942193631,0.63398597995646,                751P   4032
0.63398597995646,0.63398597995646,0.638679387265586,                 751P   4033
0.638679387265586,0.638679387265586,0.643370997061706,               751P   4034
0.643370997061706,0.643370997061706,0.648064388833009,               751P   4035
0.648064388833009,0.648064388833009,0.652756238613643,               751P   4036
0.652756238613643,0.652756238613643,0.657449052951305,               751P   4037
0.657449052951305,0.657449052951305,0.662141366172458,               751P   4038
0.662141366172458,0.662141366172458,0.66683319799807,                751P   4039
0.66683319799807,0.66683319799807,0.671526433068855,                 751P   4040
0.671526433068855,0.671526433068855,0.676218260795877,               751P   4041
0.676218260795877,0.676218260795877,0.680911988180899,               751P   4042
0.680911988180899,0.680911988180899,0.685603577160172,               751P   4043
0.685603577160172,0.685603577160172,0.690296168366027,               751P   4044
0.690296168366027,0.690296168366027,0.694988545488919,               751P   4045
0.694988545488919,0.694988545488919,0.699680668736332,               751P   4046
0.699680668736332,0.699680668736332,0.704373891826911,               751P   4047
0.704373891826911,0.704373891826911,0.709065520311181,               751P   4048
0.709065520311181,0.709065520311181,0.713759011378179,               751P   4049
0.713759011378179,0.713759011378179,0.718450811577587,               751P   4050
0.718450811577587,0.718450811577587,0.723143801766077,               751P   4051
0.723143801766077,0.723143801766077,0.727835949975286,               751P   4052
0.727835949975286,0.727835949975286,0.732527864941652,               751P   4053
0.732527864941652,0.732527864941652,0.737220957165834,               751P   4054
0.737220957165834,0.737220957165834,0.741912805517787,               751P   4055
0.741912805517787,0.741912805517787,0.746606588919477,               751P   4056
0.746606588919477,0.746606588919477,0.751298141307467,               751P   4057
0.751298141307467,0.751298141307467,0.755990906515424,               751P   4058
0.755990906515424,0.755990906515424,0.76068315146287,                751P   4059
0.76068315146287,0.76068315146287,0.765375380682161,                 751P   4060
0.765375380682161,0.765375380682161,0.770068415520526,               751P   4061
0.770068415520526,0.770068415520526,0.774760066561701,               751P   4062
0.774760066561701,0.774760066561701,0.779453614143644,               751P   4063
0.779453614143644,0.779453614143644,0.784145391850237,               751P   4064
0.784145391850237,0.784145391850237,0.788838561182237,               751P   4065
0.788838561182237,0.788838561182237,0.793530558537323,               751P   4066
0.793530558537323,0.793530558537323,0.798222577183438,               751P   4067
0.798222577183438,0.798222577183438,0.802915524102364,               751P   4068
0.802915524102364,0.802915524102364,0.807607402341763,               751P   4069
0.807607402341763,0.807607402341763,0.812301185692865,               751P   4070
0.812301185692865,0.812301185692865,0.816992731933672,               751P   4071
0.816992731933672,0.816992731933672,0.821685674123313,               751P   4072
0.821685674123313,0.821685674123313,0.826377797705084,               751P   4073
0.826377797705084,0.826377797705084,0.8310701530601,                 751P   4074
0.8310701530601,0.8310701530601,0.835763000587676,                   751P   4075
0.835763000587676,0.835763000587676,0.840454681665093,               751P   4076
0.840454681665093,0.840454681665093,0.845148229772413,               751P   4077
0.845148229772413,0.845148229772413,0.849840009293913,               751P   4078
0.849840009293913,0.849840009293913,0.85453335268694,                751P   4079
0.85453335268694,0.85453335268694,0.859225215762388,                 751P   4080
0.859225215762388,0.859225215762388,0.863917357627974,               751P   4081
0.863917357627974,0.863917357627974,0.868610159140718,               751P   4082
0.868610159140718,0.868610159140718,0.873302078872609,               751P   4083
0.873302078872609,0.873302078872609,0.877995791353089,               751P   4084
0.877995791353089,0.877995791353089,0.882687355800109,               751P   4085
0.882687355800109,0.882687355800109,0.887380468832466,               751P   4086
0.887380468832466,0.887380468832466,0.892072483607938,               751P   4087
0.892072483607938,0.892072483607938,0.896764982289767,               751P   4088
0.896764982289767,0.896764982289767,0.901457644923748,               751P   4089
0.901457644923748,0.901457644923748,0.906149365323485,               751P   4090
0.906149365323485,0.906149365323485,0.910842843863578,               751P   4091
0.910842843863578,0.910842843863578,0.915534640641133,               751P   4092
0.915534640641133,0.915534640641133,0.920228142016063,               751P   4093
0.920228142016063,0.920228142016063,0.92491988898342,                751P   4094
0.92491988898342,0.92491988898342,0.929612170150353,                 751P   4095
0.929612170150353,0.929612170150353,0.934304825842937,               751P   4096
0.934304825842937,0.934304825842937,0.938996799257795,               751P   4097
0.938996799257795,0.938996799257795,0.943690369620365,               751P   4098
0.943690369620365,0.943690369620365,0.948381960472905,               751P   4099
0.948381960472905,0.948381960472905,0.953075227731308,               751P   4100
0.953075227731308,0.953075227731308,0.957767148331386,               751P   4101
0.957767148331386,0.957767148331386,0.962459803279857,               751P   4102
0.962459803279857,0.962459803279857,0.967152283809825,               751P   4103
0.967152283809825,0.967152283809825,0.97184405411249,                751P   4104
0.97184405411249,0.97184405411249,0.976537417281643,                 751P   4105
0.976537417281643,0.976537417281643,0.981229230173645,               751P   4106
0.981229230173645,0.981229230173645,0.985922863496138,               751P   4107
0.985922863496138,0.985922863496138,0.990614516332111,               751P   4108
0.990614516332111,0.990614516332111,0.995306950568895,               751P   4109
0.995306950568895,0.995306950568895,1.0,1.0,1.0,1.0,1.0,1.0,1.0,     751P   4110
1.0,1.0,1.0,1.0,1.0,1.0,1.0,1.0,1.0,1.0,1.0,1.0,1.0,1.0,1.0,1.0,     751P   4111
1.0,1.0,1.0,1.0,1.0,1.0,1.0,1.0,1.0,1.0,1.0,1.0,1.0,1.0,1.0,1.0,     751P   4112
1.0,1.0,1.0,1.0,1.0,1.0,1.0,1.0,1.0,1.0,1.0,1.0,1.0,1.0,1.0,1.0,     751P   4113
1.0,1.0,1.0,1.0,1.0,1.0,1.0,1.0,1.0,1.0,1.0,1.0,1.0,1.0,1.0,1.0,     751P   4114
1.0,1.0,1.0,1.0,1.0,1.0,1.0,1.0,1.0,1.0,1.0,1.0,1.0,1.0,1.0,1.0,     751P   4115
1.0,1.0,1.0,1.0,1.0,1.0,1.0,1.0,1.0,1.0,1.0,1.0,1.0,1.0,1.0,1.0,     751P   4116
1.0,1.0,1.0,1.0,1.0,1.0,1.0,1.0,1.0,1.0,1.0,1.0,1.0,1.0,1.0,1.0,     751P   4117
1.0,1.0,1.0,1.0,1.0,1.0,1.0,1.0,1.0,1.0,1.0,1.0,1.0,1.0,1.0,1.0,     751P   4118
1.0,1.0,1.0,1.0,1.0,1.0,1.0,1.0,1.0,1.0,1.0,1.0,1.0,1.0,1.0,1.0,     751P   4119
1.0,1.0,1.0,1.0,1.0,1.0,1.0,1.0,1.0,1.0,1.0,1.0,1.0,1.0,1.0,1.0,     751P   4120
1.0,1.0,1.0,1.0,1.0,1.0,1.0,1.0,1.0,1.0,1.0,1.0,1.0,1.0,1.0,1.0,     751P   4121
1.0,1.0,1.0,1.0,1.0,1.0,1.0,1.0,1.0,1.0,1.0,1.0,1.0,1.0,1.0,1.0,     751P   4122
1.0,1.0,1.0,1.0,1.0,1.0,1.0,1.0,1.0,1.0,1.0,1.0,1.0,1.0,1.0,1.0,     751P   4123
1.0,1.0,1.0,1.0,1.0,1.0,1.0,1.0,1.0,1.0,1.0,1.0,1.0,1.0,1.0,1.0,     751P   4124
1.0,1.0,1.0,1.0,1.0,1.0,1.0,1.0,1.0,1.0,1.0,1.0,1.0,1.0,1.0,1.0,     751P   4125
1.0,1.0,1.0,1.0,1.0,1.0,1.0,1.0,1.0,1.0,1.0,1.0,1.0,1.0,1.0,1.0,     751P   4126
1.0,1.0,1.0,1.0,1.0,1.0,1.0,1.0,1.0,1.0,1.0,1.0,1.0,1.0,1.0,1.0,     751P   4127
1.0,1.0,1.0,1.0,1.0,1.0,1.0,1.0,1.0,1.0,1.0,1.0,1.0,1.0,1.0,1.0,     751P   4128
1.0,1.0,1.0,1.0,1.0,1.0,1.0,1.0,1.0,1.0,1.0,1.0,1.0,1.0,1.0,1.0,     751P   4129
1.0,1.0,1.0,1.0,1.0,1.0,1.0,1.0,1.0,1.0,1.0,1.0,1.0,1.0,1.0,1.0,     751P   4130
1.0,1.0,1.0,1.0,1.0,1.0,1.0,1.0,1.0,1.0,1.0,1.0,1.0,1.0,1.0,1.0,     751P   4131
1.0,1.0,1.0,1.0,1.0,1.0,1.0,1.0,1.0,1.0,1.0,1.0,1.0,1.0,1.0,1.0,     751P   4132
1.0,1.0,1.0,1.0,1.0,1.0,1.0,1.0,1.0,1.0,1.0,1.0,1.0,1.0,1.0,1.0,     751P   4133
1.0,1.0,1.0,1.0,1.0,1.0,1.0,1.0,1.0,1.0,1.0,1.0,1.0,1.0,1.0,1.0,     751P   4134
1.0,1.0,1.0,1.0,1.0,1.0,1.0,1.0,1.0,1.0,1.0,1.0,1.0,1.0,1.0,1.0,     751P   4135
1.0,1.0,1.0,1.0,1.0,1.0,1.0,1.0,1.0,1.0,1.0,1.0,1.0,1.0,1.0,1.0,     751P   4136
1.0,1.0,1.0,1.0,1.0,1.0,1.0,1.0,1.0,1.0,1.0,1.0,1.0,1.0,1.0,1.0,     751P   4137
1.0,1.0,1.0,1.0,1.0,1.0,1.0,1.0,1.0,1.0,1.0,1.0,1.0,1.0,1.0,1.0,     751P   4138
1.0,1.0,1.0,1.0,1.0,1.0,1.0,1.0,1.0,1.0,1.0,1.0,1.0,1.0,1.0,1.0,     751P   4139
1.0,1.0,1.0,1.0,1.0,1.0,1.0,1.0,1.0,1.0,1.0,1.0,1.0,1.0,1.0,1.0,     751P   4140
1.0,1.0,1.0,1.0,1.0,1.0,1.0,1.0,1.0,1.0,1.0,1.0,1.0,1.0,1.0,1.0,     751P   4141
1.0,1.0,1.0,1.0,1.0,1.0,1.0,1.0,1.0,1.0,1.0,1.0,1.0,1.0,1.0,1.0,     751P   4142
1.0,1.0,1.0,1.0,1.0,1.0,1.0,1.0,1.0,1.0,1.0,1.0,1.0,1.0,1.0,1.0,     751P   4143
1.0,1.0,1.0,1.0,1.0,1.0,1.0,1.0,1.0,1.0,1.0,1.0,1.0,1.0,1.0,1.0,     751P   4144
1.0,1.0,1.0,1.0,1.0,1.0,1.0,1.0,1.0,1.0,1.0,1.0,1.0,1.0,1.0,1.0,     751P   4145
1.0,1.0,1.0,1.0,1.0,1.0,1.0,1.0,1.0,1.0,1.0,1.0,1.0,1.0,1.0,1.0,     751P   4146
1.0,1.0,1.0,1.0,1.0,1.0,1.0,1.0,1.0,1.0,1.0,1.0,1.0,1.0,1.0,1.0,     751P   4147
1.0,1.0,1.0,1.0,1.0,1.0,1.0,1.0,1.0,1.0,1.0,1.0,1.0,1.0,1.0,1.0,     751P   4148
1.0,1.0,1.0,1.0,1.0,1.0,1.0,1.0,1.0,1.0,1.0,1.0,1.0,1.0,1.0,1.0,     751P   4149
1.0,1.0,1.0,1.0,1.0,1.0,1.0,1.0,1.0,1.0,1.0,1.0,1.0,1.0,1.0,1.0,     751P   4150
-0.860988801129876,-0.906199914107774,-6.00000000000128,             751P   4151
-0.849996993434049,-0.916643330822946,-5.99904418358351,             751P   4152
-0.83881296752819,-0.926888727907208,-5.99809544271528,              751P   4153
-0.827447884055645,-0.936925823729838,-5.99715206620364,             751P   4154
-0.722339455741596,-1.02975253893195,-5.98842737687897,              751P   4155
-0.599697188260457,-1.10567789342199,-5.97990024939809,              751P   4156
-0.469760044347732,-1.15837191813978,-5.97093479611786,              751P   4157
-0.339881590212225,-1.21104214211456,-5.96197339233757,              751P   4158
-0.199141728979921,-1.24196698208124,-5.95230568111979,              751P   4159
-0.0591580707476902,-1.24859934433164,-5.94317007502076,             751P   4160
0.0808582718566378,-1.25523325515278,-5.93403233587598,              751P   4161
0.224008025396533,-1.2377308932363,-5.92561225324256,                751P   4162
0.358328554282668,-1.19753941362516,-5.916967964251,                 751P   4163
0.492635697691918,-1.15735193922548,-5.9083245366909,                751P   4164
0.621813247566929,-1.09338492773646,-5.89909012163769,               751P   4165
0.735162688430396,-1.01095787327652,-5.88982536808664,               751P   4166
0.848510864782387,-0.928531738361979,-5.88056071789196,              751P   4167
0.949186570632229,-0.825347713002244,-5.87155602453519,              751P   4168
1.02881178401757,-0.709962191293729,-5.86297014566953,               751P   4169
1.10845075116472,-0.594556738901014,-5.85438278375437,               751P   4170
1.16920911705809,-0.463788104164022,-5.84547771385091,               751P   4171
1.20605193853443,-0.32854028909306,-5.8362494237012,                 751P   4172
1.24288434049558,-0.193330723445082,-5.82702374340343,               751P   4173
1.25684422420553,-0.0499064945156433,-5.81737861442806,              751P   4174
1.24676285717362,0.0899020465410783,-5.80870085318113,               751P   4175
1.23667756286639,0.229765051107585,-5.80001971144449,                751P   4176
1.20224112966724,0.369831804736445,-5.79154397691069,                751P   4177
1.14633423663311,0.498415306669839,-5.78263118995596,                751P   4178
1.09044728028384,0.626952955066797,-5.77372158134679,                751P   4179
1.01157837429677,0.747563619957876,-5.76410946928557,                751P   4180
0.916243135541231,0.850293194476806,-5.75502724260052,               751P   4181
0.820881827886863,0.95305085983518,-5.74594253243034,                751P   4182
0.706387198670293,1.0407575617902,-5.73750136349012,                 751P   4183
0.5823198420348,1.10607576665099,-5.72876798627524,                  751P   4184
0.458281400341231,1.17137874855424,-5.72003664444744,                751P   4185
0.321267173739595,1.21611138658879,-5.71067363532461,                751P   4186
0.182629987780768,1.23658654673386,-5.70135970598241,                751P   4187
0.0439938424940312,1.25706155318332,-5.6920458465547,                751P   4188
-0.100129412419564,1.25384495042907,-5.68310561036201,               751P   4189
-0.237759468976922,1.22717987064318,-5.67456771257975,               751P   4190
-0.375416671945994,1.2005095313867,-5.66602813076645,                751P   4191
-0.510344810940658,1.14965113904976,-5.65717611191276,               751P   4192
-0.631329031996733,1.07885293407307,-5.64800172308282,               751P   4193
-0.752287011557477,1.00807008523744,-5.63882932417916,               751P   4194
-0.86266058286222,0.915405191784088,-5.62927070747471,               751P   4195
-0.953327499220081,0.808496554866368,-5.62059712454124,              751P   4196
-1.04403011177289,0.70154582727547,-5.6119201267579,                 751P   4197
-1.11747899180437,0.577408128589572,-5.60334285674946,               751P   4198
-1.16755644824539,0.446443658439317,-5.59432796566199,               751P   4199
-1.21761117217135,0.315538639227728,-5.585317166858,                 751P   4200
-1.2457091756851,0.174210450358697,-5.57560711065235,                751P   4201
-1.24953430832249,0.034117624844564,-5.56654275535542,               751P   4202
-1.25336048465345,-0.106013425221414,-5.55747592683463,              751P   4203
-1.23298861378374,-0.248791581550827,-5.54910085253532,              751P   4204
-1.19010959295999,-0.382281515044341,-5.54041837440816,              751P   4205
-1.1472374598925,-0.515750005741204,-5.53173729096754,               751P   4206
-1.0806970396,-0.643611206085529,-5.52242867002752,                  751P   4207
-0.996015892817456,-0.755282954431674,-5.51316891769465,             751P   4208
-0.911331570215653,-0.866958890832681,-5.50390881809087,             751P   4209
-0.80614044718217,-0.965552905229489,-5.49502798163572,              751P   4210
-0.689178121430045,-1.04284875075063,-5.48643348746413,              751P   4211
-0.572203126446339,-1.12015296887347,-5.47783806234631,              751P   4212
-0.440252345618227,-1.17827208446568,-5.46885655398384,              751P   4213
-0.30430061322817,-1.21239479411162,-5.45959696055115,               751P   4214
-0.168381474962471,-1.2465093229141,-5.4503395870853,                751P   4215
-0.0246996103354604,-1.25759253272675,-5.44078286076179,             751P   4216
0.114882194099196,-1.24470963741708,-5.4321536623635,                751P   4217
0.25451788511738,-1.2318217685708,-5.42352113259962,                 751P   4218
0.393862876210297,-1.19458380306715,-5.41499560860717,               751P   4219
0.521296892021441,-1.13611159239262,-5.40603368176487,               751P   4220
0.648685387380077,-1.0776602684607,-5.39707495619472,                751P   4221
0.767689075970128,-0.996391952838869,-5.38742074235371,              751P   4222
0.868490090007877,-0.899013327797819,-5.37840943073729,              751P   4223
0.969322422849018,-0.801604447287205,-5.36939531931276,              751P   4224
1.05471855859091,-0.685367529611429,-5.36097795789004,               751P   4225
1.11753570417931,-0.560012455115459,-5.35220213476474,               751P   4226
1.18033424104326,-0.434694515354268,-5.34342891135761,               751P   4227
1.22230803244779,-0.296819486149327,-5.33399459330832,               751P   4228
1.23999935603897,-0.157802398660266,-5.32469522973635,               751P   4229
1.25769144552652,-0.0187792928152657,-5.31539546357445,              751P   4230
1.25158426554759,0.125262575418618,-5.30658558203603,                751P   4231
1.22216262749504,0.262332826680933,-5.29803964305414,                751P   4232
1.19273680936259,0.399422552202366,-5.28949248990777,                751P   4233
1.13918598944633,0.533294537792421,-5.28056424761994,                751P   4234
1.06597998771545,0.652829737213433,-5.27135865947079,                751P   4235
0.992787172588364,0.772343404748048,-5.26215472952508,               751P   4236
0.897923790569227,0.880842603696762,-5.25268605636157,               751P   4237
0.789215990345593,0.969349328458438,-5.24404944344054,               751P   4238
0.68046763687455,1.05788907049302,-5.23540960864674,                 751P   4239
0.554886809980192,1.12883064394533,-5.22677570983216,                751P   4240
0.422949690718112,1.17627103982095,-5.21771246276146,                751P   4241
0.291070223639559,1.22369070580324,-5.20865317603175,                751P   4242
0.149209170655682,1.2489511088565,-5.1989093024666,                  751P   4243
0.00906204589249434,1.24996715129808,-5.18992930729879,              751P   4244
-0.131128075786308,1.25098350545988,-5.18094655708271,               751P   4245
-0.273475058246871,1.22775008372652,-5.17258617796566,               751P   4246
-0.406080267745643,1.18220083579214,-5.16386164818216,               751P   4247
-0.538656593557049,1.13666150926463,-5.15513901875078,               751P   4248
-0.665150762893125,1.06757453356376,-5.14575932732579,               751P   4249
-0.77510070344219,0.980672677055546,-5.13651407994614,               751P   4250
-0.885060264189591,0.893763216968001,-5.12726802364277,              751P   4251
-0.981532371234082,0.786606579786501,-5.11850502600787,              751P   4252
-1.05646742504937,0.668114196683129,-5.10989447051952,               751P   4253
-1.13140554143033,0.549616970843483,-5.1012835631212,                751P   4254
-1.18686224929611,0.416537213018022,-5.09222420895159,               751P   4255
-1.21825121407553,0.279935670116351,-5.0829391181282,                751P   4256
-1.24963403635719,0.143360858732539,-5.07365584430165,               751P   4257
-1.25783530521999,-0.000522412491111424,-5.06420531266293,           751P   4258
-1.24215543110421,-0.139820903223784,-5.0556139309849,               751P   4259
-1.22646981978622,-0.279170362708027,-5.04701940575524,              751P   4260
-1.1864461438664,-0.417735016100611,-5.03843758845348,               751P   4261
-1.12543335619442,-0.543966690859798,-5.02942758551901,              751P   4262
-1.06444133090887,-0.670155409528798,-5.02042064864938,              751P   4263
-0.980805878622267,-0.787505473677124,-5.01073310453499,             751P   4264
-0.881422010458801,-0.886338106750897,-5.00180549745904,             751P   4265
-0.782004140916231,-0.985204552614282,-4.99287483605486,             751P   4266
-0.66407348777158,-1.06825410410224,-4.98444989102072,               751P   4267
-0.537481776211467,-1.12854478876142,-4.97562858030376,              751P   4268
-0.410934688500096,-1.18881422082548,-4.96681037911766,              751P   4269
-0.272253632277069,-1.22801314021849,-4.95730880423489,              751P   4270
-0.132911303035248,-1.24291374822443,-4.94803423231873,              751P   4271
0.00644415075372456,-1.25781575970723,-4.93875878683775,             751P   4272
0.150346643661231,-1.24881969651157,-4.930070866289,                 751P   4273
0.286801963228971,-1.2166530458138,-4.92150940143839,                751P   4274
0.42326868354411,-1.18448370761466,-4.91294722128333,                751P   4275
0.556030752349303,-1.12826235161569,-4.90394135262481,               751P   4276
0.674069331485555,-1.05267779322574,-4.8947103520702,                751P   4277
0.792091250424083,-0.977103902989343,-4.8854806543972,               751P   4278
0.898673018440336,-0.880078660898174,-4.87611715634176,              751P   4279
0.984983413589227,-0.769615277235394,-4.86750727170012,              751P   4280
1.0713226628537,-0.659114964958932,-4.85889450871914,                751P   4281
1.13972744628426,-0.532144084282355,-4.8501983461768,                751P   4282
1.18451168207564,-0.399289462704156,-4.84108865832213,               751P   4283
1.22927787144756,-0.266488376710225,-4.8319826413406,                751P   4284
1.25169118484119,-0.124150121302576,-4.82221945650297,               751P   4285
1.2498976505304,0.0159957243842171,-4.81333211332703,                751P   4286
1.24810351365482,0.156188654173592,-4.80444178431462,                751P   4287
1.22201824942827,0.298044972966584,-4.79606704077451,                751P   4288
1.17381766304867,0.429711640422927,-4.78729740032528,                751P   4289
1.12563002893447,0.561342926948248,-4.77853011641814,                751P   4290
1.05402461073572,0.686420286799428,-4.76908341482911,                751P   4291
0.964936486521483,0.794605296345032,-4.75986285223509,               751P   4292
0.875836095217553,0.902805202547483,-4.75064102000532,               751P   4293
0.766756870481127,0.997116095463599,-4.7419854430245,                751P   4294
0.646782052606296,1.06966021540786,-4.73335205667724,                751P   4295
0.526810667211843,1.14220225986434,-4.72471891733123,                751P   4296
0.392655581993267,1.19497491283799,-4.71558122816085,                751P   4297
0.255458556140694,1.22361796574524,-4.70627723763424,                751P   4298
0.118282159422746,1.25225671184342,-4.69697464606851,                751P   4299
-0.0257459767062112,1.25757221841356,-4.68764385094684,              751P   4300
-0.164704852590656,1.23910141293322,-4.67907997552309,               751P   4301
-0.303709995003536,1.22062445757549,-4.6705132487465,                751P   4302
-0.44143688864829,1.17783219278939,-4.66186944778482,                751P   4303
-0.566414612491218,1.11430448565757,-4.65281321933167,               751P   4304
-0.691353161303112,1.05079669167365,-4.64375982960865,               751P   4305
-0.807004044673434,0.964826957319729,-4.63406327219958,              751P   4306
-0.903828436635301,0.863477942468358,-4.62521685759958,              751P   4307
-1.00068851223138,0.762091576479526,-4.61636718274443,               751P   4308
-1.08135721868082,0.642516375083715,-4.6079160787439,                751P   4309
-1.13909733799801,0.514739987339101,-4.59904705658155,               751P   4310
-1.19681441265117,0.387014596439667,-4.5901815741354,                751P   4311
-1.23322389945078,0.247582490105562,-4.58061771437981,               751P   4312
-1.24532829628794,0.107969599724099,-4.57137880846634,               751P   4313
-1.2574344368047,-0.0316634023698961,-4.56213857165699,              751P   4314
-1.24555273395364,-0.175368244868255,-4.55355970634332,              751P   4315
-1.21065408320015,-0.311153805746947,-4.54497591226781,              751P   4316
-1.17575464738376,-0.446942421190907,-4.53639192509548,              751P   4317
-1.11688600933079,-0.578541516416161,-4.52730794664389,              751P   4318
-1.03895329066908,-0.695036732704026,-4.51805810965594,              751P   4319
-0.961028338885778,-0.811520338923683,-4.50880919451905,             751P   4320
-0.86187907333951,-0.916142399282376,-4.49956191694602,              751P   4321
-0.74970451943174,-1.00022154223133,-4.49096899915652,               751P   4322
-0.637497912765798,-1.08432470995545,-4.4823736260266,               751P   4323
-0.50918948917114,-1.15016512899167,-4.47361035254159,               751P   4324
-0.375471616350179,-1.19227558278922,-4.46445688275356,              751P   4325
-0.241802421849128,-1.23437070680252,-4.45530674517176,              751P   4326
-0.0990421855834676,-1.25392834556301,-4.44555584684355,             751P   4327
0.0410451734303322,-1.24932593575018,-4.43675086470422,              751P   4328
0.181183175777717,-1.24472186210861,-4.42794269945365,               751P   4329
0.322490420170557,-1.21579588355893,-4.41954222898336,               751P   4330
0.453164970599721,-1.16496416658254,-4.41072523457132,               751P   4331
0.583798926695589,-1.11414824058958,-4.40191097917777,               751P   4332
0.70741049194194,-1.04005346525019,-4.39240224056337,                751P   4333
0.813788283622283,-0.948814328221859,-4.38321718588409,              751P   4334
0.9201859387304,-0.857558154535974,-4.3740304161225,                 751P   4335
1.0122970416262,-0.746600436248362,-4.36546746619286,                751P   4336
1.08242114953875,-0.625191534676539,-4.3568051861501,                751P   4337
1.15253831800451,-0.503794647669142,-4.34814376332226,               751P   4338
1.20260652955659,-0.368618227865828,-4.33892816742313,               751P   4339
1.22849271068645,-0.230880184923406,-4.32961264880907,               751P   4340
1.25437621251398,-0.0931563983077888,-4.32029809438089,              751P   4341
1.2568033343258,0.0509597827234636,-4.31109624579013,                751P   4342
1.23554887709579,0.189523012606194,-4.30255005581339,                751P   4343
1.21428820413129,0.32812676444804,-4.29400136655628,                 751P   4344
1.16874536413496,0.46495974358529,-4.28529070425886,                 751P   4345
1.10272888839685,0.588633161395996,-4.27619086988167,                751P   4346
1.03673109436788,0.712271581415722,-4.26709361062618,                751P   4347
0.948460377226597,0.82617843537477,-4.25741867355653,                751P   4348
0.845187468050293,0.920955017278659,-4.24864179481149,               751P   4349
0.741874478073407,1.01576838251043,-4.23986150971012,                751P   4350
0.620704414212296,1.09402318924685,-4.2313753394759,                 751P   4351
0.491796005454992,1.14918957923335,-4.22245720634639,                751P   4352
0.362943445767406,1.20433206859466,-4.21354293696359,                751P   4353
0.2228153294766,1.23793860154027,-4.20392266916509,                  751P   4354
0.0829865258940192,1.24724225253959,-4.19473092088843,               751P   4355
-0.0568690667664528,1.25654768597733,-4.18553741161223,              751P   4356
-0.200317676334187,1.24178474654725,-4.17705022282735,               751P   4357
-0.335378857428667,1.20416818675376,-4.16843800514809,               751P   4358
-0.47043463319217,1.16655313242583,-4.15982613214142,                751P   4359
-0.600818269522233,1.10506142546668,-4.15066447416293,               751P   4360
-0.71572403601069,1.02481174089517,-4.14140314651887,                751P   4361
-0.830623420474194,0.944566513501962,-4.13214233326175,              751P   4362
-0.933244020151977,0.843331975688863,-4.12301807374545,              751P   4363
-1.0150578934108,0.729491242596117,-4.11443289098918,                751P   4364
-1.09689061198292,0.615624287003501,-4.10584573068983,               751P   4365
-1.16014031364623,0.486030804919611,-4.09701133960835,               751P   4366
-1.19956040385388,0.35150368064348,-4.08781753469108,                751P   4367
-1.23896776144277,0.217020008388311,-4.07862669935639,               751P   4368
-1.25566188743482,0.0738931977352265,-4.06891768722937,              751P   4369
-1.24825223065823,-0.0660785037417963,-4.06018332053201,             751P   4370
-1.24083975410514,-0.20610347204687,-4.05144562993414,               751P   4371
-1.20908526810061,-0.346803253163278,-4.04301049505796,              751P   4372
-1.15564367611076,-0.476432255273728,-4.03414472651203,              751P   4373
-1.10222030385543,-0.606017063229073,-4.02528198055475,              751P   4374
-1.02566594623362,-0.728114475270403,-4.01571707973963,              751P   4375
-0.932311632910226,-0.832643392539848,-4.00657896941787,             751P   4376
-0.838935559972128,-0.937196674071469,-3.99743872912748,             751P   4377
-0.72614444220646,-1.02706993116565,-3.98894927541397,               751P   4378
-0.603350403540089,-1.09474576525694,-3.98025276939216,              751P   4379
-0.480577085655809,-1.1624101794436,-3.97155773085532,               751P   4380
-0.344433531300905,-1.20975454719975,-3.96226556949036,              751P   4381
-0.206208999044426,-1.23287381702795,-3.95294664939284,              751P   4382
-0.0679920724940731,-1.25599181473485,-3.94362824206223,             751P   4383
0.0761550604764108,-1.25552885519523,-3.93456016236452,              751P   4384
0.21426684210014,-1.23149897294981,-3.92602237259365,                751P   4385
0.352412599389141,-1.2074631793243,-3.91748248251617,                751P   4386
0.488296173269555,-1.15918859834171,-3.90870093360274,               751P   4387
0.610615651843386,-1.09071010159615,-3.89956091174339,               751P   4388
0.732904540616985,-1.02224873003424,-3.89042317563154,               751P   4389
0.845022850185234,-0.931711004866686,-3.88079678660325,              751P   4390
0.937712793557784,-0.826555936883921,-3.87207807052794,              751P   4391
1.03043957822875,-0.721359073112979,-3.86335588904085,               751P   4392
1.10624810179956,-0.598644659887055,-3.85482654078629,               751P   4393
1.15881841493973,-0.468657530822844,-3.84585872909451,               751P   4394
1.21136495591201,-0.338729181622626,-3.83689497262539,               751P   4395
1.24215588442877,-0.197960147006472,-3.82722507201938,               751P   4396
1.24865506485633,-0.0579700699380769,-3.81809255866118,              751P   4397
1.25515577564448,0.082052970562837,-3.80895789487207,                751P   4398
1.23751705929385,0.225186428961304,-3.8005405704235,                 751P   4399
1.1971976483581,0.359468761877613,-3.7918945677194,                  751P   4400
1.15688237419578,0.493737317420354,-3.78324945209557,                751P   4401
1.09279262893445,0.622853545754918,-3.77401145767073,                751P   4402
1.0102578463483,0.736124367136212,-3.76474673697706,                 751P   4403
0.927723797452682,0.849394181599868,-3.75548209864184,               751P   4404
0.824443585702815,0.94997200291872,-3.74648335542886,                751P   4405
0.708982177898259,1.029487382838,-3.73789724552388,                  751P   4406
0.593501169709537,1.10901626105099,-3.72930967806649,                751P   4407
0.462675230277075,1.16964990161834,-3.72040102525462,                751P   4408
0.327392784340267,1.20636394374249,-3.71117112984915,                751P   4409
0.192148323807018,1.24306767708121,-3.70194382606818,                751P   4410
0.0487106001160296,1.25689116055933,-3.69230242957595,               751P   4411
-0.0910884615867502,1.24667673924148,-3.68362722207642,              751P   4412
-0.230942005537237,1.23645833717708,-3.67494863369008,               751P   4413
-0.370975826635783,1.20188859878414,-3.66647069561926,               751P   4414
-0.499505970034395,1.14585940930814,-3.65755556481625,               751P   4415
-0.627990226290414,1.08985022307293,-3.64864361684544,               751P   4416
-0.748525682918125,1.01086672066232,-3.6390293269352,                751P   4417
-0.85116463268217,0.91543365028331,-3.62995017860524,                751P   4418
-0.953831842885581,0.8199743035199,-3.62086853043754,                751P   4419
-1.0414297068429,0.705395902533959,-3.6124291456885,                 751P   4420
-1.10662979623875,0.581266284999032,-3.60369383445785,               751P   4421
-1.17181448698715,0.457165983807629,-3.59496058629151,               751P   4422
-1.21641656494813,0.320109666027616,-3.58559411461104,               751P   4423
-1.23675977100854,0.181453213845572,-3.57628065538429,               751P   4424
-1.25710287308823,0.0427974703815848,-3.56696724376165,              751P   4425
-1.25374905819492,-0.101323228073256,-3.55803331789199,              751P   4426
-1.22695290359298,-0.238927964802713,-3.54949521728388,              751P   4427
-1.20015153150792,-0.37655949457024,-3.54095545422098,               751P   4428
-1.14916487300625,-0.511438730411362,-3.53209986270057,              751P   4429
-1.0782517422031,-0.632355264417062,-3.52292387399603,               751P   4430
-1.0073538719768,-0.753245777063424,-3.51374985997345,               751P   4431
-0.914583820680573,-0.863531368889798,-3.50419510743803,             751P   4432
-0.807588816843915,-0.954096589926117,-3.49552351724654,             751P   4433
-0.700551748993585,-1.04469741577163,-3.48684851790627,              751P   4434
-0.576344364043589,-1.11802797951425,-3.47826869994824,              751P   4435
-0.445332486514505,-1.16798072606309,-3.46925148252989,              751P   4436
-0.314380034286642,-1.21791081468911,-3.46023835520528,              751P   4437
-0.173025297411165,-1.24587437007529,-3.45052649405239,              751P   4438
-0.0329286525539178,-1.24956620626559,-3.44146584263275,             751P   4439
0.107206461205915,-1.253259056191,-3.43240270326405,                 751P   4440
0.249965501680478,-1.23275117401384,-3.4240290454664,                751P   4441
0.383414664797106,-1.18974501252097,-3.41534465248877,               751P   4442
0.516842015541,-1.14674588041968,-3.40666167898214,                  751P   4443
0.644639471265801,-1.08008397592936,-3.39734960663095,               751P   4444
0.756230487043888,-0.995296664550502,-3.38809032244296,              751P   4445
0.86782595012655,-0.910505974091389,-3.37883066923909,               751P   4446
0.966320154579698,-0.805220611366593,-3.36995559654085,              751P   4447
1.04350465024437,-0.68818460090181,-3.36136050316725,                751P   4448
1.12069726406207,-0.57113628075961,-3.35276450577422,                751P   4449
1.17869052551644,-0.439130709554581,-3.34377932722239,               751P   4450
1.21268378019943,-0.303146910327666,-3.33451838606227,               751P   4451
1.24666895533281,-0.167195431861568,-3.3252596460516,                751P   4452
1.25761548750819,-0.0235027342365496,-3.31570759097932,              751P   4453
1.24459972468232,0.116066900194165,-3.30708042716457,                751P   4454
1.23157894424552,0.255690339087505,-3.2984499375554,                 751P   4455
1.19420838906028,0.394999616039295,-3.28992188189614,                751P   4456
1.13561502271537,0.522377756210259,-3.28095764241709,                751P   4457
1.0770425628281,0.649710447111832,-3.27199660143139,                 751P   4458
0.99566115551405,0.768636698036843,-3.26234059421105,                751P   4459
0.898186482815114,0.869345180056929,-3.25333296874846,               751P   4460
0.8006813664326,0.970085115756985,-3.24432252998789,                 751P   4461
0.684362949369925,1.05537067991607,-3.23590554459966,                751P   4462
0.558948017781652,1.11806847438695,-3.22712762483056,                751P   4463
0.433570595816848,1.18074751693864,-3.2183523303985,                 751P   4464
0.295656069569613,1.22258995331921,-3.20891472120716,                751P   4465
0.156622308983992,1.24014896376545,-3.19961629791741,                751P   4466
0.0175821926501387,1.2577087768991,-3.19031744956229,                751P   4467
-0.126454373511718,1.25146442942716,-3.18151358215084,               751P   4468
-0.263496681696927,1.22191223037283,-3.17296707020295,               751P   4469
-0.400558089084439,1.19235591271137,-3.16441936715165,               751P   4470
-0.534378603830319,1.13867783359404,-3.15548746491558,               751P   4471
-0.653843837459571,1.06535826660149,-3.14628053349751,               751P   4472
-0.773287766611576,0.992051774835933,-3.13707524397019,              751P   4473
-0.881696924536116,0.897084945437325,-3.12761125117302,              751P   4474
-0.970100210794255,0.788292826947538,-3.11897613479911,              751P   4475
-1.05853634628406,0.679460283065725,-3.11033780975559,               751P   4476
-1.12935816709596,0.553812279059192,-3.10170107661418,               751P   4477
-1.17667291165696,0.421830367532667,-3.09263557582015,               751P   4478
-1.22396704289962,0.289905955738688,-3.08357402453605,               751P   4479
-1.24909251823585,0.148020996654892,-3.07382877311023,               751P   4480
-1.24997520822496,0.00787266301560296,-3.06485311573189,             751P   4481
-1.25085817032259,-0.132318874415962,-3.05587469141065,              751P   4482
-1.22748915674797,-0.274643906302158,-3.04751418408965,              751P   4483
-1.18181362746598,-0.407205783278807,-3.03878757592719,              751P   4484
-1.13614816487859,-0.539738444175122,-3.03006289107247,              751P   4485
-1.06694100971825,-0.666166484670006,-3.02067992004474,              751P   4486
-0.979934598430122,-0.776033622209405,-3.01143560898055,             751P   4487
-0.892920366636046,-0.885910635073966,-3.0021904669984,              751P   4488
-0.785671495639921,-0.982281044453587,-2.9934328381343,              751P   4489
-0.667107667529466,-1.05710328725409,-2.98482134656083,              751P   4490
-0.548539380306967,-1.13192834407273,-2.97620953111451,              751P   4491
-0.41540736719935,-1.18725813454741,-2.96714646266531,               751P   4492
-0.278776330827386,-1.21851703203953,-2.95786031946305,              751P   4493
-0.142171742039284,-1.2497698787665,-2.94857597377369,               751P   4494
0.00171968548144625,-1.25783425394468,-2.93913085310076,             751P   4495
0.141003327268522,-1.2420217637784,-2.93054100638175,                751P   4496
0.280337742866092,-1.22620350940055,-2.92194802836,                  751P   4497
0.418863914361146,-1.18604803296855,-2.91336339172483,               751P   4498
0.545037223157672,-1.12491529697688,-2.90435114726128,               751P   4499
0.671167742557314,-1.06380329304755,-2.89534195913753,               751P   4500
0.788438177227717,-0.980056305780279,-2.88565324178694,              751P   4501
0.887176398580675,-0.880578240590479,-2.87672975541224,              751P   4502
0.985948534867614,-0.781066006342666,-2.86780320396865,              751P   4503
1.06888584123255,-0.663056186681972,-2.85937723012177,               751P   4504
1.12905600381721,-0.536407065803875,-2.85055369864658,               751P   4505
1.18920480871331,-0.409802899640244,-2.84173329912632,               751P   4506
1.22827165183139,-0.271084952436164,-2.83222864841322,               751P   4507
1.2430396575668,-0.131728545562625,-2.82295551852029,                751P   4508
1.25780908973087,0.00764132162346865,-2.81368149294392,              751P   4509
1.24867598072074,0.151535753002885,-2.80499907572052,                751P   4510
1.21637935627007,0.287960520974665,-2.79643669934196,                751P   4511
1.18408012543898,0.424396298606137,-2.78787363196827,                751P   4512
1.12773258604453,0.557104363194495,-2.77886405965317,                751P   4513
1.05203588154654,0.67507073995145,-2.76963201025928,                 751P   4514
0.976349716405739,0.793020692086102,-2.76040124625644,               751P   4515
0.879222797637038,0.899510396496287,-2.7510430480515,                751P   4516
0.768677186803955,0.985715670204729,-2.74243418536492,               751P   4517
0.658094854175404,1.07194958016933,-2.73382246292757,                751P   4518
0.531059303648464,1.1402332620148,-2.72512321815286,                 751P   4519
0.398162486440091,1.18489097996065,-2.71601138604037,                751P   4520
0.265318985747703,1.22953078179697,-2.70690320947925,                751P   4521
0.122959452878266,1.25180874289727,-2.69713988328077,                751P   4522
-0.0171849119436498,1.24988186593833,-2.68825671839939,              751P   4523
-0.157376544259032,1.24795433908781,-2.67937055742938,               751P   4524
-0.299208120603962,1.22173398426543,-2.67099480631098,               751P   4525
-0.430828908523532,1.17340804990439,-2.66222296252762,               751P   4526
-0.562414036368255,1.12509520850886,-2.65345349530356,               751P   4527
-0.687422926573514,1.05337097348921,-2.64400372966435,               751P   4528
-0.795523109854056,0.964179952959058,-2.63478460277948,              751P   4529
-0.903638433784639,0.874976440220406,-2.62556418465191,              751P   4530
-0.997845784705871,0.765807050918325,-2.6169133728541,               751P   4531
-1.0702756930431,0.645763068687819,-2.60827874648816,                751P   4532
-1.14270328800761,0.525722920598208,-2.59964439590759,               751P   4533
-1.19534803153977,0.39151813691689,-2.59050299212666,                751P   4534
-1.22386047386744,0.25429420069081,-2.58119828177117,                751P   4535
-1.25236869140688,0.117090597414905,-2.57189495012713,               751P   4536
-1.25754715691785,-0.0269430041618235,-2.56257010147557,             751P   4537
-1.23894405729885,-0.16588436600194,-2.55400728339815,               751P   4538
-1.22033479663031,-0.304871743002523,-2.54544162945211,              751P   4539
-1.17741156612282,-0.442557471956002,-2.53679475861972,              751P   4540
-1.11376513751829,-0.567474420964535,-2.52773639497373,              751P   4541
-1.0501385716284,-0.692352386014868,-2.51868085825294,               751P   4542
-0.964058866506225,-0.80792150277989,-2.50898466324354,              751P   4543
-0.862617600468055,-0.904649587057185,-2.50014181053801,             751P   4544
-0.761138836764739,-1.00141342677658,-2.4912956890806,               751P   4545
-0.641486807998319,-1.0819683030144,-2.48284311588518,               751P   4546
-0.513655495248444,-1.13958678133834,-2.47397178784986,              751P   4547
-0.385875447246271,-1.19718215267315,-2.46510401752182,              751P   4548
-0.246409061403672,-1.23345890015008,-2.45553734049452,              751P   4549
-0.106784687962875,-1.24543045988793,-2.44630040832354,              751P   4550
0.0328601226809732,-1.25740377193587,-2.43706212411742,              751P   4551
0.176554130314666,-1.24538520783318,-2.42848803808752,               751P   4552
0.312306543036426,-1.21035722957176,-2.41990302700047,               751P   4553
0.448061609945327,-1.17532856645468,-2.41131784806207,               751P   4554
0.579604197553089,-1.11633487455609,-2.40223016574671,               751P   4555
0.696025010194836,-1.03829147409736,-2.39297961131528,               751P   4556
0.812434456998246,-0.960255692797555,-2.3837299599896,               751P   4557
0.916962461477444,-0.861006570441666,-2.3744884013592,               751P   4558
1.00093484952187,-0.74875191286075,-2.36589605503808,                751P   4559
1.08493102273458,-0.636465459162284,-2.35730127493595,               751P   4560
1.15064906487273,-0.508094855267077,-2.34853470979477,               751P   4561
1.19263219235754,-0.374337352868291,-2.33937924136358,               751P   4562
1.23460011662684,-0.240628287645521,-2.33022708837286,               751P   4563
1.25402201493092,-0.0978493980627463,-2.32047753901102,              751P   4564
1.24928631999206,0.0422337623317124,-2.31167617196196,               751P   4565
1.24454890794092,0.182367715380215,-2.30287161363143,                751P   4566
1.21548839468864,0.323647448201496,-2.29446969369753,                751P   4567
1.16453231570415,0.454273580214323,-2.28565040986996,                751P   4568
1.11359215405994,0.584858908055502,-2.27683388095494,                751P   4569
1.03937996039724,0.708399695005963,-2.26732233679268,                751P   4570
0.948039615422194,0.814690669880378,-2.25813924701194,               751P   4571
0.856682007304341,0.921001733536793,-2.24895442164557,               751P   4572
0.745636242441044,1.01300747703939,-2.24039542663804,                751P   4573
0.62416048644615,1.08301601426724,-2.23173163679352,                 751P   4574
0.502697157076366,1.15301738982041,-2.22306873323011,                751P   4575
0.367473607147993,1.20295674963042,-2.21384946574769,                751P   4576
0.229711240777277,1.22871182376527,-2.2045335960982,                 751P   4577
0.0919628212727422,1.25446429049301,-2.19521866957411,               751P   4578
-0.0521561216732161,1.25675427049627,-2.186023095944,                751P   4579
-0.190699184024905,1.23536788901616,-2.1774775101763,                751P   4580
-0.32928247421216,1.21397529771346,-2.16892944308321,                751P   4581
-0.466071641044773,1.16830236793429,-2.16021550046307,               751P   4582
-0.589681913097463,1.10216842695013,-2.15111367505495,               751P   4583
-0.713257392221057,1.03605310087135,-2.14201441156309,               751P   4584
-0.82708035951303,0.947674010515262,-2.13234119984609,               751P   4585
-0.921758774466313,0.844310820547954,-2.12356733633344,              751P   4586
-1.01647400112729,0.740907442164547,-2.11479006147408,               751P   4587
-1.09461342572467,0.619662929785635,-2.10630201885532,               751P   4588
-1.14965709582591,0.490702111282522,-2.09738153404272,               751P   4589
-1.2046768489373,0.36179732746211,-2.08846492526426,                 751P   4590
-1.23815002297925,0.221637545045235,-2.07884214148715,               751P   4591
-1.24732064213101,0.0817998515517789,-2.06965292720427,              751P   4592
-1.25649303818327,-0.0580649369136116,-2.06046193241789,             751P   4593
-1.24159347268487,-0.201499922937265,-2.0519785875241,               751P   4594
-1.20384827826754,-0.336525367412737,-2.04336488161024,              751P   4595
-1.16610470699701,-0.47154500542408,-2.03475154610935,               751P   4596
-1.10448911609156,-0.601869656265198,-2.02558622737084,              751P   4597
-1.02413024735007,-0.716698846422058,-2.01632454977306,              751P   4598
-0.943775668345707,-0.831521906738502,-2.00706336658446,             751P   4599
-0.842443133913861,-0.934046479757119,-1.99794504215191,             751P   4600
-0.728524445297698,-1.01575200349479,-1.98936000655611,              751P   4601
-0.614579831674459,-1.09747612133942,-1.98077301722374,              751P   4602
-0.484926662590231,-1.16060222095086,-1.97193516562481,              751P   4603
-0.350362469191057,-1.19989422041376,-1.96273954546822,              751P   4604
-0.215841473168758,-1.23917360648178,-1.95354687726087,              751P   4605
-0.0726986451944339,-1.25573163734775,-1.94384052387762,             751P   4606
0.0672661488143568,-1.24818879390246,-1.93510922155101,              751P   4607
0.207284302970645,-1.24064307482519,-1.9263745905046,                751P   4608
0.34795379853985,-1.20875465912192,-1.91793760161683,                751P   4609
0.477531849142221,-1.15518973898439,-1.90906949685913,               751P   4610
0.60706558003953,-1.10164313970792,-1.90020442526783,                751P   4611
0.729089932661029,-1.0249727929827,-1.89063702008185,                751P   4612
0.833530070129137,-0.931518986489548,-1.88150143218868,              751P   4613
0.937994771423365,-0.838043200103337,-1.87236369564847,              751P   4614
1.02776087503887,-0.725166200857395,-1.86387718168068,               751P   4615
1.09531981629502,-0.602307645669088,-1.85517893131174,               751P   4616
1.16286713649635,-0.479470223819746,-1.84648217715992,               751P   4617
1.2100817549386,-0.343282116179878,-1.83718643057064,                751P   4618
1.23306946290712,-0.205035849660316,-1.82786756360584,               751P   4619
1.25605595977091,-0.0667968666292624,-1.81854918760446,              751P   4620
1.25545580014362,0.0773503113180301,-1.80948750181289,               751P   4621
1.23129440661031,0.215439282049861,-1.80094988952465,                751P   4622
1.20712712568641,0.353561900828802,-1.79241019688213,                751P   4623
1.15872336876229,0.489399042961165,-1.78362519806292,                751P   4624
1.0901286913249,0.611653035920088,-1.77448336734385,                 751P   4625
1.02155105753903,0.733876652550539,-1.76534380808641,                751P   4626
0.930906588513836,0.845908970640838,-1.75572032806651,               751P   4627
0.82566323228312,0.938498922138854,-1.74700409538221,                751P   4628
0.720378031288753,1.03112568740617,-1.73828439712337,                751P   4629
0.597591587942726,1.10681730850659,-1.72975281166081,                751P   4630
0.467554595232759,1.15926386145567,-1.72078264216723,                751P   4631
0.337576467310835,1.21168667304348,-1.71181653326529,                751P   4632
0.196778383634742,1.2423436633857,-1.70214446055175,                 751P   4633
0.0567820109407274,1.24870965529763,-1.69301506839254,               751P   4634
-0.0832476027278965,1.25507715876141,-1.68388350853509,              751P   4635
-0.226364632444504,1.23730210263681,-1.67546888324542,               751P   4636
-0.360608646955166,1.19685479643153,-1.66682115644738,               751P   4637
-0.494838492945696,1.15641175915753,-1.65817434235664,               751P   4638
-0.623893283919566,1.09219933822564,-1.64893277364231,               751P   4639
-0.737085384624729,1.00955690071071,-1.63966810570162,               751P   4640
-0.850276736191828,0.926915010147341,-1.63040349907717,              751P   4641
-0.950756580815505,0.82353870313106,-1.62141070186484,               751P   4642
-1.03016205411745,0.708001512891404,-1.61282434276452,               751P   4643
-1.10958077017462,0.592445054071552,-1.60423655168417,               751P   4644
-1.17008963042896,0.461561928844607,-1.59532431085509,               751P   4645
-1.2066748597825,0.326244973553437,-1.58609282155651,                751P   4646
-1.24324989063939,0.190965739209763,-1.57686390562742,               751P   4647
-1.25693695943851,0.0475146467518002,-1.56722629059073,              751P   4648
-1.24658949132146,-0.0922748076503333,-1.55855361179233,             751P   4649
-1.23623798925865,-0.232118758772882,-1.5498775519624,               751P   4650
-1.20153497795947,-0.372119515304662,-1.54139739386871,              751P   4651
-1.1453835445905,-0.500596180350292,-1.53247991978363,               751P   4652
-1.08925217903077,-0.62902692946731,-1.52356563269056,               751P   4653
-1.01015415036283,-0.749487071272865,-1.51394918221079,              751P   4654
-0.914623331874579,-0.852035304896836,-1.50487314054584,             751P   4655
-0.819066030311937,-0.954611966964554,-1.49579458281864,             751P   4656
-0.704403963885443,-1.0421009095819,-1.48735691991534,               751P   4657
-0.580212198573517,-1.10718282348783,-1.47861966609373,              751P   4658
-0.456050150111386,-1.17224916446543,-1.46988450293939,              751P   4659
-0.318951863987068,-1.21672064303057,-1.46051457584315,              751P   4660
-0.180276268581498,-1.23693187645331,-1.45120160830852,              751P   4661
-0.0416010495529279,-1.25714305502111,-1.44188866605005,             751P   4662
0.102516962458937,-1.25365202846569,-1.43296104129228,               751P   4663
0.240096254549056,-1.22672482185351,-1.42442271960258,               751P   4664
0.377701985153153,-1.19979244065932,-1.41588275710971,               751P   4665
0.512532195243067,-1.14867756229769,-1.40702358780434,               751P   4666
0.633380933144954,-1.07764956898262,-1.39784601054174,               751P   4667
0.754203870153388,-1.00663673996069,-1.38867039266818,               751P   4668
0.864401383856136,-0.913761610710296,-1.37911954741044,              751P   4669
0.954864825554089,-0.806680336266825,-1.37044992595815,              751P   4670
1.04536377724604,-0.699557028761809,-1.361776901383,                 751P   4671
1.11857595512846,-0.575280075361583,-1.35319452094627,               751P   4672
1.16840394551425,-0.444220913630593,-1.34417497972063,               751P   4673
1.21820935467753,-0.313221145747693,-1.33515952600215,               751P   4674
1.24603843756857,-0.171839985777734,-1.32544587920639,               751P   4675
1.24959697299727,-0.0317396451784829,-1.31638896126357,              751P   4676
1.25315649169436,0.108399406918522,-1.30732954077967,                751P   4677
1.23251261604303,0.25113919725279,-1.29895723072104,                 751P   4678
1.1893793527951,0.384547467999337,-1.29027091426884,                 751P   4679
1.1462532609077,0.517933558212032,-1.28158604200849,                 751P   4680
1.07946993261394,0.645667155100647,-1.27227052540234,                751P   4681
0.994576531750636,0.757177338865121,-1.26301173084992,               751P   4682
0.909679547798173,0.868692229131231,-1.25375254551228,               751P   4683
0.804300039010718,0.967086532931574,-1.24488322255597,               751P   4684
0.687190449088688,1.04415960785758,-1.23628751326884,                751P   4685
0.570068910306841,1.12124054666021,-1.22769092694913,                751P   4686
0.438008668446407,1.17910790171379,-1.21870207512573,                751P   4687
0.301992924232953,1.21297167061446,-1.20943979940221,                751P   4688
0.16600922695064,1.24682746080739,-1.2001797059813,                  751P   4689
0.0223058230155528,1.25763730334891,-1.19063236182347,               751P   4690
-0.117251513953311,1.24448868314487,-1.18200720842142,               751P   4691
-0.256862567906451,1.23133500190829,-1.17337873511344,               751P   4692
-0.396135998657875,1.19383189261417,-1.16484813322088,               751P   4693
-0.523458144018604,1.13511742628711,-1.15588158359033,               751P   4694
-0.650734916386136,1.07642388366562,-1.14691822931276,               751P   4695
-0.769583624483094,0.994929457290306,-1.13726044802159,              751P   4696
-0.870199484728994,0.897358822755642,-1.12825653814065,              751P   4697
-0.97084693185668,0.799757557343389,-1.11924980161353,               751P   4698
-1.05602184315803,0.683357750297922,-1.11083312052647,               751P   4699
-1.11860022919558,0.557883076677891,-1.10205309734062,               751P   4700
-1.18115972180521,0.432446285893329,-1.09327572498592,               751P   4701
-1.22287076697101,0.294492385963836,-1.08383483387468,               751P   4702
-1.24029744867715,0.155442075400906,-1.0745373739838,                751P   4703
-1.25772496922321,0.0163850715987118,-1.06523946655617,              751P   4704
-1.25134345797565,-0.127646061808539,-1.05644159388965,              751P   4705
-1.22166072383993,-0.264660302703094,-1.04789449217757,              751P   4706
-1.19197393350347,-0.401693266848148,-1.03934622248817,              751P   4707
-1.13816864441195,-0.535462189602543,-1.0304106572326,               751P   4708
-1.06473557794258,-0.654857350163589,-1.02120239566754,              751P   4709
-0.991315474534392,-0.774231434023829,-1.0119957596271,              751P   4710
-0.896245280205995,-0.882550453826072,-1.00253648109492,             751P   4711
-0.787368941561994,-0.970850220097594,-0.993902838237264,            751P   4712
-0.678452310749858,-1.05918266370813,-0.985266000303491,             751P   4713
-0.55273725001416,-1.12988466508172,-0.97662642027774,               751P   4714
-0.420710671298642,-1.17707371521731,-0.967558670217946,             751P   4715
-0.288741433682572,-1.22424227044919,-0.958494858416365,             751P   4716
-0.146832694437478,-1.24923279687265,-0.948748250458714,             751P   4717
-0.00668327619817882,-1.24998213340002,-0.939776961478895,           751P   4718
0.133509550957816,-1.25073170202172,-0.930802893793742,              751P   4719
0.275812497429217,-1.22722711863135,-0.92244217999361,               751P   4720
0.40833092065809,-1.18142535068218,-0.91371348664402,                751P   4721
0.540819797573127,-1.13563379469734,-0.904986739444307,              751P   4722
0.667181597157608,-1.06630652351241,-0.895600498059615,              751P   4723
0.776965834616917,-0.979195635119908,-0.886357146321438,             751P   4724
0.886760202165359,-0.892076708769644,-0.877112941674146,             751P   4725
0.983028825390024,-0.784735700776996,-0.868360657639348,             751P   4726
1.05773818937031,-0.66610053501526,-0.859748214798174,               751P   4727
1.13245011921879,-0.547461294768319,-0.851135476165521,              751P   4728
1.18765294365477,-0.41427714728054,-0.842068692430893,               751P   4729
1.21878174656387,-0.277616739845983,-0.83278151179969,               751P   4730
1.24990458998444,-0.14098249551621,-0.823496109163186,               751P   4731
1.25783206297592,0.00291696089081602,-0.814056429521987,             751P   4732
1.24188697050009,0.142185626918193,-0.805468094574918,               751P   4733
1.22593608752031,0.281504868742496,-0.796876640750527,               751P   4734
1.18564884884379,0.419992429982231,-0.78828917198997,                751P   4735
1.12439622174566,0.546107257344277,-0.77927469018743,                751P   4736
1.06316429531265,0.672179463500818,-0.770263254879022,               751P   4737
0.979305846213326,0.789370166624947,-0.760573440972593,              751P   4738
0.879733675491927,0.888013885142268,-0.751654048555098,              751P   4739
0.78012716866835,0.986691619597714,-0.742731580407033,               751P   4740
0.662038292391861,1.06951660451538,-0.734304556020714,               751P   4741
0.535331879246547,1.12956619065124,-0.725478798859501,               751P   4742
0.408670749128224,1.18959431593945,-0.716656195895379,               751P   4743
0.269916034752354,1.22852904991076,-0.707148480646335,               751P   4744
0.1305456734074,1.24316444091456,-0.697876817350447,                 751P   4745
-0.0088384837332357,1.2578012806257,-0.688604236284303,              751P   4746
-0.152724722260283,1.24853113303096,-0.679927292836275,              751P   4747
-0.289118815103467,1.21610456407053,-0.671363989670893,              751P   4748
-0.425523525912761,1.18367547077635,-0.662800019872076,              751P   4749
-0.558177466737618,1.12720180030023,-0.653786742902649,              751P   4750
-0.676071535778669,1.05139301810021,-0.644553659568312,              751P   4751
-0.793949416179902,0.975594645593233,-0.635321844076045,             751P   4752
-0.900346961665362,0.878366135333101,-0.625968970175183,             751P   4753
-0.98644703520698,0.767738397327734,-0.61736110750079,               751P   4754
-1.07257552582564,0.657074146961518,-0.608750403826539,              751P   4755
-1.14073804401686,0.52997404455417,-0.600048065967133,               751P   4756
-1.18526920435914,0.397035153604987,-0.590934095652106,              751P   4757
-1.22978257884795,0.264149358771341,-0.581823765478933,              751P   4758
-1.25192516811779,0.121768672672603,-0.572060372634018,              751P   4759
-1.24986494994754,-0.0183740820894293,-0.563181359084326,            751P   4760
-1.24780403422555,-0.158564286594693,-0.554299339264965,             751P   4761
-1.22144861374143,-0.300370989091772,-0.54592255876668,              751P   4762
-1.17299737679991,-0.43194577671338,-0.537148506676689,              751P   4763
-1.12455937307496,-0.563484628045859,-0.528376850994691,             751P   4764
-1.05271638661397,-0.68842493819794,-0.518924032600351,              751P   4765
-0.963422549059866,-0.796440199866248,-0.509706365882665,            751P   4766
-0.874115993950032,-0.904470845464149,-0.500487386351089,            751P   4767
-0.764856539346727,-0.99857456734744,-0.491841305947931,             751P   4768
-0.644743501613715,-1.07089019844561,-0.483205425974828,             751P   4769
-0.524634700365054,-1.14320327891277,-0.474569850596222,             751P   4770
-0.390380339789809,-1.19572006694354,-0.465424733259461,             751P   4771
-0.253129615849308,-1.2241018738569,-0.456119319765159,              751P   4772
-0.11589892805766,-1.25247953753451,-0.446815264694656,              751P   4773
0.0281400109482049,-1.25752095591578,-0.437496382818783,             751P   4774
0.167063732512446,-1.23878557841097,-0.428934600012827,              751P   4775
0.306033215572059,-1.22004402946992,-0.42036999695429,               751P   4776
0.443677653353856,-1.17698987365563,-0.411720045343333,              751P   4777
0.568533714077576,-1.11322478231368,-0.402659552485658,              751P   4778
0.693350982759977,-1.04947950240935,-0.393601874669651,              751P   4779
0.80883823176026,-0.963289901387901,-0.383906110710206,              751P   4780
0.905469919103562,-0.861756476969328,-0.375066793663126,             751P   4781
1.00213743192882,-0.760185409786109,-0.366224199504758,              751P   4782
1.08257840333428,-0.640456665510615,-0.357770137124129,              751P   4783
1.14007518832441,-0.512570546331985,-0.34889650014504,               751P   4784
1.19754880612364,-0.384735956332534,-0.340026438622247,              751P   4785
1.23369278365181,-0.245235414902661,-0.330456957653495,              751P   4786
1.24553149589724,-0.105599681476732,-0.321222025187549,              751P   4787
1.25737196893422,0.0340568202063267,-0.311985719194589,              751P   4788
1.24521655164643,0.177739867682412,-0.30341637247115,                751P   4789
1.21005927379296,0.31345901471747,-0.294830130307336,                751P   4790
1.17489749146424,0.449195550571481,-0.286242788043692,               751P   4791
1.11576933342157,0.580695866872356,-0.277150280204753,               751P   4792
1.03760217204656,0.697052173487944,-0.26789796467376,0.0,1.0,        751P   4793
0.0,0.0,0.0,0,0;                                                     751P   4794
126,1,1,0,0,1,0,0.0,0.0,1.0,1.0,1.0,1.0,1.03760217204656,            753P   4795
0.697052173487944,-0.26789796467376,1.24512260645587,                753P   4796
0.836462608185533,-0.412356717383113,0.0,1.0,0.0,0.0,0.0,0,0;        753P   4797
102,4,747,749,751,753,0,0;                                           755P   4798
142,0,735,745,755,3,0,0;                                             757P   4799
144,735,1,0,757,0,0;                                                 759P   4800
128,1,1,1,1,0,0,1,0,0,0.0,0.0,1.0,1.0,0.0,0.0,1.0,1.0,1.0,1.0,       761P   4801
1.0,1.0,1.2915558592401,0.867656066186417,-0.415063628751654,        761P   4802
1.2915558592401,0.867656066186417,0.0415020887421069,                761P   4803
1.03760217204656,0.697052173487944,-0.415063628751654,               761P   4804
1.03760217204656,0.697052173487944,0.0415020887421069,0.0,1.0,       761P   4805
0.0,1.0,0,0;                                                         761P   4806
126,1,1,1,0,1,0,0.0,0.0,1.0,1.0,1.0,1.0,0.909099419531704,           763P   4807
0.182841420013879,0.0,0.00592885375494026,0.18284142001388,0.0,      763P   4808
0.0,1.0,0.0,0.0,1.0,0,0;                                             763P   4809
126,1,1,1,0,1,0,0.0,0.0,1.0,1.0,1.0,1.0,0.00592885375494074,         765P   4810
0.18284142001388,0.0,0.322331831846103,1.0,0.0,0.0,1.0,0.0,0.0,      765P   4811
1.0,0,0;                                                             765P   4812
126,1,1,1,0,1,0,0.0,0.0,1.0,1.0,1.0,1.0,0.322331831846102,1.0,       767P   4813
0.0,0.606872154714509,1.0,0.0,0.0,1.0,0.0,0.0,1.0,0,0;               767P   4814
126,1,1,1,0,1,0,0.0,0.0,1.0,1.0,1.0,1.0,0.606872154714509,1.0,       769P   4815
0.0,0.994071146245059,0.0,0.0,0.0,1.0,0.0,0.0,1.0,0,0;               769P   4816
126,1,1,1,0,1,0,0.0,0.0,1.0,1.0,1.0,1.0,0.994071146245059,0.0,       771P   4817
0.0,0.909099419531704,0.0,0.0,0.0,1.0,0.0,0.0,1.0,0,0;               771P   4818
126,1,1,1,0,1,0,0.0,0.0,1.0,1.0,1.0,1.0,0.909099419531704,0.0,       773P   4819
0.0,0.909099419531704,0.182841420013879,0.0,0.0,1.0,0.0,0.0,1.0,     773P   4820
0,0;                                                                 773P   4821
102,6,763,765,767,769,771,773,0,0;                                   775P   4822
110,1.24512260645587,0.836462608185533,0.0,1.24512260645587,         777P   4823
0.836462608185533,-0.412356717383114,0,0;                            777P   4824
126,1,1,0,0,1,0,0.0,0.0,1.0,1.0,1.0,1.0,1.24512260645587,            779P   4825
0.836462608185533,-0.412356717383113,1.03760217204656,               779P   4826
0.697052173487944,-0.267897964673759,0.0,1.0,0.0,0.0,0.0,0,0;        779P   4827
110,1.03760217204656,0.697052173487944,-0.26789796467376,            781P   4828
1.03760217204656,0.697052173487944,-0.137986608007439,0,0;           781P   4829
126,1,1,0,0,1,0,0.0,0.0,1.0,1.0,1.0,1.0,1.03760217204656,            783P   4830
0.697052173487944,-0.137986608007439,1.2915558592401,                783P   4831
0.867656066186417,0.0387951773735669,0.0,1.0,0.0,0.0,0.0,0,0;        783P   4832
126,1,1,0,0,1,0,0.0,0.0,1.0,1.0,1.0,1.0,1.2915558592401,             785P   4833
0.867656066186417,0.0387951773735669,1.2915558592401,                785P   4834
0.867656066186417,1.38777878078145E-017,0.0,1.0,0.0,0.0,0.0,0,0;     785P   4835
110,1.2915558592401,0.867656066186418,0.0,1.24512260645587,          787P   4836
0.836462608185533,0.0,0,0;                                           787P   4837
102,6,777,779,781,783,785,787,0,0;                                   789P   4838
142,0,761,775,789,3,0,0;                                             791P   4839
144,761,1,0,791,0,0;                                                 793P   4840
128,99,1,3,1,0,0,1,0,0,0.0,0.0,0.0,0.0,0.0103356050098252,           795P   4841
0.0206712100196503,0.0310068150294755,0.0413424200393007,            795P   4842
0.0516780250491258,0.062013630058951,0.0723492350687761,             795P   4843
0.0826848400786013,0.0930204450884265,0.103356050098252,             795P   4844
0.113691655108077,0.124027260117902,0.134362865127727,               795P   4845
0.144698470137552,0.155034075147377,0.165369680157203,               795P   4846
0.175705285167028,0.186040890176853,0.196376495186678,               795P   4847
0.206712100196503,0.217047705206328,0.227383310216154,               795P   4848
0.237718915225979,0.248054520235804,0.258390125245629,               795P   4849
0.268725730255454,0.279061335265279,0.289396940275105,               795P   4850
0.29973254528493,0.310068150294755,0.32040375530458,                 795P   4851
0.330739360314405,0.34107496532423,0.351410570334056,                795P   4852
0.361746175343881,0.372081780353706,0.382417385363531,               795P   4853
0.392752990373356,0.403088595383181,0.413424200393007,               795P   4854
0.423759805402832,0.434095410412657,0.444431015422482,               795P   4855
0.454766620432307,0.465102225442132,0.475437830451958,               795P   4856
0.485773435461783,0.496109040471608,0.506444645481433,               795P   4857
0.516780250491258,0.527115855501083,0.537451460510909,               795P   4858
0.547787065520734,0.558122670530559,0.568458275540384,               795P   4859
0.578793880550209,0.589129485560034,0.59946509056986,                795P   4860
0.609800695579685,0.62013630058951,0.630471905599335,                795P   4861
0.64080751060916,0.651143115618985,0.66147872062881,                 795P   4862
0.671814325638636,0.682149930648461,0.692485535658286,               795P   4863
0.702821140668111,0.713156745677936,0.723492350687761,               795P   4864
0.733827955697587,0.744163560707412,0.754499165717237,               795P   4865
0.764834770727062,0.775170375736887,0.785505980746712,               795P   4866
0.795841585756538,0.806177190766363,0.816512795776188,               795P   4867
0.826848400786013,0.837184005795838,0.847519610805663,               795P   4868
0.857855215815489,0.868190820825314,0.878526425835139,               795P   4869
0.888862030844964,0.899197635854789,0.909533240864614,               795P   4870
0.91986884587444,0.930204450884265,0.94054005589409,                 795P   4871
0.950875660903915,0.96121126591374,0.971546870923565,                795P   4872
0.981882475933391,0.992218080943216,1.0,1.0,1.0,1.0,0.0,0.0,1.0,     795P   4873
1.0,1.0,1.0,1.0,1.0,1.0,1.0,1.0,1.0,1.0,1.0,1.0,1.0,1.0,1.0,1.0,     795P   4874
1.0,1.0,1.0,1.0,1.0,1.0,1.0,1.0,1.0,1.0,1.0,1.0,1.0,1.0,1.0,1.0,     795P   4875
1.0,1.0,1.0,1.0,1.0,1.0,1.0,1.0,1.0,1.0,1.0,1.0,1.0,1.0,1.0,1.0,     795P   4876
1.0,1.0,1.0,1.0,1.0,1.0,1.0,1.0,1.0,1.0,1.0,1.0,1.0,1.0,1.0,1.0,     795P   4877
1.0,1.0,1.0,1.0,1.0,1.0,1.0,1.0,1.0,1.0,1.0,1.0,1.0,1.0,1.0,1.0,     795P   4878
1.0,1.0,1.0,1.0,1.0,1.0,1.0,1.0,1.0,1.0,1.0,1.0,1.0,1.0,1.0,1.0,     795P   4879
1.0,1.0,1.0,1.0,1.0,1.0,1.0,1.0,1.0,1.0,1.0,1.0,1.0,1.0,1.0,1.0,     795P   4880
1.0,1.0,1.0,1.0,1.0,1.0,1.0,1.0,1.0,1.0,1.0,1.0,1.0,1.0,1.0,1.0,     795P   4881
1.0,1.0,1.0,1.0,1.0,1.0,1.0,1.0,1.0,1.0,1.0,1.0,1.0,1.0,1.0,1.0,     795P   4882
1.0,1.0,1.0,1.0,1.0,1.0,1.0,1.0,1.0,1.0,1.0,1.0,1.0,1.0,1.0,1.0,     795P   4883
1.0,1.0,1.0,1.0,1.0,1.0,1.0,1.0,1.0,1.0,1.0,1.0,1.0,1.0,1.0,1.0,     795P   4884
1.0,1.0,1.0,1.0,1.0,1.0,1.0,1.0,1.0,1.0,1.0,1.0,1.0,1.0,1.0,1.0,     795P   4885
1.0,1.0,1.0,1.0,1.0,1.0,1.0,1.0,1.0,1.55724453058578,0.0,            795P   4886
-6.00826253628583,1.55724453058578,0.407685664760932,                795P   4887
-5.9874292029525,1.21981123741238,1.21981123741238,                  795P   4888
-5.94576253628583,1.11022302462516E-016,1.72596117717249,            795P   4889
-5.88326253628583,-1.21981123741238,1.21981123741238,                795P   4890
-5.82076253628583,-1.72596117717249,1.11022302462516E-016,           795P   4891
-5.75826253628583,-1.21981123741238,-1.21981123741238,               795P   4892
-5.69576253628583,-2.22044604925031E-016,-1.72596117717249,          795P   4893
-5.63326253628583,1.21981123741238,-1.21981123741238,                795P   4894
-5.57076253628583,1.72596117717249,-3.33066907387547E-016,           795P   4895
-5.50826253628583,1.21981123741238,1.21981123741238,                 795P   4896
-5.44576253628583,-1.11022302462516E-016,1.72596117717249,           795P   4897
-5.38326253628583,-1.21981123741238,1.21981123741238,                795P   4898
-5.32076253628583,-1.72596117717249,6.66133814775094E-016,           795P   4899
-5.25826253628583,-1.21981123741238,-1.21981123741238,               795P   4900
-5.19576253628583,-5.55111512312578E-016,-1.72596117717249,          795P   4901
-5.13326253628583,1.21981123741238,-1.21981123741238,                795P   4902
-5.07076253628583,1.72596117717249,-9.99200722162641E-016,           795P   4903
-5.00826253628583,1.21981123741238,1.21981123741238,                 795P   4904
-4.94576253628583,7.7715611723761E-016,1.72596117717249,             795P   4905
-4.88326253628583,-1.21981123741238,1.21981123741238,                795P   4906
-4.82076253628583,-1.72596117717249,1.11022302462516E-015,           795P   4907
-4.75826253628583,-1.21981123741238,-1.21981123741238,               795P   4908
-4.69576253628583,-5.88418203051333E-015,-1.72596117717249,          795P   4909
-4.63326253628583,1.21981123741238,-1.21981123741238,                795P   4910
-4.57076253628583,1.72596117717249,-1.11022302462516E-015,           795P   4911
-4.50826253628583,1.21981123741238,1.21981123741238,                 795P   4912
-4.44576253628583,-3.5527136788005E-015,1.72596117717248,            795P   4913
-4.38326253628583,-1.21981123741238,1.21981123741239,                795P   4914
-4.32076253628583,-1.72596117717249,1.33226762955019E-015,           795P   4915
-4.25826253628583,-1.21981123741238,-1.21981123741238,               795P   4916
-4.19576253628583,-6.32827124036339E-015,-1.72596117717249,          795P   4917
-4.13326253628583,1.21981123741238,-1.21981123741239,                795P   4918
-4.07076253628583,1.72596117717249,-1.55431223447522E-015,           795P   4919
-4.00826253628583,1.21981123741238,1.21981123741238,                 795P   4920
-3.94576253628583,-3.10862446895044E-015,1.72596117717249,           795P   4921
-3.88326253628583,-1.21981123741238,1.21981123741239,                795P   4922
-3.82076253628583,-1.72596117717249,1.66533453693773E-015,           795P   4923
-3.75826253628583,-1.21981123741238,-1.21981123741238,               795P   4924
-3.69576253628583,-6.77236045021345E-015,-1.72596117717249,          795P   4925
-3.63326253628583,1.21981123741238,-1.21981123741239,                795P   4926
-3.57076253628583,1.72596117717248,-1.11022302462516E-016,           795P   4927
-3.50826253628583,1.21981123741239,1.21981123741237,                 795P   4928
-3.44576253628583,-4.44089209850063E-015,1.72596117717249,           795P   4929
-3.38326253628583,-1.21981123741238,1.21981123741238,                795P   4930
-3.32076253628583,-1.72596117717249,1.16573417585641E-014,           795P   4931
-3.25826253628583,-1.21981123741238,-1.21981123741239,               795P   4932
-3.19576253628583,-9.2148511043888E-015,-1.72596117717249,           795P   4933
-3.13326253628583,1.21981123741239,-1.21981123741238,                795P   4934
-3.07076253628583,1.72596117717248,-2.44249065417534E-015,           795P   4935
-3.00826253628583,1.21981123741239,1.21981123741237,                 795P   4936
-2.94576253628583,-4.32986979603811E-015,1.72596117717249,           795P   4937
-2.88326253628583,-1.21981123741238,1.21981123741239,                795P   4938
-2.82076253628583,-1.72596117717249,-7.105427357601E-015,            795P   4939
-2.75826253628583,-1.21981123741238,-1.21981123741238,               795P   4940
-2.69576253628583,-9.43689570931383E-015,-1.72596117717249,          795P   4941
-2.63326253628583,1.21981123741239,-1.21981123741238,                795P   4942
-2.57076253628583,1.72596117717248,-2.88657986402541E-015,           795P   4943
-2.50826253628583,1.21981123741239,1.21981123741237,                 795P   4944
-2.44576253628583,-3.5527136788005E-015,1.72596117717249,            795P   4945
-2.38326253628583,-1.21981123741238,1.21981123741238,                795P   4946
-2.32076253628583,-1.72596117717249,1.27675647831893E-014,           795P   4947
-2.25826253628583,-1.21981123741238,-1.21981123741239,               795P   4948
-2.19576253628583,-1.02140518265514E-014,-1.72596117717249,          795P   4949
-2.13326253628583,1.21981123741239,-1.21981123741238,                795P   4950
-2.07076253628583,1.72596117717248,-3.33066907387547E-015,           795P   4951
-2.00826253628583,1.21981123741239,1.21981123741237,                 795P   4952
-1.94576253628583,-3.5527136788005E-015,1.72596117717249,            795P   4953
-1.88326253628583,-1.21981123741238,1.21981123741239,                795P   4954
-1.82076253628583,-1.72596117717249,-6.21724893790088E-015,          795P   4955
-1.75826253628583,-1.21981123741238,-1.21981123741238,               795P   4956
-1.69576253628583,-1.02140518265514E-014,-1.72596117717249,          795P   4957
-1.63326253628583,1.21981123741239,-1.21981123741238,                795P   4958
-1.57076253628583,1.72596117717248,-3.66373598126302E-015,           795P   4959
-1.50826253628583,1.21981123741239,1.21981123741237,                 795P   4960
-1.44576253628583,-2.77555756156289E-015,1.72596117717249,           795P   4961
-1.38326253628583,-1.21981123741238,1.21981123741238,                795P   4962
-1.32076253628583,-1.72596117717249,1.35447209004269E-014,           795P   4963
-1.25826253628583,-1.21981123741238,-1.21981123741238,               795P   4964
-1.19576253628583,-1.09912079437891E-014,-1.72596117717249,          795P   4965
-1.13326253628583,1.21981123741239,-1.21981123741238,                795P   4966
-1.07076253628583,1.72596117717248,-4.55191440096314E-015,           795P   4967
-1.00826253628583,1.21981123741239,1.21981123741237,                 795P   4968
-0.945762536285834,2.05391259555654E-014,1.72596117717249,           795P   4969
-0.883262536285834,-1.2198112374124,1.21981123741237,                795P   4970
-0.820762536285834,-1.72596117717248,-1.11022302462516E-015,         795P   4971
-0.758262536285834,-1.21981123741238,-1.21981123741238,              795P   4972
-0.695762536285834,-7.43849426498855E-015,-1.72596117717249,         795P   4973
-0.633262536285834,1.21981123741237,-1.21981123741239,               795P   4974
-0.570762536285834,1.72596117717249,-2.39808173319034E-014,          795P   4975
-0.508262536285834,1.21981123741238,1.21981123741239,                795P   4976
-0.445762536285834,2.1094237467878E-015,1.72596117717248,            795P   4977
-0.383262536285834,-1.21981123741238,1.21981123741238,               795P   4978
-0.320762536285834,-1.72596117717248,1.04360964314765E-014,          795P   4979
-0.258262536285834,-1.2198112374124,-1.21981123741237,               795P   4980
-0.195762536285834,1.16573417585641E-014,-1.72596117717249,          795P   4981
-0.133262536285834,1.21981123741238,-1.21981123741238,               795P   4982
-0.0707625362858337,1.6842752449002,-0.100462263517887,              795P   4983
-0.0134099650660344,1.46160013090327,0.612282964572484,              795P   4984
0.0231092728204327,1.2915558592401,0.867656066186417,                795P   4985
0.0387951773735669,1.55724453058578,0.0,-6.49173746371417,           795P   4986
1.55724453058578,0.407685664760932,-6.47090413038083,                795P   4987
1.21981123741238,1.21981123741238,-6.42923746371417,                 795P   4988
1.11022302462516E-016,1.72596117717249,-6.36673746371417,            795P   4989
-1.21981123741238,1.21981123741238,-6.30423746371417,                795P   4990
-1.72596117717249,1.11022302462516E-016,-6.24173746371417,           795P   4991
-1.21981123741238,-1.21981123741238,-6.17923746371417,               795P   4992
-2.22044604925031E-016,-1.72596117717249,-6.11673746371417,          795P   4993
1.21981123741238,-1.21981123741238,-6.05423746371417,                795P   4994
1.72596117717249,-3.33066907387547E-016,-5.99173746371417,           795P   4995
1.21981123741238,1.21981123741238,-5.92923746371417,                 795P   4996
-1.11022302462516E-016,1.72596117717249,-5.86673746371417,           795P   4997
-1.21981123741238,1.21981123741238,-5.80423746371417,                795P   4998
-1.72596117717249,6.66133814775094E-016,-5.74173746371417,           795P   4999
-1.21981123741238,-1.21981123741238,-5.67923746371417,               795P   5000
-5.55111512312578E-016,-1.72596117717249,-5.61673746371417,          795P   5001
1.21981123741238,-1.21981123741238,-5.55423746371417,                795P   5002
1.72596117717249,-9.99200722162641E-016,-5.49173746371417,           795P   5003
1.21981123741238,1.21981123741238,-5.42923746371417,                 795P   5004
7.7715611723761E-016,1.72596117717249,-5.36673746371417,             795P   5005
-1.21981123741238,1.21981123741238,-5.30423746371417,                795P   5006
-1.72596117717249,1.11022302462516E-015,-5.24173746371417,           795P   5007
-1.21981123741238,-1.21981123741238,-5.17923746371417,               795P   5008
-5.88418203051333E-015,-1.72596117717249,-5.11673746371417,          795P   5009
1.21981123741238,-1.21981123741238,-5.05423746371417,                795P   5010
1.72596117717249,-1.11022302462516E-015,-4.99173746371417,           795P   5011
1.21981123741238,1.21981123741238,-4.92923746371417,                 795P   5012
-3.5527136788005E-015,1.72596117717248,-4.86673746371417,            795P   5013
-1.21981123741238,1.21981123741239,-4.80423746371417,                795P   5014
-1.72596117717249,1.33226762955019E-015,-4.74173746371417,           795P   5015
-1.21981123741238,-1.21981123741238,-4.67923746371417,               795P   5016
-6.32827124036339E-015,-1.72596117717249,-4.61673746371417,          795P   5017
1.21981123741238,-1.21981123741239,-4.55423746371417,                795P   5018
1.72596117717249,-1.55431223447522E-015,-4.49173746371417,           795P   5019
1.21981123741238,1.21981123741238,-4.42923746371417,                 795P   5020
-3.10862446895044E-015,1.72596117717249,-4.36673746371417,           795P   5021
-1.21981123741238,1.21981123741239,-4.30423746371417,                795P   5022
-1.72596117717249,1.66533453693773E-015,-4.24173746371417,           795P   5023
-1.21981123741238,-1.21981123741238,-4.17923746371417,               795P   5024
-6.77236045021345E-015,-1.72596117717249,-4.11673746371417,          795P   5025
1.21981123741238,-1.21981123741239,-4.05423746371417,                795P   5026
1.72596117717248,-1.11022302462516E-016,-3.99173746371417,           795P   5027
1.21981123741239,1.21981123741237,-3.92923746371417,                 795P   5028
-4.44089209850063E-015,1.72596117717249,-3.86673746371417,           795P   5029
-1.21981123741238,1.21981123741238,-3.80423746371417,                795P   5030
-1.72596117717249,1.16573417585641E-014,-3.74173746371417,           795P   5031
-1.21981123741238,-1.21981123741239,-3.67923746371417,               795P   5032
-9.2148511043888E-015,-1.72596117717249,-3.61673746371417,           795P   5033
1.21981123741239,-1.21981123741238,-3.55423746371417,                795P   5034
1.72596117717248,-2.44249065417534E-015,-3.49173746371417,           795P   5035
1.21981123741239,1.21981123741237,-3.42923746371417,                 795P   5036
-4.32986979603811E-015,1.72596117717249,-3.36673746371417,           795P   5037
-1.21981123741238,1.21981123741239,-3.30423746371417,                795P   5038
-1.72596117717249,-7.105427357601E-015,-3.24173746371417,            795P   5039
-1.21981123741238,-1.21981123741238,-3.17923746371417,               795P   5040
-9.43689570931383E-015,-1.72596117717249,-3.11673746371417,          795P   5041
1.21981123741239,-1.21981123741238,-3.05423746371417,                795P   5042
1.72596117717248,-2.88657986402541E-015,-2.99173746371417,           795P   5043
1.21981123741239,1.21981123741237,-2.92923746371417,                 795P   5044
-3.5527136788005E-015,1.72596117717249,-2.86673746371417,            795P   5045
-1.21981123741238,1.21981123741238,-2.80423746371417,                795P   5046
-1.72596117717249,1.27675647831893E-014,-2.74173746371417,           795P   5047
-1.21981123741238,-1.21981123741239,-2.67923746371417,               795P   5048
-1.02140518265514E-014,-1.72596117717249,-2.61673746371417,          795P   5049
1.21981123741239,-1.21981123741238,-2.55423746371417,                795P   5050
1.72596117717248,-3.33066907387547E-015,-2.49173746371417,           795P   5051
1.21981123741239,1.21981123741237,-2.42923746371417,                 795P   5052
-3.5527136788005E-015,1.72596117717249,-2.36673746371417,            795P   5053
-1.21981123741238,1.21981123741239,-2.30423746371417,                795P   5054
-1.72596117717249,-6.21724893790088E-015,-2.24173746371417,          795P   5055
-1.21981123741238,-1.21981123741238,-2.17923746371417,               795P   5056
-1.02140518265514E-014,-1.72596117717249,-2.11673746371417,          795P   5057
1.21981123741239,-1.21981123741238,-2.05423746371417,                795P   5058
1.72596117717248,-3.66373598126302E-015,-1.99173746371417,           795P   5059
1.21981123741239,1.21981123741237,-1.92923746371417,                 795P   5060
-2.77555756156289E-015,1.72596117717249,-1.86673746371417,           795P   5061
-1.21981123741238,1.21981123741238,-1.80423746371417,                795P   5062
-1.72596117717249,1.35447209004269E-014,-1.74173746371417,           795P   5063
-1.21981123741238,-1.21981123741238,-1.67923746371417,               795P   5064
-1.09912079437891E-014,-1.72596117717249,-1.61673746371417,          795P   5065
1.21981123741239,-1.21981123741238,-1.55423746371417,                795P   5066
1.72596117717248,-4.55191440096314E-015,-1.49173746371417,           795P   5067
1.21981123741239,1.21981123741237,-1.42923746371417,                 795P   5068
2.05391259555654E-014,1.72596117717249,-1.36673746371417,            795P   5069
-1.2198112374124,1.21981123741237,-1.30423746371417,                 795P   5070
-1.72596117717248,-1.11022302462516E-015,-1.24173746371417,          795P   5071
-1.21981123741238,-1.21981123741238,-1.17923746371417,               795P   5072
-7.43849426498855E-015,-1.72596117717249,-1.11673746371417,          795P   5073
1.21981123741237,-1.21981123741239,-1.05423746371417,                795P   5074
1.72596117717249,-2.39808173319034E-014,-0.991737463714166,          795P   5075
1.21981123741238,1.21981123741239,-0.929237463714166,                795P   5076
2.1094237467878E-015,1.72596117717248,-0.866737463714166,            795P   5077
-1.21981123741238,1.21981123741238,-0.804237463714166,               795P   5078
-1.72596117717248,1.04360964314765E-014,-0.741737463714166,          795P   5079
-1.2198112374124,-1.21981123741237,-0.679237463714166,               795P   5080
1.16573417585641E-014,-1.72596117717249,-0.616737463714166,          795P   5081
1.21981123741238,-1.21981123741238,-0.554237463714166,               795P   5082
1.6842752449002,-0.100462263517887,-0.496884892494367,               795P   5083
1.46160013090327,0.612282964572484,-0.4603656546079,                 795P   5084
1.2915558592401,0.867656066186417,-0.444679750054766,0.0,1.0,        795P   5085
0.0,1.0,0,0;                                                         795P   5086
126,1,1,1,0,1,0,0.0,0.0,1.0,1.0,1.0,1.0,0.993584453926091,           797P   5087
-1.17646194408634E-016,0.0,1.0,0.0802423769520449,0.0,0.0,1.0,       797P   5088
0.0,0.0,1.0,0,0;                                                     797P   5089
126,1,1,1,0,1,0,0.0,0.0,1.0,1.0,1.0,1.0,1.0,0.080242376952045,       799P   5090
0.0,1.0,-1.17646194408634E-016,0.0,0.0,1.0,0.0,0.0,1.0,0,0;          799P   5091
126,1,1,1,0,1,0,0.0,0.0,1.0,1.0,1.0,1.0,1.0,                         801P   5092
-1.17646194408634E-016,0.0,0.993584453926091,                        801P   5093
-1.17646194408634E-016,0.0,0.0,1.0,0.0,0.0,1.0,0,0;                  801P   5094
102,3,797,799,801,0,0;                                               803P   5095
126,6,3,0,0,1,0,0.0,0.0,0.0,0.0,0.648697637520076,                   805P   5096
0.648697637520076,0.648697637520076,1.0,1.0,1.0,1.0,1.0,1.0,1.0,     805P   5097
1.0,1.0,1.0,1.0,1.54851355055865,0.160984938428809,                  805P   5098
-6.14098886759368E-017,1.53097350033313,0.32320605464315,            805P   5099
-6.14098886759368E-017,1.48682453223819,0.48438470890698,            805P   5100
-6.32733611598962E-016,1.42042044524791,0.633427793747327,           805P   5101
-6.32733611598962E-016,1.38415433305003,0.714826597377101,           805P   5102
-6.32733611598962E-016,1.34094533000129,0.793482780535609,           805P   5103
5.42101086242752E-017,1.2915558592401,0.867656066186417,             805P   5104
5.42101086242752E-017,0.0,1.0,0.0,0.0,0.0,0,0;                       805P   5105
126,1,1,0,0,1,0,0.0,0.0,1.0,1.0,1.0,1.0,1.2915558592401,             807P   5106
0.867656066186417,0.0,1.2915558592401,0.867656066186417,             807P   5107
0.0387951773735669,0.0,1.0,0.0,0.0,0.0,0,0;                          807P   5108
126,3,3,0,0,1,0,0.0,0.0,0.0,0.0,1.0,1.0,1.0,1.0,1.0,1.0,1.0,1.0,     809P   5109
1.2915558592401,0.867656066186417,0.0387951773735669,                809P   5110
1.43174324123404,0.657122149361259,0.0258634515823776,               809P   5111
1.52136375858807,0.412082825939283,0.0129317257911887,               809P   5112
1.54851355055865,0.160984938428809,-1.2490009027033E-016,0.0,        809P   5113
1.0,0.0,0.0,0.0,0,0;                                                 809P   5114
102,3,805,807,809,0,0;                                               811P   5115
142,0,795,803,811,3,0,0;                                             813P   5116
144,795,1,0,813,0,0;                                                 815P   5117
128,99,1,3,1,0,0,1,0,0,0.0,0.0,0.0,0.0,0.0103356050098252,           817P   5118
0.0206712100196503,0.0310068150294755,0.0413424200393007,            817P   5119
0.0516780250491258,0.062013630058951,0.0723492350687761,             817P   5120
0.0826848400786013,0.0930204450884265,0.103356050098252,             817P   5121
0.113691655108077,0.124027260117902,0.134362865127727,               817P   5122
0.144698470137552,0.155034075147377,0.165369680157203,               817P   5123
0.175705285167028,0.186040890176853,0.196376495186678,               817P   5124
0.206712100196503,0.217047705206328,0.227383310216154,               817P   5125
0.237718915225979,0.248054520235804,0.258390125245629,               817P   5126
0.268725730255454,0.279061335265279,0.289396940275105,               817P   5127
0.29973254528493,0.310068150294755,0.32040375530458,                 817P   5128
0.330739360314405,0.34107496532423,0.351410570334056,                817P   5129
0.361746175343881,0.372081780353706,0.382417385363531,               817P   5130
0.392752990373356,0.403088595383181,0.413424200393007,               817P   5131
0.423759805402832,0.434095410412657,0.444431015422482,               817P   5132
0.454766620432307,0.465102225442132,0.475437830451958,               817P   5133
0.485773435461783,0.496109040471608,0.506444645481433,               817P   5134
0.516780250491258,0.527115855501083,0.537451460510909,               817P   5135
0.547787065520734,0.558122670530559,0.568458275540384,               817P   5136
0.578793880550209,0.589129485560034,0.59946509056986,                817P   5137
0.609800695579685,0.62013630058951,0.630471905599335,                817P   5138
0.64080751060916,0.651143115618985,0.66147872062881,                 817P   5139
0.671814325638636,0.682149930648461,0.692485535658286,               817P   5140
0.702821140668111,0.713156745677936,0.723492350687761,               817P   5141
0.733827955697587,0.744163560707412,0.754499165717237,               817P   5142
0.764834770727062,0.775170375736887,0.785505980746712,               817P   5143
0.795841585756538,0.806177190766363,0.816512795776188,               817P   5144
0.826848400786013,0.837184005795838,0.847519610805663,               817P   5145
0.857855215815489,0.868190820825314,0.878526425835139,               817P   5146
0.888862030844964,0.899197635854789,0.909533240864614,               817P   5147
0.91986884587444,0.930204450884265,0.94054005589409,                 817P   5148
0.950875660903915,0.96121126591374,0.971546870923565,                817P   5149
0.981882475933391,0.992218080943216,1.0,1.0,1.0,1.0,0.0,0.0,1.0,     817P   5150
1.0,1.0,1.0,1.0,1.0,1.0,1.0,1.0,1.0,1.0,1.0,1.0,1.0,1.0,1.0,1.0,     817P   5151
1.0,1.0,1.0,1.0,1.0,1.0,1.0,1.0,1.0,1.0,1.0,1.0,1.0,1.0,1.0,1.0,     817P   5152
1.0,1.0,1.0,1.0,1.0,1.0,1.0,1.0,1.0,1.0,1.0,1.0,1.0,1.0,1.0,1.0,     817P   5153
1.0,1.0,1.0,1.0,1.0,1.0,1.0,1.0,1.0,1.0,1.0,1.0,1.0,1.0,1.0,1.0,     817P   5154
1.0,1.0,1.0,1.0,1.0,1.0,1.0,1.0,1.0,1.0,1.0,1.0,1.0,1.0,1.0,1.0,     817P   5155
1.0,1.0,1.0,1.0,1.0,1.0,1.0,1.0,1.0,1.0,1.0,1.0,1.0,1.0,1.0,1.0,     817P   5156
1.0,1.0,1.0,1.0,1.0,1.0,1.0,1.0,1.0,1.0,1.0,1.0,1.0,1.0,1.0,1.0,     817P   5157
1.0,1.0,1.0,1.0,1.0,1.0,1.0,1.0,1.0,1.0,1.0,1.0,1.0,1.0,1.0,1.0,     817P   5158
1.0,1.0,1.0,1.0,1.0,1.0,1.0,1.0,1.0,1.0,1.0,1.0,1.0,1.0,1.0,1.0,     817P   5159
1.0,1.0,1.0,1.0,1.0,1.0,1.0,1.0,1.0,1.0,1.0,1.0,1.0,1.0,1.0,1.0,     817P   5160
1.0,1.0,1.0,1.0,1.0,1.0,1.0,1.0,1.0,1.0,1.0,1.0,1.0,1.0,1.0,1.0,     817P   5161
1.0,1.0,1.0,1.0,1.0,1.0,1.0,1.0,1.0,1.0,1.0,1.0,1.0,1.0,1.0,1.0,     817P   5162
1.0,1.0,1.0,1.0,1.0,1.0,1.0,1.0,1.0,1.1676442841485,0.0,             817P   5163
-6.23319834344274,1.1676442841485,0.305688558757254,                 817P   5164
-6.21236501010941,0.914631961217357,0.914631961217357,               817P   5165
-6.17069834344274,0.0,1.29415044561407,-6.10819834344274,            817P   5166
-0.914631961217357,0.914631961217357,-6.04569834344274,              817P   5167
-1.29415044561407,1.11022302462516E-016,-5.98319834344274,           817P   5168
-0.914631961217357,-0.914631961217357,-5.92069834344274,             817P   5169
-3.33066907387547E-016,-1.29415044561407,-5.85819834344274,          817P   5170
0.914631961217357,-0.914631961217357,-5.79569834344274,              817P   5171
1.29415044561407,-3.33066907387547E-016,-5.73319834344274,           817P   5172
0.914631961217357,0.914631961217357,-5.67069834344274,               817P   5173
-2.46519032881566E-032,1.29415044561407,-5.60819834344274,           817P   5174
-0.914631961217354,0.914631961217358,-5.54569834344274,              817P   5175
-1.29415044561407,6.66133814775094E-016,-5.48319834344274,           817P   5176
-0.914631961217356,-0.914631961217358,-5.42069834344274,             817P   5177
-2.22044604925031E-016,-1.29415044561407,-5.35819834344274,          817P   5178
0.914631961217355,-0.914631961217358,-5.29569834344274,              817P   5179
1.29415044561407,-9.99200722162641E-016,-5.23319834344274,           817P   5180
0.914631961217356,0.914631961217358,-5.17069834344274,               817P   5181
4.44089209850063E-016,1.29415044561407,-5.10819834344274,            817P   5182
-0.914631961217354,0.914631961217359,-5.04569834344274,              817P   5183
-1.29415044561407,1.11022302462516E-015,-4.98319834344274,           817P   5184
-0.914631961217355,-0.914631961217358,-4.92069834344274,             817P   5185
-4.44089209850063E-015,-1.29415044561407,-4.85819834344274,          817P   5186
0.914631961217356,-0.914631961217359,-4.79569834344274,              817P   5187
1.29415044561407,-1.11022302462516E-015,-4.73319834344274,           817P   5188
0.914631961217357,0.914631961217357,-4.67069834344274,               817P   5189
-2.77555756156289E-015,1.29415044561407,-4.60819834344274,           817P   5190
-0.914631961217354,0.91463196121736,-4.54569834344274,               817P   5191
-1.29415044561407,1.33226762955019E-015,-4.48319834344274,           817P   5192
-0.914631961217356,-0.914631961217358,-4.42069834344274,             817P   5193
-4.9960036108132E-015,-1.29415044561407,-4.35819834344274,           817P   5194
0.914631961217356,-0.914631961217359,-4.29569834344274,              817P   5195
1.29415044561407,-1.55431223447522E-015,-4.23319834344274,           817P   5196
0.914631961217356,0.914631961217357,-4.17069834344274,               817P   5197
-2.22044604925031E-015,1.29415044561407,-4.10819834344274,           817P   5198
-0.914631961217353,0.914631961217359,-4.04569834344274,              817P   5199
-1.29415044561407,1.66533453693773E-015,-3.98319834344274,           817P   5200
-0.914631961217355,-0.914631961217357,-3.92069834344274,             817P   5201
-4.77395900588817E-015,-1.29415044561407,-3.85819834344274,          817P   5202
0.914631961217355,-0.914631961217359,-3.79569834344274,              817P   5203
1.29415044561407,-1.11022302462516E-016,-3.73319834344274,           817P   5204
0.914631961217364,0.914631961217351,-3.67069834344274,               817P   5205
-3.21964677141295E-015,1.29415044561407,-3.60819834344274,           817P   5206
-0.914631961217355,0.914631961217358,-3.54569834344274,              817P   5207
-1.29415044561407,1.16573417585641E-014,-3.48319834344274,           817P   5208
-0.914631961217355,-0.914631961217359,-3.42069834344274,             817P   5209
-6.99440505513849E-015,-1.29415044561407,-3.35819834344274,          817P   5210
0.914631961217361,-0.914631961217353,-3.29569834344274,              817P   5211
1.29415044561407,-2.44249065417534E-015,-3.23319834344274,           817P   5212
0.914631961217363,0.914631961217351,-3.17069834344274,               817P   5213
-3.33066907387547E-015,1.29415044561407,-3.10819834344274,           817P   5214
-0.914631961217352,0.914631961217362,-3.04569834344274,              817P   5215
-1.29415044561407,-7.105427357601E-015,-2.98319834344274,            817P   5216
-0.914631961217356,-0.914631961217355,-2.92069834344274,             817P   5217
-7.21644966006352E-015,-1.29415044561407,-2.85819834344274,          817P   5218
0.914631961217361,-0.914631961217354,-2.79569834344274,              817P   5219
1.29415044561407,-2.88657986402541E-015,-2.73319834344274,           817P   5220
0.914631961217364,0.914631961217351,-2.67069834344274,               817P   5221
-2.55351295663786E-015,1.29415044561407,-2.60819834344274,           817P   5222
-0.914631961217353,0.914631961217358,-2.54569834344274,              817P   5223
-1.29415044561407,1.27675647831893E-014,-2.48319834344274,           817P   5224
-0.914631961217356,-0.914631961217359,-2.42069834344274,             817P   5225
-7.7715611723761E-015,-1.29415044561407,-2.35819834344274,           817P   5226
0.914631961217361,-0.914631961217354,-2.29569834344274,              817P   5227
1.29415044561407,-3.33066907387547E-015,-2.23319834344274,           817P   5228
0.914631961217364,0.914631961217351,-2.17069834344274,               817P   5229
-2.33146835171283E-015,1.29415044561407,-2.10819834344274,           817P   5230
-0.914631961217352,0.914631961217362,-2.04569834344274,              817P   5231
-1.29415044561407,-6.21724893790088E-015,-1.98319834344274,          817P   5232
-0.914631961217357,-0.914631961217354,-1.92069834344274,             817P   5233
-7.66053886991358E-015,-1.29415044561407,-1.85819834344274,          817P   5234
0.91463196121736,-0.914631961217355,-1.79569834344274,               817P   5235
1.29415044561407,-3.66373598126302E-015,-1.73319834344274,           817P   5236
0.914631961217364,0.91463196121735,-1.67069834344274,                817P   5237
-2.33146835171283E-015,1.29415044561407,-1.60819834344274,           817P   5238
-0.914631961217353,0.914631961217359,-1.54569834344274,              817P   5239
-1.29415044561407,1.35447209004269E-014,-1.48319834344274,           817P   5240
-0.914631961217356,-0.914631961217359,-1.42069834344274,             817P   5241
-8.10462807976364E-015,-1.29415044561407,-1.35819834344274,          817P   5242
0.91463196121736,-0.914631961217354,-1.29569834344274,               817P   5243
1.29415044561407,-4.55191440096314E-015,-1.23319834344274,           817P   5244
0.914631961217361,0.914631961217351,-1.17069834344274,               817P   5245
1.52100554373646E-014,1.29415044561408,-1.10819834344274,            817P   5246
-0.914631961217367,0.914631961217351,-1.04569834344274,              817P   5247
-1.29415044561407,-1.11022302462516E-015,-0.983198343442744,         817P   5248
-0.914631961217358,-0.914631961217354,-0.920698343442744,            817P   5249
-5.6621374255883E-015,-1.29415044561407,-0.858198343442744,          817P   5250
0.914631961217349,-0.914631961217362,-0.795698343442744,             817P   5251
1.29415044561408,-2.39808173319034E-014,-0.733198343442744,          817P   5252
0.914631961217352,0.914631961217366,-0.670698343442744,              817P   5253
1.55431223447522E-015,1.29415044561407,-0.608198343442744,           817P   5254
-0.914631961217352,0.914631961217358,-0.545698343442744,             817P   5255
-1.29415044561407,1.04360964314765E-014,-0.483198343442744,          817P   5256
-0.914631961217372,-0.914631961217345,-0.420698343442744,            817P   5257
9.10382880192628E-015,-1.29415044561408,-0.358198343442744,          817P   5258
0.914631961217355,-0.914631961217355,-0.295698343442744,             817P   5259
1.26289373570685,-0.0753280460873769,-0.238345772222945,             817P   5260
1.09592874146614,0.45909854863682,-0.201826534336478,                817P   5261
0.968427107676477,0.650580962970693,-0.186140629783344,              817P   5262
1.55724453058578,0.0,-6.00826253628583,1.55724453058578,             817P   5263
0.407685664760932,-5.9874292029525,1.21981123741238,                 817P   5264
1.21981123741238,-5.94576253628583,1.11022302462516E-016,            817P   5265
1.72596117717249,-5.88326253628583,-1.21981123741238,                817P   5266
1.21981123741238,-5.82076253628583,-1.72596117717249,                817P   5267
1.11022302462516E-016,-5.75826253628583,-1.21981123741238,           817P   5268
-1.21981123741238,-5.69576253628583,-2.22044604925031E-016,          817P   5269
-1.72596117717249,-5.63326253628583,1.21981123741238,                817P   5270
-1.21981123741238,-5.57076253628583,1.72596117717249,                817P   5271
-3.33066907387547E-016,-5.50826253628583,1.21981123741238,           817P   5272
1.21981123741238,-5.44576253628583,-1.11022302462516E-016,           817P   5273
1.72596117717249,-5.38326253628583,-1.21981123741238,                817P   5274
1.21981123741238,-5.32076253628583,-1.72596117717249,                817P   5275
6.66133814775094E-016,-5.25826253628583,-1.21981123741238,           817P   5276
-1.21981123741238,-5.19576253628583,-5.55111512312578E-016,          817P   5277
-1.72596117717249,-5.13326253628583,1.21981123741238,                817P   5278
-1.21981123741238,-5.07076253628583,1.72596117717249,                817P   5279
-9.99200722162641E-016,-5.00826253628583,1.21981123741238,           817P   5280
1.21981123741238,-4.94576253628583,7.7715611723761E-016,             817P   5281
1.72596117717249,-4.88326253628583,-1.21981123741238,                817P   5282
1.21981123741238,-4.82076253628583,-1.72596117717249,                817P   5283
1.11022302462516E-015,-4.75826253628583,-1.21981123741238,           817P   5284
-1.21981123741238,-4.69576253628583,-5.88418203051333E-015,          817P   5285
-1.72596117717249,-4.63326253628583,1.21981123741238,                817P   5286
-1.21981123741238,-4.57076253628583,1.72596117717249,                817P   5287
-1.11022302462516E-015,-4.50826253628583,1.21981123741238,           817P   5288
1.21981123741238,-4.44576253628583,-3.5527136788005E-015,            817P   5289
1.72596117717248,-4.38326253628583,-1.21981123741238,                817P   5290
1.21981123741239,-4.32076253628583,-1.72596117717249,                817P   5291
1.33226762955019E-015,-4.25826253628583,-1.21981123741238,           817P   5292
-1.21981123741238,-4.19576253628583,-6.32827124036339E-015,          817P   5293
-1.72596117717249,-4.13326253628583,1.21981123741238,                817P   5294
-1.21981123741239,-4.07076253628583,1.72596117717249,                817P   5295
-1.55431223447522E-015,-4.00826253628583,1.21981123741238,           817P   5296
1.21981123741238,-3.94576253628583,-3.10862446895044E-015,           817P   5297
1.72596117717249,-3.88326253628583,-1.21981123741238,                817P   5298
1.21981123741239,-3.82076253628583,-1.72596117717249,                817P   5299
1.66533453693773E-015,-3.75826253628583,-1.21981123741238,           817P   5300
-1.21981123741238,-3.69576253628583,-6.77236045021345E-015,          817P   5301
-1.72596117717249,-3.63326253628583,1.21981123741238,                817P   5302
-1.21981123741239,-3.57076253628583,1.72596117717248,                817P   5303
-1.11022302462516E-016,-3.50826253628583,1.21981123741239,           817P   5304
1.21981123741237,-3.44576253628583,-4.44089209850063E-015,           817P   5305
1.72596117717249,-3.38326253628583,-1.21981123741238,                817P   5306
1.21981123741238,-3.32076253628583,-1.72596117717249,                817P   5307
1.16573417585641E-014,-3.25826253628583,-1.21981123741238,           817P   5308
-1.21981123741239,-3.19576253628583,-9.2148511043888E-015,           817P   5309
-1.72596117717249,-3.13326253628583,1.21981123741239,                817P   5310
-1.21981123741238,-3.07076253628583,1.72596117717248,                817P   5311
-2.44249065417534E-015,-3.00826253628583,1.21981123741239,           817P   5312
1.21981123741237,-2.94576253628583,-4.32986979603811E-015,           817P   5313
1.72596117717249,-2.88326253628583,-1.21981123741238,                817P   5314
1.21981123741239,-2.82076253628583,-1.72596117717249,                817P   5315
-7.105427357601E-015,-2.75826253628583,-1.21981123741238,            817P   5316
-1.21981123741238,-2.69576253628583,-9.43689570931383E-015,          817P   5317
-1.72596117717249,-2.63326253628583,1.21981123741239,                817P   5318
-1.21981123741238,-2.57076253628583,1.72596117717248,                817P   5319
-2.88657986402541E-015,-2.50826253628583,1.21981123741239,           817P   5320
1.21981123741237,-2.44576253628583,-3.5527136788005E-015,            817P   5321
1.72596117717249,-2.38326253628583,-1.21981123741238,                817P   5322
1.21981123741238,-2.32076253628583,-1.72596117717249,                817P   5323
1.27675647831893E-014,-2.25826253628583,-1.21981123741238,           817P   5324
-1.21981123741239,-2.19576253628583,-1.02140518265514E-014,          817P   5325
-1.72596117717249,-2.13326253628583,1.21981123741239,                817P   5326
-1.21981123741238,-2.07076253628583,1.72596117717248,                817P   5327
-3.33066907387547E-015,-2.00826253628583,1.21981123741239,           817P   5328
1.21981123741237,-1.94576253628583,-3.5527136788005E-015,            817P   5329
1.72596117717249,-1.88326253628583,-1.21981123741238,                817P   5330
1.21981123741239,-1.82076253628583,-1.72596117717249,                817P   5331
-6.21724893790088E-015,-1.75826253628583,-1.21981123741238,          817P   5332
-1.21981123741238,-1.69576253628583,-1.02140518265514E-014,          817P   5333
-1.72596117717249,-1.63326253628583,1.21981123741239,                817P   5334
-1.21981123741238,-1.57076253628583,1.72596117717248,                817P   5335
-3.66373598126302E-015,-1.50826253628583,1.21981123741239,           817P   5336
1.21981123741237,-1.44576253628583,-2.77555756156289E-015,           817P   5337
1.72596117717249,-1.38326253628583,-1.21981123741238,                817P   5338
1.21981123741238,-1.32076253628583,-1.72596117717249,                817P   5339
1.35447209004269E-014,-1.25826253628583,-1.21981123741238,           817P   5340
-1.21981123741238,-1.19576253628583,-1.09912079437891E-014,          817P   5341
-1.72596117717249,-1.13326253628583,1.21981123741239,                817P   5342
-1.21981123741238,-1.07076253628583,1.72596117717248,                817P   5343
-4.55191440096314E-015,-1.00826253628583,1.21981123741239,           817P   5344
1.21981123741237,-0.945762536285834,2.05391259555654E-014,           817P   5345
1.72596117717249,-0.883262536285834,-1.2198112374124,                817P   5346
1.21981123741237,-0.820762536285834,-1.72596117717248,               817P   5347
-1.11022302462516E-015,-0.758262536285834,-1.21981123741238,         817P   5348
-1.21981123741238,-0.695762536285834,-7.43849426498855E-015,         817P   5349
-1.72596117717249,-0.633262536285834,1.21981123741237,               817P   5350
-1.21981123741239,-0.570762536285834,1.72596117717249,               817P   5351
-2.39808173319034E-014,-0.508262536285834,1.21981123741238,          817P   5352
1.21981123741239,-0.445762536285834,2.1094237467878E-015,            817P   5353
1.72596117717248,-0.383262536285834,-1.21981123741238,               817P   5354
1.21981123741238,-0.320762536285834,-1.72596117717248,               817P   5355
1.04360964314765E-014,-0.258262536285834,-1.2198112374124,           817P   5356
-1.21981123741237,-0.195762536285834,1.16573417585641E-014,          817P   5357
-1.72596117717249,-0.133262536285834,1.21981123741238,               817P   5358
-1.21981123741238,-0.0707625362858337,1.6842752449002,               817P   5359
-0.100462263517887,-0.0134099650660344,1.46160013090327,             817P   5360
0.612282964572484,0.0231092728204327,1.2915558592401,                817P   5361
0.867656066186417,0.0387951773735669,0.0,1.0,0.0,1.0,0,0;            817P   5362
126,128,2,1,0,1,0,0.0,0.0,0.0,0.015625,0.015625,0.03125,0.03125,     819P   5363
0.046875,0.046875,0.0625,0.0625,0.078125,0.078125,0.09375,           819P   5364
0.09375,0.109375,0.109375,0.125,0.125,0.140625,0.140625,0.15625,     819P   5365
0.15625,0.171875,0.171875,0.1875,0.1875,0.203125,0.203125,           819P   5366
0.21875,0.21875,0.234375,0.234375,0.25,0.25,0.265625,0.265625,       819P   5367
0.28125,0.28125,0.296875,0.296875,0.3125,0.3125,0.328125,            819P   5368
0.328125,0.34375,0.34375,0.359375,0.359375,0.375,0.375,0.390625,     819P   5369
0.390625,0.40625,0.40625,0.421875,0.421875,0.4375,0.4375,            819P   5370
0.453125,0.453125,0.46875,0.46875,0.484375,0.484375,0.5,0.5,         819P   5371
0.515625,0.515625,0.53125,0.53125,0.546875,0.546875,0.5625,          819P   5372
0.5625,0.578125,0.578125,0.59375,0.59375,0.609375,0.609375,          819P   5373
0.625,0.625,0.640625,0.640625,0.65625,0.65625,0.671875,0.671875,     819P   5374
0.6875,0.6875,0.703125,0.703125,0.71875,0.71875,0.734375,            819P   5375
0.734375,0.75,0.75,0.765625,0.765625,0.78125,0.78125,0.796875,       819P   5376
0.796875,0.8125,0.8125,0.828125,0.828125,0.84375,0.84375,            819P   5377
0.859375,0.859375,0.875,0.875,0.890625,0.890625,0.90625,0.90625,     819P   5378
0.921875,0.921875,0.9375,0.9375,0.953125,0.953125,0.96875,           819P   5379
0.96875,0.984375,0.984375,1.0,1.0,1.0,1.0,1.0,1.0,1.0,1.0,1.0,       819P   5380
1.0,1.0,1.0,1.0,1.0,1.0,1.0,1.0,1.0,1.0,1.0,1.0,1.0,1.0,1.0,1.0,     819P   5381
1.0,1.0,1.0,1.0,1.0,1.0,1.0,1.0,1.0,1.0,1.0,1.0,1.0,1.0,1.0,1.0,     819P   5382
1.0,1.0,1.0,1.0,1.0,1.0,1.0,1.0,1.0,1.0,1.0,1.0,1.0,1.0,1.0,1.0,     819P   5383
1.0,1.0,1.0,1.0,1.0,1.0,1.0,1.0,1.0,1.0,1.0,1.0,1.0,1.0,1.0,1.0,     819P   5384
1.0,1.0,1.0,1.0,1.0,1.0,1.0,1.0,1.0,1.0,1.0,1.0,1.0,1.0,1.0,1.0,     819P   5385
1.0,1.0,1.0,1.0,1.0,1.0,1.0,1.0,1.0,1.0,1.0,1.0,1.0,1.0,1.0,1.0,     819P   5386
1.0,1.0,1.0,1.0,1.0,1.0,1.0,1.0,1.0,1.0,1.0,1.0,1.0,1.0,1.0,1.0,     819P   5387
1.0,1.0,1.0,1.0,1.0,1.0,1.0,1.0,1.0,1.0,1.0,0.00669540496528112,     819P   5388
0.856737064841506,0.0,0.0172714154387568,0.847935586506581,0.0,      819P   5389
0.0222094047149785,0.854234778942454,0.0,0.0304683237973669,         819P   5390
0.864770346701335,0.0,0.0377047427947769,0.857013040704207,0.0,      819P   5391
0.0465769074189209,0.847502245949093,0.0,0.0532142783489736,         819P   5392
0.855070578684445,0.0,0.0608937494641659,0.863827177229833,0.0,      819P   5393
0.0687114584564808,0.857428407655002,0.0,0.0796841768439431,         819P   5394
0.848447273074538,0.0,0.0842215596366893,0.854232897580842,0.0,      819P   5395
0.0924775310219088,0.864760100717863,0.0,0.0997140047519364,         819P   5396
0.857017718707584,0.0,0.108597487124306,0.847513184223741,0.0,       819P   5397
0.115226407663422,0.855068867785599,0.0,0.12290089895201,            819P   5398
0.863816299186028,0.0,0.130721023317798,0.857431730802447,0.0,       819P   5399
0.141707390413723,0.848462153244586,0.0,0.146233638729681,           819P   5400
0.854230920397102,0.0,0.154487679964854,0.86475081206657,0.0,        819P   5401
0.161723850106849,0.857021764602575,0.0,0.170616881721772,           819P   5402
0.847523001845237,0.0,0.177238423345131,0.855067028104334,0.0,       819P   5403
0.184909271243194,0.863806545465121,0.0,0.192731131610638,           819P   5404
0.857434602910274,0.0,0.203729068749789,0.848475324633694,0.0,       819P   5405
0.208245570289511,0.854228756183675,0.0,0.216498767828109,           819P   5406
0.864742249135948,0.0,0.223734205810378,0.85702525943356,0.0,        819P   5407
0.232635161402375,0.84753190425407,0.0,0.239250264616678,            819P   5408
0.855064990597903,0.0,0.24691882703535,0.863797725516993,0.0,        819P   5409
0.254741723011679,0.857437075943536,0.0,0.265749317319549,           819P   5410
0.848487008059341,0.0,0.270257305775167,0.854226343428376,0.0,       819P   5411
0.27851079552433,0.864734255350002,0.0,0.285745022957311,            819P   5412
0.857028257672286,0.0,0.294652371894964,0.847540028160005,0.0,       819P   5413
0.301261891611863,0.855062710180131,0.0,0.308929534854729,           819P   5414
0.863789704641223,0.0,0.316752753886987,0.857439187564365,0.0,       819P   5415
0.327768207353056,0.848497366421795,0.0,0.332268805428227,           819P   5416
0.85422363197292,0.0,0.340523752328515,0.864726684516594,0.0,        819P   5417
0.347756252974582,0.857030812854774,0.0,0.356668550442543,           819P   5418
0.847547523342357,0.0,0.363273254009453,0.855060130009864,0.0,       819P   5419
0.370941341905333,0.86378229712456,0.0,0.378764164419221,            819P   5420
0.857440988010184,0.0,0.389785836863589,0.848506638316957,0.0,       819P   5421
0.394280006005151,0.854220541989225,0.0,0.402537625728666,           819P   5422
0.864719310988821,0.0,0.409767824531971,0.857033002227714,0.0,       819P   5423
0.418683756871557,0.847554617093424,0.0,0.425284277138828,           819P   5424
0.855057165769439,0.0,0.432954182691117,0.863775242135603,0.0,       819P   5425
0.440775874278046,0.857442543611844,0.0,0.45180234474544,            819P   5426
0.848515150799806,0.0,0.456290824176161,0.854216968463091,0.0,       819P   5427
0.464552409234823,0.864711848152592,0.0,0.471779651202923,           819P   5428
0.857034918602777,0.0,0.480698067284753,0.847561588076643,0.0,       819P   5429
0.487294872034582,0.855053717244449,0.0,0.494967992178546,           819P   5430
0.863768240323243,0.0,0.502787794292036,0.857443927370918,0.0,       819P   5431
0.513817888411232,0.848523271056222,0.0,0.518301168559378,           819P   5432
0.854212796676792,0.0,0.52656810635914,0.864703989031757,0.0,        819P   5433
0.533791644255447,0.857036656824137,0.0,0.542711560083388,           819P   5434
0.847568725887994,0.0,0.549304948226373,0.855049683006348,0.0,       819P   5435
0.556982718711047,0.863760996600335,0.0,0.564799839535556,           819P   5436
0.857445208455878,0.0,0.575832618087141,0.848531352121709,0.0,       819P   5437
0.58031095273919,0.854207918914536,0.0,0.58858473326934,             819P   5438
0.864695448645505,0.0,0.595803725510012,0.857038300208027,0.0,       819P   5439
0.604724301784314,0.847576290220631,0.0,0.611314426435987,           819P   5440
0.855044974952133,0.0,0.618998334794393,0.863753260768872,0.0,       819P   5441
0.626811941432928,0.857446442523911,0.0,0.63784665355829,            819P   5442
0.848539681922873,0.0,0.64232010800909,0.854202250745159,0.0,        819P   5443
0.650602318143049,0.864686002262018,0.0,0.657815838020237,           819P   5444
0.857039909312072,0.0,0.666736521843891,0.847584278932731,0.0,       819P   5445
0.673323445008948,0.85503975203792,0.0,0.681014592995386,            819P   5446
0.863745052756336,0.0,0.688824054672138,0.857447666246785,0.0,       819P   5447
0.699860688081863,0.848547955969421,0.0,0.704329316507167,           819P   5448
0.854196657698399,0.0,0.712619865204548,0.864676570616622,0.0,       819P   5449
0.719827942452268,0.857041525867586,0.0,0.728749222804231,           819P   5450
0.847591797130638,0.0,0.735332980190735,0.855035119872575,0.0,       819P   5451
0.743030183395376,0.863737258225951,0.0,0.750836136623834,           819P   5452
0.85744891399202,0.0,0.761875335198892,0.848555921851917,0.0,        819P   5453
0.766339158300962,0.854191871860927,0.0,0.774636470741687,           819P   5454
0.864667922783146,0.0,0.78183998467358,0.857043207154527,0.0,        819P   5455
0.790762597833717,0.847598873645428,0.0,0.797343111167736,           819P   5456
0.855031165911479,0.0,0.805044850239186,0.863729814912,0.0,          819P   5457
0.812848120955939,0.857450239065122,0.0,0.823890718590859,           819P   5458
0.84856385899296,0.0,0.828349554425018,0.854187790820927,0.0,        819P   5459
0.836652114266657,0.864659813627705,0.0,0.84385188831331,            819P   5460
0.857045033803873,0.0,0.852776723939141,0.847605757263495,0.0,       819P   5461
0.859353751170119,0.855027790259092,0.0,0.867058513943295,           819P   5462
0.863722448425691,0.0,0.874859924168413,0.857451708335822,0.0,       819P   5463
0.885906997413716,0.848572118226331,0.0,0.8903604132681,             819P   5464
0.854184297013814,0.0,0.898666781193484,0.864651952269045,0.0,       819P   5465
0.905863565845638,0.857047097959684,0.0,0.914791692164638,           819P   5466
0.847612732031943,0.0,0.921364807287511,0.855024886690698,0.0,       819P   5467
0.929071096647445,0.863714862069674,0.0,0.936871457966991,           819P   5468
0.857453392168755,0.0,0.947924344599063,0.848581070217262,0.0,       819P   5469
0.952371643752983,0.854181274229518,0.0,0.960680462302197,           819P   5470
0.864644046659704,0.0,0.967874931476101,0.857049489549847,0.0,       819P   5471
0.976807596207926,0.847620074980232,0.0,0.983376193700078,           819P   5472
0.855022357464708,0.0,0.991091392436293,0.863716767578523,0.0,       819P   5473
0.998886894241138,0.857451941451218,0.0,0.0,1.0,0.0,0.0,1.0,0,0;     819P   5474
126,1,1,1,0,1,0,0.0,0.0,1.0,1.0,1.0,1.0,0.998886894241065,           821P   5475
0.857451941453184,0.0,0.993584453926091,1.0,0.0,0.0,1.0,0.0,0.0,     821P   5476
1.0,0,0;                                                             821P   5477
126,1,1,1,0,1,0,0.0,0.0,1.0,1.0,1.0,1.0,0.993584453926091,1.0,       823P   5478
0.0,1.0,1.0,0.0,0.0,1.0,0.0,0.0,1.0,0,0;                             823P   5479
126,1,1,1,0,1,0,0.0,0.0,1.0,1.0,1.0,1.0,1.0,1.0,0.0,1.0,             825P   5480
0.214078951610905,0.0,0.0,1.0,0.0,0.0,1.0,0,0;                       825P   5481
126,1,1,1,0,1,0,0.0,0.0,1.0,1.0,1.0,1.0,1.0,0.214078951610906,       827P   5482
0.0,0.030669583592469,0.212227666233148,0.0,0.0,1.0,0.0,0.0,1.0,     827P   5483
0,0;                                                                 827P   5484
126,1,1,1,0,1,0,0.0,0.0,1.0,1.0,1.0,1.0,0.030669583592469,           829P   5485
0.21222766623316,0.0,0.00669540496528112,0.856737064841507,0.0,      829P   5486
0.0,1.0,0.0,0.0,1.0,0,0;                                             829P   5487
102,6,819,821,823,825,827,829,0,0;                                   831P   5488
126,672,3,0,0,1,0,0.0,0.0,0.0,0.0,0.00437609792243893,               833P   5489
0.00437609792243893,0.00437609792243893,0.00885626508838541,         833P   5490
0.00885626508838541,0.00885626508838541,0.0133378653695533,          833P   5491
0.0133378653695533,0.0133378653695533,0.0178179270405292,            833P   5492
0.0178179270405292,0.0178179270405292,0.0222991746120772,            833P   5493
0.0222991746120772,0.0222991746120772,0.0267795834040453,            833P   5494
0.0267795834040453,0.0267795834040453,0.0312601495098028,            833P   5495
0.0312601495098028,0.0312601495098028,0.0357409346293588,            833P   5496
0.0357409346293588,0.0357409346293588,0.0402208793258621,            833P   5497
0.0402208793258621,0.0402208793258621,0.0447026019331254,            833P   5498
0.0447026019331254,0.0447026019331254,0.0491828082384715,            833P   5499
0.0491828082384715,0.0491828082384715,0.0536640833330705,            833P   5500
0.0536640833330705,0.0536640833330705,0.0581442703217283,            833P   5501
0.0581442703217283,0.0581442703217283,0.0626247430582642,            833P   5502
0.0626247430582642,0.0626247430582642,0.0671057165976273,            833P   5503
0.0671057165976273,0.0671057165976273,0.071585880842388,             833P   5504
0.071585880842388,0.071585880842388,0.0760673428077811,              833P   5505
0.0760673428077811,0.0760673428077811,0.0805473777650119,            833P   5506
0.0805473777650119,0.0805473777650119,0.0850287627295763,            833P   5507
0.0850287627295763,0.0850287627295763,0.0895091172052434,            833P   5508
0.0895091172052434,0.0895091172052434,0.093989779541136,             833P   5509
0.093989779541136,0.093989779541136,0.098470448411511,               833P   5510
0.098470448411511,0.098470448411511,0.102950425394903,               833P   5511
0.102950425394903,0.102950425394903,0.10743208219577,                833P   5512
0.10743208219577,0.10743208219577,0.111912277676989,                 833P   5513
0.111912277676989,0.111912277676989,0.116393655210468,               833P   5514
0.116393655210468,0.116393655210468,0.120873802929642,               833P   5515
0.120873802929642,0.120873802929642,0.125354396507165,               833P   5516
0.125354396507165,0.125354396507165,0.129835251772988,               833P   5517
0.129835251772988,0.129835251772988,0.134315456753576,               833P   5518
0.134315456753576,0.134315456753576,0.138796829465935,               833P   5519
0.138796829465935,0.138796829465935,0.143276847422469,               833P   5520
0.143276847422469,0.143276847422469,0.147758365294058,               833P   5521
0.147758365294058,0.147758365294058,0.152238677517698,               833P   5522
0.152238677517698,0.152238677517698,0.156719440643664,               833P   5523
0.156719440643664,0.156719440643664,0.161200002145807,               833P   5524
0.161200002145807,0.161200002145807,0.165680030470179,               833P   5525
0.165680030470179,0.165680030470179,0.170161598985398,               833P   5526
0.170161598985398,0.170161598985398,0.174641780949457,               833P   5527
0.174641780949457,0.174641780949457,0.179123252029348,               833P   5528
0.179123252029348,0.179123252029348,0.183603370323423,               833P   5529
0.183603370323423,0.183603370323423,0.188084091021799,               833P   5530
0.188084091021799,0.188084091021799,0.19256483599609,                833P   5531
0.19256483599609,0.19256483599609,0.197045096234143,                 833P   5532
0.197045096234143,0.197045096234143,0.201526363537767,               833P   5533
0.201526363537767,0.201526363537767,0.206006356832124,               833P   5534
0.206006356832124,0.206006356832124,0.210487994580798,               833P   5535
0.210487994580798,0.210487994580798,0.214968273881015,               833P   5536
0.214968273881015,0.214968273881015,0.219449139998527,               833P   5537
0.219449139998527,0.219449139998527,0.22392960344831,                833P   5538
0.22392960344831,0.22392960344831,0.228409699026753,                 833P   5539
0.228409699026753,0.228409699026753,0.232891161260044,               833P   5540
0.232891161260044,0.232891161260044,0.237371323007827,               833P   5541
0.237371323007827,0.237371323007827,0.241852869279688,               833P   5542
0.241852869279688,0.241852869279688,0.24633296444199,                833P   5543
0.24633296444199,0.24633296444199,0.250813815785543,                 833P   5544
0.250813815785543,0.250813815785543,0.255294458709157,               833P   5545
0.255294458709157,0.255294458709157,0.259774785005713,               833P   5546
0.259774785005713,0.259774785005713,0.26425593442421,                833P   5547
0.26425593442421,0.26425593442421,0.268735896268256,                 833P   5548
0.268735896268256,0.268735896268256,0.273217622688062,               833P   5549
0.273217622688062,0.273217622688062,0.277697875481096,               833P   5550
0.277697875481096,0.277697875481096,0.282178844792241,               833P   5551
0.282178844792241,0.282178844792241,0.28665921952864,                833P   5552
0.28665921952864,0.28665921952864,0.291139394891578,                 833P   5553
0.291139394891578,0.291139394891578,0.295620737136686,               833P   5554
0.295620737136686,0.295620737136686,0.300100879584382,               833P   5555
0.300100879584382,0.300100879584382,0.30458245866937,                833P   5556
0.30458245866937,0.30458245866937,0.30906253481185,                  833P   5557
0.30906253481185,0.30906253481185,0.31354351926192,                  833P   5558
0.31354351926192,0.31354351926192,0.318024069725065,                 833P   5559
0.318024069725065,0.318024069725065,0.322504470638965,               833P   5560
0.322504470638965,0.322504470638965,0.326985494673864,               833P   5561
0.326985494673864,0.326985494673864,0.331465434036604,               833P   5562
0.331465434036604,0.331465434036604,0.335947197879328,               833P   5563
0.335947197879328,0.335947197879328,0.340427430133869,               833P   5564
0.340427430133869,0.340427430133869,0.344908503545263,               833P   5565
0.344908503545263,0.344908503545263,0.349388801117472,               833P   5566
0.349388801117472,0.349388801117472,0.353869068081822,               833P   5567
0.353869068081822,0.353869068081822,0.358350283298891,               833P   5568
0.358350283298891,0.358350283298891,0.362830417551409,               833P   5569
0.362830417551409,0.362830417551409,0.367311986751226,               833P   5570
0.367311986751226,0.367311986751226,0.371792047436266,               833P   5571
0.371792047436266,0.371792047436266,0.376273168004493,               833P   5572
0.376273168004493,0.376273168004493,0.38075363823117,                833P   5573
0.38075363823117,0.38075363823117,0.38523412203226,                  833P   5574
0.38523412203226,0.38523412203226,0.389715019510572,                 833P   5575
0.389715019510572,0.389715019510572,0.39419495265636,                833P   5576
0.39419495265636,0.39419495265636,0.398676710894169,                 833P   5577
0.398676710894169,0.398676710894169,0.403156927928639,               833P   5578
0.403156927928639,0.403156927928639,0.407638106725528,               833P   5579
0.407638106725528,0.407638106725528,0.412118340356747,               833P   5580
0.412118340356747,0.412118340356747,0.416598710218433,               833P   5581
0.416598710218433,0.416598710218433,0.42107979749338,                833P   5582
0.42107979749338,0.42107979749338,0.42555993939534,                  833P   5583
0.42555993939534,0.42555993939534,0.430041464747428,                 833P   5584
0.430041464747428,0.430041464747428,0.434521512113483,               833P   5585
0.434521512113483,0.434521512113483,0.43900277105531,                833P   5586
0.43900277105531,0.43900277105531,0.443483174632955,                 833P   5587
0.443483174632955,0.443483174632955,0.447963748880054,               833P   5588
0.447963748880054,0.447963748880054,0.452444523622035,               833P   5589
0.452444523622035,0.452444523622035,0.456924470337323,               833P   5590
0.456924470337323,0.456924470337323,0.461406188284639,               833P   5591
0.461406188284639,0.461406188284639,0.465886393680699,               833P   5592
0.465886393680699,0.465886393680699,0.470367677872518,               833P   5593
0.470367677872518,0.470367677872518,0.474847861014831,               833P   5594
0.474847861014831,0.474847861014831,0.479328343947882,               833P   5595
0.479328343947882,0.479328343947882,0.48380930696088,                833P   5596
0.48380930696088,0.48380930696088,0.488289474113248,                 833P   5597
0.488289474113248,0.488289474113248,0.492770929109744,               833P   5598
0.492770929109744,0.492770929109744,0.497250962808808,               833P   5599
0.497250962808808,0.497250962808808,0.50173235962544,                833P   5600
0.50173235962544,0.50173235962544,0.506212710011775,                 833P   5601
0.506212710011775,0.506212710011775,0.510693380965615,               833P   5602
0.510693380965615,0.510693380965615,0.515174040176127,               833P   5603
0.515174040176127,0.515174040176127,0.519654020917707,               833P   5604
0.519654020917707,0.519654020917707,0.5241356709,0.5241356709,       833P   5605
0.5241356709,0.528615865397807,0.528615865397807,                    833P   5606
0.528615865397807,0.533097251527742,0.533097251527742,               833P   5607
0.533097251527742,0.537577396372419,0.537577396372419,               833P   5608
0.537577396372419,0.542058000791043,0.542058000791043,               833P   5609
0.542058000791043,0.546538846183523,0.546538846183523,               833P   5610
0.546538846183523,0.551019055453724,0.551019055453724,               833P   5611
0.551019055453724,0.555500419624757,0.555500419624757,               833P   5612
0.555500419624757,0.559980435832351,0.559980435832351,               833P   5613
0.559980435832351,0.564461964779492,0.564461964779492,               833P   5614
0.564461964779492,0.568942273847562,0.568942273847562,               833P   5615
0.568942273847562,0.57342304588252,0.57342304588252,                 833P   5616
0.57342304588252,0.577903598535005,0.577903598535005,                833P   5617
0.577903598535005,0.582383632141825,0.582383632141825,               833P   5618
0.582383632141825,0.586865192115926,0.586865192115926,               833P   5619
0.586865192115926,0.591345372662641,0.591345372662641,               833P   5620
0.591345372662641,0.595826851199605,0.595826851199605,               833P   5621
0.595826851199605,0.600306967315981,0.600306967315981,               833P   5622
0.600306967315981,0.604787699273732,0.604787699273732,               833P   5623
0.604787699273732,0.609268435093249,0.609268435093249,               833P   5624
0.609268435093249,0.613748700715755,0.613748700715755,               833P   5625
0.613748700715755,0.618229958261015,0.618229958261015,               833P   5626
0.618229958261015,0.622709948928782,0.622709948928782,               833P   5627
0.622709948928782,0.627191596152289,0.627191596152289,               833P   5628
0.627191596152289,0.631671872944027,0.631671872944027,               833P   5629
0.631671872944027,0.636152748036607,0.636152748036607,               833P   5630
0.636152748036607,0.640633203424675,0.640633203424675,               833P   5631
0.640633203424675,0.645113305480427,0.645113305480427,               833P   5632
0.645113305480427,0.649594757788104,0.649594757788104,               833P   5633
0.649594757788104,0.654074917628552,0.654074917628552,               833P   5634
0.654074917628552,0.658556468705703,0.658556468705703,               833P   5635
0.658556468705703,0.663036562085919,0.663036562085919,               833P   5636
0.663036562085919,0.66751742489472,0.66751742489472,                 833P   5637
0.66751742489472,0.671998059399025,0.671998059399025,                833P   5638
0.671998059399025,0.676478391860517,0.676478391860517,               833P   5639
0.676478391860517,0.68095953062706,0.68095953062706,                 833P   5640
0.68095953062706,0.685439490051285,0.685439490051285,                833P   5641
0.685439490051285,0.68992122168169,0.68992122168169,                 833P   5642
0.68992122168169,0.694401472485355,0.694401472485355,                833P   5643
0.694401472485355,0.69888245080492,0.69888245080492,                 833P   5644
0.69888245080492,0.703362818382158,0.703362818382158,                833P   5645
0.703362818382158,0.707843001254885,0.707843001254885,               833P   5646
0.707843001254885,0.712324332686737,0.712324332686737,               833P   5647
0.712324332686737,0.716804473919917,0.716804473919917,               833P   5648
0.716804473919917,0.721286053732394,0.721286053732394,               833P   5649
0.721286053732394,0.72576612843258,0.72576612843258,                 833P   5650
0.72576612843258,0.730247124599394,0.730247124599394,                833P   5651
0.730247124599394,0.734727667613878,0.734727667613878,               833P   5652
0.734727667613878,0.739208075424714,0.739208075424714,               833P   5653
0.739208075424714,0.743689088470164,0.743689088470164,               833P   5654
0.743689088470164,0.748169026603698,0.748169026603698,               833P   5655
0.748169026603698,0.752650791563271,0.752650791563271,               833P   5656
0.752650791563271,0.757131022330418,0.757131022330418,               833P   5657
0.757131022330418,0.761612104866352,0.761612104866352,               833P   5658
0.761612104866352,0.766092396380093,0.766092396380093,               833P   5659
0.766092396380093,0.770572671863009,0.770572671863009,               833P   5660
0.770572671863009,0.775053875965372,0.775053875965372,               833P   5661
0.775053875965372,0.779534010236101,0.779534010236101,               833P   5662
0.779534010236101,0.784015576887327,0.784015576887327,               833P   5663
0.784015576887327,0.788495636387083,0.788495636387083,               833P   5664
0.788495636387083,0.792976768922529,0.792976768922529,               833P   5665
0.792976768922529,0.797457232846409,0.797457232846409,               833P   5666
0.797457232846409,0.801937724236532,0.801937724236532,               833P   5667
0.801937724236532,0.806418610881348,0.806418610881348,               833P   5668
0.806418610881348,0.810898544419563,0.810898544419563,               833P   5669
0.810898544419563,0.8153803004523,0.8153803004523,                   833P   5670
0.8153803004523,0.819860516395162,0.819860516395162,                 833P   5671
0.819860516395162,0.824341704396041,0.824341704396041,               833P   5672
0.824341704396041,0.82882193314846,0.82882193314846,                 833P   5673
0.82882193314846,0.833302312464977,0.833302312464977,                833P   5674
0.833302312464977,0.83778338878577,0.83778338878577,                 833P   5675
0.83778338878577,0.842263532202885,0.842263532202885,                833P   5676
0.842263532202885,0.846745052431093,0.846745052431093,               833P   5677
0.846745052431093,0.851225098695375,0.851225098695375,               833P   5678
0.851225098695375,0.855706369702962,0.855706369702962,               833P   5679
0.855706369702962,0.860186768172214,0.860186768172214,               833P   5680
0.860186768172214,0.86466735061163,0.86466735061163,                 833P   5681
0.86466735061163,0.869148115034791,0.869148115034791,                833P   5682
0.869148115034791,0.873628063927772,0.873628063927772,               833P   5683
0.873628063927772,0.878109777011179,0.878109777011179,               833P   5684
0.878109777011179,0.882589981507614,0.882589981507614,               833P   5685
0.882589981507614,0.887071274775738,0.887071274775738,               833P   5686
0.887071274775738,0.89155145416783,0.89155145416783,                 833P   5687
0.89155145416783,0.896031947364586,0.896031947364586,                833P   5688
0.896031947364586,0.900512899905695,0.900512899905695,               833P   5689
0.900512899905695,0.904993070097314,0.904993070097314,               833P   5690
0.904993070097314,0.909474517975182,0.909474517975182,               833P   5691
0.909474517975182,0.913954550391255,0.913954550391255,               833P   5692
0.913954550391255,0.918435959021973,0.918435959021973,               833P   5693
0.918435959021973,0.92291630541265,0.92291630541265,                 833P   5694
0.92291630541265,0.927396985021145,0.927396985021145,                833P   5695
0.927396985021145,0.931877634643759,0.931877634643759,               833P   5696
0.931877634643759,0.936357619289846,0.936357619289846,               833P   5697
0.936357619289846,0.940839262291915,0.940839262291915,               833P   5698
0.940839262291915,0.94531945578722,0.94531945578722,                 833P   5699
0.94531945578722,0.949800850447151,0.949800850447151,                833P   5700
0.949800850447151,0.954280992493532,0.954280992493532,               833P   5701
0.954280992493532,0.958761607802606,0.958761607802606,               833P   5702
0.958761607802606,0.963242443386647,0.963242443386647,               833P   5703
0.963242443386647,0.967722657057861,0.967722657057861,               833P   5704
0.967722657057861,0.972204012572851,0.972204012572851,               833P   5705
0.972204012572851,0.976684026974627,0.976684026974627,               833P   5706
0.976684026974627,0.981165566898448,0.981165566898448,               833P   5707
0.981165566898448,0.985645872883059,0.985645872883059,               833P   5708
0.985645872883059,0.990126653845586,0.990126653845586,               833P   5709
0.990126653845586,0.994607197722573,0.994607197722573,               833P   5710
0.994607197722573,0.999087236733204,0.999087236733204,               833P   5711
0.999087236733204,1.0,1.0,1.0,1.0,1.0,1.0,1.0,1.0,1.0,1.0,1.0,       833P   5712
1.0,1.0,1.0,1.0,1.0,1.0,1.0,1.0,1.0,1.0,1.0,1.0,1.0,1.0,1.0,1.0,     833P   5713
1.0,1.0,1.0,1.0,1.0,1.0,1.0,1.0,1.0,1.0,1.0,1.0,1.0,1.0,1.0,1.0,     833P   5714
1.0,1.0,1.0,1.0,1.0,1.0,1.0,1.0,1.0,1.0,1.0,1.0,1.0,1.0,1.0,1.0,     833P   5715
1.0,1.0,1.0,1.0,1.0,1.0,1.0,1.0,1.0,1.0,1.0,1.0,1.0,1.0,1.0,1.0,     833P   5716
1.0,1.0,1.0,1.0,1.0,1.0,1.0,1.0,1.0,1.0,1.0,1.0,1.0,1.0,1.0,1.0,     833P   5717
1.0,1.0,1.0,1.0,1.0,1.0,1.0,1.0,1.0,1.0,1.0,1.0,1.0,1.0,1.0,1.0,     833P   5718
1.0,1.0,1.0,1.0,1.0,1.0,1.0,1.0,1.0,1.0,1.0,1.0,1.0,1.0,1.0,1.0,     833P   5719
1.0,1.0,1.0,1.0,1.0,1.0,1.0,1.0,1.0,1.0,1.0,1.0,1.0,1.0,1.0,1.0,     833P   5720
1.0,1.0,1.0,1.0,1.0,1.0,1.0,1.0,1.0,1.0,1.0,1.0,1.0,1.0,1.0,1.0,     833P   5721
1.0,1.0,1.0,1.0,1.0,1.0,1.0,1.0,1.0,1.0,1.0,1.0,1.0,1.0,1.0,1.0,     833P   5722
1.0,1.0,1.0,1.0,1.0,1.0,1.0,1.0,1.0,1.0,1.0,1.0,1.0,1.0,1.0,1.0,     833P   5723
1.0,1.0,1.0,1.0,1.0,1.0,1.0,1.0,1.0,1.0,1.0,1.0,1.0,1.0,1.0,1.0,     833P   5724
1.0,1.0,1.0,1.0,1.0,1.0,1.0,1.0,1.0,1.0,1.0,1.0,1.0,1.0,1.0,1.0,     833P   5725
1.0,1.0,1.0,1.0,1.0,1.0,1.0,1.0,1.0,1.0,1.0,1.0,1.0,1.0,1.0,1.0,     833P   5726
1.0,1.0,1.0,1.0,1.0,1.0,1.0,1.0,1.0,1.0,1.0,1.0,1.0,1.0,1.0,1.0,     833P   5727
1.0,1.0,1.0,1.0,1.0,1.0,1.0,1.0,1.0,1.0,1.0,1.0,1.0,1.0,1.0,1.0,     833P   5728
1.0,1.0,1.0,1.0,1.0,1.0,1.0,1.0,1.0,1.0,1.0,1.0,1.0,1.0,1.0,1.0,     833P   5729
1.0,1.0,1.0,1.0,1.0,1.0,1.0,1.0,1.0,1.0,1.0,1.0,1.0,1.0,1.0,1.0,     833P   5730
1.0,1.0,1.0,1.0,1.0,1.0,1.0,1.0,1.0,1.0,1.0,1.0,1.0,1.0,1.0,1.0,     833P   5731
1.0,1.0,1.0,1.0,1.0,1.0,1.0,1.0,1.0,1.0,1.0,1.0,1.0,1.0,1.0,1.0,     833P   5732
1.0,1.0,1.0,1.0,1.0,1.0,1.0,1.0,1.0,1.0,1.0,1.0,1.0,1.0,1.0,1.0,     833P   5733
1.0,1.0,1.0,1.0,1.0,1.0,1.0,1.0,1.0,1.0,1.0,1.0,1.0,1.0,1.0,1.0,     833P   5734
1.0,1.0,1.0,1.0,1.0,1.0,1.0,1.0,1.0,1.0,1.0,1.0,1.0,1.0,1.0,1.0,     833P   5735
1.0,1.0,1.0,1.0,1.0,1.0,1.0,1.0,1.0,1.0,1.0,1.0,1.0,1.0,1.0,1.0,     833P   5736
1.0,1.0,1.0,1.0,1.0,1.0,1.0,1.0,1.0,1.0,1.0,1.0,1.0,1.0,1.0,1.0,     833P   5737
1.0,1.0,1.0,1.0,1.0,1.0,1.0,1.0,1.0,1.0,1.0,1.0,1.0,1.0,1.0,1.0,     833P   5738
1.0,1.0,1.0,1.0,1.0,1.0,1.0,1.0,1.0,1.0,1.0,1.0,1.0,1.0,1.0,1.0,     833P   5739
1.0,1.0,1.0,1.0,1.0,1.0,1.0,1.0,1.0,1.0,1.0,1.0,1.0,1.0,1.0,1.0,     833P   5740
1.0,1.0,1.0,1.0,1.0,1.0,1.0,1.0,1.0,1.0,1.0,1.0,1.0,1.0,1.0,1.0,     833P   5741
1.0,1.0,1.0,1.0,1.0,1.0,1.0,1.0,1.0,1.0,1.0,1.0,1.0,1.0,1.0,1.0,     833P   5742
1.0,1.0,1.0,1.0,1.0,1.0,1.0,1.0,1.0,1.0,1.0,1.0,1.0,1.0,1.0,1.0,     833P   5743
1.0,1.0,1.0,1.0,1.0,1.0,1.0,1.0,1.0,1.0,1.0,1.0,1.0,1.0,1.0,1.0,     833P   5744
1.0,1.0,1.0,1.0,1.0,1.0,1.0,1.0,1.0,1.0,1.0,1.0,1.0,1.0,1.0,1.0,     833P   5745
1.0,1.0,1.0,1.0,1.0,1.0,1.0,1.0,1.0,1.0,1.0,1.0,1.0,1.0,1.0,1.0,     833P   5746
1.0,1.0,1.0,1.0,1.0,1.0,1.0,1.0,1.0,1.0,1.0,1.0,1.0,1.0,1.0,1.0,     833P   5747
1.0,1.0,1.0,1.0,1.0,1.0,1.0,1.0,1.0,1.0,1.0,1.0,1.0,1.0,1.0,1.0,     833P   5748
1.0,1.0,1.0,1.0,1.0,1.0,1.0,1.0,1.0,1.0,1.0,1.0,1.0,1.0,1.0,1.0,     833P   5749
1.0,1.0,1.0,1.0,1.0,1.0,1.0,1.0,1.0,1.0,1.0,1.0,1.0,1.0,1.0,1.0,     833P   5750
1.0,1.0,1.0,1.0,1.0,1.0,1.0,1.0,1.0,1.0,1.0,1.0,1.0,1.0,1.0,1.0,     833P   5751
1.0,1.0,1.0,1.0,1.0,1.0,1.0,1.0,1.0,1.0,1.0,1.0,1.0,1.0,1.0,1.0,     833P   5752
1.0,1.0,1.0,1.0,1.0,1.0,1.0,1.0,1.0,1.0,1.0,1.0,1.0,1.0,1.0,1.0,     833P   5753
1.0,1.0,1.0,1.0,1.0,1.0,1.0,1.0,1.0,1.0,1.30968471431216,            833P   5754
0.731249580579075,-6.0,1.2295845183289,0.87471086258024,             833P   5755
-5.99155962633205,1.12420281361051,1.00655629140439,                 833P   5756
-5.98333213356668,1.00194773236875,1.11628882534993,                 833P   5757
-5.97433842231431,0.876864982525178,1.22855939074319,                833P   5758
-5.96513669324654,0.730670912245313,1.32074840798109,                833P   5759
-5.95543542057649,0.575435831134832,1.38523413336741,                833P   5760
-5.94656373561759,0.420153579833897,1.4497394535768,                 833P   5761
-5.93768935488228,0.251538840675708,1.48828933695795,                833P   5762
-5.92937275478498,0.0836429963346801,1.49766613407801,               833P   5763
-5.92069348830557,-0.0841972872930783,1.5070398281937,               833P   5764
-5.9120170940011,-0.255915833415407,1.48753321098698,                833P   5765
-5.90219636024694,-0.417350585794264,1.44077010259694,               833P   5766
-5.89294762055839,-0.578825566479676,1.39399534119767,               833P   5767
-5.88369657615459,-0.734471159764075,1.31864600208818,               833P   5768
-5.87489206184343,-0.871343368263076,1.22096713083685,               833P   5769
-5.86637935571993,-1.00819066540414,1.12330603757968,                833P   5770
-5.85786819894726,-1.1300194263683,1.0006530160522,                  833P   5771
-5.84876660384503,-1.2267422643658,0.863193730757296,                833P   5772
-5.83944195068624,-1.32346851404333,0.725729596896031,               833P   5773
-5.83011696862134,-1.39777642047312,0.569637816160969,               833P   5774
-5.82091634155687,-1.44348931261408,0.40784629993285,                833P   5775
-5.81236370838727,-1.48920434305134,0.24604721563842,                833P   5776
-5.80381067515409,-1.50756987105915,0.0740941471321034,              833P   5777
-5.79546562777047,-1.49707210915035,-0.0936755037569799,             833P   5778
-5.78624048282068,-1.48657612946618,-0.261416672079269,              833P   5779
-5.77701690404096,-1.44695074540619,-0.429635029057096,              833P   5780
-5.76727330338599,-1.38146047541011,-0.584437297645922,              833P   5781
-5.75835020298551,-1.31594540652165,-0.739298184481412,              833P   5782
-5.74942372371658,-1.22272647007954,-0.884995842691658,              833P   5783
-5.74104481840359,-1.10956787017682,-1.00938552668011,               833P   5784
-5.73231908975882,-0.996446132739031,-1.13373468957367,              833P   5785
-5.72359620360119,-0.860308285954918,-1.24021023263392,              833P   5786
-5.71381446629942,-0.712391397435984,-1.32003730888911,              833P   5787
-5.70467321235823,-0.564441506426638,-1.39988219576988,              833P   5788
-5.69552991886532,-0.400614329894676,-1.45526098119304,              833P   5789
-5.6868689983859,-0.234526611056206,-1.48155231723571,               833P   5790
-5.67840665079772,-0.0684781449069408,-1.50783743966036,             833P   5791
-5.66994630317621,0.104372392262767,-1.50577316505692,               833P   5792
-5.66076617815801,0.269700152827925,-1.47555475247942,               833P   5793
-5.6513769619455,0.43503850399389,-1.44533440416442,                 833P   5794
-5.64198714427659,0.597448148716056,-1.38611676705077,               833P   5795
-5.63271510134748,0.743463925537378,-1.30278984929441,               833P   5796
-5.62409963903215,0.88949543484953,-1.21945395346734,                833P   5797
-5.61548324844261,1.02314073344722,-1.10970374185578,                833P   5798
-5.60705386156545,1.13327180380075,-0.982697826755611,               833P   5799
-5.59783647015402,1.24338463541374,-0.855712945028898,               833P   5800
-5.58862060522926,1.33306096531374,-0.707958920098177,               833P   5801
-5.57900316773556,1.39488114778274,-0.551639903886859,               833P   5802
-5.57019645157604,1.45671837078841,-0.395277798835919,               833P   5803
-5.56138730787323,1.49237526274613,-0.226031180954514,               833P   5804
-5.55311190923311,1.49887793137037,-0.0580081619332427,              833P   5805
-5.54436368441136,1.50537861593226,0.109963590728547,                833P   5806
-5.53561812880507,1.48293889213259,0.281319574785461,                833P   5807
-5.52574707367709,1.43342103233085,0.441932284486628,                833P   5808
-5.51653879598724,1.38388910558533,0.602590620754985,                833P   5809
-5.50732790242658,1.30588289073121,0.756932405264531,                833P   5810
-5.49859745290031,1.20587245824921,0.892116368214369,                833P   5811
-5.49007906715145,1.10588438958007,1.02727010202937,                 833P   5812
-5.48156258623972,0.981170960151951,1.14697578624566,                833P   5813
-5.47233367378668,0.842078004769743,1.24133179846616,                833P   5814
-5.46301869615226,0.702975877395188,1.33569403265973,                833P   5815
-5.45370310427462,0.545627924473243,1.407322974964,                  833P   5816
-5.44458170182121,0.383072809191258,1.45026039829347,                833P   5817
-5.43605964176232,0.220517513404726,1.49319786930152,                833P   5818
-5.42753757224036,0.048284491952756,1.50861626177763,                833P   5819
-5.41910477196725,-0.119273770399119,1.49525040300773,               833P   5820
-5.40982798315239,-0.286808925684684,1.48188638745213,               833P   5821
-5.40055247365,-0.45432901333446,1.43938844033445,                   833P   5822
-5.39086412767043,-0.607991255720363,1.37125731829135,               833P   5823
-5.38199137618395,-0.761708558893681,1.30310178326839,               833P   5824
-5.3731154453824,-0.905788772822496,1.20740314148633,                833P   5825
-5.3647756636766,-1.02822000218136,1.09213718328522,                 833P   5826
-5.35598240748819,-1.15061297580854,0.976907241904256,               833P   5827
-5.34719189890307,-1.25474355175842,0.838970265906715,               833P   5828
-5.33737855208864,-1.3320297842253,0.689707658314313,                833P   5829
-5.32828104303717,-1.40933513454745,0.540408128480543,               833P   5830
-5.31918128358669,-1.4619044736078,0.375649729560315,                833P   5831
-5.31059071422818,-1.48534954923546,0.20913325079005,                833P   5832
-5.30211350089847,-1.50878836312525,0.042661245433202,               833P   5833
-5.2936385516727,-1.50376693265936,-0.130119778479829,               833P   5834
-5.28432392748212,-1.47072455771933,-0.294905536267618,              833P   5835
-5.27494379863988,-1.43767899105077,-0.459707211537267,              833P   5836
-5.265562763724,-1.3756873080196,-0.621088036354774,                 833P   5837
-5.25637005202536,-1.28986965469017,-0.765660678048358,              833P   5838
-5.24778593209435,-1.20404716747013,-0.910241463151929,              833P   5839
-5.23920132864165,-1.09203129684677,-1.04198116057451,               833P   5840
-5.23068375913484,-0.963164904668153,-1.14991885210026,              833P   5841
-5.22142601290822,-0.83431549894929,-1.25784231587259,               833P   5842
-5.21216948698684,-0.685044848359242,-1.34498036569098,              833P   5843
-5.20261301700605,-0.527687236086416,-1.40411758085692,              833P   5844
-5.19385526038309,-0.370290529175177,-1.46326948834062,              833P   5845
-5.18509532794337,-0.200460443438445,-1.49602375878182,              833P   5846
-5.17685050315852,-0.0323583322437326,-1.49965093883024,             833P   5847
-5.16802260994502,0.135695425231214,-1.5032770755387,                833P   5848
-5.15919725603024,0.306640497039297,-1.47791093004715,               833P   5849
-5.14930100366839,0.466384607397644,-1.42565262177802,               833P   5850
-5.1401364216666,0.626179232431585,-1.37337778825808,                833P   5851
-5.13096894161814,0.779171499264932,-1.29273740702619,               833P   5852
-5.12230935894997,0.91262712600215,-1.1904250202701,                 833P   5853
-5.11377740090023,1.04604784807028,-1.08813939282038,                833P   5854
-5.10524767434257,1.16359619982537,-0.961401900089784,               833P   5855
-5.09589605950102,1.25555820210986,-0.820715298452918,               833P   5856
-5.08659739557492,1.34752894736946,-0.68001532151509,                833P   5857
-5.07729784760992,1.41645758645404,-0.521456898867372,               833P   5858
-5.0682563968739,1.45660664467705,-0.358185821442815,                833P   5859
-5.05975983953024,1.49675394475643,-0.194921893725316,               833P   5860
-5.05126365425429,1.50922093170128,-0.022459984875172,               833P   5861
-5.04272646421009,1.49299087240272,0.144838720382913,                833P   5862
-5.03340823713699,1.47676250693037,0.3121199657584,                  833P   5863
-5.02409098254691,1.43140359941633,0.478893588632509,                833P   5864
-5.01446338090952,1.36065080079502,0.631371046450404,                833P   5865
-5.00563997578348,1.28987472229849,0.783898674102699,                833P   5866
-4.99681366748223,1.19172489054758,0.926317939960331,                833P   5867
-4.9885055028272,1.0743864350219,1.04675392917387,                   833P   5868
-4.97963456376652,0.957082558119641,1.16715442694772,                833P   5869
-4.97076623889451,0.817385815435894,1.26891041110848,                833P   5870
-4.96094689461608,0.666821087006528,1.34363299971518,                833P   5871
-4.95189571284614,0.516215619250256,1.41837580652303,                833P   5872
-4.94284208203612,0.350574693454826,1.46811974601934,                833P   5873
-4.93431795409324,0.183678969880118,1.48871153553124,                833P   5874
-4.92581748495222,0.0168322472741422,1.50929727924633,               833P   5875
-4.91731951156851,-0.155829383054744,1.5013205287595,                833P   5876
-4.90787680291813,-0.32002563191751,1.46546361091492,                833P   5877
-4.89851248007166,-0.484242974819076,1.42960208658742,               833P   5878
-4.88914695420508,-0.644547772905391,1.36485384953079,               833P   5879
-4.8800343580769,-0.787634694525311,1.27657024404457,                833P   5880
-4.87147657944053,-0.930722348431576,1.18828618674293,               833P   5881
-4.8629187570074,-1.06051760997329,1.07403794709873,                 833P   5882
-4.85429837991974,-1.16623081821949,0.943348121657695,               833P   5883
-4.84500995016421,-1.2719337689482,0.812670977254271,                833P   5884
-4.83572242167951,-1.35650784171272,0.661926348813766,               833P   5885
-4.82623168078361,-1.41294428877111,0.503575651545134,               833P   5886
-4.81752121779315,-1.46939284682048,0.345190972975993,               833P   5887
-4.80880888557908,-1.49923434806108,0.174828170128207,               833P   5888
-4.80058646386106,-1.49998504820405,0.00669739981588987,             833P   5889
-4.79166842778837,-1.50073554705883,-0.161388288930951,              833P   5890
-4.7827527829438,-1.47245018807792,-0.331873699317637,               833P   5891
-4.7728590699756,-1.41746651295695,-0.490702236234991,               833P   5892
-4.76374084295989,-1.36246372959041,-0.649585970166381,              833P   5893
-4.75461944712506,-1.27921269059014,-0.801183044735537,              833P   5894
-4.74602689304128,-1.174628745691,-0.932870467855207,                833P   5895
-4.7374730629367,-1.07007559865991,-1.06451911167768,                833P   5896
-4.72892175176302,-0.941350774713693,-1.17987648530906,              833P   5897
-4.71945524548441,-0.799111007678402,-1.26941781829594,              833P   5898
-4.71017897156287,-0.656853770886973,-1.3589701486662,               833P   5899
-4.70090155833798,-0.497130968427399,-1.42517779877857,              833P   5900
-4.69194010535646,-0.333191813823354,-1.46252631265256,              833P   5901
-4.68346344389461,-0.169266971573272,-1.49987156589519,              833P   5902
-4.67498752246939,0.00337294459904852,-1.50938367076438,             833P   5903
-4.66633261708516,0.170364038258186,-1.49029396243432,               833P   5904
-4.65698270987308,0.337343467607165,-1.47120558751836,               833P   5905
-4.64763345575102,0.503322482895216,-1.42299802193157,               833P   5906
-4.63807141946031,0.654570599846935,-1.34964340839202,               833P   5907
-4.6292957584423,0.805862941205156,-1.27626734622676,                833P   5908
-4.62051753145252,0.946578347999401,-1.17569539215693,               833P   5909
-4.61223226562293,1.06498299030516,-1.05631966296225,                833P   5910
-4.60327390186064,1.18335514574697,-0.936976687070115,               833P   5911
-4.5943179960184,1.28270742767937,-0.795559881165535,                833P   5912
-4.5845203695477,1.35484412005732,-0.643737066158322,                833P   5913
-4.5755174931051,1.42700184337249,-0.491869988294197,                833P   5914
-4.56651199193819,1.4739050870594,-0.325395814742695,                833P   5915
-4.55804976078326,1.49163735568335,-0.158170791013949,               833P   5916
-4.549517263338,1.5093640464444,0.00900163040673481,                 833P   5917
-4.54098744987538,1.49843458666552,0.1814941363827,                  833P   5918
-4.53142633717112,1.4597733177699,0.34505341720822,                  833P   5919
-4.52208397612487,1.4211058658619,0.508638855712617,                 833P   5920
-4.51274012097521,1.35361937006099,0.667820631775631,                833P   5921
-4.50370774213381,1.26289533994005,0.809379614493535,                833P   5922
-4.49517076800488,1.17217541166086,0.950932197004743,                833P   5923
-4.48663417985216,1.055728569599,1.07874493058594,                   833P   5924
-4.47789960927339,0.923252783499301,1.18220315418315,                833P   5925
-4.46858970018462,0.790785217094347,1.28565495853166,                833P   5926
-4.45928036874565,0.638609766672757,1.36763996425922,                833P   5927
-4.44985944551268,0.479311871539729,1.42135855075385,                833P   5928
-4.44119401446393,0.319985994308873,1.47508657339791,                833P   5929
-4.43252706125484,0.149141508883872,1.50200603654302,                833P   5930
-4.42431236617461,-0.0189679903637118,1.49988006698588,              833P   5931
-4.41529969915981,-0.187035890852364,1.4977546235007,                833P   5932
-4.40628926233286,-0.357012892257687,1.46655789441176,               833P   5933
-4.39642218200491,-0.514879125792933,1.40886460876221,               833P   5934
-4.38735235527889,-0.672804373808361,1.35114975587067,               833P   5935
-4.37827913801711,-0.822960367446422,1.26531270988278,               833P   5936
-4.36974915507607,-0.952839815874983,1.15848879376683,               833P   5937
-4.3611647914973,-1.08267782492932,1.05169896092033,                 833P   5938
-4.35258316684806,-1.19581133597262,0.921024069979676,               833P   5939
-4.34301274632239,-1.2829060473411,0.777272200516417,                833P   5940
-4.33376436518538,-1.37001377446269,0.633498848246552,               833P   5941
-4.32451460193636,-1.43348061746355,0.47265821671096,                833P   5942
-4.31563250758711,-1.46801734033725,0.308099153632625,               833P   5943
-4.30716961214335,-1.50254960946699,0.143561311558285,               833P   5944
-4.29870780804719,-1.50910435586428,-0.0292058964089084,             833P   5945
-4.28992520388096,-1.4871604249244,-0.195841442342218,               833P   5946
-4.2805529074332,-1.46521726231054,-0.362471153841122,               833P   5947
-4.27118093913901,-1.41417427350085,-0.527607530425897,              833P   5948
-4.2616886118864,-1.33823860585147,-0.677582049503014,               833P   5949
-4.25295849529813,-1.26228395165816,-0.827594067398333,              833P   5950
-4.24422619587869,-1.15932020752185,-0.966562926817728,              833P   5951
-4.23594051478033,-1.03794238203524,-1.0829014782403,                833P   5952
-4.22689988466724,-0.916595046559801,-1.19921080551324,              833P   5953
-4.21786152555309,-0.773498606458926,-1.29613057715228,              833P   5954
-4.20809983544049,-0.620461890543554,-1.36565992925896,              833P   5955
-4.19914661531523,-0.467378749466878,-1.43521037376407,              833P   5956
-4.19019067914444,-0.300121866392155,-1.47925835457838,              833P   5957
-4.18178519765172,-0.13261852565009,-1.49412594069389,               833P   5958
-4.17321157946564,0.0348303480446234,-1.50898869231766,              833P   5959
-4.16464074916227,0.207104171062254,-1.49511022412589,               833P   5960
-4.15497414559011,0.369979146722001,-1.45365588465457,               833P   5961
-4.14565932608676,0.532885276886585,-1.41219361585331,               833P   5962
-4.13634272485734,0.690897390833076,-1.34198826112741,               833P   5963
-4.12738997589599,0.830886768291075,-1.24885034262669,               833P   5964
-4.11886774766086,0.970862971551622,-1.15572118920052,               833P   5965
-4.11034632144029,1.09665603769572,-1.03711022278359,                833P   5966
-4.10148944144273,1.19782962521175,-0.902886586989236,               833P   5967
-4.09216677094397,1.29900042528121,-0.768666649207594,               833P   5968
-4.08284435729531,1.37837219000222,-0.615104198644262,               833P   5969
-4.07349665549846,1.429356853805,-0.454905467631114,                 833P   5970
-4.0648734009079,1.48034830628399,-0.294685405942541,                833P   5971
-4.05624899811945,1.50433771240939,-0.123411019738236,               833P   5972
-4.0480135810467,1.49933595776383,0.0446283066720471,                833P   5973
-4.0389172110614,1.49433532217843,0.212630037052887,                 833P   5974
-4.02982287623894,1.46023590980725,0.382049763226756,                833P   5975
-4.01999127397719,1.39984945574581,0.538907692697423,                833P   5976
-4.01097125063257,1.33943961327984,0.695826375142661,                833P   5977
-4.00194773372375,1.25104267244092,0.844495178364668,                833P   5978
-3.9934752569828,1.14201187941159,0.9725270522113,                   833P   5979
-3.98485137878129,1.03301717556283,1.1005165475217,                  833P   5980
-3.97623035508253,0.900430167196921,1.21139426516157,                833P   5981
-3.96657012122933,0.755207965251883,1.29601733368814,                833P   5982
-3.95735454952239,0.609960314166063,1.38065523179555,                833P   5983
-3.94813736285314,0.448048942262105,1.44136256918785,                833P   5984
-3.93933329953416,0.282918456206644,1.47307744098457,                833P   5985
-3.93087753498626,0.117815775064953,1.50478697258459,                833P   5986
-3.92242319423241,-0.0550281708657711,1.50838313143726,              833P   5987
-3.91350627605629,-0.221260380621434,1.4835915354191,                833P   5988
-3.90412039311053,-0.387492525782518,1.45879994903446,               833P   5989
-3.89473451381195,-0.551738445542342,1.40493596329386,               833P   5990
-3.88531535123634,-0.70039554951508,1.3264411310795,                 833P   5991
-3.87662798543252,-0.849082904337859,1.2479303256265,                833P   5992
-3.86793885180064,-0.986263337263648,1.14260622481684,               833P   5993
-3.85962577588323,-1.10050225198846,1.01926188654749,                833P   5994
-3.85051415255139,-1.21471550785391,0.895945252279306,               833P   5995
-3.84140457575389,-1.30917476230843,0.751210240584722,               833P   5996
-3.83168618603296,-1.37607637763986,0.597004022517074,               833P   5997
-3.82278334000664,-1.4429983109552,0.442750972105513,                833P   5998
-3.81387779019086,-1.48417759286815,0.274762359618473,               833P   5999
-3.80552327740008,-1.49617651782096,0.107031899549437,               833P   6000
-3.79689911932742,-1.50817153775806,-0.0606439731225611,             833P   6001
-3.78827776796226,-1.49134883297227,-0.232649745450655,              833P   6002
-3.77852175872522,-1.44711378726741,-0.394793220180595,              833P   6003
-3.76923947382551,-1.40286888569711,-0.55697282156631,               833P   6004
-3.75995512077034,-1.32996516778635,-0.713769008284032,              833P   6005
-3.75108072962465,-1.23444089517007,-0.852147684578044,              833P   6006
-3.74256668707752,-1.13893009881212,-0.990506838851745,              833P   6007
-3.73405384566424,-1.018190177587,-1.11424404932455,                 833P   6008
-3.72506981980056,-0.882257440299304,-1.21310420370078,              833P   6009
-3.71574259773966,-0.746323898964292,-1.3119649428386,               833P   6010
-3.70641532050789,-0.591418910540108,-1.38870023756153,              833P   6011
-3.69714355495328,-0.430366149565655,-1.43693596840918,              833P   6012
-3.68855903659699,-0.269299141330375,-1.48517596634939,              833P   6013
-3.67997375882576,-0.0976465220345483,-1.50622856072109,             833P   6014
-3.67169153243583,0.0702739805219744,-1.49835295163109,              833P   6015
-3.66252282804695,0.238161429825471,-1.49047889276572,               833P   6016
-3.6533559284139,0.406975315916857,-1.45348645325176,                833P   6017
-3.643567226887,0.562779433653214,-1.39042414717889,                 833P   6018
-3.63459778238365,0.718644024587213,-1.3273373643505,                833P   6019
-3.62562485651539,0.865780287008589,-1.23640749953322,               833P   6020
-3.61720417481729,0.991925842516525,-1.12520359177701,               833P   6021
-3.60853145905808,1.11802949271832,-1.01403662574087,                833P   6022
-3.59986162435804,1.22662026470625,-0.87957596229728,                833P   6023
-3.59012873049224,1.30874741994908,-0.732925774397804,               833P   6024
-3.58095029236845,1.39089103933517,-0.586246187334366,               833P   6025
-3.5717700142306,1.44882108608038,-0.423311603636507,                833P   6026
-3.56304197767299,1.47770502121254,-0.257658437244444,               833P   6027
-3.5545862264231,1.50658302815637,-0.0920392697920786,               833P   6028
-3.54613221064608,1.50722037765284,0.0808310414965103,               833P   6029
-3.53707772462297,1.47958859116179,0.246612248081455,                833P   6030
-3.52768654716891,1.45195587485351,0.412399033249705,                833P   6031
-3.51829505369915,1.39528629504401,0.575706863277673,                833P   6032
-3.5089518250678,1.3142551121102,0.723003112228575,                  833P   6033
-3.50030383490065,1.23321143607927,0.87032207078677,                 833P   6034
-3.4916545114174,1.12555906244457,1.00567312804608,                  833P   6035
-3.48329015521289,1.00028428262199,1.11777965357194,                 833P   6036
-3.47411844616173,0.875033921166007,1.229864327467,                  833P   6037
-3.46494852484593,0.728701832567378,1.32183584052641,                833P   6038
-3.45528013543444,0.573370791443068,1.38609016139642,                833P   6039
-3.44642776079671,0.417994179280124,1.45036333320644,                833P   6040
-3.43757278904829,0.249324799831236,1.48866150200988,                833P   6041
-3.42926283009653,0.0814182272031419,1.4977887275177,                833P   6042
-3.4205783975166,-0.086435021838519,1.50691305441119,                833P   6043
-3.41189672292932,-0.25812355528222,1.48715167073086,                833P   6044
-3.4020704869149,-0.419488424224548,1.44014911100955,                833P   6045
-3.39282513783493,-0.580894390761617,1.39313458032973,               833P   6046
-3.38357743408128,-0.736428651713889,1.31755384849788,               833P   6047
-3.37477945742718,-0.873155959835902,1.21967154176977,               833P   6048
-3.36626656151471,-1.00985789050393,1.12180740261746,                833P   6049
-3.35775524564961,-1.13150381915722,0.998974183171881,               833P   6050
-3.34864250255599,-1.22802239379858,0.86137158086929,                833P   6051
-3.33931841188182,-1.32454463575153,0.723763750229865,               833P   6052
-3.32999396693029,-1.39862096808737,0.567561179236847,               833P   6053
-3.32080016762267,-1.4440935802958,0.405701529881844,                833P   6054
-3.312250374164,-1.48956813888425,0.243834952392006,                 833P   6055
-3.30370021474555,-1.50767815317484,0.0718555662175658,              833P   6056
-3.29534829590308,-1.4969314077992,-0.0958976555725458,              833P   6057
-3.2861182549477,-1.48618645810665,-0.263622847330011,               833P   6058
-3.27688975624795,-1.44631139851896,-0.431782531204098,              833P   6059
-3.26715071534774,-1.38059125660256,-0.586487665848614,              833P   6060
-3.25823200785529,-1.31484631885237,-0.741251169855924,              833P   6061
-3.24930993538549,-1.22141111847278,-0.886810232438195,              833P   6062
-3.24093470681806,-1.10806830562288,-1.01103146838961,               833P   6063
-3.23220351540293,-0.994762310631589,-1.13521235277582,              833P   6064
-3.22347516019561,-0.858466814068968,-1.24148562560328,              833P   6065
-3.21368973660873,-0.710431450424729,-1.32109316637678,              833P   6066
-3.20455216060385,-0.562362742506976,-1.40071863837662,              833P   6067
-3.19541252640271,-0.398452853038946,-1.45585431522838,              833P   6068
-3.18675784844641,-0.232325980470917,-1.48189899750227,              833P   6069
-3.17829453319881,-0.066238837129129,-1.50793745119279,              833P   6070
-3.16983324195228,0.106607648841997,-1.50561654981437,               833P   6071
-3.16064127633605,0.271890266620631,-1.47515276595916,               833P   6072
-3.15125256838164,0.437183943757694,-1.44468694371716,               833P   6073
-3.14186323221183,0.599506199495514,-1.38522794740111,               833P   6074
-3.13259802401023,0.745398460651281,-1.30168396120514,               833P   6075
-3.12398546542255,0.891305791842079,-1.21813134527933,               833P   6076
-3.11537201719508,1.02478731103057,-1.10818324992973,                833P   6077
-3.10693564007218,1.13472932341243,-0.981014455850664,               833P   6078
-3.09771435276843,1.24465344415108,-0.853866356851127,               833P   6079
-3.08849456611016,1.33411057660252,-0.705979066765001,               833P   6080
-3.07888221280399,1.39569869768806,-0.549568144338677,               833P   6081
-3.07007979539249,1.45730366862343,-0.393114429560357,               833P   6082
-3.06127496973392,1.49270914243567,-0.223815176213439,               833P   6083
-3.05300253270454,1.49896238254908,-0.0557832923266115,              833P   6084
-3.04424780527931,1.5052137233637,0.112197555177762,                 833P   6085
-3.03549573693049,1.4825198240264,0.283519822353902,                 833P   6086
-3.02562146837825,1.43276361476955,0.444059032328464,                833P   6087
-3.01641686128277,1.38299313163494,0.604644297199347,                833P   6088
-3.00720961360357,1.30475745869264,0.758870804651096,                833P   6089
-2.99848544858752,1.20454611852062,0.893906397984102,                833P   6090
-2.98996620395776,1.1043575334918,1.02891132857717,                  833P   6091
-2.98144889380599,0.979467045735431,1.14843118538044,                833P   6092
-2.97220910645805,0.840234229444122,1.24258055661221,                833P   6093
-2.96289528924974,0.700991871733626,1.33673637976128,                833P   6094
-2.9535808337793,0.543537079115737,1.40813187297103,                 833P   6095
-2.94446634911728,0.380917954234227,1.45082787130039,                833P   6096
-2.93594671040426,0.218299288880599,1.49352374897972,                833P   6097
-2.92742709576598,0.0460443882412135,1.50868622765633,               833P   6098
-2.91898585013514,-0.121493260781426,1.49507169981399,               833P   6099
-2.9097050679814,-0.289008283722504,1.48145901062355,                833P   6100
-2.90042553920405,-0.45646551470857,1.43871236974265,                833P   6101
-2.89074225564626,-0.610026732429492,1.37035301500066,               833P   6102
-2.88187383393768,-0.76364263542816,1.30196931654509,                833P   6103
-2.87300225406123,-0.907580455888725,1.20605686602871,               833P   6104
-2.86466552146758,-1.02984002104479,1.09060970610685,                833P   6105
-2.85586593102881,-1.15206155456649,0.975198458664879,               833P   6106
-2.84706907790394,-1.2559872709773,0.837107236741472,                833P   6107
-2.83725415605788,-1.33305197080992,0.687729920187014,               833P   6108
-2.82816057281994,-1.4101358928474,0.538315344532261,                833P   6109
-2.81906472137463,-1.4624607157211,0.373478438889284,                833P   6110
-2.81048008074067,-1.48565850040025,0.206927089063974,               833P   6111
-2.80200118779217,-1.50885003180909,0.0404206353623555,              833P   6112
-2.79352458044164,-1.50357210679371,-0.132352003622854,              833P   6113
-2.78419854207152,-1.47028515118758,-0.297088495565382,              833P   6114
-2.77481952642504,-1.43699488739731,-0.461841359646547,              833P   6115
-2.76543957865634,-1.37476333464056,-0.623130693101497,              833P   6116
-2.75625379670956,-1.28873073685152,-0.767576112117977,              833P   6117
-2.74767216812643,-1.20269367694239,-0.91202902286227,               833P   6118
-2.73909009445321,-1.09048279492148,-1.04360154413949,               833P   6119
-2.73056413818393,-0.961456723707039,-1.15134745773747,              833P   6120
-2.72130335318795,-0.832447274159012,-1.259079491066,                833P   6121
-2.71204376120419,-0.683047040940749,-1.34599609354675,              833P   6122
-2.7024928150285,-0.525601457877927,-1.4048996787944,                833P   6123
-2.69373923630484,-0.368117182789447,-1.46381773951343,              833P   6124
-2.68498350640179,-0.198238867175976,-1.49631968063757,              833P   6125
-2.67674095740972,-0.0301322739460764,-1.49969731815018,             833P   6126
-2.66790566100037,0.13792623997311,-1.50307398964188,                833P   6127
-2.65907289152917,0.308833359437313,-1.4774542707959,                833P   6128
-2.64917572028822,0.468499892135711,-1.42495889451901,               833P   6129
-2.64001506347561,0.628217356464283,-1.37244677287259,               833P   6130
-2.63085148452787,0.781090381296205,-1.29157893981427,               833P   6131
-2.62219787866006,0.914394169540811,-1.18906824981149,               833P   6132
-2.61366435738922,1.04766268288521,-1.08658468622731,                833P   6133
-2.6051330942621,1.16502226287606,-0.959673305638947,                833P   6134
-2.5957711560165,1.25677528900807,-0.818850336104638,                833P   6135
-2.58647420212608,1.34853726387227,-0.678013632014712,               833P   6136
-2.57717634149771,1.4172306315358,-0.519352352691367,                833P   6137
-2.56814183955652,1.45713717797851,-0.35602141024496,                833P   6138
-2.55964723816859,1.49704182373904,-0.192698246978702,               833P   6139
-2.55115304136434,1.50925256236005,-0.0202188804726956,              833P   6140
-2.54260611819398,1.49277420122987,0.147055037797258,                833P   6141
-2.53328476244501,1.47629751096729,0.314311994879904,                833P   6142
-2.52396435185988,1.43069094739239,0.4810185817551,                  833P   6143
-2.51434225750047,1.35971161029579,0.633391140470748,                833P   6144
-2.50552306684579,1.28870912540453,0.785813390953672,                833P   6145
-2.496701000075,1.19034798242263,0.928086517027769,                  833P   6146
-2.48839520531544,1.072831366694,1.04834768022707,                   833P   6147
-2.47951704003419,0.955349183851617,1.16857360637563,                833P   6148
-2.47064147609449,0.815501624783746,1.27012218424606,                833P   6149
-2.46082290960126,0.664825990413482,1.3446212858909,                 833P   6150
-2.45177584929598,0.514109294732191,1.41914068962901,                833P   6151
-2.44272632353462,0.348394111278801,1.46863875810403,                833P   6152
-2.43420775498042,0.181467830098784,1.48898268177949,                833P   6153
-2.42570485971038,0.0145909039252121,1.50932059037765,               833P   6154
-2.41720447848694,-0.158058020720888,1.50108753852303,               833P   6155
-2.40775106662419,-0.322200883695312,1.46498689091267,               833P   6156
-2.39838841353319,-0.486365283881301,1.4288815065305,                833P   6157
-2.38902453196697,-0.646574503533346,1.36389495267339,               833P   6158
-2.37991890151173,-0.789530523345909,1.27539858581744,               833P   6159
-2.37136315487904,-0.932486644308053,1.18690215634524,               833P   6160
-2.36280740219266,-1.06211139370409,1.07246181406091,                833P   6161
-2.35417752174238,-1.1676301517755,0.94161554185598,                 833P   6162
-2.34488687057876,-1.27313899177553,0.810781568342679,               833P   6163
-2.33559709267543,-1.35748941363339,0.659911079906548,               833P   6164
-2.32611225709814,-1.41369071691879,0.501476377207968,               833P   6165
-2.31740579933619,-1.46990390095117,0.343008182001122,               833P   6166
-2.30869750106137,-1.49949223085041,0.172601550332415,               833P   6167
-2.30047661897254,-1.499993337702,0.00447066545457769,               833P   6168
-2.29155026181329,-1.5004943110548,-0.163615428037051,               833P   6169
-2.2826262827056,-1.4719560338368,-0.334058663775369,                833P   6170
-2.27273418910572,-1.41673663354965,-0.492805551063206,              833P   6171
-2.2636200895319,-1.361497897589,-0.651608025299917,                 833P   6172
-2.25450279855701,-1.27802148935876,-0.803081897515022,              833P   6173
-2.2459158582609,-1.1732419206526,-0.934614035644341,                833P   6174
-2.23735972655131,-1.06849347697701,-1.06610710182603,               833P   6175
-2.22880613646185,-0.939597973628224,-1.1812728162914,               833P   6176
-2.21933013417947,-0.797225375426973,-1.270602888701,                833P   6177
-2.21005607064402,-0.654834956539039,-1.35994414249839,              833P   6178
-2.20078084628,-0.495013316086985,-1.42591476197012,                 833P   6179
-2.19182631390019,-0.331018463493973,-1.46301974587703,              833P   6180
-2.18335109706292,-0.167038533830359,-1.50012135336665,              833P   6181
-2.17487665143926,0.0056144335539415,-1.50937694997787,              833P   6182
-2.16621101382561,0.172576575987097,-1.4900393704263,                833P   6183
-2.15685880282266,0.339527560085061,-1.47070308323474,               833P   6184
-2.14750721684226,0.505435365874128,-1.42224896729448,               833P   6185
-2.13795107437244,0.656574729368351,-1.34866957582459,               833P   6186
-2.12917946064039,0.807757760789939,-1.27506892543546,               833P   6187
-2.12040531257061,0.94832331851317,-1.17428822935019,                833P   6188
-2.11212115652151,1.06655005435714,-1.05473739933254,                833P   6189
-2.10315520003911,1.18474457369987,-0.935219146628625,               833P   6190
-2.09419168675829,1.28388693901247,-0.793654997155489,               833P   6191
-2.08439686971208,1.3557982457918,-0.641725109924721,                833P   6192
-2.07539825727875,1.4277306250638,-0.489750701997867,                833P   6193
-2.06639700794167,1.4743867016054,-0.323206600006181,                833P   6194
-2.05793991320161,1.49187060912147,-0.155955396314287,               833P   6195
-2.0494042126645,1.50934899268483,0.0112429652004494,                833P   6196
-2.04087120893907,1.49816350482166,0.183718458294884,                833P   6197
-2.03130038592209,1.45925943716048,0.347220239989096,                833P   6198
-2.02196020176916,1.42034904184091,0.510748614877325,                833P   6199
-2.01261849845645,1.35262586428062,0.669830749589704,                833P   6200
-2.00359306170765,1.26169133134782,0.811255190677859,                833P   6201
-1.99505761435626,1.17076130138418,0.952672628597061,                833P   6202
-1.98652258967001,1.05412531656584,1.08031158671677,                 833P   6203
-1.97777768161018,0.921496362085401,1.18357275005096,                833P   6204
-1.96846632706278,0.788875236098818,1.28682781834063,                833P   6205
-1.95915552212299,0.636577699333051,1.36858703479305,                833P   6206
-1.94974082684258,0.47719980126274,1.42206903829413,                 833P   6207
-1.94107917675267,0.317794475644831,1.47556024558203,                833P   6208
-1.93241603606824,0.146910639547856,1.5022257865183,                 833P   6209
-1.92420065651214,-0.021194704026646,1.49985025403246,               833P   6210
-1.91518026815613,-0.189258774288794,1.49747530478859,               833P   6211
-1.90616209449062,-0.359189356303527,1.4660263713985,                833P   6212
-1.89629778153114,-0.51696992059377,1.40809875406566,                833P   6213
-1.88723222938884,-0.674809733785494,1.35014938406824,               833P   6214
-1.87816327299958,-0.824838510907038,1.26408918555337,               833P   6215
-1.86963848945761,-0.95455921504825,1.15707247178665,                833P   6216
-1.86105105834192,-1.08423833375387,1.05009006508516,                833P   6217
-1.85246638015658,-1.19717737845174,0.9192477615102,                 833P   6218
-1.84288756421817,-1.28405862240402,0.77536665793023,                833P   6219
-1.83364184340427,-1.37095304715942,0.631463726065896,               833P   6220
-1.82439471991678,-1.43418119395677,0.47052832166318,                833P   6221
-1.81551945815127,-1.4684734682332,0.305917755442792,                833P   6222
-1.80705745135209,-1.50276119979487,0.141328995266579,               833P   6223
-1.79859656551918,-1.5090592834492,-0.0314468709956644,              833P   6224
-1.78980252164148,-1.48686800670585,-0.198049313643239,              833P   6225
-1.78042870484002,-1.46467743995142,-0.364646426003245,              833P   6226
-1.77105518794496,-1.41338910653259,-0.529707435615211,              833P   6227
-1.76156908162994,-1.33723051673312,-0.679569382121999,              833P   6228
-1.7528427933291,-1.2610531811908,-0.829468215781212,                833P   6229
-1.74411435713191,-1.15788338988219,-0.968283551146897,              833P   6230
-1.73582732406465,-1.03633352649815,-1.08444124868796,               833P   6231
-1.72678009275088,-0.914813932102448,-1.20057002002628,              833P   6232
-1.71773511442638,-0.771573691567493,-1.29727740719272,              833P   6233
-1.70797689895575,-0.618433743253616,-1.36657956416955,              833P   6234
-1.69902802995938,-0.465247265633688,-1.43590277758077,              833P   6235
-1.69007644198166,-0.297924875768314,-1.47970237835645,              833P   6236
-1.68167562091952,-0.130399803751807,-1.49432121419108,              833P   6237
-1.67309799564882,0.0370707268003829,-1.50893529054282,              833P   6238
-1.66452316301231,0.209323246155947,-1.49480117052246,               833P   6239
-1.65484812017364,0.372136622980386,-1.45310506634474,               833P   6240
-1.64553593411372,0.534981586172628,-1.41140087297615,               833P   6241
-1.63622194145695,0.69289003137846,-1.34096057545958,                833P   6242
-1.6272760511467,0.832741281163105,-1.24761450722843,                833P   6243
-1.61875480004868,0.972578788187993,-1.15427761183335,               833P   6244
-1.61023438630827,1.09819490441037,-1.03548053014814,                833P   6245
-1.60136661942055,1.19916890261557,-0.901107065225747,               833P   6246
-1.59204323621269,1.30014041682975,-0.766736905931399,               833P   6247
-1.58272008236288,1.37928434287342,-0.613056203800267,               833P   6248
-1.57337887129928,1.43003108343127,-0.452781515104581,               833P   6249
-1.56475912214662,1.48078438766258,-0.292486096196299,               833P   6250
-1.55613825810031,1.50451923997425,-0.121176849222758,               833P   6251
-1.54789976761854,1.499268052766,0.0468540921932351,                 833P   6252
-1.53879667638306,1.4940180288187,0.214847810820271,                 833P   6253
-1.52969560169549,1.45966721510401,0.3842168930351,                  833P   6254
-1.51986743705858,1.39904789988163,0.540985188186471,                833P   6255
-1.51085178026845,1.33840507201596,0.697814289649979,                833P   6256
-1.50183262654138,1.24978728932713,0.846351911610016,                833P   6257
-1.49336487910498,1.14056660603583,0.97422164685245,                 833P   6258
-1.48473713769945,1.03138212919211,1.10204899352226,                 833P   6259
-1.47611225637369,0.898631027766567,1.21272951422133,                833P   6260
-1.46644499553248,0.753283245054853,1.29713698302054,                833P   6261
-1.45723248285335,0.607909670182913,1.38155943003902,                833P   6262
-1.44801833540141,0.445907633098717,1.44202649560869,                833P   6263
-1.43922095738067,0.280729863499552,1.47349609559697,                833P   6264
-1.43076548272078,0.115580452624996,1.50496029269283,                833P   6265
-1.42231145974823,-0.0572677738067067,1.50829973372335,              833P   6266
-1.41338268661456,-0.223462740332732,1.48326140773732,               833P   6267
-1.40399602326959,-0.389658137627202,1.4582230168533,                833P   6268
-1.3946093355949,-0.553824550995801,1.40411498788629,                833P   6269
-1.38519666136009,-0.70236529975814,1.32539917975516,                833P   6270
-1.37651285385316,-0.850935653650252,1.24666768305552,               833P   6271
-1.36782731560737,-0.987958975250275,1.14114029634324,               833P   6272
-1.3595106919232,-1.10201416582632,1.01762703301265,                 833P   6273
-1.3503934287975,-1.21604401941878,0.894141207745241,                833P   6274
-1.34127819104166,-1.31028849989019,0.749265979836855,               833P   6275
-1.33156388357906,-1.37696119337524,0.594960395269001,               833P   6276
-1.3226654215626,-1.44365410278682,0.440608023475375,                833P   6277
-1.31376426143025,-1.48458389050625,0.2725583276001,                 833P   6278
-1.30541387735457,-1.49633376773992,0.104810569702043,               833P   6279
-1.29678487967404,-1.50807982560758,-0.0628826608106768,             833P   6280
-1.28815868689945,-1.49100192340877,-0.234862854918112,              833P   6281
-1.27839578096823,-1.44652622774823,-0.396940640948316,              833P   6282
-1.26911653487461,-1.40204050025668,-0.559054984854393,              833P   6283
-1.25983519577654,-1.32890366073448,-0.715743502819751,              833P   6284
-1.25096752108566,-1.23317366665011,-0.853980507904443,              833P   6285
-1.24245386359753,-1.13745755770356,-0.992197462430418,              833P   6286
-1.23394144097115,-1.01653459784155,-1.11575462142103,               833P   6287
-1.22494626279541,-0.880455417919626,-1.21441272105326,              833P   6288
-1.21561901571995,-0.744375046352586,-1.31307168463427,              833P   6289
-1.20629168696581,-0.589355688939427,-1.38957716238663,              833P   6290
-1.19702661534641,-0.428231048333468,-1.43757370915137,              833P   6291
-1.18844527683469,-0.267092788763622,-1.48557431279552,              833P   6292
-1.17986321299047,-0.0954097824066385,-1.5063718170628,              833P   6293
-1.17157580011233,0.0724981235759471,-1.49824698300313,              833P   6294
-1.16240134387371,0.240373394318115,-1.49012372811813,               833P   6295
-1.15322867081846,0.409132433942378,-1.45288076292712,               833P   6296
-1.14344401968375,0.564842986606078,-1.38958713310175,               833P   6297
-1.13447897978674,0.720613898966658,-1.32626896811003,               833P   6298
-1.12551046467831,0.867615079360366,-1.2351206330397,                833P   6299
-1.11709398679627,0.993595171486993,-1.12372978744791,               833P   6300
-1.10841658367502,1.11953345495591,-1.01237590882175,                833P   6301
-1.09974206029905,1.22792435738853,-0.877754507937361,               833P   6302
-1.0900037691429,1.30983383592935,-0.730982436351648,                833P   6303
-1.08082873717594,1.39175991250161,-0.584180623062039,               833P   6304
-1.07165184599229,1.44944817987642,-0.421159516038618,               833P   6305
-1.06293028937011,1.47808609332172,-0.255463306032287,               833P   6306
-1.05447418846753,1.50671804128808,-0.0898016117127022,              833P   6307
-1.04601984903028,1.50709869288388,0.0830686183199967,               833P   6308
-1.036953383618,1.47922086080337,0.24880845034715,                   833P   6309
-1.02756212051842,1.45134200927823,0.414554343196377,                833P   6310
-1.01817051399642,1.3944297612166,0.577778541426829,                 833P   6311
-1.00883398174224,1.31317961830146,0.724954681395769,                833P   6312
-1.00018923004401,1.2319173034762,0.872152869507422,                 833P   6313
-0.99154318329401,1.12406445149951,1.00734330130937,                 833P   6314
-0.98317335461208,0.998623894256485,1.11926329244732,                833P   6315
-0.973996933699933,0.873207448558412,1.23116177089466,               833P   6316
-0.964822276632672,0.726738762191367,1.32291617757524,               833P   6317
-0.955158519471978,0.571312243399177,1.38693991237624,               833P   6318
-0.946310508342797,0.415840337096909,1.4509823433298,                833P   6319
-0.937459913425485,0.247114293037018,1.48902998205119,               833P   6320
-0.929153497301924,0.079194838396765,1.49790793360984,               833P   6321
-0.920463366604653,-0.0886714557014984,1.50678307455481,             833P   6322
-0.911775987060063,-0.260330151076943,1.48676700597844,              833P   6323
-0.901944661648682,-0.421625247234495,1.43952497404333,              833P   6324
-0.892702705221717,-0.58296187216734,1.3922707786651,                833P   6325
-0.883458369260961,-0.738384482685175,1.31645881264541,              833P   6326
-0.874666909206305,-0.874966607570553,1.21837327434431,              833P   6327
-0.866153765785714,-1.01152287258358,1.12030630713736,               833P   6328
-0.857642234207101,-1.13298570734222,0.997293161274225,              833P   6329
-0.848518355746776,-1.22929981101289,0.859547540653652,              833P   6330
-0.839194881326786,-1.32561783536741,0.721796312785436,              833P   6331
-0.82987102737364,-1.39946242928203,0.565483293182654,               833P   6332
-0.820684065962467,-1.44469466034222,0.403555867729228,              833P   6333
-0.812137077800427,-1.48992864778831,0.241622154568075,              833P   6334
-0.803589757755365,-1.50778311147089,0.0696168365730764,             833P   6335
-0.795230819640202,-1.49678740826539,-0.0981195926314617,            833P   6336
-0.785995962461406,-1.48579351267169,-0.265828447215136,             833P   6337
-0.776762623424415,-1.44566886102699,-0.433929094884804,             833P   6338
-0.767028188167889,-1.37971898771644,-0.588536757505189,             833P   6339
-0.75811387017664,-1.31374432745441,-0.743202528692581,              833P   6340
-0.749196201780659,-1.22009307489005,-0.88862266432766,              833P   6341
-0.740824597572775,-1.10656630951671,-1.01267517133708,              833P   6342
-0.732087868674261,-0.993076311504904,-1.13668750206418,             833P   6343
-0.723353969297659,-0.856623459791698,-1.24275827870524,             833P   6344
-0.713565032855317,-0.708469946566774,-1.32214610947946,             833P   6345
-0.7044311583497,-0.560282747478407,-1.40155199077147,               833P   6346
-0.69529520706276,-0.396290508667101,-1.45644443532773,              833P   6347
-0.68664674661298,-0.230124852971181,-1.48224240664103,              833P   6348
-0.678182403366398,-0.0639993988246394,-1.50803413648155,            833P   6349
-0.669720107954018,0.108842659412543,-1.50545661794244,              833P   6350
-0.660516327419223,0.274079776633317,-1.47474752959299,              833P   6351
-0.651128182100719,0.439328420688422,-1.44403629899742,              833P   6352
-0.641739381871274,0.601562931133726,-1.38433607074358,              833P   6353
-0.632481018969824,0.747331354196555,-1.3005751985313,               833P   6354
-0.623871330211942,0.893114185321655,-1.21680604721552,              833P   6355
-0.615260790454035,1.02643162830799,-1.10666031634029,               833P   6356
-0.606817290902578,1.13618434523275,-0.979328920050879,              833P   6357
-0.597592183609911,1.2459195179972,-0.852017877903881,               833P   6358
-0.588368550966491,1.33515725647018,-0.703997640939243,              833P   6359
-0.578761322273885,1.39651317847057,-0.547495152816933,              833P   6360
-0.569963195180801,1.45788575682932,-0.390950178795253,              833P   6361
-0.56116267965066,1.49303973127231,-0.22159867254724,                833P   6362
-0.552893146752561,1.49904353105434,-0.053558304716864,              833P   6363
-0.544131839369751,1.50504551578876,0.114431261741298,               833P   6364
-0.535373180674535,1.48209749167379,0.285719444119264,               833P   6365
-0.525495887926859,1.43210304230587,0.446184800523575,               833P   6366
-0.516294975573796,1.38209411083877,0.60669663959221,                833P   6367
-0.507091397954349,1.30362915157518,0.760807525942673,               833P   6368
-0.498373492950072,1.2032171273938,0.895694448093884,                833P   6369
-0.489853329744681,1.10282824808392,1.03055027894398,                833P   6370
-0.481335130428417,0.977760976053408,1.14988405110156,               833P   6371
-0.472084505054107,0.838388600591079,1.24382657730044,               833P   6372
-0.462771897883524,0.699006315200961,1.33777578318494,               833P   6373
-0.453458628549694,0.541445027315334,1.40893766735793,               833P   6374
-0.444351066698621,0.378762251683473,1.45139214435647,               833P   6375
-0.435833810797918,0.216080575080301,1.49384633454721,               833P   6376
-0.427316612436857,0.0438041795539449,1.50875286811804,              833P   6377
-0.418866798357446,-0.123712493661775,1.4948897012529,               833P   6378
-0.40958209942321,-0.29120702374601,1.48102836688551,                833P   6379
-0.40029862778358,-0.458601035392254,1.43803312031217,               833P   6380
-0.390620447532479,-0.612060891780364,1.36944567791243,              833P   6381
-0.381756347653188,-0.765575048075227,1.30083396667903,              833P   6382
-0.37288911131979,-0.909370148159337,1.20470792267636,               833P   6383
-0.364555370929031,-1.03145777283577,1.08907982391406,               833P   6384
-0.355749369624613,-1.15350759353091,0.973487528964752,              833P   6385
-0.34694609506592,-1.25722822797495,0.835242357812383,               833P   6386
-0.337129792864166,-1.3340712241325,0.685750660912708,               833P   6387
-0.328040154482756,-1.41093354527472,0.536221368852844,              833P   6388
-0.318948230178996,-1.4630137325684,0.371306323420579,               833P   6389
-0.310369488406391,-1.48596417416761,0.204720475503517,              833P   6390
-0.301888852404673,-1.50890837294445,0.038179941130873,              833P   6391
-0.293410523247629,-1.5033739679641,-0.134583937553085,              833P   6392
-0.284073121163418,-1.46984250333258,-0.299270806122155,             833P   6393
-0.274695268930005,-1.43630761286996,-0.463974500362388,             833P   6394
-0.265316458583421,-1.37383632281952,-0.625171987305949,             833P   6395
-0.256137611839092,-1.28758896783229,-0.76948986342679,              833P   6396
-0.247558436592335,-1.20133752423633,-0.913814581025017,             833P   6397
-0.238978854644516,-1.08893188191979,-1.04521963448363,              833P   6398
-0.230444403621716,-0.95974641094342,-1.15277353659825,              833P   6399
-0.22118065237685,-0.830577194961045,-1.26031390554988,              833P   6400
-0.211918066760129,-0.681047700596414,-1.34700886785321,             833P   6401
-0.202372679791688,-0.523514489657065,-1.40567868985736,             833P   6402
-0.193623266028271,-0.365942997585345,-1.4643627688376,              833P   6403
-0.18487172612609,-0.196016834149888,-1.49661230506989,              833P   6404
-0.176631391026809,-0.0279061384149684,-1.49974039334772,            833P   6405
-0.167788612426484,0.140156754894984,-1.50286759215088,              833P   6406
-0.158948348278072,0.31102555518315,-1.47699435489767,               833P   6407
-0.14905046884816,0.470614156734954,-1.42426202486819,               833P   6408
-0.1398937568465,0.63025410526264,-1.3715127284285,                  833P   6409
-0.130734098710432,0.783007544473276,-1.29041762129065,              833P   6410
-0.122086440319426,0.916159194472102,-1.18770885758431,              833P   6411
-0.113551293075286,1.04927520544335,-1.08502758464104,               833P   6412
-0.105018430326668,1.16644576102323,-0.957942593171941,              833P   6413
-0.0956462295876553,1.25798961091252,-0.816983560933861,             833P   6414
-0.0863510311074356,1.34954261329762,-0.6760104357015,               833P   6415
-0.0770549032991909,1.41800055453215,-0.517246647038771,             833P   6416
-0.0680273500454732,1.45766449827319,-0.353856200276303,             833P   6417
-0.0595346620492027,1.49732640109189,-0.190474160827394,             833P   6418
-0.0510424110472141,1.50928086605161,-0.0179777195784827,            833P   6419
-0.0424856566083715,1.49255423808005,0.149271050068103,              833P   6420
-0.0331612453577906,1.47582925642688,0.316503358254132,              833P   6421
-0.0238377518624095,1.42997513015327,0.483142546834634,              833P   6422
-0.0142212006302442,1.35876940481558,0.635409871293424,              833P   6423
-0.00540621198707272,1.34406201408128,0.666860362475984,             833P   6424
-0.00358549487930302,1.32825206459916,0.697819478645827,             833P   6425
-0.00178433717711659,1.31139658436532,0.728175115281334,             833P   6426
-1.40607469244214E-016,0.0,1.0,0.0,0.0,0.0,0,0;                      833P   6427
126,6,3,0,0,1,0,0.0,0.0,0.0,0.0,0.597165506460653,                   835P   6428
0.597165506460653,0.597165506460653,1.0,1.0,1.0,1.0,1.0,1.0,1.0,     835P   6429
1.0,1.0,1.0,1.0,1.31139658437001,0.728175115274403,                  835P   6430
2.979438391967E-016,1.38013062574792,0.626742055773882,              835P   6431
2.979438391967E-016,1.43702616651674,0.516283330352091,              835P   6432
2.59192081859816E-016,1.47998897041035,0.401534772690672,            835P   6433
2.59192081859816E-016,1.50922274849319,0.323454815937682,            835P   6434
2.59192081859816E-016,1.53226825035163,0.242760140346807,            835P   6435
-2.43098455861984E-016,1.54851355055865,0.160984938428809,           835P   6436
-2.43098455861984E-016,0.0,1.0,0.0,0.0,0.0,0,0;                      835P   6437
126,3,3,0,0,1,0,0.0,0.0,0.0,0.0,1.0,1.0,1.0,1.0,1.0,1.0,1.0,1.0,     837P   6438
1.54851355055865,0.160984938428809,-1.2490009027033E-016,            837P   6439
1.52136375858807,0.412082825939283,0.0129317257911887,               837P   6440
1.43174324123404,0.657122149361259,0.0258634515823776,               837P   6441
1.2915558592401,0.867656066186417,0.0387951773735669,0.0,1.0,        837P   6442
0.0,0.0,0.0,0,0;                                                     837P   6443
126,1,1,0,0,1,0,0.0,0.0,1.0,1.0,1.0,1.0,1.2915558592401,             839P   6444
0.867656066186417,0.0387951773735669,1.03760217204656,               839P   6445
0.697052173487944,-0.137986608007439,0.0,1.0,0.0,0.0,0.0,0,0;        839P   6446
126,657,3,0,0,1,0,0.0,0.0,0.0,0.0,0.00366202464498577,               841P   6447
0.00366202464498577,0.00366202464498577,0.00825036573568239,         841P   6448
0.00825036573568239,0.00825036573568239,0.0128403601790202,          841P   6449
0.0128403601790202,0.0128403601790202,0.0174290115486541,            841P   6450
0.0174290115486541,0.0174290115486541,0.0220184095757935,            841P   6451
0.0220184095757935,0.0220184095757935,0.0266075975463943,            841P   6452
0.0266075975463943,0.0266075975463943,0.0311961182420754,            841P   6453
0.0311961182420754,0.0311961182420754,0.0357861752801919,            841P   6454
0.0357861752801919,0.0357861752801919,0.0403747326957008,            841P   6455
0.0403747326957008,0.0403747326957008,0.0449650819635372,            841P   6456
0.0449650819635372,0.0449650819635372,0.0495534719696398,            841P   6457
0.0495534719696398,0.0495534719696398,0.0541426536186149,            841P   6458
0.0541426536186149,0.0541426536186149,0.058731875317914,             841P   6459
0.058731875317914,0.058731875317914,0.0633206635005914,              841P   6460
0.0633206635005914,0.0633206635005914,0.067910749361653,             841P   6461
0.067910749361653,0.067910749361653,0.0724991094431718,              841P   6462
0.0724991094431718,0.0724991094431718,0.0770892278078856,            841P   6463
0.0770892278078856,0.0770892278078856,0.0816778098038159,            841P   6464
0.0816778098038159,0.0816778098038159,0.0862673729346725,            841P   6465
0.0862673729346725,0.0862673729346725,0.090856390460713,             841P   6466
0.090856390460713,0.090856390460713,0.0954449768288347,              841P   6467
0.0954449768288347,0.0954449768288347,0.1000349007042,               841P   6468
0.1000349007042,0.1000349007042,0.104623473823123,                   841P   6469
0.104623473823123,0.104623473823123,0.10921391423697,                841P   6470
0.10921391423697,0.10921391423697,0.113802242934035,                 841P   6471
0.113802242934035,0.113802242934035,0.118391587531939,               841P   6472
0.118391587531939,0.118391587531939,0.122980673063412,               841P   6473
0.122980673063412,0.122980673063412,0.12756954807782,                841P   6474
0.12756954807782,0.12756954807782,0.132159452606937,                 841P   6475
0.132159452606937,0.132159452606937,0.136747831275484,               841P   6476
0.136747831275484,0.136747831275484,0.141338040614945,               841P   6477
0.141338040614945,0.141338040614945,0.145926578486821,               841P   6478
0.145926578486821,0.145926578486821,0.150516314575534,               841P   6479
0.150516314575534,0.150516314575534,0.155105172809631,               841P   6480
0.155105172809631,0.155105172809631,0.159693843770054,               841P   6481
0.159693843770054,0.159693843770054,0.164283627234799,               841P   6482
0.164283627234799,0.164283627234799,0.168872221785783,               841P   6483
0.168872221785783,0.168872221785783,0.173462708811995,               841P   6484
0.173462708811995,0.173462708811995,0.178051006822571,               841P   6485
0.178051006822571,0.178051006822571,0.182640522574598,               841P   6486
0.182640522574598,0.182640522574598,0.187229480435991,               841P   6487
0.187229480435991,0.187229480435991,0.191818462446009,               841P   6488
0.191818462446009,0.191818462446009,0.196408182788854,               841P   6489
0.196408182788854,0.196408182788854,0.200996584531952,               841P   6490
0.200996584531952,0.200996584531952,0.205586841036415,               841P   6491
0.205586841036415,0.205586841036415,0.210175361171532,               841P   6492
0.210175361171532,0.210175361171532,0.214765272280163,               841P   6493
0.214765272280163,0.214765272280163,0.219353985524677,               841P   6494
0.219353985524677,0.219353985524677,0.223942761183144,               841P   6495
0.223942761183144,0.223942761183144,0.228532402452922,               841P   6496
0.228532402452922,0.228532402452922,0.233121028004648,               841P   6497
0.233121028004648,0.233121028004648,0.237711504570868,               841P   6498
0.237711504570868,0.237711504570868,0.242299801082241,               841P   6499
0.242299801082241,0.242299801082241,0.246889489614746,               841P   6500
0.246889489614746,0.246889489614746,0.251478330717568,               841P   6501
0.251478330717568,0.251478330717568,0.256067439137798,               841P   6502
0.256067439137798,0.256067439137798,0.260656976657521,               841P   6503
0.260656976657521,0.260656976657521,0.265245409202984,               841P   6504
0.265245409202984,0.265245409202984,0.269835655754295,               841P   6505
0.269835655754295,0.269835655754295,0.274424180957013,               841P   6506
0.274424180957013,0.274424180957013,0.279014260492012,               841P   6507
0.279014260492012,0.279014260492012,0.283602845259339,               841P   6508
0.283602845259339,0.283602845259339,0.288191744315804,               841P   6509
0.288191744315804,0.288191744315804,0.292781243378886,               841P   6510
0.292781243378886,0.292781243378886,0.297369911479578,               841P   6511
0.297369911479578,0.297369911479578,0.301960305747407,               841P   6512
0.301960305747407,0.301960305747407,0.306548622999539,               841P   6513
0.306548622999539,0.306548622999539,0.311138476584812,               841P   6514
0.311138476584812,0.311138476584812,0.315727213421221,               841P   6515
0.315727213421221,0.315727213421221,0.320316464348795,               841P   6516
0.320316464348795,0.320316464348795,0.324905821407208,               841P   6517
0.324905821407208,0.324905821407208,0.329494293969491,               841P   6518
0.329494293969491,0.329494293969491,0.334084461953872,               841P   6519
0.334084461953872,0.334084461953872,0.338673004845879,               841P   6520
0.338673004845879,0.338673004845879,0.343263235229738,               841P   6521
0.343263235229738,0.343263235229738,0.347851709615013,               841P   6522
0.347851709615013,0.347851709615013,0.352440747167249,               841P   6523
0.352440747167249,0.352440747167249,0.357030103541844,               841P   6524
0.357030103541844,0.357030103541844,0.361618826200365,               841P   6525
0.361618826200365,0.361618826200365,0.366209074399181,               841P   6526
0.366209074399181,0.366209074399181,0.370797416536573,               841P   6527
0.370797416536573,0.370797416536573,0.375387417523346,               841P   6528
0.375387417523346,0.375387417523346,0.379976065136448,               841P   6529
0.379976065136448,0.379976065136448,0.384565470817897,               841P   6530
0.384565470817897,0.384565470817897,0.38915465055267,                841P   6531
0.38915465055267,0.38915465055267,0.393743174031805,                 841P   6532
0.393743174031805,0.393743174031805,0.398333225092449,               841P   6533
0.398333225092449,0.398333225092449,0.402921783248533,               841P   6534
0.402921783248533,0.402921783248533,0.40751213774103,                841P   6535
0.40751213774103,0.40751213774103,0.41210052422307,                  841P   6536
0.41210052422307,0.41210052422307,0.416689713405308,                 841P   6537
0.416689713405308,0.416689713405308,0.421278928544356,               841P   6538
0.421278928544356,0.421278928544356,0.42586772045971,                841P   6539
0.42586772045971,0.42586772045971,0.430457797935587,                 841P   6540
0.430457797935587,0.430457797935587,0.435046158914214,               841P   6541
0.435046158914214,0.435046158914214,0.439636282467759,               841P   6542
0.439636282467759,0.439636282467759,0.444224861824195,               841P   6543
0.444224861824195,0.444224861824195,0.44881443307132,                841P   6544
0.44881443307132,0.44881443307132,0.453403442806098,                 841P   6545
0.453403442806098,0.453403442806098,0.457992032792411,               841P   6546
0.457992032792411,0.457992032792411,0.46258195015738,                841P   6547
0.46258195015738,0.46258195015738,0.467170524176852,                 841P   6548
0.467170524176852,0.467170524176852,0.471760967949394,               841P   6549
0.471760967949394,0.471760967949394,0.47634929454045,                841P   6550
0.47634929454045,0.47634929454045,0.480938647167167,                 841P   6551
0.480938647167167,0.480938647167167,0.485527726474339,               841P   6552
0.485527726474339,0.485527726474339,0.490116606157055,               841P   6553
0.490116606157055,0.490116606157055,0.494706502009996,               841P   6554
0.494706502009996,0.494706502009996,0.499294881689825,               841P   6555
0.499294881689825,0.499294881689825,0.503885094404076,               841P   6556
0.503885094404076,0.503885094404076,0.5084736308957,                 841P   6557
0.5084736308957,0.5084736308957,0.513063375352275,                   841P   6558
0.513063375352275,0.513063375352275,0.517652226410182,               841P   6559
0.517652226410182,0.517652226410182,0.522240901936453,               841P   6560
0.522240901936453,0.522240901936453,0.526830678715871,               841P   6561
0.526830678715871,0.526830678715871,0.531419274548949,               841P   6562
0.531419274548949,0.531419274548949,0.536009762527371,               841P   6563
0.536009762527371,0.536009762527371,0.540598059888682,               841P   6564
0.540598059888682,0.540598059888682,0.545187583918296,               841P   6565
0.545187583918296,0.545187583918296,0.549776536025604,               841P   6566
0.549776536025604,0.549776536025604,0.554365523663149,               841P   6567
0.554365523663149,0.554365523663149,0.558955235329317,               841P   6568
0.558955235329317,0.558955235329317,0.563543638391304,               841P   6569
0.563543638391304,0.563543638391304,0.56813389587881,                841P   6570
0.56813389587881,0.56813389587881,0.572722415839132,                 841P   6571
0.572722415839132,0.572722415839132,0.577312335220407,               841P   6572
0.577312335220407,0.577312335220407,0.58190104202981,                841P   6573
0.58190104202981,0.58190104202981,0.586489823193911,                 841P   6574
0.586489823193911,0.586489823193911,0.591079457762324,               841P   6575
0.591079457762324,0.591079457762324,0.595668085114413,               841P   6576
0.595668085114413,0.595668085114413,0.600258559572703,               841P   6577
0.600258559572703,0.600258559572703,0.604846856695553,               841P   6578
0.604846856695553,0.604846856695553,0.609436553370871,               841P   6579
0.609436553370871,0.609436553370871,0.614025389282943,               841P   6580
0.614025389282943,0.614025389282943,0.618614504189128,               841P   6581
0.618614504189128,0.618614504189128,0.62320403314195,                841P   6582
0.62320403314195,0.62320403314195,0.62779246742333,                  841P   6583
0.62779246742333,0.62779246742333,0.632382711878163,                 841P   6584
0.632382711878163,0.632382711878163,0.636971237804426,               841P   6585
0.636971237804426,0.636971237804426,0.64156132503816,                841P   6586
0.64156132503816,0.64156132503816,0.646149904193842,                 841P   6587
0.646149904193842,0.646149904193842,0.650738809565697,               841P   6588
0.650738809565697,0.650738809565697,0.655328301923461,               841P   6589
0.655328301923461,0.655328301923461,0.659916972390624,               841P   6590
0.659916972390624,0.659916972390624,0.66450736074285,                841P   6591
0.66450736074285,0.66450736074285,0.669095679381735,                 841P   6592
0.669095679381735,0.669095679381735,0.67368554046885,                841P   6593
0.67368554046885,0.67368554046885,0.678274272734343,                 841P   6594
0.678274272734343,0.678274272734343,0.682863530789695,               841P   6595
0.682863530789695,0.682863530789695,0.687452879380593,               841P   6596
0.687452879380593,0.687452879380593,0.692041354126305,               841P   6597
0.692041354126305,0.692041354126305,0.696631517189493,               841P   6598
0.696631517189493,0.696631517189493,0.701220060930757,               841P   6599
0.701220060930757,0.701220060930757,0.705810297913978,               841P   6600
0.705810297913978,0.705810297913978,0.710398767614988,               841P   6601
0.710398767614988,0.710398767614988,0.714987812116637,               841P   6602
0.714987812116637,0.714987812116637,0.719577161768779,               841P   6603
0.719577161768779,0.719577161768779,0.724165887392835,               841P   6604
0.724165887392835,0.724165887392835,0.728756127959493,               841P   6605
0.728756127959493,0.728756127959493,0.733344471127123,               841P   6606
0.733344471127123,0.733344471127123,0.737934478599096,               841P   6607
0.737934478599096,0.737934478599096,0.742523122500624,               841P   6608
0.742523122500624,0.742523122500624,0.747112535858503,               841P   6609
0.747112535858503,0.747112535858503,0.751701707371429,               841P   6610
0.751701707371429,0.751701707371429,0.756290233666819,               841P   6611
0.756290233666819,0.756290233666819,0.76088027871055,                841P   6612
0.76088027871055,0.76088027871055,0.765468837606084,                 841P   6613
0.765468837606084,0.765468837606084,0.770059197242531,               841P   6614
0.770059197242531,0.770059197242531,0.774647580261502,               841P   6615
0.774647580261502,0.774647580261502,0.779236777001439,               841P   6616
0.779236777001439,0.779236777001439,0.783825985589875,               841P   6617
0.783825985589875,0.783825985589875,0.788414781277372,               841P   6618
0.788414781277372,0.788414781277372,0.793004850341829,               841P   6619
0.793004850341829,0.793004850341829,0.797593212214817,               841P   6620
0.797593212214817,0.797593212214817,0.80218334087973,                841P   6621
0.80218334087973,0.80218334087973,0.806771917651872,                 841P   6622
0.806771917651872,0.806771917651872,0.811361497030342,               841P   6623
0.811361497030342,0.811361497030342,0.815950498996881,               841P   6624
0.815950498996881,0.815950498996881,0.820539092642051,               841P   6625
0.820539092642051,0.820539092642051,0.825129003479316,               841P   6626
0.825129003479316,0.825129003479316,0.829717578410386,               841P   6627
0.829717578410386,0.829717578410386,0.834308025437874,               841P   6628
0.834308025437874,0.834308025437874,0.838896349990148,               841P   6629
0.838896349990148,0.838896349990148,0.843485710661483,               841P   6630
0.843485710661483,0.843485710661483,0.848074783761307,               841P   6631
0.848074783761307,0.848074783761307,0.852663668155632,               841P   6632
0.852663668155632,0.852663668155632,0.857253555324774,               841P   6633
0.857253555324774,0.857253555324774,0.861841936024088,               841P   6634
0.861841936024088,0.861841936024088,0.866432152010935,               841P   6635
0.866432152010935,0.866432152010935,0.871020687179868,               841P   6636
0.871020687179868,0.871020687179868,0.875610440006046,               841P   6637
0.875610440006046,0.875610440006046,0.88019928391779,                841P   6638
0.88019928391779,0.88019928391779,0.884787964053015,                 841P   6639
0.884787964053015,0.884787964053015,0.889377734141473,               841P   6640
0.889377734141473,0.889377734141473,0.893966331276206,               841P   6641
0.893966331276206,0.893966331276206,0.898556820074552,               841P   6642
0.898556820074552,0.898556820074552,0.903145116850297,               841P   6643
0.903145116850297,0.903145116850297,0.907734649158157,               841P   6644
0.907734649158157,0.907734649158157,0.912323595533671,               841P   6645
0.912323595533671,0.912323595533671,0.916912588840075,               841P   6646
0.916912588840075,0.916912588840075,0.921502291830826,               841P   6647
0.921502291830826,0.921502291830826,0.926090696227032,               841P   6648
0.926090696227032,0.926090696227032,0.930680954565085,               841P   6649
0.930680954565085,0.930680954565085,0.935269474399736,               841P   6650
0.935269474399736,0.935269474399736,0.939859402035541,               841P   6651
0.939859402035541,0.939859402035541,0.944448102444722,               841P   6652
0.944448102444722,0.944448102444722,0.949036889154088,               841P   6653
0.949036889154088,0.949036889154088,0.953626517018935,               841P   6654
0.953626517018935,0.953626517018935,0.958215146195184,               841P   6655
0.958215146195184,0.958215146195184,0.962805618379663,               841P   6656
0.962805618379663,0.962805618379663,0.967393916161578,               841P   6657
0.967393916161578,0.967393916161578,0.971983620958922,               841P   6658
0.971983620958922,0.971983620958922,0.976572451705983,               841P   6659
0.976572451705983,0.976572451705983,0.981161573131648,               841P   6660
0.981161573131648,0.981161573131648,0.985751093520547,               841P   6661
0.985751093520547,0.985751093520547,0.990339529556285,               841P   6662
0.990339529556285,0.990339529556285,0.994929771747171,               841P   6663
0.994929771747171,0.994929771747171,0.999518298424386,               841P   6664
0.999518298424386,0.999518298424386,1.0,1.0,1.0,1.0,1.0,1.0,1.0,     841P   6665
1.0,1.0,1.0,1.0,1.0,1.0,1.0,1.0,1.0,1.0,1.0,1.0,1.0,1.0,1.0,1.0,     841P   6666
1.0,1.0,1.0,1.0,1.0,1.0,1.0,1.0,1.0,1.0,1.0,1.0,1.0,1.0,1.0,1.0,     841P   6667
1.0,1.0,1.0,1.0,1.0,1.0,1.0,1.0,1.0,1.0,1.0,1.0,1.0,1.0,1.0,1.0,     841P   6668
1.0,1.0,1.0,1.0,1.0,1.0,1.0,1.0,1.0,1.0,1.0,1.0,1.0,1.0,1.0,1.0,     841P   6669
1.0,1.0,1.0,1.0,1.0,1.0,1.0,1.0,1.0,1.0,1.0,1.0,1.0,1.0,1.0,1.0,     841P   6670
1.0,1.0,1.0,1.0,1.0,1.0,1.0,1.0,1.0,1.0,1.0,1.0,1.0,1.0,1.0,1.0,     841P   6671
1.0,1.0,1.0,1.0,1.0,1.0,1.0,1.0,1.0,1.0,1.0,1.0,1.0,1.0,1.0,1.0,     841P   6672
1.0,1.0,1.0,1.0,1.0,1.0,1.0,1.0,1.0,1.0,1.0,1.0,1.0,1.0,1.0,1.0,     841P   6673
1.0,1.0,1.0,1.0,1.0,1.0,1.0,1.0,1.0,1.0,1.0,1.0,1.0,1.0,1.0,1.0,     841P   6674
1.0,1.0,1.0,1.0,1.0,1.0,1.0,1.0,1.0,1.0,1.0,1.0,1.0,1.0,1.0,1.0,     841P   6675
1.0,1.0,1.0,1.0,1.0,1.0,1.0,1.0,1.0,1.0,1.0,1.0,1.0,1.0,1.0,1.0,     841P   6676
1.0,1.0,1.0,1.0,1.0,1.0,1.0,1.0,1.0,1.0,1.0,1.0,1.0,1.0,1.0,1.0,     841P   6677
1.0,1.0,1.0,1.0,1.0,1.0,1.0,1.0,1.0,1.0,1.0,1.0,1.0,1.0,1.0,1.0,     841P   6678
1.0,1.0,1.0,1.0,1.0,1.0,1.0,1.0,1.0,1.0,1.0,1.0,1.0,1.0,1.0,1.0,     841P   6679
1.0,1.0,1.0,1.0,1.0,1.0,1.0,1.0,1.0,1.0,1.0,1.0,1.0,1.0,1.0,1.0,     841P   6680
1.0,1.0,1.0,1.0,1.0,1.0,1.0,1.0,1.0,1.0,1.0,1.0,1.0,1.0,1.0,1.0,     841P   6681
1.0,1.0,1.0,1.0,1.0,1.0,1.0,1.0,1.0,1.0,1.0,1.0,1.0,1.0,1.0,1.0,     841P   6682
1.0,1.0,1.0,1.0,1.0,1.0,1.0,1.0,1.0,1.0,1.0,1.0,1.0,1.0,1.0,1.0,     841P   6683
1.0,1.0,1.0,1.0,1.0,1.0,1.0,1.0,1.0,1.0,1.0,1.0,1.0,1.0,1.0,1.0,     841P   6684
1.0,1.0,1.0,1.0,1.0,1.0,1.0,1.0,1.0,1.0,1.0,1.0,1.0,1.0,1.0,1.0,     841P   6685
1.0,1.0,1.0,1.0,1.0,1.0,1.0,1.0,1.0,1.0,1.0,1.0,1.0,1.0,1.0,1.0,     841P   6686
1.0,1.0,1.0,1.0,1.0,1.0,1.0,1.0,1.0,1.0,1.0,1.0,1.0,1.0,1.0,1.0,     841P   6687
1.0,1.0,1.0,1.0,1.0,1.0,1.0,1.0,1.0,1.0,1.0,1.0,1.0,1.0,1.0,1.0,     841P   6688
1.0,1.0,1.0,1.0,1.0,1.0,1.0,1.0,1.0,1.0,1.0,1.0,1.0,1.0,1.0,1.0,     841P   6689
1.0,1.0,1.0,1.0,1.0,1.0,1.0,1.0,1.0,1.0,1.0,1.0,1.0,1.0,1.0,1.0,     841P   6690
1.0,1.0,1.0,1.0,1.0,1.0,1.0,1.0,1.0,1.0,1.0,1.0,1.0,1.0,1.0,1.0,     841P   6691
1.0,1.0,1.0,1.0,1.0,1.0,1.0,1.0,1.0,1.0,1.0,1.0,1.0,1.0,1.0,1.0,     841P   6692
1.0,1.0,1.0,1.0,1.0,1.0,1.0,1.0,1.0,1.0,1.0,1.0,1.0,1.0,1.0,1.0,     841P   6693
1.0,1.0,1.0,1.0,1.0,1.0,1.0,1.0,1.0,1.0,1.0,1.0,1.0,1.0,1.0,1.0,     841P   6694
1.0,1.0,1.0,1.0,1.0,1.0,1.0,1.0,1.0,1.0,1.0,1.0,1.0,1.0,1.0,1.0,     841P   6695
1.0,1.0,1.0,1.0,1.0,1.0,1.0,1.0,1.0,1.0,1.0,1.0,1.0,1.0,1.0,1.0,     841P   6696
1.0,1.0,1.0,1.0,1.0,1.0,1.0,1.0,1.0,1.0,1.0,1.0,1.0,1.0,1.0,1.0,     841P   6697
1.0,1.0,1.0,1.0,1.0,1.0,1.0,1.0,1.0,1.0,1.0,1.0,1.0,1.0,1.0,1.0,     841P   6698
1.0,1.0,1.0,1.0,1.0,1.0,1.0,1.0,1.0,1.0,1.0,1.0,1.0,1.0,1.0,1.0,     841P   6699
1.0,1.0,1.0,1.0,1.0,1.0,1.0,1.0,1.0,1.0,1.0,1.0,1.0,1.0,1.0,1.0,     841P   6700
1.0,1.0,1.0,1.0,1.0,1.0,1.0,1.0,1.0,1.0,1.0,1.0,1.0,1.0,1.0,1.0,     841P   6701
1.0,1.0,1.0,1.0,1.0,1.0,1.0,1.0,1.0,1.0,1.0,1.0,1.0,1.0,1.0,1.0,     841P   6702
1.0,1.0,1.0,1.0,1.0,1.0,1.0,1.0,1.0,1.0,1.0,1.0,1.0,1.0,1.0,1.0,     841P   6703
1.0,1.0,1.0,1.0,1.0,1.0,1.0,1.0,1.0,1.0,1.0,1.0,1.0,1.0,1.0,1.0,     841P   6704
1.0,1.0,1.0,1.0,1.0,1.0,1.0,1.0,1.0,1.0,1.0,1.0,1.0,1.0,1.0,1.0,     841P   6705
1.0,1.0,1.0,1.0,1.0,1.0,1.0,1.0,1.0,1.0,1.0,1.0,1.0,1.0,1.0,         841P   6706
1.03760217204656,0.697052173487944,-0.137986608007439,               841P   6707
1.1003101433984,0.603707758601858,-0.144877039196633,                841P   6708
1.15074795429629,0.500917774283666,-0.151945423148986,               841P   6709
1.18620513642204,0.394230103272547,-0.159258192349967,               841P   6710
1.23040393286316,0.261239651942449,-0.168373851800532,               841P   6711
1.25220978827487,0.11880689970624,-0.178137088987276,                841P   6712
1.24981797715591,-0.0213312910512469,-0.187005895549287,             841P   6713
1.24742534854168,-0.161517379532148,-0.195877733373806,              841P   6714
1.2207341486233,-0.303261654694913,-0.204257167784016,               841P   6715
1.17197150030038,-0.434721522912854,-0.213036732596828,              841P   6716
1.12322243188645,-0.566144780874659,-0.221813852388807,              841P   6717
1.05108441213263,-0.690914064352541,-0.231274212935022,              841P   6718
0.961535228059315,-0.798717725608316,-0.240488141956762,             841P   6719
0.871972765136241,-0.906537372588985,-0.249703437271008,             841P   6720
0.762489762535083,-1.00038300737745,-0.25833790090939,               841P   6721
0.642205466356668,-1.07241416392251,-0.266976956833264,              841P   6722
0.52192641007951,-1.14444218260037,-0.275615636417071,               841P   6723
0.387549286349054,-1.19664056524063,-0.284769983611579,              841P   6724
0.250232477189282,-1.22469739419977,-0.294077072816547,              841P   6725
0.112934963387989,-1.25275028069495,-0.30338285421642,               841P   6726
-0.031116693781893,-1.25745085748682,-0.312686812592798,             841P   6727
-0.169995999457997,-1.23838659560263,-0.321246116181521,             841P   6728
-0.308920426034807,-1.21931613987506,-0.32980820062723,              841P   6729
-0.446461630904487,-1.17593656800519,-0.338465860385203,             841P   6730
-0.571165780128285,-1.11187663506823,-0.347531621792204,             841P   6731
-0.695831618092925,-1.0478363824443,-0.356594598041397,              841P   6732
-0.811114835721481,-0.961373811665278,-0.366288994927848,            841P   6733
-0.907506411721996,-0.859611605717063,-0.37511963288594,             841P   6734
-1.00393397952603,-0.757811402617289,-0.383953568129951,             841P   6735
-1.08409136340795,-0.637892363790812,-0.392411420020973,             841P   6736
-1.14128528872332,-0.509870463690264,-0.401290811740997,             841P   6737
-1.19845590638174,-0.38190073504872,-0.410166584933093,              841P   6738
-1.23426957252635,-0.24231579104701,-0.419742980468881,              841P   6739
-1.24577786822741,-0.102652340619982,-0.428972826982631,             841P   6740
-1.25728794100305,0.0370326761947063,-0.438204098740047,             841P   6741
-1.24479223894458,0.180687871251725,-0.446761833155623,              841P   6742
-1.2093135625169,0.316323738459013,-0.455351194129905,               841P   6743
-1.17383455746747,0.45196086199549,-0.463940634663269,               841P   6744
-1.11440524732333,0.583305490869546,-0.473041222888409,              841P   6745
-1.035976464852,0.69946605655511,-0.482294148312204,                 841P   6746
-0.957554779207319,0.815616111158236,-0.491546236461651,             841P   6747
-0.857958153469753,0.919815420090111,-0.500767740566393,             841P   6748
-0.74542497856821,1.00341496965442,-0.509358256151053,               841P   6749
-0.632860918863064,1.0870374631699,-0.517951129408345,               841P   6750
-0.504274425328318,1.15232833049663,-0.526729241446852,              841P   6751
-0.370379691070096,1.19386719715504,-0.535891616931438,              841P   6752
-0.23653254709177,1.23539129963096,-0.545050735827808,               841P   6753
-0.0936895926076685,1.25433975172941,-0.554795065518028,             841P   6754
0.0463779205424471,1.24913933909959,-0.563584033885547,              841P   6755
0.186496729846235,1.24393702195131,-0.572376220988529,               841P   6756
0.327679504337205,1.2144076205123,-0.580783351345386,                841P   6757
0.458135866290463,1.16301828361307,-0.589610641838743,               841P   6758
0.588550721366016,1.11164529709254,-0.598435123781705,               841P   6759
0.711843862442878,1.03702420681333,-0.607956345613869,               841P   6760
0.817831385356766,0.945331595328027,-0.61713238155324,               841P   6761
0.923839774364855,0.853620932032317,-0.626310224007427,              841P   6762
1.01547747356516,0.74226895641881,-0.634855772514234,                841P   6763
1.08508253410386,0.620560951222962,-0.643524919703799,               841P   6764
1.15467966500801,0.498866811398337,-0.652193079275961,               841P   6765
1.20416939519647,0.363479880345918,-0.661425124057556,               841P   6766
1.22946714083958,0.225633662372795,-0.670742073343432,               841P   6767
1.25476252586747,0.0878003072801337,-0.680058153234364,              841P   6768
1.2565742817824,-0.0563272595832626,-0.68923176860009,               841P   6769
1.23472804407609,-0.194799017379551,-0.697775410401384,              841P   6770
1.21287562372208,-0.33330996371284,-0.706321470116829,               841P   6771
1.16674942098542,-0.469945385937382,-0.715046920435117,              841P   6772
1.10020636625118,-0.593334603457753,-0.724155626845909,              841P   6773
1.03368168786692,-0.716689746145617,-0.733261817820979,              841P   6774
0.944925313972367,-0.830219427612165,-0.7429285445187,               841P   6775
0.841248062874404,-0.924554864088694,-0.751692094330275,             841P   6776
0.737530266583536,-1.01892719244294,-0.760459071314291,              841P   6777
0.616027053338767,-1.09666372489381,-0.768953784440675,              841P   6778
0.486884429147736,-1.15127909416157,-0.77788247799987,               841P   6779
0.357798452338895,-1.20587050683316,-0.78680725505884,               841P   6780
0.217529225138996,-1.23887845415759,-0.796438690954288,              841P   6781
0.0776614965006406,-1.24758514417305,-0.805618855781089,             841P   6782
-0.0622343845339645,-1.25629358665985,-0.81480086837964,             841P   6783
-0.205620828245001,-1.24091772164163,-0.823271201328298,             841P   6784
-0.340520704158469,-1.20272426184867,-0.831890189895879,             841P   6785
-0.47541337673423,-1.16453284149708,-0.840508718229638,              841P   6786
-0.605531438182952,-1.10248572575548,-0.849686776497309,             841P   6787
-0.720092815792749,-1.02174670865322,-0.858949530474853,             841P   6788
-0.834648945466488,-0.941011390120295,-0.868211860135393,            841P   6789
-0.936837958563137,-0.839337853321409,-0.877309452233885,            841P   6790
-1.01816509735381,-0.725148146609029,-0.885894126499272,             841P   6791
-1.09950995167344,-0.61093356589903,-0.894480670768299,              841P   6792
-1.16220462195064,-0.481073203111187,-0.903330642838121,             841P   6793
-1.20104971062515,-0.346380704727092,-0.912532516475971,             841P   6794
-1.23988259847418,-0.211730511811279,-0.921731499904062,             841P   6795
-1.25596595875217,-0.0685328147919079,-0.931428135021165,            841P   6796
-1.247958755759,0.0714068898947438,-0.94014895376198,                841P   6797
-1.23994848239658,0.211400254588151,-0.948873116508655,              841P   6798
-1.20759330640653,0.351963117364757,-0.957316712312099,              841P   6799
-1.15359875117412,0.481362567395418,-0.966192972232188,              841P   6800
-1.0996228576802,0.610717294051891,-0.975066164316256,               841P   6801
-1.02254860937735,0.732486056471954,-0.984642181184341,              841P   6802
-0.928748525757228,0.836615907034868,-0.9937687610038,               841P   6803
-0.834925698058774,0.940771006375672,-1.00289755378127,              841P   6804
-0.721750055455754,1.03016281879652,-1.01137423669739,               841P   6805
-0.598667413783799,1.09731368699812,-1.02007864893629,               841P   6806
-0.475607341710433,1.16445224178071,-1.02878146505174,               841P   6807
-0.339264840985574,1.21121411759429,-1.03808967171321,               841P   6808
-0.200943751638321,1.23374292649542,-1.04740819609327,               841P   6809
-0.0626288179228496,1.25627073280864,-1.05672630577587,              841P   6810
0.0815175051217426,1.25519216202522,-1.06576569683378,               841P   6811
0.219525957805854,1.23057236839181,-1.07430284291684,                841P   6812
0.357566905226286,1.20594677791272,-1.08284199911092,                841P   6813
0.493241178698341,1.15709294901093,-1.09163908159899,                841P   6814
0.615265969194621,1.08809364815305,-1.10078714396998,                841P   6815
0.737261130408435,1.01911110126595,-1.10993298506673,                841P   6816
0.848992829433561,0.92809504249333,-1.1195459206768,                 841P   6817
0.941233452232437,0.822544581404927,-1.12825368811073,               841P   6818
1.03351076959074,0.716952130924554,-1.13696491961158,                841P   6819
1.10879420976085,0.593915434603203,-1.1455044331855,                 841P   6820
1.16080884954706,0.463705525968301,-1.15448281793763,                841P   6821
1.21279987280371,0.333554737345921,-1.16345712617803,                841P   6822
1.24298963203767,0.192656336521986,-1.17313663617142,                841P   6823
1.24889116348006,0.0526389758774544,-1.18225492172676,               841P   6824
1.25479413626159,-0.0874125813997435,-1.19137543425353,              841P   6825
1.23654379921561,-0.230471281462442,-1.19978111635472,               841P   6826
1.19565082405815,-0.364580727588641,-1.20843493485723,               841P   6827
1.15476258315744,-0.4986746476117,-1.21708775149088,                 841P   6828
1.09012286539756,-0.627514310151245,-1.22634174208818,               841P   6829
1.00710562410905,-0.740431132441033,-1.23560606935048,               841P   6830
0.924088271790338,-0.853348105749798,-1.24487040900323,              841P   6831
0.820377608518859,-0.953485599350926,-1.25384251244188,              841P   6832
0.704576987492129,-1.03250727295091,-1.26242988152126,               841P   6833
0.588758266436397,-1.11154129790592,-1.2710185928355,                841P   6834
0.457676672989647,-1.17161463836816,-1.27994338317524,               841P   6835
0.322240339143537,-1.20775045594223,-1.28918034004392,               841P   6836
0.186840800716079,-1.24387645611724,-1.29841478741101,               841P   6837
0.0433440793094318,-1.25708775462152,-1.30803884019068,              841P   6838
-0.0964108752285966,-1.24627643126943,-1.31670289712952,             841P   6839
-0.236220342840992,-1.23546089083268,-1.32537033358633,              841P   6840
-0.376104774946218,-1.20029343030538,-1.33385836026437,              841P   6841
-0.504394031573871,-1.14371616274014,-1.34278399931761,              841P   6842
-0.63263730987152,-1.08715917222964,-1.35170643945935,               841P   6843
-0.752834006844048,-1.00766235698951,-1.36133028699313,              841P   6844
-0.855065212218418,-0.911791359277917,-1.37039527390455,             841P   6845
-0.957325419258868,-0.815893164208611,-1.3794628324351,              841P   6846
-1.04443391776685,-0.700940201893785,-1.38789498564302,              841P   6847
-1.10910330248194,-0.576532622167784,-1.39663907887802,              841P   6848
-1.17375651778968,-0.452156148301888,-1.40538098581101,              841P   6849
-1.21777230898409,-0.314912485682247,-1.41476290417768,              841P   6850
-1.2375232290893,-0.176171102807382,-1.42407398739798,               841P   6851
-1.25727426099008,-0.0374289346186386,-1.43338512332154,             841P   6852
-1.25330480239825,0.106678692849992,-1.44229085593411,               841P   6853
-1.2259208161961,0.24416828708307,-1.45083009034654,                 841P   6854
-1.19853181216855,0.381683074827937,-1.45937088948321,               841P   6855
-1.14697021322595,0.516341380905266,-1.46824257268209,               841P   6856
-1.07554220728948,0.636952871364014,-1.47742559926865,               841P   6857
-1.00412902425152,0.757539332258268,-1.48660672017312,               841P   6858
-0.910888129475549,0.867428959182061,-1.49614361025584,              841P   6859
-0.803506796081575,0.957536854982993,-1.50480655412836,              841P   6860
-0.696083571853686,1.04767990302853,-1.51347287752627,               841P   6861
-0.57156496632112,1.1204787435171,-1.52206430530147,                 841P   6862
-0.440341896034046,1.16987136668831,-1.5310919282662,                841P   6863
-0.309178064079588,1.21924169243396,-1.54011547587032,               841P   6864
-0.167705748196413,1.24660169997777,-1.54983519656545,               841P   6865
-0.0275934883139622,1.24969540264925,-1.55887886412823,              841P   6866
0.1125583151459,1.25278997844968,-1.56792508406558,                  841P   6867
0.255229932051751,1.23167205476374,-1.5762932391871,                 841P   6868
0.388494662980415,1.18809591230495,-1.58498632877098,                841P   6869
0.521735941203172,1.14452743863029,-1.59367788849418,                841P   6870
0.649245979151389,1.07732119692985,-1.60300535733662,                841P   6871
0.760473536576025,0.992058466103451,-1.61226227542907,               841P   6872
0.871706703682767,0.906791435112361,-1.62151966038754,               841P   6873
0.969751959677137,0.801084386655728,-1.63036905116784,               841P   6874
1.04643597355006,0.683719060185052,-1.63896703777342,                841P   6875
1.12312696617607,0.566343052692456,-1.64756580685271,                841P   6876
1.18055489670452,0.434093119199834,-1.65656748957122,                841P   6877
1.21396692795636,0.297966940831025,-1.66583431453298,                841P   6878
1.24737132858393,0.161871850895958,-1.67509902314154,                841P   6879
1.2577044618513,0.0181321070833447,-1.68462963716866,                841P   6880
1.24409266816154,-0.121381353702723,-1.69324796898893,               841P   6881
1.2304756674318,-0.260948183808296,-1.70186959765597,                841P   6882
1.19251064153226,-0.400095590989147,-1.71040919052217,               841P   6883
1.13337435473968,-0.527221558757282,-1.71938377457182,               841P   6884
1.07425903220753,-0.65430245940944,-1.72835517706362,                841P   6885
0.992371094526912,-0.772879965048901,-1.73801899186874,              841P   6886
0.894466527888561,-0.873172165433016,-1.74700971513126,              841P   6887
0.796530685724285,-0.973496404070513,-1.75600331047227,              841P   6888
0.67984794145236,-1.05828485047157,-1.76441949792888,                841P   6889
0.554165857355721,-1.1204464300185,-1.77320690716784,                841P   6890
0.428522943744125,-1.18258863608639,-1.7819915776944,                841P   6891
0.290432718758077,-1.22384125804779,-1.7914438388379,                841P   6892
0.151325663959881,-1.24080640852112,-1.80073775764775,               841P   6893
0.0122107386009123,-1.25777251886848,-1.81003220229976,              841P   6894
-0.131800428842019,-1.25091276861427,-1.81880933068093,              841P   6895
-0.268715831890442,-1.22077508235196,-1.82735861919996,              841P   6896
-0.405648640479034,-1.19063356479896,-1.83590899455788,              841P   6897
-0.539236722718574,-1.13638509992592,-1.84485735486038,              841P   6898
-0.658386710638088,-1.06255679342573,-1.85407015059309,              841P   6899
-0.777516418985178,-0.988741052654784,-1.86328137828906,             841P   6900
-0.885520381678889,-0.893311086435925,-1.8727239600291,              841P   6901
-0.973458553019867,-0.784141852952938,-1.88135264440358,             841P   6902
-1.06142877195842,-0.674932834566435,-1.88998447335794,              841P   6903
-1.13171245964239,-0.548984900109444,-1.89863407693261,              841P   6904
-1.17846289640246,-0.416803553011224,-1.90770963367481,              841P   6905
-1.22519326530524,-0.284678945413076,-1.91678129468918,              841P   6906
-1.24971308071328,-0.142688274156032,-1.92653246446304,              841P   6907
-1.24999742738402,-0.00253604679423474,-1.93548828138905,            841P   6908
-1.25028186354811,0.137660291137907,-1.94444691700869,               841P   6909
-1.22630474300455,0.279885173835401,-1.95280896943052,               841P   6910
-1.18006313552953,0.412251132398957,-1.96154498553383,               841P   6911
-1.13383224614091,0.544586410589185,-1.9702789767643,                841P   6912
-1.06408664601341,0.670716362545901,-1.97967654767113,               841P   6913
-0.976612070406879,0.780210781734897,-1.98891637337748,              841P   6914
-0.889128694692818,0.889716216269283,-1.99815712862775,              841P   6915
-0.781467177862291,0.985629235237988,-2.00689097003031,              841P   6916
-0.662584109245887,1.05994447881709,-2.01550684750237,               841P   6917
-0.543698314929135,1.13426142626444,-2.0241229225156,                841P   6918
-0.41033332893069,1.18902116043131,-2.03320266736397,                841P   6919
-0.273571466739383,1.21969613124994,-2.04249334721491,               841P   6920
-0.13683477139577,1.25036545727618,-2.05178231739971,                841P   6921
0.00709168344107061,1.2578155080627,-2.0612027963635,                841P   6922
0.146307139631019,1.24140816047462,-2.06978604064748,                841P   6923
0.285572457758789,1.22499493636847,-2.07837235913891,                841P   6924
0.423924388133063,1.18424856334791,-2.08696980189749,                841P   6925
0.549834397700173,1.1225783425248,-2.09599205097753,                 841P   6926
0.675702383684824,1.06092870468486,-2.10501128880191,                841P   6927
0.792614277050739,0.976682178280768,-2.11470433174002,               841P   6928
0.890927766877924,0.876782592326008,-2.12360965804663,               841P   6929
0.989275615483199,0.776848093281385,-2.13251809660295,               841P   6930
1.07170835646921,0.658484419466891,-2.14094895286224,                841P   6931
1.13133708664674,0.531579153445348,-2.14978250795149,                841P   6932
1.19094401155509,0.404720294641878,-2.15861283275147,                841P   6933
1.2294178451493,0.265838347232326,-2.16813114384131,                 841P   6934
1.2435907324139,0.126420292097437,-2.17739750013773,                 841P   6935
1.25776514078777,-0.0130127261209334,-2.18666485094855,              841P   6936
1.24801721844568,-0.156869369643374,-2.19532294617745,               841P   6937
1.21513778280267,-0.293155536883448,-2.20388959920485,               841P   6938
1.18225611613272,-0.429450951791678,-2.21245683352063,               841P   6939
1.12534305613589,-0.561915236844936,-2.22148303447517,               841P   6940
1.04914401208287,-0.679556356684756,-2.23071960527067,               841P   6941
0.972954918765949,-0.797182113920592,-2.23995496987416,              841P   6942
0.875372841917328,-0.903257570173494,-2.24928909389284,              841P   6943
0.764459521857315,-0.988990212004995,-2.25789364053832,              841P   6944
0.653510439779322,-1.07475049679477,-2.2665009615661,                841P   6945
0.526186177470623,-1.14249005175155,-2.27521416816036,               841P   6946
0.393101534842652,-1.18657961524066,-2.28433554548909,               841P   6947
0.260069209870858,-1.23065184643224,-2.29345333706161,               841P   6948
0.117615737828057,-1.2523222626831,-2.3032163834403,                 841P   6949
-0.0225203925320874,-1.24979711630336,-2.312081132518,               841P   6950
-0.162704598523104,-1.24727110363736,-2.32094892277004,              841P   6951
-0.304423541624616,-1.22044492605215,-2.32932946194127,              841P   6952
-0.435836988638979,-1.1715571344728,-2.3381112517117,                841P   6953
-0.567213559682021,-1.12268306131299,-2.34689057722117,              841P   6954
-0.691913878743611,-1.05042651880232,-2.35635395037924,              841P   6955
-0.799632286557551,-0.960774794785303,-2.36556633342949,             841P   6956
-0.907366920753639,-0.871109565897914,-2.37478010420586,             841P   6957
-1.00110862354261,-0.761536845044421,-2.38340995791046,              841P   6958
-1.07302527480855,-0.641183873488754,-2.3920503142183,               841P   6959
-1.14493855322265,-0.520836546422009,-2.40069026529813,              841P   6960
-1.19700882072237,-0.386410269931837,-2.40984832160365,              841P   6961
-1.22493492858914,-0.249067100842973,-2.4191560551128,               841P   6962
-1.25285717390335,-0.111742928143111,-2.42846250123847,              841P   6963
-1.25742068331831,0.0323136198408699,-2.43776042569404,              841P   6964
-1.23822420115898,0.171174845302157,-2.44631877055007,               841P   6965
-1.21902151752944,0.31008093021969,-2.4548798802002,                 841P   6966
-1.17551116209458,0.447580403531593,-2.46354065806086,               841P   6967
-1.11133277183203,0.572223269583093,-2.47260852715511,               841P   6968
-1.0471740077254,0.696828019061179,-2.48167362323787,                841P   6969
-0.960601802776937,0.812029016554594,-2.49136735275336,              841P   6970
-0.858747762553785,0.908323885136171,-2.50019454631944,              841P   6971
-0.756855585376392,1.00465480916522,-2.5090250450296,                841P   6972
-0.636860221849089,1.08469802868978,-2.51748445515129,               841P   6973
-0.508783929371251,1.14177007896229,-2.52636616582733,               841P   6974
-0.380760060344508,1.19881876883156,-2.53524424109267,               841P   6975
-0.241141392922566,1.23449955910053,-2.54482339333325,               841P   6976
-0.101467011648709,1.24587497187602,-2.55405114911387,               841P   6977
0.0382292581161819,1.25725216730212,-2.56328035098393,               841P   6978
0.181873025656438,1.24461964872608,-2.57183348762804,                841P   6979
0.317475192561285,1.2090117874149,-2.58042412629471,                 841P   6980
0.453078214467027,1.17340370158849,-2.58901481912721,                841P   6981
0.584365805420965,1.11384958242612,-2.59811910569898,                841P   6982
0.700451501775045,1.03531043347451,-2.60737267330702,                841P   6983
0.816526933081845,0.956778229461867,-2.61662542265482,               841P   6984
0.920631763898516,0.8570821388646,-2.62584114464518,                 841P   6985
1.00412421489563,0.74446931505619,-2.63443118137537,                 841P   6986
1.0876393670325,0.631825872438291,-2.64302355368946,                 841P   6987
1.15280759148965,0.503177728612184,-2.65180499680051,                841P   6988
1.19421896439097,0.369243910022855,-2.66096933506075,                841P   6989
1.23561569833297,0.235357437164513,-2.67013043371879,                841P   6990
1.25442833048694,0.0924963895698903,-2.67987312013491,               841P   6991
1.24909464917832,-0.0475663472855027,-2.68865859180179,              841P   6992
1.24375900917472,-0.187680519568535,-2.69744728976927,               841P   6993
1.21409519658617,-0.328835191929113,-2.70585595892674,               841P   6994
1.16258171275154,-0.459242595123411,-2.71468555212863,               841P   6995
1.11108470122026,-0.58960829835601,-2.7235123219195,                 841P   6996
1.03634649338892,-0.712830172508265,-2.7330362887564,                841P   6997
0.944553036004251,-0.818730457583662,-2.74221024336945,              841P   6998
0.852741300999108,-0.924651829186066,-2.75138602467109,              841P   6999
0.741301735111122,-1.01618378402708,-2.75992781730921,               841P   7000
0.619527370400567,-1.08567298820803,-2.76859852725266,               841P   7001
0.497767284147121,-1.15515404454421,-2.77726822052597,               841P   7002
0.362333770660154,-1.20451472696626,-2.78650392216552,               841P   7003
0.224463780282156,-1.22968126412556,-2.79582113935042,               841P   7004
0.0866063404957142,-1.25484551032272,-2.8051375083697,               841P   7005
-0.0575234108576071,-1.25652010721808,-2.81430480574778,             841P   7006
-0.19597443719163,-1.23454202843298,-2.82284793648649,               841P   7007
-0.334464350143076,-1.21255777668432,-2.83139346672678,              841P   7008
-0.471055399625651,-1.16630167440737,-2.84012223696425,              841P   7009
-0.59438097005517,-1.09964142448176,-2.84923289881864,               841P   7010
-0.717672672636125,-1.0329994808915,-2.85834105868973,               841P   7011
-0.831118017137112,-0.944135077075169,-2.86800579270556,             841P   7012
-0.925354894246918,-0.840367966841476,-2.87676644184674,             841P   7013
-1.01962868072385,-0.736560214573741,-2.88553052223507,              841P   7014
-1.09724950350855,-0.614983063791554,-2.89402718871148,              841P   7015
-1.15174192693031,-0.485788568979191,-2.90295823861797,              841P   7016
-1.20621038741248,-0.356650887200293,-2.91188536111224,              841P   7017
-1.23908484786406,-0.216350550496009,-2.92151924334342,              841P   7018
-1.24765846820203,-0.0764744841353326,-2.93069675130131,             841P   7019
-1.25623383254616,0.0634300351673468,-2.93987612610538,              841P   7020
-1.2407213967528,0.206802259219402,-2.94834284144891,                841P   7021
-1.20239945460633,0.341665847813929,-2.9569633714947,                841P   7022
-1.16407967297049,0.476521833082482,-2.96558341553311,               841P   7023
-1.10190892621105,0.606580384090405,-2.97476511981736,               841P   7024
-1.02106104692666,0.721064725561473,-2.98402814090914,               841P   7025
-0.940216694574021,0.835544072733831,-2.99329075790815,              841P   7026
-0.838445561610247,0.937636641204916,-3.0023823952749,               841P   7027
-0.724178359276862,1.01885509467984,-3.01096700918814,               841P   7028
-0.609886588236473,1.10009101101678,-3.01955346888792,               841P   7029
-0.479967069739496,1.16266182323424,-3.02840693215363,               841P   7030
-0.34523804691985,1.2013786626035,-3.03761057709164,                 841P   7031
-0.210551072657883,1.24008341855361,-3.04681134959735,               841P   7032
-0.0673379211273616,1.25603061129446,-3.05650507095995,              841P   7033
0.0725943002984325,1.24789024660191,-3.06522294072375,               841P   7034
0.212580260193409,1.23974675574777,-3.07394415842965,                841P   7035
0.353112245707634,1.2072577841641,-3.0823896894792,                  841P   7036
0.482460205046106,1.15314012615418,-3.09126829048255,                841P   7037
0.611763335135959,1.09904122417224,-3.10014381435185,                841P   7038
0.733458555009773,1.02185129420159,-3.10972226596935,                841P   7039
0.837499210317254,0.927952085356769,-3.11884620109325,               841P   7040
0.941565307663105,0.834029914456706,-3.12797236737868,               841P   7041
1.03084958673194,0.72076885705303,-3.13644635298963,                 841P   7042
1.09788328435976,0.59762219999213,-3.14515255488902,                 841P   7043
1.16490447264445,0.474498523668418,-3.15385713210007,                841P   7044
1.21153641272853,0.338112019054422,-3.16316890002115,                841P   7045
1.23393356718611,0.199769746887098,-3.17248728071563,                841P   7046
1.25632977763121,0.0614333056761489,-3.18180526865185,               841P   7047
1.25511399885576,-0.0827124818954912,-3.19083826769482,              841P   7048
1.23036278642851,-0.220697561771495,-3.1993753235916,                841P   7049
1.20560580510875,-0.358714802540441,-3.20791436926395,               841P   7050
1.15662299890058,-0.494342089291376,-3.21671493244735,               841P   7051
1.08750779392915,-0.616300899028506,-3.22586475997547,               841P   7052
1.01840925830268,-0.738230294493187,-3.23501238072967,               841P   7053
0.927286806163025,-0.849875555173223,-3.24462217897207,              841P   7054
0.821648483428518,-0.942015801183619,-3.25332757411259,              841P   7055
0.715968137519687,-1.03419270080153,-3.26203643227986,               841P   7056
0.592859930868204,-1.10935891813632,-3.27057825570947,               841P   7057
0.462600704554875,-1.16124958047167,-3.27955899442135,               841P   7058
0.332400659579402,-1.21311666705805,-3.28853565286846,               841P   7059
0.191473767693184,-1.24317236905596,-3.29821725625751,               841P   7060
0.0514506644013835,-1.24894068279188,-3.30733229222173,              841P   7061
-0.0886069060708566,-1.25471041641857,-3.31644957188419,             841P   7062
-0.231648577761844,-1.23632380664433,-3.32485282539307,              841P   7063
-0.365719156223321,-1.19530309912227,-3.33350841356186,              841P   7064
-0.499773821164215,-1.15428726055715,-3.34216297435477,              841P   7065
-0.628551527329643,-1.08952512867263,-3.35142051524067,              841P   7066
-0.741389175577764,-1.00640056157383,-3.36068469953313,              841P   7067
-0.854227233339574,-0.92327569279693,-3.36994891744745,              841P   7068
-0.954266337146244,-0.819469344172814,-3.37891509920685,             841P   7069
-1.03317777677207,-0.703593406438916,-3.38750279812261,              841P   7070
-1.11210131204933,-0.587699707085688,-3.39609181337238,              841P   7071
-1.17204962655292,-0.456561461570939,-3.40502021348986,              841P   7072
-1.20805648239065,-0.321091163618567,-3.41425871221929,              841P   7073
-1.24405362912808,-0.185657394673822,-3.42349471982559,              841P   7074
-1.25712844897018,-0.0421478701773556,-3.43311477677175,             841P   7075
-1.24618411339718,0.0975969032115671,-3.44177641689719,              841P   7076
-1.23523550896116,0.237396184367699,-3.45044143551509,               841P   7077
-1.19993492173377,0.377246959297513,-3.45893175508791,               841P   7078
-1.14323564735998,0.505482200087955,-3.46785973377399,               841P   7079
-1.08655670539223,0.633671455616452,-3.47678451087964,               841P   7080
-1.00694567962501,0.753792360181186,-3.48641044027321,               841P   7081
-0.910977309389689,0.855932439960726,-3.49547219280378,              841P   7082
-0.814981538839927,0.958101682164264,-3.50453653259167,              841P   7083
-0.699945389584267,1.04510088607454,-3.51296724922212,               841P   7084
-0.575476170503306,1.1096518270083,-3.52171332249077,                841P   7085
-0.451038453345168,1.17418643074018,-3.53045718221516,               841P   7086
-0.313753373675485,1.21807144734033,-3.53984252275087,               841P   7087
-0.174993399472969,1.23769031269574,-3.54915301654674,               841P   7088
-0.036232306019854,1.25730933629871,-3.5584635854419,                841P   7089
0.107872051352245,1.25320266943887,-3.56736306418015,                841P   7090
0.24533564115735,1.22568773477502,-3.57590260075581,                 841P   7091
0.38282406493551,1.19816782930291,-3.58444368007178,                 841P   7092
0.517432795796524,1.14647821939057,-3.5933189628475,                 841P   7093
0.637976001564846,1.07493563594633,-3.60250352616305,                841P   7094
0.758494399729049,1.0034077758544,-3.61168619930978,                 841P   7095
0.868295506399841,0.910062162586175,-3.6212189939917,                841P   7096
0.95830124688938,0.802594991393703,-3.62988007627588,                841P   7097
1.04834202915061,0.695085980202395,-3.63854453056352,                841P   7098
1.12102217265989,0.57049833603313,-3.64713858488108,                 841P   7099
1.17028983329776,0.439228535138522,-3.65616851921149,                841P   7100
1.21953528254944,0.308017914732802,-3.66519438256804,                841P   7101
1.24676070948131,0.166519736628027,-3.67491580111101,                841P   7102
1.24972109330265,0.026404335901959,-3.68395560174976,                841P   7103
1.2526823175657,-0.113750843053217,-3.69299796875352,                841P   7104
1.23142848218328,-0.256402606849088,-3.70136509028583,               841P   7105
1.18772541414369,-0.389625898262943,-3.71006014099933,               841P   7106
1.14403015817101,-0.52282537557603,-3.71875363744396,                841P   7107
1.07670276485561,-0.650271043118094,-3.72808451722523,               841P   7108
0.991334282564528,-0.761417323294031,-3.73734084834506,              841P   7109
0.905961292852506,-0.872569471948094,-3.74659766819539,              841P   7110
0.800160519833819,-0.970514421065434,-3.75544137789082,              841P   7111
0.682722087049288,-1.04708669739189,-3.76404005452289,               841P   7112
0.565273339587729,-1.12366569910016,-3.77263948638108,               841P   7113
0.432969273057466,-1.18096749020985,-3.78164485501094,               841P   7114
0.296811696615882,-1.21424989880667,-3.79091295442538,               841P   7115
0.160684932646188,-1.24752477559141,-3.80017895646808,               841P   7116
0.0169350513501566,-1.25772116674147,-3.80970468713853,              841P   7117
-0.12256554037234,-1.24397656260608,-3.81832111644482,               841P   7118
-0.262119389268962,-1.23022671118989,-3.82694083524738,              841P   7119
-0.401230357704587,-1.19212929263365,-3.83548303856793,              841P   7120
-0.528299796329825,-1.13287215748199,-3.84445992049589,              841P   7121
-0.655324267024528,-1.07363599252401,-3.85343362564266,              841P   7122
-0.773823758679981,-0.991635363103789,-3.86309912670239,             841P   7123
-0.874022935420247,-0.893635221082615,-3.8720860017245,              841P   7124
-0.974254276119048,-0.795603620993552,-3.88107576153554,             841P   7125
-1.05893170619367,-0.678839979395243,-3.8894919719554,               841P   7126
-1.12097362169668,-0.553098670636824,-3.89828151393423,              841P   7127
-1.1829960299317,-0.427396897559865,-3.90706829229834,               841P   7128
-1.22411710007757,-0.289267852644179,-3.91652379277228,              841P   7129
-1.24094985351394,-0.150144800321916,-3.92581664358725,              841P   7130
-1.25778360008672,-0.0110135397068982,-3.93511004268261,             841P   7131
-1.25078670460639,0.132991608224603,-3.94388126922617,               841P   7132
-1.22051860134565,0.269878386999151,-3.95243122200211,               841P   7133
-1.19024673339331,0.406782191502102,-3.96098223820563,               841P   7134
-1.13587128108231,0.540318139021608,-3.96993427410528,               841P   7135
-1.0619297716797,0.659397573562645,-3.97914834006273,                841P   7136
-0.988000712253855,0.778456957982903,-3.98836085459246,              841P   7137
-0.892467752521007,0.886370347789487,-3.99779857542799,              841P   7138
-0.783214740115592,0.974204635005226,-4.00642588901488,              841P   7139
-0.673922100752433,1.06207078043257,-4.0150563317987,                841P   7140
-0.547907651171893,1.13223435060191,-4.02370883743361,               841P   7141
-0.415682199149928,1.17885890135755,-4.03278662231163,               841P   7142
-0.283513300169152,1.2254635107169,-4.04186052460627,                841P   7143
-0.14149941452797,1.24984828395299,-4.05161295403482,                841P   7144
-0.00134666067052918,1.2499992746018,-4.06056426467515,              841P   7145
0.138850401129395,1.25015031298486,-4.06951840518608,                841P   7146
0.281052593116923,1.22603772395275,-4.07788102075552,                841P   7147
0.413374554495452,1.1796700715436,-4.08661915151773,                 841P   7148
0.545665515408207,1.13331328217492,-4.09535523510559,                841P   7149
0.671728724921936,1.06344785241326,-4.10475603366798,                841P   7150
0.781139809921153,0.975869149710205,-4.11399479594384,               841P   7151
0.890562163202765,0.88828142724874,-4.12323450972277,                841P   7152
0.986373000327167,0.780528209717177,-4.13196311950986,               841P   7153
1.06057506269505,0.661574286372585,-4.14058001545163,                841P   7154
1.13477858269692,0.542618026283209,-4.1491970806647,                 841P   7155
1.18941113470621,0.409201449045077,-4.15828054409151,                841P   7156
1.2199558905697,0.272410765323798,-4.16757219326217,                 841P   7157
1.25049509086689,0.135644961477659,-4.17686215244148,                841P   7158
1.25780820342176,-0.00828895017341828,-4.18627706115793,             841P   7159
1.24126831731919,-0.147488862018787,-4.19485889709096,               841P   7160
1.22472253166993,-0.286738424531268,-4.20344379404517,               841P   7161
1.18384457000989,-0.425051170095702,-4.21204412522328,               841P   7162
1.12205471624066,-0.550902181663984,-4.22106859178926,               841P   7163
1.06028540940437,-0.676711344091377,-4.23009005745624,               841P   7164
0.975927750916598,-0.793543048852486,-4.23978385749102,              841P   7165
0.875934471190047,-0.891761628565063,-4.24868520959448,              841P   7166
0.775906114614455,-0.990014662575998,-4.25758968422162,              841P   7167
0.657463878806529,-1.07233474118451,-4.26602168750253,               841P   7168
0.530501846868841,-1.13184265269902,-4.27485748929905,               841P   7169
0.403586538476274,-1.19132866459089,-4.28369003941492,               841P   7170
0.264668379651121,-1.22967024349883,-4.29321136315773,               841P   7171
0.125236922657677,-1.24371046196571,-4.30247614177449,               841P   7172
-0.0142098313896119,-1.25775222078784,-4.31174193683202,             841P   7173
-0.158057692460088,-1.24786729440121,-4.32039469679877,              841P   7174
-0.29431263070611,-1.21485804743058,-4.32896234415364,               841P   7175
-0.430576422399066,-1.18184665561574,-4.33753054820914,              841P   7176
-0.562986048270766,-1.12480770107696,-4.34656045707792,              841P   7177
-0.680554388929692,-1.04849688779153,-4.35579799393869,              841P   7178
-0.798107604805487,-0.972195891643057,-4.36503434242051,             841P   7179
-0.904090475531638,-0.874512607150412,-4.3743630379977,              841P   7180
-0.989717565605377,-0.763517609706657,-4.38296668241349,             841P   7181
-1.07537207392112,-0.652487071084301,-4.39157308176122,              841P   7182
-1.14299018884058,-0.525098786520333,-4.40028942901621,              841P   7183
-1.18695301825703,-0.391972616965615,-4.40941291632664,              841P   7184
-1.23089864521508,-0.258898539085248,-4.41853283365731,              841P   7185
-1.25243360354647,-0.116424471656091,-4.42829561627502,              841P   7186
-1.24977512420042,0.0237094692017917,-4.43715633474308,              841P   7187
-1.24711572946268,0.163891662247252,-4.44602010421398,               841P   7188
-1.22015460007179,0.305585141924807,-4.4544017695786,                841P   7189
-1.1711417115199,0.436952047183947,-4.46318578887928,                841P   7190
-1.12214267934792,0.568281813849516,-4.4719673248595,                841P   7191
-1.04976768015324,0.692913058602872,-4.4814336988919,                841P   7192
-0.960013496074034,0.800546118194143,-4.49064451121727,              841P   7193
-0.870245580947024,0.908195644033776,-4.49985673265918,              841P   7194
-0.760583241853022,1.001833328342,-4.50848201231979,                 841P   7195
-0.640161704264624,1.07363540943516,-4.51712368224979,               841P   7196
-0.519746216355223,1.14543388337008,-4.52576491804376,               841P   7197
-0.385270908929239,1.19737599052961,-4.53492668195663,               841P   7198
-0.247901502684809,1.22517135330802,-4.54423504271235,               841P   7199
-0.110550793234428,1.25296293297208,-4.55354213654476,               841P   7200
0.0335105174001095,1.25738936979564,-4.5628340088877,                841P   7201
0.17235353658026,1.23806068446917,-4.57139141683882,                 841P   7202
0.311241151605617,1.21872579084311,-4.57995157339655,                841P   7203
0.448698767340043,1.17508469304291,-4.58861547985261,                841P   7204
0.573280237313926,1.110787904825,-4.59768545026402,                  841P   7205
0.697823786146478,1.04651068779689,-4.6067526598826,                 841P   7206
0.812942462748431,0.959828924196928,-4.61644565513267,               841P   7207
0.909140535304152,0.857883143013593,-4.62526943042657,               841P   7208
1.00537472505079,0.755899086684572,-4.63409651857245,                841P   7209
1.08530370625443,0.635827510939228,-4.6425575065334,                 841P   7210
1.14225382989277,0.507696945130958,-4.65144153883175,                841P   7211
1.19918054253493,0.379619051099226,-4.66032191909156,                841P   7212
1.23472842711576,0.239966784297988,-4.66990381426676,                841P   7213
1.24597094735366,0.100281595273641,-4.67912945307059,                841P   7214
1.25721525513902,-0.0394258035310365,-4.68835655874012,              841P   7215
1.24444593069515,-0.183058011401467,-4.69690513938468,               841P   7216
1.20870891692191,-0.318626355082972,-4.70549706905167,               841P   7217
1.17297178359787,-0.454195152280406,-4.7140890274612,                841P   7218
1.11329291056568,-0.585425587432845,-4.72319701087222,               841P   7219
1.03464346591085,-0.701436311041897,-4.73245120366694,               841P   7220
0.956000813373863,-0.817437016035956,-4.74170459727525,              841P   7221
0.856205345788958,-0.921447275017155,-4.75091452434445,              841P   7222
0.743512974795305,-1.0048325513791,-4.75950410269922,                841P   7223
0.630790253018723,-1.08824028541409,-4.76809599443533,               841P   7224
0.502080577221124,-1.15328580835747,-4.77688077714335,               841P   7225
0.368107795899301,-1.19456965079402,-4.78604706994613,               841P   7226
0.234182115048036,-1.23583897917492,-4.79521014017862,               841P   7227
0.091303099321745,-1.25451577424132,-4.80495111885378,               841P   7228
-0.0487547325572616,-1.24904882853044,-4.81373312013579,             841P   7229
-0.188864136761376,-1.24357986977183,-4.82251835514075,              841P   7230
-0.329990575415073,-1.21378167423732,-4.83092858277374,              841P   7231
-0.460348899588293,-1.16214409203328,-4.83976048139735,              841P   7232
-0.590665334542025,-1.11052310300062,-4.84858954198709,              841P   7233
-0.713815833226544,-1.03566784515753,-4.85811624006411,              841P   7234
-0.819628787029243,-0.943773623001285,-4.86728808723379,             841P   7235
-0.925463046650466,-0.851860897613151,-4.87646178118786,             841P   7236
-1.01688917176243,-0.74033384367889,-4.8849998635966,                841P   7237
-1.08626245645684,-0.618493230110365,-4.89367214787261,              841P   7238
-1.15562737602625,-0.496667308248694,-4.90234338643278,              841P   7239
-1.20485896761763,-0.361187334571588,-4.91158274137056,              841P   7240
-1.22989427428456,-0.223293694676017,-4.92090020770684,              841P   7241
-1.25492735913747,-0.0854122924584165,-4.93021684714384,             841P   7242
-1.25646479381133,0.0587195146008819,-4.93937781825937,              841P   7243
-1.23435489310682,0.197149683903509,-4.94792045853194,               841P   7244
-1.21223882996953,0.335618436220335,-4.95646547979424,               841P   7245
-1.16585287113966,0.47216498834155,-4.96519757851359,                841P   7246
-1.09907548670644,0.595426800304623,-4.97431018763955,               841P   7247
-1.0323163378866,0.718654951848578,-4.98342030828803,                841P   7248
-0.943343981151254,0.83201585934646,-4.99308299116057,               841P   7249
-0.839487106139428,0.92615409010901,-5.00184076507828,               841P   7250
-0.735589494777876,1.02032924522433,-5.01060197410551,               841P   7251
-0.613938520790431,1.09783428585536,-5.01910061173365,               841P   7252
-0.484692275847388,1.1522037136435,-5.02803401877483,                841P   7253
-0.355503005026853,1.20654917438765,-5.03696348780584,               841P   7254
-0.215171682985743,1.23929012005656,-5.04659980058131,               841P   7255
-0.0752874020049491,1.24773066288336,-5.05577462412654,              841P   7256
0.0646256312172224,1.25617294060505,-5.06495133349296,               841P   7257
0.207983502686446,1.2405239470504,-5.07341448296689,                 841P   7258
0.342810681363207,1.20207355712672,-5.08203656613378,                841P   7259
0.47762985705062,1.16362544951782,-5.09065813751632,                 841P   7260
0.607628780942511,1.10133112868604,-5.09984348425314,                841P   7261
0.722035984180574,1.02037445947475,-5.10910675377866,                841P   7262
0.836438447064092,0.939421144626691,-5.11836963948935,               841P   7263
0.938434478146263,0.837552505272186,-5.12745531903213,               841P   7264
1.0195441719929,0.723207910185806,-5.13603989176644,                 841P   7265
1.10067107575198,0.608839053382025,-5.14462628598149,                841P   7266
1.16311797347742,0.478860497802977,-5.15348324701464,                841P   7267
1.20170652881372,0.344095072046212,-5.1626886532203,                 841P   7268
1.24028311772382,0.209371437450211,-5.17189120480202,                841P   7269
1.25609412738019,0.0661429569662498,-5.18158195674469,               841P   7270
1.24782060717428,-0.073781652944396,-5.19029690316257,               841P   7271
1.23954390506278,-0.213760076333094,-5.19901520125375,               841P   7272
1.20692116846335,-0.354261052758769,-5.20746268541003,               841P   7273
1.15268045855652,-0.483557401413667,-5.21634362833004,               841P   7274
1.09845859737264,-0.612808819405623,-5.2252214851099,                841P   7275
1.02115305478169,-0.734430389414205,-5.23480235568978,               841P   7276
0.927154803180765,-0.838381757279366,-5.24392361871148,              841P   7277
0.833133372106666,-0.942358759003691,-5.25304713098854,              841P   7278
0.719787004466659,-1.03153542051502,-5.26151847458674,               841P   7279
0.596576444076225,-1.09845188623506,-5.27022647601561,               841P   7280
0.473389275164149,-1.16535564788936,-5.27893282423369,               841P   7281
0.336958889278434,-1.21185761134825,-5.28824814779481,               841P   7282
0.198595557263826,-1.23412309136287,-5.29756636441044,               841P   7283
0.0602377310017356,-1.2563876853897,-5.30688421023567,               841P   7284
-0.0839073916392963,-1.25503469752893,-5.31591081901346,             841P   7285
-0.221868973592212,-1.23015208757175,-5.32444780400475,              841P   7286
-0.359862381246407,-1.20526373756361,-5.33298675835251,              841P   7287
-0.495442557869167,-1.15615199893853,-5.34179080882542,              841P   7288
-0.617335276851786,-1.08692095202656,-5.35094239152977,              841P   7289
-0.739198796907562,-1.01770648914267,-5.36009178200808,              841P   7290
-0.85075751999809,-0.926477722273786,-5.36969839314721,              841P   7291
-0.942797303941089,-0.820751633371153,-5.3784014406533,              841P   7292
-1.03487369747899,-0.7149834910312,-5.38710794986942,                841P   7293
-1.10992262113109,-0.591803890365297,-5.39565209909425,              841P   7294
-1.16168925821249,-0.461495468400261,-5.40463519065479,              841P   7295
-1.21343236253801,-0.33124628374438,-5.41361419856393,               841P   7296
-1.24335398141311,-0.190291025298498,-5.42329787753663,              841P   7297
-1.24898907158202,-0.0502623026599632,-5.43240963514994,             841P   7298
-1.25462555961575,0.0898011561085689,-5.44152365306522,              841P   7299
-1.23610269280873,0.232825665717029,-5.44992453956616,               841P   7300
-1.19495428992163,0.366857254252775,-5.45858190732686,               841P   7301
-1.15381089122743,0.500872542765297,-5.46723822223652,               841P   7302
-1.08892640412021,0.62958817724259,-5.47649930778264,                841P   7303
-1.00569458508583,0.742346550829898,-5.48576332878825,               841P   7304
-0.922462272868905,0.85510559255664,-5.49502740468696,               841P   7305
-0.818560330816439,0.955046214934484,-5.50398767148635,              841P   7306
-0.702609180570858,1.03384734819873,-5.51257571802573,               841P   7307
-0.586640608555341,1.11266032140774,-5.52116505492722,               841P   7308
-0.455445830174568,1.17248355587402,-5.53009706940052,               841P   7309
-0.31994168976527,1.20836141743691,-5.53933709815489,                841P   7310
-0.184473811517242,1.24422967775221,-5.5485746541921,                841P   7311
-0.0409516101292962,1.25716800533022,-5.55819066873634,              841P   7312
0.0987828543015374,1.24609066592124,-5.56684991688242,               841P   7313
0.238571816640969,1.23500900623356,-5.57551254222622,                841P   7314
0.378388802395293,1.19957532564954,-5.58400517068174,                841P   7315
0.506569907772122,1.14275409801937,-5.59293548793202,                841P   7316
0.634705025872949,1.08595325602615,-5.60186260127043,                841P   7317
0.754750031965677,1.00622809069784,-5.61149059471159,                841P   7318
0.856798895335688,0.910162432179853,-5.62054908425476,               841P   7319
0.958877080254601,0.814069171258362,-5.62961017656032,               841P   7320
1.04576690691051,0.698949942311342,-5.63803952142769,                841P   7321
1.11019934490855,0.574419197594074,-5.6467875828373,                 841P   7322
1.17461527939291,0.449920349773979,-5.65553340354711,                841P   7323
1.21836948307976,0.312593976099651,-5.66492215856235,                841P   7324
1.23785627609422,0.173815533638796,-5.67423204094952,                841P   7325
1.25734327320542,0.035035637669004,-5.68354202084462,                841P   7326
1.25309939958953,-0.109065319440501,-5.69243525757559,               841P   7327
1.22545354026827,-0.246502780195183,-5.70097511419848,               841P   7328
1.19780275807662,-0.383964714300441,-5.70951649150506,               841P   7329
1.1459851844454,-0.518523747792054,-5.71839537844016,                841P   7330
1.07432808761578,-0.63899856037383,-5.72758146669354,                841P   7331
1.00268561385739,-0.759448787648033,-5.73676568034092,               841P   7332
0.909235362800611,-0.869161275940876,-5.74629433889304,              841P   7333
0.801682450717614,-0.959064777901577,-5.75495358335311,              841P   7334
0.694087754041269,-1.0490032076127,-5.76361619195276,                841P   7335
0.569431189823073,-1.12156458544689,-5.77221288682992,               841P   7336
0.438114782068194,-1.17070723826811,-5.78124512949571,               841P   7337
0.306857491014873,-1.219827767795,-5.79027330597966,                 841P   7338
0.16533357587738,-1.24691859075706,-5.79999640253475,                841P   7339
0.0252151580651805,-1.24974565244443,-5.80903230638025,              841P   7340
-0.114943270845215,-1.25257352140499,-5.8180707904464,               841P   7341
-0.257575047114839,-1.23118379341944,-5.82643694965851,              841P   7342
-0.390756777264155,-1.18735383985657,-5.83513396965469,              841P   7343
-0.523914333521161,-1.14353184189373,-5.84382941104977,              841P   7344
-0.651295517068777,-1.07608335831687,-5.85316369406376,              841P   7345
-0.762360421263592,-0.990609200487644,-5.86241941631703,             841P   7346
-0.873431452604631,-0.905130327283506,-5.87167564918311,             841P   7347
-0.971276004831468,-0.799235924283489,-5.88051369440232,             841P   7348
-1.04773647366743,-0.681724491086351,-5.88911307738148,              841P   7349
-1.12420341474581,-0.564203110755814,-5.89771318828308,              841P   7350
-1.18137901527247,-0.43184503129587,-5.9067222453631,                841P   7351
-1.21453177147508,-0.295656178825332,-5.91599160559599,              841P   7352
-1.24767709422472,-0.159497862380968,-5.92525888746916,              841P   7353
-1.25773673233743,-0.0157379705008164,-5.934779697601,               841P   7354
-1.24385932900146,0.123749624872277,-5.94339424832295,               841P   7355
-1.22997663891027,0.26329035963729,-5.95201208085635,                841P   7356
-1.19174686455386,0.402364757391039,-5.96055690868124,               841P   7357
-1.13236893793681,0.529377548065552,-5.96953608549397,               841P   7358
-1.07301198487207,0.656345475108735,-5.97851209066961,               841P   7359
-0.990898737380268,0.774766848197001,-5.98817925814298,              841P   7360
-0.892803106751803,0.874872912241732,-5.99716225523538,              841P   7361
-0.882386880080208,0.885502615599677,-5.99811610948256,              841P   7362
-0.87177872528111,0.895948308789431,-5.99906173880133,               841P   7363
-0.860988801115082,0.90619991412183,-6.0,0.0,1.0,0.0,0.0,0.0,0,      841P   7364
0;                                                                   841P   7365
126,21,3,0,0,1,0,0.0,0.0,0.0,0.0,0.042461233173152,                  843P   7366
0.042461233173152,0.042461233173152,0.218716904553346,               843P   7367
0.218716904553346,0.218716904553346,0.402935771015975,               843P   7368
0.402935771015975,0.402935771015975,0.596666164980152,               843P   7369
0.596666164980152,0.596666164980152,0.790259259764409,               843P   7370
0.790259259764409,0.790259259764409,0.998980016023859,               843P   7371
0.998980016023859,0.998980016023859,1.0,1.0,1.0,1.0,1.0,1.0,1.0,     843P   7372
1.0,1.0,1.0,1.0,1.0,1.0,1.0,1.0,1.0,1.0,1.0,1.0,1.0,1.0,1.0,1.0,     843P   7373
1.0,1.0,1.0,-0.860988801115083,0.906199914121835,-6.0,               843P   7374
-0.837760153107953,0.933652554604719,-6.0,-0.813262443412129,        843P   7375
0.960076321086163,-6.0,-0.787683680412721,0.985353671444572,         843P   7376
-6.0,-0.682946391318273,1.08885676704351,-6.0,                       843P   7377
-0.558011422483666,1.17462901137169,-6.0,-0.424638602078584,         843P   7378
1.23703479077239,-6.0,-0.285384833138798,1.30219229406864,-6.0,      843P   7379
-0.132463939985626,1.34388487487604,-6.0,0.02071998438547,           843P   7380
1.35699203757456,-6.0,0.18171024811495,1.37076714869176,-6.0,        843P   7381
0.347510678946162,1.35369782418519,-6.0,0.503227798633442,           843P   7382
1.31057245649659,-6.0,0.658994666558149,1.26743331118975,-6.0,       843P   7383
0.809573936586408,1.19701931871656,-6.0,0.942243333334487,           843P   7384
1.10469849675651,-6.0,1.08489065382324,1.00543432430438,-6.0,        843P   7385
1.2101588704287,0.876860955039207,-6.0,1.30822578534094,             843P   7386
0.733387911665814,-6.0,1.30871270094778,0.732675548438712,-6.0,      843P   7387
1.30919901087474,0.731962770838673,-6.0,1.30968471431216,            843P   7388
0.731249580579075,-6.0,0.0,1.0,0.0,0.0,0.0,0,0;                      843P   7389
102,6,833,835,837,839,841,843,0,0;                                   845P   7390
142,0,817,831,845,3,0,0;                                             847P   7391
144,817,1,0,847,0,0;                                                 849P   7392
128,6,1,3,1,0,0,0,0,0,0.0,0.0,0.0,0.0,0.5,0.5,0.5,1.0,1.0,1.0,       851P   7393
1.0,0.0,0.0,1.0,1.0,1.0,0.333333333333333,0.333333333333333,1.0,     851P   7394
0.333333333333333,0.333333333333333,1.0,1.0,0.333333333333333,       851P   7395
0.333333333333333,1.0,0.333333333333333,0.333333333333333,1.0,       851P   7396
1.25,0.0,-6.58971854723588,1.25,2.5,-6.58971854723588,-1.25,2.5,     851P   7397
-6.58971854723588,-1.25,1.53080849893419E-016,-6.58971854723588,     851P   7398
-1.25,-2.5,-6.58971854723588,1.25,-2.5,-6.58971854723588,1.25,       851P   7399
0.0,-6.58971854723588,1.25,0.0,0.486904019579106,1.25,2.5,           851P   7400
0.486904019579105,-1.25,2.5,0.486904019579105,-1.25,                 851P   7401
1.53080849893419E-016,0.486904019579106,-1.25,-2.5,                  851P   7402
0.486904019579105,1.25,-2.5,0.486904019579105,1.25,0.0,              851P   7403
0.486904019579106,0.0,1.0,0.0,1.0,0,0;                               851P   7404
126,1,1,1,0,1,0,0.0,0.0,1.0,1.0,1.0,1.0,0.0,0.886774550530656,       853P   7405
0.0,0.116772679980655,0.893338668676153,0.0,0.0,1.0,0.0,0.0,1.0,     853P   7406
0,0;                                                                 853P   7407
126,1,1,1,0,1,0,0.0,0.0,1.0,1.0,1.0,1.0,0.116772679980655,           855P   7408
0.893338668676153,0.0,0.116772679980655,0.911696487740225,0.0,       855P   7409
0.0,1.0,0.0,0.0,1.0,0,0;                                             855P   7410
126,1,1,1,0,1,0,0.0,0.0,1.0,1.0,1.0,1.0,0.116772679980655,           857P   7411
0.911696487740225,0.0,0.0,0.904961122066966,0.0,0.0,1.0,0.0,0.0,     857P   7412
1.0,0,0;                                                             857P   7413
126,1,1,1,0,1,0,0.0,0.0,1.0,1.0,1.0,1.0,0.0,0.904961122066966,       859P   7414
0.0,0.0,0.886774550530656,0.0,0.0,1.0,0.0,0.0,1.0,0,0;               859P   7415
102,4,853,855,857,859,0,0;                                           861P   7416
126,6,3,0,0,1,0,0.0,0.0,0.0,0.0,0.428752411751343,                   863P   7417
0.428752411751343,0.428752411751343,1.0,1.0,1.0,1.0,1.0,1.0,1.0,     863P   7418
1.0,1.0,1.0,1.0,1.24999999999999,-4.33783536598445E-014,             863P   7419
-0.314349751273423,1.24999999999999,0.10531755961155,                863P   7420
-0.307627186804034,1.23647372275968,0.211490184875029,               863P   7421
-0.30128116603306,1.21005927379296,0.31345901471747,                 863P   7422
-0.294830130307336,1.17489749146424,0.449195550571481,               863P   7423
-0.286242788043692,1.11576933342157,0.580695866872356,               863P   7424
-0.277150280204753,1.03760217204656,0.697052173487944,               863P   7425
-0.26789796467376,0.0,1.0,0.0,0.0,0.0,0,0;                           863P   7426
110,1.03760217204656,0.697052173487944,-0.26789796467376,            865P   7427
1.03760217204656,0.697052173487944,-0.137986608007439,0,0;           865P   7428
126,6,3,0,0,1,0,0.0,0.0,0.0,0.0,0.456579775791631,                   867P   7429
0.456579775791631,0.456579775791631,1.0,1.0,1.0,1.0,1.0,1.0,1.0,     867P   7430
1.0,1.0,1.0,1.0,1.03760217204656,0.697052173487944,                  867P   7431
-0.137986608007439,1.1003101433984,0.603707758601858,                867P   7432
-0.144877039196633,1.15074795429629,0.500917774283666,               867P   7433
-0.151945423148986,1.18620513642204,0.394230103272547,               867P   7434
-0.159258192349967,1.22819175321851,0.267895913946268,               867P   7435
-0.167917606881941,1.25,0.133138895088813,-0.177151810204848,        867P   7436
1.25,-1.32814766129474E-015,-0.185650248726578,0.0,1.0,0.0,0.0,      867P   7437
0.0,0,0;                                                             867P   7438
110,1.25,0.0,-0.185650248726577,1.25,0.0,-0.314349751273423,0,0;     869P   7439
102,4,863,865,867,869,0,0;                                           871P   7440
142,0,851,861,871,3,0,0;                                             873P   7441
144,851,1,0,873,0,0;                                                 875P   7442
128,6,1,3,1,0,0,0,0,0,0.0,0.0,0.0,0.0,0.5,0.5,0.5,1.0,1.0,1.0,       877P   7443
1.0,0.0,0.0,1.0,1.0,1.0,0.333333333333333,0.333333333333333,1.0,     877P   7444
0.333333333333333,0.333333333333333,1.0,1.0,0.333333333333333,       877P   7445
0.333333333333333,1.0,0.333333333333333,0.333333333333333,1.0,       877P   7446
1.25,0.0,-6.58971854723588,1.25,2.5,-6.58971854723588,-1.25,2.5,     877P   7447
-6.58971854723588,-1.25,1.53080849893419E-016,-6.58971854723588,     877P   7448
-1.25,-2.5,-6.58971854723588,1.25,-2.5,-6.58971854723588,1.25,       877P   7449
0.0,-6.58971854723588,1.25,0.0,0.486904019579106,1.25,2.5,           877P   7450
0.486904019579105,-1.25,2.5,0.486904019579105,-1.25,                 877P   7451
1.53080849893419E-016,0.486904019579106,-1.25,-2.5,                  877P   7452
0.486904019579105,1.25,-2.5,0.486904019579105,1.25,0.0,              877P   7453
0.486904019579106,0.0,1.0,0.0,1.0,0,0;                               877P   7454
126,1,1,1,0,1,0,0.0,0.0,1.0,1.0,1.0,1.0,0.0,0.816119376359765,       879P   7455
0.0,1.0,0.886774550530656,0.0,0.0,1.0,0.0,0.0,1.0,0,0;               879P   7456
126,1,1,1,0,1,0,0.0,0.0,1.0,1.0,1.0,1.0,1.0,0.886774550530656,       881P   7457
0.0,1.0,0.904961122066966,0.0,0.0,1.0,0.0,0.0,1.0,0,0;               881P   7458
126,1,1,1,0,1,0,0.0,0.0,1.0,1.0,1.0,1.0,1.0,0.904961122066966,       883P   7459
0.0,0.0,0.834305947896066,0.0,0.0,1.0,0.0,0.0,1.0,0,0;               883P   7460
126,1,1,1,0,1,0,0.0,0.0,1.0,1.0,1.0,1.0,0.0,0.834305947896071,       885P   7461
0.0,0.0,0.816119376359762,0.0,0.0,1.0,0.0,0.0,1.0,0,0;               885P   7462
102,4,879,881,883,885,0,0;                                           887P   7463
126,60,3,0,0,1,0,0.0,0.0,0.0,0.0,0.0181056355194498,                 889P   7464
0.0181056355194498,0.0181056355194498,0.0719211265119279,            889P   7465
0.0719211265119279,0.0719211265119279,0.125717334391477,             889P   7466
0.125717334391477,0.125717334391477,0.179533087208511,               889P   7467
0.179533087208511,0.179533087208511,0.233328723963623,               889P   7468
0.233328723963623,0.233328723963623,0.287130485858602,               889P   7469
0.287130485858602,0.287130485858602,0.340936542069954,               889P   7470
0.340936542069954,0.340936542069954,0.394734775275298,               889P   7471
0.394734775275298,0.394734775275298,0.448551319105593,               889P   7472
0.448551319105593,0.448551319105593,0.502345165846023,               889P   7473
0.502345165846023,0.502345165846023,0.556158234279667,               889P   7474
0.556158234279667,0.556158234279667,0.609955861909998,               889P   7475
0.609955861909998,0.609955861909998,0.663761909589348,               889P   7476
0.663761909589348,0.663761909589348,0.717565957383688,               889P   7477
0.717565957383688,0.717565957383688,0.771361861701771,               889P   7478
0.771361861701771,0.771361861701771,0.825176029849422,               889P   7479
0.825176029849422,0.825176029849422,0.87897242249745,                889P   7480
0.87897242249745,0.87897242249745,0.932789688227096,                 889P   7481
0.932789688227096,0.932789688227096,0.986584245670438,               889P   7482
0.986584245670438,0.986584245670438,1.0,1.0,1.0,1.0,1.0,1.0,1.0,     889P   7483
1.0,1.0,1.0,1.0,1.0,1.0,1.0,1.0,1.0,1.0,1.0,1.0,1.0,1.0,1.0,1.0,     889P   7484
1.0,1.0,1.0,1.0,1.0,1.0,1.0,1.0,1.0,1.0,1.0,1.0,1.0,1.0,1.0,1.0,     889P   7485
1.0,1.0,1.0,1.0,1.0,1.0,1.0,1.0,1.0,1.0,1.0,1.0,1.0,1.0,1.0,1.0,     889P   7486
1.0,1.0,1.0,1.0,1.0,1.0,1.0,1.0,1.0,1.0,1.24999999999998,            889P   7487
1.2434392231042E-013,-0.814349751273405,1.24999999999997,            889P   7488
0.0474679220376659,-0.811319808618998,1.24728723821033,              889P   7489
0.0950182566858711,-0.808376783124056,1.24188697050009,              889P   7490
0.142185626918193,-0.805468094574918,1.22593608752031,               889P   7491
0.281504868742496,-0.796876640750527,1.18564884884379,               889P   7492
0.419992429982231,-0.78828917198997,1.12439622174566,                889P   7493
0.546107257344277,-0.77927469018743,1.06316429531265,                889P   7494
0.672179463500818,-0.770263254879022,0.979305846213326,              889P   7495
0.789370166624947,-0.760573440972593,0.879733675491927,              889P   7496
0.888013885142268,-0.751654048555098,0.78012716866835,               889P   7497
0.986691619597714,-0.742731580407033,0.662038292391861,              889P   7498
1.06951660451538,-0.734304556020714,0.535331879246547,               889P   7499
1.12956619065124,-0.725478798859501,0.408670749128224,               889P   7500
1.18959431593945,-0.716656195895379,0.269916034752354,               889P   7501
1.22852904991076,-0.707148480646335,0.1305456734074,                 889P   7502
1.24316444091456,-0.697876817350447,-0.0088384837332357,             889P   7503
1.2578012806257,-0.688604236284303,-0.152724722260283,               889P   7504
1.24853113303096,-0.679927292836275,-0.289118815103467,              889P   7505
1.21610456407053,-0.671363989670893,-0.425523525912761,              889P   7506
1.18367547077635,-0.662800019872076,-0.558177466737618,              889P   7507
1.12720180030023,-0.653786742902649,-0.676071535778669,              889P   7508
1.05139301810021,-0.644553659568312,-0.793949416179902,              889P   7509
0.975594645593233,-0.635321844076045,-0.900346961665362,             889P   7510
0.878366135333101,-0.625968970175183,-0.98644703520698,              889P   7511
0.767738397327734,-0.61736110750079,-1.07257552582564,               889P   7512
0.657074146961518,-0.608750403826539,-1.14073804401686,              889P   7513
0.52997404455417,-0.600048065967133,-1.18526920435914,               889P   7514
0.397035153604987,-0.590934095652106,-1.22978257884795,              889P   7515
0.264149358771341,-0.581823765478933,-1.25192516811779,              889P   7516
0.121768672672603,-0.572060372634018,-1.24986494994754,              889P   7517
-0.0183740820894293,-0.563181359084326,-1.24780403422555,            889P   7518
-0.158564286594693,-0.554299339264965,-1.22144861374143,             889P   7519
-0.300370989091772,-0.54592255876668,-1.17299737679991,              889P   7520
-0.43194577671338,-0.537148506676689,-1.12455937307496,              889P   7521
-0.563484628045859,-0.528376850994691,-1.05271638661397,             889P   7522
-0.68842493819794,-0.518924032600351,-0.963422549059866,             889P   7523
-0.796440199866248,-0.509706365882665,-0.874115993950032,            889P   7524
-0.904470845464149,-0.500487386351089,-0.764856539346727,            889P   7525
-0.99857456734744,-0.491841305947931,-0.644743501613715,             889P   7526
-1.07089019844561,-0.483205425974828,-0.524634700365054,             889P   7527
-1.14320327891277,-0.474569850596222,-0.390380339789809,             889P   7528
-1.19572006694354,-0.465424733259461,-0.253129615849308,             889P   7529
-1.2241018738569,-0.456119319765159,-0.11589892805766,               889P   7530
-1.25247953753451,-0.446815264694656,0.0281400109482049,             889P   7531
-1.25752095591578,-0.437496382818783,0.167063732512446,              889P   7532
-1.23878557841097,-0.428934600012827,0.306033215572059,              889P   7533
-1.22004402946992,-0.42036999695429,0.443677653353856,               889P   7534
-1.17698987365563,-0.411720045343333,0.568533714077576,              889P   7535
-1.11322478231368,-0.402659552485658,0.693350982759977,              889P   7536
-1.04947950240935,-0.393601874669651,0.80883823176026,               889P   7537
-0.963289901387901,-0.383906110710206,0.905469919103562,             889P   7538
-0.861756476969328,-0.375066793663126,1.00213743192882,              889P   7539
-0.760185409786109,-0.366224199504758,1.08257840333428,              889P   7540
-0.640456665510615,-0.357770137124129,1.14007518832441,              889P   7541
-0.512570546331985,-0.34889650014504,1.19754880612364,               889P   7542
-0.384735956332534,-0.340026438622247,1.23369278365181,              889P   7543
-0.245235414902661,-0.330456957653495,1.24553149589724,              889P   7544
-0.105599681476732,-0.321222025187549,1.24850766456459,              889P   7545
-0.0704962440378221,-0.318900428371912,1.24999999999999,             889P   7546
-0.0352340819596071,-0.316598791114134,1.24999999999999,             889P   7547
-4.33783536598445E-014,-0.314349751273423,0.0,1.0,0.0,0.0,0.0,0,     889P   7548
0;                                                                   889P   7549
110,1.25,0.0,-0.314349751273423,1.25,0.0,-0.185650248726577,0,0;     891P   7550
126,60,3,0,0,1,0,0.0,0.0,0.0,0.0,0.0026940759228431,                 893P   7551
0.0026940759228431,0.0026940759228431,0.0565034131931181,            893P   7552
0.0565034131931181,0.0565034131931181,0.110297005366791,             893P   7553
0.110297005366791,0.110297005366791,0.164099350741809,               893P   7554
0.164099350741809,0.164099350741809,0.217899233585932,               893P   7555
0.217899233585932,0.217899233585932,0.271691293845159,               893P   7556
0.271691293845159,0.271691293845159,0.325501364925376,               893P   7557
0.325501364925376,0.325501364925376,0.379293855657803,               893P   7558
0.379293855657803,0.379293855657803,0.433107352600024,               893P   7559
0.433107352600024,0.433107352600024,0.486897880761619,               893P   7560
0.486897880761619,0.486897880761619,0.540697689496177,               893P   7561
0.540697689496177,0.540697689496177,0.594497967747948,               893P   7562
0.594497967747948,0.594497967747948,0.648293163805741,               893P   7563
0.648293163805741,0.648293163805741,0.702103572782569,               893P   7564
0.702103572782569,0.702103572782569,0.755893750132843,               893P   7565
0.755893750132843,0.755893750132843,0.809704540155883,               893P   7566
0.809704540155883,0.809704540155883,0.863497319049047,               893P   7567
0.863497319049047,0.863497319049047,0.917301599964883,               893P   7568
0.917301599964883,0.917301599964883,0.971099484656516,               893P   7569
0.971099484656516,0.971099484656516,1.0,1.0,1.0,1.0,1.0,1.0,1.0,     893P   7570
1.0,1.0,1.0,1.0,1.0,1.0,1.0,1.0,1.0,1.0,1.0,1.0,1.0,1.0,1.0,1.0,     893P   7571
1.0,1.0,1.0,1.0,1.0,1.0,1.0,1.0,1.0,1.0,1.0,1.0,1.0,1.0,1.0,1.0,     893P   7572
1.0,1.0,1.0,1.0,1.0,1.0,1.0,1.0,1.0,1.0,1.0,1.0,1.0,1.0,1.0,1.0,     893P   7573
1.0,1.0,1.0,1.0,1.0,1.0,1.0,1.0,1.0,1.0,1.25,                        893P   7574
-1.32814766129474E-015,-0.185650248726578,1.25,                      893P   7575
-0.00711056217478412,-0.186104125675587,1.24993932339153,            893P   7576
-0.0142215147900243,-0.186555945182302,1.24981797715591,             893P   7577
-0.0213312910512469,-0.187005895549287,1.24742534854168,             893P   7578
-0.161517379532148,-0.195877733373806,1.2207341486233,               893P   7579
-0.303261654694913,-0.204257167784016,1.17197150030038,              893P   7580
-0.434721522912854,-0.213036732596828,1.12322243188645,              893P   7581
-0.566144780874659,-0.221813852388807,1.05108441213263,              893P   7582
-0.690914064352541,-0.231274212935022,0.961535228059315,             893P   7583
-0.798717725608316,-0.240488141956762,0.871972765136241,             893P   7584
-0.906537372588985,-0.249703437271008,0.762489762535083,             893P   7585
-1.00038300737745,-0.25833790090939,0.642205466356668,               893P   7586
-1.07241416392251,-0.266976956833264,0.52192641007951,               893P   7587
-1.14444218260037,-0.275615636417071,0.387549286349054,              893P   7588
-1.19664056524063,-0.284769983611579,0.250232477189282,              893P   7589
-1.22469739419977,-0.294077072816547,0.112934963387989,              893P   7590
-1.25275028069495,-0.30338285421642,-0.031116693781893,              893P   7591
-1.25745085748682,-0.312686812592798,-0.169995999457997,             893P   7592
-1.23838659560263,-0.321246116181521,-0.308920426034807,             893P   7593
-1.21931613987506,-0.32980820062723,-0.446461630904487,              893P   7594
-1.17593656800519,-0.338465860385203,-0.571165780128285,             893P   7595
-1.11187663506823,-0.347531621792204,-0.695831618092925,             893P   7596
-1.0478363824443,-0.356594598041397,-0.811114835721481,              893P   7597
-0.961373811665278,-0.366288994927848,-0.907506411721996,            893P   7598
-0.859611605717063,-0.37511963288594,-1.00393397952603,              893P   7599
-0.757811402617289,-0.383953568129951,-1.08409136340795,             893P   7600
-0.637892363790812,-0.392411420020973,-1.14128528872332,             893P   7601
-0.509870463690264,-0.401290811740997,-1.19845590638174,             893P   7602
-0.38190073504872,-0.410166584933093,-1.23426957252635,              893P   7603
-0.24231579104701,-0.419742980468881,-1.24577786822741,              893P   7604
-0.102652340619982,-0.428972826982631,-1.25728794100305,             893P   7605
0.0370326761947063,-0.438204098740047,-1.24479223894458,             893P   7606
0.180687871251725,-0.446761833155623,-1.2093135625169,               893P   7607
0.316323738459013,-0.455351194129905,-1.17383455746747,              893P   7608
0.45196086199549,-0.463940634663269,-1.11440524732333,               893P   7609
0.583305490869546,-0.473041222888409,-1.035976464852,                893P   7610
0.69946605655511,-0.482294148312204,-0.957554779207319,              893P   7611
0.815616111158236,-0.491546236461651,-0.857958153469753,             893P   7612
0.919815420090111,-0.500767740566393,-0.74542497856821,              893P   7613
1.00341496965442,-0.509358256151053,-0.632860918863064,              893P   7614
1.0870374631699,-0.517951129408345,-0.504274425328318,               893P   7615
1.15232833049663,-0.526729241446852,-0.370379691070096,              893P   7616
1.19386719715504,-0.535891616931438,-0.23653254709177,               893P   7617
1.23539129963096,-0.545050735827808,-0.0936895926076685,             893P   7618
1.25433975172941,-0.554795065518028,0.0463779205424471,              893P   7619
1.24913933909959,-0.563584033885547,0.186496729846235,               893P   7620
1.24393702195131,-0.572376220988529,0.327679504337205,               893P   7621
1.2144076205123,-0.580783351345386,0.458135866290463,                893P   7622
1.16301828361307,-0.589610641838743,0.588550721366016,               893P   7623
1.11164529709254,-0.598435123781705,0.711843862442878,               893P   7624
1.03702420681333,-0.607956345613869,0.817831385356766,               893P   7625
0.945331595328027,-0.61713238155324,0.923839774364855,               893P   7626
0.853620932032317,-0.626310224007427,1.01547747356516,               893P   7627
0.74226895641881,-0.634855772514234,1.08508253410386,                893P   7628
0.620560951222962,-0.643524919703799,1.15467966500801,               893P   7629
0.498866811398337,-0.652193079275961,1.20416939519647,               893P   7630
0.363479880345918,-0.661425124057556,1.22946714083958,               893P   7631
0.225633662372795,-0.670742073343432,1.24309877542532,               893P   7632
0.151355531074197,-0.675762490969207,1.24999999999998,               893P   7633
0.0755315963662547,-0.680828963198133,1.24999999999996,              893P   7634
-3.06873977082053E-013,-0.685650248726612,0.0,1.0,0.0,0.0,0.0,0,     893P   7635
0;                                                                   893P   7636
110,1.25,0.0,-0.685650248726574,1.25,0.0,-0.814349751273414,0,0;     895P   7637
102,4,889,891,893,895,0,0;                                           897P   7638
142,0,877,887,897,3,0,0;                                             899P   7639
144,877,1,0,899,0,0;                                                 901P   7640
128,6,1,3,1,0,0,0,0,0,0.0,0.0,0.0,0.0,0.5,0.5,0.5,1.0,1.0,1.0,       903P   7641
1.0,0.0,0.0,1.0,1.0,1.0,0.333333333333333,0.333333333333333,1.0,     903P   7642
0.333333333333333,0.333333333333333,1.0,1.0,0.333333333333333,       903P   7643
0.333333333333333,1.0,0.333333333333333,0.333333333333333,1.0,       903P   7644
1.25,0.0,-6.58971854723588,1.25,2.5,-6.58971854723588,-1.25,2.5,     903P   7645
-6.58971854723588,-1.25,1.53080849893419E-016,-6.58971854723588,     903P   7646
-1.25,-2.5,-6.58971854723588,1.25,-2.5,-6.58971854723588,1.25,       903P   7647
0.0,-6.58971854723588,1.25,0.0,0.486904019579106,1.25,2.5,           903P   7648
0.486904019579105,-1.25,2.5,0.486904019579105,-1.25,                 903P   7649
1.53080849893419E-016,0.486904019579106,-1.25,-2.5,                  903P   7650
0.486904019579105,1.25,-2.5,0.486904019579105,1.25,0.0,              903P   7651
0.486904019579106,0.0,1.0,0.0,1.0,0,0;                               903P   7652
126,1,1,1,0,1,0,0.0,0.0,1.0,1.0,1.0,1.0,0.0,0.745464202188866,       905P   7653
0.0,1.0,0.816119376359765,0.0,0.0,1.0,0.0,0.0,1.0,0,0;               905P   7654
126,1,1,1,0,1,0,0.0,0.0,1.0,1.0,1.0,1.0,1.0,0.816119376359762,       907P   7655
0.0,1.0,0.834305947896071,0.0,0.0,1.0,0.0,0.0,1.0,0,0;               907P   7656
126,1,1,1,0,1,0,0.0,0.0,1.0,1.0,1.0,1.0,1.0,0.834305947896066,       909P   7657
0.0,0.0,0.763650773725175,0.0,0.0,1.0,0.0,0.0,1.0,0,0;               909P   7658
126,1,1,1,0,1,0,0.0,0.0,1.0,1.0,1.0,1.0,0.0,0.763650773725175,       911P   7659
0.0,0.0,0.745464202188866,0.0,0.0,1.0,0.0,0.0,1.0,0,0;               911P   7660
102,4,905,907,909,911,0,0;                                           913P   7661
126,57,3,0,0,1,0,0.0,0.0,0.0,0.0,0.0497897588685126,                 915P   7662
0.0497897588685126,0.0497897588685126,0.103581449050657,             915P   7663
0.103581449050657,0.103581449050657,0.157375796339836,               915P   7664
0.157375796339836,0.157375796339836,0.211175786019595,               915P   7665
0.211175786019595,0.211175786019595,0.264962403220032,               915P   7666
0.264962403220032,0.264962403220032,0.31877042452296,                915P   7667
0.31877042452296,0.31877042452296,0.372558170311242,                 915P   7668
0.372558170311242,0.372558170311242,0.426363844717804,               915P   7669
0.426363844717804,0.426363844717804,0.480152548389638,               915P   7670
0.480152548389638,0.480152548389638,0.53394444818206,                915P   7671
0.53394444818206,0.53394444818206,0.587743910336152,                 915P   7672
0.587743910336152,0.587743910336152,0.641533263531773,               915P   7673
0.641533263531773,0.641533263531773,0.695343169250148,               915P   7674
0.695343169250148,0.695343169250148,0.749128449370237,               915P   7675
0.749128449370237,0.749128449370237,0.802931482863886,               915P   7676
0.802931482863886,0.802931482863886,0.856721925663132,               915P   7677
0.856721925663132,0.856721925663132,0.910517916087104,               915P   7678
0.910517916087104,0.910517916087104,0.964315786099973,               915P   7679
0.964315786099973,0.964315786099973,1.0,1.0,1.0,1.0,1.0,1.0,1.0,     915P   7680
1.0,1.0,1.0,1.0,1.0,1.0,1.0,1.0,1.0,1.0,1.0,1.0,1.0,1.0,1.0,1.0,     915P   7681
1.0,1.0,1.0,1.0,1.0,1.0,1.0,1.0,1.0,1.0,1.0,1.0,1.0,1.0,1.0,1.0,     915P   7682
1.0,1.0,1.0,1.0,1.0,1.0,1.0,1.0,1.0,1.0,1.0,1.0,1.0,1.0,1.0,1.0,     915P   7683
1.0,1.0,1.0,1.0,1.0,1.0,1.0,1.25,3.93957582894412E-015,              915P   7684
-1.31434975127342,1.25,0.129749362132823,-1.30606767129534,          915P   7685
1.22929988056449,0.261075971154978,-1.29831023963011,                915P   7686
1.1893793527951,0.384547467999337,-1.29027091426884,                 915P   7687
1.1462532609077,0.517933558212032,-1.28158604200849,                 915P   7688
1.07946993261394,0.645667155100647,-1.27227052540234,                915P   7689
0.994576531750636,0.757177338865121,-1.26301173084992,               915P   7690
0.909679547798173,0.868692229131231,-1.25375254551228,               915P   7691
0.804300039010718,0.967086532931574,-1.24488322255597,               915P   7692
0.687190449088688,1.04415960785758,-1.23628751326884,                915P   7693
0.570068910306841,1.12124054666021,-1.22769092694913,                915P   7694
0.438008668446407,1.17910790171379,-1.21870207512573,                915P   7695
0.301992924232953,1.21297167061446,-1.20943979940221,                915P   7696
0.16600922695064,1.24682746080739,-1.2001797059813,                  915P   7697
0.0223058230155528,1.25763730334891,-1.19063236182347,               915P   7698
-0.117251513953311,1.24448868314487,-1.18200720842142,               915P   7699
-0.256862567906451,1.23133500190829,-1.17337873511344,               915P   7700
-0.396135998657875,1.19383189261417,-1.16484813322088,               915P   7701
-0.523458144018604,1.13511742628711,-1.15588158359033,               915P   7702
-0.650734916386136,1.07642388366562,-1.14691822931276,               915P   7703
-0.769583624483094,0.994929457290306,-1.13726044802159,              915P   7704
-0.870199484728994,0.897358822755642,-1.12825653814065,              915P   7705
-0.97084693185668,0.799757557343389,-1.11924980161353,               915P   7706
-1.05602184315803,0.683357750297922,-1.11083312052647,               915P   7707
-1.11860022919558,0.557883076677891,-1.10205309734062,               915P   7708
-1.18115972180521,0.432446285893329,-1.09327572498592,               915P   7709
-1.22287076697101,0.294492385963836,-1.08383483387468,               915P   7710
-1.24029744867715,0.155442075400906,-1.0745373739838,                915P   7711
-1.25772496922321,0.0163850715987118,-1.06523946655617,              915P   7712
-1.25134345797565,-0.127646061808539,-1.05644159388965,              915P   7713
-1.22166072383993,-0.264660302703094,-1.04789449217757,              915P   7714
-1.19197393350347,-0.401693266848148,-1.03934622248817,              915P   7715
-1.13816864441195,-0.535462189602543,-1.0304106572326,               915P   7716
-1.06473557794258,-0.654857350163589,-1.02120239566754,              915P   7717
-0.991315474534392,-0.774231434023829,-1.0119957596271,              915P   7718
-0.896245280205995,-0.882550453826072,-1.00253648109492,             915P   7719
-0.787368941561994,-0.970850220097594,-0.993902838237264,            915P   7720
-0.678452310749858,-1.05918266370813,-0.985266000303491,             915P   7721
-0.55273725001416,-1.12988466508172,-0.97662642027774,               915P   7722
-0.420710671298642,-1.17707371521731,-0.967558670217946,             915P   7723
-0.288741433682572,-1.22424227044919,-0.958494858416365,             915P   7724
-0.146832694437478,-1.24923279687265,-0.948748250458714,             915P   7725
-0.00668327619817882,-1.24998213340002,-0.939776961478895,           915P   7726
0.133509550957816,-1.25073170202172,-0.930802893793742,              915P   7727
0.275812497429217,-1.22722711863135,-0.92244217999361,               915P   7728
0.40833092065809,-1.18142535068218,-0.91371348664402,                915P   7729
0.540819797573127,-1.13563379469734,-0.904986739444307,              915P   7730
0.667181597157608,-1.06630652351241,-0.895600498059615,              915P   7731
0.776965834616917,-0.979195635119908,-0.886357146321438,             915P   7732
0.886760202165359,-0.892076708769644,-0.877112941674146,             915P   7733
0.983028825390024,-0.784735700776996,-0.868360657639348,             915P   7734
1.05773818937031,-0.66610053501526,-0.859748214798174,               915P   7735
1.13245011921879,-0.547461294768319,-0.851135476165521,              915P   7736
1.18765294365477,-0.41427714728054,-0.842068692430893,               915P   7737
1.21878174656387,-0.277616739845983,-0.83278151179969,               915P   7738
1.23946317690049,-0.186821963561662,-0.826611271980041,              915P   7739
1.24999999999999,-0.0931350766941847,-0.820294691127196,             915P   7740
1.24999999999998,1.2434392231042E-013,-0.814349751273405,0.0,        915P   7741
1.0,0.0,0.0,0.0,0,0;                                                 915P   7742
110,1.25,0.0,-0.814349751273414,1.25,0.0,-0.685650248726574,0,0;     917P   7743
126,60,3,0,0,1,0,0.0,0.0,0.0,0.0,0.0248932983049386,                 919P   7744
0.0248932983049386,0.0248932983049386,0.0787039342767546,            919P   7745
0.0787039342767546,0.0787039342767546,0.132498734460174,             919P   7746
0.132498734460174,0.132498734460174,0.186315426145546,               919P   7747
0.186315426145546,0.186315426145546,0.240107360813992,               919P   7748
0.240107360813992,0.240107360813992,0.293911205542754,               919P   7749
0.293911205542754,0.293911205542754,0.347712013068772,               919P   7750
0.347712013068772,0.347712013068772,0.40151035256755,                919P   7751
0.40151035256755,0.40151035256755,0.455320761730826,                 919P   7752
0.455320761730826,0.455320761730826,0.509113282247169,               919P   7753
0.509113282247169,0.509113282247169,0.562927264898562,               919P   7754
0.562927264898562,0.562927264898562,0.616721651858144,               919P   7755
0.616721651858144,0.616721651858144,0.670530086286,                  919P   7756
0.670530086286,0.670530086286,0.724328229058376,                     919P   7757
0.724328229058376,0.724328229058376,0.778124176300766,               919P   7758
0.778124176300766,0.778124176300766,0.831933166148378,               919P   7759
0.831933166148378,0.831933166148378,0.885728217593675,               919P   7760
0.885728217593675,0.885728217593675,0.939545455745828,               919P   7761
0.939545455745828,0.939545455745828,0.993337030656784,               919P   7762
0.993337030656784,0.993337030656784,1.0,1.0,1.0,1.0,1.0,1.0,1.0,     919P   7763
1.0,1.0,1.0,1.0,1.0,1.0,1.0,1.0,1.0,1.0,1.0,1.0,1.0,1.0,1.0,1.0,     919P   7764
1.0,1.0,1.0,1.0,1.0,1.0,1.0,1.0,1.0,1.0,1.0,1.0,1.0,1.0,1.0,1.0,     919P   7765
1.0,1.0,1.0,1.0,1.0,1.0,1.0,1.0,1.0,1.0,1.0,1.0,1.0,1.0,1.0,1.0,     919P   7766
1.0,1.0,1.0,1.0,1.0,1.0,1.0,1.0,1.0,1.0,1.24999999999996,            919P   7767
-3.06873977082053E-013,-0.685650248726612,1.24999999999994,          919P   7768
-0.0651249928026631,-0.689807266457529,1.24487889198941,             919P   7769
-0.130458155919693,-0.693805609755765,1.23472804407609,              919P   7770
-0.194799017379551,-0.697775410401384,1.21287562372208,              919P   7771
-0.33330996371284,-0.706321470116829,1.16674942098542,               919P   7772
-0.469945385937382,-0.715046920435117,1.10020636625118,              919P   7773
-0.593334603457753,-0.724155626845909,1.03368168786692,              919P   7774
-0.716689746145617,-0.733261817820979,0.944925313972367,             919P   7775
-0.830219427612165,-0.7429285445187,0.841248062874404,               919P   7776
-0.924554864088694,-0.751692094330275,0.737530266583536,             919P   7777
-1.01892719244294,-0.760459071314291,0.616027053338767,              919P   7778
-1.09666372489381,-0.768953784440675,0.486884429147736,              919P   7779
-1.15127909416157,-0.77788247799987,0.357798452338895,               919P   7780
-1.20587050683316,-0.78680725505884,0.217529225138996,               919P   7781
-1.23887845415759,-0.796438690954288,0.0776614965006406,             919P   7782
-1.24758514417305,-0.805618855781089,-0.0622343845339645,            919P   7783
-1.25629358665985,-0.81480086837964,-0.205620828245001,              919P   7784
-1.24091772164163,-0.823271201328298,-0.340520704158469,             919P   7785
-1.20272426184867,-0.831890189895879,-0.47541337673423,              919P   7786
-1.16453284149708,-0.840508718229638,-0.605531438182952,             919P   7787
-1.10248572575548,-0.849686776497309,-0.720092815792749,             919P   7788
-1.02174670865322,-0.858949530474853,-0.834648945466488,             919P   7789
-0.941011390120295,-0.868211860135393,-0.936837958563137,            919P   7790
-0.839337853321409,-0.877309452233885,-1.01816509735381,             919P   7791
-0.725148146609029,-0.885894126499272,-1.09950995167344,             919P   7792
-0.61093356589903,-0.894480670768299,-1.16220462195064,              919P   7793
-0.481073203111187,-0.903330642838121,-1.20104971062515,             919P   7794
-0.346380704727092,-0.912532516475971,-1.23988259847418,             919P   7795
-0.211730511811279,-0.921731499904062,-1.25596595875217,             919P   7796
-0.0685328147919079,-0.931428135021165,-1.247958755759,              919P   7797
0.0714068898947438,-0.94014895376198,-1.23994848239658,              919P   7798
0.211400254588151,-0.948873116508655,-1.20759330640653,              919P   7799
0.351963117364757,-0.957316712312099,-1.15359875117412,              919P   7800
0.481362567395418,-0.966192972232188,-1.0996228576802,               919P   7801
0.610717294051891,-0.975066164316256,-1.02254860937735,              919P   7802
0.732486056471954,-0.984642181184341,-0.928748525757228,             919P   7803
0.836615907034868,-0.9937687610038,-0.834925698058774,               919P   7804
0.940771006375672,-1.00289755378127,-0.721750055455754,              919P   7805
1.03016281879652,-1.01137423669739,-0.598667413783799,               919P   7806
1.09731368699812,-1.02007864893629,-0.475607341710433,               919P   7807
1.16445224178071,-1.02878146505174,-0.339264840985574,               919P   7808
1.21121411759429,-1.03808967171321,-0.200943751638321,               919P   7809
1.23374292649542,-1.04740819609327,-0.0626288179228496,              919P   7810
1.25627073280864,-1.05672630577587,0.0815175051217426,               919P   7811
1.25519216202522,-1.06576569683378,0.219525957805854,                919P   7812
1.23057236839181,-1.07430284291684,0.357566905226286,                919P   7813
1.20594677791272,-1.08284199911092,0.493241178698341,                919P   7814
1.15709294901093,-1.09163908159899,0.615265969194621,                919P   7815
1.08809364815305,-1.10078714396998,0.737261130408435,                919P   7816
1.01911110126595,-1.10993298506673,0.848992829433561,                919P   7817
0.92809504249333,-1.1195459206768,0.941233452232437,                 919P   7818
0.822544581404927,-1.12825368811073,1.03351076959074,                919P   7819
0.716952130924554,-1.13696491961158,1.10879420976085,                919P   7820
0.593915434603203,-1.1455044331855,1.16080884954706,                 919P   7821
0.463705525968301,-1.15448281793763,1.21279987280371,                919P   7822
0.333554737345921,-1.16345712617803,1.24298963203767,                919P   7823
0.192656336521986,-1.17313663617142,1.24889116348006,                919P   7824
0.0526389758774544,-1.18225492172676,1.24963019636912,               919P   7825
0.0351049788859004,-1.18339678007032,1.25,0.0175509539668721,        919P   7826
-1.18452994723102,1.25,1.45198899643619E-014,-1.18565024872658,      919P   7827
0.0,1.0,0.0,0.0,0.0,0,0;                                             919P   7828
110,1.25,0.0,-1.18565024872658,1.25,0.0,-1.31434975127342,0,0;       921P   7829
102,4,915,917,919,921,0,0;                                           923P   7830
142,0,903,913,923,3,0,0;                                             925P   7831
144,903,1,0,925,0,0;                                                 927P   7832
128,6,1,3,1,0,0,0,0,0,0.0,0.0,0.0,0.0,0.5,0.5,0.5,1.0,1.0,1.0,       929P   7833
1.0,0.0,0.0,1.0,1.0,1.0,0.333333333333333,0.333333333333333,1.0,     929P   7834
0.333333333333333,0.333333333333333,1.0,1.0,0.333333333333333,       929P   7835
0.333333333333333,1.0,0.333333333333333,0.333333333333333,1.0,       929P   7836
1.25,0.0,-6.58971854723588,1.25,2.5,-6.58971854723588,-1.25,2.5,     929P   7837
-6.58971854723588,-1.25,1.53080849893419E-016,-6.58971854723588,     929P   7838
-1.25,-2.5,-6.58971854723588,1.25,-2.5,-6.58971854723588,1.25,       929P   7839
0.0,-6.58971854723588,1.25,0.0,0.486904019579106,1.25,2.5,           929P   7840
0.486904019579105,-1.25,2.5,0.486904019579105,-1.25,                 929P   7841
1.53080849893419E-016,0.486904019579106,-1.25,-2.5,                  929P   7842
0.486904019579105,1.25,-2.5,0.486904019579105,1.25,0.0,              929P   7843
0.486904019579106,0.0,1.0,0.0,1.0,0,0;                               929P   7844
126,1,1,1,0,1,0,0.0,0.0,1.0,1.0,1.0,1.0,0.0,0.674809028017718,       931P   7845
0.0,1.0,0.745464202188866,0.0,0.0,1.0,0.0,0.0,1.0,0,0;               931P   7846
126,1,1,1,0,1,0,0.0,0.0,1.0,1.0,1.0,1.0,1.0,0.745464202188866,       933P   7847
0.0,1.0,0.763650773725175,0.0,0.0,1.0,0.0,0.0,1.0,0,0;               933P   7848
126,1,1,1,0,1,0,0.0,0.0,1.0,1.0,1.0,1.0,1.0,0.763650773725175,       935P   7849
0.0,0.0,0.692995599554279,0.0,0.0,1.0,0.0,0.0,1.0,0,0;               935P   7850
126,1,1,1,0,1,0,0.0,0.0,1.0,1.0,1.0,1.0,0.0,0.69299559955428,        937P   7851
0.0,0.0,0.674809028017719,0.0,0.0,1.0,0.0,0.0,1.0,0,0;               937P   7852
102,4,931,933,935,937,0,0;                                           939P   7853
126,60,3,0,0,1,0,0.0,0.0,0.0,0.0,0.0275690905408674,                 941P   7854
0.0275690905408674,0.0275690905408674,0.0813770325235192,            941P   7855
0.0813770325235192,0.0813770325235192,0.135170713076487,             941P   7856
0.135170713076487,0.135170713076487,0.188986579650739,               941P   7857
0.188986579650739,0.188986579650739,0.242776866873459,               941P   7858
0.242776866873459,0.242776866873459,0.296581059500835,               941P   7859
0.296581059500835,0.296581059500835,0.350379287159697,               941P   7860
0.350379287159697,0.350379287159697,0.404177334489753,               941P   7861
0.404177334489753,0.404177334489753,0.457984618523961,               941P   7862
0.457984618523961,0.457984618523961,0.511776036839922,               941P   7863
0.511776036839922,0.511776036839922,0.565589199658384,               941P   7864
0.565589199658384,0.565589199658384,0.619382070237616,               941P   7865
0.619382070237616,0.619382070237616,0.673190896288328,               941P   7866
0.673190896288328,0.673190896288328,0.726986285214272,               941P   7867
0.726986285214272,0.726986285214272,0.780781918249309,               941P   7868
0.780781918249309,0.780781918249309,0.834588194256426,               941P   7869
0.834588194256426,0.834588194256426,0.888382217479403,               941P   7870
0.888382217479403,0.888382217479403,0.942198083473647,               941P   7871
0.942198083473647,0.942198083473647,0.995988300216765,               941P   7872
0.995988300216765,0.995988300216765,1.0,1.0,1.0,1.0,1.0,1.0,1.0,     941P   7873
1.0,1.0,1.0,1.0,1.0,1.0,1.0,1.0,1.0,1.0,1.0,1.0,1.0,1.0,1.0,1.0,     941P   7874
1.0,1.0,1.0,1.0,1.0,1.0,1.0,1.0,1.0,1.0,1.0,1.0,1.0,1.0,1.0,1.0,     941P   7875
1.0,1.0,1.0,1.0,1.0,1.0,1.0,1.0,1.0,1.0,1.0,1.0,1.0,1.0,1.0,1.0,     941P   7876
1.0,1.0,1.0,1.0,1.0,1.0,1.0,1.0,1.0,1.0,1.24999999999996,            941P   7877
-4.58422954774912E-013,-1.81434975127344,1.24999999999998,           941P   7878
0.0720748431115397,-1.80974911505258,1.24371886969448,               941P   7879
0.144430078179942,-1.80534016811334,1.23129440661031,                941P   7880
0.215439282049861,-1.80094988952465,1.20712712568641,                941P   7881
0.353561900828802,-1.79241019688213,1.15872336876229,                941P   7882
0.489399042961165,-1.78362519806292,1.0901286913249,                 941P   7883
0.611653035920088,-1.77448336734385,1.02155105753903,                941P   7884
0.733876652550539,-1.76534380808641,0.930906588513836,               941P   7885
0.845908970640838,-1.75572032806651,0.82566323228312,                941P   7886
0.938498922138854,-1.74700409538221,0.720378031288753,               941P   7887
1.03112568740617,-1.73828439712337,0.597591587942726,                941P   7888
1.10681730850659,-1.72975281166081,0.467554595232759,                941P   7889
1.15926386145567,-1.72078264216723,0.337576467310835,                941P   7890
1.21168667304348,-1.71181653326529,0.196778383634742,                941P   7891
1.2423436633857,-1.70214446055175,0.0567820109407274,                941P   7892
1.24870965529763,-1.69301506839254,-0.0832476027278965,              941P   7893
1.25507715876141,-1.68388350853509,-0.226364632444504,               941P   7894
1.23730210263681,-1.67546888324542,-0.360608646955166,               941P   7895
1.19685479643153,-1.66682115644738,-0.494838492945696,               941P   7896
1.15641175915753,-1.65817434235664,-0.623893283919566,               941P   7897
1.09219933822564,-1.64893277364231,-0.737085384624729,               941P   7898
1.00955690071071,-1.63966810570162,-0.850276736191828,               941P   7899
0.926915010147341,-1.63040349907717,-0.950756580815505,              941P   7900
0.82353870313106,-1.62141070186484,-1.03016205411745,                941P   7901
0.708001512891404,-1.61282434276452,-1.10958077017462,               941P   7902
0.592445054071552,-1.60423655168417,-1.17008963042896,               941P   7903
0.461561928844607,-1.59532431085509,-1.2066748597825,                941P   7904
0.326244973553437,-1.58609282155651,-1.24324989063939,               941P   7905
0.190965739209763,-1.57686390562742,-1.25693695943851,               941P   7906
0.0475146467518002,-1.56722629059073,-1.24658949132146,              941P   7907
-0.0922748076503333,-1.55855361179233,-1.23623798925865,             941P   7908
-0.232118758772882,-1.5498775519624,-1.20153497795947,               941P   7909
-0.372119515304662,-1.54139739386871,-1.1453835445905,               941P   7910
-0.500596180350292,-1.53247991978363,-1.08925217903077,              941P   7911
-0.62902692946731,-1.52356563269056,-1.01015415036283,               941P   7912
-0.749487071272865,-1.51394918221079,-0.914623331874579,             941P   7913
-0.852035304896836,-1.50487314054584,-0.819066030311937,             941P   7914
-0.954611966964554,-1.49579458281864,-0.704403963885443,             941P   7915
-1.0421009095819,-1.48735691991534,-0.580212198573517,               941P   7916
-1.10718282348783,-1.47861966609373,-0.456050150111386,              941P   7917
-1.17224916446543,-1.46988450293939,-0.318951863987068,              941P   7918
-1.21672064303057,-1.46051457584315,-0.180276268581498,              941P   7919
-1.23693187645331,-1.45120160830852,-0.0416010495529279,             941P   7920
-1.25714305502111,-1.44188866605005,0.102516962458937,               941P   7921
-1.25365202846569,-1.43296104129228,0.240096254549056,               941P   7922
-1.22672482185351,-1.42442271960258,0.377701985153153,               941P   7923
-1.19979244065932,-1.41588275710971,0.512532195243067,               941P   7924
-1.14867756229769,-1.40702358780434,0.633380933144954,               941P   7925
-1.07764956898262,-1.39784601054174,0.754203870153388,               941P   7926
-1.00663673996069,-1.38867039266818,0.864401383856136,               941P   7927
-0.913761610710296,-1.37911954741044,0.954864825554089,              941P   7928
-0.806680336266825,-1.37044992595815,1.04536377724604,               941P   7929
-0.699557028761809,-1.361776901383,1.11857595512846,                 941P   7930
-0.575280075361583,-1.35319452094627,1.16840394551425,               941P   7931
-0.444220913630593,-1.34417497972063,1.21820935467753,               941P   7932
-0.313221145747693,-1.33515952600215,1.24603843756857,               941P   7933
-0.171839985777734,-1.32544587920639,1.24959697299727,               941P   7934
-0.0317396451784829,-1.31638896126357,1.24986562941803,              941P   7935
-0.0211625814380159,-1.31570519705598,1.25,-0.0105810122972982,      941P   7936
-1.31502515181994,1.25,3.93957582894412E-015,-1.31434975127342,      941P   7937
0.0,1.0,0.0,0.0,0.0,0,0;                                             941P   7938
110,1.25,0.0,-1.31434975127342,1.25,0.0,-1.18565024872658,0,0;       943P   7939
126,57,3,0,0,1,0,0.0,0.0,0.0,0.0,0.0471363303015604,                 945P   7940
0.0471363303015604,0.0471363303015604,0.100928164364417,             945P   7941
0.100928164364417,0.100928164364417,0.154720281497827,               945P   7942
0.154720281497827,0.154720281497827,0.208521053379908,               945P   7943
0.208521053379908,0.208521053379908,0.262306368615628,               945P   7944
0.262306368615628,0.262306368615628,0.316113425392366,               945P   7945
0.316113425392366,0.316113425392366,0.369900128421147,               945P   7946
0.369900128421147,0.369900128421147,0.42370313646267,                945P   7947
0.42370313646267,0.42370313646267,0.477492103122744,                 945P   7948
0.477492103122744,0.477492103122744,0.531281801400127,               945P   7949
0.531281801400127,0.531281801400127,0.585081646386504,               945P   7950
0.585081646386504,0.585081646386504,0.638869585110381,               945P   7951
0.638869585110381,0.638869585110381,0.692679221454393,               945P   7952
0.692679221454393,0.692679221454393,0.746463303162232,               945P   7953
0.746463303162232,0.746463303162232,0.800263702163008,               945P   7954
0.800263702163008,0.800263702163008,0.854054167580118,               945P   7955
0.854054167580118,0.854054167580118,0.907847766495959,               945P   7956
0.907847766495959,0.907847766495959,0.961646395322614,               945P   7957
0.961646395322614,0.961646395322614,1.0,1.0,1.0,1.0,1.0,1.0,1.0,     945P   7958
1.0,1.0,1.0,1.0,1.0,1.0,1.0,1.0,1.0,1.0,1.0,1.0,1.0,1.0,1.0,1.0,     945P   7959
1.0,1.0,1.0,1.0,1.0,1.0,1.0,1.0,1.0,1.0,1.0,1.0,1.0,1.0,1.0,1.0,     945P   7960
1.0,1.0,1.0,1.0,1.0,1.0,1.0,1.0,1.0,1.0,1.0,1.0,1.0,1.0,1.0,1.0,     945P   7961
1.0,1.0,1.0,1.0,1.0,1.0,1.0,1.25,1.45198899643619E-014,              945P   7962
-1.18565024872658,1.25,-0.122854301655124,-1.19349220752494,         945P   7963
1.23148779830418,-0.247052551943109,-1.20085107309099,               945P   7964
1.19565082405815,-0.364580727588641,-1.20843493485723,               945P   7965
1.15476258315744,-0.4986746476117,-1.21708775149088,                 945P   7966
1.09012286539756,-0.627514310151245,-1.22634174208818,               945P   7967
1.00710562410905,-0.740431132441033,-1.23560606935048,               945P   7968
0.924088271790338,-0.853348105749798,-1.24487040900323,              945P   7969
0.820377608518859,-0.953485599350926,-1.25384251244188,              945P   7970
0.704576987492129,-1.03250727295091,-1.26242988152126,               945P   7971
0.588758266436397,-1.11154129790592,-1.2710185928355,                945P   7972
0.457676672989647,-1.17161463836816,-1.27994338317524,               945P   7973
0.322240339143537,-1.20775045594223,-1.28918034004392,               945P   7974
0.186840800716079,-1.24387645611724,-1.29841478741101,               945P   7975
0.0433440793094318,-1.25708775462152,-1.30803884019068,              945P   7976
-0.0964108752285966,-1.24627643126943,-1.31670289712952,             945P   7977
-0.236220342840992,-1.23546089083268,-1.32537033358633,              945P   7978
-0.376104774946218,-1.20029343030538,-1.33385836026437,              945P   7979
-0.504394031573871,-1.14371616274014,-1.34278399931761,              945P   7980
-0.63263730987152,-1.08715917222964,-1.35170643945935,               945P   7981
-0.752834006844048,-1.00766235698951,-1.36133028699313,              945P   7982
-0.855065212218418,-0.911791359277917,-1.37039527390455,             945P   7983
-0.957325419258868,-0.815893164208611,-1.3794628324351,              945P   7984
-1.04443391776685,-0.700940201893785,-1.38789498564302,              945P   7985
-1.10910330248194,-0.576532622167784,-1.39663907887802,              945P   7986
-1.17375651778968,-0.452156148301888,-1.40538098581101,              945P   7987
-1.21777230898409,-0.314912485682247,-1.41476290417768,              945P   7988
-1.2375232290893,-0.176171102807382,-1.42407398739798,               945P   7989
-1.25727426099008,-0.0374289346186386,-1.43338512332154,             945P   7990
-1.25330480239825,0.106678692849992,-1.44229085593411,               945P   7991
-1.2259208161961,0.24416828708307,-1.45083009034654,                 945P   7992
-1.19853181216855,0.381683074827937,-1.45937088948321,               945P   7993
-1.14697021322595,0.516341380905266,-1.46824257268209,               945P   7994
-1.07554220728948,0.636952871364014,-1.47742559926865,               945P   7995
-1.00412902425152,0.757539332258268,-1.48660672017312,               945P   7996
-0.910888129475549,0.867428959182061,-1.49614361025584,              945P   7997
-0.803506796081575,0.957536854982993,-1.50480655412836,              945P   7998
-0.696083571853686,1.04767990302853,-1.51347287752627,               945P   7999
-0.57156496632112,1.1204787435171,-1.52206430530147,                 945P   8000
-0.440341896034046,1.16987136668831,-1.5310919282662,                945P   8001
-0.309178064079588,1.21924169243396,-1.54011547587032,               945P   8002
-0.167705748196413,1.24660169997777,-1.54983519656545,               945P   8003
-0.0275934883139622,1.24969540264925,-1.55887886412823,              945P   8004
0.1125583151459,1.25278997844968,-1.56792508406558,                  945P   8005
0.255229932051751,1.23167205476374,-1.5762932391871,                 945P   8006
0.388494662980415,1.18809591230495,-1.58498632877098,                945P   8007
0.521735941203172,1.14452743863029,-1.59367788849418,                945P   8008
0.649245979151389,1.07732119692985,-1.60300535733662,                945P   8009
0.760473536576025,0.992058466103451,-1.61226227542907,               945P   8010
0.871706703682767,0.906791435112361,-1.62151966038754,               945P   8011
0.969751959677137,0.801084386655728,-1.63036905116784,               945P   8012
1.04643597355006,0.683719060185052,-1.63896703777342,                945P   8013
1.12312696617607,0.566343052692456,-1.64756580685271,                945P   8014
1.18055489670452,0.434093119199834,-1.65656748957122,                945P   8015
1.21396692795636,0.297966940831025,-1.66583431453298,                945P   8016
1.23781508867592,0.200805563379592,-1.67244860054817,                945P   8017
1.24999999999999,0.10006009887347,-1.67926327519652,                 945P   8018
1.24999999999999,-6.9282366435304E-014,-1.68565024872659,0.0,        945P   8019
1.0,0.0,0.0,0.0,0,0;                                                 945P   8020
110,1.25,0.0,-1.68565024872658,1.25,0.0,-1.8143497512752,0,0;        947P   8021
102,4,941,943,945,947,0,0;                                           949P   8022
142,0,929,939,949,3,0,0;                                             951P   8023
144,929,1,0,951,0,0;                                                 953P   8024
128,6,1,3,1,0,0,0,0,0,0.0,0.0,0.0,0.0,0.5,0.5,0.5,1.0,1.0,1.0,       955P   8025
1.0,0.0,0.0,1.0,1.0,1.0,0.333333333333333,0.333333333333333,1.0,     955P   8026
0.333333333333333,0.333333333333333,1.0,1.0,0.333333333333333,       955P   8027
0.333333333333333,1.0,0.333333333333333,0.333333333333333,1.0,       955P   8028
1.25,0.0,-6.58971854723588,1.25,2.5,-6.58971854723588,-1.25,2.5,     955P   8029
-6.58971854723588,-1.25,1.53080849893419E-016,-6.58971854723588,     955P   8030
-1.25,-2.5,-6.58971854723588,1.25,-2.5,-6.58971854723588,1.25,       955P   8031
0.0,-6.58971854723588,1.25,0.0,0.486904019579106,1.25,2.5,           955P   8032
0.486904019579105,-1.25,2.5,0.486904019579105,-1.25,                 955P   8033
1.53080849893419E-016,0.486904019579106,-1.25,-2.5,                  955P   8034
0.486904019579105,1.25,-2.5,0.486904019579105,1.25,0.0,              955P   8035
0.486904019579106,0.0,1.0,0.0,1.0,0,0;                               955P   8036
126,1,1,1,0,1,0,0.0,0.0,1.0,1.0,1.0,1.0,0.0,0.604153853847075,       957P   8037
0.0,1.0,0.674809028017718,0.0,0.0,1.0,0.0,0.0,1.0,0,0;               957P   8038
126,1,1,1,0,1,0,0.0,0.0,1.0,1.0,1.0,1.0,1.0,0.674809028017719,       959P   8039
0.0,1.0,0.69299559955428,0.0,0.0,1.0,0.0,0.0,1.0,0,0;                959P   8040
126,1,1,1,0,1,0,0.0,0.0,1.0,1.0,1.0,1.0,1.0,0.692995599554279,       961P   8041
0.0,0.0,0.62234042538339,0.0,0.0,1.0,0.0,0.0,1.0,0,0;                961P   8042
126,1,1,1,0,1,0,0.0,0.0,1.0,1.0,1.0,1.0,0.0,0.62234042538339,        963P   8043
0.0,0.0,0.604153853847075,0.0,0.0,1.0,0.0,0.0,1.0,0,0;               963P   8044
102,4,957,959,961,963,0,0;                                           965P   8045
126,60,3,0,0,1,0,0.0,0.0,0.0,0.0,0.00534162809102945,                967P   8046
0.00534162809102945,0.00534162809102945,0.0591536982424783,          967P   8047
0.0591536982424783,0.0591536982424783,0.11294808870425,              967P   8048
0.11294808870425,0.11294808870425,0.166753538291918,                 967P   8049
0.166753538291918,0.166753538291918,0.220553242329646,               967P   8050
0.220553242329646,0.220553242329646,0.274347426928168,               967P   8051
0.274347426928168,0.274347426928168,0.328157700430269,               967P   8052
0.328157700430269,0.328157700430269,0.381951838036414,               967P   8053
0.381951838036414,0.381951838036414,0.43576775616602,                967P   8054
0.43576775616602,0.43576775616602,0.489559156410514,                 967P   8055
0.489559156410514,0.489559156410514,0.54336204768107,                967P   8056
0.54336204768107,0.54336204768107,0.597162484384022,                 967P   8057
0.597162484384022,0.597162484384022,0.650960010278379,               967P   8058
0.650960010278379,0.650960010278379,0.70477014642146,                967P   8059
0.70477014642146,0.70477014642146,0.758561999610388,                 967P   8060
0.758561999610388,0.758561999610388,0.812375208236356,               967P   8061
0.812375208236356,0.812375208236356,0.866169030224718,               967P   8062
0.866169030224718,0.866169030224718,0.919976496029555,               967P   8063
0.919976496029555,0.919976496029555,0.973774308123307,               967P   8064
0.973774308123307,0.973774308123307,1.0,1.0,1.0,1.0,1.0,1.0,1.0,     967P   8065
1.0,1.0,1.0,1.0,1.0,1.0,1.0,1.0,1.0,1.0,1.0,1.0,1.0,1.0,1.0,1.0,     967P   8066
1.0,1.0,1.0,1.0,1.0,1.0,1.0,1.0,1.0,1.0,1.0,1.0,1.0,1.0,1.0,1.0,     967P   8067
1.0,1.0,1.0,1.0,1.0,1.0,1.0,1.0,1.0,1.0,1.0,1.0,1.0,1.0,1.0,1.0,     967P   8068
1.0,1.0,1.0,1.0,1.0,1.0,1.0,1.0,1.0,1.0,1.25,                        967P   8069
4.10220615481695E-015,-2.31434975127342,1.25,0.0140794527834905,     967P   8070
-2.31345104046603,1.24976205373055,0.0281614273410392,               967P   8071
-2.3125603309511,1.24928631999206,0.0422337623317124,                967P   8072
-2.31167617196196,1.24454890794092,0.182367715380215,                967P   8073
-2.30287161363143,1.21548839468864,0.323647448201496,                967P   8074
-2.29446969369753,1.16453231570415,0.454273580214323,                967P   8075
-2.28565040986996,1.11359215405994,0.584858908055502,                967P   8076
-2.27683388095494,1.03937996039724,0.708399695005963,                967P   8077
-2.26732233679268,0.948039615422194,0.814690669880378,               967P   8078
-2.25813924701194,0.856682007304341,0.921001733536793,               967P   8079
-2.24895442164557,0.745636242441044,1.01300747703939,                967P   8080
-2.24039542663804,0.62416048644615,1.08301601426724,                 967P   8081
-2.23173163679352,0.502697157076366,1.15301738982041,                967P   8082
-2.22306873323011,0.367473607147993,1.20295674963042,                967P   8083
-2.21384946574769,0.229711240777277,1.22871182376527,                967P   8084
-2.2045335960982,0.0919628212727422,1.25446429049301,                967P   8085
-2.19521866957411,-0.0521561216732161,1.25675427049627,              967P   8086
-2.186023095944,-0.190699184024905,1.23536788901616,                 967P   8087
-2.1774775101763,-0.32928247421216,1.21397529771346,                 967P   8088
-2.16892944308321,-0.466071641044773,1.16830236793429,               967P   8089
-2.16021550046307,-0.589681913097463,1.10216842695013,               967P   8090
-2.15111367505495,-0.713257392221057,1.03605310087135,               967P   8091
-2.14201441156309,-0.82708035951303,0.947674010515262,               967P   8092
-2.13234119984609,-0.921758774466313,0.844310820547954,              967P   8093
-2.12356733633344,-1.01647400112729,0.740907442164547,               967P   8094
-2.11479006147408,-1.09461342572467,0.619662929785635,               967P   8095
-2.10630201885532,-1.14965709582591,0.490702111282522,               967P   8096
-2.09738153404272,-1.2046768489373,0.36179732746211,                 967P   8097
-2.08846492526426,-1.23815002297925,0.221637545045235,               967P   8098
-2.07884214148715,-1.24732064213101,0.0817998515517789,              967P   8099
-2.06965292720427,-1.25649303818327,-0.0580649369136116,             967P   8100
-2.06046193241789,-1.24159347268487,-0.201499922937265,              967P   8101
-2.0519785875241,-1.20384827826754,-0.336525367412737,               967P   8102
-2.04336488161024,-1.16610470699701,-0.47154500542408,               967P   8103
-2.03475154610935,-1.10448911609156,-0.601869656265198,              967P   8104
-2.02558622737084,-1.02413024735007,-0.716698846422058,              967P   8105
-2.01632454977306,-0.943775668345707,-0.831521906738502,             967P   8106
-2.00706336658446,-0.842443133913861,-0.934046479757119,             967P   8107
-1.99794504215191,-0.728524445297698,-1.01575200349479,              967P   8108
-1.98936000655611,-0.614579831674459,-1.09747612133942,              967P   8109
-1.98077301722374,-0.484926662590231,-1.16060222095086,              967P   8110
-1.97193516562481,-0.350362469191057,-1.19989422041376,              967P   8111
-1.96273954546822,-0.215841473168758,-1.23917360648178,              967P   8112
-1.95354687726087,-0.0726986451944339,-1.25573163734775,             967P   8113
-1.94384052387762,0.0672661488143568,-1.24818879390246,              967P   8114
-1.93510922155101,0.207284302970645,-1.24064307482519,               967P   8115
-1.9263745905046,0.34795379853985,-1.20875465912192,                 967P   8116
-1.91793760161683,0.477531849142221,-1.15518973898439,               967P   8117
-1.90906949685913,0.60706558003953,-1.10164313970792,                967P   8118
-1.90020442526783,0.729089932661029,-1.0249727929827,                967P   8119
-1.89063702008185,0.833530070129137,-0.931518986489548,              967P   8120
-1.88150143218868,0.937994771423365,-0.838043200103337,              967P   8121
-1.87236369564847,1.02776087503887,-0.725166200857395,               967P   8122
-1.86387718168068,1.09531981629502,-0.602307645669088,               967P   8123
-1.85517893131174,1.16286713649635,-0.479470223819746,               967P   8124
-1.84648217715992,1.2100817549386,-0.343282116179878,                967P   8125
-1.83718643057064,1.23306946290712,-0.205035849660316,               967P   8126
-1.82786756360584,1.24431761929566,-0.137390322403998,               967P   8127
-1.82330773218951,1.24999999999993,-0.068586179337743,               967P   8128
-1.81872770129435,1.24999999999996,-4.58422954774912E-013,           967P   8129
-1.81434975127344,0.0,1.0,0.0,0.0,0.0,0,0;                           967P   8130
110,1.25,0.0,-1.8143497512752,1.25,0.0,-1.68565024872658,0,0;        969P   8131
126,60,3,0,0,1,0,0.0,0.0,0.0,0.0,0.0154347659776644,                 971P   8132
0.0154347659776644,0.0154347659776644,0.0692511004747072,            971P   8133
0.0692511004747072,0.0692511004747072,0.123047253774372,             971P   8134
0.123047253774372,0.123047253774372,0.176861630161827,               971P   8135
0.176861630161827,0.176861630161827,0.230658481800653,               971P   8136
0.230658481800653,0.230658481800653,0.284459018184766,               971P   8137
0.284459018184766,0.284459018184766,0.338266589083579,               971P   8138
0.338266589083579,0.338266589083579,0.39206441772793,                971P   8139
0.39206441772793,0.39206441772793,0.445882484062562,                 971P   8140
0.445882484062562,0.445882484062562,0.49967619933669,                971P   8141
0.49967619933669,0.49967619933669,0.553487926675588,                 971P   8142
0.553487926675588,0.553487926675588,0.607286561181729,               971P   8143
0.607286561181729,0.607286561181729,0.661091222924499,               971P   8144
0.661091222924499,0.661091222924499,0.714897128951778,               971P   8145
0.714897128951778,0.714897128951778,0.768692665091722,               971P   8146
0.768692665091722,0.768692665091722,0.822508078465212,               971P   8147
0.822508078465212,0.822508078465212,0.876304439155195,               971P   8148
0.876304439155195,0.876304439155195,0.93012058410403,                971P   8149
0.93012058410403,0.93012058410403,0.983916141616838,                 971P   8150
0.983916141616838,0.983916141616838,1.0,1.0,1.0,1.0,1.0,1.0,1.0,     971P   8151
1.0,1.0,1.0,1.0,1.0,1.0,1.0,1.0,1.0,1.0,1.0,1.0,1.0,1.0,1.0,1.0,     971P   8152
1.0,1.0,1.0,1.0,1.0,1.0,1.0,1.0,1.0,1.0,1.0,1.0,1.0,1.0,1.0,1.0,     971P   8153
1.0,1.0,1.0,1.0,1.0,1.0,1.0,1.0,1.0,1.0,1.0,1.0,1.0,1.0,1.0,1.0,     971P   8154
1.0,1.0,1.0,1.0,1.0,1.0,1.0,1.0,1.0,1.0,1.24999999999999,            971P   8155
-6.9282366435304E-014,-1.68565024872659,1.24999999999998,            971P   8156
-0.0405049957760857,-1.68823573823509,1.24802648584029,              971P   8157
-0.0810618681909391,-1.69075726520303,1.24409266816154,              971P   8158
-0.121381353702723,-1.69324796898893,1.2304756674318,                971P   8159
-0.260948183808296,-1.70186959765597,1.19251064153226,               971P   8160
-0.400095590989147,-1.71040919052217,1.13337435473968,               971P   8161
-0.527221558757282,-1.71938377457182,1.07425903220753,               971P   8162
-0.65430245940944,-1.72835517706362,0.992371094526912,               971P   8163
-0.772879965048901,-1.73801899186874,0.894466527888561,              971P   8164
-0.873172165433016,-1.74700971513126,0.796530685724285,              971P   8165
-0.973496404070513,-1.75600331047227,0.67984794145236,               971P   8166
-1.05828485047157,-1.76441949792888,0.554165857355721,               971P   8167
-1.1204464300185,-1.77320690716784,0.428522943744125,                971P   8168
-1.18258863608639,-1.7819915776944,0.290432718758077,                971P   8169
-1.22384125804779,-1.7914438388379,0.151325663959881,                971P   8170
-1.24080640852112,-1.80073775764775,0.0122107386009123,              971P   8171
-1.25777251886848,-1.81003220229976,-0.131800428842019,              971P   8172
-1.25091276861427,-1.81880933068093,-0.268715831890442,              971P   8173
-1.22077508235196,-1.82735861919996,-0.405648640479034,              971P   8174
-1.19063356479896,-1.83590899455788,-0.539236722718574,              971P   8175
-1.13638509992592,-1.84485735486038,-0.658386710638088,              971P   8176
-1.06255679342573,-1.85407015059309,-0.777516418985178,              971P   8177
-0.988741052654784,-1.86328137828906,-0.885520381678889,             971P   8178
-0.893311086435925,-1.8727239600291,-0.973458553019867,              971P   8179
-0.784141852952938,-1.88135264440358,-1.06142877195842,              971P   8180
-0.674932834566435,-1.88998447335794,-1.13171245964239,              971P   8181
-0.548984900109444,-1.89863407693261,-1.17846289640246,              971P   8182
-0.416803553011224,-1.90770963367481,-1.22519326530524,              971P   8183
-0.284678945413076,-1.91678129468918,-1.24971308071328,              971P   8184
-0.142688274156032,-1.92653246446304,-1.24999742738402,              971P   8185
-0.00253604679423474,-1.93548828138905,-1.25028186354811,            971P   8186
0.137660291137907,-1.94444691700869,-1.22630474300455,               971P   8187
0.279885173835401,-1.95280896943052,-1.18006313552953,               971P   8188
0.412251132398957,-1.96154498553383,-1.13383224614091,               971P   8189
0.544586410589185,-1.9702789767643,-1.06408664601341,                971P   8190
0.670716362545901,-1.97967654767113,-0.976612070406879,              971P   8191
0.780210781734897,-1.98891637337748,-0.889128694692818,              971P   8192
0.889716216269283,-1.99815712862775,-0.781467177862291,              971P   8193
0.985629235237988,-2.00689097003031,-0.662584109245887,              971P   8194
1.05994447881709,-2.01550684750237,-0.543698314929135,               971P   8195
1.13426142626444,-2.0241229225156,-0.41033332893069,                 971P   8196
1.18902116043131,-2.03320266736397,-0.273571466739383,               971P   8197
1.21969613124994,-2.04249334721491,-0.13683477139577,                971P   8198
1.25036545727618,-2.05178231739971,0.00709168344107061,              971P   8199
1.2578155080627,-2.0612027963635,0.146307139631019,                  971P   8200
1.24140816047462,-2.06978604064748,0.285572457758789,                971P   8201
1.22499493636847,-2.07837235913891,0.423924388133063,                971P   8202
1.18424856334791,-2.08696980189749,0.549834397700173,                971P   8203
1.1225783425248,-2.09599205097753,0.675702383684824,                 971P   8204
1.06092870468486,-2.10501128880191,0.792614277050739,                971P   8205
0.976682178280768,-2.11470433174002,0.890927766877924,               971P   8206
0.876782592326008,-2.12360965804663,0.989275615483199,               971P   8207
0.776848093281385,-2.13251809660295,1.07170835646921,                971P   8208
0.658484419466891,-2.14094895286224,1.13133708664674,                971P   8209
0.531579153445348,-2.14978250795149,1.19094401155509,                971P   8210
0.404720294641878,-2.15861283275147,1.2294178451493,                 971P   8211
0.265838347232326,-2.16813114384131,1.2435907324139,                 971P   8212
0.126420292097437,-2.17739750013773,1.24785783811339,                971P   8213
0.0844449650824356,-2.18018737075674,1.24999999999998,               971P   8214
0.0421979197264958,-2.18295669755732,1.24999999999998,               971P   8215
8.82568282605406E-014,-2.18565024872658,0.0,1.0,0.0,0.0,0.0,0,0;     971P   8216
110,1.25,0.0,-2.18565024872655,1.25,0.0,-2.31434975127342,0,0;       973P   8217
102,4,967,969,971,973,0,0;                                           975P   8218
142,0,955,965,975,3,0,0;                                             977P   8219
144,955,1,0,977,0,0;                                                 979P   8220
128,6,1,3,1,0,0,0,0,0,0.0,0.0,0.0,0.0,0.5,0.5,0.5,1.0,1.0,1.0,       981P   8221
1.0,0.0,0.0,1.0,1.0,1.0,0.333333333333333,0.333333333333333,1.0,     981P   8222
0.333333333333333,0.333333333333333,1.0,1.0,0.333333333333333,       981P   8223
0.333333333333333,1.0,0.333333333333333,0.333333333333333,1.0,       981P   8224
1.25,0.0,-6.58971854723588,1.25,2.5,-6.58971854723588,-1.25,2.5,     981P   8225
-6.58971854723588,-1.25,1.53080849893419E-016,-6.58971854723588,     981P   8226
-1.25,-2.5,-6.58971854723588,1.25,-2.5,-6.58971854723588,1.25,       981P   8227
0.0,-6.58971854723588,1.25,0.0,0.486904019579106,1.25,2.5,           981P   8228
0.486904019579105,-1.25,2.5,0.486904019579105,-1.25,                 981P   8229
1.53080849893419E-016,0.486904019579106,-1.25,-2.5,                  981P   8230
0.486904019579105,1.25,-2.5,0.486904019579105,1.25,0.0,              981P   8231
0.486904019579106,0.0,1.0,0.0,1.0,0,0;                               981P   8232
126,1,1,1,0,1,0,0.0,0.0,1.0,1.0,1.0,1.0,0.0,0.533498679676178,       983P   8233
0.0,1.0,0.604153853847075,0.0,0.0,1.0,0.0,0.0,1.0,0,0;               983P   8234
126,1,1,1,0,1,0,0.0,0.0,1.0,1.0,1.0,1.0,1.0,0.604153853847075,       985P   8235
0.0,1.0,0.62234042538339,0.0,0.0,1.0,0.0,0.0,1.0,0,0;                985P   8236
126,1,1,1,0,1,0,0.0,0.0,1.0,1.0,1.0,1.0,1.0,0.62234042538339,        987P   8237
0.0,0.0,0.55168525121249,0.0,0.0,1.0,0.0,0.0,1.0,0,0;                987P   8238
126,1,1,1,0,1,0,0.0,0.0,1.0,1.0,1.0,1.0,0.0,0.55168525121249,        989P   8239
0.0,0.0,0.533498679676178,0.0,0.0,1.0,0.0,0.0,1.0,0,0;               989P   8240
102,4,983,985,987,989,0,0;                                           991P   8241
126,57,3,0,0,1,0,0.0,0.0,0.0,0.0,0.0370303416585136,                 993P   8242
0.0370303416585136,0.0370303416585136,0.0908276531121563,            993P   8243
0.0908276531121563,0.0908276531121563,0.144617030853149,             993P   8244
0.144617030853149,0.144617030853149,0.19842483573764,                993P   8245
0.19842483573764,0.19842483573764,0.252209847923707,                 993P   8246
0.252209847923707,0.252209847923707,0.306014012645438,               993P   8247
0.306014012645438,0.306014012645438,0.359802863920172,               993P   8248
0.359802863920172,0.359802863920172,0.413599999247027,               993P   8249
0.413599999247027,0.413599999247027,0.467395320887621,               993P   8250
0.467395320887621,0.467395320887621,0.521182371986836,               993P   8251
0.521182371986836,0.521182371986836,0.574987783584173,               993P   8252
0.574987783584173,0.574987783584173,0.628775345478984,               993P   8253
0.628775345478984,0.628775345478984,0.682583721364249,               993P   8254
0.682583721364249,0.682583721364249,0.736369500897964,               993P   8255
0.736369500897964,0.736369500897964,0.790164104985225,               993P   8256
0.790164104985225,0.790164104985225,0.843959753129816,               993P   8257
0.843959753129816,0.843959753129816,0.897749901582143,               993P   8258
0.897749901582143,0.897749901582143,0.951555750696399,               993P   8259
0.951555750696399,0.951555750696399,1.0,1.0,1.0,1.0,1.0,1.0,1.0,     993P   8260
1.0,1.0,1.0,1.0,1.0,1.0,1.0,1.0,1.0,1.0,1.0,1.0,1.0,1.0,1.0,1.0,     993P   8261
1.0,1.0,1.0,1.0,1.0,1.0,1.0,1.0,1.0,1.0,1.0,1.0,1.0,1.0,1.0,1.0,     993P   8262
1.0,1.0,1.0,1.0,1.0,1.0,1.0,1.0,1.0,1.0,1.0,1.0,1.0,1.0,1.0,1.0,     993P   8263
1.0,1.0,1.0,1.0,1.0,1.0,1.0,1.24999999999998,                        993P   8264
-9.41386250462742E-014,-2.81434975127342,1.24999999999999,           993P   8265
0.0966264920854547,-2.80818194958022,1.23864286622179,               993P   8266
0.193916817304047,-2.80233912892885,1.21637935627007,                993P   8267
0.287960520974665,-2.79643669934196,1.18408012543898,                993P   8268
0.424396298606137,-2.78787363196827,1.12773258604453,                993P   8269
0.557104363194495,-2.77886405965317,1.05203588154654,                993P   8270
0.67507073995145,-2.76963201025928,0.976349716405739,                993P   8271
0.793020692086102,-2.76040124625644,0.879222797637038,               993P   8272
0.899510396496287,-2.7510430480515,0.768677186803955,                993P   8273
0.985715670204729,-2.74243418536492,0.658094854175404,               993P   8274
1.07194958016933,-2.73382246292757,0.531059303648464,                993P   8275
1.1402332620148,-2.72512321815286,0.398162486440091,                 993P   8276
1.18489097996065,-2.71601138604037,0.265318985747703,                993P   8277
1.22953078179697,-2.70690320947925,0.122959452878266,                993P   8278
1.25180874289727,-2.69713988328077,-0.0171849119436498,              993P   8279
1.24988186593833,-2.68825671839939,-0.157376544259032,               993P   8280
1.24795433908781,-2.67937055742938,-0.299208120603962,               993P   8281
1.22173398426543,-2.67099480631098,-0.430828908523532,               993P   8282
1.17340804990439,-2.66222296252762,-0.562414036368255,               993P   8283
1.12509520850886,-2.65345349530356,-0.687422926573514,               993P   8284
1.05337097348921,-2.64400372966435,-0.795523109854056,               993P   8285
0.964179952959058,-2.63478460277948,-0.903638433784639,              993P   8286
0.874976440220406,-2.62556418465191,-0.997845784705871,              993P   8287
0.765807050918325,-2.6169133728541,-1.0702756930431,                 993P   8288
0.645763068687819,-2.60827874648816,-1.14270328800761,               993P   8289
0.525722920598208,-2.59964439590759,-1.19534803153977,               993P   8290
0.39151813691689,-2.59050299212666,-1.22386047386744,                993P   8291
0.25429420069081,-2.58119828177117,-1.25236869140688,                993P   8292
0.117090597414905,-2.57189495012713,-1.25754715691785,               993P   8293
-0.0269430041618235,-2.56257010147557,-1.23894405729885,             993P   8294
-0.16588436600194,-2.55400728339815,-1.22033479663031,               993P   8295
-0.304871743002523,-2.54544162945211,-1.17741156612282,              993P   8296
-0.442557471956002,-2.53679475861972,-1.11376513751829,              993P   8297
-0.567474420964535,-2.52773639497373,-1.0501385716284,               993P   8298
-0.692352386014868,-2.51868085825294,-0.964058866506225,             993P   8299
-0.80792150277989,-2.50898466324354,-0.862617600468055,              993P   8300
-0.904649587057185,-2.50014181053801,-0.761138836764739,             993P   8301
-1.00141342677658,-2.4912956890806,-0.641486807998319,               993P   8302
-1.0819683030144,-2.48284311588518,-0.513655495248444,               993P   8303
-1.13958678133834,-2.47397178784986,-0.385875447246271,              993P   8304
-1.19718215267315,-2.46510401752182,-0.246409061403672,              993P   8305
-1.23345890015008,-2.45553734049452,-0.106784687962875,              993P   8306
-1.24543045988793,-2.44630040832354,0.0328601226809732,              993P   8307
-1.25740377193587,-2.43706212411742,0.176554130314666,               993P   8308
-1.24538520783318,-2.42848803808752,0.312306543036426,               993P   8309
-1.21035722957176,-2.41990302700047,0.448061609945327,               993P   8310
-1.17532856645468,-2.41131784806207,0.579604197553089,               993P   8311
-1.11633487455609,-2.40223016574671,0.696025010194836,               993P   8312
-1.03829147409736,-2.39297961131528,0.812434456998246,               993P   8313
-0.960255692797555,-2.3837299599896,0.916962461477444,               993P   8314
-0.861006570441666,-2.3744884013592,1.00093484952187,                993P   8315
-0.74875191286075,-2.36589605503808,1.08493102273458,                993P   8316
-0.636465459162284,-2.35730127493595,1.15064906487273,               993P   8317
-0.508094855267077,-2.34853470979477,1.19263219235754,               993P   8318
-0.374337352868291,-2.33937924136358,1.2304379833637,                993P   8319
-0.253888770684312,-2.33113474537652,1.25,-0.126254359100745,        993P   8320
-2.32240874040806,1.25,4.10220615481695E-015,-2.31434975127342,      993P   8321
0.0,1.0,0.0,0.0,0.0,0,0;                                             993P   8322
110,1.25,0.0,-2.31434975127342,1.25,0.0,-2.18565024872655,0,0;       995P   8323
126,57,3,0,0,1,0,0.0,0.0,0.0,0.0,0.0377118628530297,                 997P   8324
0.0377118628530297,0.0377118628530297,0.0915085756731289,            997P   8325
0.0915085756731289,0.0915085756731289,0.145297860035111,             997P   8326
0.145297860035111,0.145297860035111,0.199105026872647,               997P   8327
0.199105026872647,0.199105026872647,0.252889850742951,               997P   8328
0.252889850742951,0.252889850742951,0.306694119745973,               997P   8329
0.306694119745973,0.306694119745973,0.360482524421015,               997P   8330
0.360482524421015,0.360482524421015,0.414279815219035,               997P   8331
0.414279815219035,0.414279815219035,0.468074457456477,               997P   8332
0.468074457456477,0.468074457456477,0.52186140702566,                997P   8333
0.52186140702566,0.52186140702566,0.575666262997609,                 997P   8334
0.575666262997609,0.575666262997609,0.629453619052085,               997P   8335
0.629453619052085,0.629453619052085,0.683262031870567,               997P   8336
0.683262031870567,0.683262031870567,0.737047375551518,               997P   8337
0.737047375551518,0.737047375551518,0.790842128532713,               997P   8338
0.790842128532713,0.790842128532713,0.844637185781195,               997P   8339
0.844637185781195,0.844637185781195,0.898427281975962,               997P   8340
0.898427281975962,0.898427281975962,0.952232447588883,               997P   8341
0.952232447588883,0.952232447588883,1.0,1.0,1.0,1.0,1.0,1.0,1.0,     997P   8342
1.0,1.0,1.0,1.0,1.0,1.0,1.0,1.0,1.0,1.0,1.0,1.0,1.0,1.0,1.0,1.0,     997P   8343
1.0,1.0,1.0,1.0,1.0,1.0,1.0,1.0,1.0,1.0,1.0,1.0,1.0,1.0,1.0,1.0,     997P   8344
1.0,1.0,1.0,1.0,1.0,1.0,1.0,1.0,1.0,1.0,1.0,1.0,1.0,1.0,1.0,1.0,     997P   8345
1.0,1.0,1.0,1.0,1.0,1.0,1.0,1.24999999999998,                        997P   8346
8.82568282605406E-014,-2.18565024872658,1.24999999999999,            997P   8347
-0.098394442901746,-2.19193090114842,1.23821759889588,               997P   8348
-0.19748906285691,-2.19787621203625,1.21513778280267,                997P   8349
-0.293155536883448,-2.20388959920485,1.18225611613272,               997P   8350
-0.429450951791678,-2.21245683352063,1.12534305613589,               997P   8351
-0.561915236844936,-2.22148303447517,1.04914401208287,               997P   8352
-0.679556356684756,-2.23071960527067,0.972954918765949,              997P   8353
-0.797182113920592,-2.23995496987416,0.875372841917328,              997P   8354
-0.903257570173494,-2.24928909389284,0.764459521857315,              997P   8355
-0.988990212004995,-2.25789364053832,0.653510439779322,              997P   8356
-1.07475049679477,-2.2665009615661,0.526186177470623,                997P   8357
-1.14249005175155,-2.27521416816036,0.393101534842652,               997P   8358
-1.18657961524066,-2.28433554548909,0.260069209870858,               997P   8359
-1.23065184643224,-2.29345333706161,0.117615737828057,               997P   8360
-1.2523222626831,-2.3032163834403,-0.0225203925320874,               997P   8361
-1.24979711630336,-2.312081132518,-0.162704598523104,                997P   8362
-1.24727110363736,-2.32094892277004,-0.304423541624616,              997P   8363
-1.22044492605215,-2.32932946194127,-0.435836988638979,              997P   8364
-1.1715571344728,-2.3381112517117,-0.567213559682021,                997P   8365
-1.12268306131299,-2.34689057722117,-0.691913878743611,              997P   8366
-1.05042651880232,-2.35635395037924,-0.799632286557551,              997P   8367
-0.960774794785303,-2.36556633342949,-0.907366920753639,             997P   8368
-0.871109565897914,-2.37478010420586,-1.00110862354261,              997P   8369
-0.761536845044421,-2.38340995791046,-1.07302527480855,              997P   8370
-0.641183873488754,-2.3920503142183,-1.14493855322265,               997P   8371
-0.520836546422009,-2.40069026529813,-1.19700882072237,              997P   8372
-0.386410269931837,-2.40984832160365,-1.22493492858914,              997P   8373
-0.249067100842973,-2.4191560551128,-1.25285717390335,               997P   8374
-0.111742928143111,-2.42846250123847,-1.25742068331831,              997P   8375
0.0323136198408699,-2.43776042569404,-1.23822420115898,              997P   8376
0.171174845302157,-2.44631877055007,-1.21902151752944,               997P   8377
0.31008093021969,-2.4548798802002,-1.17551116209458,                 997P   8378
0.447580403531593,-2.46354065806086,-1.11133277183203,               997P   8379
0.572223269583093,-2.47260852715511,-1.0471740077254,                997P   8380
0.696828019061179,-2.48167362323787,-0.960601802776937,              997P   8381
0.812029016554594,-2.49136735275336,-0.858747762553785,              997P   8382
0.908323885136171,-2.50019454631944,-0.756855585376392,              997P   8383
1.00465480916522,-2.5090250450296,-0.636860221849089,                997P   8384
1.08469802868978,-2.51748445515129,-0.508783929371251,               997P   8385
1.14177007896229,-2.52636616582733,-0.380760060344508,               997P   8386
1.19881876883156,-2.53524424109267,-0.241141392922566,               997P   8387
1.23449955910053,-2.54482339333325,-0.101467011648709,               997P   8388
1.24587497187602,-2.55405114911387,0.0382292581161819,               997P   8389
1.25725216730212,-2.56328035098393,0.181873025656438,                997P   8390
1.24461964872608,-2.57183348762804,0.317475192561285,                997P   8391
1.2090117874149,-2.58042412629471,0.453078214467027,                 997P   8392
1.17340370158849,-2.58901481912721,0.584365805420965,                997P   8393
1.11384958242612,-2.59811910569898,0.700451501775045,                997P   8394
1.03531043347451,-2.60737267330702,0.816526933081845,                997P   8395
0.956778229461867,-2.61662542265482,0.920631763898516,               997P   8396
0.8570821388646,-2.62584114464518,1.00412421489563,                  997P   8397
0.74446931505619,-2.63443118137537,1.0876393670325,                  997P   8398
0.631825872438291,-2.64302355368946,1.15280759148965,                997P   8399
0.503177728612184,-2.65180499680051,1.19421896439097,                997P   8400
0.369243910022855,-2.66096933506075,1.23099084616938,                997P   8401
0.250315263174204,-2.66910695377449,1.25,0.124496041227243,          997P   8402
-2.67770349543662,1.25,4.33680868994202E-016,-2.68565024872658,      997P   8403
0.0,1.0,0.0,0.0,0.0,0,0;                                             997P   8404
110,1.25,0.0,-2.68565024872658,1.25,0.0,-2.81434975127344,0,0;       999P   8405
102,4,993,995,997,999,0,0;                                          1001P   8406
142,0,981,991,1001,3,0,0;                                           1003P   8407
144,981,1,0,1003,0,0;                                               1005P   8408
128,6,1,3,1,0,0,0,0,0,0.0,0.0,0.0,0.0,0.5,0.5,0.5,1.0,1.0,1.0,      1007P   8409
1.0,0.0,0.0,1.0,1.0,1.0,0.333333333333333,0.333333333333333,1.0,    1007P   8410
0.333333333333333,0.333333333333333,1.0,1.0,0.333333333333333,      1007P   8411
0.333333333333333,1.0,0.333333333333333,0.333333333333333,1.0,      1007P   8412
1.25,0.0,-6.58971854723588,1.25,2.5,-6.58971854723588,-1.25,2.5,    1007P   8413
-6.58971854723588,-1.25,1.53080849893419E-016,-6.58971854723588,    1007P   8414
-1.25,-2.5,-6.58971854723588,1.25,-2.5,-6.58971854723588,1.25,      1007P   8415
0.0,-6.58971854723588,1.25,0.0,0.486904019579106,1.25,2.5,          1007P   8416
0.486904019579105,-1.25,2.5,0.486904019579105,-1.25,                1007P   8417
1.53080849893419E-016,0.486904019579106,-1.25,-2.5,                 1007P   8418
0.486904019579105,1.25,-2.5,0.486904019579105,1.25,0.0,             1007P   8419
0.486904019579106,0.0,1.0,0.0,1.0,0,0;                              1007P   8420
126,1,1,1,0,1,0,0.0,0.0,1.0,1.0,1.0,1.0,0.0,0.462843505505286,      1009P   8421
0.0,1.0,0.533498679676178,0.0,0.0,1.0,0.0,0.0,1.0,0,0;              1009P   8422
126,1,1,1,0,1,0,0.0,0.0,1.0,1.0,1.0,1.0,1.0,0.533498679676178,      1011P   8423
0.0,1.0,0.55168525121249,0.0,0.0,1.0,0.0,0.0,1.0,0,0;               1011P   8424
126,1,1,1,0,1,0,0.0,0.0,1.0,1.0,1.0,1.0,1.0,0.55168525121249,       1013P   8425
0.0,0.0,0.481030077041596,0.0,0.0,1.0,0.0,0.0,1.0,0,0;              1013P   8426
126,1,1,1,0,1,0,0.0,0.0,1.0,1.0,1.0,1.0,0.0,0.481030077041595,      1015P   8427
0.0,0.0,0.462843505505285,0.0,0.0,1.0,0.0,0.0,1.0,0,0;              1015P   8428
102,4,1009,1011,1013,1015,0,0;                                      1017P   8429
126,60,3,0,0,1,0,0.0,0.0,0.0,0.0,0.0147536824307206,                1019P   8430
0.0147536824307206,0.0147536824307206,0.0685700860085818,           1019P   8431
0.0685700860085818,0.0685700860085818,0.122366188049379,            1019P   8432
0.122366188049379,0.122366188049379,0.176180135974242,              1019P   8433
0.176180135974242,0.176180135974242,0.229977270662131,              1019P   8434
0.229977270662131,0.229977270662131,0.283777461849618,              1019P   8435
0.283777461849618,0.283777461849618,0.337585367341939,              1019P   8436
0.337585367341939,0.337585367341939,0.391383057418315,              1019P   8437
0.391383057418315,0.391383057418315,0.445201388617374,              1019P   8438
0.445201388617374,0.445201388617374,0.498995016328918,              1019P   8439
0.498995016328918,0.498995016328918,0.552806325053581,              1019P   8440
0.552806325053581,0.552806325053581,0.606605186409641,              1019P   8441
0.606605186409641,0.606605186409641,0.660409458843811,              1019P   8442
0.660409458843811,0.660409458843811,0.714215792861201,              1019P   8443
0.714215792861201,0.714215792861201,0.76801119923107,               1019P   8444
0.76801119923107,0.76801119923107,0.821826842702876,                1019P   8445
0.821826842702876,0.821826842702876,0.875623138546592,              1019P   8446
0.875623138546592,0.875623138546592,0.929438909601537,              1019P   8447
0.929438909601537,0.929438909601537,0.983234702544133,              1019P   8448
0.983234702544133,0.983234702544133,1.0,1.0,1.0,1.0,1.0,1.0,1.0,    1019P   8449
1.0,1.0,1.0,1.0,1.0,1.0,1.0,1.0,1.0,1.0,1.0,1.0,1.0,1.0,1.0,1.0,    1019P   8450
1.0,1.0,1.0,1.0,1.0,1.0,1.0,1.0,1.0,1.0,1.0,1.0,1.0,1.0,1.0,1.0,    1019P   8451
1.0,1.0,1.0,1.0,1.0,1.0,1.0,1.0,1.0,1.0,1.0,1.0,1.0,1.0,1.0,1.0,    1019P   8452
1.0,1.0,1.0,1.0,1.0,1.0,1.0,1.0,1.0,1.0,1.24999999999999,           1019P   8453
6.25061028572697E-014,-3.31434975127341,1.24999999999999,           1019P   8454
0.0387277281515597,-3.31187770719822,1.24819624387228,              1019P   8455
0.0775009801416829,-3.30946428745995,1.24459972468232,              1019P   8456
0.116066900194165,-3.30708042716457,1.23157894424552,               1019P   8457
0.255690339087505,-3.2984499375554,1.19420838906028,                1019P   8458
0.394999616039295,-3.28992188189614,1.13561502271537,               1019P   8459
0.522377756210259,-3.28095764241709,1.0770425628281,                1019P   8460
0.649710447111832,-3.27199660143139,0.99566115551405,               1019P   8461
0.768636698036843,-3.26234059421105,0.898186482815114,              1019P   8462
0.869345180056929,-3.25333296874846,0.8006813664326,                1019P   8463
0.970085115756985,-3.24432252998789,0.684362949369925,              1019P   8464
1.05537067991607,-3.23590554459966,0.558948017781652,               1019P   8465
1.11806847438695,-3.22712762483056,0.433570595816848,               1019P   8466
1.18074751693864,-3.2183523303985,0.295656069569613,                1019P   8467
1.22258995331921,-3.20891472120716,0.156622308983992,               1019P   8468
1.24014896376545,-3.19961629791741,0.0175821926501387,              1019P   8469
1.2577087768991,-3.19031744956229,-0.126454373511718,               1019P   8470
1.25146442942716,-3.18151358215084,-0.263496681696927,              1019P   8471
1.22191223037283,-3.17296707020295,-0.400558089084439,              1019P   8472
1.19235591271137,-3.16441936715165,-0.534378603830319,              1019P   8473
1.13867783359404,-3.15548746491558,-0.653843837459571,              1019P   8474
1.06535826660149,-3.14628053349751,-0.773287766611576,              1019P   8475
0.992051774835933,-3.13707524397019,-0.881696924536116,             1019P   8476
0.897084945437325,-3.12761125117302,-0.970100210794255,             1019P   8477
0.788292826947538,-3.11897613479911,-1.05853634628406,              1019P   8478
0.679460283065725,-3.11033780975559,-1.12935816709596,              1019P   8479
0.553812279059192,-3.10170107661418,-1.17667291165696,              1019P   8480
0.421830367532667,-3.09263557582015,-1.22396704289962,              1019P   8481
0.289905955738688,-3.08357402453605,-1.24909251823585,              1019P   8482
0.148020996654892,-3.07382877311023,-1.24997520822496,              1019P   8483
0.00787266301560296,-3.06485311573189,-1.25085817032259,            1019P   8484
-0.132318874415962,-3.05587469141065,-1.22748915674797,             1019P   8485
-0.274643906302158,-3.04751418408965,-1.18181362746598,             1019P   8486
-0.407205783278807,-3.03878757592719,-1.13614816487859,             1019P   8487
-0.539738444175122,-3.03006289107247,-1.06694100971825,             1019P   8488
-0.666166484670006,-3.02067992004474,-0.979934598430122,            1019P   8489
-0.776033622209405,-3.01143560898055,-0.892920366636046,            1019P   8490
-0.885910635073966,-3.0021904669984,-0.785671495639921,             1019P   8491
-0.982281044453587,-2.9934328381343,-0.667107667529466,             1019P   8492
-1.05710328725409,-2.98482134656083,-0.548539380306967,             1019P   8493
-1.13192834407273,-2.97620953111451,-0.41540736719935,              1019P   8494
-1.18725813454741,-2.96714646266531,-0.278776330827386,             1019P   8495
-1.21851703203953,-2.95786031946305,-0.142171742039284,             1019P   8496
-1.2497698787665,-2.94857597377369,0.00171968548144625,             1019P   8497
-1.25783425394468,-2.93913085310076,0.141003327268522,              1019P   8498
-1.2420217637784,-2.93054100638175,0.280337742866092,               1019P   8499
-1.22620350940055,-2.92194802836,0.418863914361146,                 1019P   8500
-1.18604803296855,-2.91336339172483,0.545037223157672,              1019P   8501
-1.12491529697688,-2.90435114726128,0.671167742557314,              1019P   8502
-1.06380329304755,-2.89534195913753,0.788438177227717,              1019P   8503
-0.980056305780279,-2.88565324178694,0.887176398580675,             1019P   8504
-0.880578240590479,-2.87672975541224,0.985948534867614,             1019P   8505
-0.781066006342666,-2.86780320396865,1.06888584123255,              1019P   8506
-0.663056186681972,-2.85937723012177,1.12905600381721,              1019P   8507
-0.536407065803875,-2.85055369864658,1.18920480871331,              1019P   8508
-0.409802899640244,-2.84173329912632,1.22827165183139,              1019P   8509
-0.271084952436164,-2.83222864841322,1.2430396575668,               1019P   8510
-0.131728545562625,-2.82295551852029,1.24767313886148,              1019P   8511
-0.0880052889420683,-2.82004606177496,1.24999999999998,             1019P   8512
-0.0439747448612797,-2.81715671963126,1.24999999999998,             1019P   8513
-9.41386250462742E-014,-2.81434975127342,0.0,1.0,0.0,0.0,0.0,0,     1019P   8514
0;                                                                  1019P   8515
110,1.25,0.0,-2.81434975127344,1.25,0.0,-2.68565024872658,0,0;      1021P   8516
126,60,3,0,0,1,0,0.0,0.0,0.0,0.0,0.00601827161233537,               1023P   8517
0.00601827161233537,0.00601827161233537,0.0598309454558414,         1023P   8518
0.0598309454558414,0.0598309454558414,0.113625515783315,            1023P   8519
0.113625515783315,0.113625515783315,0.167431714619141,              1023P   8520
0.167431714619141,0.167431714619141,0.221231330520896,              1023P   8521
0.221231330520896,0.221231330520896,0.275026025468556,              1023P   8522
0.275026025468556,0.275026025468556,0.328836282044106,              1023P   8523
0.328836282044106,0.328836282044106,0.382630789803249,              1023P   8524
0.382630789803249,0.382630789803249,0.436447217759311,              1023P   8525
0.436447217759311,0.436447217759311,0.490238824772002,              1023P   8526
0.490238824772002,0.490238824772002,0.544042460594314,              1023P   8527
0.544042460594314,0.544042460594314,0.597842892133488,              1023P   8528
0.597842892133488,0.597842892133488,0.65164098335968,               1023P   8529
0.65164098335968,0.65164098335968,0.705450987737272,                1023P   8530
0.705450987737272,0.705450987737272,0.759243217140361,              1023P   8531
0.759243217140361,0.759243217140361,0.813056936266411,              1023P   8532
0.813056936266411,0.813056936266411,0.866851004064884,              1023P   8533
0.866851004064884,0.866851004064884,0.920659233535304,              1023P   8534
0.920659233535304,0.920659233535304,0.974456989176296,              1023P   8535
0.974456989176296,0.974456989176296,1.0,1.0,1.0,1.0,1.0,1.0,1.0,    1023P   8536
1.0,1.0,1.0,1.0,1.0,1.0,1.0,1.0,1.0,1.0,1.0,1.0,1.0,1.0,1.0,1.0,    1023P   8537
1.0,1.0,1.0,1.0,1.0,1.0,1.0,1.0,1.0,1.0,1.0,1.0,1.0,1.0,1.0,1.0,    1023P   8538
1.0,1.0,1.0,1.0,1.0,1.0,1.0,1.0,1.0,1.0,1.0,1.0,1.0,1.0,1.0,1.0,    1023P   8539
1.0,1.0,1.0,1.0,1.0,1.0,1.0,1.0,1.0,1.0,1.25,                       1023P   8540
4.33680868994202E-016,-2.68565024872658,1.25,                       1023P   8541
-0.0158577211342338,-2.686662468845,1.24969812805639,               1023P   8542
-0.0317189618859749,-2.68766456042308,1.24909464917832,             1023P   8543
-0.0475663472855027,-2.68865859180179,1.24375900917472,             1023P   8544
-0.187680519568535,-2.69744728976927,1.21409519658617,              1023P   8545
-0.328835191929113,-2.70585595892674,1.16258171275154,              1023P   8546
-0.459242595123411,-2.71468555212863,1.11108470122026,              1023P   8547
-0.58960829835601,-2.7235123219195,1.03634649338892,                1023P   8548
-0.712830172508265,-2.7330362887564,0.944553036004251,              1023P   8549
-0.818730457583662,-2.74221024336945,0.852741300999108,             1023P   8550
-0.924651829186066,-2.75138602467109,0.741301735111122,             1023P   8551
-1.01618378402708,-2.75992781730921,0.619527370400567,              1023P   8552
-1.08567298820803,-2.76859852725266,0.497767284147121,              1023P   8553
-1.15515404454421,-2.77726822052597,0.362333770660154,              1023P   8554
-1.20451472696626,-2.78650392216552,0.224463780282156,              1023P   8555
-1.22968126412556,-2.79582113935042,0.0866063404957142,             1023P   8556
-1.25484551032272,-2.8051375083697,-0.0575234108576071,             1023P   8557
-1.25652010721808,-2.81430480574778,-0.19597443719163,              1023P   8558
-1.23454202843298,-2.82284793648649,-0.334464350143076,             1023P   8559
-1.21255777668432,-2.83139346672678,-0.471055399625651,             1023P   8560
-1.16630167440737,-2.84012223696425,-0.59438097005517,              1023P   8561
-1.09964142448176,-2.84923289881864,-0.717672672636125,             1023P   8562
-1.0329994808915,-2.85834105868973,-0.831118017137112,              1023P   8563
-0.944135077075169,-2.86800579270556,-0.925354894246918,            1023P   8564
-0.840367966841476,-2.87676644184674,-1.01962868072385,             1023P   8565
-0.736560214573741,-2.88553052223507,-1.09724950350855,             1023P   8566
-0.614983063791554,-2.89402718871148,-1.15174192693031,             1023P   8567
-0.485788568979191,-2.90295823861797,-1.20621038741248,             1023P   8568
-0.356650887200293,-2.91188536111224,-1.23908484786406,             1023P   8569
-0.216350550496009,-2.92151924334342,-1.24765846820203,             1023P   8570
-0.0764744841353326,-2.93069675130131,-1.25623383254616,            1023P   8571
0.0634300351673468,-2.93987612610538,-1.2407213967528,              1023P   8572
0.206802259219402,-2.94834284144891,-1.20239945460633,              1023P   8573
0.341665847813929,-2.9569633714947,-1.16407967297049,               1023P   8574
0.476521833082482,-2.96558341553311,-1.10190892621105,              1023P   8575
0.606580384090405,-2.97476511981736,-1.02106104692666,              1023P   8576
0.721064725561473,-2.98402814090914,-0.940216694574021,             1023P   8577
0.835544072733831,-2.99329075790815,-0.838445561610247,             1023P   8578
0.937636641204916,-3.0023823952749,-0.724178359276862,              1023P   8579
1.01885509467984,-3.01096700918814,-0.609886588236473,              1023P   8580
1.10009101101678,-3.01955346888792,-0.479967069739496,              1023P   8581
1.16266182323424,-3.02840693215363,-0.34523804691985,               1023P   8582
1.2013786626035,-3.03761057709164,-0.210551072657883,               1023P   8583
1.24008341855361,-3.04681134959735,-0.0673379211273616,             1023P   8584
1.25603061129446,-3.05650507095995,0.0725943002984325,              1023P   8585
1.24789024660191,-3.06522294072375,0.212580260193409,               1023P   8586
1.23974675574777,-3.07394415842965,0.353112245707634,               1023P   8587
1.2072577841641,-3.0823896894792,0.482460205046106,                 1023P   8588
1.15314012615418,-3.09126829048255,0.611763335135959,               1023P   8589
1.09904122417224,-3.10014381435185,0.733458555009773,               1023P   8590
1.02185129420159,-3.10972226596935,0.837499210317254,               1023P   8591
0.927952085356769,-3.11884620109325,0.941565307663105,              1023P   8592
0.834029914456706,-3.12797236737868,1.03084958673194,               1023P   8593
0.72076885705303,-3.13644635298963,1.09788328435976,                1023P   8594
0.59762219999213,-3.14515255488902,1.16490447264445,                1023P   8595
0.474498523668418,-3.15385713210007,1.21153641272853,               1023P   8596
0.338112019054422,-3.16316890002115,1.23393356718611,               1023P   8597
0.199769746887098,-3.17248728071563,1.24460947840878,               1023P   8598
0.133827003187251,-3.17692901483065,1.24999999999994,               1023P   8599
0.0668128832447365,-3.18138549063065,1.24999999999996,              1023P   8600
3.35913757010775E-013,-3.18565024872657,0.0,1.0,0.0,0.0,0.0,0,0;    1023P   8601
110,1.25,0.0,-3.18565024872658,1.25,0.0,-3.31434975127342,0,0;      1025P   8602
102,4,1019,1021,1023,1025,0,0;                                      1027P   8603
142,0,1007,1017,1027,3,0,0;                                         1029P   8604
144,1007,1,0,1029,0,0;                                              1031P   8605
128,6,1,3,1,0,0,0,0,0,0.0,0.0,0.0,0.0,0.5,0.5,0.5,1.0,1.0,1.0,      1033P   8606
1.0,0.0,0.0,1.0,1.0,1.0,0.333333333333333,0.333333333333333,1.0,    1033P   8607
0.333333333333333,0.333333333333333,1.0,1.0,0.333333333333333,      1033P   8608
0.333333333333333,1.0,0.333333333333333,0.333333333333333,1.0,      1033P   8609
1.25,0.0,-6.58971854723588,1.25,2.5,-6.58971854723588,-1.25,2.5,    1033P   8610
-6.58971854723588,-1.25,1.53080849893419E-016,-6.58971854723588,    1033P   8611
-1.25,-2.5,-6.58971854723588,1.25,-2.5,-6.58971854723588,1.25,      1033P   8612
0.0,-6.58971854723588,1.25,0.0,0.486904019579106,1.25,2.5,          1033P   8613
0.486904019579105,-1.25,2.5,0.486904019579105,-1.25,                1033P   8614
1.53080849893419E-016,0.486904019579106,-1.25,-2.5,                 1033P   8615
0.486904019579105,1.25,-2.5,0.486904019579105,1.25,0.0,             1033P   8616
0.486904019579106,0.0,1.0,0.0,1.0,0,0;                              1033P   8617
126,1,1,1,0,1,0,0.0,0.0,1.0,1.0,1.0,1.0,0.0,0.39218833133439,       1035P   8618
0.0,1.0,0.462843505505286,0.0,0.0,1.0,0.0,0.0,1.0,0,0;              1035P   8619
126,1,1,1,0,1,0,0.0,0.0,1.0,1.0,1.0,1.0,1.0,0.462843505505285,      1037P   8620
0.0,1.0,0.481030077041595,0.0,0.0,1.0,0.0,0.0,1.0,0,0;              1037P   8621
126,1,1,1,0,1,0,0.0,0.0,1.0,1.0,1.0,1.0,1.0,0.481030077041596,      1039P   8622
0.0,0.0,0.4103749028707,0.0,0.0,1.0,0.0,0.0,1.0,0,0;                1039P   8623
126,1,1,1,0,1,0,0.0,0.0,1.0,1.0,1.0,1.0,0.0,0.4103749028707,0.0,    1041P   8624
0.0,0.39218833133439,0.0,0.0,1.0,0.0,0.0,1.0,0,0;                   1041P   8625
102,4,1035,1037,1039,1041,0,0;                                      1043P   8626
126,57,3,0,0,1,0,0.0,0.0,0.0,0.0,0.0464583487175556,                1045P   8627
0.0464583487175556,0.0464583487175556,0.100250311029802,            1045P   8628
0.100250311029802,0.100250311029802,0.154041960684227,              1045P   8629
0.154041960684227,0.154041960684227,0.207843011451417,              1045P   8630
0.207843011451417,0.207843011451417,0.261628081941995,              1045P   8631
0.261628081941995,0.261628081941995,0.315434890796329,              1045P   8632
0.315434890796329,0.315434890796329,0.369221432796008,              1045P   8633
0.369221432796008,0.369221432796008,0.423023825893071,              1045P   8634
0.423023825893071,0.423023825893071,0.476812958455626,              1045P   8635
0.476812958455626,0.476812958455626,0.530602195448365,              1045P   8636
0.530602195448365,0.530602195448365,0.584402215003526,              1045P   8637
0.584402215003526,0.584402215003526,0.638189884916238,              1045P   8638
0.638189884916238,0.638189884916238,0.691999431124403,              1045P   8639
0.691999431124403,0.691999431124403,0.745783310360423,              1045P   8640
0.745783310360423,0.745783310360423,0.799583100888312,              1045P   8641
0.799583100888312,0.799583100888312,0.853373665454665,              1045P   8642
0.853373665454665,0.853373665454665,0.907166750694407,              1045P   8643
0.907166750694407,0.907166750694407,0.960965652975172,              1045P   8644
0.960965652975172,0.960965652975172,1.0,1.0,1.0,1.0,1.0,1.0,1.0,    1045P   8645
1.0,1.0,1.0,1.0,1.0,1.0,1.0,1.0,1.0,1.0,1.0,1.0,1.0,1.0,1.0,1.0,    1045P   8646
1.0,1.0,1.0,1.0,1.0,1.0,1.0,1.0,1.0,1.0,1.0,1.0,1.0,1.0,1.0,1.0,    1045P   8647
1.0,1.0,1.0,1.0,1.0,1.0,1.0,1.0,1.0,1.0,1.0,1.0,1.0,1.0,1.0,1.0,    1045P   8648
1.0,1.0,1.0,1.0,1.0,1.0,1.0,1.25,-1.46367293285543E-015,            1045P   8649
-3.81434975127342,1.25,0.121093352505547,-3.8066201962777,          1045P   8650
1.23202578173037,0.243474929333768,-3.7993630333623,                1045P   8651
1.1971976483581,0.359468761877613,-3.7918945677194,                 1045P   8652
1.15688237419578,0.493737317420354,-3.78324945209557,               1045P   8653
1.09279262893445,0.622853545754918,-3.77401145767073,               1045P   8654
1.0102578463483,0.736124367136212,-3.76474673697706,                1045P   8655
0.927723797452682,0.849394181599868,-3.75548209864184,              1045P   8656
0.824443585702815,0.94997200291872,-3.74648335542886,               1045P   8657
0.708982177898259,1.029487382838,-3.73789724552388,                 1045P   8658
0.593501169709537,1.10901626105099,-3.72930967806649,               1045P   8659
0.462675230277075,1.16964990161834,-3.72040102525462,               1045P   8660
0.327392784340267,1.20636394374249,-3.71117112984915,               1045P   8661
0.192148323807018,1.24306767708121,-3.70194382606818,               1045P   8662
0.0487106001160296,1.25689116055933,-3.69230242957595,              1045P   8663
-0.0910884615867502,1.24667673924148,-3.68362722207642,             1045P   8664
-0.230942005537237,1.23645833717708,-3.67494863369008,              1045P   8665
-0.370975826635783,1.20188859878414,-3.66647069561926,              1045P   8666
-0.499505970034395,1.14585940930814,-3.65755556481625,              1045P   8667
-0.627990226290414,1.08985022307293,-3.64864361684544,              1045P   8668
-0.748525682918125,1.01086672066232,-3.6390293269352,               1045P   8669
-0.85116463268217,0.91543365028331,-3.62995017860524,               1045P   8670
-0.953831842885581,0.8199743035199,-3.62086853043754,               1045P   8671
-1.0414297068429,0.705395902533959,-3.6124291456885,                1045P   8672
-1.10662979623875,0.581266284999032,-3.60369383445785,              1045P   8673
-1.17181448698715,0.457165983807629,-3.59496058629151,              1045P   8674
-1.21641656494813,0.320109666027616,-3.58559411461104,              1045P   8675
-1.23675977100854,0.181453213845572,-3.57628065538429,              1045P   8676
-1.25710287308823,0.0427974703815848,-3.56696724376165,             1045P   8677
-1.25374905819492,-0.101323228073256,-3.55803331789199,             1045P   8678
-1.22695290359298,-0.238927964802713,-3.54949521728388,             1045P   8679
-1.20015153150792,-0.37655949457024,-3.54095545422098,              1045P   8680
-1.14916487300625,-0.511438730411362,-3.53209986270057,             1045P   8681
-1.0782517422031,-0.632355264417062,-3.52292387399603,              1045P   8682
-1.0073538719768,-0.753245777063424,-3.51374985997345,              1045P   8683
-0.914583820680573,-0.863531368889798,-3.50419510743803,            1045P   8684
-0.807588816843915,-0.954096589926117,-3.49552351724654,            1045P   8685
-0.700551748993585,-1.04469741577163,-3.48684851790627,             1045P   8686
-0.576344364043589,-1.11802797951425,-3.47826869994824,             1045P   8687
-0.445332486514505,-1.16798072606309,-3.46925148252989,             1045P   8688
-0.314380034286642,-1.21791081468911,-3.46023835520528,             1045P   8689
-0.173025297411165,-1.24587437007529,-3.45052649405239,             1045P   8690
-0.0329286525539178,-1.24956620626559,-3.44146584263275,            1045P   8691
0.107206461205915,-1.253259056191,-3.43240270326405,                1045P   8692
0.249965501680478,-1.23275117401384,-3.4240290454664,               1045P   8693
0.383414664797106,-1.18974501252097,-3.41534465248877,              1045P   8694
0.516842015541,-1.14674588041968,-3.40666167898214,                 1045P   8695
0.644639471265801,-1.08008397592936,-3.39734960663095,              1045P   8696
0.756230487043888,-0.995296664550502,-3.38809032244296,             1045P   8697
0.86782595012655,-0.910505974091389,-3.37883066923909,              1045P   8698
0.966320154579698,-0.805220611366593,-3.36995559654085,             1045P   8699
1.04350465024437,-0.68818460090181,-3.36136050316725,               1045P   8700
1.12069726406207,-0.57113628075961,-3.35276450577422,               1045P   8701
1.17869052551644,-0.439130709554581,-3.34377932722239,              1045P   8702
1.21268378019943,-0.303146910327666,-3.33451838606227,              1045P   8703
1.23737483410233,-0.204374864286678,-3.32779168691244,              1045P   8704
1.24999999999999,-0.10182616340216,-3.3208494551278,                1045P   8705
1.24999999999999,6.25061028572697E-014,-3.31434975127341,0.0,       1045P   8706
1.0,0.0,0.0,0.0,0,0;                                                1045P   8707
110,1.25,0.0,-3.31434975127342,1.25,0.0,-3.18565024872658,0,0;      1047P   8708
126,60,3,0,0,1,0,0.0,0.0,0.0,0.0,0.0282519447429586,                1049P   8709
0.0282519447429586,0.0282519447429586,0.0820591395676198,           1049P   8710
0.0820591395676198,0.0820591395676198,0.13585248983887,             1049P   8711
0.13585248983887,0.13585248983887,0.189668022241846,                1049P   8712
0.189668022241846,0.189668022241846,0.243457873447831,              1049P   8713
0.243457873447831,0.243457873447831,0.297262105218171,              1049P   8714
0.297262105218171,0.297262105218171,0.351059632188593,              1049P   8715
0.351059632188593,0.351059632188593,0.40485757568959,               1049P   8716
0.40485757568959,0.40485757568959,0.458664007174009,                1049P   8717
0.458664007174009,0.458664007174009,0.512455097537607,              1049P   8718
0.512455097537607,0.512455097537607,0.566267927833238,              1049P   8719
0.566267927833238,0.566267927833238,0.620060388627627,              1049P   8720
0.620060388627627,0.620060388627627,0.673869255212445,              1049P   8721
0.673869255212445,0.673869255212445,0.727663906489163,              1049P   8722
0.727663906489163,0.727663906489163,0.781459429446135,              1049P   8723
0.781459429446135,0.781459429446135,0.83526495709271,               1049P   8724
0.83526495709271,0.83526495709271,0.889058676869856,                1049P   8725
0.889058676869856,0.889058676869856,0.942874050772665,              1049P   8726
0.942874050772665,0.942874050772665,0.996663899183101,              1049P   8727
0.996663899183101,0.996663899183101,1.0,1.0,1.0,1.0,1.0,1.0,1.0,    1049P   8728
1.0,1.0,1.0,1.0,1.0,1.0,1.0,1.0,1.0,1.0,1.0,1.0,1.0,1.0,1.0,1.0,    1049P   8729
1.0,1.0,1.0,1.0,1.0,1.0,1.0,1.0,1.0,1.0,1.0,1.0,1.0,1.0,1.0,1.0,    1049P   8730
1.0,1.0,1.0,1.0,1.0,1.0,1.0,1.0,1.0,1.0,1.0,1.0,1.0,1.0,1.0,1.0,    1049P   8731
1.0,1.0,1.0,1.0,1.0,1.0,1.0,1.0,1.0,1.0,1.24999999999996,           1049P   8732
3.35913757010775E-013,-3.18565024872657,1.24999999999998,           1049P   8733
-0.0738477653698477,-3.19036405301004,1.2434035804686,              1049P   8734
-0.14799667842861,-3.19487736261349,1.23036278642851,               1049P   8735
-0.220697561771495,-3.1993753235916,1.20560580510875,               1049P   8736
-0.358714802540441,-3.20791436926395,1.15662299890058,              1049P   8737
-0.494342089291376,-3.21671493244735,1.08750779392915,              1049P   8738
-0.616300899028506,-3.22586475997547,1.01840925830268,              1049P   8739
-0.738230294493187,-3.23501238072967,0.927286806163025,             1049P   8740
-0.849875555173223,-3.24462217897207,0.821648483428518,             1049P   8741
-0.942015801183619,-3.25332757411259,0.715968137519687,             1049P   8742
-1.03419270080153,-3.26203643227986,0.592859930868204,              1049P   8743
-1.10935891813632,-3.27057825570947,0.462600704554875,              1049P   8744
-1.16124958047167,-3.27955899442135,0.332400659579402,              1049P   8745
-1.21311666705805,-3.28853565286846,0.191473767693184,              1049P   8746
-1.24317236905596,-3.29821725625751,0.0514506644013835,             1049P   8747
-1.24894068279188,-3.30733229222173,-0.0886069060708566,            1049P   8748
-1.25471041641857,-3.31644957188419,-0.231648577761844,             1049P   8749
-1.23632380664433,-3.32485282539307,-0.365719156223321,             1049P   8750
-1.19530309912227,-3.33350841356186,-0.499773821164215,             1049P   8751
-1.15428726055715,-3.34216297435477,-0.628551527329643,             1049P   8752
-1.08952512867263,-3.35142051524067,-0.741389175577764,             1049P   8753
-1.00640056157383,-3.36068469953313,-0.854227233339574,             1049P   8754
-0.92327569279693,-3.36994891744745,-0.954266337146244,             1049P   8755
-0.819469344172814,-3.37891509920685,-1.03317777677207,             1049P   8756
-0.703593406438916,-3.38750279812261,-1.11210131204933,             1049P   8757
-0.587699707085688,-3.39609181337238,-1.17204962655292,             1049P   8758
-0.456561461570939,-3.40502021348986,-1.20805648239065,             1049P   8759
-0.321091163618567,-3.41425871221929,-1.24405362912808,             1049P   8760
-0.185657394673822,-3.42349471982559,-1.25712844897018,             1049P   8761
-0.0421478701773556,-3.43311477677175,-1.24618411339718,            1049P   8762
0.0975969032115671,-3.44177641689719,-1.23523550896116,             1049P   8763
0.237396184367699,-3.45044143551509,-1.19993492173377,              1049P   8764
0.377246959297513,-3.45893175508791,-1.14323564735998,              1049P   8765
0.505482200087955,-3.46785973377399,-1.08655670539223,              1049P   8766
0.633671455616452,-3.47678451087964,-1.00694567962501,              1049P   8767
0.753792360181186,-3.48641044027321,-0.910977309389689,             1049P   8768
0.855932439960726,-3.49547219280378,-0.814981538839927,             1049P   8769
0.958101682164264,-3.50453653259167,-0.699945389584267,             1049P   8770
1.04510088607454,-3.51296724922212,-0.575476170503306,              1049P   8771
1.1096518270083,-3.52171332249077,-0.451038453345168,               1049P   8772
1.17418643074018,-3.53045718221516,-0.313753373675485,              1049P   8773
1.21807144734033,-3.53984252275087,-0.174993399472969,              1049P   8774
1.23769031269574,-3.54915301654674,-0.036232306019854,              1049P   8775
1.25730933629871,-3.5584635854419,0.107872051352245,                1049P   8776
1.25320266943887,-3.56736306418015,0.24533564115735,                1049P   8777
1.22568773477502,-3.57590260075581,0.38282406493551,                1049P   8778
1.19816782930291,-3.58444368007178,0.517432795796524,               1049P   8779
1.14647821939057,-3.5933189628475,0.637976001564846,                1049P   8780
1.07493563594633,-3.60250352616305,0.758494399729049,               1049P   8781
1.0034077758544,-3.61168619930978,0.868295506399841,                1049P   8782
0.910062162586175,-3.6212189939917,0.95830124688938,                1049P   8783
0.802594991393703,-3.62988007627588,1.04834202915061,               1049P   8784
0.695085980202395,-3.63854453056352,1.12102217265989,               1049P   8785
0.57049833603313,-3.64713858488108,1.17028983329776,                1049P   8786
0.439228535138522,-3.65616851921149,1.21953528254944,               1049P   8787
0.308017914732802,-3.66519438256804,1.24676070948131,               1049P   8788
0.166519736628027,-3.67491580111101,1.24972109330265,               1049P   8789
0.026404335901959,-3.68395560174976,1.2499070168525,                1049P   8790
0.0176045470017794,-3.68452333618087,1.25,0.00880213024775832,      1049P   8791
-3.68508839666433,1.25,-1.46367293285543E-015,-3.68565024872658,    1049P   8792
0.0,1.0,0.0,0.0,0.0,0,0;                                            1049P   8793
110,1.25,0.0,-3.68565024872658,1.25,0.0,-3.81434975127342,0,0;      1051P   8794
102,4,1045,1047,1049,1051,0,0;                                      1053P   8795
142,0,1033,1043,1053,3,0,0;                                         1055P   8796
144,1033,1,0,1055,0,0;                                              1057P   8797
128,6,1,3,1,0,0,0,0,0,0.0,0.0,0.0,0.0,0.5,0.5,0.5,1.0,1.0,1.0,      1059P   8798
1.0,0.0,0.0,1.0,1.0,1.0,0.333333333333333,0.333333333333333,1.0,    1059P   8799
0.333333333333333,0.333333333333333,1.0,1.0,0.333333333333333,      1059P   8800
0.333333333333333,1.0,0.333333333333333,0.333333333333333,1.0,      1059P   8801
1.25,0.0,-6.58971854723588,1.25,2.5,-6.58971854723588,-1.25,2.5,    1059P   8802
-6.58971854723588,-1.25,1.53080849893419E-016,-6.58971854723588,    1059P   8803
-1.25,-2.5,-6.58971854723588,1.25,-2.5,-6.58971854723588,1.25,      1059P   8804
0.0,-6.58971854723588,1.25,0.0,0.486904019579106,1.25,2.5,          1059P   8805
0.486904019579105,-1.25,2.5,0.486904019579105,-1.25,                1059P   8806
1.53080849893419E-016,0.486904019579106,-1.25,-2.5,                 1059P   8807
0.486904019579105,1.25,-2.5,0.486904019579105,1.25,0.0,             1059P   8808
0.486904019579106,0.0,1.0,0.0,1.0,0,0;                              1059P   8809
126,1,1,1,0,1,0,0.0,0.0,1.0,1.0,1.0,1.0,0.0,0.321533157163499,      1061P   8810
0.0,1.0,0.39218833133439,0.0,0.0,1.0,0.0,0.0,1.0,0,0;               1061P   8811
126,1,1,1,0,1,0,0.0,0.0,1.0,1.0,1.0,1.0,1.0,0.39218833133439,       1063P   8812
0.0,1.0,0.4103749028707,0.0,0.0,1.0,0.0,0.0,1.0,0,0;                1063P   8813
126,1,1,1,0,1,0,0.0,0.0,1.0,1.0,1.0,1.0,1.0,0.4103749028707,0.0,    1065P   8814
0.0,0.339719728699801,0.0,0.0,1.0,0.0,0.0,1.0,0,0;                  1065P   8815
126,1,1,1,0,1,0,0.0,0.0,1.0,1.0,1.0,1.0,0.0,0.339719728699804,      1067P   8816
0.0,0.0,0.321533157163494,0.0,0.0,1.0,0.0,0.0,1.0,0,0;              1067P   8817
102,4,1061,1063,1065,1067,0,0;                                      1069P   8818
126,60,3,0,0,1,0,0.0,0.0,0.0,0.0,0.0242104966450079,                1071P   8819
0.0242104966450079,0.0242104966450079,0.0780217568714985,           1071P   8820
0.0780217568714985,0.0780217568714985,0.13181679558306,             1071P   8821
0.13181679558306,0.13181679558306,0.185633580577745,                1071P   8822
0.185633580577745,0.185633580577745,0.239425920139952,              1071P   8823
0.239425920139952,0.239425920139952,0.293229629497316,              1071P   8824
0.293229629497316,0.293229629497316,0.347031051281016,              1071P   8825
0.347031051281016,0.347031051281016,0.400829435926885,              1071P   8826
0.400829435926885,0.400829435926885,0.454640584714683,              1071P   8827
0.454640584714683,0.454640584714683,0.508433337531739,              1071P   8828
0.508433337531739,0.508433337531739,0.562247412882191,              1071P   8829
0.562247412882191,0.562247412882191,0.616042165242352,              1071P   8830
0.616042165242352,0.616042165242352,0.669850444529555,              1071P   8831
0.669850444529555,0.669850444529555,0.723649253509558,              1071P   8832
0.723649253509558,0.723649253509558,0.777445251270656,              1071P   8833
0.777445251270656,0.777445251270656,0.831254876392966,              1071P   8834
0.831254876392966,0.831254876392966,0.885050147586024,              1071P   8835
0.885050147586024,0.885050147586024,0.938867601599491,              1071P   8836
0.938867601599491,0.938867601599491,0.992659504428953,              1071P   8837
0.992659504428953,0.992659504428953,1.0,1.0,1.0,1.0,1.0,1.0,1.0,    1071P   8838
1.0,1.0,1.0,1.0,1.0,1.0,1.0,1.0,1.0,1.0,1.0,1.0,1.0,1.0,1.0,1.0,    1071P   8839
1.0,1.0,1.0,1.0,1.0,1.0,1.0,1.0,1.0,1.0,1.0,1.0,1.0,1.0,1.0,1.0,    1071P   8840
1.0,1.0,1.0,1.0,1.0,1.0,1.0,1.0,1.0,1.0,1.0,1.0,1.0,1.0,1.0,1.0,    1071P   8841
1.0,1.0,1.0,1.0,1.0,1.0,1.0,1.0,1.0,1.0,1.24999999999996,           1071P   8842
2.96646490556063E-013,-4.31434975127339,1.24999999999994,           1071P   8843
0.0633507622256485,-4.31030598511687,1.24515573087115,              1071P   8844
0.126893481599124,-4.30641286898968,1.23554887709579,               1071P   8845
0.189523012606194,-4.30255005581339,1.21428820413129,               1071P   8846
0.32812676444804,-4.29400136655628,1.16874536413496,                1071P   8847
0.46495974358529,-4.28529070425886,1.10272888839685,                1071P   8848
0.588633161395996,-4.27619086988167,1.03673109436788,               1071P   8849
0.712271581415722,-4.26709361062618,0.948460377226597,              1071P   8850
0.82617843537477,-4.25741867355653,0.845187468050293,               1071P   8851
0.920955017278659,-4.24864179481149,0.741874478073407,              1071P   8852
1.01576838251043,-4.23986150971012,0.620704414212296,               1071P   8853
1.09402318924685,-4.2313753394759,0.491796005454992,                1071P   8854
1.14918957923335,-4.22245720634639,0.362943445767406,               1071P   8855
1.20433206859466,-4.21354293696359,0.2228153294766,                 1071P   8856
1.23793860154027,-4.20392266916509,0.0829865258940192,              1071P   8857
1.24724225253959,-4.19473092088843,-0.0568690667664528,             1071P   8858
1.25654768597733,-4.18553741161223,-0.200317676334187,              1071P   8859
1.24178474654725,-4.17705022282735,-0.335378857428667,              1071P   8860
1.20416818675376,-4.16843800514809,-0.47043463319217,               1071P   8861
1.16655313242583,-4.15982613214142,-0.600818269522233,              1071P   8862
1.10506142546668,-4.15066447416293,-0.71572403601069,               1071P   8863
1.02481174089517,-4.14140314651887,-0.830623420474194,              1071P   8864
0.944566513501962,-4.13214233326175,-0.933244020151977,             1071P   8865
0.843331975688863,-4.12301807374545,-1.0150578934108,               1071P   8866
0.729491242596117,-4.11443289098918,-1.09689061198292,              1071P   8867
0.615624287003501,-4.10584573068983,-1.16014031364623,              1071P   8868
0.486030804919611,-4.09701133960835,-1.19956040385388,              1071P   8869
0.35150368064348,-4.08781753469108,-1.23896776144277,               1071P   8870
0.217020008388311,-4.07862669935639,-1.25566188743482,              1071P   8871
0.0738931977352265,-4.06891768722937,-1.24825223065823,             1071P   8872
-0.0660785037417963,-4.06018332053201,-1.24083975410514,            1071P   8873
-0.20610347204687,-4.05144562993414,-1.20908526810061,              1071P   8874
-0.346803253163278,-4.04301049505796,-1.15564367611076,             1071P   8875
-0.476432255273728,-4.03414472651203,-1.10222030385543,             1071P   8876
-0.606017063229073,-4.02528198055475,-1.02566594623362,             1071P   8877
-0.728114475270403,-4.01571707973963,-0.932311632910226,            1071P   8878
-0.832643392539848,-4.00657896941787,-0.838935559972128,            1071P   8879
-0.937196674071469,-3.99743872912748,-0.72614444220646,             1071P   8880
-1.02706993116565,-3.98894927541397,-0.603350403540089,             1071P   8881
-1.09474576525694,-3.98025276939216,-0.480577085655809,             1071P   8882
-1.1624101794436,-3.97155773085532,-0.344433531300905,              1071P   8883
-1.20975454719975,-3.96226556949036,-0.206208999044426,             1071P   8884
-1.23287381702795,-3.95294664939284,-0.0679920724940731,            1071P   8885
-1.25599181473485,-3.94362824206223,0.0761550604764108,             1071P   8886
-1.25552885519523,-3.93456016236452,0.21426684210014,               1071P   8887
-1.23149897294981,-3.92602237259365,0.352412599389141,              1071P   8888
-1.2074631793243,-3.91748248251617,0.488296173269555,               1071P   8889
-1.15918859834171,-3.90870093360274,0.610615651843386,              1071P   8890
-1.09071010159615,-3.89956091174339,0.732904540616985,              1071P   8891
-1.02224873003424,-3.89042317563154,0.845022850185234,              1071P   8892
-0.931711004866686,-3.88079678660325,0.937712793557784,             1071P   8893
-0.826555936883921,-3.87207807052794,1.03043957822875,              1071P   8894
-0.721359073112979,-3.86335588904085,1.10624810179956,              1071P   8895
-0.598644659887055,-3.85482654078629,1.15881841493973,              1071P   8896
-0.468657530822844,-3.84585872909451,1.21136495591201,              1071P   8897
-0.338729181622626,-3.83689497262539,1.24215588442877,              1071P   8898
-0.197960147006472,-3.82722507201938,1.24865506485633,              1071P   8899
-0.0579700699380769,-3.81809255866118,1.2495514112054,              1071P   8900
-0.0386630825595039,-3.81683303138729,1.25,-0.0193294408568495,     1071P   8901
-3.81558357602968,1.25,-1.46367293285543E-015,-3.81434975127342,    1071P   8902
0.0,1.0,0.0,0.0,0.0,0,0;                                            1071P   8903
110,1.25,0.0,-3.81434975127342,1.25,0.0,-3.68565024872658,0,0;      1073P   8904
126,57,3,0,0,1,0,0.0,0.0,0.0,0.0,0.0504660105172592,                1075P   8905
0.0504660105172592,0.0504660105172592,0.10425775777233,             1075P   8906
0.10425775777233,0.10425775777233,0.158052775482273,                1075P   8907
0.158052775482273,0.158052775482273,0.211852646774358,              1075P   8908
0.211852646774358,0.211852646774358,0.265639685990807,              1075P   8909
0.265639685990807,0.265639685990807,0.319447944617739,              1075P   8910
0.319447944617739,0.319447944617739,0.373236058123718,              1075P   8911
0.373236058123718,0.373236058123718,0.427042473756528,              1075P   8912
0.427042473756528,0.427042473756528,0.480831211234137,              1075P   8913
0.480831211234137,0.480831211234137,0.534623772718164,              1075P   8914
0.534623772718164,0.534623772718164,0.588423215031713,              1075P   8915
0.588423215031713,0.588423215031713,0.642213022890624,              1075P   8916
0.642213022890624,0.642213022890624,0.696022968327094,              1075P   8917
0.696022968327094,0.696022968327094,0.749808651946606,              1075P   8918
0.749808651946606,0.749808651946606,0.803612416619133,              1075P   8919
0.803612416619133,0.803612416619133,0.857402948897091,              1075P   8920
0.857402948897091,0.857402948897091,0.91119964464564,               1075P   8921
0.91119964464564,0.91119964464564,0.964997401679726,                1075P   8922
0.964997401679726,0.964997401679726,1.0,1.0,1.0,1.0,1.0,1.0,1.0,    1075P   8923
1.0,1.0,1.0,1.0,1.0,1.0,1.0,1.0,1.0,1.0,1.0,1.0,1.0,1.0,1.0,1.0,    1075P   8924
1.0,1.0,1.0,1.0,1.0,1.0,1.0,1.0,1.0,1.0,1.0,1.0,1.0,1.0,1.0,1.0,    1075P   8925
1.0,1.0,1.0,1.0,1.0,1.0,1.0,1.0,1.0,1.0,1.0,1.0,1.0,1.0,1.0,1.0,    1075P   8926
1.0,1.0,1.0,1.0,1.0,1.0,1.0,1.25,-1.46367293285543E-015,            1075P   8927
-3.68565024872658,1.25,-0.131507552747085,-3.69404455642621,        1075P   8928
1.22872107911511,-0.26465578366491,-3.70190374828024,               1075P   8929
1.18772541414369,-0.389625898262943,-3.71006014099933,              1075P   8930
1.14403015817101,-0.52282537557603,-3.71875363744396,               1075P   8931
1.07670276485561,-0.650271043118094,-3.72808451722523,              1075P   8932
0.991334282564528,-0.761417323294031,-3.73734084834506,             1075P   8933
0.905961292852506,-0.872569471948094,-3.74659766819539,             1075P   8934
0.800160519833819,-0.970514421065434,-3.75544137789082,             1075P   8935
0.682722087049288,-1.04708669739189,-3.76404005452289,              1075P   8936
0.565273339587729,-1.12366569910016,-3.77263948638108,              1075P   8937
0.432969273057466,-1.18096749020985,-3.78164485501094,              1075P   8938
0.296811696615882,-1.21424989880667,-3.79091295442538,              1075P   8939
0.160684932646188,-1.24752477559141,-3.80017895646808,              1075P   8940
0.0169350513501566,-1.25772116674147,-3.80970468713853,             1075P   8941
-0.12256554037234,-1.24397656260608,-3.81832111644482,              1075P   8942
-0.262119389268962,-1.23022671118989,-3.82694083524738,             1075P   8943
-0.401230357704587,-1.19212929263365,-3.83548303856793,             1075P   8944
-0.528299796329825,-1.13287215748199,-3.84445992049589,             1075P   8945
-0.655324267024528,-1.07363599252401,-3.85343362564266,             1075P   8946
-0.773823758679981,-0.991635363103789,-3.86309912670239,            1075P   8947
-0.874022935420247,-0.893635221082615,-3.8720860017245,             1075P   8948
-0.974254276119048,-0.795603620993552,-3.88107576153554,            1075P   8949
-1.05893170619367,-0.678839979395243,-3.8894919719554,              1075P   8950
-1.12097362169668,-0.553098670636824,-3.89828151393423,             1075P   8951
-1.1829960299317,-0.427396897559865,-3.90706829229834,              1075P   8952
-1.22411710007757,-0.289267852644179,-3.91652379277228,             1075P   8953
-1.24094985351394,-0.150144800321916,-3.92581664358725,             1075P   8954
-1.25778360008672,-0.0110135397068982,-3.93511004268261,            1075P   8955
-1.25078670460639,0.132991608224603,-3.94388126922617,              1075P   8956
-1.22051860134565,0.269878386999151,-3.95243122200211,              1075P   8957
-1.19024673339331,0.406782191502102,-3.96098223820563,              1075P   8958
-1.13587128108231,0.540318139021608,-3.96993427410528,              1075P   8959
-1.0619297716797,0.659397573562645,-3.97914834006273,               1075P   8960
-0.988000712253855,0.778456957982903,-3.98836085459246,             1075P   8961
-0.892467752521007,0.886370347789487,-3.99779857542799,             1075P   8962
-0.783214740115592,0.974204635005226,-4.00642588901488,             1075P   8963
-0.673922100752433,1.06207078043257,-4.0150563317987,               1075P   8964
-0.547907651171893,1.13223435060191,-4.02370883743361,              1075P   8965
-0.415682199149928,1.17885890135755,-4.03278662231163,              1075P   8966
-0.283513300169152,1.2254635107169,-4.04186052460627,               1075P   8967
-0.14149941452797,1.24984828395299,-4.05161295403482,               1075P   8968
-0.00134666067052918,1.2499992746018,-4.06056426467515,             1075P   8969
0.138850401129395,1.25015031298486,-4.06951840518608,               1075P   8970
0.281052593116923,1.22603772395275,-4.07788102075552,               1075P   8971
0.413374554495452,1.1796700715436,-4.08661915151773,                1075P   8972
0.545665515408207,1.13331328217492,-4.09535523510559,               1075P   8973
0.671728724921936,1.06344785241326,-4.10475603366798,               1075P   8974
0.781139809921153,0.975869149710205,-4.11399479594384,              1075P   8975
0.890562163202765,0.88828142724874,-4.12323450972277,               1075P   8976
0.986373000327167,0.780528209717177,-4.13196311950986,              1075P   8977
1.06057506269505,0.661574286372585,-4.14058001545163,               1075P   8978
1.13477858269692,0.542618026283209,-4.1491970806647,                1075P   8979
1.18941113470621,0.409201449045077,-4.15828054409151,               1075P   8980
1.2199558905697,0.272410765323798,-4.16757219326217,                1075P   8981
1.23986414716596,0.183254248778943,-4.17362824218653,               1075P   8982
1.24999999999998,0.0913667656007379,-4.17981818259844,              1075P   8983
1.24999999999997,-1.45070407808891E-013,-4.1856502487266,0.0,       1075P   8984
1.0,0.0,0.0,0.0,0,0;                                                1075P   8985
110,1.25,0.0,-4.18565024872658,1.25,0.0,-4.31434975127343,0,0;      1077P   8986
102,4,1071,1073,1075,1077,0,0;                                      1079P   8987
142,0,1059,1069,1079,3,0,0;                                         1081P   8988
144,1059,1,0,1081,0,0;                                              1083P   8989
128,6,1,3,1,0,0,0,0,0,0.0,0.0,0.0,0.0,0.5,0.5,0.5,1.0,1.0,1.0,      1085P   8990
1.0,0.0,0.0,1.0,1.0,1.0,0.333333333333333,0.333333333333333,1.0,    1085P   8991
0.333333333333333,0.333333333333333,1.0,1.0,0.333333333333333,      1085P   8992
0.333333333333333,1.0,0.333333333333333,0.333333333333333,1.0,      1085P   8993
1.25,0.0,-6.58971854723588,1.25,2.5,-6.58971854723588,-1.25,2.5,    1085P   8994
-6.58971854723588,-1.25,1.53080849893419E-016,-6.58971854723588,    1085P   8995
-1.25,-2.5,-6.58971854723588,1.25,-2.5,-6.58971854723588,1.25,      1085P   8996
0.0,-6.58971854723588,1.25,0.0,0.486904019579106,1.25,2.5,          1085P   8997
0.486904019579105,-1.25,2.5,0.486904019579105,-1.25,                1085P   8998
1.53080849893419E-016,0.486904019579106,-1.25,-2.5,                 1085P   8999
0.486904019579105,1.25,-2.5,0.486904019579105,1.25,0.0,             1085P   9000
0.486904019579106,0.0,1.0,0.0,1.0,0,0;                              1085P   9001
126,1,1,1,0,1,0,0.0,0.0,1.0,1.0,1.0,1.0,0.0,0.250877982992599,      1087P   9002
0.0,1.0,0.321533157163499,0.0,0.0,1.0,0.0,0.0,1.0,0,0;              1087P   9003
126,1,1,1,0,1,0,0.0,0.0,1.0,1.0,1.0,1.0,1.0,0.321533157163494,      1089P   9004
0.0,1.0,0.339719728699804,0.0,0.0,1.0,0.0,0.0,1.0,0,0;              1089P   9005
126,1,1,1,0,1,0,0.0,0.0,1.0,1.0,1.0,1.0,1.0,0.339719728699801,      1091P   9006
0.0,0.0,0.269064554528909,0.0,0.0,1.0,0.0,0.0,1.0,0,0;              1091P   9007
126,1,1,1,0,1,0,0.0,0.0,1.0,1.0,1.0,1.0,0.0,0.269064554528909,      1093P   9008
0.0,0.0,0.250877982992599,0.0,0.0,1.0,0.0,0.0,1.0,0,0;              1093P   9009
102,4,1087,1089,1091,1093,0,0;                                      1095P   9010
126,60,3,0,0,1,0,0.0,0.0,0.0,0.0,0.00201947111560408,               1097P   9011
0.00201947111560408,0.00201947111560408,0.0558280225999042,         1097P   9012
0.0558280225999042,0.0558280225999042,0.109621385335457,            1097P   9013
0.109621385335457,0.109621385335457,0.163422897959247,              1097P   9014
0.163422897959247,0.163422897959247,0.217222782502029,              1097P   9015
0.217222782502029,0.217222782502029,0.271014267625423,              1097P   9016
0.271014267625423,0.271014267625423,0.324824213549359,              1097P   9017
0.324824213549359,0.324824213549359,0.378616231652607,              1097P   9018
0.378616231652607,0.378616231652607,0.432429008952541,              1097P   9019
0.432429008952541,0.432429008952541,0.486219297830075,              1097P   9020
0.486219297830075,0.486219297830075,0.540018280553557,              1097P   9021
0.540018280553557,0.540018280553557,0.593818471769536,              1097P   9022
0.593818471769536,0.593818471769536,0.647613043749597,              1097P   9023
0.647613043749597,0.647613043749597,0.701423456172524,              1097P   9024
0.701423456172524,0.701423456172524,0.755213152459589,              1097P   9025
0.755213152459589,0.755213152459589,0.809023225237167,              1097P   9026
0.809023225237167,0.809023225237167,0.862815717511099,              1097P   9027
0.862815717511099,0.862815717511099,0.91661914043074,               1097P   9028
0.91661914043074,0.91661914043074,0.970417004785785,                1097P   9029
0.970417004785785,0.970417004785785,1.0,1.0,1.0,1.0,1.0,1.0,1.0,    1097P   9030
1.0,1.0,1.0,1.0,1.0,1.0,1.0,1.0,1.0,1.0,1.0,1.0,1.0,1.0,1.0,1.0,    1097P   9031
1.0,1.0,1.0,1.0,1.0,1.0,1.0,1.0,1.0,1.0,1.0,1.0,1.0,1.0,1.0,1.0,    1097P   9032
1.0,1.0,1.0,1.0,1.0,1.0,1.0,1.0,1.0,1.0,1.0,1.0,1.0,1.0,1.0,1.0,    1097P   9033
1.0,1.0,1.0,1.0,1.0,1.0,1.0,1.0,1.0,1.0,1.25,                       1097P   9034
-6.36080671303836E-015,-4.81434975127342,1.25,                      1097P   9035
0.00533194509216489,-4.81400940589549,1.24996588301249,             1097P   9036
0.0106640734380125,-4.81367021975766,1.2498976505304,               1097P   9037
0.0159957243842171,-4.81333211332703,1.24810351365482,              1097P   9038
0.156188654173592,-4.80444178431462,1.22201824942827,               1097P   9039
0.298044972966584,-4.79606704077451,1.17381766304867,               1097P   9040
0.429711640422927,-4.78729740032528,1.12563002893447,               1097P   9041
0.561342926948248,-4.77853011641814,1.05402461073572,               1097P   9042
0.686420286799428,-4.76908341482911,0.964936486521483,              1097P   9043
0.794605296345032,-4.75986285223509,0.875836095217553,              1097P   9044
0.902805202547483,-4.75064102000532,0.766756870481127,              1097P   9045
0.997116095463599,-4.7419854430245,0.646782052606296,               1097P   9046
1.06966021540786,-4.73335205667724,0.526810667211843,               1097P   9047
1.14220225986434,-4.72471891733123,0.392655581993267,               1097P   9048
1.19497491283799,-4.71558122816085,0.255458556140694,               1097P   9049
1.22361796574524,-4.70627723763424,0.118282159422746,               1097P   9050
1.25225671184342,-4.69697464606851,-0.0257459767062112,             1097P   9051
1.25757221841356,-4.68764385094684,-0.164704852590656,              1097P   9052
1.23910141293322,-4.67907997552309,-0.303709995003536,              1097P   9053
1.22062445757549,-4.6705132487465,-0.44143688864829,                1097P   9054
1.17783219278939,-4.66186944778482,-0.566414612491218,              1097P   9055
1.11430448565757,-4.65281321933167,-0.691353161303112,              1097P   9056
1.05079669167365,-4.64375982960865,-0.807004044673434,              1097P   9057
0.964826957319729,-4.63406327219958,-0.903828436635301,             1097P   9058
0.863477942468358,-4.62521685759958,-1.00068851223138,              1097P   9059
0.762091576479526,-4.61636718274443,-1.08135721868082,              1097P   9060
0.642516375083715,-4.6079160787439,-1.13909733799801,               1097P   9061
0.514739987339101,-4.59904705658155,-1.19681441265117,              1097P   9062
0.387014596439667,-4.5901815741354,-1.23322389945078,               1097P   9063
0.247582490105562,-4.58061771437981,-1.24532829628794,              1097P   9064
0.107969599724099,-4.57137880846634,-1.2574344368047,               1097P   9065
-0.0316634023698961,-4.56213857165699,-1.24555273395364,            1097P   9066
-0.175368244868255,-4.55355970634332,-1.21065408320015,             1097P   9067
-0.311153805746947,-4.54497591226781,-1.17575464738376,             1097P   9068
-0.446942421190907,-4.53639192509548,-1.11688600933079,             1097P   9069
-0.578541516416161,-4.52730794664389,-1.03895329066908,             1097P   9070
-0.695036732704026,-4.51805810965594,-0.961028338885778,            1097P   9071
-0.811520338923683,-4.50880919451905,-0.86187907333951,             1097P   9072
-0.916142399282376,-4.49956191694602,-0.74970451943174,             1097P   9073
-1.00022154223133,-4.49096899915652,-0.637497912765798,             1097P   9074
-1.08432470995545,-4.4823736260266,-0.50918948917114,               1097P   9075
-1.15016512899167,-4.47361035254159,-0.375471616350179,             1097P   9076
-1.19227558278922,-4.46445688275356,-0.241802421849128,             1097P   9077
-1.23437070680252,-4.45530674517176,-0.0990421855834676,            1097P   9078
-1.25392834556301,-4.44555584684355,0.0410451734303322,             1097P   9079
-1.24932593575018,-4.43675086470422,0.181183175777717,              1097P   9080
-1.24472186210861,-4.42794269945365,0.322490420170557,              1097P   9081
-1.21579588355893,-4.41954222898336,0.453164970599721,              1097P   9082
-1.16496416658254,-4.41072523457132,0.583798926695589,              1097P   9083
-1.11414824058958,-4.40191097917777,0.70741049194194,               1097P   9084
-1.04005346525019,-4.39240224056337,0.813788283622283,              1097P   9085
-0.948814328221859,-4.38321718588409,0.9201859387304,               1097P   9086
-0.857558154535974,-4.3740304161225,1.0122970416262,                1097P   9087
-0.746600436248362,-4.36546746619286,1.08242114953875,              1097P   9088
-0.625191534676539,-4.3568051861501,1.15253831800451,               1097P   9089
-0.503794647669142,-4.34814376332226,1.20260652955659,              1097P   9090
-0.368618227865828,-4.33892816742313,1.22849271068645,              1097P   9091
-0.230880184923406,-4.32961264880907,1.24276848784347,              1097P   9092
-0.154920057887786,-4.32447530285721,1.24999999999998,              1097P   9093
-0.0773031890763979,-4.3192841199976,1.24999999999996,              1097P   9094
2.96646490556063E-013,-4.31434975127339,0.0,1.0,0.0,0.0,0.0,0,0;    1097P   9095
110,1.25,0.0,-4.31434975127343,1.25,0.0,-4.18565024872658,0,0;      1099P   9096
126,60,3,0,0,1,0,0.0,0.0,0.0,0.0,0.0187876557330493,                1101P   9097
0.0187876557330493,0.0187876557330493,0.0726028101244696,           1101P   9098
0.0726028101244696,0.0726028101244696,0.126398979556492,            1101P   9099
0.126398979556492,0.126398979556492,0.180215000587706,              1101P   9100
0.180215000587706,0.180215000587706,0.234010301970463,              1101P   9101
0.234010301970463,0.234010301970463,0.28781234232625,               1101P   9102
0.28781234232625,0.28781234232625,0.341617960271917,                1101P   9103
0.341617960271917,0.341617960271917,0.395416262101082,              1101P   9104
0.395416262101082,0.395416262101082,0.449232325144566,              1101P   9105
0.449232325144566,0.449232325144566,0.503026143047697,              1101P   9106
0.503026143047697,0.503026143047697,0.556839473284912,              1101P   9107
0.556839473284912,0.556839473284912,0.61063681699767,               1101P   9108
0.61063681699767,0.61063681699767,0.664443181830555,                1101P   9109
0.664443181830555,0.664443181830555,0.718246711268843,              1101P   9110
0.718246711268843,0.718246711268843,0.772042676165123,              1101P   9111
0.772042676165123,0.772042676165123,0.825856446894301,              1101P   9112
0.825856446894301,0.825856446894301,0.879652793995259,              1101P   9113
0.879652793995259,0.879652793995259,0.933470253015105,              1101P   9114
0.933470253015105,0.933470253015105,0.987264538136072,              1101P   9115
0.987264538136072,0.987264538136072,1.0,1.0,1.0,1.0,1.0,1.0,1.0,    1101P   9116
1.0,1.0,1.0,1.0,1.0,1.0,1.0,1.0,1.0,1.0,1.0,1.0,1.0,1.0,1.0,1.0,    1101P   9117
1.0,1.0,1.0,1.0,1.0,1.0,1.0,1.0,1.0,1.0,1.0,1.0,1.0,1.0,1.0,1.0,    1101P   9118
1.0,1.0,1.0,1.0,1.0,1.0,1.0,1.0,1.0,1.0,1.0,1.0,1.0,1.0,1.0,1.0,    1101P   9119
1.0,1.0,1.0,1.0,1.0,1.0,1.0,1.0,1.0,1.0,1.24999999999997,           1101P   9120
-1.45070407808891E-013,-4.1856502487266,1.24999999999997,           1101P   9121
-0.0492443802008016,-4.18879358514528,1.24707966030807,             1101P   9122
-0.0985805184704268,-4.19184364101411,1.24126831731919,             1101P   9123
-0.147488862018787,-4.19485889709096,1.22472253166993,              1101P   9124
-0.286738424531268,-4.20344379404517,1.18384457000989,              1101P   9125
-0.425051170095702,-4.21204412522328,1.12205471624066,              1101P   9126
-0.550902181663984,-4.22106859178926,1.06028540940437,              1101P   9127
-0.676711344091377,-4.23009005745624,0.975927750916598,             1101P   9128
-0.793543048852486,-4.23978385749102,0.875934471190047,             1101P   9129
-0.891761628565063,-4.24868520959448,0.775906114614455,             1101P   9130
-0.990014662575998,-4.25758968422162,0.657463878806529,             1101P   9131
-1.07233474118451,-4.26602168750253,0.530501846868841,              1101P   9132
-1.13184265269902,-4.27485748929905,0.403586538476274,              1101P   9133
-1.19132866459089,-4.28369003941492,0.264668379651121,              1101P   9134
-1.22967024349883,-4.29321136315773,0.125236922657677,              1101P   9135
-1.24371046196571,-4.30247614177449,-0.0142098313896119,            1101P   9136
-1.25775222078784,-4.31174193683202,-0.158057692460088,             1101P   9137
-1.24786729440121,-4.32039469679877,-0.29431263070611,              1101P   9138
-1.21485804743058,-4.32896234415364,-0.430576422399066,             1101P   9139
-1.18184665561574,-4.33753054820914,-0.562986048270766,             1101P   9140
-1.12480770107696,-4.34656045707792,-0.680554388929692,             1101P   9141
-1.04849688779153,-4.35579799393869,-0.798107604805487,             1101P   9142
-0.972195891643057,-4.36503434242051,-0.904090475531638,            1101P   9143
-0.874512607150412,-4.3743630379977,-0.989717565605377,             1101P   9144
-0.763517609706657,-4.38296668241349,-1.07537207392112,             1101P   9145
-0.652487071084301,-4.39157308176122,-1.14299018884058,             1101P   9146
-0.525098786520333,-4.40028942901621,-1.18695301825703,             1101P   9147
-0.391972616965615,-4.40941291632664,-1.23089864521508,             1101P   9148
-0.258898539085248,-4.41853283365731,-1.25243360354647,             1101P   9149
-0.116424471656091,-4.42829561627502,-1.24977512420042,             1101P   9150
0.0237094692017917,-4.43715633474308,-1.24711572946268,             1101P   9151
0.163891662247252,-4.44602010421398,-1.22015460007179,              1101P   9152
0.305585141924807,-4.4544017695786,-1.1711417115199,                1101P   9153
0.436952047183947,-4.46318578887928,-1.12214267934792,              1101P   9154
0.568281813849516,-4.4719673248595,-1.04976768015324,               1101P   9155
0.692913058602872,-4.4814336988919,-0.960013496074034,              1101P   9156
0.800546118194143,-4.49064451121727,-0.870245580947024,             1101P   9157
0.908195644033776,-4.49985673265918,-0.760583241853022,             1101P   9158
1.001833328342,-4.50848201231979,-0.640161704264624,                1101P   9159
1.07363540943516,-4.51712368224979,-0.519746216355223,              1101P   9160
1.14543388337008,-4.52576491804376,-0.385270908929239,              1101P   9161
1.19737599052961,-4.53492668195663,-0.247901502684809,              1101P   9162
1.22517135330802,-4.54423504271235,-0.110550793234428,              1101P   9163
1.25296293297208,-4.55354213654476,0.0335105174001095,              1101P   9164
1.25738936979564,-4.5628340088877,0.17235353658026,                 1101P   9165
1.23806068446917,-4.57139141683882,0.311241151605617,               1101P   9166
1.21872579084311,-4.57995157339655,0.448698767340043,               1101P   9167
1.17508469304291,-4.58861547985261,0.573280237313926,               1101P   9168
1.110787904825,-4.59768545026402,0.697823786146478,                 1101P   9169
1.04651068779689,-4.6067526598826,0.812942462748431,                1101P   9170
0.959828924196928,-4.61644565513267,0.909140535304152,              1101P   9171
0.857883143013593,-4.62526943042657,1.00537472505079,               1101P   9172
0.755899086684572,-4.63409651857245,1.08530370625443,               1101P   9173
0.635827510939228,-4.6425575065334,1.14225382989277,                1101P   9174
0.507696945130958,-4.65144153883175,1.19918054253493,               1101P   9175
0.379619051099226,-4.66032191909156,1.23472842711576,               1101P   9176
0.239966784297988,-4.66990381426676,1.24597094735366,               1101P   9177
0.100281595273641,-4.67912945307059,1.2486546667238,                1101P   9178
0.0669371280568273,-4.68133171955852,1.24999999999999,              1101P   9179
0.0334566153710884,-4.68351466701932,1.24999999999999,              1101P   9180
3.8327701555788E-014,-4.68565024872658,0.0,1.0,0.0,0.0,0.0,0,0;     1101P   9181
110,1.25,0.0,-4.68565024872658,1.25,0.0,-4.81434975127342,0,0;      1103P   9182
102,4,1097,1099,1101,1103,0,0;                                      1105P   9183
142,0,1085,1095,1105,3,0,0;                                         1107P   9184
144,1085,1,0,1107,0,0;                                              1109P   9185
128,6,1,3,1,0,0,0,0,0,0.0,0.0,0.0,0.0,0.5,0.5,0.5,1.0,1.0,1.0,      1111P   9186
1.0,0.0,0.0,1.0,1.0,1.0,0.333333333333333,0.333333333333333,1.0,    1111P   9187
0.333333333333333,0.333333333333333,1.0,1.0,0.333333333333333,      1111P   9188
0.333333333333333,1.0,0.333333333333333,0.333333333333333,1.0,      1111P   9189
1.25,0.0,-6.58971854723588,1.25,2.5,-6.58971854723588,-1.25,2.5,    1111P   9190
-6.58971854723588,-1.25,1.53080849893419E-016,-6.58971854723588,    1111P   9191
-1.25,-2.5,-6.58971854723588,1.25,-2.5,-6.58971854723588,1.25,      1111P   9192
0.0,-6.58971854723588,1.25,0.0,0.486904019579106,1.25,2.5,          1111P   9193
0.486904019579105,-1.25,2.5,0.486904019579105,-1.25,                1111P   9194
1.53080849893419E-016,0.486904019579106,-1.25,-2.5,                 1111P   9195
0.486904019579105,1.25,-2.5,0.486904019579105,1.25,0.0,             1111P   9196
0.486904019579106,0.0,1.0,0.0,1.0,0,0;                              1111P   9197
126,1,1,1,0,1,0,0.0,0.0,1.0,1.0,1.0,1.0,0.0,0.180222808821705,      1113P   9198
0.0,1.0,0.250877982992599,0.0,0.0,1.0,0.0,0.0,1.0,0,0;              1113P   9199
126,1,1,1,0,1,0,0.0,0.0,1.0,1.0,1.0,1.0,1.0,0.250877982992599,      1115P   9200
0.0,1.0,0.269064554528909,0.0,0.0,1.0,0.0,0.0,1.0,0,0;              1115P   9201
126,1,1,1,0,1,0,0.0,0.0,1.0,1.0,1.0,1.0,1.0,0.269064554528909,      1117P   9202
0.0,0.0,0.198409380358014,0.0,0.0,1.0,0.0,0.0,1.0,0,0;              1117P   9203
126,1,1,1,0,1,0,0.0,0.0,1.0,1.0,1.0,1.0,0.0,0.198409380358014,      1119P   9204
0.0,0.0,0.180222808821705,0.0,0.0,1.0,0.0,0.0,1.0,0,0;              1119P   9205
102,4,1113,1115,1117,1119,0,0;                                      1121P   9206
126,57,3,0,0,1,0,0.0,0.0,0.0,0.0,0.0336758641953399,                1123P   9207
0.0336758641953399,0.0336758641953399,0.087476579658027,            1123P   9208
0.087476579658027,0.087476579658027,0.141266976537613,              1123P   9209
0.141266976537613,0.141266976537613,0.195078094595019,              1123P   9210
0.195078094595019,0.195078094595019,0.248864441023027,              1123P   9211
0.248864441023027,0.248864441023027,0.302668390188858,              1123P   9212
0.302668390188858,0.302668390188858,0.356460039720259,              1123P   9213
0.356460039720259,0.356460039720259,0.410256962175625,              1123P   9214
0.410256962175625,0.410256962175625,0.464056127342937,              1123P   9215
0.464056127342937,0.464056127342937,0.517844242599915,              1123P   9216
0.517844242599915,0.517844242599915,0.571652669238746,              1123P   9217
0.571652669238746,0.571652669238746,0.625441687141226,              1123P   9218
0.625441687141226,0.625441687141226,0.679250107394513,              1123P   9219
0.679250107394513,0.679250107394513,0.733038691424365,              1123P   9220
0.733038691424365,0.733038691424365,0.786833124749675,              1123P   9221
0.786833124749675,0.786833124749675,0.840632169135821,              1123P   9222
0.840632169135821,0.840632169135821,0.894423167921341,              1123P   9223
0.894423167921341,0.894423167921341,0.948232712851159,              1123P   9224
0.948232712851159,0.948232712851159,1.0,1.0,1.0,1.0,1.0,1.0,1.0,    1123P   9225
1.0,1.0,1.0,1.0,1.0,1.0,1.0,1.0,1.0,1.0,1.0,1.0,1.0,1.0,1.0,1.0,    1123P   9226
1.0,1.0,1.0,1.0,1.0,1.0,1.0,1.0,1.0,1.0,1.0,1.0,1.0,1.0,1.0,1.0,    1123P   9227
1.0,1.0,1.0,1.0,1.0,1.0,1.0,1.0,1.0,1.0,1.0,1.0,1.0,1.0,1.0,1.0,    1123P   9228
1.0,1.0,1.0,1.0,1.0,1.0,1.0,1.24999999999997,                       1123P   9229
-1.75185046956415E-013,-5.31434975127342,1.24999999999998,          1123P   9230
0.087924189247412,-5.3087374295218,1.24061824326039,                1123P   9231
0.176351349863155,-5.30340034275149,1.22216262749504,               1123P   9232
0.262332826680933,-5.29803964305414,1.19273680936259,               1123P   9233
0.399422552202366,-5.28949248990777,1.13918598944633,               1123P   9234
0.533294537792421,-5.28056424761994,1.06597998771545,               1123P   9235
0.652829737213433,-5.27135865947079,0.992787172588364,              1123P   9236
0.772343404748048,-5.26215472952508,0.897923790569227,              1123P   9237
0.880842603696762,-5.25268605636157,0.789215990345593,              1123P   9238
0.969349328458438,-5.24404944344054,0.68046763687455,               1123P   9239
1.05788907049302,-5.23540960864674,0.554886809980192,               1123P   9240
1.12883064394533,-5.22677570983216,0.422949690718112,               1123P   9241
1.17627103982095,-5.21771246276146,0.291070223639559,               1123P   9242
1.22369070580324,-5.20865317603175,0.149209170655682,               1123P   9243
1.2489511088565,-5.1989093024666,0.00906204589249434,               1123P   9244
1.24996715129808,-5.18992930729879,-0.131128075786308,              1123P   9245
1.25098350545988,-5.18094655708271,-0.273475058246871,              1123P   9246
1.22775008372652,-5.17258617796566,-0.406080267745643,              1123P   9247
1.18220083579214,-5.16386164818216,-0.538656593557049,              1123P   9248
1.13666150926463,-5.15513901875078,-0.665150762893125,              1123P   9249
1.06757453356376,-5.14575932732579,-0.77510070344219,               1123P   9250
0.980672677055546,-5.13651407994614,-0.885060264189591,             1123P   9251
0.893763216968001,-5.12726802364277,-0.981532371234082,             1123P   9252
0.786606579786501,-5.11850502600787,-1.05646742504937,              1123P   9253
0.668114196683129,-5.10989447051952,-1.13140554143033,              1123P   9254
0.549616970843483,-5.1012835631212,-1.18686224929611,               1123P   9255
0.416537213018022,-5.09222420895159,-1.21825121407553,              1123P   9256
0.279935670116351,-5.0829391181282,-1.24963403635719,               1123P   9257
0.143360858732539,-5.07365584430165,-1.25783530521999,              1123P   9258
-0.000522412491111424,-5.06420531266293,-1.24215543110421,          1123P   9259
-0.139820903223784,-5.0556139309849,-1.22646981978622,              1123P   9260
-0.279170362708027,-5.04701940575524,-1.1864461438664,              1123P   9261
-0.417735016100611,-5.03843758845348,-1.12543335619442,             1123P   9262
-0.543966690859798,-5.02942758551901,-1.06444133090887,             1123P   9263
-0.670155409528798,-5.02042064864938,-0.980805878622267,            1123P   9264
-0.787505473677124,-5.01073310453499,-0.881422010458801,            1123P   9265
-0.886338106750897,-5.00180549745904,-0.782004140916231,            1123P   9266
-0.985204552614282,-4.99287483605486,-0.66407348777158,             1123P   9267
-1.06825410410224,-4.98444989102072,-0.537481776211467,             1123P   9268
-1.12854478876142,-4.97562858030376,-0.410934688500096,             1123P   9269
-1.18881422082548,-4.96681037911766,-0.272253632277069,             1123P   9270
-1.22801314021849,-4.95730880423489,-0.132911303035248,             1123P   9271
-1.24291374822443,-4.94803423231873,0.00644415075372456,            1123P   9272
-1.25781575970723,-4.93875878683775,0.150346643661231,              1123P   9273
-1.24881969651157,-4.930070866289,0.286801963228971,                1123P   9274
-1.2166530458138,-4.92150940143839,0.42326868354411,                1123P   9275
-1.18448370761466,-4.91294722128333,0.556030752349303,              1123P   9276
-1.12826235161569,-4.90394135262481,0.674069331485555,              1123P   9277
-1.05267779322574,-4.8947103520702,0.792091250424083,               1123P   9278
-0.977103902989343,-4.8854806543972,0.898673018440336,              1123P   9279
-0.880078660898174,-4.87611715634176,0.984983413589227,             1123P   9280
-0.769615277235394,-4.86750727170012,1.0713226628537,               1123P   9281
-0.659114964958932,-4.85889450871914,1.13972744628426,              1123P   9282
-0.532144084282355,-4.8501983461768,1.18451168207564,               1123P   9283
-0.399289462704156,-4.84108865832213,1.22759804828657,              1123P   9284
-0.271471654116405,-4.83232433891292,1.25,-0.134894402465565,       1123P   9285
-4.82296024624196,1.25,-6.36080671303836E-015,-4.81434975127342,    1123P   9286
0.0,1.0,0.0,0.0,0.0,0,0;                                            1123P   9287
110,1.25,0.0,-4.81434975127342,1.25,0.0,-4.68565024872658,0,0;      1125P   9288
126,57,3,0,0,1,0,0.0,0.0,0.0,0.0,0.041060939671715,                 1127P   9289
0.041060939671715,0.041060939671715,0.0948551779865201,             1127P   9290
0.0948551779865201,0.0948551779865201,0.148644576318324,            1127P   9291
0.148644576318324,0.148644576318324,0.202448901045909,              1127P   9292
0.202448901045909,0.202448901045909,0.256233214247978,              1127P   9293
0.256233214247978,0.256233214247978,0.310038237606064,              1127P   9294
0.310038237606064,0.310038237606064,0.363825069834249,              1127P   9295
0.363825069834249,0.363825069834249,0.417623654512285,              1127P   9296
0.417623654512285,0.417623654512285,0.471415470826133,              1127P   9297
0.471415470826133,0.471415470826133,0.525202500838255,              1127P   9298
0.525202500838255,0.525202500838255,0.579004970842703,              1127P   9299
0.579004970842703,0.579004970842703,0.632791781490034,              1127P   9300
0.632791781490034,0.632791781490034,0.686600536661987,              1127P   9301
0.686600536661987,0.686600536661987,0.74038441239442,               1127P   9302
0.74038441239442,0.74038441239442,0.794180433409572,                1127P   9303
0.794180433409572,0.794180433409572,0.847973083540579,              1127P   9304
0.847973083540579,0.847973083540579,0.901763521684841,              1127P   9305
0.901763521684841,0.901763521684841,0.95556571425396,               1127P   9306
0.95556571425396,0.95556571425396,1.0,1.0,1.0,1.0,1.0,1.0,1.0,      1127P   9307
1.0,1.0,1.0,1.0,1.0,1.0,1.0,1.0,1.0,1.0,1.0,1.0,1.0,1.0,1.0,1.0,    1127P   9308
1.0,1.0,1.0,1.0,1.0,1.0,1.0,1.0,1.0,1.0,1.0,1.0,1.0,1.0,1.0,1.0,    1127P   9309
1.0,1.0,1.0,1.0,1.0,1.0,1.0,1.0,1.0,1.0,1.0,1.0,1.0,1.0,1.0,1.0,    1127P   9310
1.0,1.0,1.0,1.0,1.0,1.0,1.0,1.24999999999999,                       1127P   9311
3.8327701555788E-014,-4.68565024872658,1.25,-0.107083102089431,     1127P   9312
-4.69248551019706,1.23600884957452,-0.215064074367116,              1127P   9313
-4.69893359111943,1.20870891692191,-0.318626355082972,              1127P   9314
-4.70549706905167,1.17297178359787,-0.454195152280406,              1127P   9315
-4.7140890274612,1.11329291056568,-0.585425587432845,               1127P   9316
-4.72319701087222,1.03464346591085,-0.701436311041897,              1127P   9317
-4.73245120366694,0.956000813373863,-0.817437016035956,             1127P   9318
-4.74170459727525,0.856205345788958,-0.921447275017155,             1127P   9319
-4.75091452434445,0.743512974795305,-1.0048325513791,               1127P   9320
-4.75950410269922,0.630790253018723,-1.08824028541409,              1127P   9321
-4.76809599443533,0.502080577221124,-1.15328580835747,              1127P   9322
-4.77688077714335,0.368107795899301,-1.19456965079402,              1127P   9323
-4.78604706994613,0.234182115048036,-1.23583897917492,              1127P   9324
-4.79521014017862,0.091303099321745,-1.25451577424132,              1127P   9325
-4.80495111885378,-0.0487547325572616,-1.24904882853044,            1127P   9326
-4.81373312013579,-0.188864136761376,-1.24357986977183,             1127P   9327
-4.82251835514075,-0.329990575415073,-1.21378167423732,             1127P   9328
-4.83092858277374,-0.460348899588293,-1.16214409203328,             1127P   9329
-4.83976048139735,-0.590665334542025,-1.11052310300062,             1127P   9330
-4.84858954198709,-0.713815833226544,-1.03566784515753,             1127P   9331
-4.85811624006411,-0.819628787029243,-0.943773623001285,            1127P   9332
-4.86728808723379,-0.925463046650466,-0.851860897613151,            1127P   9333
-4.87646178118786,-1.01688917176243,-0.74033384367889,              1127P   9334
-4.8849998635966,-1.08626245645684,-0.618493230110365,              1127P   9335
-4.89367214787261,-1.15562737602625,-0.496667308248694,             1127P   9336
-4.90234338643278,-1.20485896761763,-0.361187334571588,             1127P   9337
-4.91158274137056,-1.22989427428456,-0.223293694676017,             1127P   9338
-4.92090020770684,-1.25492735913747,-0.0854122924584165,            1127P   9339
-4.93021684714384,-1.25646479381133,0.0587195146008819,             1127P   9340
-4.93937781825937,-1.23435489310682,0.197149683903509,              1127P   9341
-4.94792045853194,-1.21223882996953,0.335618436220335,              1127P   9342
-4.95646547979424,-1.16585287113966,0.47216498834155,               1127P   9343
-4.96519757851359,-1.09907548670644,0.595426800304623,              1127P   9344
-4.97431018763955,-1.0323163378866,0.718654951848578,               1127P   9345
-4.98342030828803,-0.943343981151254,0.83201585934646,              1127P   9346
-4.99308299116057,-0.839487106139428,0.92615409010901,              1127P   9347
-5.00184076507828,-0.735589494777876,1.02032924522433,              1127P   9348
-5.01060197410551,-0.613938520790431,1.09783428585536,              1127P   9349
-5.01910061173365,-0.484692275847388,1.1522037136435,               1127P   9350
-5.02803401877483,-0.355503005026853,1.20654917438765,              1127P   9351
-5.03696348780584,-0.215171682985743,1.23929012005656,              1127P   9352
-5.04659980058131,-0.0752874020049491,1.24773066288336,             1127P   9353
-5.05577462412654,0.0646256312172224,1.25617294060505,              1127P   9354
-5.06495133349296,0.207983502686446,1.2405239470504,                1127P   9355
-5.07341448296689,0.342810681363207,1.20207355712672,               1127P   9356
-5.08203656613378,0.47762985705062,1.16362544951782,                1127P   9357
-5.09065813751632,0.607628780942511,1.10133112868604,               1127P   9358
-5.09984348425314,0.722035984180574,1.02037445947475,               1127P   9359
-5.10910675377866,0.836438447064092,0.939421144626691,              1127P   9360
-5.11836963948935,0.938434478146263,0.837552505272186,              1127P   9361
-5.12745531903213,1.0195441719929,0.723207910185806,                1127P   9362
-5.13603989176644,1.10067107575198,0.608839053382025,               1127P   9363
-5.14462628598149,1.16311797347742,0.478860497802977,               1127P   9364
-5.15348324701464,1.20170652881372,0.344095072046212,               1127P   9365
-5.1626886532203,1.23359055945989,0.232744312023552,                1127P   9366
-5.17029467658691,1.25,0.115839374855871,-5.17825606233986,1.25,    1127P   9367
-1.21253022312097E-014,-5.18565024872658,0.0,1.0,0.0,0.0,0.0,0,     1127P   9368
0;                                                                  1127P   9369
110,1.25,0.0,-5.18565024872658,1.25,0.0,-5.31434975127342,0,0;      1129P   9370
102,4,1123,1125,1127,1129,0,0;                                      1131P   9371
142,0,1111,1121,1131,3,0,0;                                         1133P   9372
144,1111,1,0,1133,0,0;                                              1135P   9373
128,6,1,3,1,0,0,0,0,0,0.0,0.0,0.0,0.0,0.5,0.5,0.5,1.0,1.0,1.0,      1137P   9374
1.0,0.0,0.0,1.0,1.0,1.0,0.333333333333333,0.333333333333333,1.0,    1137P   9375
0.333333333333333,0.333333333333333,1.0,1.0,0.333333333333333,      1137P   9376
0.333333333333333,1.0,0.333333333333333,0.333333333333333,1.0,      1137P   9377
1.25,0.0,-6.58971854723588,1.25,2.5,-6.58971854723588,-1.25,2.5,    1137P   9378
-6.58971854723588,-1.25,1.53080849893419E-016,-6.58971854723588,    1137P   9379
-1.25,-2.5,-6.58971854723588,1.25,-2.5,-6.58971854723588,1.25,      1137P   9380
0.0,-6.58971854723588,1.25,0.0,0.486904019579106,1.25,2.5,          1137P   9381
0.486904019579105,-1.25,2.5,0.486904019579105,-1.25,                1137P   9382
1.53080849893419E-016,0.486904019579106,-1.25,-2.5,                 1137P   9383
0.486904019579105,1.25,-2.5,0.486904019579105,1.25,0.0,             1137P   9384
0.486904019579106,0.0,1.0,0.0,1.0,0,0;                              1137P   9385
126,1,1,1,0,1,0,0.0,0.0,1.0,1.0,1.0,1.0,0.0,0.109567634650809,      1139P   9386
0.0,1.0,0.180222808821705,0.0,0.0,1.0,0.0,0.0,1.0,0,0;              1139P   9387
126,1,1,1,0,1,0,0.0,0.0,1.0,1.0,1.0,1.0,1.0,0.180222808821705,      1141P   9388
0.0,1.0,0.198409380358014,0.0,0.0,1.0,0.0,0.0,1.0,0,0;              1141P   9389
126,1,1,1,0,1,0,0.0,0.0,1.0,1.0,1.0,1.0,1.0,0.198409380358014,      1143P   9390
0.0,0.0,0.127754206187119,0.0,0.0,1.0,0.0,0.0,1.0,0,0;              1143P   9391
126,1,1,1,0,1,0,0.0,0.0,1.0,1.0,1.0,1.0,0.0,0.127754206187119,      1145P   9392
0.0,0.0,0.109567634650809,0.0,0.0,1.0,0.0,0.0,1.0,0,0;              1145P   9393
102,4,1139,1141,1143,1145,0,0;                                      1147P   9394
126,60,3,0,0,1,0,0.0,0.0,0.0,0.0,0.0114075440241255,                1149P   9395
0.0114075440241255,0.0114075440241255,0.0652234804029863,           1149P   9396
0.0652234804029863,0.0652234804029863,0.119019171551686,            1149P   9397
0.119019171551686,0.119019171551686,0.172830613219418,              1149P   9398
0.172830613219418,0.172830613219418,0.226628967677147,              1149P   9399
0.226628967677147,0.226628967677147,0.280427286994485,              1149P   9400
0.280427286994485,0.280427286994485,0.334236531063841,              1149P   9401
0.334236531063841,0.334236531063841,0.388033325373446,              1149P   9402
0.388033325373446,0.388033325373446,0.441852033691351,              1149P   9403
0.441852033691351,0.441852033691351,0.495645052389504,              1149P   9404
0.495645052389504,0.495645052389504,0.549453892409527,              1149P   9405
0.549453892409527,0.549453892409527,0.603253663949753,              1149P   9406
0.603253663949753,0.603253663949753,0.657055820323917,              1149P   9407
0.657055820323917,0.657055820323917,0.710863969145164,              1149P   9408
0.710863969145164,0.710863969145164,0.764658503705792,              1149P   9409
0.764658503705792,0.764658503705792,0.818474514294717,              1149P   9410
0.818474514294717,0.818474514294717,0.872270202886851,              1149P   9411
0.872270202886851,0.872270202886851,0.92608365087381,               1149P   9412
0.92608365087381,0.92608365087381,0.979880446751395,                1149P   9413
0.979880446751395,0.979880446751395,1.0,1.0,1.0,1.0,1.0,1.0,1.0,    1149P   9414
1.0,1.0,1.0,1.0,1.0,1.0,1.0,1.0,1.0,1.0,1.0,1.0,1.0,1.0,1.0,1.0,    1149P   9415
1.0,1.0,1.0,1.0,1.0,1.0,1.0,1.0,1.0,1.0,1.0,1.0,1.0,1.0,1.0,1.0,    1149P   9416
1.0,1.0,1.0,1.0,1.0,1.0,1.0,1.0,1.0,1.0,1.0,1.0,1.0,1.0,1.0,1.0,    1149P   9417
1.0,1.0,1.0,1.0,1.0,1.0,1.0,1.0,1.0,1.0,1.25,                       1149P   9418
2.03745816957837E-014,-5.81434975127342,1.24999999999999,           1149P   9419
0.0299848064078836,-5.81243577990034,1.24891967328602,              1149P   9420
0.0599912900882613,-5.81055738069548,1.24676285717362,              1149P   9421
0.0899020465410783,-5.80870085318113,1.23667756286639,              1149P   9422
0.229765051107585,-5.80001971144449,1.20224112966724,               1149P   9423
0.369831804736445,-5.79154397691069,1.14633423663311,               1149P   9424
0.498415306669839,-5.78263118995596,1.09044728028384,               1149P   9425
0.626952955066797,-5.77372158134679,1.01157837429677,               1149P   9426
0.747563619957876,-5.76410946928557,0.916243135541231,              1149P   9427
0.850293194476806,-5.75502724260052,0.820881827886863,              1149P   9428
0.95305085983518,-5.74594253243034,0.706387198670293,               1149P   9429
1.0407575617902,-5.73750136349012,0.5823198420348,                  1149P   9430
1.10607576665099,-5.72876798627524,0.458281400341231,               1149P   9431
1.17137874855424,-5.72003664444744,0.321267173739595,               1149P   9432
1.21611138658879,-5.71067363532461,0.182629987780768,               1149P   9433
1.23658654673386,-5.70135970598241,0.0439938424940312,              1149P   9434
1.25706155318332,-5.6920458465547,-0.100129412419564,               1149P   9435
1.25384495042907,-5.68310561036201,-0.237759468976922,              1149P   9436
1.22717987064318,-5.67456771257975,-0.375416671945994,              1149P   9437
1.2005095313867,-5.66602813076645,-0.510344810940658,               1149P   9438
1.14965113904976,-5.65717611191276,-0.631329031996733,              1149P   9439
1.07885293407307,-5.64800172308282,-0.752287011557477,              1149P   9440
1.00807008523744,-5.63882932417916,-0.86266058286222,               1149P   9441
0.915405191784088,-5.62927070747471,-0.953327499220081,             1149P   9442
0.808496554866368,-5.62059712454124,-1.04403011177289,              1149P   9443
0.70154582727547,-5.6119201267579,-1.11747899180437,                1149P   9444
0.577408128589572,-5.60334285674946,-1.16755644824539,              1149P   9445
0.446443658439317,-5.59432796566199,-1.21761117217135,              1149P   9446
0.315538639227728,-5.585317166858,-1.2457091756851,                 1149P   9447
0.174210450358697,-5.57560711065235,-1.24953430832249,              1149P   9448
0.034117624844564,-5.56654275535542,-1.25336048465345,              1149P   9449
-0.106013425221414,-5.55747592683463,-1.23298861378374,             1149P   9450
-0.248791581550827,-5.54910085253532,-1.19010959295999,             1149P   9451
-0.382281515044341,-5.54041837440816,-1.1472374598925,              1149P   9452
-0.515750005741204,-5.53173729096754,-1.0806970396,                 1149P   9453
-0.643611206085529,-5.52242867002752,-0.996015892817456,            1149P   9454
-0.755282954431674,-5.51316891769465,-0.911331570215653,            1149P   9455
-0.866958890832681,-5.50390881809087,-0.80614044718217,             1149P   9456
-0.965552905229489,-5.49502798163572,-0.689178121430045,            1149P   9457
-1.04284875075063,-5.48643348746413,-0.572203126446339,             1149P   9458
-1.12015296887347,-5.47783806234631,-0.440252345618227,             1149P   9459
-1.17827208446568,-5.46885655398384,-0.30430061322817,              1149P   9460
-1.21239479411162,-5.45959696055115,-0.168381474962471,             1149P   9461
-1.2465093229141,-5.4503395870853,-0.0246996103354604,              1149P   9462
-1.25759253272675,-5.44078286076179,0.114882194099196,              1149P   9463
-1.24470963741708,-5.4321536623635,0.25451788511738,                1149P   9464
-1.2318217685708,-5.42352113259962,0.393862876210297,               1149P   9465
-1.19458380306715,-5.41499560860717,0.521296892021441,              1149P   9466
-1.13611159239262,-5.40603368176487,0.648685387380077,              1149P   9467
-1.0776602684607,-5.39707495619472,0.767689075970128,               1149P   9468
-0.996391952838869,-5.38742074235371,0.868490090007877,             1149P   9469
-0.899013327797819,-5.37840943073729,0.969322422849018,             1149P   9470
-0.801604447287205,-5.36939531931276,1.05471855859091,              1149P   9471
-0.685367529611429,-5.36097795789004,1.11753570417931,              1149P   9472
-0.560012455115459,-5.35220213476474,1.18033424104326,              1149P   9473
-0.434694515354268,-5.34342891135761,1.22230803244779,              1149P   9474
-0.296819486149327,-5.33399459330832,1.23999935603897,              1149P   9475
-0.157802398660266,-5.32469522973635,1.2466526976076,               1149P   9476
-0.105520942036964,-5.32119793108053,1.24999999999996,              1149P   9477
-0.0527117425440578,-5.31771441419243,1.24999999999997,             1149P   9478
-1.75185046956415E-013,-5.31434975127342,0.0,1.0,0.0,0.0,0.0,0,     1149P   9479
0;                                                                  1149P   9480
110,1.25,0.0,-5.31434975127342,1.25,0.0,-5.18565024872658,0,0;      1151P   9481
126,60,3,0,0,1,0,0.0,0.0,0.0,0.0,0.00935180968843263,               1153P   9482
0.00935180968843263,0.00935180968843263,0.0631668425843628,         1153P   9483
0.0631668425843628,0.0631668425843628,0.116962169812506,            1153P   9484
0.116962169812506,0.116962169812506,0.170771772679282,              1153P   9485
0.170771772679282,0.170771772679282,0.224570719563784,              1153P   9486
0.224570719563784,0.224570719563784,0.27836774635591,               1153P   9487
0.27836774635591,0.27836774635591,0.332177551603178,                1153P   9488
0.332177551603178,0.332177551603178,0.385973605309446,              1153P   9489
0.385973605309446,0.385973605309446,0.439791836608208,              1153P   9490
0.439791836608208,0.439791836608208,0.49358436894885,               1153P   9491
0.49358436894885,0.49358436894885,0.547391386490542,                1153P   9492
0.547391386490542,0.547391386490542,0.601191534645578,              1153P   9493
0.601191534645578,0.601191534645578,0.65499223301162,               1153P   9494
0.65499223301162,0.65499223301162,0.708801251615001,                1153P   9495
0.708801251615001,0.708801251615001,0.762595045682478,              1153P   9496
0.762595045682478,0.762595045682478,0.816410575097865,              1153P   9497
0.816410575097865,0.816410575097865,0.870205722549081,              1153P   9498
0.870205722549081,0.870205722549081,0.924017374858821,              1153P   9499
0.924017374858821,0.924017374858821,0.977814639339884,              1153P   9500
0.977814639339884,0.977814639339884,1.0,1.0,1.0,1.0,1.0,1.0,1.0,    1153P   9501
1.0,1.0,1.0,1.0,1.0,1.0,1.0,1.0,1.0,1.0,1.0,1.0,1.0,1.0,1.0,1.0,    1153P   9502
1.0,1.0,1.0,1.0,1.0,1.0,1.0,1.0,1.0,1.0,1.0,1.0,1.0,1.0,1.0,1.0,    1153P   9503
1.0,1.0,1.0,1.0,1.0,1.0,1.0,1.0,1.0,1.0,1.0,1.0,1.0,1.0,1.0,1.0,    1153P   9504
1.0,1.0,1.0,1.0,1.0,1.0,1.0,1.0,1.0,1.0,1.25,                       1153P   9505
-1.21253022312097E-014,-5.18565024872658,1.25,                      1153P   9506
-0.0246032436733116,-5.18722070755946,1.24927297255921,             1153P   9507
-0.0492187516791312,-5.18876704813184,1.24782060717428,             1153P   9508
-0.073781652944396,-5.19029690316257,1.23954390506278,              1153P   9509
-0.213760076333094,-5.19901520125375,1.20692116846335,              1153P   9510
-0.354261052758769,-5.20746268541003,1.15268045855652,              1153P   9511
-0.483557401413667,-5.21634362833004,1.09845859737264,              1153P   9512
-0.612808819405623,-5.2252214851099,1.02115305478169,               1153P   9513
-0.734430389414205,-5.23480235568978,0.927154803180765,             1153P   9514
-0.838381757279366,-5.24392361871148,0.833133372106666,             1153P   9515
-0.942358759003691,-5.25304713098854,0.719787004466659,             1153P   9516
-1.03153542051502,-5.26151847458674,0.596576444076225,              1153P   9517
-1.09845188623506,-5.27022647601561,0.473389275164149,              1153P   9518
-1.16535564788936,-5.27893282423369,0.336958889278434,              1153P   9519
-1.21185761134825,-5.28824814779481,0.198595557263826,              1153P   9520
-1.23412309136287,-5.29756636441044,0.0602377310017356,             1153P   9521
-1.2563876853897,-5.30688421023567,-0.0839073916392963,             1153P   9522
-1.25503469752893,-5.31591081901346,-0.221868973592212,             1153P   9523
-1.23015208757175,-5.32444780400475,-0.359862381246407,             1153P   9524
-1.20526373756361,-5.33298675835251,-0.495442557869167,             1153P   9525
-1.15615199893853,-5.34179080882542,-0.617335276851786,             1153P   9526
-1.08692095202656,-5.35094239152977,-0.739198796907562,             1153P   9527
-1.01770648914267,-5.36009178200808,-0.85075751999809,              1153P   9528
-0.926477722273786,-5.36969839314721,-0.942797303941089,            1153P   9529
-0.820751633371153,-5.3784014406533,-1.03487369747899,              1153P   9530
-0.7149834910312,-5.38710794986942,-1.10992262113109,               1153P   9531
-0.591803890365297,-5.39565209909425,-1.16168925821249,             1153P   9532
-0.461495468400261,-5.40463519065479,-1.21343236253801,             1153P   9533
-0.33124628374438,-5.41361419856393,-1.24335398141311,              1153P   9534
-0.190291025298498,-5.42329787753663,-1.24898907158202,             1153P   9535
-0.0502623026599632,-5.43240963514994,-1.25462555961575,            1153P   9536
0.0898011561085689,-5.44152365306522,-1.23610269280873,             1153P   9537
0.232825665717029,-5.44992453956616,-1.19495428992163,              1153P   9538
0.366857254252775,-5.45858190732686,-1.15381089122743,              1153P   9539
0.500872542765297,-5.46723822223652,-1.08892640412021,              1153P   9540
0.62958817724259,-5.47649930778264,-1.00569458508583,               1153P   9541
0.742346550829898,-5.48576332878825,-0.922462272868905,             1153P   9542
0.85510559255664,-5.49502740468696,-0.818560330816439,              1153P   9543
0.955046214934484,-5.50398767148635,-0.702609180570858,             1153P   9544
1.03384734819873,-5.51257571802573,-0.586640608555341,              1153P   9545
1.11266032140774,-5.52116505492722,-0.455445830174568,              1153P   9546
1.17248355587402,-5.53009706940052,-0.31994168976527,               1153P   9547
1.20836141743691,-5.53933709815489,-0.184473811517242,              1153P   9548
1.24422967775221,-5.5485746541921,-0.0409516101292962,              1153P   9549
1.25716800533022,-5.55819066873634,0.0987828543015374,              1153P   9550
1.24609066592124,-5.56684991688242,0.238571816640969,               1153P   9551
1.23500900623356,-5.57551254222622,0.378388802395293,               1153P   9552
1.19957532564954,-5.58400517068174,0.506569907772122,               1153P   9553
1.14275409801937,-5.59293548793202,0.634705025872949,               1153P   9554
1.08595325602615,-5.60186260127043,0.754750031965677,               1153P   9555
1.00622809069784,-5.61149059471159,0.856798895335688,               1153P   9556
0.910162432179853,-5.62054908425476,0.958877080254601,              1153P   9557
0.814069171258362,-5.62961017656032,1.04576690691051,               1153P   9558
0.698949942311342,-5.63803952142769,1.11019934490855,               1153P   9559
0.574419197594074,-5.6467875828373,1.17461527939291,                1153P   9560
0.449920349773979,-5.65553340354711,1.21836948307976,               1153P   9561
0.312593976099651,-5.66492215856235,1.23785627609422,               1153P   9562
0.173815533638796,-5.67423204094952,1.245931927399,                 1153P   9563
0.116303437671939,-5.67809021113645,1.24999999999995,               1153P   9564
0.0580861054524766,-5.68194253284217,1.24999999999996,              1153P   9565
2.33318124067431E-013,-5.68565024872657,0.0,1.0,0.0,0.0,0.0,0,0;    1153P   9566
110,1.25,0.0,-5.68565024872658,1.25,0.0,-5.81434975127342,0,0;      1155P   9567
102,4,1149,1151,1153,1155,0,0;                                      1157P   9568
142,0,1137,1147,1157,3,0,0;                                         1159P   9569
144,1137,1,0,1159,0,0;                                              1161P   9570
128,6,1,3,1,0,0,0,0,0,0.0,0.0,0.0,0.0,0.5,0.5,0.5,1.0,1.0,1.0,      1163P   9571
1.0,0.0,0.0,1.0,1.0,1.0,0.333333333333333,0.333333333333333,1.0,    1163P   9572
0.333333333333333,0.333333333333333,1.0,1.0,0.333333333333333,      1163P   9573
0.333333333333333,1.0,0.333333333333333,0.333333333333333,1.0,      1163P   9574
1.25,0.0,-6.58971854723588,1.25,2.5,-6.58971854723588,-1.25,2.5,    1163P   9575
-6.58971854723588,-1.25,1.53080849893419E-016,-6.58971854723588,    1163P   9576
-1.25,-2.5,-6.58971854723588,1.25,-2.5,-6.58971854723588,1.25,      1163P   9577
0.0,-6.58971854723588,1.25,0.0,0.486904019579106,1.25,2.5,          1163P   9578
0.486904019579105,-1.25,2.5,0.486904019579105,-1.25,                1163P   9579
1.53080849893419E-016,0.486904019579106,-1.25,-2.5,                 1163P   9580
0.486904019579105,1.25,-2.5,0.486904019579105,1.25,0.0,             1163P   9581
0.486904019579106,0.0,1.0,0.0,1.0,0,0;                              1163P   9582
126,1,1,1,0,1,0,0.0,0.0,1.0,1.0,1.0,1.0,0.650172892655185,          1165P   9583
0.0833333333333333,0.0,1.0,0.109567634650809,0.0,0.0,1.0,0.0,       1165P   9584
0.0,1.0,0,0;                                                        1165P   9585
126,1,1,1,0,1,0,0.0,0.0,1.0,1.0,1.0,1.0,1.0,0.109567634650809,      1167P   9586
0.0,1.0,0.127754206187119,0.0,0.0,1.0,0.0,0.0,1.0,0,0;              1167P   9587
126,1,1,1,0,1,0,0.0,0.0,1.0,1.0,1.0,1.0,1.0,0.127754206187119,      1169P   9588
0.0,0.349827107342425,0.0833333333335165,0.0,0.0,1.0,0.0,0.0,       1169P   9589
1.0,0,0;                                                            1169P   9590
126,1,1,1,0,1,0,0.0,0.0,1.0,1.0,1.0,1.0,0.349827107342425,          1171P   9591
0.0833333333335164,0.0,0.650172892655186,0.0833333333335164,0.0,    1171P   9592
0.0,1.0,0.0,0.0,1.0,0,0;                                            1171P   9593
102,4,1165,1167,1169,1171,0,0;                                      1173P   9594
126,24,3,0,0,1,0,0.0,0.0,0.0,0.0,0.0155090233836575,                1175P   9595
0.0155090233836575,0.0155090233836575,0.160584153158013,            1175P   9596
0.160584153158013,0.160584153158013,0.30559048885063,               1175P   9597
0.30559048885063,0.30559048885063,0.450633726654161,                1175P   9598
0.450633726654161,0.450633726654161,0.595661776966988,              1175P   9599
0.595661776966988,0.595661776966988,0.740688628173771,              1175P   9600
0.740688628173771,0.740688628173771,0.885741270450527,              1175P   9601
0.885741270450527,0.885741270450527,1.0,1.0,1.0,1.0,1.0,1.0,1.0,    1175P   9602
1.0,1.0,1.0,1.0,1.0,1.0,1.0,1.0,1.0,1.0,1.0,1.0,1.0,1.0,1.0,1.0,    1175P   9603
1.0,1.0,1.0,1.0,1.0,1.0,-0.860988801130018,-0.90619991410764,       1175P   9604
-6.0000000000013,-0.849996993434145,-0.916643330822858,             1175P   9605
-5.99904418358352,-0.838812967528239,-0.926888727907165,            1175P   9606
-5.99809544271528,-0.827447884055645,-0.936925823729838,            1175P   9607
-5.99715206620364,-0.722339455741596,-1.02975253893195,             1175P   9608
-5.98842737687897,-0.599697188260457,-1.10567789342199,             1175P   9609
-5.97990024939809,-0.469760044347732,-1.15837191813978,             1175P   9610
-5.97093479611786,-0.339881590212225,-1.21104214211456,             1175P   9611
-5.96197339233757,-0.199141728979921,-1.24196698208124,             1175P   9612
-5.95230568111979,-0.0591580707476902,-1.24859934433164,            1175P   9613
-5.94317007502076,0.0808582718566378,-1.25523325515278,             1175P   9614
-5.93403233587598,0.224008025396533,-1.2377308932363,               1175P   9615
-5.92561225324256,0.358328554282668,-1.19753941362516,              1175P   9616
-5.916967964251,0.492635697691918,-1.15735193922548,                1175P   9617
-5.9083245366909,0.621813247566929,-1.09338492773646,               1175P   9618
-5.89909012163769,0.735162688430396,-1.01095787327652,              1175P   9619
-5.88982536808664,0.848510864782387,-0.928531738361979,             1175P   9620
-5.88056071789196,0.949186570632229,-0.825347713002244,             1175P   9621
-5.87155602453519,1.02881178401757,-0.709962191293729,              1175P   9622
-5.86297014566953,1.10845075116472,-0.594556738901014,              1175P   9623
-5.85438278375437,1.16920911705809,-0.463788104164022,              1175P   9624
-5.84547771385091,1.20605193853443,-0.32854028909306,               1175P   9625
-5.8362494237012,1.23509242915073,-0.221934368399233,               1175P   9626
-5.82897544025589,1.25,-0.110504881697302,-5.82140342963562,        1175P   9627
1.25,2.03745816957837E-014,-5.81434975127342,0.0,1.0,0.0,0.0,       1175P   9628
0.0,0,0;                                                            1175P   9629
110,1.25,0.0,-5.81434975127342,1.25,0.0,-5.68565024872658,0,0;      1177P   9630
126,39,3,0,0,1,0,0.0,0.0,0.0,0.0,0.0502512493654089,                1179P   9631
0.0502512493654089,0.0502512493654089,0.135783573789154,            1179P   9632
0.135783573789154,0.135783573789154,0.221297286647947,              1179P   9633
0.221297286647947,0.221297286647947,0.30684534581595,               1179P   9634
0.30684534581595,0.30684534581595,0.392352882808534,                1179P   9635
0.392352882808534,0.392352882808534,0.47788664094661,               1179P   9636
0.47788664094661,0.47788664094661,0.563404110279913,                1179P   9637
0.563404110279913,0.563404110279913,0.648926996700908,              1179P   9638
0.648926996700908,0.648926996700908,0.734457318202451,              1179P   9639
0.734457318202451,0.734457318202451,0.819967431693855,              1179P   9640
0.819967431693855,0.819967431693855,0.905511204700281,              1179P   9641
0.905511204700281,0.905511204700281,0.991023007386637,              1179P   9642
0.991023007386637,0.991023007386637,1.0,1.0,1.0,1.0,1.0,1.0,1.0,    1179P   9643
1.0,1.0,1.0,1.0,1.0,1.0,1.0,1.0,1.0,1.0,1.0,1.0,1.0,1.0,1.0,1.0,    1179P   9644
1.0,1.0,1.0,1.0,1.0,1.0,1.0,1.0,1.0,1.0,1.0,1.0,1.0,1.0,1.0,1.0,    1179P   9645
1.0,1.0,1.0,1.0,1.0,1.24999999999996,2.33318124067431E-013,         1179P   9646
-5.68565024872657,1.24999999999998,-0.0825637998984239,             1179P   9647
-5.69092040946428,1.24173825462121,-0.165545637073878,              1179P   9648
-5.6959447360828,1.22545354026827,-0.246502780195183,               1179P   9649
-5.70097511419848,1.19780275807662,-0.383964714300441,              1179P   9650
-5.70951649150506,1.1459851844454,-0.518523747792054,               1179P   9651
-5.71839537844016,1.07432808761578,-0.63899856037383,               1179P   9652
-5.72758146669354,1.00268561385739,-0.759448787648033,              1179P   9653
-5.73676568034092,0.909235362800611,-0.869161275940876,             1179P   9654
-5.74629433889304,0.801682450717614,-0.959064777901577,             1179P   9655
-5.75495358335311,0.694087754041269,-1.0490032076127,               1179P   9656
-5.76361619195276,0.569431189823073,-1.12156458544689,              1179P   9657
-5.77221288682992,0.438114782068194,-1.17070723826811,              1179P   9658
-5.78124512949571,0.306857491014873,-1.219827767795,                1179P   9659
-5.79027330597966,0.16533357587738,-1.24691859075706,               1179P   9660
-5.79999640253475,0.0252151580651805,-1.24974565244443,             1179P   9661
-5.80903230638025,-0.114943270845215,-1.25257352140499,             1179P   9662
-5.8180707904464,-0.257575047114839,-1.23118379341944,              1179P   9663
-5.82643694965851,-0.390756777264155,-1.18735383985657,             1179P   9664
-5.83513396965469,-0.523914333521161,-1.14353184189373,             1179P   9665
-5.84382941104977,-0.651295517068777,-1.07608335831687,             1179P   9666
-5.85316369406376,-0.762360421263592,-0.990609200487644,            1179P   9667
-5.86241941631703,-0.873431452604631,-0.905130327283506,            1179P   9668
-5.87167564918311,-0.971276004831468,-0.799235924283489,            1179P   9669
-5.88051369440232,-1.04773647366743,-0.681724491086351,             1179P   9670
-5.88911307738148,-1.12420341474581,-0.564203110755814,             1179P   9671
-5.89771318828308,-1.18137901527247,-0.43184503129587,              1179P   9672
-5.9067222453631,-1.21453177147508,-0.295656178825332,              1179P   9673
-5.91599160559599,-1.24767709422472,-0.159497862380968,             1179P   9674
-5.92525888746916,-1.25773673233743,-0.0157379705008164,            1179P   9675
-5.934779697601,-1.24385932900146,0.123749624872277,                1179P   9676
-5.94339424832295,-1.22997663891027,0.26329035963729,               1179P   9677
-5.95201208085635,-1.19174686455386,0.402364757391039,              1179P   9678
-5.96055690868124,-1.13236893793681,0.529377548065552,              1179P   9679
-5.96953608549397,-1.07301198487207,0.656345475108735,              1179P   9680
-5.97851209066961,-0.990898737380268,0.774766848197001,             1179P   9681
-5.98817925814298,-0.892803106751803,0.874872912241732,             1179P   9682
-5.99716225523538,-0.882386880080205,0.88550261559968,              1179P   9683
-5.99811610948256,-0.871778725281105,0.895948308789436,             1179P   9684
-5.99906173880133,-0.860988801115074,0.906199914121837,-6.0,0.0,    1179P   9685
1.0,0.0,0.0,0.0,0,0;                                                1179P   9686
100,-6.0,0.0,0.0,0.860988801115073,-0.90619991412184,               1181P   9687
0.860988801130011,0.906199914107646,0,0;                            1181P   9688
102,4,1175,1177,1179,1181,0,0;                                      1183P   9689
142,0,1163,1173,1183,3,0,0;                                         1185P   9690
144,1163,1,0,1185,0,0;                                              1187P   9691
S      1G      7D   1188P   9691                                        T      1
