ISO-10303-21;
HEADER;
/* Generated by software containing ST-Developer
 * from STEP Tools, Inc. (www.steptools.com) 
 */
/* OPTION: using custom schema-name function */

FILE_DESCRIPTION(
/* description */ (''),
/* implementation_level */ '2;1');

FILE_NAME(
/* name */ 'M3x5.stp',
/* time_stamp */ '2016-10-04T18:39:49+02:00',
/* author */ (''),
/* organization */ (''),
/* preprocessor_version */ 'ST-DEVELOPER v16',
/* originating_system */ 'SIEMENS PLM Software NX 10.0',
/* authorisation */ '');

FILE_SCHEMA (('AUTOMOTIVE_DESIGN { 1 0 10303 214 3 1 1 1 }'));
ENDSEC;

DATA;
#10=CONSTRUCTIVE_GEOMETRY_REPRESENTATION_RELATIONSHIP(
'supplemental geometry','',#34,#11);
#11=CONSTRUCTIVE_GEOMETRY_REPRESENTATION('supplemental geometry',(#397),
#3369);
#12=GEOMETRICALLY_BOUNDED_WIREFRAME_SHAPE_REPRESENTATION('M3x5-None',(#35),
#3369);
#13=PROPERTY_DEFINITION_REPRESENTATION(#17,#15);
#14=PROPERTY_DEFINITION_REPRESENTATION(#18,#16);
#15=REPRESENTATION('',(#19),#3369);
#16=REPRESENTATION('',(#20),#3369);
#17=PROPERTY_DEFINITION('pmi validation property','',#25);
#18=PROPERTY_DEFINITION('pmi validation property','',#25);
#19=VALUE_REPRESENTATION_ITEM('number of annotations',COUNT_MEASURE(0.));
#20=VALUE_REPRESENTATION_ITEM('number of views',COUNT_MEASURE(0.));
#21=SHAPE_REPRESENTATION_RELATIONSHIP('None',
'relationship between M3x5-None and M3x5-None',#34,#23);
#22=SHAPE_REPRESENTATION_RELATIONSHIP('None',
'relationship between M3x5-None and M3x5-None',#34,#12);
#23=ADVANCED_BREP_SHAPE_REPRESENTATION('M3x5-None',(#41),#3369);
#24=SHAPE_DEFINITION_REPRESENTATION(#25,#34);
#25=PRODUCT_DEFINITION_SHAPE('','',#26);
#26=PRODUCT_DEFINITION(' ','',#28,#27);
#27=PRODUCT_DEFINITION_CONTEXT('part definition',#33,'design');
#28=PRODUCT_DEFINITION_FORMATION_WITH_SPECIFIED_SOURCE(' ',' ',#30,
 .NOT_KNOWN.);
#29=PRODUCT_RELATED_PRODUCT_CATEGORY('part','',(#30));
#30=PRODUCT('M3x5','M3x5',' ',(#31));
#31=PRODUCT_CONTEXT(' ',#33,'mechanical');
#32=APPLICATION_PROTOCOL_DEFINITION('international standard',
'automotive_design',2010,#33);
#33=APPLICATION_CONTEXT(
'core data for automotive mechanical design processes');
#34=SHAPE_REPRESENTATION('M3x5-None',(#394),#3369);
#35=GEOMETRIC_CURVE_SET('None',(#492,#493,#296,#297,#298,#299,#300,#301,
#302,#269,#270));
#36=SURFACE_STYLE_USAGE(.BOTH.,#37);
#37=SURFACE_SIDE_STYLE('',(#38));
#38=SURFACE_STYLE_FILL_AREA(#39);
#39=FILL_AREA_STYLE('',(#40));
#40=FILL_AREA_STYLE_COLOUR('',#393);
#41=MANIFOLD_SOLID_BREP('',#42);
#42=CLOSED_SHELL('',(#67,#68,#69,#70,#71,#72,#73,#74,#75,#76,#77,#78,#79,
#80,#81,#82,#83));
#43=B_SPLINE_SURFACE_WITH_KNOTS('',1,3,((#2224,#2225,#2226,#2227,#2228,
#2229,#2230,#2231,#2232,#2233,#2234,#2235,#2236,#2237,#2238,#2239,#2240,
#2241,#2242,#2243,#2244,#2245,#2246,#2247,#2248,#2249,#2250,#2251,#2252,
#2253,#2254,#2255,#2256,#2257,#2258,#2259,#2260,#2261,#2262,#2263,#2264,
#2265,#2266,#2267,#2268,#2269,#2270,#2271,#2272,#2273,#2274,#2275,#2276,
#2277,#2278,#2279,#2280,#2281,#2282,#2283,#2284,#2285,#2286,#2287,#2288,
#2289,#2290,#2291,#2292,#2293,#2294,#2295,#2296,#2297,#2298,#2299,#2300,
#2301,#2302,#2303,#2304,#2305,#2306,#2307),(#2308,#2309,#2310,#2311,#2312,
#2313,#2314,#2315,#2316,#2317,#2318,#2319,#2320,#2321,#2322,#2323,#2324,
#2325,#2326,#2327,#2328,#2329,#2330,#2331,#2332,#2333,#2334,#2335,#2336,
#2337,#2338,#2339,#2340,#2341,#2342,#2343,#2344,#2345,#2346,#2347,#2348,
#2349,#2350,#2351,#2352,#2353,#2354,#2355,#2356,#2357,#2358,#2359,#2360,
#2361,#2362,#2363,#2364,#2365,#2366,#2367,#2368,#2369,#2370,#2371,#2372,
#2373,#2374,#2375,#2376,#2377,#2378,#2379,#2380,#2381,#2382,#2383,#2384,
#2385,#2386,#2387,#2388,#2389,#2390,#2391)),.UNSPECIFIED.,.F.,.F.,.F.,(2,
2),(4,1,1,1,1,1,1,1,1,1,1,1,1,1,1,1,1,1,1,1,1,1,1,1,1,1,1,1,1,1,1,1,1,1,
1,1,1,1,1,1,1,1,1,1,1,1,1,1,1,1,1,1,1,1,1,1,1,1,1,1,1,1,1,1,1,1,1,1,1,1,
1,1,1,1,1,1,1,1,1,1,1,4),(0.,1.),(0.,0.0123834526066245,0.0247669052132491,
0.0371503578198736,0.0495338104264982,0.0619172630331227,0.0743007156397472,
0.0866841682463718,0.0990676208529963,0.111451073459621,0.123834526066245,
0.13621797867287,0.148601431279494,0.160984883886119,0.173368336492744,
0.185751789099368,0.198135241705993,0.210518694312617,0.222902146919242,
0.235285599525866,0.247669052132491,0.260052504739115,0.27243595734574,
0.284819409952364,0.297202862558989,0.309586315165614,0.321969767772238,
0.334353220378863,0.346736672985487,0.359120125592112,0.371503578198736,
0.383887030805361,0.396270483411985,0.40865393601861,0.421037388625234,
0.433420841231859,0.445804293838483,0.458187746445108,0.470571199051733,
0.482954651658357,0.495338104264982,0.507721556871606,0.520105009478231,
0.532488462084855,0.54487191469148,0.557255367298104,0.569638819904729,
0.582022272511353,0.594405725117978,0.606789177724603,0.619172630331227,
0.631556082937852,0.643939535544476,0.656322988151101,0.668706440757725,
0.68108989336435,0.693473345970974,0.705856798577599,0.718240251184223,
0.730623703790848,0.743007156397473,0.755390609004097,0.767774061610721,
0.780157514217346,0.792540966823971,0.804924419430595,0.81730787203722,
0.829691324643844,0.842074777250469,0.854458229857093,0.866841682463718,
0.879225135070342,0.891608587676967,0.903992040283591,0.916375492890216,
0.928758945496841,0.941142398103465,0.95352585071009,0.965909303316714,
0.978292755923339,0.990676208529963,1.),.UNSPECIFIED.);
#44=B_SPLINE_SURFACE_WITH_KNOTS('',1,3,((#2484,#2485,#2486,#2487,#2488,
#2489,#2490,#2491,#2492,#2493,#2494,#2495,#2496,#2497,#2498,#2499,#2500,
#2501,#2502,#2503,#2504,#2505,#2506,#2507,#2508,#2509,#2510,#2511,#2512,
#2513,#2514,#2515,#2516,#2517,#2518,#2519,#2520,#2521,#2522,#2523,#2524,
#2525,#2526,#2527,#2528,#2529,#2530,#2531,#2532,#2533,#2534,#2535,#2536,
#2537,#2538,#2539,#2540,#2541,#2542,#2543,#2544,#2545,#2546,#2547,#2548,
#2549,#2550,#2551,#2552,#2553,#2554,#2555,#2556,#2557,#2558,#2559,#2560,
#2561,#2562,#2563,#2564,#2565,#2566,#2567),(#2568,#2569,#2570,#2571,#2572,
#2573,#2574,#2575,#2576,#2577,#2578,#2579,#2580,#2581,#2582,#2583,#2584,
#2585,#2586,#2587,#2588,#2589,#2590,#2591,#2592,#2593,#2594,#2595,#2596,
#2597,#2598,#2599,#2600,#2601,#2602,#2603,#2604,#2605,#2606,#2607,#2608,
#2609,#2610,#2611,#2612,#2613,#2614,#2615,#2616,#2617,#2618,#2619,#2620,
#2621,#2622,#2623,#2624,#2625,#2626,#2627,#2628,#2629,#2630,#2631,#2632,
#2633,#2634,#2635,#2636,#2637,#2638,#2639,#2640,#2641,#2642,#2643,#2644,
#2645,#2646,#2647,#2648,#2649,#2650,#2651)),.UNSPECIFIED.,.F.,.F.,.F.,(2,
2),(4,1,1,1,1,1,1,1,1,1,1,1,1,1,1,1,1,1,1,1,1,1,1,1,1,1,1,1,1,1,1,1,1,1,
1,1,1,1,1,1,1,1,1,1,1,1,1,1,1,1,1,1,1,1,1,1,1,1,1,1,1,1,1,1,1,1,1,1,1,1,
1,1,1,1,1,1,1,1,1,1,1,4),(0.,1.),(0.,0.0123834526066245,0.0247669052132491,
0.0371503578198736,0.0495338104264982,0.0619172630331227,0.0743007156397472,
0.0866841682463718,0.0990676208529963,0.111451073459621,0.123834526066245,
0.13621797867287,0.148601431279494,0.160984883886119,0.173368336492744,
0.185751789099368,0.198135241705993,0.210518694312617,0.222902146919242,
0.235285599525866,0.247669052132491,0.260052504739115,0.27243595734574,
0.284819409952364,0.297202862558989,0.309586315165614,0.321969767772238,
0.334353220378863,0.346736672985487,0.359120125592112,0.371503578198736,
0.383887030805361,0.396270483411985,0.40865393601861,0.421037388625234,
0.433420841231859,0.445804293838483,0.458187746445108,0.470571199051733,
0.482954651658357,0.495338104264982,0.507721556871606,0.520105009478231,
0.532488462084855,0.54487191469148,0.557255367298104,0.569638819904729,
0.582022272511353,0.594405725117978,0.606789177724603,0.619172630331227,
0.631556082937852,0.643939535544476,0.656322988151101,0.668706440757725,
0.68108989336435,0.693473345970974,0.705856798577599,0.718240251184223,
0.730623703790848,0.743007156397473,0.755390609004097,0.767774061610721,
0.780157514217346,0.792540966823971,0.804924419430595,0.81730787203722,
0.829691324643844,0.842074777250469,0.854458229857093,0.866841682463718,
0.879225135070342,0.891608587676967,0.903992040283591,0.916375492890216,
0.928758945496841,0.941142398103465,0.95352585071009,0.965909303316714,
0.978292755923339,0.990676208529963,1.),.UNSPECIFIED.);
#45=B_SPLINE_SURFACE_WITH_KNOTS('',1,3,((#3199,#3200,#3201,#3202,#3203,
#3204,#3205,#3206,#3207,#3208,#3209,#3210,#3211,#3212,#3213,#3214,#3215,
#3216,#3217,#3218,#3219,#3220,#3221,#3222,#3223,#3224,#3225,#3226,#3227,
#3228,#3229,#3230,#3231,#3232,#3233,#3234,#3235,#3236,#3237,#3238,#3239,
#3240,#3241,#3242,#3243,#3244,#3245,#3246,#3247,#3248,#3249,#3250,#3251,
#3252,#3253,#3254,#3255,#3256,#3257,#3258,#3259,#3260,#3261,#3262,#3263,
#3264,#3265,#3266,#3267,#3268,#3269,#3270,#3271,#3272,#3273,#3274,#3275,
#3276,#3277,#3278,#3279,#3280,#3281,#3282),(#3283,#3284,#3285,#3286,#3287,
#3288,#3289,#3290,#3291,#3292,#3293,#3294,#3295,#3296,#3297,#3298,#3299,
#3300,#3301,#3302,#3303,#3304,#3305,#3306,#3307,#3308,#3309,#3310,#3311,
#3312,#3313,#3314,#3315,#3316,#3317,#3318,#3319,#3320,#3321,#3322,#3323,
#3324,#3325,#3326,#3327,#3328,#3329,#3330,#3331,#3332,#3333,#3334,#3335,
#3336,#3337,#3338,#3339,#3340,#3341,#3342,#3343,#3344,#3345,#3346,#3347,
#3348,#3349,#3350,#3351,#3352,#3353,#3354,#3355,#3356,#3357,#3358,#3359,
#3360,#3361,#3362,#3363,#3364,#3365,#3366)),.UNSPECIFIED.,.F.,.F.,.F.,(2,
2),(4,1,1,1,1,1,1,1,1,1,1,1,1,1,1,1,1,1,1,1,1,1,1,1,1,1,1,1,1,1,1,1,1,1,
1,1,1,1,1,1,1,1,1,1,1,1,1,1,1,1,1,1,1,1,1,1,1,1,1,1,1,1,1,1,1,1,1,1,1,1,
1,1,1,1,1,1,1,1,1,1,1,4),(0.,1.),(0.,0.0123834526066245,0.0247669052132491,
0.0371503578198736,0.0495338104264982,0.0619172630331227,0.0743007156397472,
0.0866841682463718,0.0990676208529963,0.111451073459621,0.123834526066245,
0.13621797867287,0.148601431279494,0.160984883886119,0.173368336492744,
0.185751789099368,0.198135241705993,0.210518694312617,0.222902146919242,
0.235285599525866,0.247669052132491,0.260052504739115,0.27243595734574,
0.284819409952364,0.297202862558989,0.309586315165614,0.321969767772238,
0.334353220378863,0.346736672985487,0.359120125592112,0.371503578198736,
0.383887030805361,0.396270483411985,0.40865393601861,0.421037388625234,
0.433420841231859,0.445804293838483,0.458187746445108,0.470571199051733,
0.482954651658357,0.495338104264982,0.507721556871606,0.520105009478231,
0.532488462084855,0.54487191469148,0.557255367298104,0.569638819904729,
0.582022272511353,0.594405725117978,0.606789177724603,0.619172630331227,
0.631556082937852,0.643939535544476,0.656322988151101,0.668706440757725,
0.68108989336435,0.693473345970974,0.705856798577599,0.718240251184223,
0.730623703790848,0.743007156397473,0.755390609004097,0.767774061610721,
0.780157514217346,0.792540966823971,0.804924419430595,0.81730787203722,
0.829691324643844,0.842074777250469,0.854458229857093,0.866841682463718,
0.879225135070342,0.891608587676967,0.903992040283591,0.916375492890216,
0.928758945496841,0.941142398103465,0.95352585071009,0.965909303316714,
0.978292755923339,0.990676208529963,1.),.UNSPECIFIED.);
#46=B_SPLINE_CURVE_WITH_KNOTS('',3,(#546,#547,#548,#549,#550,#551,#552),
 .UNSPECIFIED.,.F.,.F.,(4,3,4),(0.,0.648697637520071,1.),.UNSPECIFIED.);
#47=B_SPLINE_CURVE_WITH_KNOTS('',3,(#559,#560,#561,#562,#563,#564,#565),
 .UNSPECIFIED.,.F.,.F.,(4,3,4),(0.,0.597165506471568,1.),.UNSPECIFIED.);
#48=B_SPLINE_CURVE_WITH_KNOTS('',3,(#570,#571,#572,#573,#574,#575,#576,
#577,#578,#579,#580,#581,#582,#583,#584,#585,#586,#587,#588,#589,#590,#591,
#592,#593,#594,#595,#596,#597,#598,#599,#600,#601,#602,#603,#604,#605,#606,
#607,#608,#609,#610,#611,#612,#613,#614,#615,#616,#617,#618,#619,#620,#621,
#622,#623,#624,#625,#626,#627,#628,#629,#630,#631,#632,#633,#634,#635,#636,
#637,#638,#639,#640,#641,#642,#643,#644,#645,#646,#647,#648,#649,#650,#651,
#652,#653,#654,#655,#656,#657,#658,#659,#660,#661,#662,#663,#664,#665,#666,
#667,#668,#669,#670,#671,#672,#673,#674,#675,#676,#677,#678,#679,#680,#681,
#682,#683,#684,#685,#686,#687,#688,#689,#690,#691,#692,#693,#694,#695,#696,
#697,#698,#699,#700,#701,#702,#703,#704,#705,#706,#707,#708,#709,#710,#711,
#712,#713,#714,#715,#716,#717,#718,#719,#720,#721,#722,#723,#724,#725,#726,
#727,#728,#729,#730,#731,#732,#733,#734,#735,#736,#737,#738,#739,#740,#741,
#742,#743,#744,#745,#746,#747,#748,#749,#750,#751,#752,#753,#754,#755,#756,
#757,#758,#759,#760,#761,#762,#763,#764,#765,#766,#767,#768,#769,#770,#771,
#772,#773,#774,#775,#776,#777,#778,#779,#780,#781,#782,#783,#784,#785,#786,
#787,#788,#789,#790,#791,#792,#793,#794,#795,#796,#797,#798,#799,#800,#801,
#802,#803,#804,#805,#806,#807,#808,#809,#810,#811,#812,#813,#814,#815,#816,
#817,#818,#819,#820,#821,#822,#823,#824,#825,#826,#827,#828,#829,#830,#831,
#832,#833,#834,#835,#836,#837,#838,#839,#840,#841,#842,#843,#844,#845,#846,
#847,#848,#849,#850,#851,#852,#853,#854,#855,#856,#857,#858,#859,#860,#861,
#862,#863,#864,#865,#866,#867,#868,#869,#870,#871,#872,#873,#874,#875,#876,
#877,#878,#879,#880,#881,#882,#883,#884,#885,#886,#887,#888,#889,#890,#891,
#892,#893,#894,#895,#896,#897,#898,#899,#900,#901,#902,#903,#904,#905,#906,
#907,#908,#909,#910,#911,#912,#913,#914,#915,#916,#917,#918,#919,#920,#921,
#922,#923,#924,#925,#926,#927,#928,#929,#930,#931,#932,#933,#934,#935,#936,
#937,#938,#939,#940,#941,#942,#943,#944,#945,#946,#947,#948,#949,#950,#951,
#952,#953,#954,#955,#956,#957,#958,#959,#960,#961,#962,#963,#964,#965,#966,
#967,#968,#969,#970,#971,#972,#973,#974,#975,#976,#977,#978,#979,#980,#981,
#982,#983,#984,#985,#986,#987,#988,#989,#990,#991,#992,#993,#994,#995,#996,
#997,#998,#999,#1000,#1001,#1002,#1003,#1004,#1005,#1006,#1007,#1008,#1009,
#1010,#1011,#1012,#1013,#1014,#1015,#1016,#1017,#1018,#1019,#1020,#1021,
#1022,#1023,#1024,#1025,#1026,#1027,#1028,#1029,#1030,#1031,#1032,#1033,
#1034,#1035,#1036,#1037,#1038,#1039,#1040,#1041,#1042,#1043,#1044,#1045,
#1046,#1047,#1048,#1049,#1050,#1051,#1052,#1053,#1054,#1055,#1056,#1057,
#1058,#1059,#1060,#1061,#1062,#1063,#1064,#1065,#1066,#1067,#1068,#1069,
#1070,#1071,#1072,#1073,#1074,#1075,#1076,#1077,#1078,#1079,#1080,#1081,
#1082,#1083),.UNSPECIFIED.,.F.,.F.,(4,3,3,3,3,3,3,3,3,3,3,3,3,3,3,3,3,3,
3,3,3,3,3,3,3,3,3,3,3,3,3,3,3,3,3,3,3,3,3,3,3,3,3,3,3,3,3,3,3,3,3,3,3,3,
3,3,3,3,3,3,3,3,3,3,3,3,3,3,3,3,3,3,3,3,3,3,3,3,3,3,3,3,3,3,3,3,3,3,3,3,
3,3,3,3,3,3,3,3,3,3,3,3,3,3,3,3,3,3,3,3,3,3,3,3,3,3,3,3,3,3,3,3,3,3,3,3,
3,3,3,3,3,3,3,3,3,3,3,3,3,3,3,3,3,3,3,3,3,3,3,3,3,3,3,3,3,3,3,3,3,3,3,3,
3,3,3,3,3,3,3,3,3,4),(0.,0.00572350196946206,0.01158376513547,0.0174431341166903,
0.0233047287761024,0.0291643962744866,0.0350255823702475,0.0408851931975271,
0.0467453480808027,0.0526059041250046,0.0584655696535604,0.0643267978614668,
0.0701862351803067,0.0760475976453958,0.0819074244092827,0.0877678063953188,
0.0936279753629096,0.0994874070687669,0.105348891304677,0.111208542207068,
0.11706985359746,0.122929423837613,0.128789743699157,0.13465015345849,0.140509888019336,
0.146370981942451,0.152230389342811,0.158091912775521,0.163951694516298,
0.169812210924692,0.175672249386531,0.181531765519026,0.187393114800923,
0.193252740992016,0.199114157052195,0.204973695838126,0.210834185948569,
0.216694460190339,0.222554278853112,0.228415221299742,0.234274587711328,
0.240136238234569,0.245995983841788,0.251856635172589,0.257716555142671,
0.26357617269266,0.269437367815443,0.275296967074042,0.281158437964913,
0.287017950895635,0.292878614406946,0.298738765056617,0.304598679226428,
0.310459458862027,0.316318792723046,0.322180504142854,0.328040221441456,
0.333901008611709,0.339760824590767,0.345620559064338,0.351481589113148,
0.357341174314906,0.363202641881493,0.369062133818503,0.374922974625769,
0.380783017127206,0.386643037716268,0.39250365155667,0.398362972801941,
0.40422468661224,0.410084382822639,0.415945307561746,0.421805036570852,
0.427664902927397,0.433525765342103,0.439385356357734,0.445246774145886,
0.451106248342429,0.456967269759706,0.462827221695018,0.468687358821746,
0.474547810789541,0.480407144735213,0.486268813641767,0.492128493989332,
0.497989556823972,0.503849216551096,0.509709228437433,0.51556992706162,
0.521429546749038,0.527290878391427,0.533150335110112,0.539011537395532,
0.544871416548211,0.550731678781151,0.556591977629959,0.562451351119156,
0.568312937337795,0.574172603595169,0.58003380110492,0.585893407950078,
0.591753576867806,0.597614119819752,0.603473790635672,0.609335008013527,
0.615194443196489,0.621055820403782,0.626915642829116,0.632776036410022,
0.638636193594914,0.644495631856909,0.650357105302498,0.656216754490412,
0.662078075987382,0.667937643233723,0.673797977736794,0.679658375338832,
0.685518116700072,0.691379198123702,0.697238602338469,0.703100138650109,
0.708959916976788,0.714820445124994,0.720680472849757,0.726539997189887,
0.732401333794952,0.738260957421367,0.744122380886384,0.749981917243833,
0.755842422288653,0.761702685306932,0.767562511840707,0.77342344051321,
0.779282803550917,0.785144462010184,0.79100420487576,0.796864867958369,
0.802724778308006,0.80858440541592,0.81444558654137,0.82030518396474,0.826166656718201,
0.832026167673309,0.837886846431954,0.843746987067598,0.849606910069389,
0.855467675350295,0.861327007245261,0.867188721043335,0.873048436269277,
0.878909235332525,0.884769043093073,0.890628788454291,0.896489803978457,
0.902349388853103,0.908210853808838,0.914070344135509,0.919931200530966,
0.925791234486074,0.931651264826766,0.937511864407656,0.943371185729868,
0.949232897393555,0.955092592084816,0.960953528845071,0.966813251171919,
0.972673129663926,0.97853397766379,0.984393570270465,0.990254981918369,
0.996114454665929,1.),.UNSPECIFIED.);
#49=B_SPLINE_CURVE_WITH_KNOTS('',3,(#1087,#1088,#1089,#1090,#1091,#1092,
#1093,#1094,#1095,#1096,#1097,#1098,#1099,#1100,#1101,#1102,#1103,#1104,
#1105,#1106,#1107,#1108,#1109,#1110,#1111,#1112,#1113,#1114,#1115,#1116,
#1117,#1118,#1119,#1120,#1121,#1122,#1123,#1124,#1125,#1126,#1127,#1128,
#1129,#1130,#1131,#1132,#1133,#1134,#1135,#1136,#1137,#1138,#1139,#1140,
#1141,#1142,#1143,#1144,#1145,#1146,#1147,#1148,#1149,#1150,#1151,#1152,
#1153,#1154,#1155,#1156,#1157,#1158,#1159,#1160,#1161,#1162,#1163,#1164,
#1165,#1166,#1167,#1168,#1169,#1170,#1171,#1172,#1173,#1174,#1175,#1176,
#1177,#1178,#1179,#1180,#1181,#1182,#1183,#1184,#1185,#1186,#1187,#1188,
#1189,#1190,#1191,#1192,#1193,#1194,#1195,#1196,#1197,#1198,#1199,#1200,
#1201,#1202,#1203,#1204,#1205,#1206,#1207,#1208,#1209,#1210,#1211,#1212,
#1213,#1214,#1215,#1216,#1217,#1218,#1219,#1220,#1221,#1222,#1223,#1224,
#1225,#1226,#1227,#1228,#1229,#1230,#1231,#1232,#1233,#1234,#1235,#1236,
#1237,#1238,#1239,#1240,#1241,#1242,#1243,#1244,#1245,#1246,#1247,#1248,
#1249,#1250,#1251,#1252,#1253,#1254,#1255,#1256,#1257,#1258,#1259,#1260,
#1261,#1262,#1263,#1264,#1265,#1266,#1267,#1268,#1269,#1270,#1271,#1272,
#1273,#1274,#1275,#1276,#1277,#1278,#1279,#1280,#1281,#1282,#1283,#1284,
#1285,#1286,#1287,#1288,#1289,#1290,#1291,#1292,#1293,#1294,#1295,#1296,
#1297,#1298,#1299,#1300,#1301,#1302,#1303,#1304,#1305,#1306,#1307,#1308,
#1309,#1310,#1311,#1312,#1313,#1314,#1315,#1316,#1317,#1318,#1319,#1320,
#1321,#1322,#1323,#1324,#1325,#1326,#1327,#1328,#1329,#1330,#1331,#1332,
#1333,#1334,#1335,#1336,#1337,#1338,#1339,#1340,#1341,#1342,#1343,#1344,
#1345,#1346,#1347,#1348,#1349,#1350,#1351,#1352,#1353,#1354,#1355,#1356,
#1357,#1358,#1359,#1360,#1361,#1362,#1363,#1364,#1365,#1366,#1367,#1368,
#1369,#1370,#1371,#1372,#1373,#1374,#1375,#1376,#1377,#1378,#1379,#1380,
#1381,#1382,#1383,#1384,#1385,#1386,#1387,#1388,#1389,#1390,#1391,#1392,
#1393,#1394,#1395,#1396,#1397,#1398,#1399,#1400,#1401,#1402,#1403,#1404,
#1405,#1406,#1407,#1408,#1409,#1410,#1411,#1412,#1413,#1414,#1415,#1416,
#1417,#1418,#1419,#1420,#1421,#1422,#1423,#1424,#1425,#1426,#1427,#1428,
#1429,#1430,#1431,#1432,#1433,#1434,#1435,#1436,#1437,#1438,#1439,#1440,
#1441,#1442,#1443,#1444,#1445,#1446,#1447,#1448,#1449,#1450,#1451,#1452,
#1453,#1454,#1455,#1456,#1457,#1458,#1459,#1460,#1461,#1462,#1463,#1464,
#1465,#1466,#1467,#1468,#1469,#1470,#1471,#1472,#1473,#1474,#1475,#1476,
#1477,#1478,#1479,#1480,#1481,#1482,#1483,#1484,#1485,#1486,#1487,#1488,
#1489,#1490,#1491,#1492,#1493,#1494,#1495,#1496,#1497,#1498,#1499,#1500,
#1501,#1502,#1503,#1504,#1505,#1506,#1507,#1508,#1509,#1510,#1511,#1512,
#1513,#1514,#1515,#1516,#1517,#1518,#1519,#1520,#1521,#1522,#1523,#1524,
#1525,#1526,#1527,#1528,#1529,#1530,#1531,#1532,#1533,#1534,#1535,#1536,
#1537,#1538,#1539,#1540,#1541,#1542,#1543,#1544,#1545,#1546,#1547,#1548,
#1549,#1550,#1551,#1552,#1553,#1554,#1555,#1556,#1557,#1558,#1559,#1560,
#1561,#1562,#1563,#1564,#1565,#1566,#1567,#1568,#1569,#1570,#1571,#1572,
#1573,#1574,#1575,#1576,#1577,#1578,#1579,#1580,#1581,#1582,#1583,#1584,
#1585,#1586,#1587,#1588,#1589,#1590,#1591,#1592,#1593,#1594,#1595,#1596,
#1597,#1598,#1599,#1600,#1601,#1602,#1603,#1604,#1605,#1606,#1607,#1608,
#1609,#1610,#1611,#1612,#1613,#1614,#1615,#1616,#1617,#1618,#1619,#1620,
#1621,#1622,#1623,#1624,#1625,#1626,#1627,#1628,#1629,#1630,#1631,#1632,
#1633,#1634,#1635,#1636,#1637,#1638,#1639,#1640,#1641,#1642,#1643,#1644,
#1645),.UNSPECIFIED.,.F.,.F.,(4,3,3,3,3,3,3,3,3,3,3,3,3,3,3,3,3,3,3,3,3,
3,3,3,3,3,3,3,3,3,3,3,3,3,3,3,3,3,3,3,3,3,3,3,3,3,3,3,3,3,3,3,3,3,3,3,3,
3,3,3,3,3,3,3,3,3,3,3,3,3,3,3,3,3,3,3,3,3,3,3,3,3,3,3,3,3,3,3,3,3,3,3,3,
3,3,3,3,3,3,3,3,3,3,3,3,3,3,3,3,3,3,3,3,3,3,3,3,3,3,3,3,3,3,3,3,3,3,3,3,
3,3,3,3,3,3,3,3,3,3,3,3,3,3,3,3,3,3,3,3,3,3,3,3,3,3,3,3,3,3,3,3,3,3,3,3,
3,3,3,3,3,3,3,3,3,3,3,3,3,3,3,3,3,3,3,3,3,4),(0.,0.00525130390848334,0.0106274905857872,
0.0160053969969035,0.0213814570805705,0.026758940241239,0.032135416869018,
0.0375120822728554,0.0428890104925705,0.0482649302072339,0.0536429834092845,
0.0590192170537464,0.0643967332419904,0.0697729437064864,0.075149497067548,
0.0805266513904461,0.0859028345623361,0.0912805749949525,0.0966566030222084,
0.10203425105407,0.107410662502456,0.112787443382157,0.118164232103216,
0.123540190562045,0.128918164796625,0.134294385452167,0.13967202456675,
0.145048187907987,0.150424886277858,0.155801898672875,0.161178130727631,
0.166555764056885,0.171931771683357,0.177309579203234,0.182685939949319,
0.188062841776796,0.19343950165631,0.198815521724156,0.204193390016232,
0.209569594451225,0.21494734582121,0.22032347385242,0.22570032476692,0.231077204812441,
0.236453503175985,0.241831010015083,0.247206988047019,0.252584939419027,
0.257961260657106,0.263338286074117,0.268714828291104,0.274090929063626,
0.279468669817719,0.284844849993244,0.29022269159336,0.295598791866514,
0.30097579955482,0.306352557139846,0.311728934773387,0.317106300150699,
0.32248224044236,0.327860298219451,0.333236587648994,0.338613736898043,
0.343990172659245,0.349366369172913,0.354743965941559,0.360120122957039,
0.365498003932806,0.370874081382233,0.376251248797946,0.381627895430696,
0.387004362604818,0.392381577522201,0.397757490836365,0.403135593520841,
0.408511858304256,0.413889132473282,0.419265475637695,0.424641782072773,
0.430019226408167,0.435395373589459,0.440773242703051,0.446149301603598,
0.451526632360676,0.456903182709915,0.462279749348407,0.467656812398279,
0.473032718252121,0.478410814210715,0.483787060730092,0.489164461361384,
0.494540727796808,0.49991715770837,0.505294448513615,0.510670604874214,
0.516048421370667,0.521424464288473,0.526801961093441,0.532178431464048,
0.537555106637471,0.542932022404128,0.548307944541327,0.553685992151456,
0.559062224704776,0.564439751809657,0.569815957658551,0.575192523255399,
0.580569664946691,0.585945851607701,0.591323583677663,0.596699610195123,
0.602077272449427,0.607453678990628,0.612830470211839,0.618207247341093,
0.623583210309736,0.628961176362048,0.634337395837499,0.639715045267802,
0.645091205159652,0.65046791653881,0.655844917085846,0.661221154288125,
0.666598777367813,0.671974782895563,0.677352603706069,0.682728960665481,
0.688105873183718,0.693482522443671,0.698858548850438,0.704236406893199,
0.709612609627383,0.714990369945833,0.720366495363811,0.725743359789526,
0.731120228849347,0.736496533674217,0.741874028803309,0.747250003683346,
0.752627966425122,0.758004284653036,0.7633813208401,0.768757853383053,0.774133961928327,
0.779511690771715,0.784887868658443,0.790265716024892,0.795641814159548,
0.801018835606116,0.806395583087997,0.811771968119443,0.817149320714443,
0.822525258102327,0.827903322132119,0.833279609174426,0.838656769233551,
0.844033196403782,0.849409401929174,0.854786985721946,0.86016314128001,
0.865541023128762,0.870917098847441,0.876294280323209,0.88167091801759,
0.887047393468014,0.892424595198094,0.897800507037214,0.903178611061905,
0.908554874060452,0.913932159178896,0.919308495073167,0.924684811730497,
0.930062242728279,0.935438389931425,0.940816255986715,0.946192313464925,
0.951569658582628,0.95694620136853,0.962322777113839,0.96769982716355,0.973075733488302,
0.978453826800818,0.983830072010268,0.989207483686319,0.994583744267199,
1.),.UNSPECIFIED.);
#50=B_SPLINE_CURVE_WITH_KNOTS('',3,(#1647,#1648,#1649,#1650,#1651,#1652,
#1653,#1654,#1655,#1656,#1657,#1658,#1659,#1660,#1661,#1662,#1663,#1664,
#1665),.UNSPECIFIED.,.F.,.F.,(4,3,3,3,3,3,4),(0.,0.155422752121808,0.323003437274882,
0.501596367061658,0.676960185783599,0.868334476546068,1.),.UNSPECIFIED.);
#51=B_SPLINE_CURVE_WITH_KNOTS('',3,(#1669,#1670,#1671,#1672,#1673,#1674,
#1675,#1676,#1677,#1678,#1679,#1680,#1681,#1682,#1683,#1684,#1685,#1686,
#1687,#1688,#1689,#1690),.UNSPECIFIED.,.F.,.F.,(4,3,3,3,3,3,3,4),(0.,0.00101998588669759,
0.209741133104843,0.403334590511888,0.597065347356041,0.781284558882411,
0.957540560410345,1.),.UNSPECIFIED.);
#52=B_SPLINE_CURVE_WITH_KNOTS('',1,(#1692,#1693),.UNSPECIFIED.,.F.,.F.,
(2,2),(0.,1.),.UNSPECIFIED.);
#53=B_SPLINE_CURVE_WITH_KNOTS('',3,(#1695,#1696,#1697,#1698,#1699,#1700,
#1701,#1702,#1703,#1704,#1705,#1706,#1707,#1708,#1709,#1710,#1711,#1712,
#1713,#1714,#1715,#1716,#1717,#1718,#1719,#1720,#1721,#1722,#1723,#1724,
#1725,#1726,#1727,#1728,#1729,#1730,#1731,#1732,#1733,#1734,#1735,#1736,
#1737,#1738,#1739,#1740,#1741,#1742,#1743,#1744,#1745,#1746,#1747,#1748,
#1749,#1750,#1751,#1752,#1753,#1754,#1755,#1756,#1757,#1758,#1759,#1760,
#1761,#1762,#1763,#1764,#1765,#1766,#1767,#1768,#1769,#1770,#1771,#1772,
#1773,#1774,#1775,#1776,#1777,#1778,#1779,#1780,#1781,#1782,#1783,#1784,
#1785,#1786,#1787,#1788,#1789,#1790,#1791,#1792,#1793,#1794,#1795,#1796,
#1797,#1798,#1799,#1800,#1801,#1802,#1803,#1804,#1805,#1806,#1807,#1808,
#1809,#1810,#1811,#1812,#1813,#1814,#1815,#1816,#1817,#1818,#1819,#1820,
#1821,#1822,#1823,#1824,#1825,#1826,#1827,#1828,#1829,#1830,#1831,#1832,
#1833,#1834,#1835,#1836,#1837,#1838,#1839,#1840,#1841,#1842,#1843,#1844,
#1845,#1846,#1847,#1848,#1849,#1850,#1851,#1852,#1853,#1854,#1855,#1856,
#1857,#1858,#1859,#1860,#1861,#1862,#1863,#1864,#1865,#1866,#1867,#1868,
#1869,#1870,#1871,#1872,#1873,#1874,#1875,#1876,#1877,#1878,#1879,#1880,
#1881,#1882,#1883,#1884,#1885,#1886,#1887,#1888,#1889,#1890,#1891,#1892,
#1893,#1894,#1895,#1896,#1897,#1898,#1899,#1900,#1901,#1902,#1903,#1904,
#1905,#1906,#1907,#1908,#1909,#1910,#1911,#1912,#1913,#1914,#1915,#1916,
#1917,#1918,#1919,#1920,#1921,#1922,#1923,#1924,#1925,#1926,#1927,#1928,
#1929,#1930,#1931,#1932,#1933,#1934,#1935,#1936,#1937,#1938,#1939,#1940,
#1941,#1942,#1943,#1944,#1945,#1946,#1947,#1948,#1949,#1950,#1951,#1952,
#1953,#1954,#1955,#1956,#1957,#1958,#1959,#1960,#1961,#1962,#1963,#1964,
#1965,#1966,#1967,#1968,#1969,#1970,#1971,#1972,#1973,#1974,#1975,#1976,
#1977,#1978,#1979,#1980,#1981,#1982,#1983,#1984,#1985,#1986,#1987,#1988,
#1989,#1990,#1991,#1992,#1993,#1994,#1995,#1996,#1997,#1998,#1999,#2000,
#2001,#2002,#2003,#2004,#2005,#2006,#2007,#2008,#2009,#2010,#2011,#2012,
#2013,#2014,#2015,#2016,#2017,#2018,#2019,#2020,#2021,#2022,#2023,#2024,
#2025,#2026,#2027,#2028,#2029,#2030,#2031,#2032,#2033,#2034,#2035,#2036,
#2037,#2038,#2039,#2040,#2041,#2042,#2043,#2044,#2045,#2046,#2047,#2048,
#2049,#2050,#2051,#2052,#2053,#2054,#2055,#2056,#2057,#2058,#2059,#2060,
#2061,#2062,#2063,#2064,#2065,#2066,#2067,#2068,#2069,#2070,#2071,#2072,
#2073,#2074,#2075,#2076,#2077,#2078,#2079,#2080,#2081,#2082,#2083,#2084,
#2085,#2086,#2087,#2088,#2089,#2090,#2091,#2092,#2093,#2094,#2095,#2096,
#2097,#2098,#2099,#2100,#2101,#2102,#2103,#2104,#2105,#2106,#2107,#2108,
#2109,#2110,#2111,#2112,#2113,#2114,#2115,#2116,#2117,#2118,#2119,#2120,
#2121,#2122,#2123,#2124,#2125,#2126,#2127,#2128,#2129,#2130,#2131,#2132,
#2133,#2134,#2135,#2136,#2137,#2138,#2139,#2140,#2141,#2142,#2143,#2144,
#2145,#2146,#2147,#2148,#2149,#2150,#2151,#2152,#2153,#2154,#2155,#2156,
#2157,#2158,#2159,#2160,#2161,#2162,#2163,#2164,#2165,#2166,#2167,#2168,
#2169,#2170,#2171,#2172,#2173,#2174,#2175,#2176,#2177,#2178,#2179,#2180,
#2181,#2182,#2183,#2184,#2185,#2186,#2187,#2188,#2189,#2190,#2191,#2192,
#2193,#2194,#2195,#2196,#2197,#2198,#2199,#2200,#2201,#2202,#2203,#2204,
#2205,#2206,#2207,#2208,#2209,#2210,#2211,#2212,#2213,#2214,#2215,#2216,
#2217,#2218,#2219,#2220,#2221,#2222,#2223),.UNSPECIFIED.,.F.,.F.,(4,3,3,
3,3,3,3,3,3,3,3,3,3,3,3,3,3,3,3,3,3,3,3,3,3,3,3,3,3,3,3,3,3,3,3,3,3,3,3,
3,3,3,3,3,3,3,3,3,3,3,3,3,3,3,3,3,3,3,3,3,3,3,3,3,3,3,3,3,3,3,3,3,3,3,3,
3,3,3,3,3,3,3,3,3,3,3,3,3,3,3,3,3,3,3,3,3,3,3,3,3,3,3,3,3,3,3,3,3,3,3,3,
3,3,3,3,3,3,3,3,3,3,3,3,3,3,3,3,3,3,3,3,3,3,3,3,3,3,3,3,3,3,3,3,3,3,3,3,
3,3,3,3,3,3,3,3,3,3,3,3,3,3,3,3,3,3,3,3,3,3,3,3,3,3,3,3,3,4),(0.,0.00530481768521481,
0.0109879220406268,0.0166716444111265,0.0223558539693892,0.0280392134590214,
0.033724532466186,0.0394074327671414,0.0450923496992459,0.0507756619277758,
0.0564598351985816,0.0621438364613138,0.0678269503186024,0.0735120145743812,
0.0791951847414217,0.084880548134362,0.0905635356073091,0.0962474415921035,
0.101931475255107,0.107614915241296,0.113300028783069,0.118982953648355,
0.124668031306323,0.13035125156988,0.136035626664985,0.141719414493251,
0.147402605178058,0.153087507821489,0.158770696739341,0.164456183048145,
0.170139086813759,0.175823191743929,0.181507055002867,0.187190597402699,
0.192875488273164,0.198558435697179,0.204243635745012,0.209926794411206,
0.215611382132638,0.221294969361344,0.226978259598199,0.232662989500683,
0.238346202979095,0.244031759966539,0.249714617593423,0.255398932904031,
0.261082635508169,0.266766305076626,0.272450967974324,0.278133942382964,
0.283819213684846,0.289502343574337,0.295187148303705,0.300870551914182,
0.306553966558838,0.312238520497833,0.317921769563535,0.323607330096455,
0.329290178636167,0.334974708375953,0.34065826329312,0.346342084546692,
0.352026520433563,0.357709530728548,0.3633948062895,0.369077937154321,0.37476295329504,
0.380446193250824,0.386129756101512,0.391814133907229,0.397497432535395,
0.403182911734214,0.408865781205804,0.414550518535985,0.420233940900546,
0.425917934902528,0.431602146694401,0.437285204067114,0.442970399328899,
0.448653550667459,0.454338759407389,0.460021857618441,0.465705588384778,
0.471389789593374,0.477073152529241,0.482758462469309,0.488441364142487,
0.494126289464495,0.49980959677416,0.505493779373274,0.511177770339063,
0.516860887442944,0.522545944509301,0.528229115583629,0.533914485855397,
0.539597468606203,0.545281383755611,0.550965409219675,0.556648853588577,
0.562333956882787,0.568016882857528,0.573701967330843,0.579385183997754,
0.585069569028281,0.590753347058619,0.596436541976692,0.60212143663937,
0.607804626592839,0.613490117593552,0.619173018352939,0.624857133104905,
0.630540988539136,0.636224536455133,0.641909416606241,0.647592365217854,
0.653277569967601,0.658960726576994,0.664645324614842,0.670328902766951,
0.676012198393047,0.681696920026274,0.687380134962629,0.693065693816082,
0.698748550252611,0.704432875772545,0.71011657110325,0.715800247382508,
0.721484899504552,0.727167875439243,0.73285314864529,0.738536278009237,
0.744221093042817,0.749904488466002,0.755587909678915,0.761272455304534,
0.766955706443419,0.772641265235595,0.778324114226068,0.784008654123126,
0.78969220244413,0.795376031511029,0.80106045674435,0.806743469061808,0.812428742904241,
0.818111874466577,0.823796900339502,0.829480133110361,0.835163703578468,
0.840848073074229,0.846531374472784,0.852216847419692,0.85789971846327,
0.863584465301347,0.869267881825767,0.874951884503794,0.88063608577633,
0.886319145724738,0.8920043353007,0.897687487765218,0.903372705000916,0.909055797130563,
0.91473953633377,0.920423729198222,0.926107095622715,0.931792396422834,
0.937475299451301,0.943160233102697,0.948843535552883,0.954527727515995,
0.960211708206755,0.965894828602356,0.971579878430014,0.97726305041389,
0.982948427477081,0.988631405585804,0.994315330201836,1.),.UNSPECIFIED.);
#54=B_SPLINE_CURVE_WITH_KNOTS('',1,(#2392,#2393),.UNSPECIFIED.,.F.,.F.,
(2,2),(0.,1.),.UNSPECIFIED.);
#55=B_SPLINE_CURVE_WITH_KNOTS('',1,(#2395,#2396),.UNSPECIFIED.,.F.,.F.,
(2,2),(0.,1.),.UNSPECIFIED.);
#56=B_SPLINE_CURVE_WITH_KNOTS('',3,(#2400,#2401,#2402,#2403,#2404,#2405,
#2406,#2407,#2408,#2409,#2410,#2411,#2412,#2413,#2414,#2415,#2416,#2417,
#2418,#2419,#2420,#2421,#2422,#2423,#2424,#2425,#2426,#2427,#2428,#2429,
#2430,#2431,#2432,#2433,#2434,#2435,#2436,#2437,#2438,#2439,#2440,#2441,
#2442,#2443,#2444,#2445,#2446,#2447,#2448,#2449,#2450,#2451,#2452,#2453,
#2454,#2455,#2456,#2457,#2458,#2459,#2460,#2461,#2462,#2463,#2464,#2465,
#2466,#2467,#2468,#2469,#2470,#2471,#2472,#2473,#2474,#2475,#2476,#2477,
#2478,#2479,#2480,#2481,#2482,#2483),.UNSPECIFIED.,.F.,.F.,(4,1,1,1,1,1,
1,1,1,1,1,1,1,1,1,1,1,1,1,1,1,1,1,1,1,1,1,1,1,1,1,1,1,1,1,1,1,1,1,1,1,1,
1,1,1,1,1,1,1,1,1,1,1,1,1,1,1,1,1,1,1,1,1,1,1,1,1,1,1,1,1,1,1,1,1,1,1,1,
1,1,1,4),(0.,0.0093237914700367,0.0217072440766612,0.0340906966832858,0.0464741492899103,
0.0588576018965349,0.0712410545031594,0.083624507109784,0.0960079597164085,
0.108391412323033,0.120774864929658,0.133158317536282,0.145541770142907,
0.157925222749531,0.170308675356156,0.18269212796278,0.195075580569405,
0.207459033176029,0.219842485782654,0.232225938389279,0.244609390995903,
0.256992843602528,0.269376296209152,0.281759748815777,0.294143201422401,
0.306526654029026,0.31891010663565,0.331293559242275,0.343677011848899,
0.356060464455524,0.368443917062148,0.380827369668773,0.393210822275398,
0.405594274882022,0.417977727488647,0.430361180095271,0.442744632701896,
0.45512808530852,0.467511537915145,0.479894990521769,0.492278443128394,
0.504661895735018,0.517045348341643,0.529428800948268,0.541812253554892,
0.554195706161517,0.566579158768141,0.578962611374766,0.59134606398139,
0.603729516588015,0.616112969194639,0.628496421801264,0.640879874407888,
0.653263327014513,0.665646779621137,0.678030232227762,0.690413684834386,
0.702797137441011,0.715180590047636,0.72756404265426,0.739947495260885,
0.752330947867509,0.764714400474134,0.777097853080758,0.789481305687383,
0.801864758294007,0.814248210900632,0.826631663507256,0.839015116113881,
0.851398568720505,0.86378202132713,0.876165473933755,0.888548926540379,
0.900932379147004,0.913315831753628,0.925699284360253,0.938082736966877,
0.950466189573502,0.962849642180126,0.975233094786751,0.987616547393375,
1.),.UNSPECIFIED.);
#57=B_SPLINE_CURVE_WITH_KNOTS('',3,(#2652,#2653,#2654,#2655,#2656,#2657,
#2658,#2659,#2660,#2661,#2662,#2663,#2664,#2665,#2666,#2667,#2668,#2669,
#2670,#2671,#2672,#2673,#2674,#2675,#2676,#2677,#2678,#2679,#2680,#2681,
#2682,#2683,#2684,#2685,#2686,#2687,#2688,#2689,#2690,#2691,#2692,#2693,
#2694,#2695,#2696,#2697,#2698,#2699,#2700,#2701,#2702,#2703,#2704,#2705,
#2706,#2707,#2708,#2709,#2710,#2711,#2712,#2713,#2714,#2715,#2716,#2717,
#2718,#2719,#2720,#2721,#2722,#2723,#2724,#2725,#2726,#2727,#2728,#2729,
#2730,#2731,#2732,#2733,#2734,#2735,#2736,#2737,#2738,#2739,#2740,#2741,
#2742,#2743,#2744,#2745,#2746,#2747,#2748,#2749,#2750,#2751,#2752,#2753,
#2754,#2755,#2756,#2757,#2758,#2759,#2760,#2761,#2762,#2763,#2764,#2765,
#2766,#2767,#2768,#2769,#2770,#2771,#2772,#2773,#2774,#2775,#2776,#2777,
#2778,#2779,#2780,#2781,#2782,#2783,#2784,#2785,#2786,#2787,#2788,#2789,
#2790,#2791,#2792,#2793,#2794,#2795,#2796,#2797,#2798,#2799,#2800,#2801,
#2802,#2803,#2804,#2805,#2806,#2807,#2808,#2809,#2810,#2811,#2812,#2813,
#2814,#2815,#2816,#2817,#2818,#2819,#2820,#2821,#2822,#2823,#2824,#2825,
#2826,#2827,#2828,#2829,#2830,#2831,#2832,#2833,#2834,#2835,#2836,#2837,
#2838,#2839,#2840,#2841,#2842,#2843,#2844,#2845,#2846,#2847,#2848,#2849,
#2850,#2851,#2852,#2853,#2854,#2855,#2856,#2857,#2858,#2859,#2860,#2861,
#2862,#2863,#2864,#2865,#2866,#2867,#2868,#2869,#2870,#2871,#2872,#2873,
#2874,#2875,#2876,#2877,#2878,#2879,#2880,#2881,#2882,#2883,#2884,#2885,
#2886,#2887,#2888,#2889,#2890,#2891,#2892,#2893,#2894,#2895,#2896,#2897,
#2898,#2899,#2900,#2901,#2902,#2903,#2904,#2905,#2906,#2907,#2908,#2909,
#2910,#2911,#2912,#2913,#2914,#2915,#2916,#2917,#2918,#2919,#2920,#2921,
#2922,#2923,#2924,#2925,#2926,#2927,#2928,#2929,#2930,#2931,#2932,#2933,
#2934,#2935,#2936,#2937,#2938,#2939,#2940,#2941,#2942,#2943,#2944,#2945,
#2946,#2947,#2948,#2949,#2950,#2951,#2952,#2953,#2954,#2955,#2956,#2957,
#2958,#2959,#2960,#2961,#2962,#2963,#2964,#2965,#2966,#2967,#2968,#2969,
#2970,#2971,#2972,#2973,#2974,#2975,#2976,#2977,#2978,#2979,#2980,#2981,
#2982,#2983,#2984,#2985,#2986,#2987,#2988,#2989,#2990,#2991,#2992,#2993,
#2994,#2995,#2996,#2997,#2998,#2999,#3000,#3001,#3002,#3003,#3004,#3005,
#3006,#3007,#3008,#3009,#3010,#3011,#3012,#3013,#3014,#3015,#3016,#3017,
#3018,#3019,#3020,#3021,#3022,#3023,#3024,#3025,#3026,#3027,#3028,#3029,
#3030,#3031,#3032,#3033,#3034,#3035,#3036,#3037,#3038,#3039,#3040,#3041,
#3042,#3043,#3044,#3045,#3046,#3047,#3048,#3049,#3050,#3051,#3052,#3053,
#3054,#3055,#3056,#3057,#3058,#3059,#3060,#3061,#3062,#3063,#3064,#3065,
#3066,#3067,#3068,#3069,#3070,#3071,#3072,#3073,#3074,#3075,#3076,#3077,
#3078,#3079,#3080,#3081,#3082,#3083,#3084,#3085,#3086,#3087,#3088,#3089,
#3090,#3091,#3092,#3093,#3094,#3095,#3096,#3097,#3098,#3099,#3100,#3101,
#3102,#3103,#3104,#3105,#3106,#3107,#3108,#3109,#3110,#3111,#3112,#3113,
#3114,#3115,#3116,#3117,#3118,#3119,#3120,#3121,#3122,#3123,#3124,#3125,
#3126,#3127,#3128,#3129,#3130,#3131,#3132,#3133,#3134,#3135,#3136,#3137,
#3138,#3139,#3140,#3141,#3142,#3143,#3144,#3145,#3146,#3147,#3148,#3149,
#3150,#3151,#3152,#3153,#3154,#3155,#3156,#3157,#3158,#3159,#3160,#3161,
#3162,#3163,#3164,#3165,#3166,#3167,#3168,#3169,#3170,#3171,#3172,#3173,
#3174,#3175,#3176,#3177,#3178,#3179,#3180,#3181,#3182,#3183,#3184,#3185,
#3186,#3187,#3188,#3189,#3190,#3191,#3192,#3193,#3194,#3195,#3196,#3197,
#3198),.UNSPECIFIED.,.F.,.F.,(4,3,3,3,3,3,3,3,3,3,3,3,3,3,3,3,3,3,3,3,3,
3,3,3,3,3,3,3,3,3,3,3,3,3,3,3,3,3,3,3,3,3,3,3,3,3,3,3,3,3,3,3,3,3,3,3,3,
3,3,3,3,3,3,3,3,3,3,3,3,3,3,3,3,3,3,3,3,3,3,3,3,3,3,3,3,3,3,3,3,3,3,3,3,
3,3,3,3,3,3,3,3,3,3,3,3,3,3,3,3,3,3,3,3,3,3,3,3,3,3,3,3,3,3,3,3,3,3,3,3,
3,3,3,3,3,3,3,3,3,3,3,3,3,3,3,3,3,3,3,3,3,3,3,3,3,3,3,3,3,3,3,3,3,3,3,3,
3,3,3,3,3,3,3,3,3,3,3,3,3,3,3,3,3,4),(0.,0.00344154266995021,0.00897366715597242,
0.0145072598764647,0.0200401799465685,0.0255731291327413,0.0311069685289888,
0.0366392180856193,0.0421737039335149,0.0477060962357538,0.0532401656388729,
0.0587727907736825,0.0643054911611798,0.0698392352187959,0.0753717546221519,
0.0809065057991591,0.0864386284775879,0.091972429520013,0.0975052088139628,
0.103038310413302,0.10857192937917,0.114104216074303,0.119638689921655,
0.125171088333915,0.130705360809203,0.136237831038689,0.141770680207517,
0.1473042528061,0.15283682351087,0.158371475460463,0.163903623146087,0.169437623193123,
0.174970276772749,0.180503550193616,0.186036951576748,0.191569286520279,
0.19710366563925,0.202636085379538,0.208170539733745,0.213702876875263,
0.219235893028853,0.224769293587503,0.230301930072809,0.235836405906562,
0.241368583596417,0.246902761365878,0.2524353073687,0.25796876737677,0.263501954960265,
0.269034351294397,0.274568589438071,0.280101027582302,0.285635631574661,
0.291167862730988,0.29670106170532,0.302234291975854,0.307767011964329,
0.313301281956929,0.318833482363715,0.324367807912296,0.329900271617855,
0.33543393124895,0.340966913862949,0.34649939038498,0.352033467331385,0.357565924602149,
0.363100636239722,0.368632795185313,0.374166191225137,0.379699257722776,
0.385232083532619,0.390766134541907,0.396298357496789,0.401832790546697,
0.407365202570024,0.412899071040267,0.418431862337092,0.423964441994904,
0.429498349436894,0.435030833008388,0.44056559794512,0.446097721648322,
0.451631324349126,0.457164237481513,0.462697193452811,0.468231022387563,
0.473763273534382,0.479297760567536,0.484830152659023,0.490364232036494,
0.49589684941247,0.501429556438128,0.506963292415888,0.512495813989947,
0.518030562625416,0.523562686041104,0.529096496901344,0.534629269936792,
0.540162379356267,0.545695987992996,0.55122827678113,0.556762748100751,
0.562295147385391,0.567829429143069,0.573361892606576,0.57889474938989,
0.584428313903849,0.589960887461881,0.595495532279014,0.601027681636649,
0.606561690728679,0.61209433879714,0.617627620811989,0.623161011985812,
0.628693349561911,0.634227722747386,0.639760143511625,0.645294605822702,
0.650826937316388,0.656359961848905,0.661893354302274,0.667425994363135,
0.672960460994771,0.678492639926787,0.684026825515474,0.689559367043239,
0.695092836306805,0.700626013977194,0.706158413706892,0.711692644595957,
0.717225083631745,0.722759693826179,0.728291920807075,0.733825128893747,
0.739358351266189,0.744891075802746,0.750425335653673,0.755957537138794,
0.761491868850166,0.767024329439833,0.772557998874916,0.778090972122725,
0.783623453056252,0.789157522132184,0.794689980502065,0.800224696064136,
0.805756852551561,0.811290258290806,0.816823317304226,0.822356148794869,
0.827890189334076,0.833422413518155,0.838956850513841,0.844489260942396,
0.850023139503894,0.855555922184569,0.861088507399411,0.866622406774091,
0.872154891914993,0.877689657840311,0.883221780837493,0.888755393519402,
0.894288299740949,0.899821262547208,0.905355081021983,0.910887333777474,
0.916421821836135,0.9219542137761,0.927488303106083,0.933020912765293,0.938553626476892,
0.944087354372143,0.949619878145597,0.955154624039526,0.960686748249851,
0.966220568902841,0.971753335710819,0.97728645299085,0.982820051302033,
0.988352342205402,0.993886810795375,0.999419210985441,1.),.UNSPECIFIED.);
#58=CYLINDRICAL_SURFACE('',#405,2.75);
#59=CYLINDRICAL_SURFACE('',#412,1.5);
#60=CYLINDRICAL_SURFACE('',#416,1.25);
#61=FACE_BOUND('',#114,.T.);
#62=FACE_BOUND('',#115,.T.);
#63=FACE_BOUND('',#117,.T.);
#64=FACE_BOUND('',#118,.T.);
#65=FACE_BOUND('',#119,.T.);
#66=FACE_BOUND('',#120,.T.);
#67=ADVANCED_FACE('',(#95),#84,.T.);
#68=ADVANCED_FACE('',(#96),#85,.T.);
#69=ADVANCED_FACE('',(#97),#86,.T.);
#70=ADVANCED_FACE('',(#98),#87,.T.);
#71=ADVANCED_FACE('',(#99),#88,.T.);
#72=ADVANCED_FACE('',(#61,#62),#58,.T.);
#73=ADVANCED_FACE('',(#100),#89,.T.);
#74=ADVANCED_FACE('',(#63,#64),#90,.T.);
#75=ADVANCED_FACE('',(#65,#66),#91,.F.);
#76=ADVANCED_FACE('',(#101),#92,.T.);
#77=ADVANCED_FACE('',(#102),#59,.T.);
#78=ADVANCED_FACE('',(#103),#93,.T.);
#79=ADVANCED_FACE('',(#104),#43,.F.);
#80=ADVANCED_FACE('',(#105),#94,.F.);
#81=ADVANCED_FACE('',(#106),#44,.F.);
#82=ADVANCED_FACE('',(#107),#45,.F.);
#83=ADVANCED_FACE('',(#108),#60,.T.);
#84=PLANE('',#398);
#85=PLANE('',#399);
#86=PLANE('',#400);
#87=PLANE('',#401);
#88=PLANE('',#402);
#89=PLANE('',#406);
#90=PLANE('',#407);
#91=PLANE('',#409);
#92=PLANE('',#410);
#93=PLANE('',#414);
#94=PLANE('',#415);
#95=FACE_OUTER_BOUND('',#109,.T.);
#96=FACE_OUTER_BOUND('',#110,.T.);
#97=FACE_OUTER_BOUND('',#111,.T.);
#98=FACE_OUTER_BOUND('',#112,.T.);
#99=FACE_OUTER_BOUND('',#113,.T.);
#100=FACE_OUTER_BOUND('',#116,.T.);
#101=FACE_OUTER_BOUND('',#121,.T.);
#102=FACE_OUTER_BOUND('',#122,.T.);
#103=FACE_OUTER_BOUND('',#123,.T.);
#104=FACE_OUTER_BOUND('',#124,.T.);
#105=FACE_OUTER_BOUND('',#125,.T.);
#106=FACE_OUTER_BOUND('',#126,.T.);
#107=FACE_OUTER_BOUND('',#127,.T.);
#108=FACE_OUTER_BOUND('',#128,.T.);
#109=EDGE_LOOP('',(#129,#130,#131,#132));
#110=EDGE_LOOP('',(#133,#134,#135,#136));
#111=EDGE_LOOP('',(#137,#138,#139,#140));
#112=EDGE_LOOP('',(#141,#142,#143,#144));
#113=EDGE_LOOP('',(#145,#146,#147,#148));
#114=EDGE_LOOP('',(#149));
#115=EDGE_LOOP('',(#150));
#116=EDGE_LOOP('',(#151,#152,#153,#154));
#117=EDGE_LOOP('',(#155));
#118=EDGE_LOOP('',(#156,#157,#158,#159,#160,#161));
#119=EDGE_LOOP('',(#162,#163,#164,#165));
#120=EDGE_LOOP('',(#166));
#121=EDGE_LOOP('',(#167,#168,#169,#170,#171,#172));
#122=EDGE_LOOP('',(#173,#174,#175,#176,#177));
#123=EDGE_LOOP('',(#178,#179,#180,#181));
#124=EDGE_LOOP('',(#182,#183,#184,#185));
#125=EDGE_LOOP('',(#186,#187,#188,#189,#190,#191));
#126=EDGE_LOOP('',(#192,#193,#194));
#127=EDGE_LOOP('',(#195,#196,#197,#198,#199,#200));
#128=EDGE_LOOP('',(#201,#202,#203,#204));
#129=ORIENTED_EDGE('',*,*,#231,.F.);
#130=ORIENTED_EDGE('',*,*,#232,.F.);
#131=ORIENTED_EDGE('',*,*,#233,.T.);
#132=ORIENTED_EDGE('',*,*,#234,.T.);
#133=ORIENTED_EDGE('',*,*,#235,.F.);
#134=ORIENTED_EDGE('',*,*,#236,.F.);
#135=ORIENTED_EDGE('',*,*,#237,.T.);
#136=ORIENTED_EDGE('',*,*,#232,.T.);
#137=ORIENTED_EDGE('',*,*,#238,.F.);
#138=ORIENTED_EDGE('',*,*,#239,.F.);
#139=ORIENTED_EDGE('',*,*,#240,.T.);
#140=ORIENTED_EDGE('',*,*,#236,.T.);
#141=ORIENTED_EDGE('',*,*,#241,.F.);
#142=ORIENTED_EDGE('',*,*,#242,.F.);
#143=ORIENTED_EDGE('',*,*,#243,.T.);
#144=ORIENTED_EDGE('',*,*,#239,.T.);
#145=ORIENTED_EDGE('',*,*,#244,.F.);
#146=ORIENTED_EDGE('',*,*,#245,.F.);
#147=ORIENTED_EDGE('',*,*,#246,.T.);
#148=ORIENTED_EDGE('',*,*,#242,.T.);
#149=ORIENTED_EDGE('',*,*,#247,.F.);
#150=ORIENTED_EDGE('',*,*,#248,.T.);
#151=ORIENTED_EDGE('',*,*,#249,.F.);
#152=ORIENTED_EDGE('',*,*,#234,.F.);
#153=ORIENTED_EDGE('',*,*,#250,.T.);
#154=ORIENTED_EDGE('',*,*,#245,.T.);
#155=ORIENTED_EDGE('',*,*,#247,.T.);
#156=ORIENTED_EDGE('',*,*,#233,.F.);
#157=ORIENTED_EDGE('',*,*,#237,.F.);
#158=ORIENTED_EDGE('',*,*,#240,.F.);
#159=ORIENTED_EDGE('',*,*,#243,.F.);
#160=ORIENTED_EDGE('',*,*,#246,.F.);
#161=ORIENTED_EDGE('',*,*,#250,.F.);
#162=ORIENTED_EDGE('',*,*,#251,.T.);
#163=ORIENTED_EDGE('',*,*,#252,.T.);
#164=ORIENTED_EDGE('',*,*,#253,.F.);
#165=ORIENTED_EDGE('',*,*,#254,.T.);
#166=ORIENTED_EDGE('',*,*,#248,.F.);
#167=ORIENTED_EDGE('',*,*,#235,.T.);
#168=ORIENTED_EDGE('',*,*,#231,.T.);
#169=ORIENTED_EDGE('',*,*,#249,.T.);
#170=ORIENTED_EDGE('',*,*,#244,.T.);
#171=ORIENTED_EDGE('',*,*,#241,.T.);
#172=ORIENTED_EDGE('',*,*,#238,.T.);
#173=ORIENTED_EDGE('',*,*,#253,.T.);
#174=ORIENTED_EDGE('',*,*,#255,.T.);
#175=ORIENTED_EDGE('',*,*,#256,.T.);
#176=ORIENTED_EDGE('',*,*,#257,.F.);
#177=ORIENTED_EDGE('',*,*,#258,.T.);
#178=ORIENTED_EDGE('',*,*,#259,.F.);
#179=ORIENTED_EDGE('',*,*,#260,.T.);
#180=ORIENTED_EDGE('',*,*,#261,.F.);
#181=ORIENTED_EDGE('',*,*,#257,.T.);
#182=ORIENTED_EDGE('',*,*,#262,.T.);
#183=ORIENTED_EDGE('',*,*,#263,.F.);
#184=ORIENTED_EDGE('',*,*,#259,.T.);
#185=ORIENTED_EDGE('',*,*,#256,.F.);
#186=ORIENTED_EDGE('',*,*,#252,.F.);
#187=ORIENTED_EDGE('',*,*,#264,.F.);
#188=ORIENTED_EDGE('',*,*,#265,.F.);
#189=ORIENTED_EDGE('',*,*,#266,.F.);
#190=ORIENTED_EDGE('',*,*,#262,.F.);
#191=ORIENTED_EDGE('',*,*,#255,.F.);
#192=ORIENTED_EDGE('',*,*,#267,.F.);
#193=ORIENTED_EDGE('',*,*,#264,.T.);
#194=ORIENTED_EDGE('',*,*,#251,.F.);
#195=ORIENTED_EDGE('',*,*,#261,.T.);
#196=ORIENTED_EDGE('',*,*,#268,.F.);
#197=ORIENTED_EDGE('',*,*,#265,.T.);
#198=ORIENTED_EDGE('',*,*,#267,.T.);
#199=ORIENTED_EDGE('',*,*,#254,.F.);
#200=ORIENTED_EDGE('',*,*,#258,.F.);
#201=ORIENTED_EDGE('',*,*,#263,.T.);
#202=ORIENTED_EDGE('',*,*,#266,.T.);
#203=ORIENTED_EDGE('',*,*,#268,.T.);
#204=ORIENTED_EDGE('',*,*,#260,.F.);
#205=VERTEX_POINT('',#505);
#206=VERTEX_POINT('',#506);
#207=VERTEX_POINT('',#508);
#208=VERTEX_POINT('',#510);
#209=VERTEX_POINT('',#514);
#210=VERTEX_POINT('',#516);
#211=VERTEX_POINT('',#520);
#212=VERTEX_POINT('',#522);
#213=VERTEX_POINT('',#526);
#214=VERTEX_POINT('',#528);
#215=VERTEX_POINT('',#532);
#216=VERTEX_POINT('',#534);
#217=VERTEX_POINT('',#538);
#218=VERTEX_POINT('',#540);
#219=VERTEX_POINT('',#553);
#220=VERTEX_POINT('',#554);
#221=VERTEX_POINT('',#556);
#222=VERTEX_POINT('',#558);
#223=VERTEX_POINT('',#569);
#224=VERTEX_POINT('',#1084);
#225=VERTEX_POINT('',#1086);
#226=VERTEX_POINT('',#1666);
#227=VERTEX_POINT('',#1668);
#228=VERTEX_POINT('',#1694);
#229=VERTEX_POINT('',#2394);
#230=VERTEX_POINT('',#2397);
#231=EDGE_CURVE('',#205,#206,#310,.T.);
#232=EDGE_CURVE('',#207,#205,#311,.T.);
#233=EDGE_CURVE('',#207,#208,#312,.T.);
#234=EDGE_CURVE('',#208,#206,#313,.T.);
#235=EDGE_CURVE('',#209,#205,#314,.T.);
#236=EDGE_CURVE('',#210,#209,#315,.T.);
#237=EDGE_CURVE('',#210,#207,#316,.T.);
#238=EDGE_CURVE('',#211,#209,#317,.T.);
#239=EDGE_CURVE('',#212,#211,#318,.T.);
#240=EDGE_CURVE('',#212,#210,#319,.T.);
#241=EDGE_CURVE('',#213,#211,#320,.T.);
#242=EDGE_CURVE('',#214,#213,#321,.T.);
#243=EDGE_CURVE('',#214,#212,#322,.T.);
#244=EDGE_CURVE('',#215,#213,#323,.T.);
#245=EDGE_CURVE('',#216,#215,#324,.T.);
#246=EDGE_CURVE('',#216,#214,#325,.T.);
#247=EDGE_CURVE('',#217,#217,#271,.T.);
#248=EDGE_CURVE('',#218,#218,#272,.T.);
#249=EDGE_CURVE('',#206,#215,#326,.T.);
#250=EDGE_CURVE('',#208,#216,#327,.T.);
#251=EDGE_CURVE('',#219,#220,#46,.T.);
#252=EDGE_CURVE('',#220,#221,#328,.T.);
#253=EDGE_CURVE('',#222,#221,#273,.T.);
#254=EDGE_CURVE('',#222,#219,#47,.T.);
#255=EDGE_CURVE('',#221,#223,#329,.T.);
#256=EDGE_CURVE('',#223,#224,#48,.T.);
#257=EDGE_CURVE('',#225,#224,#274,.T.);
#258=EDGE_CURVE('',#225,#222,#49,.T.);
#259=EDGE_CURVE('',#226,#224,#50,.T.);
#260=EDGE_CURVE('',#226,#227,#275,.T.);
#261=EDGE_CURVE('',#225,#227,#51,.T.);
#262=EDGE_CURVE('',#223,#228,#52,.T.);
#263=EDGE_CURVE('',#226,#228,#53,.T.);
#264=EDGE_CURVE('',#229,#220,#54,.T.);
#265=EDGE_CURVE('',#230,#229,#55,.T.);
#266=EDGE_CURVE('',#228,#230,#330,.T.);
#267=EDGE_CURVE('',#229,#219,#56,.T.);
#268=EDGE_CURVE('',#230,#227,#57,.T.);
#269=CIRCLE('Arc1',#395,2.75);
#270=CIRCLE('Arc2',#396,1.5);
#271=CIRCLE('',#403,2.75);
#272=CIRCLE('',#404,2.75);
#273=CIRCLE('',#408,1.5);
#274=CIRCLE('',#411,1.5);
#275=CIRCLE('',#413,1.25);
#276=CURVE_STYLE('',#286,POSITIVE_LENGTH_MEASURE(0.7),#392);
#277=CURVE_STYLE('',#287,POSITIVE_LENGTH_MEASURE(0.7),#392);
#278=CURVE_STYLE('',#288,POSITIVE_LENGTH_MEASURE(0.7),#392);
#279=CURVE_STYLE('',#289,POSITIVE_LENGTH_MEASURE(0.7),#392);
#280=CURVE_STYLE('',#290,POSITIVE_LENGTH_MEASURE(0.7),#392);
#281=CURVE_STYLE('',#291,POSITIVE_LENGTH_MEASURE(0.7),#392);
#282=CURVE_STYLE('',#292,POSITIVE_LENGTH_MEASURE(0.7),#392);
#283=CURVE_STYLE('',#293,POSITIVE_LENGTH_MEASURE(0.7),#392);
#284=CURVE_STYLE('',#294,POSITIVE_LENGTH_MEASURE(0.7),#392);
#285=CURVE_STYLE('',#295,POSITIVE_LENGTH_MEASURE(0.7),#391);
#286=DRAUGHTING_PRE_DEFINED_CURVE_FONT('continuous');
#287=DRAUGHTING_PRE_DEFINED_CURVE_FONT('continuous');
#288=DRAUGHTING_PRE_DEFINED_CURVE_FONT('continuous');
#289=DRAUGHTING_PRE_DEFINED_CURVE_FONT('continuous');
#290=DRAUGHTING_PRE_DEFINED_CURVE_FONT('continuous');
#291=DRAUGHTING_PRE_DEFINED_CURVE_FONT('continuous');
#292=DRAUGHTING_PRE_DEFINED_CURVE_FONT('chain double dash');
#293=DRAUGHTING_PRE_DEFINED_CURVE_FONT('continuous');
#294=DRAUGHTING_PRE_DEFINED_CURVE_FONT('continuous');
#295=DRAUGHTING_PRE_DEFINED_CURVE_FONT('continuous');
#296=TRIMMED_CURVE('Line1',#303,(PARAMETER_VALUE(0.)),(
PARAMETER_VALUE(1.)),.T.,.PARAMETER.);
#297=TRIMMED_CURVE('Line2',#304,(PARAMETER_VALUE(0.)),(
PARAMETER_VALUE(1.)),.T.,.PARAMETER.);
#298=TRIMMED_CURVE('Line3',#305,(PARAMETER_VALUE(0.)),(
PARAMETER_VALUE(1.)),.T.,.PARAMETER.);
#299=TRIMMED_CURVE('Line4',#306,(PARAMETER_VALUE(0.)),(
PARAMETER_VALUE(1.)),.T.,.PARAMETER.);
#300=TRIMMED_CURVE('Line5',#307,(PARAMETER_VALUE(0.)),(
PARAMETER_VALUE(1.)),.T.,.PARAMETER.);
#301=TRIMMED_CURVE('Line6',#308,(PARAMETER_VALUE(0.)),(
PARAMETER_VALUE(1.)),.T.,.PARAMETER.);
#302=TRIMMED_CURVE('Line7',#309,(PARAMETER_VALUE(0.)),(
PARAMETER_VALUE(1.)),.T.,.PARAMETER.);
#303=LINE('Line1',#494,#331);
#304=LINE('Line2',#495,#332);
#305=LINE('Line3',#496,#333);
#306=LINE('Line4',#497,#334);
#307=LINE('Line5',#498,#335);
#308=LINE('Line6',#499,#336);
#309=LINE('Line7',#500,#337);
#310=LINE('',#504,#338);
#311=LINE('',#507,#339);
#312=LINE('',#509,#340);
#313=LINE('',#511,#341);
#314=LINE('',#513,#342);
#315=LINE('',#515,#343);
#316=LINE('',#517,#344);
#317=LINE('',#519,#345);
#318=LINE('',#521,#346);
#319=LINE('',#523,#347);
#320=LINE('',#525,#348);
#321=LINE('',#527,#349);
#322=LINE('',#529,#350);
#323=LINE('',#531,#351);
#324=LINE('',#533,#352);
#325=LINE('',#535,#353);
#326=LINE('',#542,#354);
#327=LINE('',#543,#355);
#328=LINE('',#555,#356);
#329=LINE('',#568,#357);
#330=LINE('',#2398,#358);
#331=VECTOR('',#419,1.44337567297406);
#332=VECTOR('',#420,1.44337567297406);
#333=VECTOR('',#421,1.44337567297406);
#334=VECTOR('',#422,1.44337567297406);
#335=VECTOR('',#423,1.44337567297406);
#336=VECTOR('',#424,1.44337567297406);
#337=VECTOR('',#425,1.25);
#338=VECTOR('',#432,1.);
#339=VECTOR('',#433,1.);
#340=VECTOR('',#434,1.);
#341=VECTOR('',#435,1.);
#342=VECTOR('',#438,1.);
#343=VECTOR('',#439,1.);
#344=VECTOR('',#440,1.);
#345=VECTOR('',#443,1.);
#346=VECTOR('',#444,1.);
#347=VECTOR('',#445,1.);
#348=VECTOR('',#448,1.);
#349=VECTOR('',#449,1.);
#350=VECTOR('',#450,1.);
#351=VECTOR('',#453,1.);
#352=VECTOR('',#454,1.);
#353=VECTOR('',#455,1.);
#354=VECTOR('',#464,1.);
#355=VECTOR('',#465,1.);
#356=VECTOR('',#470,1.);
#357=VECTOR('',#477,1.);
#358=VECTOR('',#486,1.);
#359=PRESENTATION_LAYER_ASSIGNMENT('61','Layer 61',(#492,#397));
#360=PRESENTATION_LAYER_ASSIGNMENT('1','Layer 1',(#493,#296,#297,#298,#299,
#300,#301,#302,#269,#270,#41));
#361=STYLED_ITEM('',(#374),#492);
#362=STYLED_ITEM('',(#375),#493);
#363=STYLED_ITEM('',(#376),#296);
#364=STYLED_ITEM('',(#377),#297);
#365=STYLED_ITEM('',(#378),#298);
#366=STYLED_ITEM('',(#379),#299);
#367=STYLED_ITEM('',(#380),#300);
#368=STYLED_ITEM('',(#381),#301);
#369=STYLED_ITEM('',(#382),#302);
#370=STYLED_ITEM('',(#383),#269);
#371=STYLED_ITEM('',(#384),#270);
#372=STYLED_ITEM('',(#385),#397);
#373=STYLED_ITEM('',(#386),#41);
#374=PRESENTATION_STYLE_ASSIGNMENT((#387));
#375=PRESENTATION_STYLE_ASSIGNMENT((#388));
#376=PRESENTATION_STYLE_ASSIGNMENT((#276));
#377=PRESENTATION_STYLE_ASSIGNMENT((#277));
#378=PRESENTATION_STYLE_ASSIGNMENT((#278));
#379=PRESENTATION_STYLE_ASSIGNMENT((#279));
#380=PRESENTATION_STYLE_ASSIGNMENT((#280));
#381=PRESENTATION_STYLE_ASSIGNMENT((#281));
#382=PRESENTATION_STYLE_ASSIGNMENT((#282));
#383=PRESENTATION_STYLE_ASSIGNMENT((#283));
#384=PRESENTATION_STYLE_ASSIGNMENT((#284));
#385=PRESENTATION_STYLE_ASSIGNMENT((#285));
#386=PRESENTATION_STYLE_ASSIGNMENT((#36));
#387=POINT_STYLE('',#389,POSITIVE_LENGTH_MEASURE(3.),#391);
#388=POINT_STYLE('',#390,POSITIVE_LENGTH_MEASURE(3.),#392);
#389=PRE_DEFINED_POINT_MARKER_SYMBOL('plus');
#390=PRE_DEFINED_POINT_MARKER_SYMBOL('plus');
#391=COLOUR_RGB('Medium Maroon',0.6,0.4,0.4);
#392=COLOUR_RGB('Medium Royal',0.2,0.4,0.8);
#393=COLOUR_RGB('Medium Steel',0.596063172350652,0.666666666666667,0.686259250782025);
#394=AXIS2_PLACEMENT_3D('',#491,#417,#418);
#395=AXIS2_PLACEMENT_3D('',#501,#426,#427);
#396=AXIS2_PLACEMENT_3D('',#502,#428,#429);
#397=AXIS2_PLACEMENT_3D('',#503,#430,#431);
#398=AXIS2_PLACEMENT_3D('',#512,#436,#437);
#399=AXIS2_PLACEMENT_3D('',#518,#441,#442);
#400=AXIS2_PLACEMENT_3D('',#524,#446,#447);
#401=AXIS2_PLACEMENT_3D('',#530,#451,#452);
#402=AXIS2_PLACEMENT_3D('',#536,#456,#457);
#403=AXIS2_PLACEMENT_3D('',#537,#458,#459);
#404=AXIS2_PLACEMENT_3D('',#539,#460,#461);
#405=AXIS2_PLACEMENT_3D('',#541,#462,#463);
#406=AXIS2_PLACEMENT_3D('',#544,#466,#467);
#407=AXIS2_PLACEMENT_3D('',#545,#468,#469);
#408=AXIS2_PLACEMENT_3D('',#557,#471,#472);
#409=AXIS2_PLACEMENT_3D('',#566,#473,#474);
#410=AXIS2_PLACEMENT_3D('',#567,#475,#476);
#411=AXIS2_PLACEMENT_3D('',#1085,#478,#479);
#412=AXIS2_PLACEMENT_3D('',#1646,#480,#481);
#413=AXIS2_PLACEMENT_3D('',#1667,#482,#483);
#414=AXIS2_PLACEMENT_3D('',#1691,#484,#485);
#415=AXIS2_PLACEMENT_3D('',#2399,#487,#488);
#416=AXIS2_PLACEMENT_3D('',#3367,#489,#490);
#417=DIRECTION('',(0.,0.,1.));
#418=DIRECTION('',(1.,0.,0.));
#419=DIRECTION('',(0.,1.,0.));
#420=DIRECTION('',(-0.866025403784438,0.500000000000001,0.));
#421=DIRECTION('',(-0.866025403784439,-0.499999999999999,0.));
#422=DIRECTION('',(0.,-1.,0.));
#423=DIRECTION('',(0.866025403784437,-0.500000000000003,0.));
#424=DIRECTION('',(0.866025403784441,0.499999999999996,0.));
#425=DIRECTION('',(1.,0.,0.));
#426=DIRECTION('',(0.,0.,1.));
#427=DIRECTION('',(1.,0.,0.));
#428=DIRECTION('',(0.,0.,-1.));
#429=DIRECTION('',(-1.,0.,0.));
#430=DIRECTION('',(0.,0.,1.));
#431=DIRECTION('',(1.,0.,0.));
#432=DIRECTION('',(0.,-1.,0.));
#433=DIRECTION('',(0.,0.,-1.));
#434=DIRECTION('',(0.,-1.,0.));
#435=DIRECTION('',(0.,0.,-1.));
#436=DIRECTION('',(1.,0.,0.));
#437=DIRECTION('',(0.,0.,-1.));
#438=DIRECTION('',(-0.866025403784439,-0.499999999999998,0.));
#439=DIRECTION('',(0.,0.,-1.));
#440=DIRECTION('',(-0.866025403784439,-0.499999999999998,0.));
#441=DIRECTION('',(0.499999999999999,-0.86602540378444,0.));
#442=DIRECTION('',(0.86602540378444,0.499999999999999,0.));
#443=DIRECTION('',(-0.866025403784438,0.500000000000001,0.));
#444=DIRECTION('',(0.,0.,-1.));
#445=DIRECTION('',(-0.866025403784438,0.500000000000001,0.));
#446=DIRECTION('',(-0.500000000000001,-0.866025403784438,0.));
#447=DIRECTION('',(0.866025403784438,-0.500000000000001,0.));
#448=DIRECTION('',(0.,1.,0.));
#449=DIRECTION('',(0.,0.,-1.));
#450=DIRECTION('',(0.,1.,0.));
#451=DIRECTION('',(-1.,0.,0.));
#452=DIRECTION('',(0.,0.,1.));
#453=DIRECTION('',(0.866025403784441,0.499999999999996,0.));
#454=DIRECTION('',(0.,0.,-1.));
#455=DIRECTION('',(0.866025403784441,0.499999999999996,0.));
#456=DIRECTION('',(-0.499999999999996,0.866025403784441,0.));
#457=DIRECTION('',(-0.866025403784441,-0.499999999999996,0.));
#458=DIRECTION('',(0.,0.,1.));
#459=DIRECTION('',(1.,0.,0.));
#460=DIRECTION('',(0.,0.,1.));
#461=DIRECTION('',(1.,0.,0.));
#462=DIRECTION('',(0.,0.,-1.));
#463=DIRECTION('',(-1.,0.,0.));
#464=DIRECTION('',(0.866025403784437,-0.500000000000003,0.));
#465=DIRECTION('',(0.866025403784437,-0.500000000000003,0.));
#466=DIRECTION('',(0.500000000000003,0.866025403784437,0.));
#467=DIRECTION('',(-0.866025403784437,0.500000000000003,0.));
#468=DIRECTION('',(0.,0.,1.));
#469=DIRECTION('',(1.,0.,0.));
#470=DIRECTION('',(-0.830081737637245,-0.557641738790357,0.));
#471=DIRECTION('',(0.,0.,-1.));
#472=DIRECTION('',(-1.,0.,0.));
#473=DIRECTION('',(0.,0.,1.));
#474=DIRECTION('',(1.,0.,0.));
#475=DIRECTION('',(0.,0.,1.));
#476=DIRECTION('',(1.,0.,0.));
#477=DIRECTION('',(0.,0.,-1.));
#478=DIRECTION('',(0.,0.,-1.));
#479=DIRECTION('',(-1.,0.,0.));
#480=DIRECTION('',(0.,0.,1.));
#481=DIRECTION('',(1.,0.,0.));
#482=DIRECTION('',(0.,0.,-1.));
#483=DIRECTION('',(-1.,0.,0.));
#484=DIRECTION('',(0.,0.,-1.));
#485=DIRECTION('',(-1.,0.,0.));
#486=DIRECTION('',(0.,0.,1.));
#487=DIRECTION('',(-0.557641738790357,0.830081737637245,0.));
#488=DIRECTION('',(-0.830081737637245,-0.557641738790357,0.));
#489=DIRECTION('',(0.,0.,1.));
#490=DIRECTION('',(1.,0.,0.));
#491=CARTESIAN_POINT('',(0.,0.,0.));
#492=CARTESIAN_POINT('',(0.,0.,0.));
#493=CARTESIAN_POINT('Point2',(0.,0.,0.));
#494=CARTESIAN_POINT('',(1.25,-0.721687836487032,0.));
#495=CARTESIAN_POINT('',(1.25,0.721687836487031,0.));
#496=CARTESIAN_POINT('',(1.77635683940025E-15,1.44337567297406,0.));
#497=CARTESIAN_POINT('',(-1.25,0.721687836487032,0.));
#498=CARTESIAN_POINT('',(-1.25,-0.721687836487029,0.));
#499=CARTESIAN_POINT('',(-5.6621374255883E-15,-1.44337567297406,0.));
#500=CARTESIAN_POINT('',(0.,0.,0.));
#501=CARTESIAN_POINT('',(0.,0.,0.));
#502=CARTESIAN_POINT('',(0.,0.,0.));
#503=CARTESIAN_POINT('',(0.,0.,0.));
#504=CARTESIAN_POINT('',(-1.25,0.721687836487032,1.125));
#505=CARTESIAN_POINT('',(-1.25,0.721687836487032,1.125));
#506=CARTESIAN_POINT('',(-1.25,-0.721687836487032,1.125));
#507=CARTESIAN_POINT('',(-1.25,0.721687836487032,3.));
#508=CARTESIAN_POINT('',(-1.25,0.721687836487032,3.));
#509=CARTESIAN_POINT('',(-1.25,0.721687836487032,3.));
#510=CARTESIAN_POINT('',(-1.25,-0.721687836487032,3.));
#511=CARTESIAN_POINT('',(-1.25,-0.721687836487032,3.));
#512=CARTESIAN_POINT('',(-1.25,0.721687836487032,3.));
#513=CARTESIAN_POINT('',(1.77635683940025E-15,1.44337567297406,1.125));
#514=CARTESIAN_POINT('',(1.95156391047391E-15,1.44337567297406,1.125));
#515=CARTESIAN_POINT('',(1.95156391047391E-15,1.44337567297406,3.));
#516=CARTESIAN_POINT('',(1.95156391047391E-15,1.44337567297406,3.));
#517=CARTESIAN_POINT('',(1.77635683940025E-15,1.44337567297406,3.));
#518=CARTESIAN_POINT('',(1.77635683940025E-15,1.44337567297406,3.));
#519=CARTESIAN_POINT('',(1.25,0.721687836487031,1.125));
#520=CARTESIAN_POINT('',(1.25,0.721687836487032,1.125));
#521=CARTESIAN_POINT('',(1.25,0.721687836487032,3.));
#522=CARTESIAN_POINT('',(1.25,0.721687836487032,3.));
#523=CARTESIAN_POINT('',(1.25,0.721687836487031,3.));
#524=CARTESIAN_POINT('',(1.25,0.721687836487031,3.));
#525=CARTESIAN_POINT('',(1.25,-0.721687836487032,1.125));
#526=CARTESIAN_POINT('',(1.25,-0.721687836487038,1.125));
#527=CARTESIAN_POINT('',(1.25,-0.721687836487038,3.));
#528=CARTESIAN_POINT('',(1.25,-0.721687836487038,3.));
#529=CARTESIAN_POINT('',(1.25,-0.721687836487032,3.));
#530=CARTESIAN_POINT('',(1.25,-0.721687836487032,3.));
#531=CARTESIAN_POINT('',(-5.77315972805081E-15,-1.44337567297406,1.125));
#532=CARTESIAN_POINT('',(-5.20417042793042E-15,-1.44337567297406,1.125));
#533=CARTESIAN_POINT('',(-5.20417042793042E-15,-1.44337567297406,3.));
#534=CARTESIAN_POINT('',(-5.20417042793042E-15,-1.44337567297406,3.));
#535=CARTESIAN_POINT('',(-5.77315972805081E-15,-1.44337567297406,3.));
#536=CARTESIAN_POINT('',(-5.77315972805081E-15,-1.44337567297406,3.));
#537=CARTESIAN_POINT('',(0.,0.,3.));
#538=CARTESIAN_POINT('',(2.75,0.,3.));
#539=CARTESIAN_POINT('',(0.,0.,0.));
#540=CARTESIAN_POINT('',(2.75,0.,0.));
#541=CARTESIAN_POINT('',(0.,0.,3.));
#542=CARTESIAN_POINT('',(-1.25,-0.721687836487029,1.125));
#543=CARTESIAN_POINT('',(-1.25,-0.721687836487029,3.));
#544=CARTESIAN_POINT('',(-1.25,-0.721687836487029,3.));
#545=CARTESIAN_POINT('',(0.,0.,3.));
#546=CARTESIAN_POINT('',(1.54851355055865,0.160984938428788,-1.99688017315201E-16));
#547=CARTESIAN_POINT('',(1.53097350033314,0.323206054643132,-1.99688017315201E-16));
#548=CARTESIAN_POINT('',(1.4868245322382,0.484384708906966,4.24363506574404E-16));
#549=CARTESIAN_POINT('',(1.42042044524791,0.633427793747317,4.24363506574404E-16));
#550=CARTESIAN_POINT('',(1.38415433305004,0.714826597377095,4.24363506574404E-16));
#551=CARTESIAN_POINT('',(1.34094533000129,0.793482780535606,0.));
#552=CARTESIAN_POINT('',(1.29155585924009,0.867656066186418,0.));
#553=CARTESIAN_POINT('',(1.54851355055865,0.160984938428788,-1.99688017315201E-16));
#554=CARTESIAN_POINT('',(1.29155585924009,0.867656066186418,0.));
#555=CARTESIAN_POINT('',(7.25515661598119E-16,-1.07997170794421E-15,0.));
#556=CARTESIAN_POINT('',(1.24512260645587,0.836462608185534,0.));
#557=CARTESIAN_POINT('',(0.,0.,0.));
#558=CARTESIAN_POINT('',(1.31139658436062,0.728175115288258,4.36433726072778E-16));
#559=CARTESIAN_POINT('',(1.31139658436062,0.728175115288258,4.36433726072778E-16));
#560=CARTESIAN_POINT('',(1.38013062574275,0.626742055783904,4.36433726072778E-16));
#561=CARTESIAN_POINT('',(1.4370261665148,0.516283330357276,-2.38863291125713E-16));
#562=CARTESIAN_POINT('',(1.47998897041035,0.401534772690668,-2.38863291125713E-16));
#563=CARTESIAN_POINT('',(1.50922274849319,0.323454815937673,-2.38863291125713E-16));
#564=CARTESIAN_POINT('',(1.53226825035163,0.242760140346792,-1.99688017315201E-16));
#565=CARTESIAN_POINT('',(1.54851355055865,0.160984938428788,-1.99688017315201E-16));
#566=CARTESIAN_POINT('',(0.,0.,0.));
#567=CARTESIAN_POINT('',(0.,0.,1.125));
#568=CARTESIAN_POINT('',(1.24512260645587,0.836462608185534,-5.));
#569=CARTESIAN_POINT('',(1.24512260645587,0.836462608185534,-0.412356717383114));
#570=CARTESIAN_POINT('',(1.24512260645587,0.836462608185534,-0.412356717383114));
#571=CARTESIAN_POINT('',(1.33672765665464,0.700103232701395,-0.42145723716413));
#572=CARTESIAN_POINT('',(1.40654352155834,0.546474201069697,-0.430361306169417));
#573=CARTESIAN_POINT('',(1.44901796557373,0.387745967670296,-0.438695182345451));
#574=CARTESIAN_POINT('',(1.49247902503967,0.225330723619146,-0.447222641538023));
#575=CARTESIAN_POINT('',(1.50845274789569,0.0531479862415826,-0.455637472931374));
#576=CARTESIAN_POINT('',(1.4956271718138,-0.114452448345408,-0.464905249083031));
#577=CARTESIAN_POINT('',(1.48280334022736,-0.282030086436301,-0.474171764660255));
#578=CARTESIAN_POINT('',(1.44084582612785,-0.449685441115909,-0.483870962650752));
#579=CARTESIAN_POINT('',(1.37321089461107,-0.60356593585246,-0.492753143350237));
#580=CARTESIAN_POINT('',(1.3055514189962,-0.757502272413247,-0.501638547311866));
#581=CARTESIAN_POINT('',(1.21031788284492,-0.90189061919958,-0.50998514546752));
#582=CARTESIAN_POINT('',(1.09544637643469,-1.02469372807494,-0.518764907616205));
#583=CARTESIAN_POINT('',(0.980611097893439,-1.1474581076337,-0.527541900826945));
#584=CARTESIAN_POINT('',(0.843010145728156,-1.25203284511383,-0.537351165033466));
#585=CARTESIAN_POINT('',(0.693997802188237,-1.32979962797359,-0.546457132983043));
#586=CARTESIAN_POINT('',(0.544949270427779,-1.40758529679557,-0.555565312351946));
#587=CARTESIAN_POINT('',(0.380362640616986,-1.46068528117996,-0.564168859015417));
#588=CARTESIAN_POINT('',(0.213923180965261,-1.484667259909,-0.572642641673033));
#589=CARTESIAN_POINT('',(0.0475272589583521,-1.50864296537283,-0.581114207737658));
#590=CARTESIAN_POINT('',(-0.125270682534648,-1.50417865692225,-0.590403878200671));
#591=CARTESIAN_POINT('',(-0.290162207952463,-1.47166772509155,-0.59978625004851));
#592=CARTESIAN_POINT('',(-0.455068659427186,-1.43915385035632,-0.609169471192976));
#593=CARTESIAN_POINT('',(-0.616646968152247,-1.37768358814207,-0.618377212537233));
#594=CARTESIAN_POINT('',(-0.761494817548293,-1.29233341009474,-0.626966872597929));
#595=CARTESIAN_POINT('',(-0.906352230304799,-1.20697759693082,-0.635557099777956));
#596=CARTESIAN_POINT('',(-1.03845400648753,-1.09538613019468,-0.644056836354297));
#597=CARTESIAN_POINT('',(-1.1468074094133,-0.966867501633377,-0.653307731528039));
#598=CARTESIAN_POINT('',(-1.2551458289004,-0.838366645019575,-0.662557347459812));
#599=CARTESIAN_POINT('',(-1.34276416865193,-0.689378537525789,-0.672125690415681));
#600=CARTESIAN_POINT('',(-1.40240833748137,-0.532213166844593,-0.680892563610743));
#601=CARTESIAN_POINT('',(-1.46206766344927,-0.375007856344745,-0.689661664696874));
#602=CARTESIAN_POINT('',(-1.49536969869731,-0.205283835989821,-0.697911643613687));
#603=CARTESIAN_POINT('',(-1.49953882846669,-0.0371927670487774,-0.706723729483722));
#604=CARTESIAN_POINT('',(-1.50370674438355,0.13084936175872,-0.715533249692998));
#605=CARTESIAN_POINT('',(-1.47889151575512,0.301875597280148,-0.72542678944584));
#606=CARTESIAN_POINT('',(-1.42714848078784,0.461786978795383,-0.734599826992159));
#607=CARTESIAN_POINT('',(-1.37538939526011,0.621747964422462,-0.743775709991854));
#608=CARTESIAN_POINT('',(-1.29524362036005,0.774998026159615,-0.752448372529455));
#609=CARTESIAN_POINT('',(-1.19336271133748,0.908782393749599,-0.760977150376245));
#610=CARTESIAN_POINT('',(-1.09150775532365,1.04253268128578,-0.769503755613385));
#611=CARTESIAN_POINT('',(-0.965148877873717,1.16049014934319,-0.778832749465682));
#612=CARTESIAN_POINT('',(-0.8247594998557,1.2529053305808,-0.788134969307934));
#613=CARTESIAN_POINT('',(-0.684357529670612,1.34532880095978,-0.79743802350894));
#614=CARTESIAN_POINT('',(-0.52602369392182,1.41476788385996,-0.806494564390407));
#615=CARTESIAN_POINT('',(-0.362883877444899,1.45544333159713,-0.814995514776895));
#616=CARTESIAN_POINT('',(-0.199749839223883,1.49611733864894,-0.823496164067869));
#617=CARTESIAN_POINT('',(-0.0273271656868531,1.50914077484002,-0.832012563439916));
#618=CARTESIAN_POINT('',(0.140024127819207,1.49345011420819,-0.841323741942114));
#619=CARTESIAN_POINT('',(0.307356882269706,1.47776119177643,-0.850633888958674));
#620=CARTESIAN_POINT('',(0.474274850800003,1.43294048129072,-0.860273326129423));
#621=CARTESIAN_POINT('',(0.626978981157088,1.36268021090321,-0.869105925604752));
#622=CARTESIAN_POINT('',(0.779734292078458,1.2923963919694,-0.877941485428463));
#623=CARTESIAN_POINT('',(0.922469843119781,1.19470625500651,-0.886255006614304));
#624=CARTESIAN_POINT('',(1.04328459567317,1.07775565525358,-0.895110520088926));
#625=CARTESIAN_POINT('',(1.16406331045922,0.960839940631933,-0.903963392057212));
#626=CARTESIAN_POINT('',(1.26626900090152,0.821471781558488,-0.913783692527404));
#627=CARTESIAN_POINT('',(1.3414763983039,0.671149068980862,-0.922843773775016));
#628=CARTESIAN_POINT('',(1.41670382484448,0.520786322650054,-0.931906267891916));
#629=CARTESIAN_POINT('',(1.46698136907596,0.355307951627144,-0.940442587494465));
#630=CARTESIAN_POINT('',(1.48811133031153,0.188479889108791,-0.948938014631239));
#631=CARTESIAN_POINT('',(1.50923518551199,0.0217000357657969,-0.957430986800123));
#632=CARTESIAN_POINT('',(1.50181515702063,-0.150987900125361,-0.966850201146216));
#633=CARTESIAN_POINT('',(1.466487853732,-0.315298865929613,-0.976217990358683));
#634=CARTESIAN_POINT('',(1.43115622275381,-0.479629960268618,-0.985586927150496));
#635=CARTESIAN_POINT('',(1.36692605406871,-0.640141124142028,-0.994714648629131));
#636=CARTESIAN_POINT('',(1.27910520129803,-0.783511253277397,-1.0032769836601));
#637=CARTESIAN_POINT('',(1.19128305591299,-0.9268834926438,-1.01183944471806));
#638=CARTESIAN_POINT('',(1.07745291464513,-1.05704809721156,-1.02043947979699));
#639=CARTESIAN_POINT('',(0.947103843498657,-1.16318283585603,-1.0297228458061));
#640=CARTESIAN_POINT('',(0.816768279682646,-1.26930657636314,-1.03900524983296));
#641=CARTESIAN_POINT('',(0.666298122170678,-1.35436574015794,-1.04850870973712));
#642=CARTESIAN_POINT('',(0.508131063826445,-1.41131244661648,-1.05722792972701));
#643=CARTESIAN_POINT('',(0.349928985762607,-1.46827176162774,-1.06594908023672));
#644=CARTESIAN_POINT('',(0.17966268876501,-1.49866287854618,-1.0741750720971));
#645=CARTESIAN_POINT('',(0.0115334706462786,-1.49995565902958,-1.08307531197514));
#646=CARTESIAN_POINT('',(-0.156550036917464,-1.50124808803502,-1.09197313207804));
#647=CARTESIAN_POINT('',(-0.327125785569718,-1.47351224048758,-1.10186957343667));
#648=CARTESIAN_POINT('',(-0.486130439916712,-1.41904094211086,-1.11099671096138));
#649=CARTESIAN_POINT('',(-0.645189433681084,-1.36455102831291,-1.12012696766105));
#650=CARTESIAN_POINT('',(-0.797052906010396,-1.28179009765702,-1.12873182963431));
#651=CARTESIAN_POINT('',(-0.929076562672411,-1.17763183580133,-1.13728088567794));
#652=CARTESIAN_POINT('',(-1.06106210098709,-1.07350364689548,-1.1458274734072));
#653=CARTESIAN_POINT('',(-1.17683488044286,-0.945150482566953,-1.15527307360448));
#654=CARTESIAN_POINT('',(-1.26683437077181,-0.803200272056224,-1.16455400498721));
#655=CARTESIAN_POINT('',(-1.35684445269753,-0.661233356124316,-1.17383602859705));
#656=CARTESIAN_POINT('',(-1.42356638833624,-0.501726423810166,-1.18281252821764));
#657=CARTESIAN_POINT('',(-1.46144352564978,-0.337909486899007,-1.19129248575076));
#658=CARTESIAN_POINT('',(-1.49931766184398,-0.17410552969572,-1.19977177139138));
#659=CARTESIAN_POINT('',(-1.50938680473695,-0.00149527427449847,-1.20840362959145));
#660=CARTESIAN_POINT('',(-1.4908355808734,0.165557454684429,-1.21774829188754));
#661=CARTESIAN_POINT('',(-1.47228577426287,0.332597421359515,-1.22709224028189));
#662=CARTESIAN_POINT('',(-1.4246140267914,0.498729848973119,-1.2366669691457));
#663=CARTESIAN_POINT('',(-1.35174813964335,0.650213016611271,-1.24545147688022));
#664=CARTESIAN_POINT('',(-1.27886040830114,0.801741596826649,-1.25423861808975));
#665=CARTESIAN_POINT('',(-1.17874260747409,0.942781342339383,-1.26252707496036));
#666=CARTESIAN_POINT('',(-1.05974808044679,1.06157147945362,-1.2714686472421));
#667=CARTESIAN_POINT('',(-0.940786676070705,1.18032855080947,-1.28040773059778));
#668=CARTESIAN_POINT('',(-0.799690933211442,1.28013599211139,-1.29021125008585));
#669=CARTESIAN_POINT('',(-0.648101808575157,1.35276163669791,-1.29922335193766));
#670=CARTESIAN_POINT('',(-0.496469026794667,1.42540819721917,-1.30823804924368));
#671=CARTESIAN_POINT('',(-0.330148049339704,1.47284787561333,-1.31671156849559));
#672=CARTESIAN_POINT('',(-0.162981216897311,1.49111941940901,-1.32523734424199));
#673=CARTESIAN_POINT('',(0.00413358888148003,1.50938527662532,-1.33376046654535));
#674=CARTESIAN_POINT('',(0.176661759603151,1.49901197486873,-1.34330015744411));
#675=CARTESIAN_POINT('',(0.34034469420533,1.4608783279679,-1.3526471012328));
#676=CARTESIAN_POINT('',(0.50405283883378,1.42273880782046,-1.36199548461383));
#677=CARTESIAN_POINT('',(0.663449814497115,1.35576685912394,-1.37104295550264));
#678=CARTESIAN_POINT('',(0.80529992492744,1.26550070363942,-1.37958340230322));
#679=CARTESIAN_POINT('',(0.947144953973835,1.17523778168774,-1.38812354316616));
#680=CARTESIAN_POINT('',(1.07533414362897,1.05920262893828,-1.39683587529214));
#681=CARTESIAN_POINT('',(1.17921958939606,0.927060494242034,-1.40614241847842));
#682=CARTESIAN_POINT('',(1.28309790643839,0.794927427273234,-1.41544832304025));
#683=CARTESIAN_POINT('',(1.36557267228823,0.643018269834848,-1.42488268378441));
#684=CARTESIAN_POINT('',(1.41980467185073,0.483895333508009,-1.43355640017473));
#685=CARTESIAN_POINT('',(1.47404661288816,0.324743227748094,-1.44223170657712));
#686=CARTESIAN_POINT('',(1.50151735626549,0.153985551296102,-1.45044567586147));
#687=CARTESIAN_POINT('',(1.49993343014708,-0.014131706451382,-1.45944126933915));
#688=CARTESIAN_POINT('',(1.49834990248062,-0.182206672674077,-1.46843459988815));
#689=CARTESIAN_POINT('',(1.467701155724,-0.352283223744608,-1.47830748039915));
#690=CARTESIAN_POINT('',(1.41051723617749,-0.510334328108782,-1.48738655411606));
#691=CARTESIAN_POINT('',(1.3533121691641,-0.668443882130146,-1.49646898540993));
#692=CARTESIAN_POINT('',(1.26796046125576,-0.818874977677662,-1.50501039156003));
#693=CARTESIAN_POINT('',(1.16155613747873,-0.949098171679568,-1.51358832537555));
#694=CARTESIAN_POINT('',(1.05518537683909,-1.07928028935302,-1.52216355345168));
#695=CARTESIAN_POINT('',(0.92487507020065,-1.19283532998006,-1.53171537707042));
#696=CARTESIAN_POINT('',(0.781404964744259,-1.28039301820692,-1.54096940809797));
#697=CARTESIAN_POINT('',(0.637914128052932,-1.36796335840053,-1.5502247763204));
#698=CARTESIAN_POINT('',(0.477280552745463,-1.43194813604804,-1.55912174408275));
#699=CARTESIAN_POINT('',(0.312834605479875,-1.46701551103397,-1.56758674121539));
#700=CARTESIAN_POINT('',(0.148408600204154,-1.50207863347826,-1.57605071181688));
#701=CARTESIAN_POINT('',(-0.0243384919495902,-1.50919078866922,-1.58480864475444));
#702=CARTESIAN_POINT('',(-0.191044695121529,-1.48778423316888,-1.59417741043756));
#703=CARTESIAN_POINT('',(-0.357743967367499,-1.46637856766093,-1.60354578660775));
#704=CARTESIAN_POINT('',(-0.52304279210212,-1.41586881191318,-1.61305153479873));
#705=CARTESIAN_POINT('',(-0.673260669119494,-1.34041787194023,-1.62179003792184));
#706=CARTESIAN_POINT('',(-0.82351735972226,-1.26494743680759,-1.63053079891627));
#707=CARTESIAN_POINT('',(-0.962818568750022,-1.16243201759927,-1.63881424609967));
#708=CARTESIAN_POINT('',(-1.07954904318106,-1.04142876058176,-1.64784024648906));
#709=CARTESIAN_POINT('',(-1.19624965434008,-0.920456459946438,-1.6568639377479));
#710=CARTESIAN_POINT('',(-1.29362997342623,-0.777673401826426,-1.66663298284039));
#711=CARTESIAN_POINT('',(-1.36365223723261,-0.624862045487503,-1.6755956339614));
#712=CARTESIAN_POINT('',(-1.4336956496916,-0.472004535909382,-1.68456099204995));
#713=CARTESIAN_POINT('',(-1.47828273362483,-0.304891247860983,-1.69297674481508));
#714=CARTESIAN_POINT('',(-1.49369047228224,-0.137436432627128,-1.70154190409218));
#715=CARTESIAN_POINT('',(-1.50909321841839,0.02996412274803,-1.71010428802757));
#716=CARTESIAN_POINT('',(-1.49577011913562,0.202282934583108,-1.71975214802829));
#717=CARTESIAN_POINT('',(-1.45484118417647,0.36529047184946,-1.72907255706289));
#718=CARTESIAN_POINT('',(-1.41390466241925,0.528328225032057,-1.7383946937765));
#719=CARTESIAN_POINT('',(-1.34421010661395,0.686564295490199,-1.74736237132896));
#720=CARTESIAN_POINT('',(-1.25152497820414,0.826852604114617,-1.75588689150742));
#721=CARTESIAN_POINT('',(-1.15884773056991,0.967128984388764,-1.76441068686808));
#722=CARTESIAN_POINT('',(-1.04064189623379,1.0933054260515,-1.77324405008556));
#723=CARTESIAN_POINT('',(-0.906744676032942,1.19491175091966,-1.78256495929528));
#724=CARTESIAN_POINT('',(-0.772852006551442,1.29651462252817,-1.79188555171843));
#725=CARTESIAN_POINT('',(-0.619547537027336,1.37638062317542,-1.80124727962901));
#726=CARTESIAN_POINT('',(-0.459514990601742,1.42788163844637,-1.80987823633715));
#727=CARTESIAN_POINT('',(-0.299459820701191,1.47938993431089,-1.81851041318605));
#728=CARTESIAN_POINT('',(-0.128262487902322,1.50393202552625,-1.82673983452427));
#729=CARTESIAN_POINT('',(0.0397937880921564,1.49947205856904,-1.83582131158036));
#730=CARTESIAN_POINT('',(0.20781167158794,1.49501311049241,-1.84490071397072));
#731=CARTESIAN_POINT('',(0.377340131204095,1.46145996205831,-1.85473958929725));
#732=CARTESIAN_POINT('',(0.534391555734354,1.40157970346321,-1.86376907564584));
#733=CARTESIAN_POINT('',(0.691503564762275,1.34167634532986,-1.87280204522865));
#734=CARTESIAN_POINT('',(0.840456101771926,1.25375974589994,-1.88128494101787));
#735=CARTESIAN_POINT('',(0.968839116390785,1.14514224729992,-1.88990067030643));
#736=CARTESIAN_POINT('',(1.09717981116735,1.03656055308902,-1.89851355952845));
#737=CARTESIAN_POINT('',(1.20848500914014,0.904330932577132,-1.90815808931912));
#738=CARTESIAN_POINT('',(1.29357570513263,0.75938257491901,-1.91738019222033));
#739=CARTESIAN_POINT('',(1.37868090324344,0.614409513523199,-1.92660386685657));
#740=CARTESIAN_POINT('',(1.43990962104405,0.45269628776625,-1.93542250125529));
#741=CARTESIAN_POINT('',(1.4721569581348,0.287669759646884,-1.9438790795925));
#742=CARTESIAN_POINT('',(1.50439909894951,0.122669823595901,-1.95233429525237));
#743=CARTESIAN_POINT('',(1.50855281233467,-0.0501635193139645,-1.96122555314537));
#744=CARTESIAN_POINT('',(1.48429727798558,-0.216475380966391,-1.97060952565937));
#745=CARTESIAN_POINT('',(1.460041910448,-0.38278609884967,-1.97999343363739));
#746=CARTESIAN_POINT('',(1.40670835662229,-0.547203461887733,-1.98942661571895));
#747=CARTESIAN_POINT('',(1.32869404904695,-0.696112149030034,-1.99812179675629));
#748=CARTESIAN_POINT('',(1.25066316214077,-0.845052481731557,-2.00681882566344));
#749=CARTESIAN_POINT('',(1.14578140594818,-0.982573079547927,-2.01512481843337));
#750=CARTESIAN_POINT('',(1.0228048880346,-1.09721017175951,-2.02422390957157));
#751=CARTESIAN_POINT('',(0.899856638630972,-1.211820912438,-2.03332090910926));
#752=CARTESIAN_POINT('',(0.755427235554729,-1.30674592436766,-2.04304799070314));
#753=CARTESIAN_POINT('',(0.601437988000038,-1.37414422335884,-2.0519603552329));
#754=CARTESIAN_POINT('',(0.447401853616912,-1.4415630438639,-2.06087543340997));
#755=CARTESIAN_POINT('',(0.279547228549821,-1.48328387519823,-2.06923907909689));
#756=CARTESIAN_POINT('',(0.111855660078108,-1.49582362306139,-2.07785297832536));
#757=CARTESIAN_POINT('',(-0.0557812268679355,-1.50835928191427,-2.08646406869972));
#758=CARTESIAN_POINT('',(-0.22784127653139,-1.49209097944543,-2.09620460436481));
#759=CARTESIAN_POINT('',(-0.390126197938292,-1.44837893856622,-2.10549337454185));
#760=CARTESIAN_POINT('',(-0.55244630947712,-1.40465741909546,-2.11478415891124));
#761=CARTESIAN_POINT('',(-0.709475147227048,-1.33226056676323,-2.12367318722687));
#762=CARTESIAN_POINT('',(-0.848160461980749,-1.23718383061395,-2.13218824822922));
#763=CARTESIAN_POINT('',(-0.986827415319528,-1.14211968226752,-2.14070218186947));
#764=CARTESIAN_POINT('',(-1.11095475728786,-1.02177822360927,-2.14966202979898));
#765=CARTESIAN_POINT('',(-1.21025302048357,-0.886164559441639,-2.15898899782));
#766=CARTESIAN_POINT('',(-1.30955125453881,-0.750550935071742,-2.16831596310388));
#767=CARTESIAN_POINT('',(-1.3867851008523,-0.595895507938209,-2.17760221385994));
#768=CARTESIAN_POINT('',(-1.43553994288731,-0.435000083189752,-2.18619374200044));
#769=CARTESIAN_POINT('',(-1.48429951377258,-0.274089052804251,-2.19478610345406));
#770=CARTESIAN_POINT('',(-1.50590598353355,-0.102503765277602,-2.20305766167938));
#771=CARTESIAN_POINT('',(-1.49857173162452,0.0654428389963612,-2.21221358816271));
#772=CARTESIAN_POINT('',(-1.49123896225161,0.233355494762511,-2.22136766387899));
#773=CARTESIAN_POINT('',(-1.45479090421295,0.402287246931769,-2.23116498651455));
#774=CARTESIAN_POINT('',(-1.39223147259238,0.558293405589058,-2.24014399267587));
#775=CARTESIAN_POINT('',(-1.32964771108376,0.714360236350894,-2.24912649084807));
#776=CARTESIAN_POINT('',(-1.2391930527948,0.86178872248476,-2.25755646666042));
#777=CARTESIAN_POINT('',(-1.12839603868238,0.988292659026621,-2.26621925173279));
#778=CARTESIAN_POINT('',(-1.01763588593798,1.11475450862058,-2.274879154759));
#779=CARTESIAN_POINT('',(-0.883525331598928,1.22377858102965,-2.28459980681488));
#780=CARTESIAN_POINT('',(-0.737140970330348,1.30637788937981,-2.29378554549929));
#781=CARTESIAN_POINT('',(-0.590727953902574,1.38899336678183,-2.30297308231843));
#782=CARTESIAN_POINT('',(-0.427982530401868,1.44744808638714,-2.31171526115236));
#783=CARTESIAN_POINT('',(-0.262424119223016,1.4768661353183,-2.32017044912573));
#784=CARTESIAN_POINT('',(-0.0968985727703798,1.50627834452126,-2.32862395867373));
#785=CARTESIAN_POINT('',(0.0759706134702036,1.50747322542104,-2.33765242747797));
#786=CARTESIAN_POINT('',(0.241840446835332,1.48037603272763,-2.34704321710831));
#787=CARTESIAN_POINT('',(0.407714807156965,1.45327810049159,-2.35643426303418));
#788=CARTESIAN_POINT('',(0.571203044169459,1.39713598630224,-2.36579198070503));
#789=CARTESIAN_POINT('',(0.71875903695529,1.31658096856787,-2.3744471062364));
#790=CARTESIAN_POINT('',(0.866339173342517,1.23601277015406,-2.38310364794814));
#791=CARTESIAN_POINT('',(1.00203804814634,1.12879665547011,-2.39145665922963));
#792=CARTESIAN_POINT('',(1.11454887091905,1.00388286883135,-2.40061786180894));
#793=CARTESIAN_POINT('',(1.22703710999572,0.878994155469276,-2.40977722550903));
#794=CARTESIAN_POINT('',(1.31947946129862,0.732959826435518,-2.41945551853039));
#795=CARTESIAN_POINT('',(1.38423409713879,0.577837316481351,-2.42831738300245));
#796=CARTESIAN_POINT('',(1.44900790610501,0.422668876480661,-2.43718187137382));
#797=CARTESIAN_POINT('',(1.48784989564777,0.254123885536403,-2.44549970675471));
#798=CARTESIAN_POINT('',(1.49751845481818,0.0862466085071014,-2.45417202334958));
#799=CARTESIAN_POINT('',(1.50718392407338,-0.0815770176584746,-2.46284156841226));
#800=CARTESIAN_POINT('',(1.48797584516979,-0.253329084498332,-2.47265617783246));
#801=CARTESIAN_POINT('',(1.44149374966869,-0.41484427158405,-2.48190879613068));
#802=CARTESIAN_POINT('',(1.39500009634789,-0.576399619583155,-2.49116371510172));
#803=CARTESIAN_POINT('',(1.31992214941864,-0.732175183762586,-2.4999759119702));
#804=CARTESIAN_POINT('',(1.22248198886944,-0.869216766341873,-2.50848846433117));
#805=CARTESIAN_POINT('',(1.12505911695488,-1.00623403387654,-2.5169995063251));
#806=CARTESIAN_POINT('',(1.00261761026585,-1.12827671819934,-2.52608802413876));
#807=CARTESIAN_POINT('',(0.865326654512559,-1.22523866286945,-2.53541326755145));
#808=CARTESIAN_POINT('',(0.728031296289711,-1.32220371679033,-2.54473880999404));
#809=CARTESIAN_POINT('',(0.572069782442252,-1.39678278970666,-2.55394742484118));
#810=CARTESIAN_POINT('',(0.410358563919412,-1.44277713075097,-2.56250342910869));
#811=CARTESIAN_POINT('',(0.24863902817536,-1.48877383740177,-2.57105987343337));
#812=CARTESIAN_POINT('',(0.07671729192559,-1.50743874818461,-2.57939705929621));
#813=CARTESIAN_POINT('',(-0.0910711491284731,-1.49723279612638,-2.58861636483977));
#814=CARTESIAN_POINT('',(-0.258830581063564,-1.48702860858587,-2.59783407644796));
#815=CARTESIAN_POINT('',(-0.427117233495767,-1.44769591897552,-2.60758296158923));
#816=CARTESIAN_POINT('',(-0.582032900605066,-1.38247520867944,-2.61651121373585));
#817=CARTESIAN_POINT('',(-0.73700746223353,-1.31722970332909,-2.62544286014935));
#818=CARTESIAN_POINT('',(-0.882867115177199,-1.22426447046798,-2.63382614028319));
#819=CARTESIAN_POINT('',(-1.00745384135197,-1.11132207642302,-2.64254556207923));
#820=CARTESIAN_POINT('',(-1.13199985535376,-0.998416589442102,-2.65126213456204));
#821=CARTESIAN_POINT('',(-1.23871214608506,-0.862463863352009,-2.66103933380906));
#822=CARTESIAN_POINT('',(-1.31879626821291,-0.714686226918982,-2.6701848673232));
#823=CARTESIAN_POINT('',(-1.39889805798787,-0.566875988728447,-2.67933241846649));
#824=CARTESIAN_POINT('',(-1.45456157855933,-0.403146203853034,-2.68800068567467));
#825=CARTESIAN_POINT('',(-1.48114188887655,-0.237104839712743,-2.69646197569954));
#826=CARTESIAN_POINT('',(-1.50771600576574,-0.0711021645578839,-2.70492129417516));
#827=CARTESIAN_POINT('',(-1.50595247758665,0.101752640796898,-2.71408751370797));
#828=CARTESIAN_POINT('',(-1.47602169416187,0.267132847780909,-2.72347725585495));
#829=CARTESIAN_POINT('',(-1.44608909374693,0.432523094402172,-2.73286756801938));
#830=CARTESIAN_POINT('',(-1.38715446105813,0.595034694621134,-2.74214760634918));
#831=CARTESIAN_POINT('',(-1.30408215219374,0.741194805924692,-2.75076651412566));
#832=CARTESIAN_POINT('',(-1.22100046002178,0.887371426523572,-2.75938639543788));
#833=CARTESIAN_POINT('',(-1.11148245916069,1.0212082759856,-2.76780776163844));
#834=CARTESIAN_POINT('',(-0.984667769967923,1.13156059616195,-2.77702049056856));
#835=CARTESIAN_POINT('',(-0.857874507138725,1.24189427142464,-2.78623166293391));
#836=CARTESIAN_POINT('',(-0.710277057132312,1.33182722303593,-2.79585500643439));
#837=CARTESIAN_POINT('',(-0.554066176690992,1.39391917694213,-2.80466677039218));
#838=CARTESIAN_POINT('',(-0.397811872831026,1.45602839113712,-2.8134809838395));
#839=CARTESIAN_POINT('',(-0.228627424105291,1.49197980997827,-2.82175992574469));
#840=CARTESIAN_POINT('',(-0.0606152785347771,1.49877476226688,-2.83050062855192));
#841=CARTESIAN_POINT('',(0.107345337883357,1.50556763055061,-2.83923865059458));
#842=CARTESIAN_POINT('',(0.278740365610856,1.48342583309593,-2.84910570172463));
#843=CARTESIAN_POINT('',(0.43943875754923,1.43418742790599,-2.85831824963871));
#844=CARTESIAN_POINT('',(0.60018227347606,1.38493519660863,-2.86753338442937));
#845=CARTESIAN_POINT('',(0.754658710511181,1.30719809612854,-2.87627122923143));
#846=CARTESIAN_POINT('',(0.890016160273845,1.20742338657631,-2.88478868407498));
#847=CARTESIAN_POINT('',(1.02534389534828,1.10767058032081,-2.89330426910262));
#848=CARTESIAN_POINT('',(1.14526701838589,0.983164989746477,-2.90252039342905));
#849=CARTESIAN_POINT('',(1.23986492812916,0.844236317624092,-2.91183666731416));
#850=CARTESIAN_POINT('',(1.33446878759565,0.705298907600955,-2.92115352714511));
#851=CARTESIAN_POINT('',(1.40637109921932,0.548076595542082,-2.93028302940651));
#852=CARTESIAN_POINT('',(1.44959131953503,0.385596948028232,-2.93880797554354));
#853=CARTESIAN_POINT('',(1.49281178752994,0.223116369403246,-2.94733297053389));
#854=CARTESIAN_POINT('',(1.50853003874444,0.0509094768746408,-2.95575603343759));
#855=CARTESIAN_POINT('',(1.49545562700094,-0.116672480350851,-2.96502804474201));
#856=CARTESIAN_POINT('',(1.4823830617964,-0.284230769466508,-2.97429874653205));
#857=CARTESIAN_POINT('',(1.44017666444499,-0.451824055753185,-2.98399297242702));
#858=CARTESIAN_POINT('',(1.37231318684669,-0.605604257916564,-2.99287080746317));
#859=CARTESIAN_POINT('',(1.30442522227569,-0.7594399481237,-3.00175184586161));
#860=CARTESIAN_POINT('',(1.20897741131409,-0.90368661299991,-3.0100952726483));
#861=CARTESIAN_POINT('',(1.09392413329446,-1.02631865938214,-3.01888120317268));
#862=CARTESIAN_POINT('',(0.978906988676674,-1.14891219218975,-3.02766437440534));
#863=CARTESIAN_POINT('',(0.841151147092152,-1.25328255462876,-3.03747563018304));
#864=CARTESIAN_POINT('',(0.692023382001075,-1.33082817777674,-3.04657771503827));
#865=CARTESIAN_POINT('',(0.542859090343504,-1.40839279453975,-3.05568202931006));
#866=CARTESIAN_POINT('',(0.378193158091576,-1.46124852378017,-3.06427958383957));
#867=CARTESIAN_POINT('',(0.211718018193008,-1.4849833267658,-3.07275490923997));
#868=CARTESIAN_POINT('',(0.045286849761028,-1.50871186062261,-3.08122799603292));
#869=CARTESIAN_POINT('',(-0.127503522420455,-1.50399102790907,-3.09052918288131));
#870=CARTESIAN_POINT('',(-0.292346558653811,-1.47123536174307,-3.09991055185493));
#871=CARTESIAN_POINT('',(-0.457204978109878,-1.43847663880429,-3.10929279630192));
#872=CARTESIAN_POINT('',(-0.618692567346635,-1.37676622123924,-3.11849362127545));
#873=CARTESIAN_POINT('',(-0.763413890454467,-1.29120069387418,-3.12708070865446));
#874=CARTESIAN_POINT('',(-0.908144122386409,-1.20562989922566,-3.13566832464148));
#875=CARTESIAN_POINT('',(-1.04007935772827,-1.09384287696187,-3.14417620616637));
#876=CARTESIAN_POINT('',(-1.14824149150395,-0.965163963888412,-3.15343029864058));
#877=CARTESIAN_POINT('',(-1.25638898992357,-0.836502462284598,-3.16268313894885));
#878=CARTESIAN_POINT('',(-1.34378630269057,-0.687384075175107,-3.17224603650346));
#879=CARTESIAN_POINT('',(-1.40319713293164,-0.530129989844407,-3.18100870504755));
#880=CARTESIAN_POINT('',(-1.46262290737946,-0.372836348803831,-3.18977357775424));
#881=CARTESIAN_POINT('',(-1.49567277961821,-0.203063268747281,-3.19802114774918));
#882=CARTESIAN_POINT('',(-1.49959238341227,-0.0349668930835453,-3.20684046568786));
#883=CARTESIAN_POINT('',(-1.50351085229566,0.133080810729879,-3.21565723001692));
#884=CARTESIAN_POINT('',(-1.47844193272369,0.304069891020014,-3.22555213991379));
#885=CARTESIAN_POINT('',(-1.42646158354352,0.4639044628741,-3.23472129625));
#886=CARTESIAN_POINT('',(-1.37446496583295,0.623789058893725,-3.2438933222995));
#887=CARTESIAN_POINT('',(-1.29409135536761,0.776920625233844,-3.25255994579326));
#888=CARTESIAN_POINT('',(-1.19201164678542,0.910553806168475,-3.26109015145421));
#889=CARTESIAN_POINT('',(-1.0899582639351,1.04415252392391,-3.26961815722736));
#890=CARTESIAN_POINT('',(-0.963424898306826,1.16192177068961,-3.27895759960053));
#891=CARTESIAN_POINT('',(-0.822898490880709,1.25412841196835,-3.28825820923437));
#892=CARTESIAN_POINT('',(-0.682359130213159,1.34634355253849,-3.29755967616645));
#893=CARTESIAN_POINT('',(-0.523921684491482,1.41554770265739,-3.30660926956539));
#894=CARTESIAN_POINT('',(-0.360721220252858,1.45598083821845,-3.31510817274766));
#895=CARTESIAN_POINT('',(-0.197527166435629,1.49641238558894,-3.32360674209785));
#896=CARTESIAN_POINT('',(-0.0250862032362575,1.50917963079759,-3.33213265394386));
#897=CARTESIAN_POINT('',(0.142241088991172,1.49324059434594,-3.34144712107313));
#898=CARTESIAN_POINT('',(0.309550338345156,1.47730327659787,-3.350760583825));
#899=CARTESIAN_POINT('',(0.476402057986827,1.43223470940447,-3.3603945930976));
#900=CARTESIAN_POINT('',(0.629002017829788,1.36174757630262,-3.36922295239223));
#901=CARTESIAN_POINT('',(0.781652697633493,1.29123701524818,-3.3780542459867));
#902=CARTESIAN_POINT('',(0.924242810507778,1.19333509253905,-3.38636526539661));
#903=CARTESIAN_POINT('',(1.04488332820901,1.07620575654977,-3.39522783560995));
#904=CARTESIAN_POINT('',(1.16548805856863,0.95911116632948,-3.40408777679091));
#905=CARTESIAN_POINT('',(1.26748681872064,0.819591542153007,-3.4139077609534));
#906=CARTESIAN_POINT('',(1.34247109338878,0.669157203813705,-3.42296375358909));
#907=CARTESIAN_POINT('',(1.41747548539096,0.518682505840988,-3.43202217583326));
#908=CARTESIAN_POINT('',(1.46750740903878,0.353129072582352,-3.44055286222727));
#909=CARTESIAN_POINT('',(1.48838960705436,0.186269636850897,-3.44905057230531));
#910=CARTESIAN_POINT('',(1.50926572566335,0.0194587786855287,-3.45754580845629));
#911=CARTESIAN_POINT('',(1.50158935380832,-0.153217264721458,-3.46697588164239));
#912=CARTESIAN_POINT('',(1.4660181548368,-0.317475620621353,-3.47634210223001));
#913=CARTESIAN_POINT('',(1.43044250051969,-0.481754550124674,-3.4857094959507));
#914=CARTESIAN_POINT('',(1.36597371664104,-0.642170904140428,-3.4948302539849));
#915=CARTESIAN_POINT('',(1.27793968580293,-0.785410822086066,-3.50339046690789));
#916=CARTESIAN_POINT('',(1.18990474869853,-0.928652214614968,-3.511950767954));
#917=CARTESIAN_POINT('',(1.07588195315781,-1.05864693045968,-3.52056011751444));
#918=CARTESIAN_POINT('',(0.945375823011069,-1.16458771815014,-3.52984585583952));
#919=CARTESIAN_POINT('',(0.814882820471994,-1.27051784925999,-3.53913066011246));
#920=CARTESIAN_POINT('',(0.664286097849585,-1.35535377295026,-3.54862828211173));
#921=CARTESIAN_POINT('',(0.506034284176531,-1.4120656157693,-3.55734346038052));
#922=CARTESIAN_POINT('',(0.347747924896468,-1.46878983850987,-3.56606054113065));
#923=CARTESIAN_POINT('',(0.177436969881644,-1.49892793650634,-3.57428485085371));
#924=CARTESIAN_POINT('',(0.00930681532100829,-1.49997112745165,-3.58319323771845));
#925=CARTESIAN_POINT('',(-0.158777917993837,-1.50101403657344,-3.5920992179356));
#926=CARTESIAN_POINT('',(-0.329312286455055,-1.47302514227419,-3.60199453646766));
#927=CARTESIAN_POINT('',(-0.488236057643504,-1.41831786000782,-3.61111758063375));
#928=CARTESIAN_POINT('',(-0.647214564859881,-1.36359173563049,-3.62024376693016));
#929=CARTESIAN_POINT('',(-0.798955580526396,-1.28060503621234,-3.62884294250461));
#930=CARTESIAN_POINT('',(-0.930824599440916,-1.17625063871424,-3.63739415854437));
#931=CARTESIAN_POINT('',(-1.0626551914335,-1.07192665031693,-3.64594288274099));
#932=CARTESIAN_POINT('',(-1.17823685061179,-0.943402198292865,-3.65539815583809));
#933=CARTESIAN_POINT('',(-1.26802550595355,-0.801318486153443,-3.66467696730449));
#934=CARTESIAN_POINT('',(-1.35782494078447,-0.65921771629299,-3.67395689272953));
#935=CARTESIAN_POINT('',(-1.42431017130296,-0.499611185564419,-3.682926461885));
#936=CARTESIAN_POINT('',(-1.46194396409645,-0.33573776350293,-3.69140487498027));
#937=CARTESIAN_POINT('',(-1.49957463491592,-0.171877935834374,-3.69988258473464));
#938=CARTESIAN_POINT('',(-1.50938731167159,0.000746200084061118,-3.70852500909813));
#939=CARTESIAN_POINT('',(-1.49058812939907,0.167770761738575,-3.71787212750827));
#940=CARTESIAN_POINT('',(-1.47179032668596,0.334783066460722,-3.72721855998936));
#941=CARTESIAN_POINT('',(-1.42387181406179,0.50084507022939,-3.73678746336998));
#942=CARTESIAN_POINT('',(-1.35078081102883,0.652220208638378,-3.74556788835191));
#943=CARTESIAN_POINT('',(-1.27766814311459,0.803640216104662,-3.75435091593684));
#944=CARTESIAN_POINT('',(-1.17734110153347,0.9445308158716,-3.76263776991682));
#945=CARTESIAN_POINT('',(-1.05817090335226,1.06314361179413,-3.77158712481415));
#946=CARTESIAN_POINT('',(-0.939033659935792,1.18172360709331,-3.78053400489908));
#947=CARTESIAN_POINT('',(-0.79778991092998,1.28132160724257,-3.79033484674264));
#948=CARTESIAN_POINT('',(-0.64609299360866,1.35372221803803,-3.79934270713982));
#949=CARTESIAN_POINT('',(-0.494352132491513,1.42614380195354,-3.80835317694783));
#950=CARTESIAN_POINT('',(-0.327960394202069,1.47333655428637,-3.81682147645966));
#951=CARTESIAN_POINT('',(-0.160766542104096,1.49135982208852,-3.82535030720833));
#952=CARTESIAN_POINT('',(0.0063750088889089,1.50937745190332,-3.83387646999244));
#953=CARTESIAN_POINT('',(0.178886977107283,1.49874806139767,-3.84342607978561));
#954=CARTESIAN_POINT('',(0.342513186431954,1.46037143121886,-3.85277093839718));
#955=CARTESIAN_POINT('',(0.506165042425761,1.42198878591118,-3.86211726171602));
#956=CARTESIAN_POINT('',(0.665463139222977,1.35477983822314,-3.87115778144588));
#957=CARTESIAN_POINT('',(0.807179389208516,1.26430274603711,-3.87969660280541));
#958=CARTESIAN_POINT('',(0.948889949026855,1.17382928667217,-3.88823508131561));
#959=CARTESIAN_POINT('',(1.07690597053108,1.05760442725463,-3.89695761553405));
#960=CARTESIAN_POINT('',(1.18059484074889,0.925308500985946,-3.90626574716284));
#961=CARTESIAN_POINT('',(1.28427690979799,0.793021252282278,-3.9155732682519));
#962=CARTESIAN_POINT('',(1.36652628151341,0.640989292043916,-3.92500145724589));
#963=CARTESIAN_POINT('',(1.42052196063584,0.481785594794323,-3.93367134645404));
#964=CARTESIAN_POINT('',(1.47452734848364,0.322553271828726,-3.9423427945568));
#965=CARTESIAN_POINT('',(1.50174430078098,0.151755397102426,-3.95055696774097));
#966=CARTESIAN_POINT('',(1.49991079712996,-0.0163585039951104,-3.95956047416573));
#967=CARTESIAN_POINT('',(1.49807775127092,-0.184430430159213,-3.96856173258137));
#968=CARTESIAN_POINT('',(1.46717665811421,-0.354461361159493,-3.97843197844573));
#969=CARTESIAN_POINT('',(1.40975813808956,-0.512427548137554,-3.9875068010054));
#970=CARTESIAN_POINT('',(1.35231827444516,-0.670452454327239,-3.99658499685929));
#971=CARTESIAN_POINT('',(1.26674298648696,-0.820757088101179,-4.0051211213439));
#972=CARTESIAN_POINT('',(1.16014532316595,-0.950822185866623,-4.01370197616564));
#973=CARTESIAN_POINT('',(1.05358146830263,-1.08084603225545,-4.02228010948808));
#974=CARTESIAN_POINT('',(0.923103128231448,-1.19420712837321,-4.03184055661947));
#975=CARTESIAN_POINT('',(0.779503105628856,-1.28155175795399,-4.04109200819771));
#976=CARTESIAN_POINT('',(0.635882005523752,-1.36890920791333,-4.050344817697));
#977=CARTESIAN_POINT('',(0.475152887397237,-1.43265559477426,-4.05923493169709));
#978=CARTESIAN_POINT('',(0.310654644241343,-1.46747868536865,-4.06769893208152));
#979=CARTESIAN_POINT('',(0.14617693338102,-1.50229742942428,-4.07616187600873));
#980=CARTESIAN_POINT('',(-0.0265796438013205,-1.50915294165195,-4.08493113775365));
#981=CARTESIAN_POINT('',(-0.193253524964767,-1.48749893280254,-4.09430156816222));
#982=CARTESIAN_POINT('',(-0.359920980301561,-1.46584575878643,-4.10367163730987));
#983=CARTESIAN_POINT('',(-0.525145219722755,-1.41509042229004,-4.11317122160793));
#984=CARTESIAN_POINT('',(-0.675251240409387,-1.33941620205431,-4.1219058512271));
#985=CARTESIAN_POINT('',(-0.825395471719343,-1.26372271837323,-4.13064270431233));
#986=CARTESIAN_POINT('',(-0.96454384149299,-1.16100073767396,-4.13892705972766));
#987=CARTESIAN_POINT('',(-1.08109401035761,-1.03982486062264,-4.14795984599441));
#988=CARTESIAN_POINT('',(-1.19761460885365,-0.918679727545209,-4.15699034052001));
#989=CARTESIAN_POINT('',(-1.29478300104893,-0.775752197425767,-4.16675603191064));
#990=CARTESIAN_POINT('',(-1.36457840288889,-0.622836882634283,-4.17571434413004));
#991=CARTESIAN_POINT('',(-1.43439493123418,-0.46987528161009,-4.18467536795832));
#992=CARTESIAN_POINT('',(-1.47873385457793,-0.302695652948721,-4.19308636627134));
#993=CARTESIAN_POINT('',(-1.49389290770747,-0.135218269110833,-4.20165537888403));
#994=CARTESIAN_POINT('',(-1.50904704021323,0.0322047516221857,-4.21022160999798));
#995=CARTESIAN_POINT('',(-1.49546821063957,0.204503067001409,-4.21987816977548));
#996=CARTESIAN_POINT('',(-1.45429730848486,0.367449776886178,-4.22919602748876));
#997=CARTESIAN_POINT('',(-1.4131186626104,0.53042713496151,-4.2385156377718));
#998=CARTESIAN_POINT('',(-1.34318882863426,0.688560292875822,-4.24747643639909));
#999=CARTESIAN_POINT('',(-1.25029510009584,0.828711145500244,-4.2559998725592));
#1000=CARTESIAN_POINT('',(-1.15740965925219,0.968849494293611,-4.26452254828436));
#1001=CARTESIAN_POINT('',(-1.03901713425031,1.0948495775735,-4.27336671665203));
#1002=CARTESIAN_POINT('',(-0.904969451185591,1.19625678364674,-4.28268847325522));
#1003=CARTESIAN_POINT('',(-0.770925926162676,1.2976608441572,-4.29200994070568));
#1004=CARTESIAN_POINT('',(-0.617502478022685,1.37729938558295,-4.30136522281284));
#1005=CARTESIAN_POINT('',(-0.457393208592935,1.42856272271576,-4.30999261828825));
#1006=CARTESIAN_POINT('',(-0.297261908947688,1.47983311342122,-4.31862120084909));
#1007=CARTESIAN_POINT('',(-0.126028870314756,1.50412076098954,-4.32685326637109));
#1008=CARTESIAN_POINT('',(0.0420198162246973,1.49941132950383,-4.33594165091522));
#1009=CARTESIAN_POINT('',(0.210030474567132,1.49470296372826,-4.34502797882395));
#1010=CARTESIAN_POINT('',(0.379509084122531,1.46089825567132,-4.35486353842285));
#1011=CARTESIAN_POINT('',(0.536471618212458,1.40078485244978,-4.36388867138538));
#1012=CARTESIAN_POINT('',(0.69349482336995,1.34064821346455,-4.37291729285207));
#1013=CARTESIAN_POINT('',(0.842316920618536,1.2525103308158,-4.38139536645529));
#1014=CARTESIAN_POINT('',(0.970538430029367,1.14370238953852,-4.39001480677177));
#1015=CARTESIAN_POINT('',(1.09871758620279,1.03493038894383,-4.39863139997467));
#1016=CARTESIAN_POINT('',(1.20982609625072,0.902536046159603,-4.40828323481597));
#1017=CARTESIAN_POINT('',(1.29470158893183,0.75746141526642,-4.41750234987502));
#1018=CARTESIAN_POINT('',(1.37959173530015,0.612361737352038,-4.42672305660706));
#1019=CARTESIAN_POINT('',(1.44058047167111,0.450557069305777,-4.43553497345756));
#1020=CARTESIAN_POINT('',(1.47258268515254,0.285482460737827,-4.44399114589895));
#1021=CARTESIAN_POINT('',(1.50457963477066,0.120435004359759,-4.45244592743231));
#1022=CARTESIAN_POINT('',(1.50847663356666,-0.0524034427822947,-4.4613489843611));
#1023=CARTESIAN_POINT('',(1.48397424665715,-0.218678840444824,-4.47073387330109));
#1024=CARTESIAN_POINT('',(1.45947195499178,-0.384953591772058,-4.48011872576072));
#1025=CARTESIAN_POINT('',(1.40589410577745,-0.549292227022431,-4.48954546532073));
#1026=CARTESIAN_POINT('',(1.32765844900856,-0.69808526898666,-4.49823703332943));
#1027=CARTESIAN_POINT('',(1.24940648987786,-0.846909315714025,-4.50693041244439));
#1028=CARTESIAN_POINT('',(1.14432092278858,-0.984273471714633,-4.51523955981696));
#1029=CARTESIAN_POINT('',(1.02117488969415,-1.09872737503811,-4.52434446946308));
#1030=CARTESIAN_POINT('',(0.898056867428546,-1.21315524464688,-4.53344730810409));
#1031=CARTESIAN_POINT('',(0.753486569538567,-1.30786592729996,-4.54317041751828));
#1032=CARTESIAN_POINT('',(0.599397224886236,-1.37503562382895,-4.55207840011454));
#1033=CARTESIAN_POINT('',(0.445261011057485,-1.44222575128627,-4.5609890922415));
#1034=CARTESIAN_POINT('',(0.277344469089364,-1.48369729110129,-4.56934850481824));
#1035=CARTESIAN_POINT('',(0.10963476861442,-1.49598804056412,-4.57796708472573));
#1036=CARTESIAN_POINT('',(-0.0580202874146063,-1.50827478536179,-4.58658285646218));
#1037=CARTESIAN_POINT('',(-0.230055563090923,-1.49175119412415,-4.59633059997105));
#1038=CARTESIAN_POINT('',(-0.392275565730043,-1.44779828723865,-4.60561640378718));
#1039=CARTESIAN_POINT('',(-0.554531189703822,-1.4038357288849,-4.61490424664117));
#1040=CARTESIAN_POINT('',(-0.711453110460528,-1.33120540561415,-4.62378652724565));
#1041=CARTESIAN_POINT('',(-0.849997418597251,-1.23592248477727,-4.63230108846258));
#1042=CARTESIAN_POINT('',(-0.988522828800755,-1.1406525608675,-4.64081448826327));
#1043=CARTESIAN_POINT('',(-1.11247069831276,-1.02012748021736,-4.649785460171));
#1044=CARTESIAN_POINT('',(-1.21156736660611,-0.884366731721137,-4.659112579281));
#1045=CARTESIAN_POINT('',(-1.31066428969633,-0.748605634157554,-4.66843972237283));
#1046=CARTESIAN_POINT('',(-1.387668686431,-0.593835102926032,-4.67771931292506));
#1047=CARTESIAN_POINT('',(-1.43618457598446,-0.432867027739862,-4.68630759608109));
#1048=CARTESIAN_POINT('',(-1.48470498091357,-0.271883971248928,-4.69489667854896));
#1049=CARTESIAN_POINT('',(-1.50605645456598,-0.100267454928458,-4.70317304641088));
#1050=CARTESIAN_POINT('',(-1.49847293282498,0.0676673450853567,-4.71233490493476));
#1051=CARTESIAN_POINT('',(-1.49089092559878,0.235568606626119,-4.7214949337322));
#1052=CARTESIAN_POINT('',(-1.45419217133534,0.404446302848751,-4.73128831703432));
#1053=CARTESIAN_POINT('',(-1.3914011210768,0.560359634759036,-4.74026292166023));
#1054=CARTESIAN_POINT('',(-1.32858566991041,0.71633355534924,-4.74924101386119));
#1055=CARTESIAN_POINT('',(-1.23791208990443,0.863627689613286,-4.75766668265464));
#1056=CARTESIAN_POINT('',(-1.12692757823766,0.989966783991973,-4.76633399773754));
#1057=CARTESIAN_POINT('',(-1.0159799693283,1.11626387015814,-4.77499843090637));
#1058=CARTESIAN_POINT('',(-0.881708042478771,1.22508857221347,-4.78472480704457));
#1059=CARTESIAN_POINT('',(-0.735201097501482,1.3074705909628,-4.79390720101962));
#1060=CARTESIAN_POINT('',(-0.588665154793338,1.38986891536649,-4.80309141244155));
#1061=CARTESIAN_POINT('',(-0.425832424768422,1.44808213444467,-4.81182706822941));
#1062=CARTESIAN_POINT('',(-0.260230169363733,1.47725429732085,-4.82028248231445));
#1063=CARTESIAN_POINT('',(-0.0946613029148728,1.50642057846519,-4.8287361916072));
#1064=CARTESIAN_POINT('',(0.0782086227864428,1.50735875195133,-4.83777663854394));
#1065=CARTESIAN_POINT('',(0.244037859466625,1.4800153793616,-4.84716764121909));
#1066=CARTESIAN_POINT('',(0.409872108024063,1.45267118036978,-4.85655892771967));
#1067=CARTESIAN_POINT('',(0.573277489416319,1.39628613312679,-4.86590998366837));
#1068=CARTESIAN_POINT('',(0.72071407823169,1.31551177016348,-4.8745618066906));
#1069=CARTESIAN_POINT('',(0.868174150888882,1.23472454138186,-4.88321500778354));
#1070=CARTESIAN_POINT('',(1.00371305685202,1.12730741575321,-4.89157314978252));
#1071=CARTESIAN_POINT('',(1.11603787020238,1.00222725580287,-4.90073923640866));
#1072=CARTESIAN_POINT('',(1.22834043620281,0.877171869560168,-4.90990350757541));
#1073=CARTESIAN_POINT('',(1.32056611627397,0.731000257996377,-4.91957726756571));
#1074=CARTESIAN_POINT('',(1.38509047478159,0.575781535540434,-4.92843476060468));
#1075=CARTESIAN_POINT('',(1.44963386049607,0.420517041552504,-4.93729486557744));
#1076=CARTESIAN_POINT('',(1.48822550903664,0.251914553660766,-4.94560904363779));
#1077=CARTESIAN_POINT('',(1.49764483129977,0.0840235638442658,-4.95428689472454));
#1078=CARTESIAN_POINT('',(1.50706115173816,-0.0838139211327687,-4.96296198028449));
#1079=CARTESIAN_POINT('',(1.48759828672074,-0.255536951484145,-4.97278203961142));
#1080=CARTESIAN_POINT('',(1.44087649201435,-0.41698313486329,-4.98203132797374));
#1081=CARTESIAN_POINT('',(1.40964697471506,-0.52489607802886,-4.98821368489587));
#1082=CARTESIAN_POINT('',(1.36594304032958,-0.629940453679415,-4.99422566026747));
#1083=CARTESIAN_POINT('',(1.3113965843832,-0.728175115254938,-5.));
#1084=CARTESIAN_POINT('',(1.3113965843832,-0.728175115254938,-5.));
#1085=CARTESIAN_POINT('',(0.,0.,-5.));
#1086=CARTESIAN_POINT('',(1.30968471431216,0.731249580579076,-5.));
#1087=CARTESIAN_POINT('',(1.30968471431216,0.731249580579076,-5.));
#1088=CARTESIAN_POINT('',(1.2295845183289,0.874710862580241,-4.99155962633205));
#1089=CARTESIAN_POINT('',(1.12420281361051,1.00655629140439,-4.98333213356668));
#1090=CARTESIAN_POINT('',(1.00194773236875,1.11628882534993,-4.97433842231431));
#1091=CARTESIAN_POINT('',(0.876864982525178,1.22855939074319,-4.96513669324654));
#1092=CARTESIAN_POINT('',(0.730670912245312,1.32074840798109,-4.95543542057648));
#1093=CARTESIAN_POINT('',(0.575435831134831,1.38523413336741,-4.94656373561758));
#1094=CARTESIAN_POINT('',(0.420153579833896,1.4497394535768,-4.93768935488228));
#1095=CARTESIAN_POINT('',(0.251538840675708,1.48828933695795,-4.92937275478498));
#1096=CARTESIAN_POINT('',(0.0836429963346806,1.497666134078,-4.92069348830557));
#1097=CARTESIAN_POINT('',(-0.0841972872930778,1.5070398281937,-4.9120170940011));
#1098=CARTESIAN_POINT('',(-0.255915833415407,1.48753321098698,-4.90219636024694));
#1099=CARTESIAN_POINT('',(-0.417350585794263,1.44077010259694,-4.89294762055839));
#1100=CARTESIAN_POINT('',(-0.578825566479676,1.39399534119767,-4.88369657615459));
#1101=CARTESIAN_POINT('',(-0.734471159764074,1.31864600208818,-4.87489206184343));
#1102=CARTESIAN_POINT('',(-0.871343368263075,1.22096713083685,-4.86637935571993));
#1103=CARTESIAN_POINT('',(-1.00819066540414,1.12330603757968,-4.85786819894726));
#1104=CARTESIAN_POINT('',(-1.1300194263683,1.0006530160522,-4.84876660384503));
#1105=CARTESIAN_POINT('',(-1.2267422643658,0.863193730757297,-4.83944195068624));
#1106=CARTESIAN_POINT('',(-1.32346851404333,0.725729596896032,-4.83011696862134));
#1107=CARTESIAN_POINT('',(-1.39777642047312,0.56963781616097,-4.82091634155687));
#1108=CARTESIAN_POINT('',(-1.44348931261408,0.407846299932852,-4.81236370838727));
#1109=CARTESIAN_POINT('',(-1.48920434305134,0.246047215638422,-4.80381067515409));
#1110=CARTESIAN_POINT('',(-1.50756987105915,0.0740941471321052,-4.79546562777047));
#1111=CARTESIAN_POINT('',(-1.49707210915035,-0.0936755037569779,-4.78624048282068));
#1112=CARTESIAN_POINT('',(-1.48657612946618,-0.261416672079267,-4.77701690404097));
#1113=CARTESIAN_POINT('',(-1.44695074540619,-0.429635029057094,-4.76727330338599));
#1114=CARTESIAN_POINT('',(-1.38146047541011,-0.58443729764592,-4.7583502029855));
#1115=CARTESIAN_POINT('',(-1.31594540652165,-0.73929818448141,-4.74942372371658));
#1116=CARTESIAN_POINT('',(-1.22272647007954,-0.884995842691656,-4.74104481840359));
#1117=CARTESIAN_POINT('',(-1.10956787017682,-1.00938552668011,-4.73231908975882));
#1118=CARTESIAN_POINT('',(-0.996446132739032,-1.13373468957367,-4.72359620360119));
#1119=CARTESIAN_POINT('',(-0.860308285954921,-1.24021023263392,-4.71381446629942));
#1120=CARTESIAN_POINT('',(-0.712391397435987,-1.32003730888911,-4.70467321235823));
#1121=CARTESIAN_POINT('',(-0.564441506426641,-1.39988219576988,-4.69552991886532));
#1122=CARTESIAN_POINT('',(-0.400614329894678,-1.45526098119303,-4.6868689983859));
#1123=CARTESIAN_POINT('',(-0.234526611056208,-1.4815523172357,-4.67840665079772));
#1124=CARTESIAN_POINT('',(-0.0684781449069426,-1.50783743966036,-4.66994630317621));
#1125=CARTESIAN_POINT('',(0.104372392262765,-1.50577316505692,-4.66076617815801));
#1126=CARTESIAN_POINT('',(0.269700152827923,-1.47555475247942,-4.6513769619455));
#1127=CARTESIAN_POINT('',(0.435038503993888,-1.44533440416442,-4.64198714427658));
#1128=CARTESIAN_POINT('',(0.597448148716054,-1.38611676705077,-4.63271510134748));
#1129=CARTESIAN_POINT('',(0.743463925537376,-1.30278984929441,-4.62409963903215));
#1130=CARTESIAN_POINT('',(0.889495434849528,-1.21945395346734,-4.61548324844261));
#1131=CARTESIAN_POINT('',(1.02314073344722,-1.10970374185578,-4.60705386156545));
#1132=CARTESIAN_POINT('',(1.13327180380074,-0.982697826755613,-4.59783647015403));
#1133=CARTESIAN_POINT('',(1.24338463541373,-0.8557129450289,-4.58862060522926));
#1134=CARTESIAN_POINT('',(1.33306096531374,-0.70795892009818,-4.57900316773556));
#1135=CARTESIAN_POINT('',(1.39488114778274,-0.551639903886862,-4.57019645157604));
#1136=CARTESIAN_POINT('',(1.45671837078841,-0.395277798835922,-4.56138730787323));
#1137=CARTESIAN_POINT('',(1.49237526274613,-0.226031180954516,-4.55311190923311));
#1138=CARTESIAN_POINT('',(1.49887793137037,-0.0580081619332454,-4.54436368441136));
#1139=CARTESIAN_POINT('',(1.50537861593226,0.109963590728544,-4.53561812880507));
#1140=CARTESIAN_POINT('',(1.48293889213259,0.281319574785459,-4.52574707367709));
#1141=CARTESIAN_POINT('',(1.43342103233085,0.441932284486626,-4.51653879598724));
#1142=CARTESIAN_POINT('',(1.38388910558533,0.602590620754983,-4.50732790242658));
#1143=CARTESIAN_POINT('',(1.30588289073122,0.75693240526453,-4.49859745290031));
#1144=CARTESIAN_POINT('',(1.20587245824922,0.892116368214368,-4.49007906715146));
#1145=CARTESIAN_POINT('',(1.10588438958007,1.02727010202937,-4.48156258623973));
#1146=CARTESIAN_POINT('',(0.981170960151953,1.14697578624565,-4.47233367378668));
#1147=CARTESIAN_POINT('',(0.842078004769746,1.24133179846616,-4.46301869615226));
#1148=CARTESIAN_POINT('',(0.702975877395191,1.33569403265973,-4.45370310427462));
#1149=CARTESIAN_POINT('',(0.545627924473245,1.407322974964,-4.44458170182121));
#1150=CARTESIAN_POINT('',(0.38307280919126,1.45026039829346,-4.43605964176232));
#1151=CARTESIAN_POINT('',(0.220517513404729,1.49319786930152,-4.42753757224036));
#1152=CARTESIAN_POINT('',(0.0482844919527595,1.50861626177763,-4.41910477196725));
#1153=CARTESIAN_POINT('',(-0.119273770399115,1.49525040300773,-4.40982798315239));
#1154=CARTESIAN_POINT('',(-0.286808925684681,1.48188638745213,-4.40055247365));
#1155=CARTESIAN_POINT('',(-0.454329013334458,1.43938844033445,-4.39086412767043));
#1156=CARTESIAN_POINT('',(-0.607991255720362,1.37125731829135,-4.38199137618395));
#1157=CARTESIAN_POINT('',(-0.761708558893679,1.30310178326839,-4.3731154453824));
#1158=CARTESIAN_POINT('',(-0.905788772822494,1.20740314148633,-4.3647756636766));
#1159=CARTESIAN_POINT('',(-1.02822000218135,1.09213718328522,-4.35598240748819));
#1160=CARTESIAN_POINT('',(-1.15061297580854,0.976907241904259,-4.34719189890307));
#1161=CARTESIAN_POINT('',(-1.25474355175842,0.838970265906717,-4.33737855208864));
#1162=CARTESIAN_POINT('',(-1.3320297842253,0.689707658314315,-4.32828104303718));
#1163=CARTESIAN_POINT('',(-1.40933513454745,0.540408128480546,-4.31918128358669));
#1164=CARTESIAN_POINT('',(-1.4619044736078,0.375649729560318,-4.31059071422818));
#1165=CARTESIAN_POINT('',(-1.48534954923546,0.209133250790053,-4.30211350089847));
#1166=CARTESIAN_POINT('',(-1.50878836312525,0.0426612454332046,-4.2936385516727));
#1167=CARTESIAN_POINT('',(-1.50376693265936,-0.130119778479827,-4.28432392748212));
#1168=CARTESIAN_POINT('',(-1.47072455771933,-0.294905536267616,-4.27494379863988));
#1169=CARTESIAN_POINT('',(-1.43767899105077,-0.459707211537266,-4.265562763724));
#1170=CARTESIAN_POINT('',(-1.3756873080196,-0.621088036354773,-4.25637005202536));
#1171=CARTESIAN_POINT('',(-1.28986965469017,-0.765660678048358,-4.24778593209435));
#1172=CARTESIAN_POINT('',(-1.20404716747013,-0.910241463151928,-4.23920132864165));
#1173=CARTESIAN_POINT('',(-1.09203129684677,-1.04198116057451,-4.23068375913484));
#1174=CARTESIAN_POINT('',(-0.963164904668153,-1.14991885210026,-4.22142601290822));
#1175=CARTESIAN_POINT('',(-0.83431549894929,-1.25784231587259,-4.21216948698684));
#1176=CARTESIAN_POINT('',(-0.685044848359242,-1.34498036569098,-4.20261301700605));
#1177=CARTESIAN_POINT('',(-0.527687236086417,-1.40411758085691,-4.19385526038309));
#1178=CARTESIAN_POINT('',(-0.370290529175179,-1.46326948834062,-4.18509532794337));
#1179=CARTESIAN_POINT('',(-0.200460443438448,-1.49602375878182,-4.17685050315852));
#1180=CARTESIAN_POINT('',(-0.0323583322437366,-1.49965093883023,-4.16802260994502));
#1181=CARTESIAN_POINT('',(0.13569542523121,-1.5032770755387,-4.15919725603024));
#1182=CARTESIAN_POINT('',(0.306640497039294,-1.47791093004715,-4.14930100366838));
#1183=CARTESIAN_POINT('',(0.46638460739764,-1.42565262177802,-4.1401364216666));
#1184=CARTESIAN_POINT('',(0.626179232431582,-1.37337778825808,-4.13096894161815));
#1185=CARTESIAN_POINT('',(0.77917149926493,-1.29273740702619,-4.12230935894997));
#1186=CARTESIAN_POINT('',(0.912627126002147,-1.1904250202701,-4.11377740090023));
#1187=CARTESIAN_POINT('',(1.04604784807028,-1.08813939282038,-4.10524767434257));
#1188=CARTESIAN_POINT('',(1.16359619982537,-0.961401900089787,-4.09589605950103));
#1189=CARTESIAN_POINT('',(1.25555820210986,-0.820715298452922,-4.08659739557492));
#1190=CARTESIAN_POINT('',(1.34752894736946,-0.680015321515094,-4.07729784760992));
#1191=CARTESIAN_POINT('',(1.41645758645404,-0.521456898867375,-4.0682563968739));
#1192=CARTESIAN_POINT('',(1.45660664467705,-0.358185821442816,-4.05975983953024));
#1193=CARTESIAN_POINT('',(1.49675394475643,-0.194921893725316,-4.05126365425429));
#1194=CARTESIAN_POINT('',(1.50922093170128,-0.022459984875172,-4.04272646421009));
#1195=CARTESIAN_POINT('',(1.49299087240272,0.144838720382914,-4.03340823713699));
#1196=CARTESIAN_POINT('',(1.47676250693036,0.3121199657584,-4.02409098254691));
#1197=CARTESIAN_POINT('',(1.43140359941633,0.478893588632508,-4.01446338090952));
#1198=CARTESIAN_POINT('',(1.36065080079502,0.631371046450402,-4.00563997578347));
#1199=CARTESIAN_POINT('',(1.28987472229849,0.783898674102697,-3.99681366748223));
#1200=CARTESIAN_POINT('',(1.19172489054758,0.926317939960331,-3.9885055028272));
#1201=CARTESIAN_POINT('',(1.0743864350219,1.04675392917386,-3.97963456376652));
#1202=CARTESIAN_POINT('',(0.957082558119642,1.16715442694772,-3.97076623889451));
#1203=CARTESIAN_POINT('',(0.817385815435894,1.26891041110848,-3.96094689461608));
#1204=CARTESIAN_POINT('',(0.666821087006528,1.34363299971518,-3.95189571284614));
#1205=CARTESIAN_POINT('',(0.516215619250256,1.41837580652303,-3.94284208203612));
#1206=CARTESIAN_POINT('',(0.350574693454827,1.46811974601934,-3.93431795409324));
#1207=CARTESIAN_POINT('',(0.18367896988012,1.48871153553124,-3.92581748495222));
#1208=CARTESIAN_POINT('',(0.0168322472741434,1.50929727924633,-3.91731951156852));
#1209=CARTESIAN_POINT('',(-0.155829383054743,1.5013205287595,-3.90787680291813));
#1210=CARTESIAN_POINT('',(-0.320025631917509,1.46546361091492,-3.89851248007166));
#1211=CARTESIAN_POINT('',(-0.484242974819075,1.42960208658742,-3.88914695420508));
#1212=CARTESIAN_POINT('',(-0.644547772905389,1.36485384953079,-3.8800343580769));
#1213=CARTESIAN_POINT('',(-0.787634694525309,1.27657024404457,-3.87147657944054));
#1214=CARTESIAN_POINT('',(-0.930722348431574,1.18828618674293,-3.86291875700741));
#1215=CARTESIAN_POINT('',(-1.06051760997329,1.07403794709873,-3.85429837991974));
#1216=CARTESIAN_POINT('',(-1.16623081821949,0.943348121657697,-3.84500995016421));
#1217=CARTESIAN_POINT('',(-1.2719337689482,0.812670977254273,-3.83572242167951));
#1218=CARTESIAN_POINT('',(-1.35650784171272,0.661926348813766,-3.82623168078362));
#1219=CARTESIAN_POINT('',(-1.41294428877111,0.503575651545134,-3.81752121779315));
#1220=CARTESIAN_POINT('',(-1.46939284682048,0.345190972975994,-3.80880888557908));
#1221=CARTESIAN_POINT('',(-1.49923434806108,0.174828170128209,-3.80058646386106));
#1222=CARTESIAN_POINT('',(-1.49998504820405,0.00669739981589335,-3.79166842778837));
#1223=CARTESIAN_POINT('',(-1.50073554705883,-0.161388288930948,-3.78275278294381));
#1224=CARTESIAN_POINT('',(-1.47245018807792,-0.331873699317635,-3.7728590699756));
#1225=CARTESIAN_POINT('',(-1.41746651295695,-0.490702236234989,-3.76374084295989));
#1226=CARTESIAN_POINT('',(-1.36246372959041,-0.64958597016638,-3.75461944712506));
#1227=CARTESIAN_POINT('',(-1.27921269059014,-0.801183044735537,-3.74602689304128));
#1228=CARTESIAN_POINT('',(-1.174628745691,-0.932870467855207,-3.7374730629367));
#1229=CARTESIAN_POINT('',(-1.07007559865991,-1.06451911167768,-3.72892175176302));
#1230=CARTESIAN_POINT('',(-0.941350774713694,-1.17987648530906,-3.71945524548441));
#1231=CARTESIAN_POINT('',(-0.799111007678404,-1.26941781829593,-3.71017897156287));
#1232=CARTESIAN_POINT('',(-0.656853770886974,-1.3589701486662,-3.70090155833798));
#1233=CARTESIAN_POINT('',(-0.497130968427399,-1.42517779877857,-3.69194010535646));
#1234=CARTESIAN_POINT('',(-0.333191813823353,-1.46252631265256,-3.68346344389461));
#1235=CARTESIAN_POINT('',(-0.169266971573273,-1.49987156589519,-3.67498752246939));
#1236=CARTESIAN_POINT('',(0.0033729445990473,-1.50938367076438,-3.66633261708516));
#1237=CARTESIAN_POINT('',(0.170364038258184,-1.49029396243432,-3.65698270987308));
#1238=CARTESIAN_POINT('',(0.337343467607162,-1.47120558751835,-3.64763345575102));
#1239=CARTESIAN_POINT('',(0.503322482895213,-1.42299802193158,-3.63807141946031));
#1240=CARTESIAN_POINT('',(0.654570599846932,-1.34964340839202,-3.6292957584423));
#1241=CARTESIAN_POINT('',(0.805862941205153,-1.27626734622677,-3.62051753145252));
#1242=CARTESIAN_POINT('',(0.946578347999398,-1.17569539215693,-3.61223226562293));
#1243=CARTESIAN_POINT('',(1.06498299030516,-1.05631966296225,-3.60327390186064));
#1244=CARTESIAN_POINT('',(1.18335514574697,-0.936976687070117,-3.5943179960184));
#1245=CARTESIAN_POINT('',(1.28270742767937,-0.795559881165536,-3.58452036954771));
#1246=CARTESIAN_POINT('',(1.35484412005732,-0.643737066158321,-3.5755174931051));
#1247=CARTESIAN_POINT('',(1.42700184337249,-0.491869988294197,-3.56651199193819));
#1248=CARTESIAN_POINT('',(1.4739050870594,-0.325395814742695,-3.55804976078326));
#1249=CARTESIAN_POINT('',(1.49163735568335,-0.158170791013951,-3.54951726333801));
#1250=CARTESIAN_POINT('',(1.5093640464444,0.00900163040673372,-3.54098744987538));
#1251=CARTESIAN_POINT('',(1.49843458666552,0.1814941363827,-3.53142633717112));
#1252=CARTESIAN_POINT('',(1.4597733177699,0.345053417208221,-3.52208397612487));
#1253=CARTESIAN_POINT('',(1.4211058658619,0.508638855712616,-3.51274012097521));
#1254=CARTESIAN_POINT('',(1.35361937006099,0.667820631775627,-3.50370774213381));
#1255=CARTESIAN_POINT('',(1.26289533994005,0.809379614493531,-3.49517076800488));
#1256=CARTESIAN_POINT('',(1.17217541166086,0.950932197004739,-3.48663417985216));
#1257=CARTESIAN_POINT('',(1.055728569599,1.07874493058594,-3.47789960927339));
#1258=CARTESIAN_POINT('',(0.923252783499304,1.18220315418315,-3.46858970018462));
#1259=CARTESIAN_POINT('',(0.79078521709435,1.28565495853166,-3.45928036874565));
#1260=CARTESIAN_POINT('',(0.638609766672758,1.36763996425922,-3.44985944551268));
#1261=CARTESIAN_POINT('',(0.47931187153973,1.42135855075385,-3.44119401446393));
#1262=CARTESIAN_POINT('',(0.319985994308875,1.47508657339791,-3.43252706125484));
#1263=CARTESIAN_POINT('',(0.149141508883874,1.50200603654302,-3.42431236617461));
#1264=CARTESIAN_POINT('',(-0.0189679903637096,1.49988006698588,-3.41529969915981));
#1265=CARTESIAN_POINT('',(-0.187035890852362,1.4977546235007,-3.40628926233287));
#1266=CARTESIAN_POINT('',(-0.357012892257685,1.46655789441176,-3.39642218200491));
#1267=CARTESIAN_POINT('',(-0.514879125792931,1.40886460876221,-3.38735235527889));
#1268=CARTESIAN_POINT('',(-0.672804373808361,1.35114975587067,-3.37827913801711));
#1269=CARTESIAN_POINT('',(-0.822960367446424,1.26531270988278,-3.36974915507607));
#1270=CARTESIAN_POINT('',(-0.952839815874986,1.15848879376683,-3.3611647914973));
#1271=CARTESIAN_POINT('',(-1.08267782492932,1.05169896092033,-3.35258316684806));
#1272=CARTESIAN_POINT('',(-1.19581133597262,0.921024069979675,-3.34301274632239));
#1273=CARTESIAN_POINT('',(-1.2829060473411,0.777272200516417,-3.33376436518538));
#1274=CARTESIAN_POINT('',(-1.37001377446269,0.633498848246552,-3.32451460193636));
#1275=CARTESIAN_POINT('',(-1.43348061746355,0.47265821671096,-3.31563250758711));
#1276=CARTESIAN_POINT('',(-1.46801734033725,0.308099153632626,-3.30716961214335));
#1277=CARTESIAN_POINT('',(-1.50254960946699,0.143561311558286,-3.29870780804719));
#1278=CARTESIAN_POINT('',(-1.50910435586428,-0.0292058964089062,-3.28992520388096));
#1279=CARTESIAN_POINT('',(-1.4871604249244,-0.195841442342215,-3.2805529074332));
#1280=CARTESIAN_POINT('',(-1.46521726231054,-0.362471153841119,-3.27118093913902));
#1281=CARTESIAN_POINT('',(-1.41417427350085,-0.527607530425895,-3.2616886118864));
#1282=CARTESIAN_POINT('',(-1.33823860585148,-0.677582049503012,-3.25295849529813));
#1283=CARTESIAN_POINT('',(-1.26228395165816,-0.827594067398332,-3.24422619587869));
#1284=CARTESIAN_POINT('',(-1.15932020752185,-0.966562926817728,-3.23594051478033));
#1285=CARTESIAN_POINT('',(-1.03794238203523,-1.0829014782403,-3.22689988466724));
#1286=CARTESIAN_POINT('',(-0.916595046559799,-1.19921080551324,-3.21786152555309));
#1287=CARTESIAN_POINT('',(-0.773498606458924,-1.29613057715228,-3.20809983544049));
#1288=CARTESIAN_POINT('',(-0.620461890543552,-1.36565992925896,-3.19914661531523));
#1289=CARTESIAN_POINT('',(-0.467378749466878,-1.43521037376407,-3.19019067914444));
#1290=CARTESIAN_POINT('',(-0.300121866392157,-1.47925835457838,-3.18178519765172));
#1291=CARTESIAN_POINT('',(-0.132618525650094,-1.49412594069389,-3.17321157946564));
#1292=CARTESIAN_POINT('',(0.0348303480446207,-1.50898869231766,-3.16464074916227));
#1293=CARTESIAN_POINT('',(0.207104171062253,-1.4951102241259,-3.15497414559011));
#1294=CARTESIAN_POINT('',(0.369979146722001,-1.45365588465457,-3.14565932608676));
#1295=CARTESIAN_POINT('',(0.532885276886585,-1.41219361585331,-3.13634272485734));
#1296=CARTESIAN_POINT('',(0.690897390833075,-1.34198826112741,-3.12738997589599));
#1297=CARTESIAN_POINT('',(0.830886768291075,-1.2488503426267,-3.11886774766086));
#1298=CARTESIAN_POINT('',(0.970862971551621,-1.15572118920052,-3.11034632144029));
#1299=CARTESIAN_POINT('',(1.09665603769572,-1.03711022278359,-3.10148944144273));
#1300=CARTESIAN_POINT('',(1.19782962521175,-0.90288658698924,-3.09216677094397));
#1301=CARTESIAN_POINT('',(1.29900042528121,-0.768666649207598,-3.08284435729531));
#1302=CARTESIAN_POINT('',(1.37837219000222,-0.615104198644264,-3.07349665549846));
#1303=CARTESIAN_POINT('',(1.429356853805,-0.454905467631116,-3.0648734009079));
#1304=CARTESIAN_POINT('',(1.48034830628399,-0.294685405942544,-3.05624899811945));
#1305=CARTESIAN_POINT('',(1.50433771240939,-0.123411019738241,-3.0480135810467));
#1306=CARTESIAN_POINT('',(1.49933595776383,0.0446283066720405,-3.0389172110614));
#1307=CARTESIAN_POINT('',(1.49433532217843,0.212630037052881,-3.02982287623894));
#1308=CARTESIAN_POINT('',(1.46023590980725,0.382049763226752,-3.01999127397719));
#1309=CARTESIAN_POINT('',(1.39984945574581,0.53890769269742,-3.01097125063257));
#1310=CARTESIAN_POINT('',(1.33943961327984,0.695826375142658,-3.00194773372375));
#1311=CARTESIAN_POINT('',(1.25104267244092,0.844495178364667,-2.9934752569828));
#1312=CARTESIAN_POINT('',(1.1420118794116,0.972527052211299,-2.98485137878129));
#1313=CARTESIAN_POINT('',(1.03301717556284,1.1005165475217,-2.97623035508253));
#1314=CARTESIAN_POINT('',(0.900430167196923,1.21139426516157,-2.96657012122933));
#1315=CARTESIAN_POINT('',(0.755207965251885,1.29601733368814,-2.95735454952239));
#1316=CARTESIAN_POINT('',(0.609960314166066,1.38065523179555,-2.94813736285314));
#1317=CARTESIAN_POINT('',(0.448048942262109,1.44136256918785,-2.93933329953417));
#1318=CARTESIAN_POINT('',(0.282918456206648,1.47307744098457,-2.93087753498626));
#1319=CARTESIAN_POINT('',(0.117815775064958,1.5047869725846,-2.92242319423241));
#1320=CARTESIAN_POINT('',(-0.0550281708657669,1.50838313143726,-2.91350627605629));
#1321=CARTESIAN_POINT('',(-0.22126038062143,1.4835915354191,-2.90412039311053));
#1322=CARTESIAN_POINT('',(-0.387492525782514,1.45879994903446,-2.89473451381195));
#1323=CARTESIAN_POINT('',(-0.551738445542338,1.40493596329386,-2.88531535123634));
#1324=CARTESIAN_POINT('',(-0.700395549515076,1.3264411310795,-2.87662798543253));
#1325=CARTESIAN_POINT('',(-0.849082904337857,1.2479303256265,-2.86793885180065));
#1326=CARTESIAN_POINT('',(-0.986263337263647,1.14260622481683,-2.85962577588322));
#1327=CARTESIAN_POINT('',(-1.10050225198846,1.01926188654748,-2.85051415255139));
#1328=CARTESIAN_POINT('',(-1.21471550785391,0.895945252279305,-2.84140457575389));
#1329=CARTESIAN_POINT('',(-1.30917476230843,0.751210240584724,-2.83168618603296));
#1330=CARTESIAN_POINT('',(-1.37607637763986,0.597004022517078,-2.82278334000664));
#1331=CARTESIAN_POINT('',(-1.4429983109552,0.442750972105517,-2.81387779019086));
#1332=CARTESIAN_POINT('',(-1.48417759286814,0.274762359618477,-2.80552327740008));
#1333=CARTESIAN_POINT('',(-1.49617651782096,0.107031899549441,-2.79689911932742));
#1334=CARTESIAN_POINT('',(-1.50817153775806,-0.0606439731225573,-2.78827776796226));
#1335=CARTESIAN_POINT('',(-1.49134883297227,-0.232649745450652,-2.77852175872522));
#1336=CARTESIAN_POINT('',(-1.44711378726741,-0.394793220180592,-2.76923947382551));
#1337=CARTESIAN_POINT('',(-1.40286888569711,-0.556972821566306,-2.75995512077034));
#1338=CARTESIAN_POINT('',(-1.32996516778636,-0.713769008284027,-2.75108072962465));
#1339=CARTESIAN_POINT('',(-1.23444089517007,-0.852147684578039,-2.74256668707752));
#1340=CARTESIAN_POINT('',(-1.13893009881212,-0.990506838851742,-2.73405384566424));
#1341=CARTESIAN_POINT('',(-1.018190177587,-1.11424404932455,-2.72506981980056));
#1342=CARTESIAN_POINT('',(-0.882257440299304,-1.21310420370078,-2.71574259773966));
#1343=CARTESIAN_POINT('',(-0.746323898964292,-1.3119649428386,-2.70641532050789));
#1344=CARTESIAN_POINT('',(-0.591418910540109,-1.38870023756153,-2.69714355495328));
#1345=CARTESIAN_POINT('',(-0.430366149565656,-1.43693596840918,-2.68855903659699));
#1346=CARTESIAN_POINT('',(-0.269299141330376,-1.4851759663494,-2.67997375882576));
#1347=CARTESIAN_POINT('',(-0.0976465220345478,-1.50622856072109,-2.67169153243583));
#1348=CARTESIAN_POINT('',(0.070273980521976,-1.49835295163109,-2.66252282804695));
#1349=CARTESIAN_POINT('',(0.238161429825472,-1.49047889276572,-2.6533559284139));
#1350=CARTESIAN_POINT('',(0.406975315916857,-1.45348645325176,-2.643567226887));
#1351=CARTESIAN_POINT('',(0.562779433653214,-1.39042414717889,-2.63459778238365));
#1352=CARTESIAN_POINT('',(0.718644024587213,-1.3273373643505,-2.62562485651539));
#1353=CARTESIAN_POINT('',(0.865780287008588,-1.23640749953322,-2.61720417481729));
#1354=CARTESIAN_POINT('',(0.991925842516524,-1.12520359177701,-2.60853145905808));
#1355=CARTESIAN_POINT('',(1.11802949271831,-1.01403662574087,-2.59986162435804));
#1356=CARTESIAN_POINT('',(1.22662026470625,-0.879575962297285,-2.59012873049223));
#1357=CARTESIAN_POINT('',(1.30874741994908,-0.732925774397811,-2.58095029236845));
#1358=CARTESIAN_POINT('',(1.39089103933517,-0.586246187334372,-2.5717700142306));
#1359=CARTESIAN_POINT('',(1.44882108608038,-0.423311603636512,-2.56304197767299));
#1360=CARTESIAN_POINT('',(1.47770502121254,-0.257658437244448,-2.5545862264231));
#1361=CARTESIAN_POINT('',(1.50658302815637,-0.0920392697920807,-2.54613221064608));
#1362=CARTESIAN_POINT('',(1.50722037765284,0.0808310414965099,-2.53707772462297));
#1363=CARTESIAN_POINT('',(1.47958859116179,0.246612248081456,-2.52768654716891));
#1364=CARTESIAN_POINT('',(1.45195587485351,0.412399033249705,-2.51829505369915));
#1365=CARTESIAN_POINT('',(1.39528629504401,0.575706863277672,-2.5089518250678));
#1366=CARTESIAN_POINT('',(1.3142551121102,0.723003112228573,-2.50030383490065));
#1367=CARTESIAN_POINT('',(1.23321143607928,0.870322070786768,-2.4916545114174));
#1368=CARTESIAN_POINT('',(1.12555906244457,1.00567312804608,-2.48329015521289));
#1369=CARTESIAN_POINT('',(1.00028428262199,1.11777965357194,-2.47411844616173));
#1370=CARTESIAN_POINT('',(0.87503392116601,1.229864327467,-2.46494852484593));
#1371=CARTESIAN_POINT('',(0.728701832567381,1.32183584052641,-2.45528013543444));
#1372=CARTESIAN_POINT('',(0.573370791443069,1.38609016139642,-2.44642776079671));
#1373=CARTESIAN_POINT('',(0.417994179280124,1.45036333320644,-2.43757278904829));
#1374=CARTESIAN_POINT('',(0.249324799831235,1.48866150200988,-2.42926283009653));
#1375=CARTESIAN_POINT('',(0.0814182272031387,1.4977887275177,-2.4205783975166));
#1376=CARTESIAN_POINT('',(-0.0864350218385211,1.50691305441119,-2.41189672292932));
#1377=CARTESIAN_POINT('',(-0.258123555282221,1.48715167073086,-2.4020704869149));
#1378=CARTESIAN_POINT('',(-0.419488424224548,1.44014911100955,-2.39282513783493));
#1379=CARTESIAN_POINT('',(-0.580894390761615,1.39313458032973,-2.38357743408128));
#1380=CARTESIAN_POINT('',(-0.736428651713885,1.31755384849788,-2.37477945742718));
#1381=CARTESIAN_POINT('',(-0.873155959835897,1.21967154176977,-2.36626656151471));
#1382=CARTESIAN_POINT('',(-1.00985789050393,1.12180740261746,-2.35775524564961));
#1383=CARTESIAN_POINT('',(-1.13150381915722,0.998974183171881,-2.34864250255599));
#1384=CARTESIAN_POINT('',(-1.22802239379858,0.861371580869288,-2.33931841188182));
#1385=CARTESIAN_POINT('',(-1.32454463575153,0.723763750229863,-2.32999396693029));
#1386=CARTESIAN_POINT('',(-1.39862096808737,0.567561179236844,-2.32080016762267));
#1387=CARTESIAN_POINT('',(-1.4440935802958,0.405701529881842,-2.312250374164));
#1388=CARTESIAN_POINT('',(-1.48956813888425,0.243834952392005,-2.30370021474555));
#1389=CARTESIAN_POINT('',(-1.50767815317484,0.0718555662175662,-2.29534829590307));
#1390=CARTESIAN_POINT('',(-1.4969314077992,-0.0958976555725441,-2.2861182549477));
#1391=CARTESIAN_POINT('',(-1.48618645810665,-0.263622847330011,-2.27688975624795));
#1392=CARTESIAN_POINT('',(-1.44631139851896,-0.431782531204099,-2.26715071534774));
#1393=CARTESIAN_POINT('',(-1.38059125660256,-0.586487665848616,-2.25823200785529));
#1394=CARTESIAN_POINT('',(-1.31484631885237,-0.741251169855927,-2.24930993538549));
#1395=CARTESIAN_POINT('',(-1.22141111847278,-0.886810232438198,-2.24093470681806));
#1396=CARTESIAN_POINT('',(-1.10806830562287,-1.01103146838961,-2.23220351540293));
#1397=CARTESIAN_POINT('',(-0.994762310631586,-1.13521235277582,-2.22347516019561));
#1398=CARTESIAN_POINT('',(-0.858466814068964,-1.24148562560328,-2.21368973660873));
#1399=CARTESIAN_POINT('',(-0.710431450424724,-1.32109316637678,-2.20455216060385));
#1400=CARTESIAN_POINT('',(-0.562362742506973,-1.40071863837663,-2.19541252640271));
#1401=CARTESIAN_POINT('',(-0.398452853038943,-1.45585431522838,-2.18675784844641));
#1402=CARTESIAN_POINT('',(-0.232325980470916,-1.48189899750227,-2.17829453319881));
#1403=CARTESIAN_POINT('',(-0.0662388371291283,-1.50793745119279,-2.16983324195228));
#1404=CARTESIAN_POINT('',(0.106607648841996,-1.50561654981437,-2.16064127633605));
#1405=CARTESIAN_POINT('',(0.271890266620629,-1.47515276595916,-2.15125256838164));
#1406=CARTESIAN_POINT('',(0.437183943757694,-1.44468694371717,-2.14186323221183));
#1407=CARTESIAN_POINT('',(0.599506199495517,-1.38522794740111,-2.13259802401023));
#1408=CARTESIAN_POINT('',(0.745398460651285,-1.30168396120514,-2.12398546542255));
#1409=CARTESIAN_POINT('',(0.89130579184208,-1.21813134527933,-2.11537201719507));
#1410=CARTESIAN_POINT('',(1.02478731103057,-1.10818324992973,-2.10693564007218));
#1411=CARTESIAN_POINT('',(1.13472932341242,-0.981014455850667,-2.09771435276844));
#1412=CARTESIAN_POINT('',(1.24465344415108,-0.853866356851129,-2.08849456611016));
#1413=CARTESIAN_POINT('',(1.33411057660252,-0.705979066765004,-2.07888221280399));
#1414=CARTESIAN_POINT('',(1.39569869768806,-0.54956814433868,-2.07007979539249));
#1415=CARTESIAN_POINT('',(1.45730366862343,-0.393114429560359,-2.06127496973392));
#1416=CARTESIAN_POINT('',(1.49270914243567,-0.22381517621344,-2.05300253270454));
#1417=CARTESIAN_POINT('',(1.49896238254908,-0.0557832923266115,-2.04424780527931));
#1418=CARTESIAN_POINT('',(1.5052137233637,0.112197555177762,-2.03549573693049));
#1419=CARTESIAN_POINT('',(1.4825198240264,0.283519822353901,-2.02562146837825));
#1420=CARTESIAN_POINT('',(1.43276361476955,0.444059032328463,-2.01641686128277));
#1421=CARTESIAN_POINT('',(1.38299313163494,0.604644297199344,-2.00720961360357));
#1422=CARTESIAN_POINT('',(1.30475745869264,0.758870804651093,-1.99848544858752));
#1423=CARTESIAN_POINT('',(1.20454611852062,0.893906397984098,-1.98996620395776));
#1424=CARTESIAN_POINT('',(1.1043575334918,1.02891132857716,-1.98144889380599));
#1425=CARTESIAN_POINT('',(0.979467045735436,1.14843118538043,-1.97220910645805));
#1426=CARTESIAN_POINT('',(0.840234229444129,1.2425805566122,-1.96289528924974));
#1427=CARTESIAN_POINT('',(0.700991871733628,1.33673637976128,-1.9535808337793));
#1428=CARTESIAN_POINT('',(0.543537079115735,1.40813187297103,-1.94446634911728));
#1429=CARTESIAN_POINT('',(0.380917954234218,1.45082787130039,-1.93594671040426));
#1430=CARTESIAN_POINT('',(0.218299288880593,1.49352374897972,-1.92742709576598));
#1431=CARTESIAN_POINT('',(0.0460443882412097,1.50868622765633,-1.91898585013514));
#1432=CARTESIAN_POINT('',(-0.121493260781428,1.49507169981399,-1.9097050679814));
#1433=CARTESIAN_POINT('',(-0.289008283722504,1.48145901062355,-1.90042553920405));
#1434=CARTESIAN_POINT('',(-0.456465514708569,1.43871236974265,-1.89074225564626));
#1435=CARTESIAN_POINT('',(-0.61002673242949,1.37035301500066,-1.88187383393768));
#1436=CARTESIAN_POINT('',(-0.763642635428161,1.30196931654509,-1.87300225406123));
#1437=CARTESIAN_POINT('',(-0.907580455888727,1.20605686602871,-1.86466552146758));
#1438=CARTESIAN_POINT('',(-1.02984002104479,1.09060970610685,-1.85586593102881));
#1439=CARTESIAN_POINT('',(-1.15206155456649,0.97519845866488,-1.84706907790394));
#1440=CARTESIAN_POINT('',(-1.2559872709773,0.837107236741474,-1.83725415605788));
#1441=CARTESIAN_POINT('',(-1.33305197080992,0.687729920187019,-1.82816057281994));
#1442=CARTESIAN_POINT('',(-1.4101358928474,0.538315344532266,-1.81906472137464));
#1443=CARTESIAN_POINT('',(-1.4624607157211,0.373478438889288,-1.81048008074067));
#1444=CARTESIAN_POINT('',(-1.48565850040025,0.206927089063977,-1.80200118779217));
#1445=CARTESIAN_POINT('',(-1.50885003180909,0.0404206353623566,-1.79352458044164));
#1446=CARTESIAN_POINT('',(-1.50357210679371,-0.132352003622855,-1.78419854207152));
#1447=CARTESIAN_POINT('',(-1.47028515118758,-0.297088495565384,-1.77481952642504));
#1448=CARTESIAN_POINT('',(-1.43699488739731,-0.461841359646549,-1.76543957865634));
#1449=CARTESIAN_POINT('',(-1.37476333464056,-0.623130693101499,-1.75625379670956));
#1450=CARTESIAN_POINT('',(-1.28873073685152,-0.767576112117979,-1.74767216812643));
#1451=CARTESIAN_POINT('',(-1.20269367694239,-0.912029022862268,-1.73909009445321));
#1452=CARTESIAN_POINT('',(-1.09048279492148,-1.04360154413949,-1.73056413818392));
#1453=CARTESIAN_POINT('',(-0.961456723707045,-1.15134745773746,-1.72130335318795));
#1454=CARTESIAN_POINT('',(-0.832447274159016,-1.259079491066,-1.7120437612042));
#1455=CARTESIAN_POINT('',(-0.683047040940749,-1.34599609354675,-1.7024928150285));
#1456=CARTESIAN_POINT('',(-0.525601457877923,-1.4048996787944,-1.69373923630484));
#1457=CARTESIAN_POINT('',(-0.368117182789442,-1.46381773951343,-1.68498350640179));
#1458=CARTESIAN_POINT('',(-0.198238867175971,-1.49631968063757,-1.67674095740972));
#1459=CARTESIAN_POINT('',(-0.0301322739460709,-1.49969731815018,-1.66790566100037));
#1460=CARTESIAN_POINT('',(0.137926239973112,-1.50307398964188,-1.65907289152917));
#1461=CARTESIAN_POINT('',(0.308833359437313,-1.4774542707959,-1.64917572028822));
#1462=CARTESIAN_POINT('',(0.468499892135708,-1.42495889451901,-1.64001506347561));
#1463=CARTESIAN_POINT('',(0.628217356464279,-1.37244677287259,-1.63085148452787));
#1464=CARTESIAN_POINT('',(0.781090381296199,-1.29157893981427,-1.62219787866006));
#1465=CARTESIAN_POINT('',(0.914394169540805,-1.1890682498115,-1.61366435738922));
#1466=CARTESIAN_POINT('',(1.0476626828852,-1.08658468622732,-1.6051330942621));
#1467=CARTESIAN_POINT('',(1.16502226287606,-0.959673305638948,-1.5957711560165));
#1468=CARTESIAN_POINT('',(1.25677528900807,-0.818850336104637,-1.58647420212608));
#1469=CARTESIAN_POINT('',(1.34853726387227,-0.67801363201471,-1.57717634149771));
#1470=CARTESIAN_POINT('',(1.4172306315358,-0.519352352691364,-1.56814183955652));
#1471=CARTESIAN_POINT('',(1.45713717797852,-0.356021410244956,-1.55964723816859));
#1472=CARTESIAN_POINT('',(1.49704182373904,-0.1926982469787,-1.55115304136434));
#1473=CARTESIAN_POINT('',(1.50925256236005,-0.0202188804726939,-1.54260611819398));
#1474=CARTESIAN_POINT('',(1.49277420122987,0.147055037797258,-1.53328476244501));
#1475=CARTESIAN_POINT('',(1.47629751096729,0.314311994879903,-1.52396435185988));
#1476=CARTESIAN_POINT('',(1.43069094739239,0.481018581755098,-1.51434225750047));
#1477=CARTESIAN_POINT('',(1.35971161029579,0.633391140470744,-1.50552306684579));
#1478=CARTESIAN_POINT('',(1.28870912540453,0.785813390953668,-1.496701000075));
#1479=CARTESIAN_POINT('',(1.19034798242263,0.928086517027766,-1.48839520531544));
#1480=CARTESIAN_POINT('',(1.072831366694,1.04834768022707,-1.47951704003419));
#1481=CARTESIAN_POINT('',(0.955349183851619,1.16857360637562,-1.47064147609449));
#1482=CARTESIAN_POINT('',(0.815501624783748,1.27012218424606,-1.46082290960126));
#1483=CARTESIAN_POINT('',(0.664825990413483,1.3446212858909,-1.45177584929598));
#1484=CARTESIAN_POINT('',(0.514109294732192,1.41914068962901,-1.44272632353462));
#1485=CARTESIAN_POINT('',(0.348394111278803,1.46863875810403,-1.43420775498042));
#1486=CARTESIAN_POINT('',(0.181467830098786,1.48898268177949,-1.42570485971038));
#1487=CARTESIAN_POINT('',(0.0145909039252129,1.50932059037765,-1.41720447848695));
#1488=CARTESIAN_POINT('',(-0.158058020720889,1.50108753852303,-1.40775106662419));
#1489=CARTESIAN_POINT('',(-0.322200883695314,1.46498689091267,-1.39838841353319));
#1490=CARTESIAN_POINT('',(-0.486365283881301,1.4288815065305,-1.38902453196697));
#1491=CARTESIAN_POINT('',(-0.646574503533345,1.36389495267339,-1.37991890151173));
#1492=CARTESIAN_POINT('',(-0.789530523345907,1.27539858581744,-1.37136315487904));
#1493=CARTESIAN_POINT('',(-0.932486644308049,1.18690215634524,-1.36280740219266));
#1494=CARTESIAN_POINT('',(-1.06211139370409,1.07246181406091,-1.35417752174238));
#1495=CARTESIAN_POINT('',(-1.16763015177549,0.941615541855988,-1.34488687057876));
#1496=CARTESIAN_POINT('',(-1.27313899177553,0.810781568342686,-1.33559709267543));
#1497=CARTESIAN_POINT('',(-1.35748941363339,0.659911079906552,-1.32611225709814));
#1498=CARTESIAN_POINT('',(-1.41369071691879,0.501476377207971,-1.31740579933619));
#1499=CARTESIAN_POINT('',(-1.46990390095117,0.343008182001123,-1.30869750106137));
#1500=CARTESIAN_POINT('',(-1.49949223085041,0.172601550332415,-1.30047661897254));
#1501=CARTESIAN_POINT('',(-1.499993337702,0.00447066545457561,-1.29155026181329));
#1502=CARTESIAN_POINT('',(-1.5004943110548,-0.163615428037053,-1.28262628270559));
#1503=CARTESIAN_POINT('',(-1.4719560338368,-0.334058663775371,-1.27273418910572));
#1504=CARTESIAN_POINT('',(-1.41673663354965,-0.492805551063208,-1.2636200895319));
#1505=CARTESIAN_POINT('',(-1.361497897589,-0.651608025299915,-1.25450279855701));
#1506=CARTESIAN_POINT('',(-1.27802148935877,-0.803081897515017,-1.24591585826091));
#1507=CARTESIAN_POINT('',(-1.17324192065261,-0.934614035644333,-1.23735972655131));
#1508=CARTESIAN_POINT('',(-1.06849347697702,-1.06610710182602,-1.22880613646185));
#1509=CARTESIAN_POINT('',(-0.939597973628229,-1.1812728162914,-1.21933013417947));
#1510=CARTESIAN_POINT('',(-0.797225375426977,-1.270602888701,-1.21005607064402));
#1511=CARTESIAN_POINT('',(-0.654834956539043,-1.35994414249839,-1.20078084628));
#1512=CARTESIAN_POINT('',(-0.495013316086991,-1.42591476197012,-1.19182631390019));
#1513=CARTESIAN_POINT('',(-0.33101846349398,-1.46301974587703,-1.18335109706292));
#1514=CARTESIAN_POINT('',(-0.167038533830364,-1.50012135336665,-1.17487665143926));
#1515=CARTESIAN_POINT('',(0.00561443355393907,-1.50937694997787,-1.16621101382561));
#1516=CARTESIAN_POINT('',(0.172576575987097,-1.49003937042631,-1.15685880282266));
#1517=CARTESIAN_POINT('',(0.33952756008506,-1.47070308323474,-1.14750721684226));
#1518=CARTESIAN_POINT('',(0.505435365874125,-1.42224896729448,-1.13795107437244));
#1519=CARTESIAN_POINT('',(0.656574729368347,-1.34866957582459,-1.12917946064039));
#1520=CARTESIAN_POINT('',(0.807757760789937,-1.27506892543546,-1.12040531257061));
#1521=CARTESIAN_POINT('',(0.94832331851317,-1.17428822935019,-1.11212115652151));
#1522=CARTESIAN_POINT('',(1.06655005435715,-1.05473739933254,-1.10315520003911));
#1523=CARTESIAN_POINT('',(1.18474457369987,-0.935219146628626,-1.09419168675829));
#1524=CARTESIAN_POINT('',(1.28388693901247,-0.793654997155493,-1.08439686971208));
#1525=CARTESIAN_POINT('',(1.3557982457918,-0.64172510992473,-1.07539825727875));
#1526=CARTESIAN_POINT('',(1.4277306250638,-0.489750701997872,-1.06639700794167));
#1527=CARTESIAN_POINT('',(1.4743867016054,-0.323206600006182,-1.05793991320161));
#1528=CARTESIAN_POINT('',(1.49187060912147,-0.155955396314285,-1.0494042126645));
#1529=CARTESIAN_POINT('',(1.50934899268483,0.0112429652004509,-1.04087120893907));
#1530=CARTESIAN_POINT('',(1.49816350482166,0.183718458294884,-1.03130038592209));
#1531=CARTESIAN_POINT('',(1.45925943716048,0.347220239989096,-1.02196020176916));
#1532=CARTESIAN_POINT('',(1.42034904184092,0.510748614877324,-1.01261849845645));
#1533=CARTESIAN_POINT('',(1.35262586428062,0.669830749589701,-1.00359306170765));
#1534=CARTESIAN_POINT('',(1.26169133134782,0.811255190677856,-0.995057614356266));
#1535=CARTESIAN_POINT('',(1.17076130138418,0.952672628597059,-0.986522589670012));
#1536=CARTESIAN_POINT('',(1.05412531656584,1.08031158671676,-0.977777681610178));
#1537=CARTESIAN_POINT('',(0.921496362085401,1.18357275005096,-0.968466327062781));
#1538=CARTESIAN_POINT('',(0.788875236098819,1.28682781834063,-0.959155522122989));
#1539=CARTESIAN_POINT('',(0.636577699333053,1.36858703479305,-0.949740826842583));
#1540=CARTESIAN_POINT('',(0.477199801262742,1.42206903829413,-0.941079176752666));
#1541=CARTESIAN_POINT('',(0.317794475644836,1.47556024558203,-0.932416036068238));
#1542=CARTESIAN_POINT('',(0.146910639547864,1.5022257865183,-0.92420065651214));
#1543=CARTESIAN_POINT('',(-0.0211947040266366,1.49985025403246,-0.915180268156133));
#1544=CARTESIAN_POINT('',(-0.189258774288784,1.4974753047886,-0.906162094490617));
#1545=CARTESIAN_POINT('',(-0.359189356303517,1.46602637139851,-0.89629778153114));
#1546=CARTESIAN_POINT('',(-0.51696992059376,1.40809875406567,-0.88723222938884));
#1547=CARTESIAN_POINT('',(-0.674809733785484,1.35014938406825,-0.878163272999583));
#1548=CARTESIAN_POINT('',(-0.824838510907027,1.26408918555338,-0.869638489457611));
#1549=CARTESIAN_POINT('',(-0.95455921504824,1.15707247178666,-0.861051058341922));
#1550=CARTESIAN_POINT('',(-1.08423833375386,1.05009006508516,-0.852466380156583));
#1551=CARTESIAN_POINT('',(-1.19717737845173,0.919247761510207,-0.84288756421817));
#1552=CARTESIAN_POINT('',(-1.28405862240402,0.775366657930235,-0.833641843404266));
#1553=CARTESIAN_POINT('',(-1.37095304715942,0.631463726065899,-0.824394719916778));
#1554=CARTESIAN_POINT('',(-1.43418119395677,0.470528321663182,-0.815519458151267));
#1555=CARTESIAN_POINT('',(-1.4684734682332,0.305917755442791,-0.807057451352085));
#1556=CARTESIAN_POINT('',(-1.50276119979487,0.141328995266579,-0.798596565519184));
#1557=CARTESIAN_POINT('',(-1.5090592834492,-0.0314468709956641,-0.789802521641484));
#1558=CARTESIAN_POINT('',(-1.48686800670586,-0.198049313643238,-0.78042870484002));
#1559=CARTESIAN_POINT('',(-1.46467743995142,-0.364646426003245,-0.771055187944957));
#1560=CARTESIAN_POINT('',(-1.41338910653259,-0.529707435615212,-0.761569081629939));
#1561=CARTESIAN_POINT('',(-1.33723051673312,-0.679569382122002,-0.752842793329097));
#1562=CARTESIAN_POINT('',(-1.2610531811908,-0.829468215781214,-0.744114357131914));
#1563=CARTESIAN_POINT('',(-1.15788338988219,-0.968283551146898,-0.735827324064653));
#1564=CARTESIAN_POINT('',(-1.03633352649815,-1.08444124868796,-0.726780092750875));
#1565=CARTESIAN_POINT('',(-0.914813932102446,-1.20057002002628,-0.717735114426377));
#1566=CARTESIAN_POINT('',(-0.771573691567493,-1.29727740719272,-0.707976898955753));
#1567=CARTESIAN_POINT('',(-0.618433743253618,-1.36657956416955,-0.699028029959383));
#1568=CARTESIAN_POINT('',(-0.46524726563369,-1.43590277758077,-0.690076441981656));
#1569=CARTESIAN_POINT('',(-0.297924875768316,-1.47970237835645,-0.68167562091952));
#1570=CARTESIAN_POINT('',(-0.130399803751809,-1.49432121419108,-0.673097995648822));
#1571=CARTESIAN_POINT('',(0.0370707268003773,-1.50893529054282,-0.664523163012306));
#1572=CARTESIAN_POINT('',(0.209323246155937,-1.49480117052246,-0.654848120173646));
#1573=CARTESIAN_POINT('',(0.372136622980374,-1.45310506634474,-0.645535934113725));
#1574=CARTESIAN_POINT('',(0.534981586172619,-1.41140087297615,-0.636221941456953));
#1575=CARTESIAN_POINT('',(0.692890031378454,-1.34096057545959,-0.627276051146696));
#1576=CARTESIAN_POINT('',(0.832741281163101,-1.24761450722843,-0.618754800048683));
#1577=CARTESIAN_POINT('',(0.972578788187988,-1.15427761183335,-0.610234386308269));
#1578=CARTESIAN_POINT('',(1.09819490441036,-1.03548053014815,-0.601366619420552));
#1579=CARTESIAN_POINT('',(1.19916890261556,-0.901107065225757,-0.592043236212687));
#1580=CARTESIAN_POINT('',(1.30014041682974,-0.766736905931407,-0.58272008236288));
#1581=CARTESIAN_POINT('',(1.37928434287341,-0.613056203800273,-0.57337887129928));
#1582=CARTESIAN_POINT('',(1.43003108343127,-0.452781515104585,-0.564759122146622));
#1583=CARTESIAN_POINT('',(1.48078438766258,-0.292486096196301,-0.556138258100315));
#1584=CARTESIAN_POINT('',(1.50451923997425,-0.121176849222758,-0.547899767618536));
#1585=CARTESIAN_POINT('',(1.499268052766,0.0468540921932366,-0.538796676383057));
#1586=CARTESIAN_POINT('',(1.4940180288187,0.21484781082027,-0.529695601695489));
#1587=CARTESIAN_POINT('',(1.45966721510401,0.384216893035097,-0.51986743705858));
#1588=CARTESIAN_POINT('',(1.39904789988163,0.540985188186467,-0.510851780268446));
#1589=CARTESIAN_POINT('',(1.33840507201596,0.697814289649974,-0.501832626541381));
#1590=CARTESIAN_POINT('',(1.24978728932713,0.846351911610011,-0.493364879104982));
#1591=CARTESIAN_POINT('',(1.14056660603584,0.974221646852445,-0.484737137699448));
#1592=CARTESIAN_POINT('',(1.03138212919212,1.10204899352226,-0.476112256373685));
#1593=CARTESIAN_POINT('',(0.898631027766571,1.21272951422133,-0.466444995532479));
#1594=CARTESIAN_POINT('',(0.753283245054856,1.29713698302054,-0.45723248285335));
#1595=CARTESIAN_POINT('',(0.607909670182917,1.38155943003902,-0.448018335401411));
#1596=CARTESIAN_POINT('',(0.445907633098724,1.44202649560869,-0.439220957380673));
#1597=CARTESIAN_POINT('',(0.28072986349956,1.47349609559697,-0.430765482720779));
#1598=CARTESIAN_POINT('',(0.115580452625,1.50496029269283,-0.422311459748227));
#1599=CARTESIAN_POINT('',(-0.0572677738067075,1.50829973372335,-0.413382686614557));
#1600=CARTESIAN_POINT('',(-0.223462740332737,1.48326140773732,-0.40399602326959));
#1601=CARTESIAN_POINT('',(-0.389658137627205,1.4582230168533,-0.394609335594896));
#1602=CARTESIAN_POINT('',(-0.553824550995801,1.40411498788629,-0.385196661360088));
#1603=CARTESIAN_POINT('',(-0.702365299758139,1.32539917975516,-0.376512853853164));
#1604=CARTESIAN_POINT('',(-0.850935653650249,1.24666768305552,-0.367827315607367));
#1605=CARTESIAN_POINT('',(-0.987958975250271,1.14114029634324,-0.359510691923203));
#1606=CARTESIAN_POINT('',(-1.10201416582631,1.01762703301265,-0.350393428797496));
#1607=CARTESIAN_POINT('',(-1.21604401941877,0.894141207745245,-0.341278191041657));
#1608=CARTESIAN_POINT('',(-1.31028849989019,0.749265979836858,-0.331563883579057));
#1609=CARTESIAN_POINT('',(-1.37696119337524,0.594960395269001,-0.322665421562602));
#1610=CARTESIAN_POINT('',(-1.44365410278682,0.440608023475378,-0.313764261430246));
#1611=CARTESIAN_POINT('',(-1.48458389050625,0.272558327600107,-0.305413877354574));
#1612=CARTESIAN_POINT('',(-1.49633376773991,0.104810569702054,-0.296784879674044));
#1613=CARTESIAN_POINT('',(-1.50807982560758,-0.0628826608106688,-0.288158686899448));
#1614=CARTESIAN_POINT('',(-1.49100192340877,-0.234862854918108,-0.278395780968227));
#1615=CARTESIAN_POINT('',(-1.44652622774824,-0.396940640948316,-0.269116534874606));
#1616=CARTESIAN_POINT('',(-1.40204050025668,-0.559054984854393,-0.259835195776539));
#1617=CARTESIAN_POINT('',(-1.32890366073448,-0.715743502819751,-0.250967521085663));
#1618=CARTESIAN_POINT('',(-1.23317366665011,-0.853980507904443,-0.242453863597534));
#1619=CARTESIAN_POINT('',(-1.13745755770356,-0.992197462430415,-0.233941440971151));
#1620=CARTESIAN_POINT('',(-1.01653459784156,-1.11575462142102,-0.224946262795411));
#1621=CARTESIAN_POINT('',(-0.880455417919636,-1.21441272105325,-0.215619015719951));
#1622=CARTESIAN_POINT('',(-0.744375046352593,-1.31307168463427,-0.206291686965806));
#1623=CARTESIAN_POINT('',(-0.589355688939429,-1.38957716238663,-0.197026615346412));
#1624=CARTESIAN_POINT('',(-0.428231048333465,-1.43757370915137,-0.188445276834693));
#1625=CARTESIAN_POINT('',(-0.267092788763623,-1.48557431279552,-0.17986321299047));
#1626=CARTESIAN_POINT('',(-0.0954097824066448,-1.5063718170628,-0.171575800112335));
#1627=CARTESIAN_POINT('',(0.0724981235759362,-1.49824698300313,-0.162401343873714));
#1628=CARTESIAN_POINT('',(0.240373394318107,-1.49012372811813,-0.153228670818459));
#1629=CARTESIAN_POINT('',(0.409132433942372,-1.45288076292712,-0.14344401968375));
#1630=CARTESIAN_POINT('',(0.564842986606075,-1.38958713310175,-0.13447897978674));
#1631=CARTESIAN_POINT('',(0.720613898966657,-1.32626896811003,-0.125510464678312));
#1632=CARTESIAN_POINT('',(0.867615079360367,-1.2351206330397,-0.117093986796275));
#1633=CARTESIAN_POINT('',(0.993595171486996,-1.12372978744791,-0.10841658367502));
#1634=CARTESIAN_POINT('',(1.11953345495591,-1.01237590882175,-0.0997420602990551));
#1635=CARTESIAN_POINT('',(1.22792435738853,-0.877754507937364,-0.090003769142904));
#1636=CARTESIAN_POINT('',(1.30983383592935,-0.730982436351655,-0.080828737175939));
#1637=CARTESIAN_POINT('',(1.39175991250161,-0.584180623062043,-0.0716518459922912));
#1638=CARTESIAN_POINT('',(1.44944817987643,-0.421159516038618,-0.0629302893701058));
#1639=CARTESIAN_POINT('',(1.47808609332172,-0.255463306032284,-0.0544741884675255));
#1640=CARTESIAN_POINT('',(1.50671804128808,-0.0898016117127,-0.0460198490302791));
#1641=CARTESIAN_POINT('',(1.50709869288388,0.0830686183199975,-0.0369533836179982));
#1642=CARTESIAN_POINT('',(1.47922086080337,0.24880845034715,-0.0275621205184189));
#1643=CARTESIAN_POINT('',(1.45114143666692,0.415746791404399,-0.0181029466849431));
#1644=CARTESIAN_POINT('',(1.39359494033498,0.580141158892398,-0.00870159618235183));
#1645=CARTESIAN_POINT('',(1.31139658436532,0.728175115281321,-2.95190982118124E-16));
#1646=CARTESIAN_POINT('',(0.,0.,-5.));
#1647=CARTESIAN_POINT('',(-0.860988801128205,-0.906199914109363,-5.00000000000114));
#1648=CARTESIAN_POINT('',(-0.776954922596359,-1.0055148572382,-5.00000000000114));
#1649=CARTESIAN_POINT('',(-0.675494598753032,-1.09186939275832,-5.));
#1650=CARTESIAN_POINT('',(-0.565117457921269,-1.16073184589204,-5.));
#1651=CARTESIAN_POINT('',(-0.44605086578745,-1.23501550244285,-5.));
#1652=CARTESIAN_POINT('',(-0.313505804516989,-1.29095153130378,-5.));
#1653=CARTESIAN_POINT('',(-0.177204424281585,-1.32437081823279,-5.));
#1654=CARTESIAN_POINT('',(-0.0322840075699834,-1.35990337835502,-5.));
#1655=CARTESIAN_POINT('',(0.120963686202572,-1.36982434475774,-5.));
#1656=CARTESIAN_POINT('',(0.26940662461295,-1.35468551901739,-5.));
#1657=CARTESIAN_POINT('',(0.415483958511017,-1.33978794742403,-5.));
#1658=CARTESIAN_POINT('',(0.560764672745793,-1.30108872141,-5.));
#1659=CARTESIAN_POINT('',(0.695359758442814,-1.2423972567464,-5.));
#1660=CARTESIAN_POINT('',(0.841890781450419,-1.17850101332537,-5.));
#1661=CARTESIAN_POINT('',(0.979734591706855,-1.08882410701689,-5.));
#1662=CARTESIAN_POINT('',(1.09664509406108,-0.979801150414815,-5.));
#1663=CARTESIAN_POINT('',(1.17729021431801,-0.90459687647114,-5.));
#1664=CARTESIAN_POINT('',(1.24953909938442,-0.819460216943413,-5.));
#1665=CARTESIAN_POINT('',(1.3113965843832,-0.728175115254938,-5.));
#1666=CARTESIAN_POINT('',(-0.860988801128205,-0.906199914109363,-5.00000000000114));
#1667=CARTESIAN_POINT('',(0.,0.,-5.));
#1668=CARTESIAN_POINT('',(-0.860988801131311,0.90619991410641,-4.99999999999859));
#1669=CARTESIAN_POINT('',(1.30968471431216,0.731249580579076,-5.));
#1670=CARTESIAN_POINT('',(1.30919901087474,0.731962770838678,-5.));
#1671=CARTESIAN_POINT('',(1.30871270094777,0.73267554843872,-5.));
#1672=CARTESIAN_POINT('',(1.30822578534093,0.733387911665826,-5.));
#1673=CARTESIAN_POINT('',(1.21015887042869,0.876860955039222,-5.));
#1674=CARTESIAN_POINT('',(1.08489065382322,1.0054343243044,-5.));
#1675=CARTESIAN_POINT('',(0.942243333334459,1.10469849675653,-5.));
#1676=CARTESIAN_POINT('',(0.809573936586379,1.19701931871658,-5.));
#1677=CARTESIAN_POINT('',(0.658994666558119,1.26743331118976,-5.));
#1678=CARTESIAN_POINT('',(0.503227798633411,1.3105724564966,-5.));
#1679=CARTESIAN_POINT('',(0.347510678946123,1.35369782418519,-5.));
#1680=CARTESIAN_POINT('',(0.181710248114902,1.37076714869176,-5.));
#1681=CARTESIAN_POINT('',(0.0207199843854147,1.35699203757456,-5.));
#1682=CARTESIAN_POINT('',(-0.132463939985674,1.34388487487603,-5.));
#1683=CARTESIAN_POINT('',(-0.285384833138838,1.30219229406862,-5.));
#1684=CARTESIAN_POINT('',(-0.424638602078615,1.23703479077238,-5.));
#1685=CARTESIAN_POINT('',(-0.558011422483695,1.17462901137167,-5.));
#1686=CARTESIAN_POINT('',(-0.682946391318299,1.08885676704349,-5.));
#1687=CARTESIAN_POINT('',(-0.787683680412742,0.985353671444549,-5.));
#1688=CARTESIAN_POINT('',(-0.81326244341744,0.960076321080912,-5.));
#1689=CARTESIAN_POINT('',(-0.837760153119891,0.933652554595407,-4.99999999999859));
#1690=CARTESIAN_POINT('',(-0.860988801131311,0.90619991410641,-4.99999999999859));
#1691=CARTESIAN_POINT('',(0.,0.,-5.));
#1692=CARTESIAN_POINT('',(1.29155585924009,0.867656066186418,-0.444679750054766));
#1693=CARTESIAN_POINT('',(0.968427107676476,0.650580962970693,-0.219743942897855));
#1694=CARTESIAN_POINT('',(1.03760217204656,0.697052173487945,-0.267897964673759));
#1695=CARTESIAN_POINT('',(-0.860988801128205,-0.906199914109363,-5.00000000000114));
#1696=CARTESIAN_POINT('',(-0.766133891845683,-0.996322428305968,-4.99175168615619));
#1697=CARTESIAN_POINT('',(-0.65561119933992,-1.07228436135242,-4.98386021200688));
#1698=CARTESIAN_POINT('',(-0.537481776211477,-1.12854478876142,-4.97562858030376));
#1699=CARTESIAN_POINT('',(-0.410934688500107,-1.18881422082547,-4.96681037911767));
#1700=CARTESIAN_POINT('',(-0.272253632277081,-1.22801314021848,-4.95730880423489));
#1701=CARTESIAN_POINT('',(-0.13291130303526,-1.24291374822443,-4.94803423231873));
#1702=CARTESIAN_POINT('',(0.00644415075371212,-1.25781575970723,-4.93875878683775));
#1703=CARTESIAN_POINT('',(0.150346643661218,-1.24881969651157,-4.930070866289));
#1704=CARTESIAN_POINT('',(0.286801963228959,-1.21665304581381,-4.9215094014384));
#1705=CARTESIAN_POINT('',(0.423268683544097,-1.18448370761467,-4.91294722128334));
#1706=CARTESIAN_POINT('',(0.556030752349291,-1.1282623516157,-4.90394135262481));
#1707=CARTESIAN_POINT('',(0.674069331485543,-1.05267779322575,-4.8947103520702));
#1708=CARTESIAN_POINT('',(0.792091250424072,-0.977103902989353,-4.8854806543972));
#1709=CARTESIAN_POINT('',(0.898673018440326,-0.880078660898185,-4.87611715634176));
#1710=CARTESIAN_POINT('',(0.984983413589219,-0.769615277235405,-4.86750727170012));
#1711=CARTESIAN_POINT('',(1.07132266285369,-0.659114964958943,-4.85889450871914));
#1712=CARTESIAN_POINT('',(1.13972744628426,-0.532144084282367,-4.8501983461768));
#1713=CARTESIAN_POINT('',(1.18451168207564,-0.399289462704167,-4.84108865832213));
#1714=CARTESIAN_POINT('',(1.22927787144756,-0.266488376710237,-4.83198264134061));
#1715=CARTESIAN_POINT('',(1.25169118484119,-0.124150121302589,-4.82221945650297));
#1716=CARTESIAN_POINT('',(1.2498976505304,0.015995724384204,-4.81333211332703));
#1717=CARTESIAN_POINT('',(1.24810351365482,0.156188654173578,-4.80444178431462));
#1718=CARTESIAN_POINT('',(1.22201824942828,0.298044972966569,-4.79606704077451));
#1719=CARTESIAN_POINT('',(1.17381766304867,0.429711640422913,-4.78729740032528));
#1720=CARTESIAN_POINT('',(1.12563002893447,0.561342926948234,-4.77853011641814));
#1721=CARTESIAN_POINT('',(1.05402461073573,0.686420286799415,-4.76908341482911));
#1722=CARTESIAN_POINT('',(0.964936486521493,0.794605296345019,-4.7598628522351));
#1723=CARTESIAN_POINT('',(0.875836095217564,0.902805202547473,-4.75064102000532));
#1724=CARTESIAN_POINT('',(0.766756870481139,0.997116095463591,-4.7419854430245));
#1725=CARTESIAN_POINT('',(0.646782052606308,1.06966021540785,-4.73335205667724));
#1726=CARTESIAN_POINT('',(0.526810667211855,1.14220225986433,-4.72471891733123));
#1727=CARTESIAN_POINT('',(0.392655581993279,1.19497491283799,-4.71558122816085));
#1728=CARTESIAN_POINT('',(0.255458556140706,1.22361796574523,-4.70627723763424));
#1729=CARTESIAN_POINT('',(0.118282159422758,1.25225671184342,-4.69697464606852));
#1730=CARTESIAN_POINT('',(-0.0257459767061968,1.25757221841356,-4.68764385094684));
#1731=CARTESIAN_POINT('',(-0.16470485259064,1.23910141293322,-4.67907997552309));
#1732=CARTESIAN_POINT('',(-0.303709995003521,1.2206244575755,-4.6705132487465));
#1733=CARTESIAN_POINT('',(-0.441436888648278,1.1778321927894,-4.66186944778482));
#1734=CARTESIAN_POINT('',(-0.566414612491207,1.11430448565758,-4.65281321933167));
#1735=CARTESIAN_POINT('',(-0.691353161303102,1.05079669167365,-4.64375982960865));
#1736=CARTESIAN_POINT('',(-0.807004044673425,0.964826957319737,-4.63406327219958));
#1737=CARTESIAN_POINT('',(-0.903828436635292,0.863477942468367,-4.62521685759958));
#1738=CARTESIAN_POINT('',(-1.00068851223137,0.762091576479536,-4.61636718274443));
#1739=CARTESIAN_POINT('',(-1.08135721868081,0.642516375083726,-4.6079160787439));
#1740=CARTESIAN_POINT('',(-1.139097337998,0.514739987339114,-4.59904705658155));
#1741=CARTESIAN_POINT('',(-1.19681441265117,0.38701459643968,-4.5901815741354));
#1742=CARTESIAN_POINT('',(-1.23322389945078,0.247582490105575,-4.58061771437981));
#1743=CARTESIAN_POINT('',(-1.24532829628794,0.107969599724112,-4.57137880846634));
#1744=CARTESIAN_POINT('',(-1.2574344368047,-0.0316634023698837,-4.56213857165699));
#1745=CARTESIAN_POINT('',(-1.24555273395364,-0.175368244868243,-4.55355970634332));
#1746=CARTESIAN_POINT('',(-1.21065408320015,-0.311153805746937,-4.54497591226781));
#1747=CARTESIAN_POINT('',(-1.17575464738376,-0.446942421190897,-4.53639192509548));
#1748=CARTESIAN_POINT('',(-1.11688600933079,-0.578541516416153,-4.5273079466439));
#1749=CARTESIAN_POINT('',(-1.03895329066909,-0.695036732704019,-4.51805810965594));
#1750=CARTESIAN_POINT('',(-0.961028338885784,-0.811520338923675,-4.50880919451905));
#1751=CARTESIAN_POINT('',(-0.861879073339517,-0.916142399282368,-4.49956191694602));
#1752=CARTESIAN_POINT('',(-0.749704519431748,-1.00022154223133,-4.49096899915652));
#1753=CARTESIAN_POINT('',(-0.637497912765807,-1.08432470995544,-4.4823736260266));
#1754=CARTESIAN_POINT('',(-0.509189489171151,-1.15016512899167,-4.4736103525416));
#1755=CARTESIAN_POINT('',(-0.375471616350192,-1.19227558278922,-4.46445688275356));
#1756=CARTESIAN_POINT('',(-0.241802421849141,-1.23437070680252,-4.45530674517176));
#1757=CARTESIAN_POINT('',(-0.0990421855834794,-1.25392834556301,-4.44555584684355));
#1758=CARTESIAN_POINT('',(0.0410451734303213,-1.24932593575019,-4.43675086470422));
#1759=CARTESIAN_POINT('',(0.181183175777706,-1.24472186210861,-4.42794269945365));
#1760=CARTESIAN_POINT('',(0.322490420170547,-1.21579588355894,-4.41954222898336));
#1761=CARTESIAN_POINT('',(0.45316497059971,-1.16496416658255,-4.41072523457132));
#1762=CARTESIAN_POINT('',(0.583798926695579,-1.11414824058959,-4.40191097917777));
#1763=CARTESIAN_POINT('',(0.707410491941931,-1.04005346525019,-4.39240224056337));
#1764=CARTESIAN_POINT('',(0.813788283622275,-0.948814328221867,-4.3832171858841));
#1765=CARTESIAN_POINT('',(0.920185938730392,-0.857558154535983,-4.3740304161225));
#1766=CARTESIAN_POINT('',(1.0122970416262,-0.746600436248373,-4.36546746619286));
#1767=CARTESIAN_POINT('',(1.08242114953875,-0.625191534676551,-4.3568051861501));
#1768=CARTESIAN_POINT('',(1.15253831800451,-0.503794647669154,-4.34814376332226));
#1769=CARTESIAN_POINT('',(1.20260652955659,-0.36861822786584,-4.33892816742313));
#1770=CARTESIAN_POINT('',(1.22849271068644,-0.230880184923418,-4.32961264880907));
#1771=CARTESIAN_POINT('',(1.25437621251398,-0.0931563983078018,-4.3202980943809));
#1772=CARTESIAN_POINT('',(1.2568033343258,0.0509597827234497,-4.31109624579013));
#1773=CARTESIAN_POINT('',(1.23554887709579,0.18952301260618,-4.30255005581339));
#1774=CARTESIAN_POINT('',(1.2142882041313,0.328126764448027,-4.29400136655628));
#1775=CARTESIAN_POINT('',(1.16874536413497,0.464959743585277,-4.28529070425886));
#1776=CARTESIAN_POINT('',(1.10272888839686,0.588633161395984,-4.27619086988167));
#1777=CARTESIAN_POINT('',(1.03673109436788,0.712271581415711,-4.26709361062618));
#1778=CARTESIAN_POINT('',(0.948460377226605,0.826178435374761,-4.25741867355654));
#1779=CARTESIAN_POINT('',(0.845187468050301,0.920955017278652,-4.24864179481149));
#1780=CARTESIAN_POINT('',(0.741874478073417,1.01576838251042,-4.23986150971012));
#1781=CARTESIAN_POINT('',(0.620704414212308,1.09402318924685,-4.2313753394759));
#1782=CARTESIAN_POINT('',(0.491796005455005,1.14918957923334,-4.22245720634639));
#1783=CARTESIAN_POINT('',(0.362943445767418,1.20433206859465,-4.21354293696359));
#1784=CARTESIAN_POINT('',(0.222815329476612,1.23793860154027,-4.20392266916509));
#1785=CARTESIAN_POINT('',(0.0829865258940291,1.24724225253959,-4.19473092088843));
#1786=CARTESIAN_POINT('',(-0.0568690667664411,1.25654768597733,-4.18553741161223));
#1787=CARTESIAN_POINT('',(-0.200317676334173,1.24178474654725,-4.17705022282735));
#1788=CARTESIAN_POINT('',(-0.335378857428653,1.20416818675377,-4.16843800514809));
#1789=CARTESIAN_POINT('',(-0.470434633192156,1.16655313242584,-4.15982613214142));
#1790=CARTESIAN_POINT('',(-0.60081826952222,1.10506142546669,-4.15066447416293));
#1791=CARTESIAN_POINT('',(-0.715724036010678,1.02481174089518,-4.14140314651888));
#1792=CARTESIAN_POINT('',(-0.830623420474183,0.944566513501972,-4.13214233326175));
#1793=CARTESIAN_POINT('',(-0.933244020151967,0.843331975688874,-4.12301807374545));
#1794=CARTESIAN_POINT('',(-1.01505789341079,0.72949124259613,-4.11443289098918));
#1795=CARTESIAN_POINT('',(-1.09689061198291,0.615624287003514,-4.10584573068983));
#1796=CARTESIAN_POINT('',(-1.16014031364623,0.486030804919625,-4.09701133960835));
#1797=CARTESIAN_POINT('',(-1.19956040385388,0.351503680643494,-4.08781753469108));
#1798=CARTESIAN_POINT('',(-1.23896776144277,0.217020008388326,-4.07862669935639));
#1799=CARTESIAN_POINT('',(-1.25566188743482,0.0738931977352409,-4.06891768722937));
#1800=CARTESIAN_POINT('',(-1.24825223065823,-0.0660785037417819,-4.06018332053201));
#1801=CARTESIAN_POINT('',(-1.24083975410515,-0.206103472046856,-4.05144562993414));
#1802=CARTESIAN_POINT('',(-1.20908526810062,-0.346803253163264,-4.04301049505796));
#1803=CARTESIAN_POINT('',(-1.15564367611076,-0.476432255273715,-4.03414472651203));
#1804=CARTESIAN_POINT('',(-1.10222030385544,-0.606017063229059,-4.02528198055475));
#1805=CARTESIAN_POINT('',(-1.02566594623363,-0.72811447527039,-4.01571707973963));
#1806=CARTESIAN_POINT('',(-0.932311632910237,-0.832643392539836,-4.00657896941788));
#1807=CARTESIAN_POINT('',(-0.83893555997214,-0.937196674071459,-3.99743872912749));
#1808=CARTESIAN_POINT('',(-0.726144442206472,-1.02706993116564,-3.98894927541397));
#1809=CARTESIAN_POINT('',(-0.603350403540102,-1.09474576525694,-3.98025276939216));
#1810=CARTESIAN_POINT('',(-0.480577085655822,-1.1624101794436,-3.97155773085532));
#1811=CARTESIAN_POINT('',(-0.34443353130092,-1.20975454719975,-3.96226556949037));
#1812=CARTESIAN_POINT('',(-0.206208999044442,-1.23287381702795,-3.95294664939284));
#1813=CARTESIAN_POINT('',(-0.0679920724940901,-1.25599181473485,-3.94362824206223));
#1814=CARTESIAN_POINT('',(0.0761550604763932,-1.25552885519523,-3.93456016236452));
#1815=CARTESIAN_POINT('',(0.214266842100122,-1.23149897294981,-3.92602237259365));
#1816=CARTESIAN_POINT('',(0.352412599389125,-1.20746317932431,-3.91748248251617));
#1817=CARTESIAN_POINT('',(0.488296173269542,-1.15918859834171,-3.90870093360274));
#1818=CARTESIAN_POINT('',(0.610615651843374,-1.09071010159615,-3.89956091174339));
#1819=CARTESIAN_POINT('',(0.732904540616975,-1.02224873003425,-3.89042317563154));
#1820=CARTESIAN_POINT('',(0.845022850185224,-0.931711004866695,-3.88079678660325));
#1821=CARTESIAN_POINT('',(0.937712793557775,-0.826555936883931,-3.87207807052794));
#1822=CARTESIAN_POINT('',(1.03043957822874,-0.721359073112991,-3.86335588904085));
#1823=CARTESIAN_POINT('',(1.10624810179955,-0.598644659887068,-3.85482654078629));
#1824=CARTESIAN_POINT('',(1.15881841493973,-0.468657530822858,-3.84585872909451));
#1825=CARTESIAN_POINT('',(1.21136495591201,-0.33872918162264,-3.83689497262539));
#1826=CARTESIAN_POINT('',(1.24215588442877,-0.197960147006487,-3.82722507201939));
#1827=CARTESIAN_POINT('',(1.24865506485633,-0.0579700699380913,-3.81809255866118));
#1828=CARTESIAN_POINT('',(1.25515577564448,0.0820529705628227,-3.80895789487207));
#1829=CARTESIAN_POINT('',(1.23751705929386,0.22518642896129,-3.80054057042351));
#1830=CARTESIAN_POINT('',(1.19719764835811,0.3594687618776,-3.7918945677194));
#1831=CARTESIAN_POINT('',(1.15688237419579,0.493737317420341,-3.78324945209557));
#1832=CARTESIAN_POINT('',(1.09279262893445,0.622853545754907,-3.77401145767073));
#1833=CARTESIAN_POINT('',(1.01025784634831,0.736124367136202,-3.76474673697706));
#1834=CARTESIAN_POINT('',(0.927723797452691,0.849394181599858,-3.75548209864185));
#1835=CARTESIAN_POINT('',(0.824443585702826,0.949972002918709,-3.74648335542886));
#1836=CARTESIAN_POINT('',(0.708982177898273,1.02948738283799,-3.73789724552388));
#1837=CARTESIAN_POINT('',(0.593501169709551,1.10901626105098,-3.72930967806649));
#1838=CARTESIAN_POINT('',(0.46267523027709,1.16964990161833,-3.72040102525462));
#1839=CARTESIAN_POINT('',(0.327392784340283,1.20636394374248,-3.71117112984915));
#1840=CARTESIAN_POINT('',(0.192148323807034,1.24306767708121,-3.70194382606818));
#1841=CARTESIAN_POINT('',(0.0487106001160462,1.25689116055933,-3.69230242957595));
#1842=CARTESIAN_POINT('',(-0.0910884615867332,1.24667673924148,-3.68362722207642));
#1843=CARTESIAN_POINT('',(-0.230942005537222,1.23645833717708,-3.67494863369008));
#1844=CARTESIAN_POINT('',(-0.37097582663577,1.20188859878414,-3.66647069561926));
#1845=CARTESIAN_POINT('',(-0.499505970034385,1.14585940930814,-3.65755556481626));
#1846=CARTESIAN_POINT('',(-0.627990226290405,1.08985022307293,-3.64864361684544));
#1847=CARTESIAN_POINT('',(-0.748525682918116,1.01086672066232,-3.6390293269352));
#1848=CARTESIAN_POINT('',(-0.851164632682162,0.915433650283319,-3.62995017860524));
#1849=CARTESIAN_POINT('',(-0.953831842885573,0.819974303519909,-3.62086853043754));
#1850=CARTESIAN_POINT('',(-1.0414297068429,0.70539590253397,-3.6124291456885));
#1851=CARTESIAN_POINT('',(-1.10662979623875,0.581266284999044,-3.60369383445785));
#1852=CARTESIAN_POINT('',(-1.17181448698715,0.457165983807642,-3.59496058629152));
#1853=CARTESIAN_POINT('',(-1.21641656494812,0.320109666027629,-3.58559411461104));
#1854=CARTESIAN_POINT('',(-1.23675977100854,0.181453213845585,-3.57628065538429));
#1855=CARTESIAN_POINT('',(-1.25710287308823,0.0427974703815985,-3.56696724376165));
#1856=CARTESIAN_POINT('',(-1.25374905819492,-0.101323228073242,-3.55803331789199));
#1857=CARTESIAN_POINT('',(-1.22695290359298,-0.238927964802699,-3.54949521728388));
#1858=CARTESIAN_POINT('',(-1.20015153150792,-0.376559494570226,-3.54095545422098));
#1859=CARTESIAN_POINT('',(-1.14916487300626,-0.51143873041135,-3.53209986270057));
#1860=CARTESIAN_POINT('',(-1.07825174220311,-0.632355264417051,-3.52292387399603));
#1861=CARTESIAN_POINT('',(-1.0073538719768,-0.753245777063414,-3.51374985997345));
#1862=CARTESIAN_POINT('',(-0.914583820680582,-0.863531368889789,-3.50419510743803));
#1863=CARTESIAN_POINT('',(-0.807588816843924,-0.954096589926109,-3.49552351724654));
#1864=CARTESIAN_POINT('',(-0.700551748993594,-1.04469741577162,-3.48684851790627));
#1865=CARTESIAN_POINT('',(-0.576344364043598,-1.11802797951425,-3.47826869994825));
#1866=CARTESIAN_POINT('',(-0.445332486514514,-1.16798072606309,-3.46925148252989));
#1867=CARTESIAN_POINT('',(-0.314380034286652,-1.21791081468911,-3.46023835520529));
#1868=CARTESIAN_POINT('',(-0.173025297411176,-1.24587437007529,-3.45052649405239));
#1869=CARTESIAN_POINT('',(-0.032928652553929,-1.24956620626559,-3.44146584263275));
#1870=CARTESIAN_POINT('',(0.107206461205903,-1.253259056191,-3.43240270326405));
#1871=CARTESIAN_POINT('',(0.249965501680465,-1.23275117401384,-3.4240290454664));
#1872=CARTESIAN_POINT('',(0.383414664797093,-1.18974501252097,-3.41534465248877));
#1873=CARTESIAN_POINT('',(0.516842015540987,-1.14674588041969,-3.40666167898214));
#1874=CARTESIAN_POINT('',(0.644639471265788,-1.08008397592937,-3.39734960663095));
#1875=CARTESIAN_POINT('',(0.756230487043875,-0.995296664550512,-3.38809032244296));
#1876=CARTESIAN_POINT('',(0.867825950126539,-0.910505974091399,-3.37883066923909));
#1877=CARTESIAN_POINT('',(0.96632015457969,-0.805220611366603,-3.36995559654085));
#1878=CARTESIAN_POINT('',(1.04350465024436,-0.688184600901819,-3.36136050316725));
#1879=CARTESIAN_POINT('',(1.12069726406206,-0.571136280759621,-3.35276450577423));
#1880=CARTESIAN_POINT('',(1.17869052551643,-0.439130709554593,-3.34377932722239));
#1881=CARTESIAN_POINT('',(1.21268378019943,-0.303146910327679,-3.33451838606227));
#1882=CARTESIAN_POINT('',(1.2466689553328,-0.167195431861583,-3.3252596460516));
#1883=CARTESIAN_POINT('',(1.25761548750819,-0.023502734236565,-3.31570759097932));
#1884=CARTESIAN_POINT('',(1.24459972468233,0.116066900194148,-3.30708042716457));
#1885=CARTESIAN_POINT('',(1.23157894424552,0.25569033908749,-3.2984499375554));
#1886=CARTESIAN_POINT('',(1.19420838906028,0.394999616039281,-3.28992188189614));
#1887=CARTESIAN_POINT('',(1.13561502271538,0.522377756210245,-3.28095764241709));
#1888=CARTESIAN_POINT('',(1.07704256282811,0.649710447111819,-3.2719966014314));
#1889=CARTESIAN_POINT('',(0.995661155514059,0.768636698036832,-3.26234059421106));
#1890=CARTESIAN_POINT('',(0.898186482815124,0.869345180056919,-3.25333296874846));
#1891=CARTESIAN_POINT('',(0.800681366432611,0.970085115756977,-3.24432252998789));
#1892=CARTESIAN_POINT('',(0.684362949369936,1.05537067991606,-3.23590554459966));
#1893=CARTESIAN_POINT('',(0.558948017781663,1.11806847438694,-3.22712762483056));
#1894=CARTESIAN_POINT('',(0.433570595816862,1.18074751693863,-3.2183523303985));
#1895=CARTESIAN_POINT('',(0.29565606956963,1.22258995331921,-3.20891472120716));
#1896=CARTESIAN_POINT('',(0.156622308984011,1.24014896376545,-3.19961629791742));
#1897=CARTESIAN_POINT('',(0.0175821926501578,1.2577087768991,-3.19031744956229));
#1898=CARTESIAN_POINT('',(-0.1264543735117,1.25146442942716,-3.18151358215084));
#1899=CARTESIAN_POINT('',(-0.26349668169691,1.22191223037284,-3.17296707020295));
#1900=CARTESIAN_POINT('',(-0.400558089084423,1.19235591271138,-3.16441936715165));
#1901=CARTESIAN_POINT('',(-0.534378603830304,1.13867783359405,-3.15548746491558));
#1902=CARTESIAN_POINT('',(-0.653843837459559,1.0653582666015,-3.14628053349752));
#1903=CARTESIAN_POINT('',(-0.773287766611565,0.992051774835942,-3.13707524397019));
#1904=CARTESIAN_POINT('',(-0.881696924536106,0.897084945437335,-3.12761125117302));
#1905=CARTESIAN_POINT('',(-0.970100210794247,0.788292826947549,-3.11897613479911));
#1906=CARTESIAN_POINT('',(-1.05853634628405,0.679460283065737,-3.11033780975559));
#1907=CARTESIAN_POINT('',(-1.12935816709596,0.553812279059206,-3.10170107661418));
#1908=CARTESIAN_POINT('',(-1.17667291165696,0.421830367532682,-3.09263557582015));
#1909=CARTESIAN_POINT('',(-1.22396704289962,0.289905955738702,-3.08357402453606));
#1910=CARTESIAN_POINT('',(-1.24909251823585,0.148020996654905,-3.07382877311023));
#1911=CARTESIAN_POINT('',(-1.24997520822496,0.00787266301561496,-3.06485311573189));
#1912=CARTESIAN_POINT('',(-1.25085817032259,-0.132318874415949,-3.05587469141065));
#1913=CARTESIAN_POINT('',(-1.22748915674798,-0.274643906302144,-3.04751418408965));
#1914=CARTESIAN_POINT('',(-1.18181362746598,-0.407205783278792,-3.03878757592719));
#1915=CARTESIAN_POINT('',(-1.1361481648786,-0.53973844417511,-3.03006289107248));
#1916=CARTESIAN_POINT('',(-1.06694100971826,-0.666166484669997,-3.02067992004474));
#1917=CARTESIAN_POINT('',(-0.979934598430129,-0.776033622209398,-3.01143560898055));
#1918=CARTESIAN_POINT('',(-0.892920366636053,-0.885910635073959,-3.00219046699841));
#1919=CARTESIAN_POINT('',(-0.785671495639928,-0.982281044453582,-2.9934328381343));
#1920=CARTESIAN_POINT('',(-0.667107667529474,-1.05710328725408,-2.98482134656083));
#1921=CARTESIAN_POINT('',(-0.548539380306978,-1.13192834407273,-2.97620953111451));
#1922=CARTESIAN_POINT('',(-0.415407367199365,-1.18725813454741,-2.96714646266531));
#1923=CARTESIAN_POINT('',(-0.278776330827404,-1.21851703203952,-2.95786031946305));
#1924=CARTESIAN_POINT('',(-0.142171742039302,-1.24976987876649,-2.94857597377369));
#1925=CARTESIAN_POINT('',(0.00171968548142896,-1.25783425394468,-2.93913085310076));
#1926=CARTESIAN_POINT('',(0.141003327268506,-1.2420217637784,-2.93054100638175));
#1927=CARTESIAN_POINT('',(0.280337742866078,-1.22620350940055,-2.92194802836));
#1928=CARTESIAN_POINT('',(0.418863914361134,-1.18604803296855,-2.91336339172483));
#1929=CARTESIAN_POINT('',(0.545037223157662,-1.12491529697689,-2.90435114726128));
#1930=CARTESIAN_POINT('',(0.671167742557304,-1.06380329304756,-2.89534195913753));
#1931=CARTESIAN_POINT('',(0.788438177227707,-0.980056305780287,-2.88565324178694));
#1932=CARTESIAN_POINT('',(0.887176398580666,-0.880578240590489,-2.87672975541225));
#1933=CARTESIAN_POINT('',(0.985948534867606,-0.781066006342678,-2.86780320396865));
#1934=CARTESIAN_POINT('',(1.06888584123254,-0.663056186681984,-2.85937723012178));
#1935=CARTESIAN_POINT('',(1.1290560038172,-0.536407065803887,-2.85055369864659));
#1936=CARTESIAN_POINT('',(1.18920480871331,-0.409802899640257,-2.84173329912632));
#1937=CARTESIAN_POINT('',(1.22827165183139,-0.271084952436177,-2.83222864841322));
#1938=CARTESIAN_POINT('',(1.2430396575668,-0.131728545562638,-2.82295551852029));
#1939=CARTESIAN_POINT('',(1.25780908973087,0.00764132162345532,-2.81368149294392));
#1940=CARTESIAN_POINT('',(1.24867598072075,0.151535753002871,-2.80499907572052));
#1941=CARTESIAN_POINT('',(1.21637935627008,0.287960520974651,-2.79643669934196));
#1942=CARTESIAN_POINT('',(1.18408012543899,0.424396298606125,-2.78787363196827));
#1943=CARTESIAN_POINT('',(1.12773258604453,0.557104363194484,-2.77886405965317));
#1944=CARTESIAN_POINT('',(1.05203588154654,0.675070739951441,-2.76963201025928));
#1945=CARTESIAN_POINT('',(0.976349716405746,0.793020692086093,-2.76040124625644));
#1946=CARTESIAN_POINT('',(0.879222797637046,0.899510396496278,-2.7510430480515));
#1947=CARTESIAN_POINT('',(0.768677186803965,0.985715670204721,-2.74243418536492));
#1948=CARTESIAN_POINT('',(0.658094854175415,1.07194958016933,-2.73382246292757));
#1949=CARTESIAN_POINT('',(0.531059303648476,1.1402332620148,-2.72512321815286));
#1950=CARTESIAN_POINT('',(0.398162486440104,1.18489097996064,-2.71601138604037));
#1951=CARTESIAN_POINT('',(0.265318985747715,1.22953078179697,-2.70690320947925));
#1952=CARTESIAN_POINT('',(0.122959452878277,1.25180874289726,-2.69713988328077));
#1953=CARTESIAN_POINT('',(-0.017184911943641,1.24988186593833,-2.68825671839939));
#1954=CARTESIAN_POINT('',(-0.157376544259024,1.24795433908781,-2.67937055742938));
#1955=CARTESIAN_POINT('',(-0.299208120603955,1.22173398426543,-2.67099480631098));
#1956=CARTESIAN_POINT('',(-0.430828908523526,1.17340804990439,-2.66222296252762));
#1957=CARTESIAN_POINT('',(-0.562414036368249,1.12509520850886,-2.65345349530356));
#1958=CARTESIAN_POINT('',(-0.687422926573508,1.05337097348921,-2.64400372966435));
#1959=CARTESIAN_POINT('',(-0.795523109854051,0.964179952959062,-2.63478460277948));
#1960=CARTESIAN_POINT('',(-0.903638433784634,0.874976440220412,-2.62556418465191));
#1961=CARTESIAN_POINT('',(-0.997845784705866,0.765807050918331,-2.61691337285411));
#1962=CARTESIAN_POINT('',(-1.0702756930431,0.645763068687827,-2.60827874648816));
#1963=CARTESIAN_POINT('',(-1.14270328800761,0.525722920598218,-2.59964439590759));
#1964=CARTESIAN_POINT('',(-1.19534803153976,0.391518136916903,-2.59050299212666));
#1965=CARTESIAN_POINT('',(-1.22386047386743,0.254294200690826,-2.58119828177117));
#1966=CARTESIAN_POINT('',(-1.25236869140688,0.117090597414919,-2.57189495012713));
#1967=CARTESIAN_POINT('',(-1.25754715691785,-0.0269430041618105,-2.56257010147557));
#1968=CARTESIAN_POINT('',(-1.23894405729885,-0.165884366001929,-2.55400728339815));
#1969=CARTESIAN_POINT('',(-1.22033479663031,-0.304871743002511,-2.54544162945211));
#1970=CARTESIAN_POINT('',(-1.17741156612283,-0.442557471955989,-2.53679475861972));
#1971=CARTESIAN_POINT('',(-1.1137651375183,-0.567474420964522,-2.52773639497374));
#1972=CARTESIAN_POINT('',(-1.05013857162841,-0.692352386014858,-2.51868085825294));
#1973=CARTESIAN_POINT('',(-0.964058866506231,-0.807921502779883,-2.50898466324354));
#1974=CARTESIAN_POINT('',(-0.86261760046806,-0.90464958705718,-2.50014181053802));
#1975=CARTESIAN_POINT('',(-0.761138836764744,-1.00141342677658,-2.4912956890806));
#1976=CARTESIAN_POINT('',(-0.641486807998324,-1.08196830301439,-2.48284311588518));
#1977=CARTESIAN_POINT('',(-0.513655495248448,-1.13958678133834,-2.47397178784986));
#1978=CARTESIAN_POINT('',(-0.385875447246278,-1.19718215267315,-2.46510401752182));
#1979=CARTESIAN_POINT('',(-0.246409061403682,-1.23345890015008,-2.45553734049452));
#1980=CARTESIAN_POINT('',(-0.106784687962888,-1.24543045988793,-2.44630040832354));
#1981=CARTESIAN_POINT('',(0.032860122680962,-1.25740377193587,-2.43706212411742));
#1982=CARTESIAN_POINT('',(0.176554130314657,-1.24538520783318,-2.42848803808752));
#1983=CARTESIAN_POINT('',(0.31230654303642,-1.21035722957177,-2.41990302700047));
#1984=CARTESIAN_POINT('',(0.448061609945319,-1.17532856645468,-2.41131784806207));
#1985=CARTESIAN_POINT('',(0.579604197553079,-1.1163348745561,-2.40223016574671));
#1986=CARTESIAN_POINT('',(0.696025010194825,-1.03829147409737,-2.39297961131528));
#1987=CARTESIAN_POINT('',(0.812434456998236,-0.960255692797564,-2.3837299599896));
#1988=CARTESIAN_POINT('',(0.916962461477435,-0.861006570441676,-2.37448840135921));
#1989=CARTESIAN_POINT('',(1.00093484952186,-0.748751912860761,-2.36589605503808));
#1990=CARTESIAN_POINT('',(1.08493102273457,-0.636465459162296,-2.35730127493595));
#1991=CARTESIAN_POINT('',(1.15064906487273,-0.508094855267089,-2.34853470979477));
#1992=CARTESIAN_POINT('',(1.19263219235754,-0.374337352868304,-2.33937924136358));
#1993=CARTESIAN_POINT('',(1.23460011662684,-0.240628287645531,-2.33022708837286));
#1994=CARTESIAN_POINT('',(1.25402201493092,-0.097849398062754,-2.32047753901102));
#1995=CARTESIAN_POINT('',(1.24928631999206,0.0422337623317074,-2.31167617196196));
#1996=CARTESIAN_POINT('',(1.24454890794092,0.182367715380207,-2.30287161363144));
#1997=CARTESIAN_POINT('',(1.21548839468864,0.323647448201484,-2.29446969369753));
#1998=CARTESIAN_POINT('',(1.16453231570415,0.454273580214309,-2.28565040986996));
#1999=CARTESIAN_POINT('',(1.11359215405994,0.584858908055492,-2.27683388095494));
#2000=CARTESIAN_POINT('',(1.03937996039725,0.708399695005956,-2.26732233679268));
#2001=CARTESIAN_POINT('',(0.948039615422196,0.814690669880375,-2.25813924701194));
#2002=CARTESIAN_POINT('',(0.856682007304345,0.921001733536789,-2.24895442164557));
#2003=CARTESIAN_POINT('',(0.74563624244105,1.01300747703939,-2.24039542663804));
#2004=CARTESIAN_POINT('',(0.624160486446159,1.08301601426724,-2.23173163679352));
#2005=CARTESIAN_POINT('',(0.502697157076377,1.1530173898204,-2.22306873323011));
#2006=CARTESIAN_POINT('',(0.367473607148007,1.20295674963042,-2.21384946574769));
#2007=CARTESIAN_POINT('',(0.229711240777294,1.22871182376526,-2.2045335960982));
#2008=CARTESIAN_POINT('',(0.0919628212727575,1.254464290493,-2.19521866957411));
#2009=CARTESIAN_POINT('',(-0.0521561216732027,1.25675427049627,-2.186023095944));
#2010=CARTESIAN_POINT('',(-0.190699184024894,1.23536788901616,-2.1774775101763));
#2011=CARTESIAN_POINT('',(-0.329282474212147,1.21397529771347,-2.16892944308321));
#2012=CARTESIAN_POINT('',(-0.46607164104476,1.1683023679343,-2.16021550046307));
#2013=CARTESIAN_POINT('',(-0.58968191309745,1.10216842695013,-2.15111367505495));
#2014=CARTESIAN_POINT('',(-0.713257392221046,1.03605310087136,-2.14201441156309));
#2015=CARTESIAN_POINT('',(-0.827080359513021,0.94767401051527,-2.13234119984609));
#2016=CARTESIAN_POINT('',(-0.921758774466307,0.844310820547962,-2.12356733633344));
#2017=CARTESIAN_POINT('',(-1.01647400112729,0.740907442164556,-2.11479006147408));
#2018=CARTESIAN_POINT('',(-1.09461342572466,0.619662929785645,-2.10630201885532));
#2019=CARTESIAN_POINT('',(-1.14965709582591,0.490702111282532,-2.09738153404272));
#2020=CARTESIAN_POINT('',(-1.2046768489373,0.36179732746212,-2.08846492526426));
#2021=CARTESIAN_POINT('',(-1.23815002297925,0.221637545045244,-2.07884214148715));
#2022=CARTESIAN_POINT('',(-1.24732064213101,0.0817998515517872,-2.06965292720427));
#2023=CARTESIAN_POINT('',(-1.25649303818327,-0.0580649369136034,-2.06046193241789));
#2024=CARTESIAN_POINT('',(-1.24159347268487,-0.201499922937257,-2.0519785875241));
#2025=CARTESIAN_POINT('',(-1.20384827826754,-0.33652536741273,-2.04336488161024));
#2026=CARTESIAN_POINT('',(-1.16610470699701,-0.471545005424072,-2.03475154610935));
#2027=CARTESIAN_POINT('',(-1.10448911609157,-0.601869656265191,-2.02558622737084));
#2028=CARTESIAN_POINT('',(-1.02413024735007,-0.716698846422052,-2.01632454977306));
#2029=CARTESIAN_POINT('',(-0.943775668345713,-0.831521906738495,-2.00706336658446));
#2030=CARTESIAN_POINT('',(-0.842443133913869,-0.934046479757111,-1.99794504215191));
#2031=CARTESIAN_POINT('',(-0.728524445297708,-1.01575200349478,-1.98936000655611));
#2032=CARTESIAN_POINT('',(-0.614579831674471,-1.09747612133942,-1.98077301722374));
#2033=CARTESIAN_POINT('',(-0.484926662590244,-1.16060222095085,-1.97193516562481));
#2034=CARTESIAN_POINT('',(-0.350362469191073,-1.19989422041376,-1.96273954546822));
#2035=CARTESIAN_POINT('',(-0.215841473168773,-1.23917360648177,-1.95354687726087));
#2036=CARTESIAN_POINT('',(-0.0726986451944479,-1.25573163734775,-1.94384052387762));
#2037=CARTESIAN_POINT('',(0.067266148814344,-1.24818879390246,-1.93510922155101));
#2038=CARTESIAN_POINT('',(0.207284302970633,-1.24064307482519,-1.9263745905046));
#2039=CARTESIAN_POINT('',(0.347953798539838,-1.20875465912192,-1.91793760161683));
#2040=CARTESIAN_POINT('',(0.477531849142209,-1.15518973898439,-1.90906949685913));
#2041=CARTESIAN_POINT('',(0.607065580039518,-1.10164313970792,-1.90020442526783));
#2042=CARTESIAN_POINT('',(0.729089932661019,-1.02497279298271,-1.89063702008185));
#2043=CARTESIAN_POINT('',(0.833530070129127,-0.931518986489558,-1.88150143218868));
#2044=CARTESIAN_POINT('',(0.937994771423355,-0.838043200103348,-1.87236369564847));
#2045=CARTESIAN_POINT('',(1.02776087503886,-0.725166200857407,-1.86387718168068));
#2046=CARTESIAN_POINT('',(1.09531981629501,-0.602307645669102,-1.85517893131174));
#2047=CARTESIAN_POINT('',(1.16286713649634,-0.479470223819761,-1.84648217715992));
#2048=CARTESIAN_POINT('',(1.21008175493859,-0.343282116179893,-1.83718643057064));
#2049=CARTESIAN_POINT('',(1.23306946290711,-0.205035849660332,-1.82786756360584));
#2050=CARTESIAN_POINT('',(1.25605595977091,-0.0667968666292789,-1.81854918760446));
#2051=CARTESIAN_POINT('',(1.25545580014362,0.0773503113180133,-1.80948750181289));
#2052=CARTESIAN_POINT('',(1.23129440661031,0.215439282049844,-1.80094988952465));
#2053=CARTESIAN_POINT('',(1.20712712568641,0.353561900828785,-1.79241019688214));
#2054=CARTESIAN_POINT('',(1.1587233687623,0.489399042961149,-1.78362519806292));
#2055=CARTESIAN_POINT('',(1.09012869132491,0.611653035920071,-1.77448336734386));
#2056=CARTESIAN_POINT('',(1.02155105753904,0.733876652550527,-1.76534380808641));
#2057=CARTESIAN_POINT('',(0.930906588513844,0.84590897064083,-1.75572032806651));
#2058=CARTESIAN_POINT('',(0.825663232283127,0.938498922138848,-1.74700409538221));
#2059=CARTESIAN_POINT('',(0.720378031288761,1.03112568740617,-1.73828439712337));
#2060=CARTESIAN_POINT('',(0.597591587942738,1.10681730850658,-1.72975281166081));
#2061=CARTESIAN_POINT('',(0.467554595232773,1.15926386145566,-1.72078264216723));
#2062=CARTESIAN_POINT('',(0.33757646731085,1.21168667304348,-1.7118165332653));
#2063=CARTESIAN_POINT('',(0.196778383634758,1.2423436633857,-1.70214446055175));
#2064=CARTESIAN_POINT('',(0.0567820109407449,1.24870965529763,-1.69301506839254));
#2065=CARTESIAN_POINT('',(-0.0832476027278778,1.25507715876141,-1.68388350853509));
#2066=CARTESIAN_POINT('',(-0.226364632444485,1.23730210263681,-1.67546888324542));
#2067=CARTESIAN_POINT('',(-0.360608646955146,1.19685479643154,-1.66682115644739));
#2068=CARTESIAN_POINT('',(-0.494838492945679,1.15641175915754,-1.65817434235664));
#2069=CARTESIAN_POINT('',(-0.623893283919552,1.09219933822564,-1.64893277364231));
#2070=CARTESIAN_POINT('',(-0.737085384624717,1.00955690071072,-1.63966810570162));
#2071=CARTESIAN_POINT('',(-0.850276736191817,0.926915010147351,-1.63040349907718));
#2072=CARTESIAN_POINT('',(-0.950756580815496,0.823538703131072,-1.62141070186484));
#2073=CARTESIAN_POINT('',(-1.03016205411744,0.708001512891416,-1.61282434276452));
#2074=CARTESIAN_POINT('',(-1.10958077017462,0.592445054071566,-1.60423655168417));
#2075=CARTESIAN_POINT('',(-1.17008963042895,0.46156192884462,-1.59532431085509));
#2076=CARTESIAN_POINT('',(-1.2066748597825,0.326244973553451,-1.58609282155651));
#2077=CARTESIAN_POINT('',(-1.24324989063939,0.190965739209778,-1.57686390562742));
#2078=CARTESIAN_POINT('',(-1.25693695943851,0.0475146467518188,-1.56722629059073));
#2079=CARTESIAN_POINT('',(-1.24658949132146,-0.0922748076503125,-1.55855361179233));
#2080=CARTESIAN_POINT('',(-1.23623798925865,-0.232118758772864,-1.5498775519624));
#2081=CARTESIAN_POINT('',(-1.20153497795947,-0.372119515304646,-1.54139739386871));
#2082=CARTESIAN_POINT('',(-1.14538354459051,-0.500596180350279,-1.53247991978363));
#2083=CARTESIAN_POINT('',(-1.08925217903078,-0.629026929467299,-1.52356563269056));
#2084=CARTESIAN_POINT('',(-1.01015415036284,-0.749487071272857,-1.51394918221079));
#2085=CARTESIAN_POINT('',(-0.914623331874584,-0.85203530489683,-1.50487314054584));
#2086=CARTESIAN_POINT('',(-0.819066030311946,-0.954611966964545,-1.49579458281864));
#2087=CARTESIAN_POINT('',(-0.704403963885456,-1.04210090958189,-1.48735691991534));
#2088=CARTESIAN_POINT('',(-0.580212198573534,-1.10718282348782,-1.47861966609373));
#2089=CARTESIAN_POINT('',(-0.456050150111402,-1.17224916446543,-1.46988450293939));
#2090=CARTESIAN_POINT('',(-0.318951863987083,-1.21672064303056,-1.46051457584315));
#2091=CARTESIAN_POINT('',(-0.180276268581512,-1.23693187645331,-1.45120160830852));
#2092=CARTESIAN_POINT('',(-0.041601049552944,-1.2571430550211,-1.44188866605005));
#2093=CARTESIAN_POINT('',(0.102516962458918,-1.25365202846569,-1.43296104129229));
#2094=CARTESIAN_POINT('',(0.240096254549036,-1.22672482185351,-1.42442271960258));
#2095=CARTESIAN_POINT('',(0.377701985153136,-1.19979244065932,-1.41588275710971));
#2096=CARTESIAN_POINT('',(0.512532195243054,-1.1486775622977,-1.40702358780434));
#2097=CARTESIAN_POINT('',(0.633380933144944,-1.07764956898263,-1.39784601054174));
#2098=CARTESIAN_POINT('',(0.754203870153378,-1.0066367399607,-1.38867039266818));
#2099=CARTESIAN_POINT('',(0.864401383856127,-0.913761610710304,-1.37911954741044));
#2100=CARTESIAN_POINT('',(0.954864825554081,-0.806680336266835,-1.37044992595815));
#2101=CARTESIAN_POINT('',(1.04536377724603,-0.699557028761821,-1.361776901383));
#2102=CARTESIAN_POINT('',(1.11857595512845,-0.575280075361598,-1.35319452094627));
#2103=CARTESIAN_POINT('',(1.16840394551424,-0.44422091363061,-1.34417497972064));
#2104=CARTESIAN_POINT('',(1.21820935467753,-0.313221145747707,-1.33515952600216));
#2105=CARTESIAN_POINT('',(1.24603843756857,-0.171839985777744,-1.3254458792064));
#2106=CARTESIAN_POINT('',(1.24959697299727,-0.0317396451784894,-1.31638896126358));
#2107=CARTESIAN_POINT('',(1.25315649169436,0.108399406918511,-1.30732954077967));
#2108=CARTESIAN_POINT('',(1.23251261604303,0.251139197252776,-1.29895723072104));
#2109=CARTESIAN_POINT('',(1.18937935279511,0.38454746799932,-1.29027091426884));
#2110=CARTESIAN_POINT('',(1.14625326090771,0.517933558212018,-1.28158604200849));
#2111=CARTESIAN_POINT('',(1.07946993261395,0.645667155100634,-1.27227052540234));
#2112=CARTESIAN_POINT('',(0.994576531750644,0.757177338865109,-1.26301173084992));
#2113=CARTESIAN_POINT('',(0.909679547798182,0.868692229131221,-1.25375254551228));
#2114=CARTESIAN_POINT('',(0.804300039010728,0.967086532931566,-1.24488322255597));
#2115=CARTESIAN_POINT('',(0.687190449088699,1.04415960785757,-1.23628751326884));
#2116=CARTESIAN_POINT('',(0.570068910306852,1.12124054666021,-1.22769092694913));
#2117=CARTESIAN_POINT('',(0.438008668446418,1.17910790171379,-1.21870207512573));
#2118=CARTESIAN_POINT('',(0.301992924232964,1.21297167061446,-1.20943979940222));
#2119=CARTESIAN_POINT('',(0.166009226950651,1.24682746080739,-1.2001797059813));
#2120=CARTESIAN_POINT('',(0.0223058230155649,1.25763730334891,-1.19063236182347));
#2121=CARTESIAN_POINT('',(-0.117251513953298,1.24448868314487,-1.18200720842142));
#2122=CARTESIAN_POINT('',(-0.256862567906436,1.23133500190829,-1.17337873511344));
#2123=CARTESIAN_POINT('',(-0.396135998657857,1.19383189261418,-1.16484813322087));
#2124=CARTESIAN_POINT('',(-0.523458144018584,1.13511742628712,-1.15588158359033));
#2125=CARTESIAN_POINT('',(-0.650734916386119,1.07642388366563,-1.14691822931276));
#2126=CARTESIAN_POINT('',(-0.76958362448308,0.994929457290318,-1.13726044802159));
#2127=CARTESIAN_POINT('',(-0.870199484728982,0.897358822755654,-1.12825653814065));
#2128=CARTESIAN_POINT('',(-0.97084693185667,0.799757557343402,-1.11924980161353));
#2129=CARTESIAN_POINT('',(-1.05602184315802,0.683357750297936,-1.11083312052647));
#2130=CARTESIAN_POINT('',(-1.11860022919558,0.557883076677905,-1.10205309734062));
#2131=CARTESIAN_POINT('',(-1.18115972180521,0.432446285893341,-1.09327572498593));
#2132=CARTESIAN_POINT('',(-1.222870766971,0.294492385963846,-1.08383483387469));
#2133=CARTESIAN_POINT('',(-1.24029744867715,0.155442075400912,-1.0745373739838));
#2134=CARTESIAN_POINT('',(-1.25772496922321,0.016385071598721,-1.06523946655617));
#2135=CARTESIAN_POINT('',(-1.25134345797565,-0.127646061808527,-1.05644159388966));
#2136=CARTESIAN_POINT('',(-1.22166072383993,-0.26466030270308,-1.04789449217757));
#2137=CARTESIAN_POINT('',(-1.19197393350347,-0.401693266848135,-1.03934622248817));
#2138=CARTESIAN_POINT('',(-1.13816864441196,-0.535462189602532,-1.0304106572326));
#2139=CARTESIAN_POINT('',(-1.06473557794259,-0.654857350163579,-1.02120239566754));
#2140=CARTESIAN_POINT('',(-0.9913154745344,-0.774231434023819,-1.0119957596271));
#2141=CARTESIAN_POINT('',(-0.896245280206005,-0.882550453826061,-1.00253648109492));
#2142=CARTESIAN_POINT('',(-0.787368941562007,-0.970850220097583,-0.993902838237265));
#2143=CARTESIAN_POINT('',(-0.67845231074987,-1.05918266370812,-0.985266000303491));
#2144=CARTESIAN_POINT('',(-0.55273725001417,-1.12988466508172,-0.97662642027774));
#2145=CARTESIAN_POINT('',(-0.42071067129865,-1.1770737152173,-0.967558670217946));
#2146=CARTESIAN_POINT('',(-0.288741433682584,-1.22424227044919,-0.958494858416365));
#2147=CARTESIAN_POINT('',(-0.146832694437494,-1.24923279687265,-0.948748250458715));
#2148=CARTESIAN_POINT('',(-0.00668327619819917,-1.24998213340002,-0.939776961478897));
#2149=CARTESIAN_POINT('',(0.133509550957799,-1.25073170202172,-0.930802893793744));
#2150=CARTESIAN_POINT('',(0.275812497429205,-1.22722711863135,-0.922442179993611));
#2151=CARTESIAN_POINT('',(0.408330920658082,-1.18142535068218,-0.913713486644021));
#2152=CARTESIAN_POINT('',(0.540819797573119,-1.13563379469734,-0.904986739444309));
#2153=CARTESIAN_POINT('',(0.667181597157601,-1.06630652351241,-0.895600498059617));
#2154=CARTESIAN_POINT('',(0.776965834616911,-0.979195635119913,-0.886357146321441));
#2155=CARTESIAN_POINT('',(0.886760202165353,-0.89207670876965,-0.877112941674148));
#2156=CARTESIAN_POINT('',(0.983028825390019,-0.784735700777003,-0.86836065763935));
#2157=CARTESIAN_POINT('',(1.05773818937031,-0.666100535015267,-0.859748214798176));
#2158=CARTESIAN_POINT('',(1.13245011921879,-0.547461294768327,-0.851135476165524));
#2159=CARTESIAN_POINT('',(1.18765294365476,-0.414277147280551,-0.842068692430896));
#2160=CARTESIAN_POINT('',(1.21878174656387,-0.277616739845995,-0.832781511799693));
#2161=CARTESIAN_POINT('',(1.24990458998444,-0.140982495516223,-0.823496109163189));
#2162=CARTESIAN_POINT('',(1.25783206297592,0.00291696089080136,-0.814056429521988));
#2163=CARTESIAN_POINT('',(1.24188697050009,0.142185626918178,-0.805468094574918));
#2164=CARTESIAN_POINT('',(1.22593608752031,0.28150486874248,-0.796876640750526));
#2165=CARTESIAN_POINT('',(1.1856488488438,0.419992429982216,-0.788289171989969));
#2166=CARTESIAN_POINT('',(1.12439622174567,0.546107257344263,-0.779274690187429));
#2167=CARTESIAN_POINT('',(1.06316429531266,0.672179463500804,-0.770263254879021));
#2168=CARTESIAN_POINT('',(0.979305846213336,0.789370166624935,-0.760573440972592));
#2169=CARTESIAN_POINT('',(0.879733675491939,0.888013885142256,-0.751654048555098));
#2170=CARTESIAN_POINT('',(0.780127168668364,0.986691619597702,-0.742731580407034));
#2171=CARTESIAN_POINT('',(0.662038292391877,1.06951660451537,-0.734304556020716));
#2172=CARTESIAN_POINT('',(0.535331879246565,1.12956619065123,-0.725478798859504));
#2173=CARTESIAN_POINT('',(0.408670749128241,1.18959431593944,-0.716656195895382));
#2174=CARTESIAN_POINT('',(0.269916034752368,1.22852904991076,-0.707148480646337));
#2175=CARTESIAN_POINT('',(0.130545673407412,1.24316444091456,-0.697876817350449));
#2176=CARTESIAN_POINT('',(-0.00883848373322172,1.2578012806257,-0.688604236284303));
#2177=CARTESIAN_POINT('',(-0.152724722260267,1.24853113303096,-0.679927292836275));
#2178=CARTESIAN_POINT('',(-0.289118815103449,1.21610456407053,-0.671363989670894));
#2179=CARTESIAN_POINT('',(-0.425523525912744,1.18367547077636,-0.662800019872076));
#2180=CARTESIAN_POINT('',(-0.558177466737602,1.12720180030024,-0.653786742902649));
#2181=CARTESIAN_POINT('',(-0.676071535778653,1.05139301810022,-0.644553659568312));
#2182=CARTESIAN_POINT('',(-0.793949416179889,0.975594645593244,-0.635321844076044));
#2183=CARTESIAN_POINT('',(-0.900346961665351,0.878366135333113,-0.625968970175182));
#2184=CARTESIAN_POINT('',(-0.986447035206972,0.767738397327746,-0.61736110750079));
#2185=CARTESIAN_POINT('',(-1.07257552582564,0.657074146961531,-0.608750403826538));
#2186=CARTESIAN_POINT('',(-1.14073804401685,0.529974044554184,-0.600048065967132));
#2187=CARTESIAN_POINT('',(-1.18526920435913,0.397035153605003,-0.590934095652106));
#2188=CARTESIAN_POINT('',(-1.22978257884795,0.264149358771356,-0.581823765478932));
#2189=CARTESIAN_POINT('',(-1.25192516811779,0.121768672672618,-0.572060372634019));
#2190=CARTESIAN_POINT('',(-1.24986494994754,-0.0183740820894143,-0.563181359084328));
#2191=CARTESIAN_POINT('',(-1.24780403422555,-0.158564286594677,-0.554299339264967));
#2192=CARTESIAN_POINT('',(-1.22144861374144,-0.300370989091756,-0.545922558766683));
#2193=CARTESIAN_POINT('',(-1.17299737679992,-0.431945776713364,-0.537148506676693));
#2194=CARTESIAN_POINT('',(-1.12455937307497,-0.563484628045846,-0.528376850994695));
#2195=CARTESIAN_POINT('',(-1.05271638661398,-0.688424938197929,-0.518924032600354));
#2196=CARTESIAN_POINT('',(-0.963422549059874,-0.796440199866239,-0.509706365882667));
#2197=CARTESIAN_POINT('',(-0.87411599395004,-0.904470845464141,-0.50048738635109));
#2198=CARTESIAN_POINT('',(-0.764856539346736,-0.998574567347433,-0.491841305947931));
#2199=CARTESIAN_POINT('',(-0.644743501613725,-1.07089019844561,-0.483205425974827));
#2200=CARTESIAN_POINT('',(-0.524634700365065,-1.14320327891277,-0.47456985059622));
#2201=CARTESIAN_POINT('',(-0.390380339789822,-1.19572006694353,-0.465424733259459));
#2202=CARTESIAN_POINT('',(-0.253129615849321,-1.2241018738569,-0.456119319765157));
#2203=CARTESIAN_POINT('',(-0.115898928057671,-1.25247953753451,-0.446815264694655));
#2204=CARTESIAN_POINT('',(0.0281400109481956,-1.25752095591578,-0.437496382818783));
#2205=CARTESIAN_POINT('',(0.167063732512439,-1.23878557841097,-0.428934600012828));
#2206=CARTESIAN_POINT('',(0.306033215572047,-1.22004402946992,-0.420369996954292));
#2207=CARTESIAN_POINT('',(0.44367765335384,-1.17698987365563,-0.411720045343336));
#2208=CARTESIAN_POINT('',(0.568533714077557,-1.11322478231369,-0.402659552485662));
#2209=CARTESIAN_POINT('',(0.693350982759963,-1.04947950240936,-0.393601874669654));
#2210=CARTESIAN_POINT('',(0.808838231760251,-0.963289901387909,-0.383906110710207));
#2211=CARTESIAN_POINT('',(0.905469919103558,-0.861756476969333,-0.375066793663126));
#2212=CARTESIAN_POINT('',(1.00213743192881,-0.760185409786116,-0.366224199504758));
#2213=CARTESIAN_POINT('',(1.08257840333427,-0.640456665510625,-0.357770137124129));
#2214=CARTESIAN_POINT('',(1.1400751883244,-0.512570546331998,-0.34889650014504));
#2215=CARTESIAN_POINT('',(1.19754880612363,-0.384735956332548,-0.340026438622247));
#2216=CARTESIAN_POINT('',(1.23369278365181,-0.245235414902675,-0.330456957653495));
#2217=CARTESIAN_POINT('',(1.24553149589724,-0.105599681476746,-0.32122202518755));
#2218=CARTESIAN_POINT('',(1.25737196893422,0.034056820206314,-0.31198571919459));
#2219=CARTESIAN_POINT('',(1.24521655164643,0.177739867682401,-0.30341637247115));
#2220=CARTESIAN_POINT('',(1.21005927379297,0.31345901471746,-0.294830130307336));
#2221=CARTESIAN_POINT('',(1.17489749146424,0.449195550571475,-0.286242788043692));
#2222=CARTESIAN_POINT('',(1.11576933342157,0.580695866872354,-0.277150280204752));
#2223=CARTESIAN_POINT('',(1.03760217204656,0.697052173487945,-0.267897964673759));
#2224=CARTESIAN_POINT('',(1.55724453058578,0.,-5.49173746371417));
#2225=CARTESIAN_POINT('',(1.55724453058578,0.407685664760932,-5.47090413038083));
#2226=CARTESIAN_POINT('',(1.21981123741238,1.21981123741238,-5.42923746371417));
#2227=CARTESIAN_POINT('',(1.11022302462516E-16,1.72596117717249,-5.36673746371417));
#2228=CARTESIAN_POINT('',(-1.21981123741238,1.21981123741238,-5.30423746371417));
#2229=CARTESIAN_POINT('',(-1.72596117717249,1.11022302462516E-16,-5.24173746371417));
#2230=CARTESIAN_POINT('',(-1.21981123741238,-1.21981123741238,-5.17923746371417));
#2231=CARTESIAN_POINT('',(-2.22044604925031E-16,-1.72596117717249,-5.11673746371417));
#2232=CARTESIAN_POINT('',(1.21981123741238,-1.21981123741238,-5.05423746371417));
#2233=CARTESIAN_POINT('',(1.72596117717249,-3.33066907387547E-16,-4.99173746371417));
#2234=CARTESIAN_POINT('',(1.21981123741238,1.21981123741238,-4.92923746371417));
#2235=CARTESIAN_POINT('',(-1.11022302462516E-16,1.72596117717249,-4.86673746371417));
#2236=CARTESIAN_POINT('',(-1.21981123741238,1.21981123741238,-4.80423746371417));
#2237=CARTESIAN_POINT('',(-1.72596117717249,6.66133814775094E-16,-4.74173746371417));
#2238=CARTESIAN_POINT('',(-1.21981123741238,-1.21981123741238,-4.67923746371417));
#2239=CARTESIAN_POINT('',(-5.55111512312578E-16,-1.72596117717249,-4.61673746371417));
#2240=CARTESIAN_POINT('',(1.21981123741238,-1.21981123741238,-4.55423746371417));
#2241=CARTESIAN_POINT('',(1.72596117717249,-9.99200722162641E-16,-4.49173746371417));
#2242=CARTESIAN_POINT('',(1.21981123741238,1.21981123741238,-4.42923746371417));
#2243=CARTESIAN_POINT('',(7.7715611723761E-16,1.72596117717249,-4.36673746371417));
#2244=CARTESIAN_POINT('',(-1.21981123741238,1.21981123741238,-4.30423746371417));
#2245=CARTESIAN_POINT('',(-1.72596117717249,1.11022302462516E-15,-4.24173746371417));
#2246=CARTESIAN_POINT('',(-1.21981123741238,-1.21981123741238,-4.17923746371417));
#2247=CARTESIAN_POINT('',(-5.88418203051333E-15,-1.72596117717249,-4.11673746371417));
#2248=CARTESIAN_POINT('',(1.21981123741238,-1.21981123741238,-4.05423746371417));
#2249=CARTESIAN_POINT('',(1.72596117717249,-1.11022302462516E-15,-3.99173746371417));
#2250=CARTESIAN_POINT('',(1.21981123741238,1.21981123741238,-3.92923746371417));
#2251=CARTESIAN_POINT('',(-3.5527136788005E-15,1.72596117717248,-3.86673746371417));
#2252=CARTESIAN_POINT('',(-1.21981123741238,1.21981123741239,-3.80423746371417));
#2253=CARTESIAN_POINT('',(-1.72596117717249,1.33226762955019E-15,-3.74173746371417));
#2254=CARTESIAN_POINT('',(-1.21981123741238,-1.21981123741238,-3.67923746371417));
#2255=CARTESIAN_POINT('',(-6.32827124036339E-15,-1.72596117717249,-3.61673746371417));
#2256=CARTESIAN_POINT('',(1.21981123741238,-1.21981123741239,-3.55423746371417));
#2257=CARTESIAN_POINT('',(1.72596117717249,-1.55431223447522E-15,-3.49173746371417));
#2258=CARTESIAN_POINT('',(1.21981123741238,1.21981123741238,-3.42923746371417));
#2259=CARTESIAN_POINT('',(-3.10862446895044E-15,1.72596117717249,-3.36673746371417));
#2260=CARTESIAN_POINT('',(-1.21981123741238,1.21981123741239,-3.30423746371417));
#2261=CARTESIAN_POINT('',(-1.72596117717249,1.66533453693773E-15,-3.24173746371417));
#2262=CARTESIAN_POINT('',(-1.21981123741238,-1.21981123741238,-3.17923746371417));
#2263=CARTESIAN_POINT('',(-6.77236045021345E-15,-1.72596117717249,-3.11673746371417));
#2264=CARTESIAN_POINT('',(1.21981123741238,-1.21981123741239,-3.05423746371417));
#2265=CARTESIAN_POINT('',(1.72596117717248,-1.11022302462516E-16,-2.99173746371417));
#2266=CARTESIAN_POINT('',(1.21981123741239,1.21981123741237,-2.92923746371417));
#2267=CARTESIAN_POINT('',(-4.44089209850063E-15,1.72596117717249,-2.86673746371417));
#2268=CARTESIAN_POINT('',(-1.21981123741238,1.21981123741238,-2.80423746371417));
#2269=CARTESIAN_POINT('',(-1.72596117717249,1.16573417585641E-14,-2.74173746371417));
#2270=CARTESIAN_POINT('',(-1.21981123741238,-1.21981123741239,-2.67923746371417));
#2271=CARTESIAN_POINT('',(-9.2148511043888E-15,-1.72596117717249,-2.61673746371417));
#2272=CARTESIAN_POINT('',(1.21981123741239,-1.21981123741238,-2.55423746371417));
#2273=CARTESIAN_POINT('',(1.72596117717248,-2.44249065417534E-15,-2.49173746371417));
#2274=CARTESIAN_POINT('',(1.21981123741239,1.21981123741237,-2.42923746371417));
#2275=CARTESIAN_POINT('',(-4.32986979603811E-15,1.72596117717249,-2.36673746371417));
#2276=CARTESIAN_POINT('',(-1.21981123741238,1.21981123741239,-2.30423746371417));
#2277=CARTESIAN_POINT('',(-1.72596117717249,-7.105427357601E-15,-2.24173746371417));
#2278=CARTESIAN_POINT('',(-1.21981123741238,-1.21981123741238,-2.17923746371417));
#2279=CARTESIAN_POINT('',(-9.43689570931383E-15,-1.72596117717249,-2.11673746371417));
#2280=CARTESIAN_POINT('',(1.21981123741239,-1.21981123741238,-2.05423746371417));
#2281=CARTESIAN_POINT('',(1.72596117717248,-2.88657986402541E-15,-1.99173746371417));
#2282=CARTESIAN_POINT('',(1.21981123741239,1.21981123741237,-1.92923746371417));
#2283=CARTESIAN_POINT('',(-3.5527136788005E-15,1.72596117717249,-1.86673746371417));
#2284=CARTESIAN_POINT('',(-1.21981123741238,1.21981123741238,-1.80423746371417));
#2285=CARTESIAN_POINT('',(-1.72596117717249,1.27675647831893E-14,-1.74173746371417));
#2286=CARTESIAN_POINT('',(-1.21981123741238,-1.21981123741239,-1.67923746371417));
#2287=CARTESIAN_POINT('',(-1.02140518265514E-14,-1.72596117717249,-1.61673746371417));
#2288=CARTESIAN_POINT('',(1.21981123741239,-1.21981123741238,-1.55423746371417));
#2289=CARTESIAN_POINT('',(1.72596117717248,-3.33066907387547E-15,-1.49173746371417));
#2290=CARTESIAN_POINT('',(1.21981123741239,1.21981123741237,-1.42923746371417));
#2291=CARTESIAN_POINT('',(-3.5527136788005E-15,1.72596117717249,-1.36673746371417));
#2292=CARTESIAN_POINT('',(-1.21981123741238,1.21981123741239,-1.30423746371417));
#2293=CARTESIAN_POINT('',(-1.72596117717249,-6.21724893790088E-15,-1.24173746371417));
#2294=CARTESIAN_POINT('',(-1.21981123741238,-1.21981123741238,-1.17923746371417));
#2295=CARTESIAN_POINT('',(-1.02140518265514E-14,-1.72596117717249,-1.11673746371417));
#2296=CARTESIAN_POINT('',(1.21981123741239,-1.21981123741238,-1.05423746371417));
#2297=CARTESIAN_POINT('',(1.72596117717248,-3.66373598126302E-15,-0.991737463714166));
#2298=CARTESIAN_POINT('',(1.21981123741239,1.21981123741237,-0.929237463714166));
#2299=CARTESIAN_POINT('',(-2.77555756156289E-15,1.72596117717249,-0.866737463714166));
#2300=CARTESIAN_POINT('',(-1.21981123741238,1.21981123741238,-0.804237463714166));
#2301=CARTESIAN_POINT('',(-1.72596117717249,1.35447209004269E-14,-0.741737463714166));
#2302=CARTESIAN_POINT('',(-1.21981123741238,-1.21981123741238,-0.679237463714166));
#2303=CARTESIAN_POINT('',(-1.09912079437891E-14,-1.72596117717249,-0.616737463714166));
#2304=CARTESIAN_POINT('',(1.21981123741239,-1.21981123741238,-0.554237463714166));
#2305=CARTESIAN_POINT('',(1.6842752449002,-0.100462263517886,-0.496884892494366));
#2306=CARTESIAN_POINT('',(1.46160013090327,0.612282964572485,-0.460365654607899));
#2307=CARTESIAN_POINT('',(1.29155585924009,0.867656066186418,-0.444679750054766));
#2308=CARTESIAN_POINT('',(1.1676442841485,0.,-5.26680165655726));
#2309=CARTESIAN_POINT('',(1.1676442841485,0.305688558757254,-5.24596832322392));
#2310=CARTESIAN_POINT('',(0.914631961217357,0.914631961217357,-5.20430165655726));
#2311=CARTESIAN_POINT('',(0.,1.29415044561407,-5.14180165655726));
#2312=CARTESIAN_POINT('',(-0.914631961217357,0.914631961217357,-5.07930165655726));
#2313=CARTESIAN_POINT('',(-1.29415044561407,1.11022302462516E-16,-5.01680165655726));
#2314=CARTESIAN_POINT('',(-0.914631961217357,-0.914631961217357,-4.95430165655726));
#2315=CARTESIAN_POINT('',(-3.33066907387547E-16,-1.29415044561407,-4.89180165655726));
#2316=CARTESIAN_POINT('',(0.914631961217357,-0.914631961217357,-4.82930165655726));
#2317=CARTESIAN_POINT('',(1.29415044561407,-3.33066907387547E-16,-4.76680165655726));
#2318=CARTESIAN_POINT('',(0.914631961217357,0.914631961217357,-4.70430165655726));
#2319=CARTESIAN_POINT('',(-2.46519032881566E-32,1.29415044561407,-4.64180165655726));
#2320=CARTESIAN_POINT('',(-0.914631961217354,0.914631961217358,-4.57930165655726));
#2321=CARTESIAN_POINT('',(-1.29415044561407,6.66133814775094E-16,-4.51680165655726));
#2322=CARTESIAN_POINT('',(-0.914631961217356,-0.914631961217358,-4.45430165655726));
#2323=CARTESIAN_POINT('',(-2.22044604925031E-16,-1.29415044561407,-4.39180165655726));
#2324=CARTESIAN_POINT('',(0.914631961217355,-0.914631961217358,-4.32930165655726));
#2325=CARTESIAN_POINT('',(1.29415044561407,-9.99200722162641E-16,-4.26680165655726));
#2326=CARTESIAN_POINT('',(0.914631961217356,0.914631961217358,-4.20430165655726));
#2327=CARTESIAN_POINT('',(4.44089209850063E-16,1.29415044561407,-4.14180165655726));
#2328=CARTESIAN_POINT('',(-0.914631961217354,0.914631961217359,-4.07930165655726));
#2329=CARTESIAN_POINT('',(-1.29415044561407,1.11022302462516E-15,-4.01680165655726));
#2330=CARTESIAN_POINT('',(-0.914631961217355,-0.914631961217358,-3.95430165655726));
#2331=CARTESIAN_POINT('',(-4.44089209850063E-15,-1.29415044561407,-3.89180165655726));
#2332=CARTESIAN_POINT('',(0.914631961217356,-0.914631961217359,-3.82930165655726));
#2333=CARTESIAN_POINT('',(1.29415044561407,-1.11022302462516E-15,-3.76680165655726));
#2334=CARTESIAN_POINT('',(0.914631961217357,0.914631961217357,-3.70430165655726));
#2335=CARTESIAN_POINT('',(-2.77555756156289E-15,1.29415044561407,-3.64180165655726));
#2336=CARTESIAN_POINT('',(-0.914631961217354,0.91463196121736,-3.57930165655726));
#2337=CARTESIAN_POINT('',(-1.29415044561407,1.33226762955019E-15,-3.51680165655726));
#2338=CARTESIAN_POINT('',(-0.914631961217356,-0.914631961217358,-3.45430165655726));
#2339=CARTESIAN_POINT('',(-4.9960036108132E-15,-1.29415044561407,-3.39180165655726));
#2340=CARTESIAN_POINT('',(0.914631961217356,-0.914631961217359,-3.32930165655726));
#2341=CARTESIAN_POINT('',(1.29415044561407,-1.55431223447522E-15,-3.26680165655726));
#2342=CARTESIAN_POINT('',(0.914631961217356,0.914631961217357,-3.20430165655726));
#2343=CARTESIAN_POINT('',(-2.22044604925031E-15,1.29415044561407,-3.14180165655726));
#2344=CARTESIAN_POINT('',(-0.914631961217353,0.914631961217359,-3.07930165655726));
#2345=CARTESIAN_POINT('',(-1.29415044561407,1.66533453693773E-15,-3.01680165655726));
#2346=CARTESIAN_POINT('',(-0.914631961217355,-0.914631961217357,-2.95430165655726));
#2347=CARTESIAN_POINT('',(-4.77395900588817E-15,-1.29415044561407,-2.89180165655726));
#2348=CARTESIAN_POINT('',(0.914631961217355,-0.914631961217359,-2.82930165655726));
#2349=CARTESIAN_POINT('',(1.29415044561407,-1.11022302462516E-16,-2.76680165655726));
#2350=CARTESIAN_POINT('',(0.914631961217364,0.914631961217351,-2.70430165655726));
#2351=CARTESIAN_POINT('',(-3.21964677141295E-15,1.29415044561407,-2.64180165655726));
#2352=CARTESIAN_POINT('',(-0.914631961217355,0.914631961217358,-2.57930165655726));
#2353=CARTESIAN_POINT('',(-1.29415044561407,1.16573417585641E-14,-2.51680165655726));
#2354=CARTESIAN_POINT('',(-0.914631961217355,-0.914631961217359,-2.45430165655726));
#2355=CARTESIAN_POINT('',(-6.99440505513849E-15,-1.29415044561407,-2.39180165655726));
#2356=CARTESIAN_POINT('',(0.914631961217361,-0.914631961217353,-2.32930165655726));
#2357=CARTESIAN_POINT('',(1.29415044561407,-2.44249065417534E-15,-2.26680165655726));
#2358=CARTESIAN_POINT('',(0.914631961217363,0.914631961217351,-2.20430165655726));
#2359=CARTESIAN_POINT('',(-3.33066907387547E-15,1.29415044561407,-2.14180165655726));
#2360=CARTESIAN_POINT('',(-0.914631961217352,0.914631961217362,-2.07930165655726));
#2361=CARTESIAN_POINT('',(-1.29415044561407,-7.105427357601E-15,-2.01680165655726));
#2362=CARTESIAN_POINT('',(-0.914631961217356,-0.914631961217355,-1.95430165655726));
#2363=CARTESIAN_POINT('',(-7.21644966006352E-15,-1.29415044561407,-1.89180165655726));
#2364=CARTESIAN_POINT('',(0.914631961217361,-0.914631961217354,-1.82930165655726));
#2365=CARTESIAN_POINT('',(1.29415044561407,-2.88657986402541E-15,-1.76680165655726));
#2366=CARTESIAN_POINT('',(0.914631961217364,0.914631961217351,-1.70430165655726));
#2367=CARTESIAN_POINT('',(-2.55351295663786E-15,1.29415044561407,-1.64180165655726));
#2368=CARTESIAN_POINT('',(-0.914631961217353,0.914631961217358,-1.57930165655726));
#2369=CARTESIAN_POINT('',(-1.29415044561407,1.27675647831893E-14,-1.51680165655726));
#2370=CARTESIAN_POINT('',(-0.914631961217356,-0.914631961217359,-1.45430165655726));
#2371=CARTESIAN_POINT('',(-7.7715611723761E-15,-1.29415044561407,-1.39180165655726));
#2372=CARTESIAN_POINT('',(0.914631961217361,-0.914631961217354,-1.32930165655726));
#2373=CARTESIAN_POINT('',(1.29415044561407,-3.33066907387547E-15,-1.26680165655726));
#2374=CARTESIAN_POINT('',(0.914631961217364,0.914631961217351,-1.20430165655726));
#2375=CARTESIAN_POINT('',(-2.33146835171283E-15,1.29415044561407,-1.14180165655726));
#2376=CARTESIAN_POINT('',(-0.914631961217352,0.914631961217362,-1.07930165655726));
#2377=CARTESIAN_POINT('',(-1.29415044561407,-6.21724893790088E-15,-1.01680165655726));
#2378=CARTESIAN_POINT('',(-0.914631961217357,-0.914631961217354,-0.954301656557256));
#2379=CARTESIAN_POINT('',(-7.66053886991358E-15,-1.29415044561407,-0.891801656557256));
#2380=CARTESIAN_POINT('',(0.91463196121736,-0.914631961217355,-0.829301656557256));
#2381=CARTESIAN_POINT('',(1.29415044561407,-3.66373598126302E-15,-0.766801656557256));
#2382=CARTESIAN_POINT('',(0.914631961217364,0.91463196121735,-0.704301656557256));
#2383=CARTESIAN_POINT('',(-2.33146835171283E-15,1.29415044561407,-0.641801656557256));
#2384=CARTESIAN_POINT('',(-0.914631961217353,0.914631961217359,-0.579301656557256));
#2385=CARTESIAN_POINT('',(-1.29415044561407,1.35447209004269E-14,-0.516801656557256));
#2386=CARTESIAN_POINT('',(-0.914631961217356,-0.914631961217359,-0.454301656557256));
#2387=CARTESIAN_POINT('',(-8.10462807976364E-15,-1.29415044561407,-0.391801656557256));
#2388=CARTESIAN_POINT('',(0.91463196121736,-0.914631961217354,-0.329301656557256));
#2389=CARTESIAN_POINT('',(1.26289373570685,-0.0753280460873771,-0.271949085337456));
#2390=CARTESIAN_POINT('',(1.09592874146614,0.459098548636821,-0.235429847450988));
#2391=CARTESIAN_POINT('',(0.968427107676476,0.650580962970693,-0.219743942897855));
#2392=CARTESIAN_POINT('',(1.29155585924009,0.867656066186418,0.0387951773735669));
#2393=CARTESIAN_POINT('',(1.29155585924009,0.867656066186418,-0.444679750054766));
#2394=CARTESIAN_POINT('',(1.29155585924009,0.867656066186418,0.0387951773735669));
#2395=CARTESIAN_POINT('',(0.968427107676476,0.650580962970693,-0.186140629783344));
#2396=CARTESIAN_POINT('',(1.29155585924009,0.867656066186418,0.0387951773735669));
#2397=CARTESIAN_POINT('',(1.03760217204656,0.697052173487945,-0.137986608007439));
#2398=CARTESIAN_POINT('',(1.03760217204656,0.697052173487945,-5.25));
#2399=CARTESIAN_POINT('',(1.29155585924009,0.867656066186418,-0.202942286340599));
#2400=CARTESIAN_POINT('',(1.29155585924009,0.867656066186418,0.0387951773735669));
#2401=CARTESIAN_POINT('',(1.46160013090327,0.612282964572485,0.0231092728204336));
#2402=CARTESIAN_POINT('',(1.6842752449002,-0.100462263517886,-0.0134099650660335));
#2403=CARTESIAN_POINT('',(1.21981123741239,-1.21981123741238,-0.0707625362858337));
#2404=CARTESIAN_POINT('',(-1.09912079437891E-14,-1.72596117717249,-0.133262536285834));
#2405=CARTESIAN_POINT('',(-1.21981123741238,-1.21981123741238,-0.195762536285834));
#2406=CARTESIAN_POINT('',(-1.72596117717249,1.35447209004269E-14,-0.258262536285834));
#2407=CARTESIAN_POINT('',(-1.21981123741238,1.21981123741238,-0.320762536285834));
#2408=CARTESIAN_POINT('',(-2.77555756156289E-15,1.72596117717249,-0.383262536285834));
#2409=CARTESIAN_POINT('',(1.21981123741239,1.21981123741237,-0.445762536285834));
#2410=CARTESIAN_POINT('',(1.72596117717248,-3.66373598126302E-15,-0.508262536285834));
#2411=CARTESIAN_POINT('',(1.21981123741239,-1.21981123741238,-0.570762536285834));
#2412=CARTESIAN_POINT('',(-1.02140518265514E-14,-1.72596117717249,-0.633262536285834));
#2413=CARTESIAN_POINT('',(-1.21981123741238,-1.21981123741238,-0.695762536285834));
#2414=CARTESIAN_POINT('',(-1.72596117717249,-6.21724893790088E-15,-0.758262536285834));
#2415=CARTESIAN_POINT('',(-1.21981123741238,1.21981123741239,-0.820762536285834));
#2416=CARTESIAN_POINT('',(-3.5527136788005E-15,1.72596117717249,-0.883262536285834));
#2417=CARTESIAN_POINT('',(1.21981123741239,1.21981123741237,-0.945762536285834));
#2418=CARTESIAN_POINT('',(1.72596117717248,-3.33066907387547E-15,-1.00826253628583));
#2419=CARTESIAN_POINT('',(1.21981123741239,-1.21981123741238,-1.07076253628583));
#2420=CARTESIAN_POINT('',(-1.02140518265514E-14,-1.72596117717249,-1.13326253628583));
#2421=CARTESIAN_POINT('',(-1.21981123741238,-1.21981123741239,-1.19576253628583));
#2422=CARTESIAN_POINT('',(-1.72596117717249,1.27675647831893E-14,-1.25826253628583));
#2423=CARTESIAN_POINT('',(-1.21981123741238,1.21981123741238,-1.32076253628583));
#2424=CARTESIAN_POINT('',(-3.5527136788005E-15,1.72596117717249,-1.38326253628583));
#2425=CARTESIAN_POINT('',(1.21981123741239,1.21981123741237,-1.44576253628583));
#2426=CARTESIAN_POINT('',(1.72596117717248,-2.88657986402541E-15,-1.50826253628583));
#2427=CARTESIAN_POINT('',(1.21981123741239,-1.21981123741238,-1.57076253628583));
#2428=CARTESIAN_POINT('',(-9.43689570931383E-15,-1.72596117717249,-1.63326253628583));
#2429=CARTESIAN_POINT('',(-1.21981123741238,-1.21981123741238,-1.69576253628583));
#2430=CARTESIAN_POINT('',(-1.72596117717249,-7.105427357601E-15,-1.75826253628583));
#2431=CARTESIAN_POINT('',(-1.21981123741238,1.21981123741239,-1.82076253628583));
#2432=CARTESIAN_POINT('',(-4.32986979603811E-15,1.72596117717249,-1.88326253628583));
#2433=CARTESIAN_POINT('',(1.21981123741239,1.21981123741237,-1.94576253628583));
#2434=CARTESIAN_POINT('',(1.72596117717248,-2.44249065417534E-15,-2.00826253628583));
#2435=CARTESIAN_POINT('',(1.21981123741239,-1.21981123741238,-2.07076253628583));
#2436=CARTESIAN_POINT('',(-9.2148511043888E-15,-1.72596117717249,-2.13326253628583));
#2437=CARTESIAN_POINT('',(-1.21981123741238,-1.21981123741239,-2.19576253628583));
#2438=CARTESIAN_POINT('',(-1.72596117717249,1.16573417585641E-14,-2.25826253628583));
#2439=CARTESIAN_POINT('',(-1.21981123741238,1.21981123741238,-2.32076253628583));
#2440=CARTESIAN_POINT('',(-4.44089209850063E-15,1.72596117717249,-2.38326253628583));
#2441=CARTESIAN_POINT('',(1.21981123741239,1.21981123741237,-2.44576253628583));
#2442=CARTESIAN_POINT('',(1.72596117717248,-1.11022302462516E-16,-2.50826253628583));
#2443=CARTESIAN_POINT('',(1.21981123741238,-1.21981123741239,-2.57076253628583));
#2444=CARTESIAN_POINT('',(-6.77236045021345E-15,-1.72596117717249,-2.63326253628583));
#2445=CARTESIAN_POINT('',(-1.21981123741238,-1.21981123741238,-2.69576253628583));
#2446=CARTESIAN_POINT('',(-1.72596117717249,1.66533453693773E-15,-2.75826253628583));
#2447=CARTESIAN_POINT('',(-1.21981123741238,1.21981123741239,-2.82076253628583));
#2448=CARTESIAN_POINT('',(-3.10862446895044E-15,1.72596117717249,-2.88326253628583));
#2449=CARTESIAN_POINT('',(1.21981123741238,1.21981123741238,-2.94576253628583));
#2450=CARTESIAN_POINT('',(1.72596117717249,-1.55431223447522E-15,-3.00826253628583));
#2451=CARTESIAN_POINT('',(1.21981123741238,-1.21981123741239,-3.07076253628583));
#2452=CARTESIAN_POINT('',(-6.32827124036339E-15,-1.72596117717249,-3.13326253628583));
#2453=CARTESIAN_POINT('',(-1.21981123741238,-1.21981123741238,-3.19576253628583));
#2454=CARTESIAN_POINT('',(-1.72596117717249,1.33226762955019E-15,-3.25826253628583));
#2455=CARTESIAN_POINT('',(-1.21981123741238,1.21981123741239,-3.32076253628583));
#2456=CARTESIAN_POINT('',(-3.5527136788005E-15,1.72596117717248,-3.38326253628583));
#2457=CARTESIAN_POINT('',(1.21981123741238,1.21981123741238,-3.44576253628583));
#2458=CARTESIAN_POINT('',(1.72596117717249,-1.11022302462516E-15,-3.50826253628583));
#2459=CARTESIAN_POINT('',(1.21981123741238,-1.21981123741238,-3.57076253628583));
#2460=CARTESIAN_POINT('',(-5.88418203051333E-15,-1.72596117717249,-3.63326253628583));
#2461=CARTESIAN_POINT('',(-1.21981123741238,-1.21981123741238,-3.69576253628583));
#2462=CARTESIAN_POINT('',(-1.72596117717249,1.11022302462516E-15,-3.75826253628583));
#2463=CARTESIAN_POINT('',(-1.21981123741238,1.21981123741238,-3.82076253628583));
#2464=CARTESIAN_POINT('',(7.7715611723761E-16,1.72596117717249,-3.88326253628583));
#2465=CARTESIAN_POINT('',(1.21981123741238,1.21981123741238,-3.94576253628583));
#2466=CARTESIAN_POINT('',(1.72596117717249,-9.99200722162641E-16,-4.00826253628583));
#2467=CARTESIAN_POINT('',(1.21981123741238,-1.21981123741238,-4.07076253628583));
#2468=CARTESIAN_POINT('',(-5.55111512312578E-16,-1.72596117717249,-4.13326253628583));
#2469=CARTESIAN_POINT('',(-1.21981123741238,-1.21981123741238,-4.19576253628583));
#2470=CARTESIAN_POINT('',(-1.72596117717249,6.66133814775094E-16,-4.25826253628583));
#2471=CARTESIAN_POINT('',(-1.21981123741238,1.21981123741238,-4.32076253628583));
#2472=CARTESIAN_POINT('',(-1.11022302462516E-16,1.72596117717249,-4.38326253628583));
#2473=CARTESIAN_POINT('',(1.21981123741238,1.21981123741238,-4.44576253628583));
#2474=CARTESIAN_POINT('',(1.72596117717249,-3.33066907387547E-16,-4.50826253628583));
#2475=CARTESIAN_POINT('',(1.21981123741238,-1.21981123741238,-4.57076253628583));
#2476=CARTESIAN_POINT('',(-2.22044604925031E-16,-1.72596117717249,-4.63326253628583));
#2477=CARTESIAN_POINT('',(-1.21981123741238,-1.21981123741238,-4.69576253628583));
#2478=CARTESIAN_POINT('',(-1.72596117717249,1.11022302462516E-16,-4.75826253628583));
#2479=CARTESIAN_POINT('',(-1.21981123741238,1.21981123741238,-4.82076253628583));
#2480=CARTESIAN_POINT('',(1.11022302462516E-16,1.72596117717249,-4.88326253628583));
#2481=CARTESIAN_POINT('',(1.21981123741238,1.21981123741238,-4.94576253628583));
#2482=CARTESIAN_POINT('',(1.55724453058578,0.407685664760932,-4.9874292029525));
#2483=CARTESIAN_POINT('',(1.55724453058578,0.,-5.00826253628583));
#2484=CARTESIAN_POINT('',(1.55724453058578,0.,-5.00826253628583));
#2485=CARTESIAN_POINT('',(1.55724453058578,0.407685664760932,-4.9874292029525));
#2486=CARTESIAN_POINT('',(1.21981123741238,1.21981123741238,-4.94576253628583));
#2487=CARTESIAN_POINT('',(1.11022302462516E-16,1.72596117717249,-4.88326253628583));
#2488=CARTESIAN_POINT('',(-1.21981123741238,1.21981123741238,-4.82076253628583));
#2489=CARTESIAN_POINT('',(-1.72596117717249,1.11022302462516E-16,-4.75826253628583));
#2490=CARTESIAN_POINT('',(-1.21981123741238,-1.21981123741238,-4.69576253628583));
#2491=CARTESIAN_POINT('',(-2.22044604925031E-16,-1.72596117717249,-4.63326253628583));
#2492=CARTESIAN_POINT('',(1.21981123741238,-1.21981123741238,-4.57076253628583));
#2493=CARTESIAN_POINT('',(1.72596117717249,-3.33066907387547E-16,-4.50826253628583));
#2494=CARTESIAN_POINT('',(1.21981123741238,1.21981123741238,-4.44576253628583));
#2495=CARTESIAN_POINT('',(-1.11022302462516E-16,1.72596117717249,-4.38326253628583));
#2496=CARTESIAN_POINT('',(-1.21981123741238,1.21981123741238,-4.32076253628583));
#2497=CARTESIAN_POINT('',(-1.72596117717249,6.66133814775094E-16,-4.25826253628583));
#2498=CARTESIAN_POINT('',(-1.21981123741238,-1.21981123741238,-4.19576253628583));
#2499=CARTESIAN_POINT('',(-5.55111512312578E-16,-1.72596117717249,-4.13326253628583));
#2500=CARTESIAN_POINT('',(1.21981123741238,-1.21981123741238,-4.07076253628583));
#2501=CARTESIAN_POINT('',(1.72596117717249,-9.99200722162641E-16,-4.00826253628583));
#2502=CARTESIAN_POINT('',(1.21981123741238,1.21981123741238,-3.94576253628583));
#2503=CARTESIAN_POINT('',(7.7715611723761E-16,1.72596117717249,-3.88326253628583));
#2504=CARTESIAN_POINT('',(-1.21981123741238,1.21981123741238,-3.82076253628583));
#2505=CARTESIAN_POINT('',(-1.72596117717249,1.11022302462516E-15,-3.75826253628583));
#2506=CARTESIAN_POINT('',(-1.21981123741238,-1.21981123741238,-3.69576253628583));
#2507=CARTESIAN_POINT('',(-5.88418203051333E-15,-1.72596117717249,-3.63326253628583));
#2508=CARTESIAN_POINT('',(1.21981123741238,-1.21981123741238,-3.57076253628583));
#2509=CARTESIAN_POINT('',(1.72596117717249,-1.11022302462516E-15,-3.50826253628583));
#2510=CARTESIAN_POINT('',(1.21981123741238,1.21981123741238,-3.44576253628583));
#2511=CARTESIAN_POINT('',(-3.5527136788005E-15,1.72596117717248,-3.38326253628583));
#2512=CARTESIAN_POINT('',(-1.21981123741238,1.21981123741239,-3.32076253628583));
#2513=CARTESIAN_POINT('',(-1.72596117717249,1.33226762955019E-15,-3.25826253628583));
#2514=CARTESIAN_POINT('',(-1.21981123741238,-1.21981123741238,-3.19576253628583));
#2515=CARTESIAN_POINT('',(-6.32827124036339E-15,-1.72596117717249,-3.13326253628583));
#2516=CARTESIAN_POINT('',(1.21981123741238,-1.21981123741239,-3.07076253628583));
#2517=CARTESIAN_POINT('',(1.72596117717249,-1.55431223447522E-15,-3.00826253628583));
#2518=CARTESIAN_POINT('',(1.21981123741238,1.21981123741238,-2.94576253628583));
#2519=CARTESIAN_POINT('',(-3.10862446895044E-15,1.72596117717249,-2.88326253628583));
#2520=CARTESIAN_POINT('',(-1.21981123741238,1.21981123741239,-2.82076253628583));
#2521=CARTESIAN_POINT('',(-1.72596117717249,1.66533453693773E-15,-2.75826253628583));
#2522=CARTESIAN_POINT('',(-1.21981123741238,-1.21981123741238,-2.69576253628583));
#2523=CARTESIAN_POINT('',(-6.77236045021345E-15,-1.72596117717249,-2.63326253628583));
#2524=CARTESIAN_POINT('',(1.21981123741238,-1.21981123741239,-2.57076253628583));
#2525=CARTESIAN_POINT('',(1.72596117717248,-1.11022302462516E-16,-2.50826253628583));
#2526=CARTESIAN_POINT('',(1.21981123741239,1.21981123741237,-2.44576253628583));
#2527=CARTESIAN_POINT('',(-4.44089209850063E-15,1.72596117717249,-2.38326253628583));
#2528=CARTESIAN_POINT('',(-1.21981123741238,1.21981123741238,-2.32076253628583));
#2529=CARTESIAN_POINT('',(-1.72596117717249,1.16573417585641E-14,-2.25826253628583));
#2530=CARTESIAN_POINT('',(-1.21981123741238,-1.21981123741239,-2.19576253628583));
#2531=CARTESIAN_POINT('',(-9.2148511043888E-15,-1.72596117717249,-2.13326253628583));
#2532=CARTESIAN_POINT('',(1.21981123741239,-1.21981123741238,-2.07076253628583));
#2533=CARTESIAN_POINT('',(1.72596117717248,-2.44249065417534E-15,-2.00826253628583));
#2534=CARTESIAN_POINT('',(1.21981123741239,1.21981123741237,-1.94576253628583));
#2535=CARTESIAN_POINT('',(-4.32986979603811E-15,1.72596117717249,-1.88326253628583));
#2536=CARTESIAN_POINT('',(-1.21981123741238,1.21981123741239,-1.82076253628583));
#2537=CARTESIAN_POINT('',(-1.72596117717249,-7.105427357601E-15,-1.75826253628583));
#2538=CARTESIAN_POINT('',(-1.21981123741238,-1.21981123741238,-1.69576253628583));
#2539=CARTESIAN_POINT('',(-9.43689570931383E-15,-1.72596117717249,-1.63326253628583));
#2540=CARTESIAN_POINT('',(1.21981123741239,-1.21981123741238,-1.57076253628583));
#2541=CARTESIAN_POINT('',(1.72596117717248,-2.88657986402541E-15,-1.50826253628583));
#2542=CARTESIAN_POINT('',(1.21981123741239,1.21981123741237,-1.44576253628583));
#2543=CARTESIAN_POINT('',(-3.5527136788005E-15,1.72596117717249,-1.38326253628583));
#2544=CARTESIAN_POINT('',(-1.21981123741238,1.21981123741238,-1.32076253628583));
#2545=CARTESIAN_POINT('',(-1.72596117717249,1.27675647831893E-14,-1.25826253628583));
#2546=CARTESIAN_POINT('',(-1.21981123741238,-1.21981123741239,-1.19576253628583));
#2547=CARTESIAN_POINT('',(-1.02140518265514E-14,-1.72596117717249,-1.13326253628583));
#2548=CARTESIAN_POINT('',(1.21981123741239,-1.21981123741238,-1.07076253628583));
#2549=CARTESIAN_POINT('',(1.72596117717248,-3.33066907387547E-15,-1.00826253628583));
#2550=CARTESIAN_POINT('',(1.21981123741239,1.21981123741237,-0.945762536285834));
#2551=CARTESIAN_POINT('',(-3.5527136788005E-15,1.72596117717249,-0.883262536285834));
#2552=CARTESIAN_POINT('',(-1.21981123741238,1.21981123741239,-0.820762536285834));
#2553=CARTESIAN_POINT('',(-1.72596117717249,-6.21724893790088E-15,-0.758262536285834));
#2554=CARTESIAN_POINT('',(-1.21981123741238,-1.21981123741238,-0.695762536285834));
#2555=CARTESIAN_POINT('',(-1.02140518265514E-14,-1.72596117717249,-0.633262536285834));
#2556=CARTESIAN_POINT('',(1.21981123741239,-1.21981123741238,-0.570762536285834));
#2557=CARTESIAN_POINT('',(1.72596117717248,-3.66373598126302E-15,-0.508262536285834));
#2558=CARTESIAN_POINT('',(1.21981123741239,1.21981123741237,-0.445762536285834));
#2559=CARTESIAN_POINT('',(-2.77555756156289E-15,1.72596117717249,-0.383262536285834));
#2560=CARTESIAN_POINT('',(-1.21981123741238,1.21981123741238,-0.320762536285834));
#2561=CARTESIAN_POINT('',(-1.72596117717249,1.35447209004269E-14,-0.258262536285834));
#2562=CARTESIAN_POINT('',(-1.21981123741238,-1.21981123741238,-0.195762536285834));
#2563=CARTESIAN_POINT('',(-1.09912079437891E-14,-1.72596117717249,-0.133262536285834));
#2564=CARTESIAN_POINT('',(1.21981123741239,-1.21981123741238,-0.0707625362858337));
#2565=CARTESIAN_POINT('',(1.6842752449002,-0.100462263517886,-0.0134099650660335));
#2566=CARTESIAN_POINT('',(1.46160013090327,0.612282964572485,0.0231092728204336));
#2567=CARTESIAN_POINT('',(1.29155585924009,0.867656066186418,0.0387951773735669));
#2568=CARTESIAN_POINT('',(1.55724453058578,0.,-5.49173746371417));
#2569=CARTESIAN_POINT('',(1.55724453058578,0.407685664760932,-5.47090413038083));
#2570=CARTESIAN_POINT('',(1.21981123741238,1.21981123741238,-5.42923746371417));
#2571=CARTESIAN_POINT('',(1.11022302462516E-16,1.72596117717249,-5.36673746371417));
#2572=CARTESIAN_POINT('',(-1.21981123741238,1.21981123741238,-5.30423746371417));
#2573=CARTESIAN_POINT('',(-1.72596117717249,1.11022302462516E-16,-5.24173746371417));
#2574=CARTESIAN_POINT('',(-1.21981123741238,-1.21981123741238,-5.17923746371417));
#2575=CARTESIAN_POINT('',(-2.22044604925031E-16,-1.72596117717249,-5.11673746371417));
#2576=CARTESIAN_POINT('',(1.21981123741238,-1.21981123741238,-5.05423746371417));
#2577=CARTESIAN_POINT('',(1.72596117717249,-3.33066907387547E-16,-4.99173746371417));
#2578=CARTESIAN_POINT('',(1.21981123741238,1.21981123741238,-4.92923746371417));
#2579=CARTESIAN_POINT('',(-1.11022302462516E-16,1.72596117717249,-4.86673746371417));
#2580=CARTESIAN_POINT('',(-1.21981123741238,1.21981123741238,-4.80423746371417));
#2581=CARTESIAN_POINT('',(-1.72596117717249,6.66133814775094E-16,-4.74173746371417));
#2582=CARTESIAN_POINT('',(-1.21981123741238,-1.21981123741238,-4.67923746371417));
#2583=CARTESIAN_POINT('',(-5.55111512312578E-16,-1.72596117717249,-4.61673746371417));
#2584=CARTESIAN_POINT('',(1.21981123741238,-1.21981123741238,-4.55423746371417));
#2585=CARTESIAN_POINT('',(1.72596117717249,-9.99200722162641E-16,-4.49173746371417));
#2586=CARTESIAN_POINT('',(1.21981123741238,1.21981123741238,-4.42923746371417));
#2587=CARTESIAN_POINT('',(7.7715611723761E-16,1.72596117717249,-4.36673746371417));
#2588=CARTESIAN_POINT('',(-1.21981123741238,1.21981123741238,-4.30423746371417));
#2589=CARTESIAN_POINT('',(-1.72596117717249,1.11022302462516E-15,-4.24173746371417));
#2590=CARTESIAN_POINT('',(-1.21981123741238,-1.21981123741238,-4.17923746371417));
#2591=CARTESIAN_POINT('',(-5.88418203051333E-15,-1.72596117717249,-4.11673746371417));
#2592=CARTESIAN_POINT('',(1.21981123741238,-1.21981123741238,-4.05423746371417));
#2593=CARTESIAN_POINT('',(1.72596117717249,-1.11022302462516E-15,-3.99173746371417));
#2594=CARTESIAN_POINT('',(1.21981123741238,1.21981123741238,-3.92923746371417));
#2595=CARTESIAN_POINT('',(-3.5527136788005E-15,1.72596117717248,-3.86673746371417));
#2596=CARTESIAN_POINT('',(-1.21981123741238,1.21981123741239,-3.80423746371417));
#2597=CARTESIAN_POINT('',(-1.72596117717249,1.33226762955019E-15,-3.74173746371417));
#2598=CARTESIAN_POINT('',(-1.21981123741238,-1.21981123741238,-3.67923746371417));
#2599=CARTESIAN_POINT('',(-6.32827124036339E-15,-1.72596117717249,-3.61673746371417));
#2600=CARTESIAN_POINT('',(1.21981123741238,-1.21981123741239,-3.55423746371417));
#2601=CARTESIAN_POINT('',(1.72596117717249,-1.55431223447522E-15,-3.49173746371417));
#2602=CARTESIAN_POINT('',(1.21981123741238,1.21981123741238,-3.42923746371417));
#2603=CARTESIAN_POINT('',(-3.10862446895044E-15,1.72596117717249,-3.36673746371417));
#2604=CARTESIAN_POINT('',(-1.21981123741238,1.21981123741239,-3.30423746371417));
#2605=CARTESIAN_POINT('',(-1.72596117717249,1.66533453693773E-15,-3.24173746371417));
#2606=CARTESIAN_POINT('',(-1.21981123741238,-1.21981123741238,-3.17923746371417));
#2607=CARTESIAN_POINT('',(-6.77236045021345E-15,-1.72596117717249,-3.11673746371417));
#2608=CARTESIAN_POINT('',(1.21981123741238,-1.21981123741239,-3.05423746371417));
#2609=CARTESIAN_POINT('',(1.72596117717248,-1.11022302462516E-16,-2.99173746371417));
#2610=CARTESIAN_POINT('',(1.21981123741239,1.21981123741237,-2.92923746371417));
#2611=CARTESIAN_POINT('',(-4.44089209850063E-15,1.72596117717249,-2.86673746371417));
#2612=CARTESIAN_POINT('',(-1.21981123741238,1.21981123741238,-2.80423746371417));
#2613=CARTESIAN_POINT('',(-1.72596117717249,1.16573417585641E-14,-2.74173746371417));
#2614=CARTESIAN_POINT('',(-1.21981123741238,-1.21981123741239,-2.67923746371417));
#2615=CARTESIAN_POINT('',(-9.2148511043888E-15,-1.72596117717249,-2.61673746371417));
#2616=CARTESIAN_POINT('',(1.21981123741239,-1.21981123741238,-2.55423746371417));
#2617=CARTESIAN_POINT('',(1.72596117717248,-2.44249065417534E-15,-2.49173746371417));
#2618=CARTESIAN_POINT('',(1.21981123741239,1.21981123741237,-2.42923746371417));
#2619=CARTESIAN_POINT('',(-4.32986979603811E-15,1.72596117717249,-2.36673746371417));
#2620=CARTESIAN_POINT('',(-1.21981123741238,1.21981123741239,-2.30423746371417));
#2621=CARTESIAN_POINT('',(-1.72596117717249,-7.105427357601E-15,-2.24173746371417));
#2622=CARTESIAN_POINT('',(-1.21981123741238,-1.21981123741238,-2.17923746371417));
#2623=CARTESIAN_POINT('',(-9.43689570931383E-15,-1.72596117717249,-2.11673746371417));
#2624=CARTESIAN_POINT('',(1.21981123741239,-1.21981123741238,-2.05423746371417));
#2625=CARTESIAN_POINT('',(1.72596117717248,-2.88657986402541E-15,-1.99173746371417));
#2626=CARTESIAN_POINT('',(1.21981123741239,1.21981123741237,-1.92923746371417));
#2627=CARTESIAN_POINT('',(-3.5527136788005E-15,1.72596117717249,-1.86673746371417));
#2628=CARTESIAN_POINT('',(-1.21981123741238,1.21981123741238,-1.80423746371417));
#2629=CARTESIAN_POINT('',(-1.72596117717249,1.27675647831893E-14,-1.74173746371417));
#2630=CARTESIAN_POINT('',(-1.21981123741238,-1.21981123741239,-1.67923746371417));
#2631=CARTESIAN_POINT('',(-1.02140518265514E-14,-1.72596117717249,-1.61673746371417));
#2632=CARTESIAN_POINT('',(1.21981123741239,-1.21981123741238,-1.55423746371417));
#2633=CARTESIAN_POINT('',(1.72596117717248,-3.33066907387547E-15,-1.49173746371417));
#2634=CARTESIAN_POINT('',(1.21981123741239,1.21981123741237,-1.42923746371417));
#2635=CARTESIAN_POINT('',(-3.5527136788005E-15,1.72596117717249,-1.36673746371417));
#2636=CARTESIAN_POINT('',(-1.21981123741238,1.21981123741239,-1.30423746371417));
#2637=CARTESIAN_POINT('',(-1.72596117717249,-6.21724893790088E-15,-1.24173746371417));
#2638=CARTESIAN_POINT('',(-1.21981123741238,-1.21981123741238,-1.17923746371417));
#2639=CARTESIAN_POINT('',(-1.02140518265514E-14,-1.72596117717249,-1.11673746371417));
#2640=CARTESIAN_POINT('',(1.21981123741239,-1.21981123741238,-1.05423746371417));
#2641=CARTESIAN_POINT('',(1.72596117717248,-3.66373598126302E-15,-0.991737463714166));
#2642=CARTESIAN_POINT('',(1.21981123741239,1.21981123741237,-0.929237463714166));
#2643=CARTESIAN_POINT('',(-2.77555756156289E-15,1.72596117717249,-0.866737463714166));
#2644=CARTESIAN_POINT('',(-1.21981123741238,1.21981123741238,-0.804237463714166));
#2645=CARTESIAN_POINT('',(-1.72596117717249,1.35447209004269E-14,-0.741737463714166));
#2646=CARTESIAN_POINT('',(-1.21981123741238,-1.21981123741238,-0.679237463714166));
#2647=CARTESIAN_POINT('',(-1.09912079437891E-14,-1.72596117717249,-0.616737463714166));
#2648=CARTESIAN_POINT('',(1.21981123741239,-1.21981123741238,-0.554237463714166));
#2649=CARTESIAN_POINT('',(1.6842752449002,-0.100462263517886,-0.496884892494366));
#2650=CARTESIAN_POINT('',(1.46160013090327,0.612282964572485,-0.460365654607899));
#2651=CARTESIAN_POINT('',(1.29155585924009,0.867656066186418,-0.444679750054766));
#2652=CARTESIAN_POINT('',(1.03760217204656,0.697052173487945,-0.137986608007439));
#2653=CARTESIAN_POINT('',(1.08665534802542,0.624033705319672,-0.143376633013946));
#2654=CARTESIAN_POINT('',(1.12818243545228,0.545380270152381,-0.148851086178466));
#2655=CARTESIAN_POINT('',(1.16080884954706,0.463705525968303,-0.154482817937625));
#2656=CARTESIAN_POINT('',(1.21279987280371,0.333554737345923,-0.163457126178032));
#2657=CARTESIAN_POINT('',(1.24298963203767,0.192656336521987,-0.173136636171416));
#2658=CARTESIAN_POINT('',(1.24889116348006,0.0526389758774539,-0.182254921726758));
#2659=CARTESIAN_POINT('',(1.25479413626159,-0.087412581399742,-0.191375434253529));
#2660=CARTESIAN_POINT('',(1.23654379921561,-0.230471281462438,-0.199781116354715));
#2661=CARTESIAN_POINT('',(1.19565082405815,-0.364580727588636,-0.208434934857229));
#2662=CARTESIAN_POINT('',(1.15476258315745,-0.498674647611696,-0.217087751490878));
#2663=CARTESIAN_POINT('',(1.09012286539756,-0.627514310151243,-0.226341742088177));
#2664=CARTESIAN_POINT('',(1.00710562410906,-0.740431132441032,-0.235606069350483));
#2665=CARTESIAN_POINT('',(0.92408827179034,-0.853348105749796,-0.24487040900323));
#2666=CARTESIAN_POINT('',(0.820377608518861,-0.953485599350925,-0.253842512441875));
#2667=CARTESIAN_POINT('',(0.704576987492132,-1.0325072729509,-0.262429881521264));
#2668=CARTESIAN_POINT('',(0.588758266436401,-1.11154129790592,-0.271018592835505));
#2669=CARTESIAN_POINT('',(0.457676672989652,-1.17161463836816,-0.27994338317524));
#2670=CARTESIAN_POINT('',(0.322240339143543,-1.20775045594223,-0.289180340043921));
#2671=CARTESIAN_POINT('',(0.186840800716084,-1.24387645611724,-0.298414787411013));
#2672=CARTESIAN_POINT('',(0.0433440793094362,-1.25708775462152,-0.30803884019068));
#2673=CARTESIAN_POINT('',(-0.0964108752285929,-1.24627643126943,-0.316702897129522));
#2674=CARTESIAN_POINT('',(-0.236220342840987,-1.23546089083268,-0.325370333586334));
#2675=CARTESIAN_POINT('',(-0.376104774946213,-1.20029343030538,-0.333858360264368));
#2676=CARTESIAN_POINT('',(-0.504394031573865,-1.14371616274014,-0.342783999317607));
#2677=CARTESIAN_POINT('',(-0.632637309871513,-1.08715917222964,-0.35170643945935));
#2678=CARTESIAN_POINT('',(-0.752834006844041,-1.00766235698951,-0.361330286993124));
#2679=CARTESIAN_POINT('',(-0.85506521221841,-0.911791359277925,-0.370395273904545));
#2680=CARTESIAN_POINT('',(-0.957325419258865,-0.815893164208615,-0.379462832435097));
#2681=CARTESIAN_POINT('',(-1.04443391776685,-0.700940201893784,-0.387894985643021));
#2682=CARTESIAN_POINT('',(-1.10910330248194,-0.576532622167778,-0.396639078878017));
#2683=CARTESIAN_POINT('',(-1.17375651778968,-0.452156148301884,-0.40538098581101));
#2684=CARTESIAN_POINT('',(-1.21777230898409,-0.314912485682246,-0.414762904177676));
#2685=CARTESIAN_POINT('',(-1.2375232290893,-0.176171102807384,-0.42407398739798));
#2686=CARTESIAN_POINT('',(-1.25727426099008,-0.0374289346186412,-0.433385123321541));
#2687=CARTESIAN_POINT('',(-1.25330480239825,0.106678692849988,-0.442290855934113));
#2688=CARTESIAN_POINT('',(-1.2259208161961,0.244168287083067,-0.450830090346536));
#2689=CARTESIAN_POINT('',(-1.19853181216855,0.381683074827934,-0.459370889483214));
#2690=CARTESIAN_POINT('',(-1.14697021322595,0.516341380905264,-0.468242572682092));
#2691=CARTESIAN_POINT('',(-1.07554220728949,0.636952871364013,-0.477425599268648));
#2692=CARTESIAN_POINT('',(-1.00412902425152,0.757539332258267,-0.486606720173121));
#2693=CARTESIAN_POINT('',(-0.910888129475551,0.86742895918206,-0.496143610255843));
#2694=CARTESIAN_POINT('',(-0.803506796081577,0.957536854982992,-0.504806554128358));
#2695=CARTESIAN_POINT('',(-0.696083571853687,1.04767990302853,-0.513472877526266));
#2696=CARTESIAN_POINT('',(-0.571564966321122,1.1204787435171,-0.522064305301465));
#2697=CARTESIAN_POINT('',(-0.440341896034047,1.16987136668831,-0.531091928266199));
#2698=CARTESIAN_POINT('',(-0.309178064079588,1.21924169243396,-0.540115475870321));
#2699=CARTESIAN_POINT('',(-0.167705748196412,1.24660169997777,-0.549835196565451));
#2700=CARTESIAN_POINT('',(-0.0275934883139589,1.24969540264925,-0.558878864128235));
#2701=CARTESIAN_POINT('',(0.112558315145903,1.25278997844968,-0.567925084065584));
#2702=CARTESIAN_POINT('',(0.255229932051754,1.23167205476374,-0.576293239187098));
#2703=CARTESIAN_POINT('',(0.388494662980418,1.18809591230495,-0.584986328770983));
#2704=CARTESIAN_POINT('',(0.521735941203174,1.14452743863029,-0.593677888494176));
#2705=CARTESIAN_POINT('',(0.64924597915139,1.07732119692985,-0.603005357336618));
#2706=CARTESIAN_POINT('',(0.760473536576026,0.99205846610345,-0.612262275429067));
#2707=CARTESIAN_POINT('',(0.871706703682767,0.906791435112361,-0.621519660387542));
#2708=CARTESIAN_POINT('',(0.969751959677137,0.801084386655728,-0.630369051167841));
#2709=CARTESIAN_POINT('',(1.04643597355006,0.683719060185053,-0.638967037773417));
#2710=CARTESIAN_POINT('',(1.12312696617606,0.566343052692458,-0.647565806852711));
#2711=CARTESIAN_POINT('',(1.18055489670452,0.434093119199837,-0.656567489571216));
#2712=CARTESIAN_POINT('',(1.21396692795636,0.297966940831027,-0.66583431453298));
#2713=CARTESIAN_POINT('',(1.24737132858393,0.161871850895961,-0.67509902314154));
#2714=CARTESIAN_POINT('',(1.2577044618513,0.0181321070833479,-0.684629637168664));
#2715=CARTESIAN_POINT('',(1.24409266816154,-0.12138135370272,-0.693247968988925));
#2716=CARTESIAN_POINT('',(1.2304756674318,-0.260948183808295,-0.701869597655969));
#2717=CARTESIAN_POINT('',(1.19251064153226,-0.400095590989149,-0.710409190522168));
#2718=CARTESIAN_POINT('',(1.13337435473968,-0.527221558757286,-0.719383774571816));
#2719=CARTESIAN_POINT('',(1.07425903220752,-0.654302459409443,-0.728355177063617));
#2720=CARTESIAN_POINT('',(0.99237109452691,-0.772879965048903,-0.738018991868738));
#2721=CARTESIAN_POINT('',(0.89446652788856,-0.873172165433017,-0.747009715131264));
#2722=CARTESIAN_POINT('',(0.796530685724285,-0.973496404070513,-0.756003310472267));
#2723=CARTESIAN_POINT('',(0.67984794145236,-1.05828485047157,-0.764419497928876));
#2724=CARTESIAN_POINT('',(0.554165857355721,-1.1204464300185,-0.773206907167838));
#2725=CARTESIAN_POINT('',(0.428522943744126,-1.18258863608639,-0.7819915776944));
#2726=CARTESIAN_POINT('',(0.290432718758077,-1.22384125804779,-0.791443838837901));
#2727=CARTESIAN_POINT('',(0.151325663959882,-1.24080640852112,-0.800737757647755));
#2728=CARTESIAN_POINT('',(0.0122107386009137,-1.25777251886848,-0.810032202299759));
#2729=CARTESIAN_POINT('',(-0.131800428842017,-1.25091276861427,-0.818809330680929));
#2730=CARTESIAN_POINT('',(-0.268715831890439,-1.22077508235196,-0.827358619199959));
#2731=CARTESIAN_POINT('',(-0.405648640479031,-1.19063356479896,-0.83590899455788));
#2732=CARTESIAN_POINT('',(-0.539236722718571,-1.13638509992592,-0.84485735486038));
#2733=CARTESIAN_POINT('',(-0.658386710638084,-1.06255679342573,-0.854070150593091));
#2734=CARTESIAN_POINT('',(-0.777516418985176,-0.988741052654786,-0.863281378289065));
#2735=CARTESIAN_POINT('',(-0.885520381678888,-0.893311086435926,-0.872723960029097));
#2736=CARTESIAN_POINT('',(-0.973458553019867,-0.784141852952938,-0.881352644403579));
#2737=CARTESIAN_POINT('',(-1.06142877195842,-0.674932834566435,-0.889984473357942));
#2738=CARTESIAN_POINT('',(-1.13171245964239,-0.548984900109445,-0.898634076932615));
#2739=CARTESIAN_POINT('',(-1.17846289640246,-0.416803553011227,-0.907709633674811));
#2740=CARTESIAN_POINT('',(-1.22519326530524,-0.284678945413076,-0.916781294689179));
#2741=CARTESIAN_POINT('',(-1.24971308071328,-0.142688274156031,-0.926532464463043));
#2742=CARTESIAN_POINT('',(-1.24999742738402,-0.00253604679423211,-0.935488281389047));
#2743=CARTESIAN_POINT('',(-1.25028186354811,0.137660291137911,-0.944446917008695));
#2744=CARTESIAN_POINT('',(-1.22630474300455,0.279885173835407,-0.952808969430521));
#2745=CARTESIAN_POINT('',(-1.18006313552952,0.412251132398964,-0.961544985533835));
#2746=CARTESIAN_POINT('',(-1.1338322461409,0.544586410589191,-0.970278976764301));
#2747=CARTESIAN_POINT('',(-1.06408664601341,0.670716362545905,-0.97967654767113));
#2748=CARTESIAN_POINT('',(-0.976612070406878,0.7802107817349,-0.988916373377479));
#2749=CARTESIAN_POINT('',(-0.889128694692817,0.889716216269284,-0.998157128627747));
#2750=CARTESIAN_POINT('',(-0.78146717786229,0.985629235237988,-1.00689097003031));
#2751=CARTESIAN_POINT('',(-0.662584109245887,1.05994447881709,-1.01550684750237));
#2752=CARTESIAN_POINT('',(-0.543698314929137,1.13426142626444,-1.0241229225156));
#2753=CARTESIAN_POINT('',(-0.410333328930695,1.18902116043131,-1.03320266736397));
#2754=CARTESIAN_POINT('',(-0.273571466739391,1.21969613124994,-1.04249334721491));
#2755=CARTESIAN_POINT('',(-0.136834771395777,1.25036545727618,-1.05178231739971));
#2756=CARTESIAN_POINT('',(0.00709168344106508,1.2578155080627,-1.0612027963635));
#2757=CARTESIAN_POINT('',(0.146307139631015,1.24140816047462,-1.06978604064748));
#2758=CARTESIAN_POINT('',(0.285572457758788,1.22499493636847,-1.07837235913891));
#2759=CARTESIAN_POINT('',(0.423924388133064,1.18424856334791,-1.08696980189749));
#2760=CARTESIAN_POINT('',(0.549834397700176,1.12257834252479,-1.09599205097753));
#2761=CARTESIAN_POINT('',(0.675702383684825,1.06092870468486,-1.10501128880191));
#2762=CARTESIAN_POINT('',(0.792614277050739,0.976682178280768,-1.11470433174002));
#2763=CARTESIAN_POINT('',(0.890927766877923,0.876782592326009,-1.12360965804663));
#2764=CARTESIAN_POINT('',(0.989275615483198,0.776848093281386,-1.13251809660295));
#2765=CARTESIAN_POINT('',(1.07170835646921,0.658484419466892,-1.14094895286224));
#2766=CARTESIAN_POINT('',(1.13133708664674,0.53157915344535,-1.14978250795148));
#2767=CARTESIAN_POINT('',(1.19094401155509,0.404720294641881,-1.15861283275147));
#2768=CARTESIAN_POINT('',(1.22941784514929,0.26583834723233,-1.16813114384131));
#2769=CARTESIAN_POINT('',(1.2435907324139,0.126420292097442,-1.17739750013773));
#2770=CARTESIAN_POINT('',(1.25776514078777,-0.0130127261209286,-1.18666485094855));
#2771=CARTESIAN_POINT('',(1.24801721844568,-0.156869369643371,-1.19532294617745));
#2772=CARTESIAN_POINT('',(1.21513778280267,-0.293155536883446,-1.20388959920485));
#2773=CARTESIAN_POINT('',(1.18225611613272,-0.429450951791678,-1.21245683352063));
#2774=CARTESIAN_POINT('',(1.12534305613589,-0.561915236844938,-1.22148303447517));
#2775=CARTESIAN_POINT('',(1.04914401208287,-0.67955635668476,-1.23071960527067));
#2776=CARTESIAN_POINT('',(0.972954918765947,-0.797182113920595,-1.23995496987416));
#2777=CARTESIAN_POINT('',(0.875372841917325,-0.903257570173497,-1.24928909389283));
#2778=CARTESIAN_POINT('',(0.764459521857313,-0.988990212004997,-1.25789364053832));
#2779=CARTESIAN_POINT('',(0.65351043977932,-1.07475049679477,-1.2665009615661));
#2780=CARTESIAN_POINT('',(0.526186177470622,-1.14249005175155,-1.27521416816036));
#2781=CARTESIAN_POINT('',(0.393101534842653,-1.18657961524066,-1.28433554548909));
#2782=CARTESIAN_POINT('',(0.260069209870857,-1.23065184643224,-1.29345333706161));
#2783=CARTESIAN_POINT('',(0.117615737828055,-1.2523222626831,-1.3032163834403));
#2784=CARTESIAN_POINT('',(-0.0225203925320897,-1.24979711630336,-1.312081132518));
#2785=CARTESIAN_POINT('',(-0.162704598523103,-1.24727110363736,-1.32094892277004));
#2786=CARTESIAN_POINT('',(-0.304423541624612,-1.22044492605215,-1.32932946194127));
#2787=CARTESIAN_POINT('',(-0.435836988638971,-1.1715571344728,-1.3381112517117));
#2788=CARTESIAN_POINT('',(-0.567213559682015,-1.12268306131299,-1.34689057722117));
#2789=CARTESIAN_POINT('',(-0.691913878743609,-1.05042651880232,-1.35635395037924));
#2790=CARTESIAN_POINT('',(-0.79963228655755,-0.960774794785305,-1.36556633342949));
#2791=CARTESIAN_POINT('',(-0.907366920753637,-0.871109565897916,-1.37478010420586));
#2792=CARTESIAN_POINT('',(-1.00110862354261,-0.761536845044423,-1.38340995791046));
#2793=CARTESIAN_POINT('',(-1.07302527480854,-0.641183873488758,-1.3920503142183));
#2794=CARTESIAN_POINT('',(-1.14493855322264,-0.520836546422014,-1.40069026529813));
#2795=CARTESIAN_POINT('',(-1.19700882072237,-0.386410269931842,-1.40984832160365));
#2796=CARTESIAN_POINT('',(-1.22493492858914,-0.249067100842979,-1.4191560551128));
#2797=CARTESIAN_POINT('',(-1.25285717390335,-0.111742928143113,-1.42846250123847));
#2798=CARTESIAN_POINT('',(-1.25742068331831,0.0323136198408724,-1.43776042569404));
#2799=CARTESIAN_POINT('',(-1.23822420115897,0.171174845302163,-1.44631877055007));
#2800=CARTESIAN_POINT('',(-1.21902151752944,0.310080930219694,-1.4548798802002));
#2801=CARTESIAN_POINT('',(-1.17551116209458,0.447580403531595,-1.46354065806086));
#2802=CARTESIAN_POINT('',(-1.11133277183203,0.572223269583093,-1.47260852715511));
#2803=CARTESIAN_POINT('',(-1.0471740077254,0.696828019061179,-1.48167362323788));
#2804=CARTESIAN_POINT('',(-0.960601802776936,0.812029016554595,-1.49136735275336));
#2805=CARTESIAN_POINT('',(-0.858747762553783,0.908323885136173,-1.50019454631945));
#2806=CARTESIAN_POINT('',(-0.75685558537639,1.00465480916522,-1.5090250450296));
#2807=CARTESIAN_POINT('',(-0.636860221849087,1.08469802868979,-1.51748445515129));
#2808=CARTESIAN_POINT('',(-0.508783929371249,1.14177007896229,-1.52636616582733));
#2809=CARTESIAN_POINT('',(-0.380760060344506,1.19881876883156,-1.53524424109267));
#2810=CARTESIAN_POINT('',(-0.241141392922564,1.23449955910053,-1.54482339333326));
#2811=CARTESIAN_POINT('',(-0.101467011648707,1.24587497187602,-1.55405114911387));
#2812=CARTESIAN_POINT('',(0.0382292581161843,1.25725216730212,-1.56328035098393));
#2813=CARTESIAN_POINT('',(0.181873025656441,1.24461964872608,-1.57183348762804));
#2814=CARTESIAN_POINT('',(0.317475192561288,1.2090117874149,-1.58042412629471));
#2815=CARTESIAN_POINT('',(0.45307821446703,1.17340370158849,-1.58901481912721));
#2816=CARTESIAN_POINT('',(0.584365805420967,1.11384958242612,-1.59811910569898));
#2817=CARTESIAN_POINT('',(0.700451501775047,1.03531043347451,-1.60737267330702));
#2818=CARTESIAN_POINT('',(0.816526933081845,0.956778229461867,-1.61662542265482));
#2819=CARTESIAN_POINT('',(0.920631763898516,0.857082138864599,-1.62584114464518));
#2820=CARTESIAN_POINT('',(1.00412421489563,0.744469315056191,-1.63443118137537));
#2821=CARTESIAN_POINT('',(1.0876393670325,0.631825872438291,-1.64302355368946));
#2822=CARTESIAN_POINT('',(1.15280759148965,0.503177728612183,-1.65180499680051));
#2823=CARTESIAN_POINT('',(1.19421896439097,0.369243910022853,-1.66096933506075));
#2824=CARTESIAN_POINT('',(1.23561569833297,0.235357437164512,-1.67013043371879));
#2825=CARTESIAN_POINT('',(1.25442833048694,0.0924963895698915,-1.67987312013491));
#2826=CARTESIAN_POINT('',(1.24909464917832,-0.0475663472855,-1.68865859180179));
#2827=CARTESIAN_POINT('',(1.24375900917472,-0.187680519568535,-1.69744728976927));
#2828=CARTESIAN_POINT('',(1.21409519658617,-0.328835191929116,-1.70585595892674));
#2829=CARTESIAN_POINT('',(1.16258171275154,-0.459242595123416,-1.71468555212863));
#2830=CARTESIAN_POINT('',(1.11108470122026,-0.589608298356014,-1.7235123219195));
#2831=CARTESIAN_POINT('',(1.03634649338892,-0.712830172508268,-1.7330362887564));
#2832=CARTESIAN_POINT('',(0.94455303600425,-0.818730457583663,-1.74221024336945));
#2833=CARTESIAN_POINT('',(0.852741300999108,-0.924651829186067,-1.75138602467109));
#2834=CARTESIAN_POINT('',(0.741301735111123,-1.01618378402708,-1.75992781730921));
#2835=CARTESIAN_POINT('',(0.619527370400568,-1.08567298820803,-1.76859852725266));
#2836=CARTESIAN_POINT('',(0.497767284147123,-1.1551540445442,-1.77726822052597));
#2837=CARTESIAN_POINT('',(0.362333770660157,-1.20451472696626,-1.78650392216552));
#2838=CARTESIAN_POINT('',(0.224463780282159,-1.22968126412556,-1.79582113935042));
#2839=CARTESIAN_POINT('',(0.0866063404957187,-1.25484551032272,-1.80513750836969));
#2840=CARTESIAN_POINT('',(-0.0575234108576015,-1.25652010721808,-1.81430480574778));
#2841=CARTESIAN_POINT('',(-0.195974437191623,-1.23454202843298,-1.82284793648649));
#2842=CARTESIAN_POINT('',(-0.334464350143073,-1.21255777668432,-1.83139346672678));
#2843=CARTESIAN_POINT('',(-0.471055399625651,-1.16630167440737,-1.84012223696425));
#2844=CARTESIAN_POINT('',(-0.594380970055173,-1.09964142448176,-1.84923289881864));
#2845=CARTESIAN_POINT('',(-0.717672672636126,-1.0329994808915,-1.85834105868973));
#2846=CARTESIAN_POINT('',(-0.831118017137112,-0.944135077075169,-1.86800579270556));
#2847=CARTESIAN_POINT('',(-0.925354894246916,-0.840367966841477,-1.87676644184674));
#2848=CARTESIAN_POINT('',(-1.01962868072385,-0.736560214573741,-1.88553052223507));
#2849=CARTESIAN_POINT('',(-1.09724950350855,-0.614983063791551,-1.89402718871148));
#2850=CARTESIAN_POINT('',(-1.15174192693032,-0.485788568979185,-1.90295823861797));
#2851=CARTESIAN_POINT('',(-1.20621038741248,-0.356650887200288,-1.91188536111224));
#2852=CARTESIAN_POINT('',(-1.23908484786406,-0.216350550496005,-1.92151924334342));
#2853=CARTESIAN_POINT('',(-1.24765846820203,-0.0764744841353291,-1.93069675130131));
#2854=CARTESIAN_POINT('',(-1.25623383254616,0.0634300351673497,-1.93987612610539));
#2855=CARTESIAN_POINT('',(-1.2407213967528,0.206802259219404,-1.94834284144891));
#2856=CARTESIAN_POINT('',(-1.20239945460632,0.341665847813931,-1.9569633714947));
#2857=CARTESIAN_POINT('',(-1.16407967297049,0.476521833082483,-1.96558341553311));
#2858=CARTESIAN_POINT('',(-1.10190892621105,0.606580384090405,-1.97476511981736));
#2859=CARTESIAN_POINT('',(-1.02106104692666,0.721064725561472,-1.98402814090914));
#2860=CARTESIAN_POINT('',(-0.94021669457402,0.835544072733832,-1.99329075790815));
#2861=CARTESIAN_POINT('',(-0.838445561610246,0.937636641204917,-2.0023823952749));
#2862=CARTESIAN_POINT('',(-0.724178359276859,1.01885509467985,-2.01096700918814));
#2863=CARTESIAN_POINT('',(-0.609886588236471,1.10009101101678,-2.01955346888791));
#2864=CARTESIAN_POINT('',(-0.479967069739494,1.16266182323424,-2.02840693215363));
#2865=CARTESIAN_POINT('',(-0.345238046919849,1.2013786626035,-2.03761057709164));
#2866=CARTESIAN_POINT('',(-0.210551072657881,1.24008341855361,-2.04681134959735));
#2867=CARTESIAN_POINT('',(-0.0673379211273576,1.25603061129446,-2.05650507095995));
#2868=CARTESIAN_POINT('',(0.0725943002984378,1.24789024660191,-2.06522294072375));
#2869=CARTESIAN_POINT('',(0.212580260193413,1.23974675574777,-2.07394415842965));
#2870=CARTESIAN_POINT('',(0.353112245707636,1.2072577841641,-2.0823896894792));
#2871=CARTESIAN_POINT('',(0.482460205046107,1.15314012615418,-2.09126829048255));
#2872=CARTESIAN_POINT('',(0.61176333513596,1.09904122417224,-2.10014381435185));
#2873=CARTESIAN_POINT('',(0.733458555009773,1.02185129420159,-2.10972226596935));
#2874=CARTESIAN_POINT('',(0.837499210317254,0.927952085356768,-2.11884620109325));
#2875=CARTESIAN_POINT('',(0.941565307663104,0.834029914456706,-2.12797236737868));
#2876=CARTESIAN_POINT('',(1.03084958673193,0.720768857053033,-2.13644635298963));
#2877=CARTESIAN_POINT('',(1.09788328435975,0.597622199992135,-2.14515255488902));
#2878=CARTESIAN_POINT('',(1.16490447264445,0.474498523668421,-2.15385713210007));
#2879=CARTESIAN_POINT('',(1.21153641272853,0.338112019054424,-2.16316890002115));
#2880=CARTESIAN_POINT('',(1.23393356718611,0.199769746887097,-2.17248728071563));
#2881=CARTESIAN_POINT('',(1.25632977763121,0.0614333056761485,-2.18180526865185));
#2882=CARTESIAN_POINT('',(1.25511399885576,-0.0827124818954918,-2.19083826769482));
#2883=CARTESIAN_POINT('',(1.23036278642851,-0.220697561771496,-2.1993753235916));
#2884=CARTESIAN_POINT('',(1.20560580510875,-0.358714802540443,-2.20791436926395));
#2885=CARTESIAN_POINT('',(1.15662299890058,-0.49434208929138,-2.21671493244736));
#2886=CARTESIAN_POINT('',(1.08750779392915,-0.616300899028511,-2.22586475997547));
#2887=CARTESIAN_POINT('',(1.01840925830267,-0.738230294493189,-2.23501238072967));
#2888=CARTESIAN_POINT('',(0.927286806163024,-0.849875555173222,-2.24462217897207));
#2889=CARTESIAN_POINT('',(0.82164848342852,-0.942015801183617,-2.25332757411259));
#2890=CARTESIAN_POINT('',(0.715968137519687,-1.03419270080153,-2.26203643227986));
#2891=CARTESIAN_POINT('',(0.592859930868201,-1.10935891813632,-2.27057825570947));
#2892=CARTESIAN_POINT('',(0.46260070455487,-1.16124958047167,-2.27955899442135));
#2893=CARTESIAN_POINT('',(0.332400659579397,-1.21311666705806,-2.28853565286846));
#2894=CARTESIAN_POINT('',(0.19147376769318,-1.24317236905596,-2.29821725625751));
#2895=CARTESIAN_POINT('',(0.0514506644013811,-1.24894068279188,-2.30733229222173));
#2896=CARTESIAN_POINT('',(-0.0886069060708586,-1.25471041641857,-2.31644957188419));
#2897=CARTESIAN_POINT('',(-0.231648577761846,-1.23632380664433,-2.32485282539307));
#2898=CARTESIAN_POINT('',(-0.365719156223322,-1.19530309912227,-2.33350841356186));
#2899=CARTESIAN_POINT('',(-0.499773821164216,-1.15428726055715,-2.34216297435477));
#2900=CARTESIAN_POINT('',(-0.628551527329644,-1.08952512867263,-2.35142051524067));
#2901=CARTESIAN_POINT('',(-0.741389175577764,-1.00640056157383,-2.36068469953313));
#2902=CARTESIAN_POINT('',(-0.854227233339574,-0.92327569279693,-2.36994891744745));
#2903=CARTESIAN_POINT('',(-0.954266337146244,-0.819469344172814,-2.37891509920685));
#2904=CARTESIAN_POINT('',(-1.03317777677207,-0.703593406438917,-2.38750279812261));
#2905=CARTESIAN_POINT('',(-1.11210131204933,-0.587699707085689,-2.39609181337238));
#2906=CARTESIAN_POINT('',(-1.17204962655292,-0.456561461570939,-2.40502021348986));
#2907=CARTESIAN_POINT('',(-1.20805648239065,-0.321091163618568,-2.41425871221928));
#2908=CARTESIAN_POINT('',(-1.24405362912808,-0.185657394673823,-2.42349471982559));
#2909=CARTESIAN_POINT('',(-1.25712844897018,-0.0421478701773572,-2.43311477677175));
#2910=CARTESIAN_POINT('',(-1.24618411339718,0.0975969032115648,-2.44177641689719));
#2911=CARTESIAN_POINT('',(-1.23523550896116,0.237396184367699,-2.45044143551509));
#2912=CARTESIAN_POINT('',(-1.19993492173377,0.377246959297514,-2.45893175508791));
#2913=CARTESIAN_POINT('',(-1.14323564735998,0.505482200087958,-2.46785973377399));
#2914=CARTESIAN_POINT('',(-1.08655670539223,0.633671455616454,-2.47678451087964));
#2915=CARTESIAN_POINT('',(-1.00694567962501,0.753792360181187,-2.48641044027321));
#2916=CARTESIAN_POINT('',(-0.910977309389689,0.855932439960727,-2.49547219280378));
#2917=CARTESIAN_POINT('',(-0.814981538839927,0.958101682164265,-2.50453653259167));
#2918=CARTESIAN_POINT('',(-0.699945389584268,1.04510088607454,-2.51296724922212));
#2919=CARTESIAN_POINT('',(-0.575476170503307,1.1096518270083,-2.52171332249077));
#2920=CARTESIAN_POINT('',(-0.45103845334517,1.17418643074018,-2.53045718221516));
#2921=CARTESIAN_POINT('',(-0.313753373675487,1.21807144734033,-2.53984252275087));
#2922=CARTESIAN_POINT('',(-0.174993399472972,1.23769031269574,-2.54915301654674));
#2923=CARTESIAN_POINT('',(-0.0362323060198559,1.25730933629871,-2.5584635854419));
#2924=CARTESIAN_POINT('',(0.107872051352245,1.25320266943887,-2.56736306418015));
#2925=CARTESIAN_POINT('',(0.245335641157352,1.22568773477502,-2.57590260075581));
#2926=CARTESIAN_POINT('',(0.382824064935512,1.19816782930291,-2.58444368007178));
#2927=CARTESIAN_POINT('',(0.517432795796524,1.14647821939057,-2.5933189628475));
#2928=CARTESIAN_POINT('',(0.637976001564846,1.07493563594633,-2.60250352616305));
#2929=CARTESIAN_POINT('',(0.758494399729048,1.0034077758544,-2.61168619930978));
#2930=CARTESIAN_POINT('',(0.868295506399839,0.910062162586177,-2.6212189939917));
#2931=CARTESIAN_POINT('',(0.958301246889378,0.802594991393707,-2.62988007627588));
#2932=CARTESIAN_POINT('',(1.04834202915061,0.695085980202398,-2.63854453056352));
#2933=CARTESIAN_POINT('',(1.12102217265989,0.570498336033131,-2.64713858488108));
#2934=CARTESIAN_POINT('',(1.17028983329776,0.439228535138523,-2.65616851921149));
#2935=CARTESIAN_POINT('',(1.21953528254944,0.308017914732802,-2.66519438256804));
#2936=CARTESIAN_POINT('',(1.24676070948131,0.166519736628028,-2.67491580111101));
#2937=CARTESIAN_POINT('',(1.24972109330265,0.0264043359019589,-2.68395560174976));
#2938=CARTESIAN_POINT('',(1.2526823175657,-0.113750843053217,-2.69299796875352));
#2939=CARTESIAN_POINT('',(1.23142848218328,-0.256402606849089,-2.70136509028583));
#2940=CARTESIAN_POINT('',(1.18772541414369,-0.389625898262944,-2.71006014099933));
#2941=CARTESIAN_POINT('',(1.14403015817101,-0.522825375576031,-2.71875363744396));
#2942=CARTESIAN_POINT('',(1.07670276485561,-0.650271043118095,-2.72808451722522));
#2943=CARTESIAN_POINT('',(0.991334282564528,-0.761417323294032,-2.73734084834506));
#2944=CARTESIAN_POINT('',(0.905961292852506,-0.872569471948094,-2.74659766819539));
#2945=CARTESIAN_POINT('',(0.800160519833819,-0.970514421065434,-2.75544137789082));
#2946=CARTESIAN_POINT('',(0.682722087049288,-1.04708669739189,-2.76404005452289));
#2947=CARTESIAN_POINT('',(0.565273339587729,-1.12366569910016,-2.77263948638108));
#2948=CARTESIAN_POINT('',(0.432969273057466,-1.18096749020985,-2.78164485501094));
#2949=CARTESIAN_POINT('',(0.296811696615882,-1.21424989880667,-2.79091295442538));
#2950=CARTESIAN_POINT('',(0.160684932646188,-1.24752477559141,-2.80017895646808));
#2951=CARTESIAN_POINT('',(0.0169350513501571,-1.25772116674147,-2.80970468713853));
#2952=CARTESIAN_POINT('',(-0.12256554037234,-1.24397656260608,-2.81832111644482));
#2953=CARTESIAN_POINT('',(-0.262119389268962,-1.23022671118989,-2.82694083524738));
#2954=CARTESIAN_POINT('',(-0.401230357704588,-1.19212929263365,-2.83548303856793));
#2955=CARTESIAN_POINT('',(-0.528299796329827,-1.13287215748199,-2.84445992049589));
#2956=CARTESIAN_POINT('',(-0.65532426702453,-1.073635992524,-2.85343362564266));
#2957=CARTESIAN_POINT('',(-0.773823758679983,-0.991635363103787,-2.86309912670239));
#2958=CARTESIAN_POINT('',(-0.87402293542025,-0.893635221082612,-2.8720860017245));
#2959=CARTESIAN_POINT('',(-0.974254276119049,-0.79560362099355,-2.88107576153554));
#2960=CARTESIAN_POINT('',(-1.05893170619367,-0.678839979395242,-2.8894919719554));
#2961=CARTESIAN_POINT('',(-1.12097362169668,-0.553098670636823,-2.89828151393423));
#2962=CARTESIAN_POINT('',(-1.1829960299317,-0.427396897559864,-2.90706829229834));
#2963=CARTESIAN_POINT('',(-1.22411710007757,-0.289267852644177,-2.91652379277228));
#2964=CARTESIAN_POINT('',(-1.24094985351394,-0.150144800321912,-2.92581664358725));
#2965=CARTESIAN_POINT('',(-1.25778360008672,-0.0110135397068968,-2.93511004268261));
#2966=CARTESIAN_POINT('',(-1.25078670460639,0.132991608224602,-2.94388126922617));
#2967=CARTESIAN_POINT('',(-1.22051860134565,0.269878386999149,-2.95243122200212));
#2968=CARTESIAN_POINT('',(-1.19024673339331,0.4067821915021,-2.96098223820563));
#2969=CARTESIAN_POINT('',(-1.13587128108231,0.540318139021608,-2.96993427410528));
#2970=CARTESIAN_POINT('',(-1.0619297716797,0.659397573562646,-2.97914834006273));
#2971=CARTESIAN_POINT('',(-0.988000712253855,0.778456957982904,-2.98836085459246));
#2972=CARTESIAN_POINT('',(-0.892467752521007,0.886370347789488,-2.99779857542799));
#2973=CARTESIAN_POINT('',(-0.783214740115591,0.974204635005227,-3.00642588901488));
#2974=CARTESIAN_POINT('',(-0.673922100752432,1.06207078043257,-3.0150563317987));
#2975=CARTESIAN_POINT('',(-0.547907651171891,1.13223435060191,-3.02370883743361));
#2976=CARTESIAN_POINT('',(-0.415682199149925,1.17885890135755,-3.03278662231163));
#2977=CARTESIAN_POINT('',(-0.283513300169151,1.2254635107169,-3.04186052460627));
#2978=CARTESIAN_POINT('',(-0.141499414527968,1.24984828395299,-3.05161295403482));
#2979=CARTESIAN_POINT('',(-0.00134666067052894,1.2499992746018,-3.06056426467515));
#2980=CARTESIAN_POINT('',(0.138850401129397,1.25015031298485,-3.06951840518608));
#2981=CARTESIAN_POINT('',(0.281052593116925,1.22603772395275,-3.07788102075552));
#2982=CARTESIAN_POINT('',(0.413374554495456,1.1796700715436,-3.08661915151773));
#2983=CARTESIAN_POINT('',(0.545665515408209,1.13331328217492,-3.09535523510559));
#2984=CARTESIAN_POINT('',(0.671728724921936,1.06344785241326,-3.10475603366798));
#2985=CARTESIAN_POINT('',(0.781139809921153,0.975869149710205,-3.11399479594384));
#2986=CARTESIAN_POINT('',(0.890562163202766,0.888281427248739,-3.12323450972277));
#2987=CARTESIAN_POINT('',(0.986373000327168,0.780528209717175,-3.13196311950987));
#2988=CARTESIAN_POINT('',(1.06057506269505,0.661574286372582,-3.14058001545163));
#2989=CARTESIAN_POINT('',(1.13477858269692,0.542618026283208,-3.1491970806647));
#2990=CARTESIAN_POINT('',(1.18941113470621,0.409201449045077,-3.15828054409151));
#2991=CARTESIAN_POINT('',(1.2199558905697,0.272410765323799,-3.16757219326217));
#2992=CARTESIAN_POINT('',(1.25049509086689,0.13564496147766,-3.17686215244148));
#2993=CARTESIAN_POINT('',(1.25780820342176,-0.00828895017341861,-3.18627706115793));
#2994=CARTESIAN_POINT('',(1.24126831731919,-0.147488862018789,-3.19485889709096));
#2995=CARTESIAN_POINT('',(1.22472253166993,-0.286738424531268,-3.20344379404517));
#2996=CARTESIAN_POINT('',(1.18384457000989,-0.425051170095701,-3.21204412522328));
#2997=CARTESIAN_POINT('',(1.12205471624066,-0.550902181663981,-3.22106859178926));
#2998=CARTESIAN_POINT('',(1.06028540940437,-0.676711344091377,-3.23009005745625));
#2999=CARTESIAN_POINT('',(0.975927750916597,-0.793543048852488,-3.23978385749102));
#3000=CARTESIAN_POINT('',(0.875934471190044,-0.891761628565066,-3.24868520959448));
#3001=CARTESIAN_POINT('',(0.775906114614452,-0.990014662576,-3.25758968422162));
#3002=CARTESIAN_POINT('',(0.657463878806528,-1.07233474118451,-3.26602168750253));
#3003=CARTESIAN_POINT('',(0.530501846868841,-1.13184265269902,-3.27485748929906));
#3004=CARTESIAN_POINT('',(0.403586538476273,-1.19132866459089,-3.28369003941492));
#3005=CARTESIAN_POINT('',(0.264668379651119,-1.22967024349883,-3.29321136315773));
#3006=CARTESIAN_POINT('',(0.125236922657674,-1.24371046196571,-3.30247614177449));
#3007=CARTESIAN_POINT('',(-0.0142098313896137,-1.25775222078784,-3.31174193683202));
#3008=CARTESIAN_POINT('',(-0.158057692460089,-1.24786729440121,-3.32039469679877));
#3009=CARTESIAN_POINT('',(-0.29431263070611,-1.21485804743058,-3.32896234415364));
#3010=CARTESIAN_POINT('',(-0.430576422399066,-1.18184665561574,-3.33753054820914));
#3011=CARTESIAN_POINT('',(-0.562986048270766,-1.12480770107696,-3.34656045707792));
#3012=CARTESIAN_POINT('',(-0.680554388929693,-1.04849688779153,-3.35579799393869));
#3013=CARTESIAN_POINT('',(-0.798107604805489,-0.972195891643056,-3.36503434242051));
#3014=CARTESIAN_POINT('',(-0.90409047553164,-0.874512607150411,-3.3743630379977));
#3015=CARTESIAN_POINT('',(-0.989717565605379,-0.763517609706655,-3.38296668241349));
#3016=CARTESIAN_POINT('',(-1.07537207392112,-0.652487071084301,-3.39157308176122));
#3017=CARTESIAN_POINT('',(-1.14299018884058,-0.525098786520333,-3.40028942901621));
#3018=CARTESIAN_POINT('',(-1.18695301825703,-0.391972616965617,-3.40941291632664));
#3019=CARTESIAN_POINT('',(-1.23089864521508,-0.25889853908525,-3.41853283365731));
#3020=CARTESIAN_POINT('',(-1.25243360354647,-0.116424471656093,-3.42829561627501));
#3021=CARTESIAN_POINT('',(-1.24977512420042,0.0237094692017898,-3.43715633474309));
#3022=CARTESIAN_POINT('',(-1.24711572946268,0.163891662247252,-3.44602010421398));
#3023=CARTESIAN_POINT('',(-1.22015460007179,0.305585141924809,-3.4544017695786));
#3024=CARTESIAN_POINT('',(-1.1711417115199,0.43695204718395,-3.46318578887928));
#3025=CARTESIAN_POINT('',(-1.12214267934792,0.568281813849518,-3.4719673248595));
#3026=CARTESIAN_POINT('',(-1.04976768015324,0.692913058602874,-3.4814336988919));
#3027=CARTESIAN_POINT('',(-0.960013496074033,0.800546118194144,-3.49064451121727));
#3028=CARTESIAN_POINT('',(-0.870245580947023,0.908195644033777,-3.49985673265918));
#3029=CARTESIAN_POINT('',(-0.760583241853022,1.001833328342,-3.50848201231979));
#3030=CARTESIAN_POINT('',(-0.640161704264623,1.07363540943517,-3.51712368224979));
#3031=CARTESIAN_POINT('',(-0.519746216355221,1.14543388337009,-3.52576491804376));
#3032=CARTESIAN_POINT('',(-0.385270908929237,1.19737599052961,-3.53492668195663));
#3033=CARTESIAN_POINT('',(-0.247901502684806,1.22517135330802,-3.54423504271235));
#3034=CARTESIAN_POINT('',(-0.110550793234427,1.25296293297208,-3.55354213654476));
#3035=CARTESIAN_POINT('',(0.0335105174001097,1.25738936979564,-3.5628340088877));
#3036=CARTESIAN_POINT('',(0.172353536580259,1.23806068446917,-3.57139141683882));
#3037=CARTESIAN_POINT('',(0.311241151605617,1.21872579084311,-3.57995157339655));
#3038=CARTESIAN_POINT('',(0.448698767340043,1.17508469304291,-3.58861547985261));
#3039=CARTESIAN_POINT('',(0.573280237313927,1.110787904825,-3.59768545026402));
#3040=CARTESIAN_POINT('',(0.697823786146478,1.04651068779689,-3.6067526598826));
#3041=CARTESIAN_POINT('',(0.812942462748432,0.959828924196927,-3.61644565513267));
#3042=CARTESIAN_POINT('',(0.909140535304151,0.857883143013593,-3.62526943042656));
#3043=CARTESIAN_POINT('',(1.00537472505079,0.755899086684572,-3.63409651857245));
#3044=CARTESIAN_POINT('',(1.08530370625443,0.635827510939227,-3.64255750653341));
#3045=CARTESIAN_POINT('',(1.14225382989277,0.507696945130957,-3.65144153883175));
#3046=CARTESIAN_POINT('',(1.19918054253493,0.379619051099224,-3.66032191909157));
#3047=CARTESIAN_POINT('',(1.23472842711576,0.239966784297985,-3.66990381426676));
#3048=CARTESIAN_POINT('',(1.24597094735366,0.100281595273637,-3.67912945307059));
#3049=CARTESIAN_POINT('',(1.25721525513902,-0.0394258035310399,-3.68835655874012));
#3050=CARTESIAN_POINT('',(1.24444593069515,-0.183058011401469,-3.69690513938468));
#3051=CARTESIAN_POINT('',(1.20870891692191,-0.318626355082973,-3.70549706905167));
#3052=CARTESIAN_POINT('',(1.17297178359787,-0.454195152280408,-3.7140890274612));
#3053=CARTESIAN_POINT('',(1.11329291056568,-0.585425587432846,-3.72319701087222));
#3054=CARTESIAN_POINT('',(1.03464346591085,-0.701436311041899,-3.73245120366694));
#3055=CARTESIAN_POINT('',(0.956000813373861,-0.817437016035958,-3.74170459727525));
#3056=CARTESIAN_POINT('',(0.856205345788956,-0.921447275017157,-3.75091452434445));
#3057=CARTESIAN_POINT('',(0.743512974795303,-1.0048325513791,-3.75950410269922));
#3058=CARTESIAN_POINT('',(0.630790253018721,-1.08824028541409,-3.76809599443533));
#3059=CARTESIAN_POINT('',(0.502080577221123,-1.15328580835747,-3.77688077714335));
#3060=CARTESIAN_POINT('',(0.368107795899301,-1.19456965079402,-3.78604706994613));
#3061=CARTESIAN_POINT('',(0.234182115048035,-1.23583897917492,-3.79521014017862));
#3062=CARTESIAN_POINT('',(0.091303099321743,-1.25451577424132,-3.80495111885378));
#3063=CARTESIAN_POINT('',(-0.0487547325572644,-1.24904882853044,-3.81373312013579));
#3064=CARTESIAN_POINT('',(-0.188864136761379,-1.24357986977183,-3.82251835514075));
#3065=CARTESIAN_POINT('',(-0.329990575415076,-1.21378167423732,-3.83092858277374));
#3066=CARTESIAN_POINT('',(-0.460348899588296,-1.16214409203328,-3.83976048139736));
#3067=CARTESIAN_POINT('',(-0.590665334542029,-1.11052310300061,-3.84858954198709));
#3068=CARTESIAN_POINT('',(-0.713815833226547,-1.03566784515753,-3.85811624006411));
#3069=CARTESIAN_POINT('',(-0.819628787029245,-0.943773623001283,-3.86728808723379));
#3070=CARTESIAN_POINT('',(-0.925463046650467,-0.85186089761315,-3.87646178118786));
#3071=CARTESIAN_POINT('',(-1.01688917176243,-0.74033384367889,-3.8849998635966));
#3072=CARTESIAN_POINT('',(-1.08626245645684,-0.618493230110365,-3.89367214787261));
#3073=CARTESIAN_POINT('',(-1.15562737602625,-0.496667308248694,-3.90234338643278));
#3074=CARTESIAN_POINT('',(-1.20485896761763,-0.361187334571586,-3.91158274137056));
#3075=CARTESIAN_POINT('',(-1.22989427428456,-0.223293694676013,-3.92090020770684));
#3076=CARTESIAN_POINT('',(-1.25492735913747,-0.0854122924584129,-3.93021684714384));
#3077=CARTESIAN_POINT('',(-1.25646479381133,0.058719514600885,-3.93937781825937));
#3078=CARTESIAN_POINT('',(-1.23435489310682,0.197149683903511,-3.94792045853194));
#3079=CARTESIAN_POINT('',(-1.21223882996953,0.335618436220337,-3.95646547979424));
#3080=CARTESIAN_POINT('',(-1.16585287113966,0.472164988341552,-3.96519757851359));
#3081=CARTESIAN_POINT('',(-1.09907548670644,0.595426800304624,-3.97431018763955));
#3082=CARTESIAN_POINT('',(-1.0323163378866,0.718654951848579,-3.98342030828803));
#3083=CARTESIAN_POINT('',(-0.943343981151252,0.832015859346461,-3.99308299116057));
#3084=CARTESIAN_POINT('',(-0.839487106139427,0.926154090109011,-4.00184076507828));
#3085=CARTESIAN_POINT('',(-0.735589494777875,1.02032924522434,-4.01060197410551));
#3086=CARTESIAN_POINT('',(-0.61393852079043,1.09783428585536,-4.01910061173365));
#3087=CARTESIAN_POINT('',(-0.484692275847388,1.1522037136435,-4.02803401877483));
#3088=CARTESIAN_POINT('',(-0.355503005026852,1.20654917438765,-4.03696348780584));
#3089=CARTESIAN_POINT('',(-0.215171682985741,1.23929012005656,-4.04659980058131));
#3090=CARTESIAN_POINT('',(-0.0752874020049467,1.24773066288336,-4.05577462412654));
#3091=CARTESIAN_POINT('',(0.0646256312172243,1.25617294060505,-4.06495133349296));
#3092=CARTESIAN_POINT('',(0.207983502686447,1.2405239470504,-4.07341448296689));
#3093=CARTESIAN_POINT('',(0.342810681363207,1.20207355712672,-4.08203656613378));
#3094=CARTESIAN_POINT('',(0.47762985705062,1.16362544951782,-4.09065813751632));
#3095=CARTESIAN_POINT('',(0.607628780942511,1.10133112868604,-4.09984348425314));
#3096=CARTESIAN_POINT('',(0.722035984180574,1.02037445947475,-4.10910675377866));
#3097=CARTESIAN_POINT('',(0.836438447064092,0.939421144626691,-4.11836963948935));
#3098=CARTESIAN_POINT('',(0.938434478146263,0.837552505272186,-4.12745531903213));
#3099=CARTESIAN_POINT('',(1.0195441719929,0.723207910185806,-4.13603989176644));
#3100=CARTESIAN_POINT('',(1.10067107575198,0.608839053382025,-4.14462628598149));
#3101=CARTESIAN_POINT('',(1.16311797347742,0.478860497802977,-4.15348324701464));
#3102=CARTESIAN_POINT('',(1.20170652881372,0.344095072046212,-4.1626886532203));
#3103=CARTESIAN_POINT('',(1.24028311772382,0.20937143745021,-4.17189120480202));
#3104=CARTESIAN_POINT('',(1.25609412738019,0.0661429569662495,-4.18158195674469));
#3105=CARTESIAN_POINT('',(1.24782060717428,-0.0737816529443962,-4.19029690316257));
#3106=CARTESIAN_POINT('',(1.23954390506278,-0.213760076333094,-4.19901520125375));
#3107=CARTESIAN_POINT('',(1.20692116846335,-0.354261052758769,-4.20746268541003));
#3108=CARTESIAN_POINT('',(1.15268045855652,-0.483557401413667,-4.21634362833004));
#3109=CARTESIAN_POINT('',(1.09845859737264,-0.612808819405623,-4.2252214851099));
#3110=CARTESIAN_POINT('',(1.02115305478169,-0.734430389414205,-4.23480235568978));
#3111=CARTESIAN_POINT('',(0.927154803180765,-0.838381757279366,-4.24392361871148));
#3112=CARTESIAN_POINT('',(0.833133372106666,-0.942358759003692,-4.25304713098854));
#3113=CARTESIAN_POINT('',(0.719787004466658,-1.03153542051502,-4.26151847458674));
#3114=CARTESIAN_POINT('',(0.596576444076224,-1.09845188623506,-4.27022647601561));
#3115=CARTESIAN_POINT('',(0.473389275164148,-1.16535564788936,-4.27893282423369));
#3116=CARTESIAN_POINT('',(0.336958889278433,-1.21185761134825,-4.28824814779481));
#3117=CARTESIAN_POINT('',(0.198595557263826,-1.23412309136287,-4.29756636441043));
#3118=CARTESIAN_POINT('',(0.0602377310017352,-1.2563876853897,-4.30688421023567));
#3119=CARTESIAN_POINT('',(-0.0839073916392964,-1.25503469752893,-4.31591081901346));
#3120=CARTESIAN_POINT('',(-0.221868973592212,-1.23015208757175,-4.32444780400475));
#3121=CARTESIAN_POINT('',(-0.359862381246408,-1.20526373756361,-4.33298675835251));
#3122=CARTESIAN_POINT('',(-0.495442557869168,-1.15615199893853,-4.34179080882542));
#3123=CARTESIAN_POINT('',(-0.617335276851788,-1.08692095202656,-4.35094239152977));
#3124=CARTESIAN_POINT('',(-0.739198796907564,-1.01770648914267,-4.36009178200808));
#3125=CARTESIAN_POINT('',(-0.850757519998091,-0.926477722273784,-4.36969839314721));
#3126=CARTESIAN_POINT('',(-0.94279730394109,-0.820751633371151,-4.3784014406533));
#3127=CARTESIAN_POINT('',(-1.03487369747899,-0.714983491031198,-4.38710794986942));
#3128=CARTESIAN_POINT('',(-1.10992262113109,-0.591803890365296,-4.39565209909424));
#3129=CARTESIAN_POINT('',(-1.16168925821249,-0.46149546840026,-4.40463519065479));
#3130=CARTESIAN_POINT('',(-1.21343236253801,-0.331246283744379,-4.41361419856393));
#3131=CARTESIAN_POINT('',(-1.24335398141311,-0.190291025298496,-4.42329787753663));
#3132=CARTESIAN_POINT('',(-1.24898907158202,-0.0502623026599608,-4.43240963514994));
#3133=CARTESIAN_POINT('',(-1.25462555961575,0.0898011561085704,-4.44152365306522));
#3134=CARTESIAN_POINT('',(-1.23610269280873,0.232825665717029,-4.44992453956616));
#3135=CARTESIAN_POINT('',(-1.19495428992163,0.366857254252775,-4.45858190732686));
#3136=CARTESIAN_POINT('',(-1.15381089122743,0.500872542765297,-4.46723822223652));
#3137=CARTESIAN_POINT('',(-1.08892640412021,0.629588177242591,-4.47649930778264));
#3138=CARTESIAN_POINT('',(-1.00569458508583,0.742346550829899,-4.48576332878825));
#3139=CARTESIAN_POINT('',(-0.922462272868904,0.855105592556641,-4.49502740468696));
#3140=CARTESIAN_POINT('',(-0.818560330816438,0.955046214934485,-4.50398767148635));
#3141=CARTESIAN_POINT('',(-0.702609180570857,1.03384734819873,-4.51257571802573));
#3142=CARTESIAN_POINT('',(-0.586640608555339,1.11266032140774,-4.52116505492722));
#3143=CARTESIAN_POINT('',(-0.455445830174567,1.17248355587402,-4.53009706940052));
#3144=CARTESIAN_POINT('',(-0.319941689765269,1.20836141743691,-4.53933709815489));
#3145=CARTESIAN_POINT('',(-0.184473811517242,1.24422967775221,-4.54857465419209));
#3146=CARTESIAN_POINT('',(-0.0409516101292962,1.25716800533022,-4.55819066873634));
#3147=CARTESIAN_POINT('',(0.0987828543015369,1.24609066592124,-4.56684991688242));
#3148=CARTESIAN_POINT('',(0.238571816640969,1.23500900623356,-4.57551254222622));
#3149=CARTESIAN_POINT('',(0.378388802395293,1.19957532564954,-4.58400517068174));
#3150=CARTESIAN_POINT('',(0.506569907772122,1.14275409801937,-4.59293548793202));
#3151=CARTESIAN_POINT('',(0.634705025872949,1.08595325602615,-4.60186260127043));
#3152=CARTESIAN_POINT('',(0.754750031965677,1.00622809069784,-4.61149059471159));
#3153=CARTESIAN_POINT('',(0.856798895335688,0.910162432179853,-4.62054908425476));
#3154=CARTESIAN_POINT('',(0.958877080254601,0.814069171258362,-4.62961017656032));
#3155=CARTESIAN_POINT('',(1.04576690691051,0.698949942311342,-4.63803952142769));
#3156=CARTESIAN_POINT('',(1.11019934490855,0.574419197594074,-4.6467875828373));
#3157=CARTESIAN_POINT('',(1.17461527939291,0.449920349773979,-4.65553340354711));
#3158=CARTESIAN_POINT('',(1.21836948307976,0.312593976099651,-4.66492215856235));
#3159=CARTESIAN_POINT('',(1.23785627609422,0.173815533638796,-4.67423204094952));
#3160=CARTESIAN_POINT('',(1.25734327320542,0.0350356376690043,-4.68354202084462));
#3161=CARTESIAN_POINT('',(1.25309939958953,-0.1090653194405,-4.69243525757559));
#3162=CARTESIAN_POINT('',(1.22545354026827,-0.246502780195183,-4.70097511419848));
#3163=CARTESIAN_POINT('',(1.19780275807662,-0.38396471430044,-4.70951649150506));
#3164=CARTESIAN_POINT('',(1.1459851844454,-0.518523747792053,-4.71839537844016));
#3165=CARTESIAN_POINT('',(1.07432808761578,-0.638998560373828,-4.72758146669354));
#3166=CARTESIAN_POINT('',(1.00268561385739,-0.759448787648032,-4.73676568034092));
#3167=CARTESIAN_POINT('',(0.909235362800612,-0.869161275940875,-4.74629433889304));
#3168=CARTESIAN_POINT('',(0.801682450717615,-0.959064777901576,-4.75495358335311));
#3169=CARTESIAN_POINT('',(0.694087754041269,-1.04900320761269,-4.76361619195276));
#3170=CARTESIAN_POINT('',(0.569431189823073,-1.12156458544689,-4.77221288682991));
#3171=CARTESIAN_POINT('',(0.438114782068194,-1.17070723826812,-4.78124512949572));
#3172=CARTESIAN_POINT('',(0.306857491014873,-1.219827767795,-4.79027330597966));
#3173=CARTESIAN_POINT('',(0.165333575877379,-1.24691859075706,-4.79999640253475));
#3174=CARTESIAN_POINT('',(0.0252151580651802,-1.24974565244443,-4.80903230638025));
#3175=CARTESIAN_POINT('',(-0.114943270845215,-1.25257352140499,-4.8180707904464));
#3176=CARTESIAN_POINT('',(-0.257575047114839,-1.23118379341944,-4.82643694965851));
#3177=CARTESIAN_POINT('',(-0.390756777264155,-1.18735383985657,-4.83513396965469));
#3178=CARTESIAN_POINT('',(-0.523914333521161,-1.14353184189373,-4.84382941104978));
#3179=CARTESIAN_POINT('',(-0.651295517068776,-1.07608335831687,-4.85316369406376));
#3180=CARTESIAN_POINT('',(-0.762360421263592,-0.990609200487645,-4.86241941631703));
#3181=CARTESIAN_POINT('',(-0.873431452604631,-0.905130327283506,-4.87167564918311));
#3182=CARTESIAN_POINT('',(-0.971276004831468,-0.799235924283489,-4.88051369440233));
#3183=CARTESIAN_POINT('',(-1.04773647366743,-0.681724491086351,-4.88911307738148));
#3184=CARTESIAN_POINT('',(-1.12420341474581,-0.564203110755814,-4.89771318828308));
#3185=CARTESIAN_POINT('',(-1.18137901527247,-0.43184503129587,-4.90672224536309));
#3186=CARTESIAN_POINT('',(-1.21453177147508,-0.295656178825332,-4.91599160559599));
#3187=CARTESIAN_POINT('',(-1.24767709422472,-0.159497862380968,-4.92525888746916));
#3188=CARTESIAN_POINT('',(-1.25773673233743,-0.0157379705008168,-4.934779697601));
#3189=CARTESIAN_POINT('',(-1.24385932900146,0.123749624872277,-4.94339424832295));
#3190=CARTESIAN_POINT('',(-1.22997663891027,0.26329035963729,-4.95201208085635));
#3191=CARTESIAN_POINT('',(-1.19174686455386,0.402364757391039,-4.96055690868124));
#3192=CARTESIAN_POINT('',(-1.13236893793681,0.529377548065552,-4.96953608549397));
#3193=CARTESIAN_POINT('',(-1.07301198487207,0.656345475108735,-4.97851209066961));
#3194=CARTESIAN_POINT('',(-0.990898737380268,0.774766848197001,-4.98817925814298));
#3195=CARTESIAN_POINT('',(-0.892803106751803,0.874872912241732,-4.99716225523538));
#3196=CARTESIAN_POINT('',(-0.882386880085429,0.885502615594348,-4.99811610948209));
#3197=CARTESIAN_POINT('',(-0.871778725291746,0.895948308778957,-4.99906173880039));
#3198=CARTESIAN_POINT('',(-0.860988801131311,0.90619991410641,-4.99999999999859));
#3199=CARTESIAN_POINT('',(1.1676442841485,0.,-5.23319834344274));
#3200=CARTESIAN_POINT('',(1.1676442841485,0.305688558757254,-5.21236501010941));
#3201=CARTESIAN_POINT('',(0.914631961217357,0.914631961217357,-5.17069834344274));
#3202=CARTESIAN_POINT('',(0.,1.29415044561407,-5.10819834344274));
#3203=CARTESIAN_POINT('',(-0.914631961217357,0.914631961217357,-5.04569834344274));
#3204=CARTESIAN_POINT('',(-1.29415044561407,1.11022302462516E-16,-4.98319834344274));
#3205=CARTESIAN_POINT('',(-0.914631961217357,-0.914631961217357,-4.92069834344274));
#3206=CARTESIAN_POINT('',(-3.33066907387547E-16,-1.29415044561407,-4.85819834344274));
#3207=CARTESIAN_POINT('',(0.914631961217357,-0.914631961217357,-4.79569834344274));
#3208=CARTESIAN_POINT('',(1.29415044561407,-3.33066907387547E-16,-4.73319834344274));
#3209=CARTESIAN_POINT('',(0.914631961217357,0.914631961217357,-4.67069834344275));
#3210=CARTESIAN_POINT('',(-2.46519032881566E-32,1.29415044561407,-4.60819834344275));
#3211=CARTESIAN_POINT('',(-0.914631961217354,0.914631961217358,-4.54569834344274));
#3212=CARTESIAN_POINT('',(-1.29415044561407,6.66133814775094E-16,-4.48319834344274));
#3213=CARTESIAN_POINT('',(-0.914631961217356,-0.914631961217358,-4.42069834344274));
#3214=CARTESIAN_POINT('',(-2.22044604925031E-16,-1.29415044561407,-4.35819834344274));
#3215=CARTESIAN_POINT('',(0.914631961217355,-0.914631961217358,-4.29569834344274));
#3216=CARTESIAN_POINT('',(1.29415044561407,-9.99200722162641E-16,-4.23319834344274));
#3217=CARTESIAN_POINT('',(0.914631961217356,0.914631961217358,-4.17069834344274));
#3218=CARTESIAN_POINT('',(4.44089209850063E-16,1.29415044561407,-4.10819834344274));
#3219=CARTESIAN_POINT('',(-0.914631961217354,0.914631961217359,-4.04569834344274));
#3220=CARTESIAN_POINT('',(-1.29415044561407,1.11022302462516E-15,-3.98319834344274));
#3221=CARTESIAN_POINT('',(-0.914631961217355,-0.914631961217358,-3.92069834344274));
#3222=CARTESIAN_POINT('',(-4.44089209850063E-15,-1.29415044561407,-3.85819834344274));
#3223=CARTESIAN_POINT('',(0.914631961217356,-0.914631961217359,-3.79569834344274));
#3224=CARTESIAN_POINT('',(1.29415044561407,-1.11022302462516E-15,-3.73319834344274));
#3225=CARTESIAN_POINT('',(0.914631961217357,0.914631961217357,-3.67069834344274));
#3226=CARTESIAN_POINT('',(-2.77555756156289E-15,1.29415044561407,-3.60819834344274));
#3227=CARTESIAN_POINT('',(-0.914631961217354,0.91463196121736,-3.54569834344274));
#3228=CARTESIAN_POINT('',(-1.29415044561407,1.33226762955019E-15,-3.48319834344274));
#3229=CARTESIAN_POINT('',(-0.914631961217356,-0.914631961217358,-3.42069834344274));
#3230=CARTESIAN_POINT('',(-4.9960036108132E-15,-1.29415044561407,-3.35819834344274));
#3231=CARTESIAN_POINT('',(0.914631961217356,-0.914631961217359,-3.29569834344274));
#3232=CARTESIAN_POINT('',(1.29415044561407,-1.55431223447522E-15,-3.23319834344274));
#3233=CARTESIAN_POINT('',(0.914631961217356,0.914631961217357,-3.17069834344274));
#3234=CARTESIAN_POINT('',(-2.22044604925031E-15,1.29415044561407,-3.10819834344274));
#3235=CARTESIAN_POINT('',(-0.914631961217353,0.914631961217359,-3.04569834344274));
#3236=CARTESIAN_POINT('',(-1.29415044561407,1.66533453693773E-15,-2.98319834344274));
#3237=CARTESIAN_POINT('',(-0.914631961217355,-0.914631961217357,-2.92069834344274));
#3238=CARTESIAN_POINT('',(-4.77395900588817E-15,-1.29415044561407,-2.85819834344274));
#3239=CARTESIAN_POINT('',(0.914631961217355,-0.914631961217359,-2.79569834344274));
#3240=CARTESIAN_POINT('',(1.29415044561407,-1.11022302462516E-16,-2.73319834344274));
#3241=CARTESIAN_POINT('',(0.914631961217364,0.914631961217351,-2.67069834344274));
#3242=CARTESIAN_POINT('',(-3.21964677141295E-15,1.29415044561407,-2.60819834344274));
#3243=CARTESIAN_POINT('',(-0.914631961217355,0.914631961217358,-2.54569834344274));
#3244=CARTESIAN_POINT('',(-1.29415044561407,1.16573417585641E-14,-2.48319834344274));
#3245=CARTESIAN_POINT('',(-0.914631961217355,-0.914631961217359,-2.42069834344274));
#3246=CARTESIAN_POINT('',(-6.99440505513849E-15,-1.29415044561407,-2.35819834344274));
#3247=CARTESIAN_POINT('',(0.914631961217361,-0.914631961217353,-2.29569834344274));
#3248=CARTESIAN_POINT('',(1.29415044561407,-2.44249065417534E-15,-2.23319834344274));
#3249=CARTESIAN_POINT('',(0.914631961217363,0.914631961217351,-2.17069834344274));
#3250=CARTESIAN_POINT('',(-3.33066907387547E-15,1.29415044561407,-2.10819834344274));
#3251=CARTESIAN_POINT('',(-0.914631961217352,0.914631961217362,-2.04569834344274));
#3252=CARTESIAN_POINT('',(-1.29415044561407,-7.105427357601E-15,-1.98319834344274));
#3253=CARTESIAN_POINT('',(-0.914631961217356,-0.914631961217355,-1.92069834344274));
#3254=CARTESIAN_POINT('',(-7.21644966006352E-15,-1.29415044561407,-1.85819834344274));
#3255=CARTESIAN_POINT('',(0.914631961217361,-0.914631961217354,-1.79569834344274));
#3256=CARTESIAN_POINT('',(1.29415044561407,-2.88657986402541E-15,-1.73319834344274));
#3257=CARTESIAN_POINT('',(0.914631961217364,0.914631961217351,-1.67069834344274));
#3258=CARTESIAN_POINT('',(-2.55351295663786E-15,1.29415044561407,-1.60819834344274));
#3259=CARTESIAN_POINT('',(-0.914631961217353,0.914631961217358,-1.54569834344274));
#3260=CARTESIAN_POINT('',(-1.29415044561407,1.27675647831893E-14,-1.48319834344274));
#3261=CARTESIAN_POINT('',(-0.914631961217356,-0.914631961217359,-1.42069834344274));
#3262=CARTESIAN_POINT('',(-7.7715611723761E-15,-1.29415044561407,-1.35819834344274));
#3263=CARTESIAN_POINT('',(0.914631961217361,-0.914631961217354,-1.29569834344274));
#3264=CARTESIAN_POINT('',(1.29415044561407,-3.33066907387547E-15,-1.23319834344274));
#3265=CARTESIAN_POINT('',(0.914631961217364,0.914631961217351,-1.17069834344274));
#3266=CARTESIAN_POINT('',(-2.33146835171283E-15,1.29415044561407,-1.10819834344274));
#3267=CARTESIAN_POINT('',(-0.914631961217352,0.914631961217362,-1.04569834344274));
#3268=CARTESIAN_POINT('',(-1.29415044561407,-6.21724893790088E-15,-0.983198343442744));
#3269=CARTESIAN_POINT('',(-0.914631961217357,-0.914631961217354,-0.920698343442744));
#3270=CARTESIAN_POINT('',(-7.66053886991358E-15,-1.29415044561407,-0.858198343442744));
#3271=CARTESIAN_POINT('',(0.91463196121736,-0.914631961217355,-0.795698343442744));
#3272=CARTESIAN_POINT('',(1.29415044561407,-3.66373598126302E-15,-0.733198343442744));
#3273=CARTESIAN_POINT('',(0.914631961217364,0.91463196121735,-0.670698343442744));
#3274=CARTESIAN_POINT('',(-2.33146835171283E-15,1.29415044561407,-0.608198343442744));
#3275=CARTESIAN_POINT('',(-0.914631961217353,0.914631961217359,-0.545698343442744));
#3276=CARTESIAN_POINT('',(-1.29415044561407,1.35447209004269E-14,-0.483198343442744));
#3277=CARTESIAN_POINT('',(-0.914631961217356,-0.914631961217359,-0.420698343442744));
#3278=CARTESIAN_POINT('',(-8.10462807976364E-15,-1.29415044561407,-0.358198343442744));
#3279=CARTESIAN_POINT('',(0.91463196121736,-0.914631961217354,-0.295698343442744));
#3280=CARTESIAN_POINT('',(1.26289373570685,-0.0753280460873771,-0.238345772222944));
#3281=CARTESIAN_POINT('',(1.09592874146614,0.459098548636821,-0.201826534336477));
#3282=CARTESIAN_POINT('',(0.968427107676476,0.650580962970693,-0.186140629783344));
#3283=CARTESIAN_POINT('',(1.55724453058578,0.,-5.00826253628583));
#3284=CARTESIAN_POINT('',(1.55724453058578,0.407685664760932,-4.9874292029525));
#3285=CARTESIAN_POINT('',(1.21981123741238,1.21981123741238,-4.94576253628583));
#3286=CARTESIAN_POINT('',(1.11022302462516E-16,1.72596117717249,-4.88326253628583));
#3287=CARTESIAN_POINT('',(-1.21981123741238,1.21981123741238,-4.82076253628583));
#3288=CARTESIAN_POINT('',(-1.72596117717249,1.11022302462516E-16,-4.75826253628583));
#3289=CARTESIAN_POINT('',(-1.21981123741238,-1.21981123741238,-4.69576253628583));
#3290=CARTESIAN_POINT('',(-2.22044604925031E-16,-1.72596117717249,-4.63326253628583));
#3291=CARTESIAN_POINT('',(1.21981123741238,-1.21981123741238,-4.57076253628583));
#3292=CARTESIAN_POINT('',(1.72596117717249,-3.33066907387547E-16,-4.50826253628583));
#3293=CARTESIAN_POINT('',(1.21981123741238,1.21981123741238,-4.44576253628583));
#3294=CARTESIAN_POINT('',(-1.11022302462516E-16,1.72596117717249,-4.38326253628583));
#3295=CARTESIAN_POINT('',(-1.21981123741238,1.21981123741238,-4.32076253628583));
#3296=CARTESIAN_POINT('',(-1.72596117717249,6.66133814775094E-16,-4.25826253628583));
#3297=CARTESIAN_POINT('',(-1.21981123741238,-1.21981123741238,-4.19576253628583));
#3298=CARTESIAN_POINT('',(-5.55111512312578E-16,-1.72596117717249,-4.13326253628583));
#3299=CARTESIAN_POINT('',(1.21981123741238,-1.21981123741238,-4.07076253628583));
#3300=CARTESIAN_POINT('',(1.72596117717249,-9.99200722162641E-16,-4.00826253628583));
#3301=CARTESIAN_POINT('',(1.21981123741238,1.21981123741238,-3.94576253628583));
#3302=CARTESIAN_POINT('',(7.7715611723761E-16,1.72596117717249,-3.88326253628583));
#3303=CARTESIAN_POINT('',(-1.21981123741238,1.21981123741238,-3.82076253628583));
#3304=CARTESIAN_POINT('',(-1.72596117717249,1.11022302462516E-15,-3.75826253628583));
#3305=CARTESIAN_POINT('',(-1.21981123741238,-1.21981123741238,-3.69576253628583));
#3306=CARTESIAN_POINT('',(-5.88418203051333E-15,-1.72596117717249,-3.63326253628583));
#3307=CARTESIAN_POINT('',(1.21981123741238,-1.21981123741238,-3.57076253628583));
#3308=CARTESIAN_POINT('',(1.72596117717249,-1.11022302462516E-15,-3.50826253628583));
#3309=CARTESIAN_POINT('',(1.21981123741238,1.21981123741238,-3.44576253628583));
#3310=CARTESIAN_POINT('',(-3.5527136788005E-15,1.72596117717248,-3.38326253628583));
#3311=CARTESIAN_POINT('',(-1.21981123741238,1.21981123741239,-3.32076253628583));
#3312=CARTESIAN_POINT('',(-1.72596117717249,1.33226762955019E-15,-3.25826253628583));
#3313=CARTESIAN_POINT('',(-1.21981123741238,-1.21981123741238,-3.19576253628583));
#3314=CARTESIAN_POINT('',(-6.32827124036339E-15,-1.72596117717249,-3.13326253628583));
#3315=CARTESIAN_POINT('',(1.21981123741238,-1.21981123741239,-3.07076253628583));
#3316=CARTESIAN_POINT('',(1.72596117717249,-1.55431223447522E-15,-3.00826253628583));
#3317=CARTESIAN_POINT('',(1.21981123741238,1.21981123741238,-2.94576253628583));
#3318=CARTESIAN_POINT('',(-3.10862446895044E-15,1.72596117717249,-2.88326253628583));
#3319=CARTESIAN_POINT('',(-1.21981123741238,1.21981123741239,-2.82076253628583));
#3320=CARTESIAN_POINT('',(-1.72596117717249,1.66533453693773E-15,-2.75826253628583));
#3321=CARTESIAN_POINT('',(-1.21981123741238,-1.21981123741238,-2.69576253628583));
#3322=CARTESIAN_POINT('',(-6.77236045021345E-15,-1.72596117717249,-2.63326253628583));
#3323=CARTESIAN_POINT('',(1.21981123741238,-1.21981123741239,-2.57076253628583));
#3324=CARTESIAN_POINT('',(1.72596117717248,-1.11022302462516E-16,-2.50826253628583));
#3325=CARTESIAN_POINT('',(1.21981123741239,1.21981123741237,-2.44576253628583));
#3326=CARTESIAN_POINT('',(-4.44089209850063E-15,1.72596117717249,-2.38326253628583));
#3327=CARTESIAN_POINT('',(-1.21981123741238,1.21981123741238,-2.32076253628583));
#3328=CARTESIAN_POINT('',(-1.72596117717249,1.16573417585641E-14,-2.25826253628583));
#3329=CARTESIAN_POINT('',(-1.21981123741238,-1.21981123741239,-2.19576253628583));
#3330=CARTESIAN_POINT('',(-9.2148511043888E-15,-1.72596117717249,-2.13326253628583));
#3331=CARTESIAN_POINT('',(1.21981123741239,-1.21981123741238,-2.07076253628583));
#3332=CARTESIAN_POINT('',(1.72596117717248,-2.44249065417534E-15,-2.00826253628583));
#3333=CARTESIAN_POINT('',(1.21981123741239,1.21981123741237,-1.94576253628583));
#3334=CARTESIAN_POINT('',(-4.32986979603811E-15,1.72596117717249,-1.88326253628583));
#3335=CARTESIAN_POINT('',(-1.21981123741238,1.21981123741239,-1.82076253628583));
#3336=CARTESIAN_POINT('',(-1.72596117717249,-7.105427357601E-15,-1.75826253628583));
#3337=CARTESIAN_POINT('',(-1.21981123741238,-1.21981123741238,-1.69576253628583));
#3338=CARTESIAN_POINT('',(-9.43689570931383E-15,-1.72596117717249,-1.63326253628583));
#3339=CARTESIAN_POINT('',(1.21981123741239,-1.21981123741238,-1.57076253628583));
#3340=CARTESIAN_POINT('',(1.72596117717248,-2.88657986402541E-15,-1.50826253628583));
#3341=CARTESIAN_POINT('',(1.21981123741239,1.21981123741237,-1.44576253628583));
#3342=CARTESIAN_POINT('',(-3.5527136788005E-15,1.72596117717249,-1.38326253628583));
#3343=CARTESIAN_POINT('',(-1.21981123741238,1.21981123741238,-1.32076253628583));
#3344=CARTESIAN_POINT('',(-1.72596117717249,1.27675647831893E-14,-1.25826253628583));
#3345=CARTESIAN_POINT('',(-1.21981123741238,-1.21981123741239,-1.19576253628583));
#3346=CARTESIAN_POINT('',(-1.02140518265514E-14,-1.72596117717249,-1.13326253628583));
#3347=CARTESIAN_POINT('',(1.21981123741239,-1.21981123741238,-1.07076253628583));
#3348=CARTESIAN_POINT('',(1.72596117717248,-3.33066907387547E-15,-1.00826253628583));
#3349=CARTESIAN_POINT('',(1.21981123741239,1.21981123741237,-0.945762536285834));
#3350=CARTESIAN_POINT('',(-3.5527136788005E-15,1.72596117717249,-0.883262536285834));
#3351=CARTESIAN_POINT('',(-1.21981123741238,1.21981123741239,-0.820762536285834));
#3352=CARTESIAN_POINT('',(-1.72596117717249,-6.21724893790088E-15,-0.758262536285834));
#3353=CARTESIAN_POINT('',(-1.21981123741238,-1.21981123741238,-0.695762536285834));
#3354=CARTESIAN_POINT('',(-1.02140518265514E-14,-1.72596117717249,-0.633262536285834));
#3355=CARTESIAN_POINT('',(1.21981123741239,-1.21981123741238,-0.570762536285834));
#3356=CARTESIAN_POINT('',(1.72596117717248,-3.66373598126302E-15,-0.508262536285834));
#3357=CARTESIAN_POINT('',(1.21981123741239,1.21981123741237,-0.445762536285834));
#3358=CARTESIAN_POINT('',(-2.77555756156289E-15,1.72596117717249,-0.383262536285834));
#3359=CARTESIAN_POINT('',(-1.21981123741238,1.21981123741238,-0.320762536285834));
#3360=CARTESIAN_POINT('',(-1.72596117717249,1.35447209004269E-14,-0.258262536285834));
#3361=CARTESIAN_POINT('',(-1.21981123741238,-1.21981123741238,-0.195762536285834));
#3362=CARTESIAN_POINT('',(-1.09912079437891E-14,-1.72596117717249,-0.133262536285834));
#3363=CARTESIAN_POINT('',(1.21981123741239,-1.21981123741238,-0.0707625362858337));
#3364=CARTESIAN_POINT('',(1.6842752449002,-0.100462263517886,-0.0134099650660335));
#3365=CARTESIAN_POINT('',(1.46160013090327,0.612282964572485,0.0231092728204336));
#3366=CARTESIAN_POINT('',(1.29155585924009,0.867656066186418,0.0387951773735669));
#3367=CARTESIAN_POINT('',(0.,0.,-5.25));
#3368=MECHANICAL_DESIGN_GEOMETRIC_PRESENTATION_REPRESENTATION('',(#361,
#362,#363,#364,#365,#366,#367,#368,#369,#370,#371,#372,#373),#3369);
#3369=(
GEOMETRIC_REPRESENTATION_CONTEXT(3)
GLOBAL_UNCERTAINTY_ASSIGNED_CONTEXT((#3370))
GLOBAL_UNIT_ASSIGNED_CONTEXT((#3376,#3372,#3371))
REPRESENTATION_CONTEXT('M3x5','TOP_LEVEL_ASSEMBLY_PART')
);
#3370=UNCERTAINTY_MEASURE_WITH_UNIT(LENGTH_MEASURE(0.0508),#3376,
'DISTANCE_ACCURACY_VALUE','Maximum Tolerance applied to model');
#3371=(
NAMED_UNIT(*)
SI_UNIT($,.STERADIAN.)
SOLID_ANGLE_UNIT()
);
#3372=(
CONVERSION_BASED_UNIT('DEGREE',#3374)
NAMED_UNIT(#3373)
PLANE_ANGLE_UNIT()
);
#3373=DIMENSIONAL_EXPONENTS(0.,0.,0.,0.,0.,0.,0.);
#3374=PLANE_ANGLE_MEASURE_WITH_UNIT(PLANE_ANGLE_MEASURE(0.0174532925),#3375);
#3375=(
NAMED_UNIT(*)
PLANE_ANGLE_UNIT()
SI_UNIT($,.RADIAN.)
);
#3376=(
LENGTH_UNIT()
NAMED_UNIT(*)
SI_UNIT(.MILLI.,.METRE.)
);
ENDSEC;
END-ISO-10303-21;
