ISO-10303-21;
HEADER;
FILE_DESCRIPTION (( 'STEP AP214' ),
    '1' );
FILE_NAME ('Screw_ISO_10642_M2x6_A2.STEP',
    '2024-07-17T17:20:06',
    ( '' ),
    ( '' ),
    'SwSTEP 2.0',
    'SolidWorks 2023',
    '' );
FILE_SCHEMA (( 'AUTOMOTIVE_DESIGN' ));
ENDSEC;

DATA;
#1 = PLANE ( 'NONE',  #255 ) ;
#2 = PRODUCT_DEFINITION_FORMATION_WITH_SPECIFIED_SOURCE ( 'ANY', '', #2488, .NOT_KNOWN. ) ;
#3 = CARTESIAN_POINT ( 'NONE',  ( 0.6250000000000000000, 2.674999999999999822, -1.082531754730548190 ) ) ;
#4 = VERTEX_POINT ( 'NONE', #1909 ) ;
#5 = DIRECTION ( 'NONE',  ( 1.251928832280966188E-16, 0.000000000000000000, 1.000000000000000000 ) ) ;
#6 = DIRECTION ( 'NONE',  ( 0.000000000000000000, 0.6546536707079755324, -0.7559289460184558385 ) ) ;
#7 = CARTESIAN_POINT ( 'NONE',  ( -0.5032151781249997180, 1.653124999385482852, -0.8715942556523225138 ) ) ;
#8 = CARTESIAN_POINT ( 'NONE',  ( -2.134790230679673516E-16, 2.290624999385483029, 1.162125674203096759 ) ) ;
#9 = CARTESIAN_POINT ( 'NONE',  ( 1.006430356249999880, 1.090624999385482852, -0.5810628371015482685 ) ) ;
#10 = CARTESIAN_POINT ( 'NONE',  ( 0.6249999999999990008, 2.918749998770965082, 1.082531754730548634 ) ) ;
#11 = CARTESIAN_POINT ( 'NONE',  ( -1.006430356249999658, -0.2218750006145170650, -0.5810628371015486016 ) ) ;
#12 = ORIENTED_EDGE ( 'NONE', *, *, #31, .F. ) ;
#13 = VERTEX_POINT ( 'NONE', #1647 ) ;
#14 = CARTESIAN_POINT ( 'NONE',  ( -0.6249999999999995559, 1.343749998770965570, -1.082531754730548412 ) ) ;
#15 = CARTESIAN_POINT ( 'NONE',  ( 0.1820474052903333917, 0.006430356250002477840, 1.006430356249999658 ) ) ;
#16 = CARTESIAN_POINT ( 'NONE',  ( -1.006430356249999658, 4.278124999385482852, -0.5810628371015486016 ) ) ;
#17 = LINE ( 'NONE', #2406, #2807 ) ;
#18 = CARTESIAN_POINT ( 'NONE',  ( 0.000000000000000000, 4.608578643762690774, 0.000000000000000000 ) ) ;
#19 = VERTEX_POINT ( 'NONE', #2828 ) ;
#20 =( BOUNDED_CURVE ( )  B_SPLINE_CURVE ( 2, ( #372, #875, #1415, #151, #1120, #2143, #1885, #385, #1350 ),
 .UNSPECIFIED., .F., .F. ) 
 B_SPLINE_CURVE_WITH_KNOTS ( ( 3, 2, 2, 2, 3 ),
 ( 0.7166666666666666741, 0.7222222222222222099, 0.7333333333333332815, 0.7444444444444444642, 0.7491345944629106413 ),
 .UNSPECIFIED. ) 
 CURVE ( )  GEOMETRIC_REPRESENTATION_ITEM ( )  RATIONAL_B_SPLINE_CURVE ( ( 0.9330127018922194093, 0.9330127018922194093, 1.000000000000000000, 0.8660254037844387076, 1.000000000000000000, 0.8660254037844387076, 1.000000000000000000, 0.9434475140577025520, 0.9346381638529887015 ) ) 
 REPRESENTATION_ITEM ( '' )  );
#21 = SURFACE_STYLE_USAGE ( .BOTH. , #2221 ) ;
#22 = CARTESIAN_POINT ( 'NONE',  ( 0.5032151781249992739, 0.5281249993854828517, 0.8715942556523228468 ) ) ;
#23 = CARTESIAN_POINT ( 'NONE',  ( 0.5032151781250000511, 1.578124999385482674, -0.8715942556523226248 ) ) ;
#24 = CARTESIAN_POINT ( 'NONE',  ( -1.006430356249999658, 0.3406249993854829072, -0.5810628371015487126 ) ) ;
#25 = CARTESIAN_POINT ( 'NONE',  ( -1.249999999999999778, 3.724999999999999201, -1.530808498934191324E-16 ) ) ;
#26 = CARTESIAN_POINT ( 'NONE',  ( 1.006430356249999880, 0.07812499938548295164, -0.5810628371015482685 ) ) ;
#27 = ORIENTED_EDGE ( 'NONE', *, *, #1656, .F. ) ;
#28 = CARTESIAN_POINT ( 'NONE',  ( 8.838126989374222236E-17, -0.04375000122903419109, -1.443375672974064106 ) ) ;
#29 = CARTESIAN_POINT ( 'NONE',  ( 0.3644252261168571816, 0.006430356250002312174, 0.9560325470897175215 ) ) ;
#30 = CARTESIAN_POINT ( 'NONE',  ( 0.5032151781250000511, 3.715624999385482408, -0.8715942556523226248 ) ) ;
#31 = EDGE_CURVE ( 'NONE', #2311, #2721, #2653, .T. ) ;
#32 = CARTESIAN_POINT ( 'NONE',  ( -1.249999999999999778, 0.5749999999999997335, -1.530808498934191324E-16 ) ) ;
#33 = EDGE_CURVE ( 'NONE', #1185, #222, #2811, .T. ) ;
#34 = ORIENTED_EDGE ( 'NONE', *, *, #1235, .T. ) ;
#35 = EDGE_CURVE ( 'NONE', #19, #2721, #1632, .T. ) ;
#36 = CARTESIAN_POINT ( 'NONE',  ( -2.134790230679673516E-16, 1.840624999385482852, 1.162125674203096759 ) ) ;
#37 = FACE_OUTER_BOUND ( 'NONE', #2011, .T. ) ;
#38 = CARTESIAN_POINT ( 'NONE',  ( 1.006430356249999436, 4.615624999385482319, 0.5810628371015487126 ) ) ;
#39 = ORIENTED_EDGE ( 'NONE', *, *, #2582, .F. ) ;
#40 = EDGE_CURVE ( 'NONE', #456, #1858, #891, .T. ) ;
#41 = CARTESIAN_POINT ( 'NONE',  ( 1.250000000000000000, 1.681249998770965259, -0.7216878364870319418 ) ) ;
#42 = CARTESIAN_POINT ( 'NONE',  ( -0.5032151781250003841, 0.3406249993854829072, 0.8715942556523225138 ) ) ;
#43 = CARTESIAN_POINT ( 'NONE',  ( -0.5032151781249998290, 4.240624999385482319, -0.8715942556523227358 ) ) ;
#44 = CARTESIAN_POINT ( 'NONE',  ( -1.250000000000000000, 0.6124999999999998224, 0.7216878364870314977 ) ) ;
#45 = COLOUR_RGB ( '',0.6509803921568627638, 0.6196078431372549211, 0.5882352941176470784 ) ;
#46 = DIRECTION ( 'NONE',  ( 0.6546536707079749773, 0.6546536707079763096, -0.3779644730092326377 ) ) ;
#47 = VECTOR ( 'NONE', #2825, 1000.000000000000227 ) ;
#48 = ORIENTED_EDGE ( 'NONE', *, *, #1092, .T. ) ;
#49 = CARTESIAN_POINT ( 'NONE',  ( 1.249999999999999334, 1.606249998770965082, 0.7216878364870328300 ) ) ;
#50 = CARTESIAN_POINT ( 'NONE',  ( -0.5032151781250002731, 2.253124999385482941, 0.8715942556523222917 ) ) ;
#51 = CARTESIAN_POINT ( 'NONE',  ( 1.249999999999999556, 4.362499999999998934, 0.7216878364870328300 ) ) ;
#52 = CARTESIAN_POINT ( 'NONE',  ( 1.006430356249999880, 4.653124999385481964, 0.000000000000000000 ) ) ;
#53 = EDGE_CURVE ( 'NONE', #13, #1936, #171, .T. ) ;
#54 = CARTESIAN_POINT ( 'NONE',  ( 0.5032151781249993849, 0.4156249993854828628, 0.8715942556523230689 ) ) ;
#55 = ORIENTED_EDGE ( 'NONE', *, *, #2762, .T. ) ;
#56 = CARTESIAN_POINT ( 'NONE',  ( 0.6249999999999990008, 2.468749998770965348, 1.082531754730548634 ) ) ;
#57 = CARTESIAN_POINT ( 'NONE',  ( -0.3875502702449780679, 0.006430356250002257530, 0.9322694998266112254 ) ) ;
#58 = EDGE_LOOP ( 'NONE', ( #2272, #1001, #381, #696 ) ) ;
#59 =( BOUNDED_CURVE ( )  B_SPLINE_CURVE ( 2, ( #2671, #1674, #1426, #2185, #465, #416, #3, #983, #1411 ),
 .UNSPECIFIED., .F., .F. ) 
 B_SPLINE_CURVE_WITH_KNOTS ( ( 3, 2, 2, 2, 3 ),
 ( 0.5166666666666667185, 0.5222222222222222543, 0.5333333333333333259, 0.5444444444444443976, 0.5500000000000000444 ),
 .UNSPECIFIED. ) 
 CURVE ( )  GEOMETRIC_REPRESENTATION_ITEM ( )  RATIONAL_B_SPLINE_CURVE ( ( 0.9330127018922194093, 0.9330127018922200755, 1.000000000000000000, 0.8660254037844387076, 1.000000000000000000, 0.8660254037844387076, 1.000000000000000000, 0.9330127018922187432, 0.9330127018922194093 ) ) 
 REPRESENTATION_ITEM ( '' )  );
#60 = CARTESIAN_POINT ( 'NONE',  ( 8.838126989374222236E-17, 0.9124999999999998668, -1.443375672974064106 ) ) ;
#61 = CARTESIAN_POINT ( 'NONE',  ( -1.019071733578752692, 0.1965258223963775308, 0.6455303344942554533 ) ) ;
#62 = CARTESIAN_POINT ( 'NONE',  ( -0.5032151781250003841, -0.5593750006145170595, 0.8715942556523225138 ) ) ;
#63 = CARTESIAN_POINT ( 'NONE',  ( 0.3349364905389033975, 3.142403810567665268, -1.249999999999999556 ) ) ;
#64 = CARTESIAN_POINT ( 'NONE',  ( 1.006430356249999880, 3.640624999385482674, 0.000000000000000000 ) ) ;
#65 = ORIENTED_EDGE ( 'NONE', *, *, #1204, .T. ) ;
#66 = CARTESIAN_POINT ( 'NONE',  ( -0.7999999999999996003, 6.000000000000000000, 0.5196152422706624696 ) ) ;
#67 = CARTESIAN_POINT ( 'NONE',  ( -0.5032151781249997180, 2.103124999385483029, -0.8715942556523225138 ) ) ;
#68 = CYLINDRICAL_SURFACE ( 'NONE', #971, 1.249999999999999778 ) ;
#69 = CARTESIAN_POINT ( 'NONE',  ( 1.006430356249999880, 3.790624999385482585, -0.5810628371015482685 ) ) ;
#70 = CARTESIAN_POINT ( 'NONE',  ( 1.006430356249999880, 3.340624999385482852, -0.5810628371015482685 ) ) ;
#71 = LINE ( 'NONE', #1057, #2403 ) ;
#72 = CARTESIAN_POINT ( 'NONE',  ( -1.006430356249999658, 1.128124999385482718, -0.5810628371015486016 ) ) ;
#73 = ORIENTED_EDGE ( 'NONE', *, *, #445, .T. ) ;
#74 = CARTESIAN_POINT ( 'NONE',  ( -0.6249999999999995559, 3.143749998770965615, -1.082531754730548412 ) ) ;
#75 = CARTESIAN_POINT ( 'NONE',  ( 7.115967435598912132E-17, 1.053124999385482985, -1.162125674203096759 ) ) ;
#76 = ORIENTED_EDGE ( 'NONE', *, *, #3080, .F. ) ;
#77 = CARTESIAN_POINT ( 'NONE',  ( -0.1640550155756042294, 0.06056216655352298500, 1.060562166553609575 ) ) ;
#78 = CARTESIAN_POINT ( 'NONE',  ( -0.9167648932616105917, 4.450000000000001954, 0.4355477822648072261 ) ) ;
#79 = CARTESIAN_POINT ( 'NONE',  ( 7.115967435598910900E-17, 0.1531249993854829072, -1.162125674203096759 ) ) ;
#80 =( BOUNDED_CURVE ( )  B_SPLINE_CURVE ( 2, ( #1789, #496, #1508, #1256, #2936, #1000, #1030, #63, #1982 ),
 .UNSPECIFIED., .F., .T. ) 
 B_SPLINE_CURVE_WITH_KNOTS ( ( 3, 2, 2, 2, 3 ),
 ( 0.5833333333333333703, 0.5888888888888889062, 0.5999999999999999778, 0.6111111111111111605, 0.6166666666666666963 ),
 .UNSPECIFIED. ) 
 CURVE ( )  GEOMETRIC_REPRESENTATION_ITEM ( )  RATIONAL_B_SPLINE_CURVE ( ( 0.9330127018922194093, 0.9330127018922200755, 1.000000000000000000, 0.8660254037844387076, 1.000000000000000000, 0.8660254037844387076, 1.000000000000000000, 0.9330127018922194093, 0.9330127018922194093 ) ) 
 REPRESENTATION_ITEM ( '' )  );
#81 = CARTESIAN_POINT ( 'NONE',  ( 2.817957636530729931E-15, 1.587500000000000133, 1.249999999999999778 ) ) ;
#82 = ORIENTED_EDGE ( 'NONE', *, *, #139, .T. ) ;
#83 = EDGE_CURVE ( 'NONE', #1662, #1334, #2102, .T. ) ;
#84 = CARTESIAN_POINT ( 'NONE',  ( -2.134790230679672777E-16, 2.740624999385483207, 1.162125674203096537 ) ) ;
#85 = CARTESIAN_POINT ( 'NONE',  ( 1.006430356249999880, 4.690624999385483385, -0.5810628371015482685 ) ) ;
#86 = CARTESIAN_POINT ( 'NONE',  ( -2.134790230679673516E-16, 2.740624999385482763, 1.162125674203096759 ) ) ;
#87 = CARTESIAN_POINT ( 'NONE',  ( -0.3349364905389061731, 2.732596189432333844, -1.249999999999997780 ) ) ;
#88 = CARTESIAN_POINT ( 'NONE',  ( 1.006430356249999658, 0.9031249993854826297, 0.5810628371015489346 ) ) ;
#89 = EDGE_CURVE ( 'NONE', #918, #637, #378, .T. ) ;
#90 = CARTESIAN_POINT ( 'NONE',  ( 1.249999999999999556, 4.306249998770964815, 0.7216878364870328300 ) ) ;
#91 = CARTESIAN_POINT ( 'NONE',  ( -0.5032151781249998290, 1.090624999385482852, -0.8715942556523227358 ) ) ;
#92 = ORIENTED_EDGE ( 'NONE', *, *, #967, .F. ) ;
#93 = CARTESIAN_POINT ( 'NONE',  ( 0.000000000000000000, 6.000000000000000000, 0.000000000000000000 ) ) ;
#94 = CARTESIAN_POINT ( 'NONE',  ( 1.249999999999999778, -0.1000000000000000472, 0.000000000000000000 ) ) ;
#95 = FACE_OUTER_BOUND ( 'NONE', #3060, .T. ) ;
#96 = ORIENTED_EDGE ( 'NONE', *, *, #1628, .T. ) ;
#97 = CIRCLE ( 'NONE', #2996, 0.9999999999999974465 ) ;
#98 = CARTESIAN_POINT ( 'NONE',  ( -0.6249999999999995559, 1.399999999999999689, -1.082531754730548412 ) ) ;
#99 = CARTESIAN_POINT ( 'NONE',  ( 1.250000000000000000, 4.423380326861742873, -0.4499546002456237814 ) ) ;
#100 = VECTOR ( 'NONE', #2065, 999.9999999999998863 ) ;
#101 = CARTESIAN_POINT ( 'NONE',  ( -0.5032151781249998290, 1.653124999385482852, -0.8715942556523227358 ) ) ;
#102 = CARTESIAN_POINT ( 'NONE',  ( -1.249999999999999556, 2.787499999999999645, -0.7216878364870324969 ) ) ;
#103 = AXIS2_PLACEMENT_3D ( 'NONE', #3118, #950, #2892 ) ;
#104 = CARTESIAN_POINT ( 'NONE',  ( 0.5032151781250000511, 2.365624999385482763, -0.8715942556523226248 ) ) ;
#105 = CARTESIAN_POINT ( 'NONE',  ( 1.249999999999999778, 3.443749998770965437, 0.000000000000000000 ) ) ;
#106 = CARTESIAN_POINT ( 'NONE',  ( -1.006430356249999658, 2.928124999385482319, -0.5810628371015487126 ) ) ;
#107 = ORIENTED_EDGE ( 'NONE', *, *, #606, .F. ) ;
#108 = CARTESIAN_POINT ( 'NONE',  ( 1.006430356249999880, 5.478124999385482141, -0.5810628371015482685 ) ) ;
#109 = CARTESIAN_POINT ( 'NONE',  ( 8.838126989374222236E-17, 0.01249999999999992437, -1.443375672974064106 ) ) ;
#110 =( LENGTH_UNIT ( ) NAMED_UNIT ( * ) SI_UNIT ( .MILLI., .METRE. ) );
#111 = CARTESIAN_POINT ( 'NONE',  ( -0.5032151781250003841, 1.240624999385482763, 0.8715942556523225138 ) ) ;
#112 = CYLINDRICAL_SURFACE ( 'NONE', #1251, 1.249999999999999778 ) ;
#113 = ORIENTED_EDGE ( 'NONE', *, *, #1950, .T. ) ;
#114 = CARTESIAN_POINT ( 'NONE',  ( 0.000000000000000000, 4.450000000000000178, 0.000000000000000000 ) ) ;
#115 = CARTESIAN_POINT ( 'NONE',  ( -2.876059855840641404E-15, 0.09943103339880443592, -1.099431033398803326 ) ) ;
#116 = CARTESIAN_POINT ( 'NONE',  ( 7.115967435598912132E-17, 2.515624999385482674, -1.162125674203096759 ) ) ;
#117 = DIRECTION ( 'NONE',  ( -0.000000000000000000, -1.000000000000000000, -0.000000000000000000 ) ) ;
#118 = CARTESIAN_POINT ( 'NONE',  ( -1.006430356249999880, 0.2656249993854828961, -1.232521714346292805E-16 ) ) ;
#119 = CARTESIAN_POINT ( 'NONE',  ( 1.250000000000000000, 3.481249998770965526, -0.7216878364870319418 ) ) ;
#120 = CARTESIAN_POINT ( 'NONE',  ( -1.006430356249999658, 1.578124999385482896, -0.5810628371015487126 ) ) ;
#121 = ORIENTED_EDGE ( 'NONE', *, *, #33, .F. ) ;
#122 = CARTESIAN_POINT ( 'NONE',  ( -0.3349364905389037306, 3.367403810567665357, 1.249999999999999556 ) ) ;
#123 = CARTESIAN_POINT ( 'NONE',  ( 1.249999999999999778, 2.600000000000000089, 0.000000000000000000 ) ) ;
#124 = CARTESIAN_POINT ( 'NONE',  ( 0.5032151781249993849, 1.315624999385482941, 0.8715942556523230689 ) ) ;
#125 = DIRECTION ( 'NONE',  ( -0.000000000000000000, -1.000000000000000000, -0.000000000000000000 ) ) ;
#126 = VERTEX_POINT ( 'NONE', #858 ) ;
#127 = EDGE_CURVE ( 'NONE', #126, #446, #1157, .T. ) ;
#128 = CARTESIAN_POINT ( 'NONE',  ( -3.137519842735245599E-15, 1.362500000000000266, -1.249999999999999778 ) ) ;
#129 = FACE_OUTER_BOUND ( 'NONE', #2771, .T. ) ;
#130 = CARTESIAN_POINT ( 'NONE',  ( 1.006430356249999880, 4.990624999385482319, 0.000000000000000000 ) ) ;
#131 = ORIENTED_EDGE ( 'NONE', *, *, #1027, .T. ) ;
#132 = CARTESIAN_POINT ( 'NONE',  ( -0.04999999999999930195, 6.000000000000000000, -0.9526279441628815459 ) ) ;
#133 = DIRECTION ( 'NONE',  ( 0.000000000000000000, 0.000000000000000000, -1.000000000000000000 ) ) ;
#134 = CARTESIAN_POINT ( 'NONE',  ( -1.006430356250000324, 3.003124999385482941, 0.5810628371015480464 ) ) ;
#135 = CARTESIAN_POINT ( 'NONE',  ( -1.250000000000000000, 5.506249998770964993, 0.7216878364870314977 ) ) ;
#136 = CARTESIAN_POINT ( 'NONE',  ( -1.006430356249999658, 2.478124999385482585, -0.5810628371015487126 ) ) ;
#137 = CARTESIAN_POINT ( 'NONE',  ( -1.249999999999999556, 3.181249998770965259, -0.7216878364870324969 ) ) ;
#138 = CARTESIAN_POINT ( 'NONE',  ( -1.250000000000000000, 3.312499999999999556, 0.7216878364870314977 ) ) ;
#139 = EDGE_CURVE ( 'NONE', #1343, #1644, #3076, .T. ) ;
#140 = CARTESIAN_POINT ( 'NONE',  ( 7.115967435598910900E-17, 1.053124999385482985, -1.162125674203096759 ) ) ;
#141 = DIRECTION ( 'NONE',  ( 0.000000000000000000, 0.000000000000000000, 1.000000000000000000 ) ) ;
#142 = FACE_OUTER_BOUND ( 'NONE', #1976, .T. ) ;
#143 = EDGE_LOOP ( 'NONE', ( #1448, #2487, #421, #2550 ) ) ;
#144 = CARTESIAN_POINT ( 'NONE',  ( 1.006430356249999880, 3.303124999385482319, 0.000000000000000000 ) ) ;
#145 = CARTESIAN_POINT ( 'NONE',  ( -4.938688641342514686E-16, 3.781249998770965348, 1.249999999999999778 ) ) ;
#146 = EDGE_CURVE ( 'NONE', #1562, #1871, #204, .T. ) ;
#147 = CARTESIAN_POINT ( 'NONE',  ( -1.006430356249999880, 4.765624999385482674, -1.232521714346292805E-16 ) ) ;
#148 = VECTOR ( 'NONE', #374, 1000.000000000000000 ) ;
#149 = CARTESIAN_POINT ( 'NONE',  ( 1.191095495853194869E-15, 1.081249998770965837, 1.249999999999999778 ) ) ;
#150 = DIRECTION ( 'NONE',  ( 1.224646799147353454E-16, 0.000000000000000000, -1.000000000000000000 ) ) ;
#151 = CARTESIAN_POINT ( 'NONE',  ( 1.249999999999999334, 4.306249998770964815, 0.7216878364870328300 ) ) ;
#152 = VECTOR ( 'NONE', #1639, 1000.000000000000000 ) ;
#153 = AXIS2_PLACEMENT_3D ( 'NONE', #1303, #331, #313 ) ;
#154 = CARTESIAN_POINT ( 'NONE',  ( 0.5032151781249993849, 0.07812499938548284062, 0.8715942556523230689 ) ) ;
#155 = EDGE_LOOP ( 'NONE', ( #1239, #55, #923, #2512, #3121, #1742, #490, #1347, #12, #1821, #316, #1943, #92, #2538, #1320, #1110, #2645, #2083, #1850, #2895, #900, #2957, #1952 ) ) ;
#156 = CARTESIAN_POINT ( 'NONE',  ( 0.5032151781249992739, 4.128124999385482496, 0.8715942556523228468 ) ) ;
#157 = CARTESIAN_POINT ( 'NONE',  ( -2.651438096812266917E-16, 2.487499999999999822, 1.443375672974064106 ) ) ;
#158 = CARTESIAN_POINT ( 'NONE',  ( 0.000000000000000000, 4.450000000000000178, 0.000000000000000000 ) ) ;
#159 = CARTESIAN_POINT ( 'NONE',  ( 1.249999999999999778, 3.443749998770965437, 0.000000000000000000 ) ) ;
#160 = CARTESIAN_POINT ( 'NONE',  ( -1.006430356250000324, 3.003124999385482941, 0.5810628371015480464 ) ) ;
#161 = CARTESIAN_POINT ( 'NONE',  ( 0.7499999999999996669, 5.900000000000000355, -0.4330127018922195758 ) ) ;
#162 = ADVANCED_FACE ( 'NONE', ( #2664 ), #2462, .T. ) ;
#163 = CARTESIAN_POINT ( 'NONE',  ( -1.006430356249999658, 4.840624999385481964, -0.5810628371015486016 ) ) ;
#164 = DIRECTION ( 'NONE',  ( 8.659560562354948882E-17, 0.7071067811865463515, -0.7071067811865487940 ) ) ;
#165 =( BOUNDED_CURVE ( )  B_SPLINE_CURVE ( 2, ( #1013, #1748, #787, #1776, #2491, #774, #2027 ),
 .UNSPECIFIED., .F., .T. ) 
 B_SPLINE_CURVE_WITH_KNOTS ( ( 3, 2, 2, 3 ),
 ( 0.1269123722406917121, 0.1333333333333333315, 0.1444444444444444309, 0.1499999999999999944 ),
 .UNSPECIFIED. ) 
 CURVE ( )  GEOMETRIC_REPRESENTATION_ITEM ( )  RATIONAL_B_SPLINE_CURVE ( ( 0.9346381638529763780, 0.9225778897267759016, 1.000000000000000000, 0.8660254037844387076, 1.000000000000000000, 0.9330127018922194093, 0.9330127018922194093 ) ) 
 REPRESENTATION_ITEM ( '' )  );
#166 = CARTESIAN_POINT ( 'NONE',  ( 0.5032151781250000511, 5.065624999385482496, -0.8715942556523226248 ) ) ;
#167 = CARTESIAN_POINT ( 'NONE',  ( 1.006430356249999880, 3.790624999385482141, -0.5810628371015482685 ) ) ;
#168 = CARTESIAN_POINT ( 'NONE',  ( 0.5357142857142854764, 5.685714285714285943, -0.3092947870658711573 ) ) ;
#169 = CARTESIAN_POINT ( 'NONE',  ( 0.6250000000000000000, 4.868749998770965703, -1.082531754730548190 ) ) ;
#170 = EDGE_CURVE ( 'NONE', #2005, #994, #765, .T. ) ;
#171 = LINE ( 'NONE', #189, #607 ) ;
#172 = CARTESIAN_POINT ( 'NONE',  ( 0.5032151781249999400, 4.278124999385482852, -0.8715942556523224027 ) ) ;
#173 = CARTESIAN_POINT ( 'NONE',  ( -0.6250000000000004441, 1.999999999999999556, 1.082531754730547968 ) ) ;
#174 = LINE ( 'NONE', #2845, #1086 ) ;
#175 = CARTESIAN_POINT ( 'NONE',  ( -1.006430356249999880, 1.165624999385482807, -1.232521714346292805E-16 ) ) ;
#176 = CYLINDRICAL_SURFACE ( 'NONE', #2709, 1.249999999999999778 ) ;
#177 = LINE ( 'NONE', #3052, #2542 ) ;
#178 = CARTESIAN_POINT ( 'NONE',  ( 0.5032151781250000511, 3.265624999385482230, -0.8715942556523226248 ) ) ;
#179 = DIRECTION ( 'NONE',  ( -0.8660254037844387076, 0.000000000000000000, -0.4999999999999998890 ) ) ;
#180 = DIRECTION ( 'NONE',  ( -0.4999999999999996114, 0.000000000000000000, -0.8660254037844388186 ) ) ;
#181 = CARTESIAN_POINT ( 'NONE',  ( 2.025346705582189620E-16, 5.200000000000000178, -0.8660254037844384856 ) ) ;
#182 = EDGE_CURVE ( 'NONE', #2588, #2258, #801, .T. ) ;
#183 =( BOUNDED_CURVE ( )  B_SPLINE_CURVE ( 2, ( #2248, #1541, #778, #49, #1572, #1765, #839, #2722, #283 ),
 .UNSPECIFIED., .F., .F. ) 
 B_SPLINE_CURVE_WITH_KNOTS ( ( 3, 2, 2, 2, 3 ),
 ( 0.3166666666666667074, 0.3222222222222222432, 0.3333333333333333148, 0.3444444444444444420, 0.3500000000000000333 ),
 .UNSPECIFIED. ) 
 CURVE ( )  GEOMETRIC_REPRESENTATION_ITEM ( )  RATIONAL_B_SPLINE_CURVE ( ( 0.9330127018922192983, 0.9330127018922196314, 1.000000000000000000, 0.8660254037844387076, 1.000000000000000000, 0.8660254037844387076, 1.000000000000000000, 0.9330127018922189652, 0.9330127018922192983 ) ) 
 REPRESENTATION_ITEM ( '' )  );
#184 = CARTESIAN_POINT ( 'NONE',  ( -1.006430356249999880, 4.428124999385482319, -1.232521714346292805E-16 ) ) ;
#185 = CARTESIAN_POINT ( 'NONE',  ( 1.249999999999999334, 2.056249998770965703, 0.7216878364870328300 ) ) ;
#186 = CARTESIAN_POINT ( 'NONE',  ( 1.006430356249999658, -0.7468750006145170595, 0.000000000000000000 ) ) ;
#187 = CARTESIAN_POINT ( 'NONE',  ( 1.006430356249999658, 0.1156249993854828462, 0.5810628371015489346 ) ) ;
#188 = CARTESIAN_POINT ( 'NONE',  ( 6.245988575815533685E-15, 3.331249998770965171, 1.249999999999999778 ) ) ;
#189 = CARTESIAN_POINT ( 'NONE',  ( 0.5357142857142865866, 4.985714285714284877, 0.3092947870658650511 ) ) ;
#190 = CARTESIAN_POINT ( 'NONE',  ( -1.006430356249999658, 3.528124999385481964, -1.232521714346292558E-16 ) ) ;
#191 = CARTESIAN_POINT ( 'NONE',  ( -1.250000000000000000, 5.112499999999999822, 0.7216878364870314977 ) ) ;
#192 = CARTESIAN_POINT ( 'NONE',  ( 1.006430356249999880, 2.290624999385482585, 0.000000000000000000 ) ) ;
#193 = CARTESIAN_POINT ( 'NONE',  ( 1.027121516684194047, 0.03764538761186652510, -0.2329019714558696053 ) ) ;
#194 = CARTESIAN_POINT ( 'NONE',  ( -0.3058187683800518419, 0.2302807463962808221, 1.201403192223731375 ) ) ;
#195 = CARTESIAN_POINT ( 'NONE',  ( -1.249999999999999556, 0.4812499987709658034, -0.7216878364870324969 ) ) ;
#196 = CARTESIAN_POINT ( 'NONE',  ( 0.000000000000000000, 4.450000000000000178, 0.000000000000000000 ) ) ;
#197 = CARTESIAN_POINT ( 'NONE',  ( -2.134790230679673516E-16, 3.978124999385482585, 1.162125674203096759 ) ) ;
#198 = CARTESIAN_POINT ( 'NONE',  ( -0.5032151781249998290, 3.903124999385482408, -0.8715942556523227358 ) ) ;
#199 = CARTESIAN_POINT ( 'NONE',  ( -1.249999999999999556, 1.381249998770965437, -0.7216878364870324969 ) ) ;
#200 = CARTESIAN_POINT ( 'NONE',  ( -1.006430356249999880, 1.315624999385482496, 0.5810628371015479354 ) ) ;
#201 = VERTEX_POINT ( 'NONE', #452 ) ;
#202 = AXIS2_PLACEMENT_3D ( 'NONE', #1171, #2323, #2350 ) ;
#203 = CARTESIAN_POINT ( 'NONE',  ( 1.006430356249999658, -0.3343750006145170817, 0.5810628371015489346 ) ) ;
#204 = LINE ( 'NONE', #424, #1500 ) ;
#205 = VECTOR ( 'NONE', #2139, 1000.000000000000000 ) ;
#206 = CARTESIAN_POINT ( 'NONE',  ( -1.249999999999999778, 5.037499999999999645, -0.7216878364870323859 ) ) ;
#207 = ORIENTED_EDGE ( 'NONE', *, *, #2582, .T. ) ;
#208 = CIRCLE ( 'NONE', #2501, 0.09999999999999982514 ) ;
#209 = CARTESIAN_POINT ( 'NONE',  ( 2.025346705582189620E-16, 5.200000000000000178, -0.8660254037844384856 ) ) ;
#210 = CARTESIAN_POINT ( 'NONE',  ( 1.250000000000000000, 1.287499999999999645, -0.7216878364870319418 ) ) ;
#211 = CARTESIAN_POINT ( 'NONE',  ( -0.3349364905389030644, 4.026346188203299370, -1.249999999999999778 ) ) ;
#212 = CARTESIAN_POINT ( 'NONE',  ( 0.09277250374119409837, 0.1024761131957529214, 1.102476113195700824 ) ) ;
#213 = CYLINDRICAL_SURFACE ( 'NONE', #2706, 1.249999999999999778 ) ;
#214 = CARTESIAN_POINT ( 'NONE',  ( -0.6249999999999995559, 1.793749998770965526, -1.082531754730548412 ) ) ;
#215 = CARTESIAN_POINT ( 'NONE',  ( 1.006430356249999658, 1.053124999385482985, 0.000000000000000000 ) ) ;
#216 = ORIENTED_EDGE ( 'NONE', *, *, #1298, .T. ) ;
#217 = CARTESIAN_POINT ( 'NONE',  ( 0.5032151781250000511, 2.478124999385482141, -0.8715942556523226248 ) ) ;
#218 = CARTESIAN_POINT ( 'NONE',  ( 7.115967435598912132E-17, 3.753124999385482941, -1.162125674203096759 ) ) ;
#219 = CARTESIAN_POINT ( 'NONE',  ( 0.6250000000000000000, 3.068749998770965437, -1.082531754730548190 ) ) ;
#220 = CARTESIAN_POINT ( 'NONE',  ( 0.5032151781249992739, 5.478124999385482141, 0.8715942556523228468 ) ) ;
#221 = CARTESIAN_POINT ( 'NONE',  ( -2.651438096812266917E-16, 5.187499999999999112, 1.443375672974064106 ) ) ;
#222 = VERTEX_POINT ( 'NONE', #1924 ) ;
#223 = CARTESIAN_POINT ( 'NONE',  ( 1.249999999999999334, 0.7062499987709658367, 0.7216878364870328300 ) ) ;
#224 = CARTESIAN_POINT ( 'NONE',  ( -2.134790230679673516E-16, 3.978124999385482585, 1.162125674203096759 ) ) ;
#225 = LINE ( 'NONE', #1234, #1393 ) ;
#226 = CARTESIAN_POINT ( 'NONE',  ( -1.006430356249999880, 2.965624999385482852, -1.232521714346292805E-16 ) ) ;
#227 = CARTESIAN_POINT ( 'NONE',  ( -0.6250000000000004441, 4.193749998770964993, 1.082531754730547968 ) ) ;
#228 = CARTESIAN_POINT ( 'NONE',  ( 0.000000000000000000, 4.450000000000000178, 0.000000000000000000 ) ) ;
#229 = ADVANCED_FACE ( 'NONE', ( #521 ), #939, .F. ) ;
#230 = CARTESIAN_POINT ( 'NONE',  ( 1.373764550829153436E-16, 0.000000000000000000, -0.9999999999999974465 ) ) ;
#231 = CARTESIAN_POINT ( 'NONE',  ( -0.3349364905389030644, 1.326346188203299858, -1.249999999999999778 ) ) ;
#232 = CARTESIAN_POINT ( 'NONE',  ( -0.5032151781250002731, 0.003124999385482863344, 0.8715942556523222917 ) ) ;
#233 = CARTESIAN_POINT ( 'NONE',  ( -1.006430356250000324, 0.8656249993854827629, 0.5810628371015480464 ) ) ;
#234 = DIRECTION ( 'NONE',  ( 0.000000000000000000, 1.000000000000000000, 0.000000000000000000 ) ) ;
#235 = CARTESIAN_POINT ( 'NONE',  ( 1.006430356249999880, 0.04062499938548295997, 0.000000000000000000 ) ) ;
#236 = CARTESIAN_POINT ( 'NONE',  ( 1.250000000000000000, -0.1187500012290341744, -0.7216878364870319418 ) ) ;
#237 = LINE ( 'NONE', #997, #1603 ) ;
#238 = CARTESIAN_POINT ( 'NONE',  ( -1.006430356249999658, 5.178124999385482319, -0.5810628371015486016 ) ) ;
#239 = CARTESIAN_POINT ( 'NONE',  ( 7.115967435598910900E-17, 5.665624999385482141, -1.162125674203096759 ) ) ;
#240 = DIRECTION ( 'NONE',  ( 0.000000000000000000, 0.000000000000000000, -1.000000000000000000 ) ) ;
#241 = ORIENTED_EDGE ( 'NONE', *, *, #1418, .T. ) ;
#242 = DIRECTION ( 'NONE',  ( -0.000000000000000000, -1.000000000000000000, -0.000000000000000000 ) ) ;
#243 = CARTESIAN_POINT ( 'NONE',  ( 7.115967435598909667E-17, 1.615624999385482541, -1.162125674203096537 ) ) ;
#244 = CARTESIAN_POINT ( 'NONE',  ( -0.5032151781249998290, 2.103124999385483029, -0.8715942556523227358 ) ) ;
#245 = LINE ( 'NONE', #473, #1504 ) ;
#246 = CARTESIAN_POINT ( 'NONE',  ( 2.025346705582189620E-16, 5.900000000000000355, -0.8660254037844384856 ) ) ;
#247 = CARTESIAN_POINT ( 'NONE',  ( 0.5032151781249992739, 4.578124999385482674, 0.8715942556523228468 ) ) ;
#248 = ORIENTED_EDGE ( 'NONE', *, *, #1292, .T. ) ;
#249 = AXIS2_PLACEMENT_3D ( 'NONE', #487, #234, #1450 ) ;
#250 = CARTESIAN_POINT ( 'NONE',  ( 1.249999999999999556, 0.7062499987709656146, 0.7216878364870328300 ) ) ;
#251 = CARTESIAN_POINT ( 'NONE',  ( -0.5032151781250003841, 2.140624999385482674, 0.8715942556523225138 ) ) ;
#252 = CARTESIAN_POINT ( 'NONE',  ( 0.8929248095370285743, 0.006430356250002326919, 0.4643138448234802040 ) ) ;
#253 = CARTESIAN_POINT ( 'NONE',  ( 1.006430356249999880, 4.578124999385482674, -0.5810628371015482685 ) ) ;
#254 = DIRECTION ( 'NONE',  ( 0.8660254037844414832, 0.000000000000000000, 0.4999999999999951705 ) ) ;
#255 = AXIS2_PLACEMENT_3D ( 'NONE', #1236, #1898, #1205 ) ;
#256 = CARTESIAN_POINT ( 'NONE',  ( 0.7499999999999947820, 5.200000000000000178, -0.4330127018922277360 ) ) ;
#257 = VECTOR ( 'NONE', #800, 999.9999999999998863 ) ;
#258 = ORIENTED_EDGE ( 'NONE', *, *, #2634, .T. ) ;
#259 = CARTESIAN_POINT ( 'NONE',  ( 1.249999999999999778, 2.543749998770965526, 0.000000000000000000 ) ) ;
#260 = CARTESIAN_POINT ( 'NONE',  ( -2.134790230679672777E-16, 1.840624999385482852, 1.162125674203096537 ) ) ;
#261 = CARTESIAN_POINT ( 'NONE',  ( -0.4588603583024440935, 0.006430356250002346001, 0.8957394897848675042 ) ) ;
#262 = DIRECTION ( 'NONE',  ( -0.8660254037844387076, 0.000000000000000000, -0.4999999999999998890 ) ) ;
#263 = CARTESIAN_POINT ( 'NONE',  ( -2.134790230679672777E-16, 5.440624999385482496, 1.162125674203096537 ) ) ;
#264 = ORIENTED_EDGE ( 'NONE', *, *, #2489, .F. ) ;
#265 =( BOUNDED_CURVE ( )  B_SPLINE_CURVE ( 2, ( #982, #1555, #1525, #514, #1492, #2263, #281, #2467, #2925 ),
 .UNSPECIFIED., .F., .F. ) 
 B_SPLINE_CURVE_WITH_KNOTS ( ( 3, 2, 2, 2, 3 ),
 ( 0.4500000000000000111, 0.4555555555555555469, 0.4666666666666666741, 0.4777777777777778012, 0.4833333333333333370 ),
 .UNSPECIFIED. ) 
 CURVE ( )  GEOMETRIC_REPRESENTATION_ITEM ( )  RATIONAL_B_SPLINE_CURVE ( ( 0.9330127018922192983, 0.9330127018922196314, 1.000000000000000000, 0.8660254037844387076, 1.000000000000000000, 0.8660254037844387076, 1.000000000000000000, 0.9330127018922194093, 0.9330127018922194093 ) ) 
 REPRESENTATION_ITEM ( '' )  );
#266 = EDGE_CURVE ( 'NONE', #1961, #1044, #718, .T. ) ;
#267 = CARTESIAN_POINT ( 'NONE',  ( -2.651438096812266917E-16, 1.531249998770965348, 1.443375672974064106 ) ) ;
#268 = CARTESIAN_POINT ( 'NONE',  ( -1.006430356249999880, 0.7156249993854827407, -1.232521714346292805E-16 ) ) ;
#269 = CARTESIAN_POINT ( 'NONE',  ( -0.5032151781250003841, 5.290624999385482141, 0.8715942556523225138 ) ) ;
#270 = VERTEX_POINT ( 'NONE', #1515 ) ;
#271 = ADVANCED_FACE ( 'NONE', ( #1006 ), #914, .T. ) ;
#272 = CARTESIAN_POINT ( 'NONE',  ( -1.249999999999999778, 5.074999999999999289, -1.530808498934191324E-16 ) ) ;
#273 = CARTESIAN_POINT ( 'NONE',  ( -1.006430356249999880, 0.3781249993854828850, -1.232521714346292805E-16 ) ) ;
#274 = CARTESIAN_POINT ( 'NONE',  ( 1.006430356249999658, 4.690624999385483385, -0.5810628371015482685 ) ) ;
#275 = CARTESIAN_POINT ( 'NONE',  ( -1.250000000000000000, 1.456249998770965393, 0.7216878364870314977 ) ) ;
#276 = CARTESIAN_POINT ( 'NONE',  ( 2.963213184805508812E-15, 0.006430356250002243652, 1.006430356249999658 ) ) ;
#277 = CARTESIAN_POINT ( 'NONE',  ( -0.5032151781249998290, 4.690624999385482496, -0.8715942556523227358 ) ) ;
#278 =( BOUNDED_CURVE ( )  B_SPLINE_CURVE ( 2, ( #1002, #2911, #951, #448, #1738, #732, #713, #1430, #934 ),
 .UNSPECIFIED., .F., .T. ) 
 B_SPLINE_CURVE_WITH_KNOTS ( ( 3, 2, 2, 2, 3 ),
 ( 0.2166666666666666741, 0.2222222222222222099, 0.2333333333333333370, 0.2444444444444444364, 0.2500000000000000000 ),
 .UNSPECIFIED. ) 
 CURVE ( )  GEOMETRIC_REPRESENTATION_ITEM ( )  RATIONAL_B_SPLINE_CURVE ( ( 0.9330127018922194093, 0.9330127018922195203, 1.000000000000000000, 0.8660254037844387076, 1.000000000000000000, 0.8660254037844387076, 1.000000000000000000, 0.9330127018922191873, 0.9330127018922194093 ) ) 
 REPRESENTATION_ITEM ( '' )  );
#279 = CARTESIAN_POINT ( 'NONE',  ( 0.6249999999999990008, 0.7249999999999997558, 1.082531754730548634 ) ) ;
#280 = CARTESIAN_POINT ( 'NONE',  ( 0.5032151781250000511, -0.3343750006145170262, -0.8715942556523226248 ) ) ;
#281 = CARTESIAN_POINT ( 'NONE',  ( 0.6250000000000000000, 2.224999999999999645, -1.082531754730548190 ) ) ;
#282 = ORIENTED_EDGE ( 'NONE', *, *, #513, .F. ) ;
#283 = CARTESIAN_POINT ( 'NONE',  ( -3.137519842735245599E-15, 1.756249998770965437, -1.249999999999999778 ) ) ;
#284 = CARTESIAN_POINT ( 'NONE',  ( 0.5032151781249999400, 2.478124999385482141, -0.8715942556523224027 ) ) ;
#285 = CARTESIAN_POINT ( 'NONE',  ( 1.249999999999999778, 3.499999999999999556, 0.000000000000000000 ) ) ;
#286 = CARTESIAN_POINT ( 'NONE',  ( -0.5032151781249998290, 4.353124999385482141, -0.8715942556523227358 ) ) ;
#287 = CARTESIAN_POINT ( 'NONE',  ( -0.5032151781250003841, 0.4531249993854828406, 0.8715942556523225138 ) ) ;
#288 = CARTESIAN_POINT ( 'NONE',  ( -1.006430356249999658, 2.028124999385482852, -0.5810628371015486016 ) ) ;
#289 = CARTESIAN_POINT ( 'NONE',  ( 1.249999999999999778, 1.643749998770965615, 0.000000000000000000 ) ) ;
#290 = CARTESIAN_POINT ( 'NONE',  ( 1.006430356249999880, 0.4906249993854828184, 0.000000000000000000 ) ) ;
#291 = ORIENTED_EDGE ( 'NONE', *, *, #1573, .F. ) ;
#292 = CARTESIAN_POINT ( 'NONE',  ( -1.249999999999999778, -0.3625000000000000444, -0.7216878364870323859 ) ) ;
#293 = STYLED_ITEM ( 'NONE', ( #2427 ), #1221 ) ;
#294 = CARTESIAN_POINT ( 'NONE',  ( 1.006430356249999880, -0.8218750006145170151, -0.5810628371015482685 ) ) ;
#295 = LINE ( 'NONE', #1966, #976 ) ;
#296 = CLOSED_SHELL ( 'NONE', ( #1192, #366, #361, #2366, #849, #558, #711, #162, #1083, #1478, #2504, #1036, #2405, #1877, #2326, #1428, #1568, #2266, #657, #1140, #1606, #2913, #1180, #2267, #1813, #647, #596, #1762, #2274, #271, #1715, #1618, #2360, #2492, #229, #3089, #3049, #659, #2729, #1012, #1795, #1846, #3054, #370, #311, #2964, #1335, #3146, #2896, #798, #2321, #1516, #1243, #2830 ) ) ;
#297 = VECTOR ( 'NONE', #1510, 1000.000000000000000 ) ;
#298 = CARTESIAN_POINT ( 'NONE',  ( -2.134790230679673516E-16, 3.528124999385482852, 1.162125674203096759 ) ) ;
#299 = EDGE_LOOP ( 'NONE', ( #2744, #2966, #2620, #2370, #2076, #1841, #777, #2202 ) ) ;
#300 = VECTOR ( 'NONE', #1785, 1000.000000000000114 ) ;
#301 = CARTESIAN_POINT ( 'NONE',  ( 1.743066579297358255E-16, 1.306249998770965925, -1.249999999999999556 ) ) ;
#302 = CARTESIAN_POINT ( 'NONE',  ( 1.006430356249999658, 2.815624999385482052, 0.5810628371015489346 ) ) ;
#303 = CARTESIAN_POINT ( 'NONE',  ( 0.5032151781249993849, 2.778124999385482408, 0.8715942556523230689 ) ) ;
#304 = CARTESIAN_POINT ( 'NONE',  ( 0.4301639428188106518, 0.2633098365691285414, 1.195020404791953261 ) ) ;
#305 = CARTESIAN_POINT ( 'NONE',  ( -0.5032151781250003841, 1.690624999385482718, 0.8715942556523225138 ) ) ;
#306 = ORIENTED_EDGE ( 'NONE', *, *, #1859, .T. ) ;
#307 = CARTESIAN_POINT ( 'NONE',  ( 0.6250000000000000000, 3.518749998770965171, -1.082531754730548190 ) ) ;
#308 = CARTESIAN_POINT ( 'NONE',  ( -0.5032151781249998290, 1.540624999385482807, -0.8715942556523227358 ) ) ;
#309 = ORIENTED_EDGE ( 'NONE', *, *, #1751, .F. ) ;
#310 = CARTESIAN_POINT ( 'NONE',  ( -0.6250000000000004441, -0.7000000000000000666, 1.082531754730547968 ) ) ;
#311 = ADVANCED_FACE ( 'NONE', ( #1727 ), #2161, .T. ) ;
#312 = ORIENTED_EDGE ( 'NONE', *, *, #1859, .F. ) ;
#313 = DIRECTION ( 'NONE',  ( 0.000000000000000000, 0.6546536707079769757, -0.7559289460184546172 ) ) ;
#314 = CARTESIAN_POINT ( 'NONE',  ( 0.6249999999999990008, 3.875000000000000000, 1.082531754730548634 ) ) ;
#315 = DIRECTION ( 'NONE',  ( -0.000000000000000000, -1.000000000000000000, -0.000000000000000000 ) ) ;
#316 = ORIENTED_EDGE ( 'NONE', *, *, #1628, .F. ) ;
#317 = EDGE_CURVE ( 'NONE', #2040, #2311, #1135, .T. ) ;
#318 = CARTESIAN_POINT ( 'NONE',  ( -0.7500000000000000000, 5.200000000000000178, 0.4330127018922193538 ) ) ;
#319 = CARTESIAN_POINT ( 'NONE',  ( 0.000000000000000000, 5.829289321881343966, 2.529289321881348584 ) ) ;
#320 = EDGE_CURVE ( 'NONE', #1185, #1562, #444, .T. ) ;
#321 = B_SPLINE_CURVE_WITH_KNOTS ( 'NONE', 3,
 ( #2257, #2465, #2435, #29, #15, #1520 ),
 .UNSPECIFIED., .F., .F.,
 ( 4, 2, 4 ),
 ( 0.000000000000000000, 0.0005503508131377617824, 0.001100701626275523565 ),
 .UNSPECIFIED. ) ;
#322 = CARTESIAN_POINT ( 'NONE',  ( -2.134790230679673516E-16, 4.090624999385482852, 1.162125674203096759 ) ) ;
#323 = CARTESIAN_POINT ( 'NONE',  ( -1.006430356249999658, 2.590624999385482852, -0.5810628371015487126 ) ) ;
#324 = CARTESIAN_POINT ( 'NONE',  ( 0.2935421954858307703, 4.450000000000000178, 0.9626707856016304410 ) ) ;
#325 = CARTESIAN_POINT ( 'NONE',  ( -0.5032151781249998290, 0.6406249993854827851, -0.8715942556523227358 ) ) ;
#326 = CARTESIAN_POINT ( 'NONE',  ( -2.651438096812266917E-16, 4.231249998770965526, 1.443375672974064106 ) ) ;
#327 = CARTESIAN_POINT ( 'NONE',  ( 1.006430356249999880, 1.390624999385482896, 0.000000000000000000 ) ) ;
#328 = ORIENTED_EDGE ( 'NONE', *, *, #1797, .F. ) ;
#329 = CARTESIAN_POINT ( 'NONE',  ( 1.250000000000000000, 2.131249998770965881, -0.7216878364870319418 ) ) ;
#330 = CARTESIAN_POINT ( 'NONE',  ( 1.249999999999999778, -0.5500000000000000444, 0.000000000000000000 ) ) ;
#331 = DIRECTION ( 'NONE',  ( 0.3535533905932697341, -0.7071067811865487940, -0.6123724356957953585 ) ) ;
#332 = CARTESIAN_POINT ( 'NONE',  ( 1.006430356249999880, -0.3718750006145170039, -0.5810628371015482685 ) ) ;
#333 = CARTESIAN_POINT ( 'NONE',  ( 0.000000000000000000, 4.450000000000000178, 0.000000000000000000 ) ) ;
#334 = ORIENTED_EDGE ( 'NONE', *, *, #2223, .F. ) ;
#335 = CARTESIAN_POINT ( 'NONE',  ( 0.8499999999999988676, 6.000000000000000000, -0.4907477288111816716 ) ) ;
#336 = FACE_OUTER_BOUND ( 'NONE', #831, .T. ) ;
#337 = CARTESIAN_POINT ( 'NONE',  ( 1.006430356249999880, 1.953124999385482674, 0.000000000000000000 ) ) ;
#338 = CARTESIAN_POINT ( 'NONE',  ( 1.249999999999999334, 0.3124999999999998335, 0.7216878364870328300 ) ) ;
#339 = CARTESIAN_POINT ( 'NONE',  ( 1.006430356249999880, 2.290624999385482585, 0.000000000000000000 ) ) ;
#340 = CARTESIAN_POINT ( 'NONE',  ( -0.6250000000000004441, 2.393749998770965171, 1.082531754730547968 ) ) ;
#341 = CARTESIAN_POINT ( 'NONE',  ( -2.134790230679673516E-16, 2.178124999385482763, 1.162125674203096759 ) ) ;
#342 = ORIENTED_EDGE ( 'NONE', *, *, #2982, .T. ) ;
#343 = SURFACE_STYLE_FILL_AREA ( #2534 ) ;
#344 = CARTESIAN_POINT ( 'NONE',  ( 8.838126989374222236E-17, 0.4624999999999998002, -1.443375672974064106 ) ) ;
#345 = CARTESIAN_POINT ( 'NONE',  ( -0.5032151781250003841, -0.1093750006145171039, 0.8715942556523225138 ) ) ;
#346 = DIRECTION ( 'NONE',  ( -0.000000000000000000, -1.000000000000000000, -0.000000000000000000 ) ) ;
#347 = EDGE_LOOP ( 'NONE', ( #1764, #3088, #1984, #1814 ) ) ;
#348 = VECTOR ( 'NONE', #544, 1000.000000000000114 ) ;
#349 = CARTESIAN_POINT ( 'NONE',  ( 2.817957636530729931E-15, 1.531249998770965792, 1.249999999999999778 ) ) ;
#350 = AXIS2_PLACEMENT_3D ( 'NONE', #93, #2893, #2396 ) ;
#351 = CARTESIAN_POINT ( 'NONE',  ( -2.134790230679673516E-16, 3.640624999385482674, 1.162125674203096759 ) ) ;
#352 = CARTESIAN_POINT ( 'NONE',  ( -0.5032151781250002731, -0.4468750006145170706, 0.8715942556523222917 ) ) ;
#353 = VECTOR ( 'NONE', #3082, 999.9999999999998863 ) ;
#354 = CARTESIAN_POINT ( 'NONE',  ( -1.006430356249999658, 0.6781249993854827629, -0.5810628371015486016 ) ) ;
#355 = CARTESIAN_POINT ( 'NONE',  ( -1.250000000000000000, 3.256249998770965437, 0.7216878364870314977 ) ) ;
#356 = CARTESIAN_POINT ( 'NONE',  ( -1.006430356249999880, 2.965624999385482852, -1.232521714346292805E-16 ) ) ;
#357 = VERTEX_POINT ( 'NONE', #3000 ) ;
#358 = DIRECTION ( 'NONE',  ( -0.000000000000000000, -1.000000000000000000, -0.000000000000000000 ) ) ;
#359 = EDGE_CURVE ( 'NONE', #1334, #1662, #2100, .T. ) ;
#360 = CARTESIAN_POINT ( 'NONE',  ( 1.249999999999999778, 3.049999999999999822, 0.000000000000000000 ) ) ;
#361 = ADVANCED_FACE ( 'NONE', ( #37 ), #1597, .T. ) ;
#362 =( NAMED_UNIT ( * ) SI_UNIT ( $, .STERADIAN. ) SOLID_ANGLE_UNIT ( ) );
#363 = CARTESIAN_POINT ( 'NONE',  ( -1.006430356250000324, 1.203124999385482674, 0.5810628371015480464 ) ) ;
#364 = CARTESIAN_POINT ( 'NONE',  ( -4.938688641342514686E-16, 3.837499999999999467, 1.249999999999999778 ) ) ;
#365 = ORIENTED_EDGE ( 'NONE', *, *, #1575, .T. ) ;
#366 = ADVANCED_FACE ( 'NONE', ( #2777 ), #1242, .T. ) ;
#367 = CARTESIAN_POINT ( 'NONE',  ( 0.6250000000000000000, 3.968749998770964904, -1.082531754730548190 ) ) ;
#368 = CARTESIAN_POINT ( 'NONE',  ( 0.5032151781249993849, 4.915624999385483029, 0.8715942556523230689 ) ) ;
#369 = CARTESIAN_POINT ( 'NONE',  ( 0.6249999999999990008, 1.118749998770965703, 1.082531754730548634 ) ) ;
#370 = ADVANCED_FACE ( 'NONE', ( #2760 ), #2500, .T. ) ;
#371 = CARTESIAN_POINT ( 'NONE',  ( -0.5032151781250003841, 2.703124999385482674, 0.8715942556523225138 ) ) ;
#372 = CARTESIAN_POINT ( 'NONE',  ( -4.938688641342514686E-16, 4.231249998770966414, 1.249999999999999778 ) ) ;
#373 = CARTESIAN_POINT ( 'NONE',  ( -2.134790230679673516E-16, 2.628124999385482941, 1.162125674203096759 ) ) ;
#374 = DIRECTION ( 'NONE',  ( -0.000000000000000000, -1.000000000000000000, -0.000000000000000000 ) ) ;
#375 = EDGE_LOOP ( 'NONE', ( #2385, #1624, #2886, #2446 ) ) ;
#376 = CARTESIAN_POINT ( 'NONE',  ( 0.6249999999999990008, 3.818749998770964993, 1.082531754730548634 ) ) ;
#377 = CARTESIAN_POINT ( 'NONE',  ( -1.006430356250000102, 2.103124999385483029, 0.5810628371015480464 ) ) ;
#378 = LINE ( 'NONE', #2841, #2153 ) ;
#379 = CARTESIAN_POINT ( 'NONE',  ( -1.249999999999999778, 1.924999999999999600, -1.530808498934191324E-16 ) ) ;
#380 = CARTESIAN_POINT ( 'NONE',  ( 1.250000000000000000, 1.737499999999999822, -0.7216878364870319418 ) ) ;
#381 = ORIENTED_EDGE ( 'NONE', *, *, #819, .F. ) ;
#382 = CARTESIAN_POINT ( 'NONE',  ( -1.006430356249999880, 3.078124999385483118, -1.232521714346292805E-16 ) ) ;
#383 = CARTESIAN_POINT ( 'NONE',  ( 0.5032151781250000511, 4.615624999385483207, -0.8715942556523226248 ) ) ;
#384 = CARTESIAN_POINT ( 'NONE',  ( -1.006430356250000102, 4.015624999385481786, 0.5810628371015480464 ) ) ;
#385 = CARTESIAN_POINT ( 'NONE',  ( 0.3828289926886028205, 4.433280259209650076, -1.222349250991706215 ) ) ;
#386 = CARTESIAN_POINT ( 'NONE',  ( 8.838126989374222236E-17, 5.356249998770963749, -1.443375672974064106 ) ) ;
#387 = CARTESIAN_POINT ( 'NONE',  ( -0.3349364905389006219, 3.311153809338631238, 1.250000000000001332 ) ) ;
#388 = CARTESIAN_POINT ( 'NONE',  ( 1.006430356249999658, 3.753124999385482496, 0.000000000000000000 ) ) ;
#389 = CARTESIAN_POINT ( 'NONE',  ( 0.6250000000000000000, 1.324999999999999734, -1.082531754730548190 ) ) ;
#390 = EDGE_CURVE ( 'NONE', #2333, #2797, #2218, .T. ) ;
#391 = CARTESIAN_POINT ( 'NONE',  ( 1.006430356249999658, 1.803124999385482763, 0.5810628371015489346 ) ) ;
#392 = LINE ( 'NONE', #1622, #2757 ) ;
#393 = CARTESIAN_POINT ( 'NONE',  ( 0.3349364905389057845, 3.351346188203299103, 1.249999999999997780 ) ) ;
#394 = VERTEX_POINT ( 'NONE', #567 ) ;
#395 = CARTESIAN_POINT ( 'NONE',  ( -1.249999999999999778, 4.118749998770964815, -1.530808498934191324E-16 ) ) ;
#396 = CARTESIAN_POINT ( 'NONE',  ( 0.5032151781249993849, 4.578124999385482674, 0.8715942556523230689 ) ) ;
#397 = CARTESIAN_POINT ( 'NONE',  ( 0.000000000000000000, 4.450000000000000178, 0.000000000000000000 ) ) ;
#398 = EDGE_CURVE ( 'NONE', #357, #978, #912, .T. ) ;
#399 = CARTESIAN_POINT ( 'NONE',  ( -2.134790230679673516E-16, 4.878124999385483385, 1.162125674203096759 ) ) ;
#400 = VECTOR ( 'NONE', #1862, 1000.000000000000114 ) ;
#401 = CARTESIAN_POINT ( 'NONE',  ( -1.250000000000000000, 1.062499999999999556, 0.7216878364870316087 ) ) ;
#402 = LINE ( 'NONE', #3026, #148 ) ;
#403 = VERTEX_POINT ( 'NONE', #1074 ) ;
#404 = AXIS2_PLACEMENT_3D ( 'NONE', #2087, #346, #2819 ) ;
#405 = CARTESIAN_POINT ( 'NONE',  ( -0.5032151781249998290, -0.5968750006145170373, -0.8715942556523227358 ) ) ;
#406 = CARTESIAN_POINT ( 'NONE',  ( -1.006430356250000102, 3.453124999385482674, 0.5810628371015480464 ) ) ;
#407 = CARTESIAN_POINT ( 'NONE',  ( -6.565550782020048959E-15, 3.106249998770965970, -1.249999999999999556 ) ) ;
#408 = CARTESIAN_POINT ( 'NONE',  ( 1.006430356249999658, 4.240624999385482319, -0.5810628371015482685 ) ) ;
#409 = CARTESIAN_POINT ( 'NONE',  ( -1.249999999999999778, 1.887499999999999956, -0.7216878364870323859 ) ) ;
#410 = CARTESIAN_POINT ( 'NONE',  ( 0.5357142857142860315, 5.685714285714286831, 0.3092947870658713239 ) ) ;
#411 = CARTESIAN_POINT ( 'NONE',  ( -1.006430356249999658, 0.6781249993854827629, -0.5810628371015486016 ) ) ;
#412 = AXIS2_PLACEMENT_3D ( 'NONE', #2175, #2713, #975 ) ;
#413 = EDGE_CURVE ( 'NONE', #682, #201, #71, .T. ) ;
#414 = CARTESIAN_POINT ( 'NONE',  ( 0.000000000000000000, 0.2600000000000000089, 1.260000000000000009 ) ) ;
#415 = DIRECTION ( 'NONE',  ( 0.000000000000000000, 0.000000000000000000, -1.000000000000000000 ) ) ;
#416 = CARTESIAN_POINT ( 'NONE',  ( 1.250000000000000000, 2.637499999999999734, -0.7216878364870319418 ) ) ;
#417 = CARTESIAN_POINT ( 'NONE',  ( 1.743066579297358255E-16, 3.556249998770964815, -1.249999999999999556 ) ) ;
#418 = CARTESIAN_POINT ( 'NONE',  ( -1.249999999999999778, 3.274999999999999467, -1.530808498934191324E-16 ) ) ;
#419 = CARTESIAN_POINT ( 'NONE',  ( 0.01038155922434639590, 4.450000000000024158, -1.243798386615496465 ) ) ;
#420 = EDGE_CURVE ( 'NONE', #1419, #1537, #2861, .T. ) ;
#421 = ORIENTED_EDGE ( 'NONE', *, *, #2213, .T. ) ;
#422 = CARTESIAN_POINT ( 'NONE',  ( -2.134790230679673516E-16, 0.04062499938548285588, 1.162125674203096759 ) ) ;
#423 = CARTESIAN_POINT ( 'NONE',  ( 7.115967435598912132E-17, 3.303124999385482319, -1.162125674203096759 ) ) ;
#424 = CARTESIAN_POINT ( 'NONE',  ( 0.000000000000000000, 4.450000000000000178, -1.249999999999999778 ) ) ;
#425 = CARTESIAN_POINT ( 'NONE',  ( 1.249999999999999778, 2.149999999999999467, 0.000000000000000000 ) ) ;
#426 = DIRECTION ( 'NONE',  ( 0.000000000000000000, 0.000000000000000000, -1.000000000000000000 ) ) ;
#427 = DIRECTION ( 'NONE',  ( 0.4999999999999998890, 0.000000000000000000, -0.8660254037844387076 ) ) ;
#428 = CYLINDRICAL_SURFACE ( 'NONE', #822, 1.249999999999999778 ) ;
#429 = CARTESIAN_POINT ( 'NONE',  ( -0.5032151781250003841, 4.840624999385481964, 0.8715942556523225138 ) ) ;
#430 = CARTESIAN_POINT ( 'NONE',  ( -1.250000000000000000, 1.962499999999999911, 0.7216878364870316087 ) ) ;
#431 = FACE_OUTER_BOUND ( 'NONE', #747, .T. ) ;
#432 = CARTESIAN_POINT ( 'NONE',  ( -0.5032151781249997180, -0.1468750006145171094, -0.8715942556523225138 ) ) ;
#433 = ORIENTED_EDGE ( 'NONE', *, *, #1409, .F. ) ;
#434 = CARTESIAN_POINT ( 'NONE',  ( 7.115967435598910900E-17, 0.2656249993854829516, -1.162125674203096759 ) ) ;
#435 = CARTESIAN_POINT ( 'NONE',  ( -0.5032151781249998290, 4.240624999385482319, -0.8715942556523227358 ) ) ;
#436 = CARTESIAN_POINT ( 'NONE',  ( 0.1386585095788777644, 0.2473663724343577730, 1.241622830376826636 ) ) ;
#437 = CARTESIAN_POINT ( 'NONE',  ( 1.006430356249999436, 3.265624999385482230, 0.5810628371015487126 ) ) ;
#438 = CARTESIAN_POINT ( 'NONE',  ( 0.6249999999999990008, 3.424999999999999378, 1.082531754730548634 ) ) ;
#439 = CARTESIAN_POINT ( 'NONE',  ( 0.000000000000000000, 5.899999999999999467, 0.000000000000000000 ) ) ;
#440 = AXIS2_PLACEMENT_3D ( 'NONE', #699, #2916, #736 ) ;
#441 = CARTESIAN_POINT ( 'NONE',  ( 2.817957636530729931E-15, 2.431249998770966148, 1.249999999999999778 ) ) ;
#442 = CARTESIAN_POINT ( 'NONE',  ( 0.5032151781249993849, 5.478124999385482141, 0.8715942556523230689 ) ) ;
#443 = CARTESIAN_POINT ( 'NONE',  ( -0.4588603583024440935, 0.006430356250002346001, 0.8957394897848675042 ) ) ;
#444 =( BOUNDED_CURVE ( )  B_SPLINE_CURVE ( 2, ( #2726, #304, #1018, #338, #1782, #1770, #1544, #842, #1533 ),
 .UNSPECIFIED., .F., .F. ) 
 B_SPLINE_CURVE_WITH_KNOTS ( ( 3, 2, 2, 2, 3 ),
 ( 0.1850733028514134904, 0.1888888888888888840, 0.2000000000000000111, 0.2111111111111111105, 0.2166666666666666741 ),
 .UNSPECIFIED. ) 
 CURVE ( )  GEOMETRIC_REPRESENTATION_ITEM ( )  RATIONAL_B_SPLINE_CURVE ( ( 0.9395835397632996688, 0.9539927561173149329, 1.000000000000000000, 0.8660254037844387076, 1.000000000000000000, 0.8660254037844387076, 1.000000000000000000, 0.9330127018922191873, 0.9330127018922194093 ) ) 
 REPRESENTATION_ITEM ( '' )  );
#445 = EDGE_CURVE ( 'NONE', #4, #790, #642, .T. ) ;
#446 = VERTEX_POINT ( 'NONE', #1611 ) ;
#447 = CARTESIAN_POINT ( 'NONE',  ( -1.006430356249999880, 3.978124999385481697, -1.232521714346292805E-16 ) ) ;
#448 = CARTESIAN_POINT ( 'NONE',  ( -1.249999999999999556, 0.9312499987709657034, -0.7216878364870324969 ) ) ;
#449 = CARTESIAN_POINT ( 'NONE',  ( 0.5032151781249992739, 0.9781249993854826963, 0.8715942556523228468 ) ) ;
#450 = ORIENTED_EDGE ( 'NONE', *, *, #1991, .F. ) ;
#451 = CARTESIAN_POINT ( 'NONE',  ( 1.006430356249999658, 2.365624999385482763, 0.5810628371015489346 ) ) ;
#452 = CARTESIAN_POINT ( 'NONE',  ( 1.191095495853194869E-15, 1.081249998770965837, 1.249999999999999778 ) ) ;
#453 = AXIS2_PLACEMENT_3D ( 'NONE', #660, #2601, #415 ) ;
#454 = CARTESIAN_POINT ( 'NONE',  ( -0.5032151781249998290, -0.7093750006145170817, -0.8715942556523227358 ) ) ;
#455 = CARTESIAN_POINT ( 'NONE',  ( 1.249999999999999556, 5.262499999999999289, 0.7216878364870328300 ) ) ;
#456 = VERTEX_POINT ( 'NONE', #2368 ) ;
#457 = LINE ( 'NONE', #410, #2497 ) ;
#458 = DIRECTION ( 'NONE',  ( 0.000000000000000000, 0.000000000000000000, 1.000000000000000000 ) ) ;
#459 = CARTESIAN_POINT ( 'NONE',  ( -1.006430356249999880, 3.415624999385482141, -1.232521714346292805E-16 ) ) ;
#460 = DIRECTION ( 'NONE',  ( 0.000000000000000000, 0.000000000000000000, 1.000000000000000000 ) ) ;
#461 = EDGE_CURVE ( 'NONE', #1315, #4, #20, .T. ) ;
#462 = CARTESIAN_POINT ( 'NONE',  ( -3.295775504228300077E-16, 5.900000000000000355, 0.8660254037844385966 ) ) ;
#463 = CARTESIAN_POINT ( 'NONE',  ( 1.006430356249999880, 2.778124999385482408, -0.5810628371015482685 ) ) ;
#464 = CARTESIAN_POINT ( 'NONE',  ( 0.1890069505748916134, 0.1175278063960639857, 1.105376438505056624 ) ) ;
#465 = CARTESIAN_POINT ( 'NONE',  ( 1.249999999999999778, 2.600000000000000089, 0.000000000000000000 ) ) ;
#466 = CYLINDRICAL_SURFACE ( 'NONE', #103, 1.249999999999999778 ) ;
#467 = CARTESIAN_POINT ( 'NONE',  ( -0.5357142857142825898, 4.985714285714284877, 0.3092947870658722120 ) ) ;
#468 = CARTESIAN_POINT ( 'NONE',  ( 1.006430356249999658, 0.1531249993854829350, 0.000000000000000000 ) ) ;
#469 = ORIENTED_EDGE ( 'NONE', *, *, #999, .F. ) ;
#470 = EDGE_CURVE ( 'NONE', #1741, #2937, #97, .T. ) ;
#471 = CARTESIAN_POINT ( 'NONE',  ( -0.5032151781250003841, 1.353124999385482807, 0.8715942556523225138 ) ) ;
#472 = CARTESIAN_POINT ( 'NONE',  ( -0.6499999999999986899, 5.099999999999999645, 2.034384352456562303E-15 ) ) ;
#473 = CARTESIAN_POINT ( 'NONE',  ( 0.7499999999999996669, 5.200000000000000178, 0.4330127018922195758 ) ) ;
#474 = CARTESIAN_POINT ( 'NONE',  ( 0.5032151781250000511, -0.3343750006145170262, -0.8715942556523226248 ) ) ;
#475 = ORIENTED_EDGE ( 'NONE', *, *, #3138, .F. ) ;
#476 = CARTESIAN_POINT ( 'NONE',  ( -0.6250000000000004441, 1.493749998770965703, 1.082531754730547968 ) ) ;
#477 = CARTESIAN_POINT ( 'NONE',  ( -0.5032151781249998290, 2.440624999385482496, -0.8715942556523227358 ) ) ;
#478 = CARTESIAN_POINT ( 'NONE',  ( 0.000000000000000000, 4.450000000000000178, 0.000000000000000000 ) ) ;
#479 = CARTESIAN_POINT ( 'NONE',  ( -0.5032151781249998290, 3.340624999385482852, -0.8715942556523227358 ) ) ;
#480 = ADVANCED_BREP_SHAPE_REPRESENTATION ( 'Screw_ISO_10642_M2x6_A2', ( #1221, #1552 ), #1707 ) ;
#481 = CARTESIAN_POINT ( 'NONE',  ( -0.5032151781250003841, 5.403124999385481964, 0.8715942556523225138 ) ) ;
#482 = ORIENTED_EDGE ( 'NONE', *, *, #2085, .T. ) ;
#483 = CARTESIAN_POINT ( 'NONE',  ( -0.3349364905389037306, 3.761153809338630971, 1.249999999999999556 ) ) ;
#484 = CARTESIAN_POINT ( 'NONE',  ( -0.5032151781250002731, 1.353124999385482807, 0.8715942556523222917 ) ) ;
#485 = CARTESIAN_POINT ( 'NONE',  ( 0.5032151781250000511, 1.128124999385482941, -0.8715942556523226248 ) ) ;
#486 = CARTESIAN_POINT ( 'NONE',  ( 0.5032151781249993849, 0.9781249993854826963, 0.8715942556523230689 ) ) ;
#487 = CARTESIAN_POINT ( 'NONE',  ( 0.000000000000000000, 4.549999999999999822, 0.000000000000000000 ) ) ;
#488 = CARTESIAN_POINT ( 'NONE',  ( 1.006430356249999880, -0.3718750006145170039, -0.5810628371015482685 ) ) ;
#489 = ORIENTED_EDGE ( 'NONE', *, *, #944, .T. ) ;
#490 = ORIENTED_EDGE ( 'NONE', *, *, #2869, .F. ) ;
#491 = CARTESIAN_POINT ( 'NONE',  ( -2.651438096812266917E-16, 0.6312499987709656590, 1.443375672974064106 ) ) ;
#492 = CARTESIAN_POINT ( 'NONE',  ( 0.5032151781250000511, 2.365624999385482763, -0.8715942556523226248 ) ) ;
#493 = CARTESIAN_POINT ( 'NONE',  ( -0.5032151781250003841, 0.7906249993854828073, 0.8715942556523225138 ) ) ;
#494 = CARTESIAN_POINT ( 'NONE',  ( 0.5032151781250000511, 4.615624999385483207, -0.8715942556523226248 ) ) ;
#495 = CARTESIAN_POINT ( 'NONE',  ( 0.000000000000000000, 4.450000000000000178, 0.000000000000000000 ) ) ;
#496 = CARTESIAN_POINT ( 'NONE',  ( 0.3349364905389057845, 2.957596189432333933, 1.249999999999997780 ) ) ;
#497 = ORIENTED_EDGE ( 'NONE', *, *, #3041, .F. ) ;
#498 = CARTESIAN_POINT ( 'NONE',  ( -0.6250000000000004441, 1.943749998770965437, 1.082531754730547968 ) ) ;
#499 = CARTESIAN_POINT ( 'NONE',  ( 1.006430356249999436, 1.015624999385482674, 0.5810628371015487126 ) ) ;
#500 = EDGE_CURVE ( 'NONE', #446, #1343, #887, .T. ) ;
#501 = CARTESIAN_POINT ( 'NONE',  ( 1.006430356249999658, 1.015624999385482674, 0.5810628371015489346 ) ) ;
#502 = CARTESIAN_POINT ( 'NONE',  ( 1.006430356249999658, 0.1156249993854828462, 0.5810628371015489346 ) ) ;
#503 = CARTESIAN_POINT ( 'NONE',  ( 0.5032151781249993849, -0.4843750006145170484, 0.8715942556523230689 ) ) ;
#504 = ORIENTED_EDGE ( 'NONE', *, *, #1046, .F. ) ;
#505 = VECTOR ( 'NONE', #2352, 1000.000000000000000 ) ;
#506 = AXIS2_PLACEMENT_3D ( 'NONE', #2562, #847, #1598 ) ;
#507 = CARTESIAN_POINT ( 'NONE',  ( -0.6249999999999995559, 1.793749998770965526, -1.082531754730548412 ) ) ;
#508 = CARTESIAN_POINT ( 'NONE',  ( -1.006430356249999658, 0.6781249993854826519, -0.5810628371015487126 ) ) ;
#509 = CARTESIAN_POINT ( 'NONE',  ( -0.5032151781250003841, 4.840624999385481964, 0.8715942556523225138 ) ) ;
#510 = CARTESIAN_POINT ( 'NONE',  ( -1.249999999999999778, 2.318749998770965437, -1.530808498934191324E-16 ) ) ;
#511 = VECTOR ( 'NONE', #315, 1000.000000000000000 ) ;
#512 = VECTOR ( 'NONE', #956, 1000.000000000000000 ) ;
#513 = EDGE_CURVE ( 'NONE', #722, #2239, #1020, .T. ) ;
#514 = CARTESIAN_POINT ( 'NONE',  ( 1.249999999999999334, 2.112499999999999822, 0.7216878364870328300 ) ) ;
#515 = AXIS2_PLACEMENT_3D ( 'NONE', #2125, #899, #3086 ) ;
#516 = ORIENTED_EDGE ( 'NONE', *, *, #746, .T. ) ;
#517 = CARTESIAN_POINT ( 'NONE',  ( 1.249999999999999778, 4.399999999999999467, 0.000000000000000000 ) ) ;
#518 = CARTESIAN_POINT ( 'NONE',  ( 0.6250000000000000000, 4.474999999999999645, -1.082531754730548190 ) ) ;
#519 = B_SPLINE_CURVE_WITH_KNOTS ( 'NONE', 3,
 ( #276, #2934, #741, #756, #57, #785 ),
 .UNSPECIFIED., .F., .F.,
 ( 4, 2, 4 ),
 ( 0.001100701626275523565, 0.001339542503373104257, 0.001578383380470684948 ),
 .UNSPECIFIED. ) ;
#520 = CARTESIAN_POINT ( 'NONE',  ( -1.006430356249999658, 1.240624999385482763, -0.5810628371015486016 ) ) ;
#521 = FACE_OUTER_BOUND ( 'NONE', #1257, .T. ) ;
#522 = CARTESIAN_POINT ( 'NONE',  ( 1.006430356249999880, -0.8218750006145170151, -0.5810628371015482685 ) ) ;
#523 = VERTEX_POINT ( 'NONE', #645 ) ;
#524 = CARTESIAN_POINT ( 'NONE',  ( 1.250000000000000000, 1.231249998770965970, -0.7216878364870319418 ) ) ;
#525 = CARTESIAN_POINT ( 'NONE',  ( 0.3349364905389033975, 0.8924038105676657118, -1.249999999999999556 ) ) ;
#526 = CARTESIAN_POINT ( 'NONE',  ( 1.006430356249999658, 5.403124999385481964, 0.5810628371015489346 ) ) ;
#527 = CARTESIAN_POINT ( 'NONE',  ( -1.249999999999999778, 0.08749999999999992506, -0.7216878364870323859 ) ) ;
#528 = CARTESIAN_POINT ( 'NONE',  ( 0.3349364905389033975, 4.042403810567664735, -1.249999999999999556 ) ) ;
#529 = CARTESIAN_POINT ( 'NONE',  ( -0.3349364905389030089, 0.6674038105676656230, 1.249999999999999778 ) ) ;
#530 = CARTESIAN_POINT ( 'NONE',  ( 1.006430356249999658, 3.603124999385482585, 0.5810628371015489346 ) ) ;
#531 = EDGE_LOOP ( 'NONE', ( #2605, #2882, #2781, #2662, #82, #1041 ) ) ;
#532 = CARTESIAN_POINT ( 'NONE',  ( 1.249999999999999556, 4.812499999999999112, 0.7216878364870328300 ) ) ;
#533 = CARTESIAN_POINT ( 'NONE',  ( 7.115967435598910900E-17, 3.865624999385482763, -1.162125674203096759 ) ) ;
#534 = DIRECTION ( 'NONE',  ( 0.000000000000000000, 1.000000000000000000, 0.000000000000000000 ) ) ;
#535 = CARTESIAN_POINT ( 'NONE',  ( -1.006430356250000324, 2.553124999385482763, 0.5810628371015480464 ) ) ;
#536 = CARTESIAN_POINT ( 'NONE',  ( 1.249999999999999778, 0.7437499987709657034, 0.000000000000000000 ) ) ;
#537 = CARTESIAN_POINT ( 'NONE',  ( 1.006430356249999880, 0.5281249993854828517, -0.5810628371015482685 ) ) ;
#538 = ORIENTED_EDGE ( 'NONE', *, *, #2369, .T. ) ;
#539 = CARTESIAN_POINT ( 'NONE',  ( -0.6249999999999995559, -0.8500000000000000888, -1.082531754730548412 ) ) ;
#540 = CARTESIAN_POINT ( 'NONE',  ( -3.137519842735245599E-15, 1.756249998770965437, -1.249999999999999778 ) ) ;
#541 = CARTESIAN_POINT ( 'NONE',  ( -0.7499999999999980016, 5.200000000000000178, 0.4330127018922224624 ) ) ;
#542 = ORIENTED_EDGE ( 'NONE', *, *, #1939, .T. ) ;
#543 = CARTESIAN_POINT ( 'NONE',  ( 0.5032151781249992739, 2.778124999385482408, 0.8715942556523228468 ) ) ;
#544 = DIRECTION ( 'NONE',  ( 0.8660254037844385966, 0.000000000000000000, 0.5000000000000001110 ) ) ;
#545 = CARTESIAN_POINT ( 'NONE',  ( 1.249999999999999556, 3.912499999999999645, 0.7216878364870328300 ) ) ;
#546 = CARTESIAN_POINT ( 'NONE',  ( -0.5032151781250003841, 4.953124999385481786, 0.8715942556523225138 ) ) ;
#547 = CARTESIAN_POINT ( 'NONE',  ( -2.134790230679673516E-16, 3.190624999385482941, 1.162125674203096759 ) ) ;
#548 = CARTESIAN_POINT ( 'NONE',  ( 1.133810059010816662, 4.450000000000001954, -0.4636077783224815674 ) ) ;
#549 = CARTESIAN_POINT ( 'NONE',  ( -1.006430356250000324, 1.653124999385482852, 0.5810628371015480464 ) ) ;
#550 = CARTESIAN_POINT ( 'NONE',  ( 8.838126989374222236E-17, 4.006249998770964993, -1.443375672974064106 ) ) ;
#551 = CARTESIAN_POINT ( 'NONE',  ( 7.115967435598912132E-17, 1.503124999385482496, -1.162125674203096759 ) ) ;
#552 = ORIENTED_EDGE ( 'NONE', *, *, #127, .F. ) ;
#553 = CARTESIAN_POINT ( 'NONE',  ( 0.6249999999999990008, 0.2749999999999998557, 1.082531754730548634 ) ) ;
#554 = VECTOR ( 'NONE', #3040, 1000.000000000000227 ) ;
#555 = FACE_OUTER_BOUND ( 'NONE', #2901, .T. ) ;
#556 = CARTESIAN_POINT ( 'NONE',  ( 1.006430356249999658, 0.003124999385482863344, 0.5810628371015489346 ) ) ;
#557 = LINE ( 'NONE', #2219, #1395 ) ;
#558 = ADVANCED_FACE ( 'NONE', ( #2586 ), #3072, .T. ) ;
#559 = AXIS2_PLACEMENT_3D ( 'NONE', #18, #2245, #2283 ) ;
#560 = CARTESIAN_POINT ( 'NONE',  ( 0.5032151781250000511, 3.715624999385482408, -0.8715942556523226248 ) ) ;
#561 = ORIENTED_EDGE ( 'NONE', *, *, #2750, .T. ) ;
#562 = AXIS2_PLACEMENT_3D ( 'NONE', #2849, #2362, #1652 ) ;
#563 = CARTESIAN_POINT ( 'NONE',  ( -0.5032151781249997180, 2.553124999385482763, -0.8715942556523225138 ) ) ;
#564 = DIRECTION ( 'NONE',  ( -0.000000000000000000, -1.000000000000000000, -0.000000000000000000 ) ) ;
#565 = CARTESIAN_POINT ( 'NONE',  ( 1.006430356249999658, 4.615624999385482319, 0.5810628371015489346 ) ) ;
#566 = CARTESIAN_POINT ( 'NONE',  ( 7.115967435598912132E-17, 2.065624999385482496, -1.162125674203096759 ) ) ;
#567 = CARTESIAN_POINT ( 'NONE',  ( 2.963213184805508812E-15, 0.006430356250002243652, 1.006430356249999658 ) ) ;
#568 = CARTESIAN_POINT ( 'NONE',  ( 0.5032151781249993849, 0.8656249993854827629, 0.8715942556523230689 ) ) ;
#569 = EDGE_LOOP ( 'NONE', ( #1279, #806, #538, #1927 ) ) ;
#570 = CARTESIAN_POINT ( 'NONE',  ( 1.249999999999999556, 2.506249998770965881, 0.7216878364870328300 ) ) ;
#571 = CARTESIAN_POINT ( 'NONE',  ( 0.5032151781249993849, 2.665624999385482585, 0.8715942556523230689 ) ) ;
#572 = ORIENTED_EDGE ( 'NONE', *, *, #266, .T. ) ;
#573 = CARTESIAN_POINT ( 'NONE',  ( 1.249999999999999778, 2.093749998770965348, 0.000000000000000000 ) ) ;
#574 = CARTESIAN_POINT ( 'NONE',  ( -1.249999999999999778, 0.1249999999999998890, -1.530808498934191324E-16 ) ) ;
#575 = CARTESIAN_POINT ( 'NONE',  ( -1.169610807215129888, 0.1783088107817218382, 0.2104309924298081447 ) ) ;
#576 = CARTESIAN_POINT ( 'NONE',  ( 1.249999999999999778, 1.699999999999999734, 0.000000000000000000 ) ) ;
#577 = ORIENTED_EDGE ( 'NONE', *, *, #89, .F. ) ;
#578 = CARTESIAN_POINT ( 'NONE',  ( 0.3349364905389033975, 2.636153809338630971, -1.249999999999999556 ) ) ;
#579 = CARTESIAN_POINT ( 'NONE',  ( 1.006430356249999880, 2.853124999385482585, 0.000000000000000000 ) ) ;
#580 = DIRECTION ( 'NONE',  ( 0.000000000000000000, 0.000000000000000000, 1.000000000000000000 ) ) ;
#581 = CARTESIAN_POINT ( 'NONE',  ( -1.006430356249999880, 2.065624999385482496, -1.232521714346292805E-16 ) ) ;
#582 = CARTESIAN_POINT ( 'NONE',  ( 1.249999999999999778, 2.993749998770965703, 0.000000000000000000 ) ) ;
#583 = CARTESIAN_POINT ( 'NONE',  ( 0.5032151781250000511, 1.015624999385482896, -0.8715942556523226248 ) ) ;
#584 = ORIENTED_EDGE ( 'NONE', *, *, #2770, .T. ) ;
#585 = FACE_OUTER_BOUND ( 'NONE', #2975, .T. ) ;
#586 = CARTESIAN_POINT ( 'NONE',  ( 1.249999999999999556, -0.1375000000000001499, 0.7216878364870328300 ) ) ;
#587 = CARTESIAN_POINT ( 'NONE',  ( -1.006430356249999880, -0.1843750006145170872, -1.232521714346292805E-16 ) ) ;
#588 = CARTESIAN_POINT ( 'NONE',  ( 3.097486072159572782E-16, 5.829289321881343966, -2.529289321881348584 ) ) ;
#589 = CARTESIAN_POINT ( 'NONE',  ( -1.006430356249999658, 3.490624999385482763, -0.5810628371015484905 ) ) ;
#590 =( BOUNDED_CURVE ( )  B_SPLINE_CURVE ( 2, ( #1699, #2164, #1199, #223, #1439, #3079, #1651, #2611, #1669 ),
 .UNSPECIFIED., .F., .F. ) 
 B_SPLINE_CURVE_WITH_KNOTS ( ( 3, 2, 2, 2, 3 ),
 ( 0.1833333333333333481, 0.1888888888888888840, 0.2000000000000000111, 0.2111111111111111105, 0.2166666666666666741 ),
 .UNSPECIFIED. ) 
 CURVE ( )  GEOMETRIC_REPRESENTATION_ITEM ( )  RATIONAL_B_SPLINE_CURVE ( ( 0.9330127018922194093, 0.9330127018922195203, 1.000000000000000000, 0.8660254037844387076, 1.000000000000000000, 0.8660254037844387076, 1.000000000000000000, 0.9330127018922191873, 0.9330127018922194093 ) ) 
 REPRESENTATION_ITEM ( '' )  );
#591 = ORIENTED_EDGE ( 'NONE', *, *, #40, .F. ) ;
#592 = DIRECTION ( 'NONE',  ( -0.000000000000000000, -1.000000000000000000, -0.000000000000000000 ) ) ;
#593 = LINE ( 'NONE', #2541, #400 ) ;
#594 = CARTESIAN_POINT ( 'NONE',  ( 0.5032151781249993849, 3.228124999385482141, 0.8715942556523230689 ) ) ;
#595 = CARTESIAN_POINT ( 'NONE',  ( 6.245988575815533685E-15, 2.937500000000000444, 1.249999999999999778 ) ) ;
#596 = ADVANCED_FACE ( 'NONE', ( #1139 ), #677, .T. ) ;
#597 = CARTESIAN_POINT ( 'NONE',  ( -2.134790230679673516E-16, 1.728124999385482807, 1.162125674203096759 ) ) ;
#598 = CARTESIAN_POINT ( 'NONE',  ( -2.651438096812266917E-16, 2.431249998770965703, 1.443375672974064106 ) ) ;
#599 = CARTESIAN_POINT ( 'NONE',  ( -0.5032151781250003841, 2.590624999385482408, 0.8715942556523225138 ) ) ;
#600 = CARTESIAN_POINT ( 'NONE',  ( -0.3349364905389030644, 3.182596189432333578, -1.249999999999999778 ) ) ;
#601 = CARTESIAN_POINT ( 'NONE',  ( -0.6250000000000004441, 2.449999999999999289, 1.082531754730547968 ) ) ;
#602 = EDGE_CURVE ( 'NONE', #790, #357, #1238, .T. ) ;
#603 = CARTESIAN_POINT ( 'NONE',  ( 0.6249999999999990008, 1.624999999999999778, 1.082531754730548634 ) ) ;
#604 = AXIS2_PLACEMENT_3D ( 'NONE', #1904, #358, #1566 ) ;
#605 = EDGE_LOOP ( 'NONE', ( #113, #2926, #1786, #2875 ) ) ;
#606 = EDGE_CURVE ( 'NONE', #2815, #1509, #402, .T. ) ;
#607 = VECTOR ( 'NONE', #3029, 1000.000000000000114 ) ;
#608 = TOROIDAL_SURFACE ( 'NONE', #1248, 1.449999999999999956, 0.2000000000000000111 ) ;
#609 =( BOUNDED_CURVE ( )  B_SPLINE_CURVE ( 2, ( #252, #1253, #2486, #2241, #1043, #1232, #1744, #1472, #2216, #1300, #42, #1773, #2196, #2731, #290, #537, #2687, #980, #2702, #508, #268, #1536, #493, #1489, #2449, #1835, #877, #2293, #583, #75, #91, #616, #2988, #1867, #814, #2276, #1615, #1314, #327, #2339, #2327, #551, #308, #120, #3017, #2780, #1549, #1342, #2814, #1078, #1061, #830, #2098, #2799, #2560, #2039, #2310, #377, #1595, #341, #1367, #3028, #1849, #3046, #2071, #2506, #1805, #136, #1109, #1123, #599, #2764, #571, #2056, #1328, #3004, #2549, #845, #857, #106, #356, #2082, #1564, #1353, #1580, #1820, #2518, #2532, #1097, #423, #1693, #3123, #2115, #406, #1156, #955, #630, #2574, #1433, #2146, #1889, #218, #649, #1195, #1631, #2874, #3075, #1143, #902, #1385, #3108, #1908, #890, #1646, #435, #2590, #938, #1923, #2856, #1174, #2387 ),
 .UNSPECIFIED., .F., .T. ) 
 B_SPLINE_CURVE_WITH_KNOTS ( ( 3, 2, 2, 2, 2, 2, 2, 2, 2, 2, 2, 2, 2, 2, 2, 2, 2, 2, 2, 2, 2, 2, 2, 2, 2, 2, 2, 2, 2, 2, 2, 2, 2, 2, 2, 2, 2, 2, 2, 2, 2, 2, 2, 2, 2, 2, 2, 2, 2, 2, 2, 2, 2, 2, 2, 2, 2, 2, 2, 2, 3 ),
 ( 0.1282348798328476203, 0.1333333333333333315, 0.1444444444444444309, 0.1555555555555555580, 0.1666666666666666574, 0.1777777777777777846, 0.1888888888888888840, 0.2000000000000000111, 0.2111111111111111105, 0.2222222222222222099, 0.2333333333333333370, 0.2444444444444444087, 0.2555555555555555358, 0.2666666666666666630, 0.2777777777777777901, 0.2888888888888888618, 0.2999999999999999889, 0.3111111111111111160, 0.3222222222222222432, 0.3333333333333333148, 0.3444444444444444420, 0.3555555555555555691, 0.3666666666666666408, 0.3777777777777777679, 0.3888888888888889506, 0.4000000000000000222, 0.4111111111111110938, 0.4222222222222222765, 0.4333333333333333481, 0.4444444444444444198, 0.4555555555555556024, 0.4666666666666666741, 0.4777777777777778567, 0.4888888888888889284, 0.5000000000000000000, 0.5111111111111110716, 0.5222222222222222543, 0.5333333333333333259, 0.5444444444444443976, 0.5555555555555555802, 0.5666666666666666519, 0.5777777777777777235, 0.5888888888888889062, 0.5999999999999999778, 0.6111111111111111605, 0.6222222222222221211, 0.6333333333333333037, 0.6444444444444444864, 0.6555555555555555580, 0.6666666666666666297, 0.6777777777777778123, 0.6888888888888888840, 0.6999999999999999556, 0.7111111111111111382, 0.7222222222222222099, 0.7333333333333332815, 0.7444444444444444642, 0.7555555555555555358, 0.7666666666666667185, 0.7777777777777777901, 0.7864241806816605340 ),
 .UNSPECIFIED. ) 
 CURVE ( )  GEOMETRIC_REPRESENTATION_ITEM ( )  RATIONAL_B_SPLINE_CURVE ( ( 0.9334661878242531685, 0.9385243075853750838, 1.000000000000000000, 0.8660254037844387076, 1.000000000000000000, 0.8660254037844387076, 1.000000000000000000, 0.8660254037844387076, 1.000000000000000000, 0.8660254037844387076, 1.000000000000000000, 0.8660254037844387076, 1.000000000000000000, 0.8660254037844387076, 1.000000000000000000, 0.8660254037844387076, 1.000000000000000000, 0.8660254037844387076, 1.000000000000000000, 0.8660254037844387076, 1.000000000000000000, 0.8660254037844387076, 1.000000000000000000, 0.8660254037844387076, 1.000000000000000000, 0.8660254037844387076, 1.000000000000000000, 0.8660254037844387076, 1.000000000000000000, 0.8660254037844387076, 1.000000000000000000, 0.8660254037844387076, 1.000000000000000000, 0.8660254037844387076, 1.000000000000000000, 0.8660254037844387076, 1.000000000000000000, 0.8660254037844387076, 1.000000000000000000, 0.8660254037844387076, 1.000000000000000000, 0.8660254037844387076, 1.000000000000000000, 0.8660254037844387076, 1.000000000000000000, 0.8660254037844387076, 1.000000000000000000, 0.8660254037844387076, 1.000000000000000000, 0.8660254037844387076, 1.000000000000000000, 0.8660254037844387076, 1.000000000000000000, 0.8660254037844387076, 1.000000000000000000, 0.8660254037844387076, 1.000000000000000000, 0.8660254037844387076, 1.000000000000000000, 0.8660254037844387076, 1.000000000000000000, 0.8660254037844387076, 1.000000000000000000, 0.8660254037844387076, 1.000000000000000000, 0.8660254037844387076, 1.000000000000000000, 0.8660254037844387076, 1.000000000000000000, 0.8660254037844387076, 1.000000000000000000, 0.8660254037844387076, 1.000000000000000000, 0.8660254037844387076, 1.000000000000000000, 0.8660254037844387076, 1.000000000000000000, 0.8660254037844387076, 1.000000000000000000, 0.8660254037844387076, 1.000000000000000000, 0.8660254037844387076, 1.000000000000000000, 0.8660254037844387076, 1.000000000000000000, 0.8660254037844387076, 1.000000000000000000, 0.8660254037844387076, 1.000000000000000000, 0.8660254037844387076, 1.000000000000000000, 0.8660254037844387076, 1.000000000000000000, 0.8660254037844387076, 1.000000000000000000, 0.8660254037844387076, 1.000000000000000000, 0.8660254037844387076, 1.000000000000000000, 0.8660254037844387076, 1.000000000000000000, 0.8660254037844387076, 1.000000000000000000, 0.8660254037844387076, 1.000000000000000000, 0.8660254037844387076, 1.000000000000000000, 0.8660254037844387076, 1.000000000000000000, 0.8660254037844387076, 1.000000000000000000, 0.8660254037844387076, 1.000000000000000000, 0.8660254037844387076, 1.000000000000000000, 0.8660254037844387076, 1.000000000000000000, 0.8660254037844387076, 1.000000000000000000, 0.8957441496011723236, 0.9537471549766791679 ) ) 
 REPRESENTATION_ITEM ( '' )  );
#610 = CIRCLE ( 'NONE', #723, 2.458578643762694416 ) ;
#611 = EDGE_LOOP ( 'NONE', ( #1902, #852, #2948, #2440 ) ) ;
#612 = CARTESIAN_POINT ( 'NONE',  ( 1.006430356249999658, 1.915624999385482807, 0.5810628371015489346 ) ) ;
#613 = CARTESIAN_POINT ( 'NONE',  ( -1.024865259472637735, 4.450000000000002842, -0.4199869219128407050 ) ) ;
#614 = CARTESIAN_POINT ( 'NONE',  ( 0.5032151781250000511, 2.815624999385482941, -0.8715942556523226248 ) ) ;
#615 = CARTESIAN_POINT ( 'NONE',  ( 1.249999999999999556, 2.956249998770965615, 0.7216878364870328300 ) ) ;
#616 = CARTESIAN_POINT ( 'NONE',  ( -1.006430356249999658, 1.128124999385482718, -0.5810628371015487126 ) ) ;
#617 = CARTESIAN_POINT ( 'NONE',  ( -0.6249999999999995559, 3.143749998770965615, -1.082531754730548412 ) ) ;
#618 = CYLINDRICAL_SURFACE ( 'NONE', #2494, 1.249999999999999778 ) ;
#619 = CARTESIAN_POINT ( 'NONE',  ( -1.250000000000000000, 2.862499999999999822, 0.7216878364870314977 ) ) ;
#620 = CARTESIAN_POINT ( 'NONE',  ( -1.173209635051743360, 0.1671755458349757084, -0.09867571322526386135 ) ) ;
#621 = CARTESIAN_POINT ( 'NONE',  ( -1.006430356250000324, 0.7531249993854828295, 0.5810628371015480464 ) ) ;
#622 = FACE_OUTER_BOUND ( 'NONE', #2995, .T. ) ;
#623 = CARTESIAN_POINT ( 'NONE',  ( 0.3349364905389019542, 1.342403810567665667, -1.250000000000000666 ) ) ;
#624 = VERTEX_POINT ( 'NONE', #2572 ) ;
#625 = CARTESIAN_POINT ( 'NONE',  ( -1.006430356250000324, 3.115624999385482319, 0.5810628371015480464 ) ) ;
#626 = CARTESIAN_POINT ( 'NONE',  ( -1.006430356249999658, 4.278124999385482852, -0.5810628371015486016 ) ) ;
#627 = CARTESIAN_POINT ( 'NONE',  ( -1.006430356249999658, 4.390624999385482674, -0.5810628371015487126 ) ) ;
#628 = CARTESIAN_POINT ( 'NONE',  ( -0.3497228273393882536, 4.449999999999981526, -1.153093435842227121 ) ) ;
#629 = CARTESIAN_POINT ( 'NONE',  ( -1.249999999999999778, 4.981249998770966414, -0.7216878364870323859 ) ) ;
#630 = CARTESIAN_POINT ( 'NONE',  ( 0.5032151781249993849, 3.565624999385482052, 0.8715942556523230689 ) ) ;
#631 = ORIENTED_EDGE ( 'NONE', *, *, #413, .F. ) ;
#632 = CARTESIAN_POINT ( 'NONE',  ( 8.838126989374222236E-17, 1.812499999999999778, -1.443375672974064106 ) ) ;
#633 = CARTESIAN_POINT ( 'NONE',  ( 1.006430356249999880, 0.5281249993854828517, -0.5810628371015482685 ) ) ;
#634 = LINE ( 'NONE', #1636, #2455 ) ;
#635 = EDGE_CURVE ( 'NONE', #2258, #3111, #2381, .T. ) ;
#636 = CARTESIAN_POINT ( 'NONE',  ( 0.6249999999999990008, 1.174999999999999822, 1.082531754730548634 ) ) ;
#637 = VERTEX_POINT ( 'NONE', #540 ) ;
#638 = DIRECTION ( 'NONE',  ( 0.000000000000000000, 0.000000000000000000, 1.000000000000000000 ) ) ;
#639 = CARTESIAN_POINT ( 'NONE',  ( -2.134790230679673516E-16, 3.640624999385482230, 1.162125674203096759 ) ) ;
#640 = CARTESIAN_POINT ( 'NONE',  ( 0.000000000000000000, 4.450000000000000178, 0.000000000000000000 ) ) ;
#641 = CARTESIAN_POINT ( 'NONE',  ( 1.006430356249999880, 4.540624999385482141, 0.000000000000000000 ) ) ;
#642 = B_SPLINE_CURVE_WITH_KNOTS ( 'NONE', 3,
 ( #2237, #419, #854, #1845, #628, #2112, #2838, #2126, #613, #1399, #3059, #2095 ),
 .UNSPECIFIED., .F., .F.,
 ( 4, 2, 2, 2, 2, 4 ),
 ( 3.732791016258211620E-16, 0.0002774164004178079077, 0.0005548328008352425246, 0.001109665601670111216, 0.001664498402504980233, 0.002219331203339849467 ),
 .UNSPECIFIED. ) ;
#643 = CARTESIAN_POINT ( 'NONE',  ( 1.249999999999999334, 1.156249998770965570, 0.7216878364870328300 ) ) ;
#644 = CARTESIAN_POINT ( 'NONE',  ( -3.137519842735245599E-15, 1.812500000000000000, -1.249999999999999778 ) ) ;
#645 = CARTESIAN_POINT ( 'NONE',  ( 0.000000000000000000, 6.000000000000000000, 2.458578643762694416 ) ) ;
#646 = ORIENTED_EDGE ( 'NONE', *, *, #413, .T. ) ;
#647 = ADVANCED_FACE ( 'NONE', ( #773 ), #1308, .T. ) ;
#648 = CARTESIAN_POINT ( 'NONE',  ( 0.6250000000000000000, 5.768749998770965171, -1.082531754730548190 ) ) ;
#649 = CARTESIAN_POINT ( 'NONE',  ( -0.5032151781249998290, 3.790624999385482585, -0.8715942556523227358 ) ) ;
#650 = DIRECTION ( 'NONE',  ( -0.000000000000000000, -1.000000000000000000, -0.000000000000000000 ) ) ;
#651 = CARTESIAN_POINT ( 'NONE',  ( 1.006430356249999658, 3.790624999385482585, -0.5810628371015482685 ) ) ;
#652 = CARTESIAN_POINT ( 'NONE',  ( 0.6250000000000000000, 1.774999999999999689, -1.082531754730548190 ) ) ;
#653 = DIRECTION ( 'NONE',  ( -0.8660254037844413721, 0.000000000000000000, -0.4999999999999952816 ) ) ;
#654 = CARTESIAN_POINT ( 'NONE',  ( -0.5032151781249998290, 1.540624999385482807, -0.8715942556523227358 ) ) ;
#655 = DIRECTION ( 'NONE',  ( 0.000000000000000000, 1.000000000000000000, 0.000000000000000000 ) ) ;
#656 = EDGE_CURVE ( 'NONE', #1537, #2040, #1587, .T. ) ;
#657 = ADVANCED_FACE ( 'NONE', ( #2334 ), #68, .T. ) ;
#658 = DIRECTION ( 'NONE',  ( 0.3535533905932742860, 0.7071067811865466846, -0.6123724356957953585 ) ) ;
#659 = ADVANCED_FACE ( 'NONE', ( #129 ), #2091, .F. ) ;
#660 = CARTESIAN_POINT ( 'NONE',  ( 0.000000000000000000, 4.450000000000000178, 0.000000000000000000 ) ) ;
#661 = FACE_OUTER_BOUND ( 'NONE', #953, .T. ) ;
#662 = CARTESIAN_POINT ( 'NONE',  ( 0.5032151781250000511, 4.165624999385483029, -0.8715942556523226248 ) ) ;
#663 = AXIS2_PLACEMENT_3D ( 'NONE', #495, #1491, #2451 ) ;
#664 = CARTESIAN_POINT ( 'NONE',  ( 7.115967435598909667E-17, -0.6343750006145170151, -1.162125674203096537 ) ) ;
#665 = CIRCLE ( 'NONE', #2906, 0.9999999999999974465 ) ;
#666 = EDGE_LOOP ( 'NONE', ( #837, #561, #1124, #577 ) ) ;
#667 = CARTESIAN_POINT ( 'NONE',  ( 1.250000000000000000, 5.731249998770964638, -0.7216878364870319418 ) ) ;
#668 = ORIENTED_EDGE ( 'NONE', *, *, #1529, .T. ) ;
#669 = CARTESIAN_POINT ( 'NONE',  ( -1.006430356249999658, 3.078124999385483118, -1.232521714346292558E-16 ) ) ;
#670 = CARTESIAN_POINT ( 'NONE',  ( -1.249999999999999778, 1.474999999999999645, -1.530808498934191324E-16 ) ) ;
#671 = DIRECTION ( 'NONE',  ( 1.000000000000000000, 0.000000000000000000, 0.000000000000000000 ) ) ;
#672 = CARTESIAN_POINT ( 'NONE',  ( 0.5032151781249993849, 0.8656249993854827629, 0.8715942556523230689 ) ) ;
#673 = CARTESIAN_POINT ( 'NONE',  ( -0.6249999999999995559, 4.099999999999999645, -1.082531754730548412 ) ) ;
#674 = DIRECTION ( 'NONE',  ( -0.000000000000000000, -1.000000000000000000, -0.000000000000000000 ) ) ;
#675 = PLANE ( 'NONE',  #562 ) ;
#676 = FACE_OUTER_BOUND ( 'NONE', #692, .T. ) ;
#677 =( BOUNDED_SURFACE ( )  B_SPLINE_SURFACE ( 1, 2, ( 
 ( #186, #1643, #2853, #664, #1661, #2604, #917, #1905, #352, #2894, #2205, #2881, #2428, #3120, #2912, #988, #432, #952, #1691, #2619, #232, #1447, #1431, #1189, #468, #1224, #2158, #1209, #935, #2927, #1241, #1935, #2414, #1724, #22, #695, #733, #2938, #2173, #2661, #3105, #714, #2695, #1920, #762, #2638, #449, #499, #215, #1706, #1463, #2189, #2678, #3136, #970, #200, #484, #1481, #1259, #1955, #1970, #2222, #2443, #243, #7, #750, #1739, #1496, #2459, #260, #1003, #1986, #2397, #1069, #2066, #2708, #67, #1511, #2951, #2047, #50, #1274, #1766, #1052, #1528, #2480, #284, #1793, #563, #1033, #2012, #2968, #2737, #84, #543, #1665, #2625, #1694, #1925, #3094, #2608, #1402, #669, #700, #2859, #892, #1826, #437, #1420, #2842, #836, #2789, #1435, #589, #190, #1584, #1176, #3063, #1879, #2373, #388, #651, #2400, #1158, #1648, #2642, #1910, #2592, #1387, #2354, #156, #924, #2130, #408, #172, #904, #2148, #1711, #2445, #2681, #957, #2210, #247, #38, #2419, #274, #1249, #1278, #1974, #2004, #2899, #2941, #977, #2956, #2714, #993, #2472, #766, #782, #2931, #1503, #2432, #1960, #2665, #2238, #263, #220, #752, #1757, #1771, #1019, #2227, #1740 ),
 ( #1941, #522, #2700, #2917, #454, #2176, #1990, #3125, #2463, #720, #503, #2193, #3140, #488, #474, #737, #1517, #11, #1229, #1451, #1007, #1728, #1213, #1469, #235, #26, #1263, #1485, #2324, #2018, #118, #797, #1561, #1800, #54, #1326, #2516, #1107, #1534, #2545, #325, #354, #2290, #1545, #2484, #1296, #568, #88, #2255, #1312, #1040, #3015, #1340, #72, #2502, #1818, #2080, #1783, #827, #3025, #2271, #2761, #2974, #1058, #2796, #2743, #855, #549, #305, #597, #2034, #2986, #811, #1075, #2778, #2050, #3002, #288, #581, #1578, #1351, #2530, #1095, #2727, #339, #2306, #104, #2069, #843, #1832, #1591, #535, #2096, #373, #3042, #1121, #1847, #2809, #614, #1612, #2558, #1364, #2337, #134, #2944, #2197, #2688, #1521, #3145, #961, #1745, #1455, #479, #1254, #459, #1282, #1964, #1268, #1946, #1490, #981, #1980, #30, #2650, #2922, #726, #1700, #2476, #2422, #224, #742, #2008, #2217, #2230, #1217, #2242, #43, #16, #2935, #1025, #1716, #2450, #2962, #1733, #770, #253, #494, #757, #277, #2181, #998, #2703, #509, #1473, #2717, #1507, #3131, #2905, #1233, #2669, #2436, #238, #2466, #1761, #269, #1011, #1994, #526, #1026, #108, #2259, #2508, #1316 ) ),
 .UNSPECIFIED., .F., .F., .T. ) 
 B_SPLINE_SURFACE_WITH_KNOTS ( ( 2, 2 ),
 ( 3, 2, 2, 2, 2, 2, 2, 2, 2, 2, 2, 2, 2, 2, 2, 2, 2, 2, 2, 2, 2, 2, 2, 2, 2, 2, 2, 2, 2, 2, 2, 2, 2, 2, 2, 2, 2, 2, 2, 2, 2, 2, 2, 2, 2, 2, 2, 2, 2, 2, 2, 2, 2, 2, 2, 2, 2, 2, 2, 2, 2, 2, 2, 2, 2, 2, 2, 2, 2, 2, 2, 2, 2, 2, 2, 2, 2, 2, 2, 2, 2, 2, 2, 2, 2, 2, 3 ),
 ( 0.000000000000000000, 1.000000000000000000 ),
 ( 0.000000000000000000, 0.01111111111111111154, 0.02222222222222222307, 0.03333333333333333287, 0.04444444444444444614, 0.05555555555555555247, 0.06666666666666666574, 0.07777777777777777901, 0.08888888888888889228, 0.1000000000000000056, 0.1111111111111111049, 0.1222222222222222182, 0.1333333333333333315, 0.1444444444444444309, 0.1555555555555555580, 0.1666666666666666574, 0.1777777777777777846, 0.1888888888888888840, 0.2000000000000000111, 0.2111111111111111105, 0.2222222222222222099, 0.2333333333333333370, 0.2444444444444444364, 0.2555555555555555358, 0.2666666666666666630, 0.2777777777777777901, 0.2888888888888888618, 0.2999999999999999889, 0.3111111111111111160, 0.3222222222222222432, 0.3333333333333333148, 0.3444444444444444420, 0.3555555555555555691, 0.3666666666666666408, 0.3777777777777777679, 0.3888888888888888951, 0.4000000000000000222, 0.4111111111111110938, 0.4222222222222222210, 0.4333333333333333481, 0.4444444444444444198, 0.4555555555555555469, 0.4666666666666666741, 0.4777777777777778012, 0.4888888888888888729, 0.5000000000000000000, 0.5111111111111110716, 0.5222222222222222543, 0.5333333333333333259, 0.5444444444444443976, 0.5555555555555555802, 0.5666666666666666519, 0.5777777777777777235, 0.5888888888888889062, 0.5999999999999999778, 0.6111111111111111605, 0.6222222222222222321, 0.6333333333333333037, 0.6444444444444444864, 0.6555555555555555580, 0.6666666666666666297, 0.6777777777777778123, 0.6888888888888888840, 0.6999999999999999556, 0.7111111111111111382, 0.7222222222222222099, 0.7333333333333332815, 0.7444444444444444642, 0.7555555555555555358, 0.7666666666666667185, 0.7777777777777777901, 0.7888888888888888618, 0.8000000000000000444, 0.8111111111111111160, 0.8222222222222221877, 0.8333333333333333703, 0.8444444444444444420, 0.8555555555555555136, 0.8666666666666666963, 0.8777777777777777679, 0.8888888888888888395, 0.9000000000000000222, 0.9111111111111110938, 0.9222222222222222765, 0.9333333333333333481, 0.9444444444444444198, 0.9555555555555556024 ),
 .UNSPECIFIED. ) 
 GEOMETRIC_REPRESENTATION_ITEM ( )  RATIONAL_B_SPLINE_SURFACE ( (
 ( 1.000000000000000000, 0.8660254037844387076, 1.000000000000000000, 0.8660254037844387076, 1.000000000000000000, 0.8660254037844387076, 1.000000000000000000, 0.8660254037844387076, 1.000000000000000000, 0.8660254037844387076, 1.000000000000000000, 0.8660254037844387076, 1.000000000000000000, 0.8660254037844387076, 1.000000000000000000, 0.8660254037844387076, 1.000000000000000000, 0.8660254037844387076, 1.000000000000000000, 0.8660254037844387076, 1.000000000000000000, 0.8660254037844387076, 1.000000000000000000, 0.8660254037844387076, 1.000000000000000000, 0.8660254037844387076, 1.000000000000000000, 0.8660254037844387076, 1.000000000000000000, 0.8660254037844387076, 1.000000000000000000, 0.8660254037844387076, 1.000000000000000000, 0.8660254037844387076, 1.000000000000000000, 0.8660254037844387076, 1.000000000000000000, 0.8660254037844387076, 1.000000000000000000, 0.8660254037844387076, 1.000000000000000000, 0.8660254037844387076, 1.000000000000000000, 0.8660254037844387076, 1.000000000000000000, 0.8660254037844387076, 1.000000000000000000, 0.8660254037844387076, 1.000000000000000000, 0.8660254037844387076, 1.000000000000000000, 0.8660254037844387076, 1.000000000000000000, 0.8660254037844387076, 1.000000000000000000, 0.8660254037844387076, 1.000000000000000000, 0.8660254037844387076, 1.000000000000000000, 0.8660254037844387076, 1.000000000000000000, 0.8660254037844387076, 1.000000000000000000, 0.8660254037844387076, 1.000000000000000000, 0.8660254037844387076, 1.000000000000000000, 0.8660254037844387076, 1.000000000000000000, 0.8660254037844387076, 1.000000000000000000, 0.8660254037844387076, 1.000000000000000000, 0.8660254037844387076, 1.000000000000000000, 0.8660254037844387076, 1.000000000000000000, 0.8660254037844387076, 1.000000000000000000, 0.8660254037844387076, 1.000000000000000000, 0.8660254037844387076, 1.000000000000000000, 0.8660254037844387076, 1.000000000000000000, 0.8660254037844387076, 1.000000000000000000, 0.8660254037844387076, 1.000000000000000000, 0.8660254037844387076, 1.000000000000000000, 0.8660254037844387076, 1.000000000000000000, 0.8660254037844387076, 1.000000000000000000, 0.8660254037844387076, 1.000000000000000000, 0.8660254037844387076, 1.000000000000000000, 0.8660254037844387076, 1.000000000000000000, 0.8660254037844387076, 1.000000000000000000, 0.8660254037844387076, 1.000000000000000000, 0.8660254037844387076, 1.000000000000000000, 0.8660254037844387076, 1.000000000000000000, 0.8660254037844387076, 1.000000000000000000, 0.8660254037844387076, 1.000000000000000000, 0.8660254037844387076, 1.000000000000000000, 0.8660254037844387076, 1.000000000000000000, 0.8660254037844387076, 1.000000000000000000, 0.8660254037844387076, 1.000000000000000000, 0.8660254037844387076, 1.000000000000000000, 0.8660254037844387076, 1.000000000000000000, 0.8660254037844387076, 1.000000000000000000, 0.8660254037844387076, 1.000000000000000000, 0.8660254037844387076, 1.000000000000000000, 0.8660254037844387076, 1.000000000000000000, 0.8660254037844387076, 1.000000000000000000, 0.8660254037844387076, 1.000000000000000000, 0.8660254037844387076, 1.000000000000000000, 0.8660254037844387076, 1.000000000000000000, 0.8660254037844387076, 1.000000000000000000, 0.8660254037844387076, 1.000000000000000000, 0.8660254037844387076, 1.000000000000000000, 0.8660254037844387076, 1.000000000000000000, 0.8660254037844387076, 1.000000000000000000, 0.8660254037844387076, 1.000000000000000000, 0.8660254037844387076, 1.000000000000000000, 0.8660254037844387076, 1.000000000000000000, 0.8660254037844387076, 1.000000000000000000, 0.8660254037844387076, 1.000000000000000000, 0.8660254037844387076, 1.000000000000000000, 0.8660254037844387076, 1.000000000000000000, 0.8660254037844387076, 1.000000000000000000, 0.8660254037844387076, 1.000000000000000000, 0.8660254037844387076, 1.000000000000000000, 0.8660254037844387076, 1.000000000000000000),
 ( 1.000000000000000000, 0.8660254037844387076, 1.000000000000000000, 0.8660254037844387076, 1.000000000000000000, 0.8660254037844387076, 1.000000000000000000, 0.8660254037844387076, 1.000000000000000000, 0.8660254037844387076, 1.000000000000000000, 0.8660254037844387076, 1.000000000000000000, 0.8660254037844387076, 1.000000000000000000, 0.8660254037844387076, 1.000000000000000000, 0.8660254037844387076, 1.000000000000000000, 0.8660254037844387076, 1.000000000000000000, 0.8660254037844387076, 1.000000000000000000, 0.8660254037844387076, 1.000000000000000000, 0.8660254037844387076, 1.000000000000000000, 0.8660254037844387076, 1.000000000000000000, 0.8660254037844387076, 1.000000000000000000, 0.8660254037844387076, 1.000000000000000000, 0.8660254037844387076, 1.000000000000000000, 0.8660254037844387076, 1.000000000000000000, 0.8660254037844387076, 1.000000000000000000, 0.8660254037844387076, 1.000000000000000000, 0.8660254037844387076, 1.000000000000000000, 0.8660254037844387076, 1.000000000000000000, 0.8660254037844387076, 1.000000000000000000, 0.8660254037844387076, 1.000000000000000000, 0.8660254037844387076, 1.000000000000000000, 0.8660254037844387076, 1.000000000000000000, 0.8660254037844387076, 1.000000000000000000, 0.8660254037844387076, 1.000000000000000000, 0.8660254037844387076, 1.000000000000000000, 0.8660254037844387076, 1.000000000000000000, 0.8660254037844387076, 1.000000000000000000, 0.8660254037844387076, 1.000000000000000000, 0.8660254037844387076, 1.000000000000000000, 0.8660254037844387076, 1.000000000000000000, 0.8660254037844387076, 1.000000000000000000, 0.8660254037844387076, 1.000000000000000000, 0.8660254037844387076, 1.000000000000000000, 0.8660254037844387076, 1.000000000000000000, 0.8660254037844387076, 1.000000000000000000, 0.8660254037844387076, 1.000000000000000000, 0.8660254037844387076, 1.000000000000000000, 0.8660254037844387076, 1.000000000000000000, 0.8660254037844387076, 1.000000000000000000, 0.8660254037844387076, 1.000000000000000000, 0.8660254037844387076, 1.000000000000000000, 0.8660254037844387076, 1.000000000000000000, 0.8660254037844387076, 1.000000000000000000, 0.8660254037844387076, 1.000000000000000000, 0.8660254037844387076, 1.000000000000000000, 0.8660254037844387076, 1.000000000000000000, 0.8660254037844387076, 1.000000000000000000, 0.8660254037844387076, 1.000000000000000000, 0.8660254037844387076, 1.000000000000000000, 0.8660254037844387076, 1.000000000000000000, 0.8660254037844387076, 1.000000000000000000, 0.8660254037844387076, 1.000000000000000000, 0.8660254037844387076, 1.000000000000000000, 0.8660254037844387076, 1.000000000000000000, 0.8660254037844387076, 1.000000000000000000, 0.8660254037844387076, 1.000000000000000000, 0.8660254037844387076, 1.000000000000000000, 0.8660254037844387076, 1.000000000000000000, 0.8660254037844387076, 1.000000000000000000, 0.8660254037844387076, 1.000000000000000000, 0.8660254037844387076, 1.000000000000000000, 0.8660254037844387076, 1.000000000000000000, 0.8660254037844387076, 1.000000000000000000, 0.8660254037844387076, 1.000000000000000000, 0.8660254037844387076, 1.000000000000000000, 0.8660254037844387076, 1.000000000000000000, 0.8660254037844387076, 1.000000000000000000, 0.8660254037844387076, 1.000000000000000000, 0.8660254037844387076, 1.000000000000000000, 0.8660254037844387076, 1.000000000000000000, 0.8660254037844387076, 1.000000000000000000, 0.8660254037844387076, 1.000000000000000000, 0.8660254037844387076, 1.000000000000000000, 0.8660254037844387076, 1.000000000000000000, 0.8660254037844387076, 1.000000000000000000, 0.8660254037844387076, 1.000000000000000000, 0.8660254037844387076, 1.000000000000000000, 0.8660254037844387076, 1.000000000000000000, 0.8660254037844387076, 1.000000000000000000, 0.8660254037844387076, 1.000000000000000000, 0.8660254037844387076, 1.000000000000000000, 0.8660254037844387076, 1.000000000000000000) ) ) 
 REPRESENTATION_ITEM ( '' )  SURFACE ( )  );
#678 = CARTESIAN_POINT ( 'NONE',  ( -1.006430356249999880, 4.315624999385482496, -1.232521714346292805E-16 ) ) ;
#679 = CARTESIAN_POINT ( 'NONE',  ( 1.743066579297358255E-16, 1.306249998770965925, -1.249999999999999556 ) ) ;
#680 = CARTESIAN_POINT ( 'NONE',  ( 1.006430356249999880, 3.753124999385482496, 0.000000000000000000 ) ) ;
#681 = CARTESIAN_POINT ( 'NONE',  ( -0.6249999999999995559, 3.199999999999999734, -1.082531754730548412 ) ) ;
#682 = VERTEX_POINT ( 'NONE', #1337 ) ;
#683 = CARTESIAN_POINT ( 'NONE',  ( -2.134790230679673516E-16, -0.4093750006145170928, 1.162125674203096759 ) ) ;
#684 = DIRECTION ( 'NONE',  ( -0.5000000000000001110, 0.000000000000000000, 0.8660254037844385966 ) ) ;
#685 = ORIENTED_EDGE ( 'NONE', *, *, #89, .T. ) ;
#686 = CARTESIAN_POINT ( 'NONE',  ( -1.249999999999999778, 4.174999999999999822, -1.530808498934191324E-16 ) ) ;
#687 = CARTESIAN_POINT ( 'NONE',  ( 5.062432881821087746E-15, 5.099999999999999645, 0.7505553499465124068 ) ) ;
#688 = CARTESIAN_POINT ( 'NONE',  ( -3.137519842735245599E-15, 1.362500000000000266, -1.249999999999999778 ) ) ;
#689 = CARTESIAN_POINT ( 'NONE',  ( -0.5032151781249998290, 5.253124999385481608, -0.8715942556523227358 ) ) ;
#690 = CARTESIAN_POINT ( 'NONE',  ( 0.000000000000000000, 4.467157287525381548, 0.000000000000000000 ) ) ;
#691 = CARTESIAN_POINT ( 'NONE',  ( 1.006430356249999880, 5.440624999385482496, 0.000000000000000000 ) ) ;
#692 = EDGE_LOOP ( 'NONE', ( #2415, #1104, #2233, #1868 ) ) ;
#693 = CARTESIAN_POINT ( 'NONE',  ( 0.6250000000000000000, 1.268749998770965615, -1.082531754730548190 ) ) ;
#694 = CARTESIAN_POINT ( 'NONE',  ( -1.249999999999999778, 1.924999999999999600, -1.530808498934191324E-16 ) ) ;
#695 = CARTESIAN_POINT ( 'NONE',  ( 1.006430356249999436, 0.5656249993854828295, 0.5810628371015487126 ) ) ;
#696 = ORIENTED_EDGE ( 'NONE', *, *, #2683, .F. ) ;
#697 = CARTESIAN_POINT ( 'NONE',  ( -0.6249999999999995559, 4.943749998770964993, -1.082531754730548412 ) ) ;
#698 = EDGE_CURVE ( 'NONE', #1172, #1936, #593, .T. ) ;
#699 = CARTESIAN_POINT ( 'NONE',  ( 0.000000000000000000, 0.000000000000000000, 0.000000000000000000 ) ) ;
#700 = CARTESIAN_POINT ( 'NONE',  ( -1.006430356249999880, 3.115624999385482319, 0.5810628371015479354 ) ) ;
#701 = CARTESIAN_POINT ( 'NONE',  ( 1.249999999999999556, 3.462499999999999467, 0.7216878364870328300 ) ) ;
#702 = ORIENTED_EDGE ( 'NONE', *, *, #420, .T. ) ;
#703 = DIRECTION ( 'NONE',  ( -0.6546536707079763096, -0.6546536707079778639, -0.3779644730092275307 ) ) ;
#704 = CARTESIAN_POINT ( 'NONE',  ( -4.938688641342514686E-16, 4.287499999999999645, 1.249999999999999778 ) ) ;
#705 = DIRECTION ( 'NONE',  ( -1.000000000000000000, 0.000000000000000000, 0.000000000000000000 ) ) ;
#706 = LINE ( 'NONE', #1456, #1184 ) ;
#707 = CARTESIAN_POINT ( 'NONE',  ( 1.006430356249999658, 3.153124999385482852, 0.5810628371015489346 ) ) ;
#708 = CARTESIAN_POINT ( 'NONE',  ( 1.743066579297358255E-16, 4.006249998770964993, -1.249999999999999556 ) ) ;
#709 = CARTESIAN_POINT ( 'NONE',  ( 2.025346705582189620E-16, 5.200000000000000178, -0.8660254037844384856 ) ) ;
#710 = CARTESIAN_POINT ( 'NONE',  ( -1.249999999999999778, 2.768749998770965171, -1.530808498934191324E-16 ) ) ;
#711 = ADVANCED_FACE ( 'NONE', ( #336 ), #1794, .T. ) ;
#712 = DIRECTION ( 'NONE',  ( 0.000000000000000000, 0.000000000000000000, 1.000000000000000000 ) ) ;
#713 = CARTESIAN_POINT ( 'NONE',  ( -0.6250000000000004441, 1.043749998770965748, 1.082531754730547968 ) ) ;
#714 = CARTESIAN_POINT ( 'NONE',  ( -1.006430356249999658, 0.7906249993854828073, -0.5810628371015484905 ) ) ;
#715 = ORIENTED_EDGE ( 'NONE', *, *, #2416, .F. ) ;
#716 = CARTESIAN_POINT ( 'NONE',  ( -1.006430356249999880, 1.278124999385482852, -1.232521714346292805E-16 ) ) ;
#717 = AXIS2_PLACEMENT_3D ( 'NONE', #2399, #3062, #1144 ) ;
#718 = LINE ( 'NONE', #1228, #512 ) ;
#719 = VECTOR ( 'NONE', #3012, 1000.000000000000000 ) ;
#720 = CARTESIAN_POINT ( 'NONE',  ( -2.134790230679673516E-16, -0.5218750006145170817, 1.162125674203096759 ) ) ;
#721 = CARTESIAN_POINT ( 'NONE',  ( -0.6250000000000004441, 4.249999999999999112, 1.082531754730547968 ) ) ;
#722 = VERTEX_POINT ( 'NONE', #319 ) ;
#723 = AXIS2_PLACEMENT_3D ( 'NONE', #1934, #2441, #712 ) ;
#724 = CARTESIAN_POINT ( 'NONE',  ( 0.6250000000000000000, -0.08125000122903418276, -1.082531754730548190 ) ) ;
#725 = DIRECTION ( 'NONE',  ( 0.000000000000000000, 1.000000000000000000, 0.000000000000000000 ) ) ;
#726 = CARTESIAN_POINT ( 'NONE',  ( -1.006430356249999658, 3.828124999385482674, -0.5810628371015486016 ) ) ;
#727 = LINE ( 'NONE', #1981, #2858 ) ;
#728 = PLANE ( 'NONE',  #1186 ) ;
#729 = UNCERTAINTY_MEASURE_WITH_UNIT (LENGTH_MEASURE( 1.000000000000000082E-05 ), #110, 'distance_accuracy_value', 'NONE');
#730 = VERTEX_POINT ( 'NONE', #2496 ) ;
#731 = CARTESIAN_POINT ( 'NONE',  ( -0.7500000000000001110, 5.200000000000000178, -0.4330127018922193538 ) ) ;
#732 = CARTESIAN_POINT ( 'NONE',  ( -1.250000000000000000, 1.006249998770965437, 0.7216878364870316087 ) ) ;
#733 = CARTESIAN_POINT ( 'NONE',  ( 1.006430356249999658, 0.6031249993854828073, 0.000000000000000000 ) ) ;
#734 = CARTESIAN_POINT ( 'NONE',  ( 0.5032151781250000511, 0.6781249993854827629, -0.8715942556523226248 ) ) ;
#735 = CARTESIAN_POINT ( 'NONE',  ( -1.006430356249999880, 0.8281249993854827851, -1.232521714346292805E-16 ) ) ;
#736 = DIRECTION ( 'NONE',  ( 0.000000000000000000, -0.000000000000000000, 1.000000000000000000 ) ) ;
#737 = CARTESIAN_POINT ( 'NONE',  ( 7.115967435598910900E-17, -0.2968750006145170484, -1.162125674203096759 ) ) ;
#738 = ORIENTED_EDGE ( 'NONE', *, *, #2785, .F. ) ;
#739 = CARTESIAN_POINT ( 'NONE',  ( 1.249999999999999778, 2.093749998770965348, 0.000000000000000000 ) ) ;
#740 = CARTESIAN_POINT ( 'NONE',  ( -2.134790230679673516E-16, 2.178124999385482763, 1.162125674203096759 ) ) ;
#741 = CARTESIAN_POINT ( 'NONE',  ( -0.1592289097134829134, 0.006430356250002512535, 0.9969106677855192888 ) ) ;
#742 = CARTESIAN_POINT ( 'NONE',  ( 0.5032151781249993849, 4.015624999385482674, 0.8715942556523230689 ) ) ;
#743 = CARTESIAN_POINT ( 'NONE',  ( -0.3249999999999961253, 5.099999999999999645, 0.5629165124598857206 ) ) ;
#744 = CARTESIAN_POINT ( 'NONE',  ( 0.000000000000000000, 4.450000000000000178, 0.000000000000000000 ) ) ;
#745 = CARTESIAN_POINT ( 'NONE',  ( 6.245988575815533685E-15, 2.937500000000000444, 1.249999999999999778 ) ) ;
#746 = EDGE_CURVE ( 'NONE', #682, #2624, #2053, .T. ) ;
#747 = EDGE_LOOP ( 'NONE', ( #1210, #815, #2732, #2212 ) ) ;
#748 = CARTESIAN_POINT ( 'NONE',  ( -4.938688641342514686E-16, 3.781249998770965348, 1.249999999999999778 ) ) ;
#749 = CARTESIAN_POINT ( 'NONE',  ( 0.6249999999999990008, 2.468749998770965348, 1.082531754730548634 ) ) ;
#750 = CARTESIAN_POINT ( 'NONE',  ( -1.006430356249999658, 1.690624999385482718, -0.5810628371015484905 ) ) ;
#751 = CARTESIAN_POINT ( 'NONE',  ( -1.006430356249999880, 2.628124999385482052, -1.232521714346292805E-16 ) ) ;
#752 = CARTESIAN_POINT ( 'NONE',  ( 1.006430356249999436, 5.515624999385482674, 0.5810628371015487126 ) ) ;
#753 = EDGE_LOOP ( 'NONE', ( #2300, #1098, #2639, #334, #73, #1556 ) ) ;
#754 = EDGE_CURVE ( 'NONE', #2005, #446, #2598, .T. ) ;
#755 = CARTESIAN_POINT ( 'NONE',  ( -1.250000000000000000, 0.5562499987709658145, 0.7216878364870314977 ) ) ;
#756 = CARTESIAN_POINT ( 'NONE',  ( -0.3133248554427851551, 0.006430356250002481310, 0.9596938366973460921 ) ) ;
#757 = CARTESIAN_POINT ( 'NONE',  ( 7.115967435598910900E-17, 4.653124999385481075, -1.162125674203096759 ) ) ;
#758 = CYLINDRICAL_SURFACE ( 'NONE', #663, 1.249999999999999778 ) ;
#759 = CARTESIAN_POINT ( 'NONE',  ( 6.245988575815533685E-15, 2.881249998770965437, 1.249999999999999778 ) ) ;
#760 = ORIENTED_EDGE ( 'NONE', *, *, #2762, .F. ) ;
#761 = CARTESIAN_POINT ( 'NONE',  ( 1.026683093871655572, 0.2499999999999997224, 0.7130370430476419275 ) ) ;
#762 = CARTESIAN_POINT ( 'NONE',  ( -0.5032151781250002731, 0.9031249993854827407, 0.8715942556523222917 ) ) ;
#763 = CARTESIAN_POINT ( 'NONE',  ( -0.5032151781249998290, 0.7531249993854827185, -0.8715942556523227358 ) ) ;
#764 = CARTESIAN_POINT ( 'NONE',  ( -2.134790230679673516E-16, 0.9406249993854827185, 1.162125674203096759 ) ) ;
#765 = LINE ( 'NONE', #3139, #2318 ) ;
#766 = CARTESIAN_POINT ( 'NONE',  ( 1.006430356249999658, 5.140624999385482674, -0.5810628371015482685 ) ) ;
#767 = AXIS2_PLACEMENT_3D ( 'NONE', #246, #2192, #3109 ) ;
#768 = CARTESIAN_POINT ( 'NONE',  ( -1.249999999999999778, 0.9687499987709656812, -1.530808498934191324E-16 ) ) ;
#769 = CARTESIAN_POINT ( 'NONE',  ( -3.137519842735245599E-15, 1.362500000000000266, -1.249999999999999778 ) ) ;
#770 = CARTESIAN_POINT ( 'NONE',  ( 1.006430356249999880, 4.540624999385482141, 0.000000000000000000 ) ) ;
#771 = CARTESIAN_POINT ( 'NONE',  ( -1.249999999999999778, 0.5374999999999997558, -0.7216878364870323859 ) ) ;
#772 = AXIS2_PLACEMENT_3D ( 'NONE', #397, #592, #2364 ) ;
#773 = FACE_OUTER_BOUND ( 'NONE', #2328, .T. ) ;
#774 = CARTESIAN_POINT ( 'NONE',  ( 0.3349364905389033975, 0.3861538093386315817, -1.249999999999999556 ) ) ;
#775 = VECTOR ( 'NONE', #1458, 1000.000000000000000 ) ;
#776 = CARTESIAN_POINT ( 'NONE',  ( -0.5032151781250003841, 3.490624999385482763, 0.8715942556523225138 ) ) ;
#777 = ORIENTED_EDGE ( 'NONE', *, *, #2223, .T. ) ;
#778 = CARTESIAN_POINT ( 'NONE',  ( 0.6249999999999990008, 1.568749998770965659, 1.082531754730548634 ) ) ;
#779 = CARTESIAN_POINT ( 'NONE',  ( -0.6249999999999995559, 3.649999999999999467, -1.082531754730548412 ) ) ;
#780 = CARTESIAN_POINT ( 'NONE',  ( 1.006430356249999880, 1.053124999385482985, 0.000000000000000000 ) ) ;
#781 = CARTESIAN_POINT ( 'NONE',  ( 0.02874932626273311517, 0.04276742231252878695, 1.145527242946287272 ) ) ;
#782 = CARTESIAN_POINT ( 'NONE',  ( 0.5032151781249999400, 5.178124999385482319, -0.8715942556523224027 ) ) ;
#783 = VERTEX_POINT ( 'NONE', #2119 ) ;
#784 = CARTESIAN_POINT ( 'NONE',  ( -0.6250000000000004441, 1.043749998770965748, 1.082531754730547968 ) ) ;
#785 = CARTESIAN_POINT ( 'NONE',  ( -0.4588603583024440935, 0.006430356250002346001, 0.8957394897848675042 ) ) ;
#786 = ORIENTED_EDGE ( 'NONE', *, *, #698, .F. ) ;
#787 = CARTESIAN_POINT ( 'NONE',  ( 1.249999999999999778, 0.2937499987709658034, 0.000000000000000000 ) ) ;
#788 = DIRECTION ( 'NONE',  ( -0.8660254037844380415, 0.000000000000000000, 0.5000000000000008882 ) ) ;
#789 = CARTESIAN_POINT ( 'NONE',  ( 0.5032151781249993849, 3.565624999385482052, 0.8715942556523230689 ) ) ;
#790 = VERTEX_POINT ( 'NONE', #3034 ) ;
#791 = DIRECTION ( 'NONE',  ( 0.000000000000000000, 0.000000000000000000, 1.000000000000000000 ) ) ;
#792 = LINE ( 'NONE', #318, #348 ) ;
#793 = CARTESIAN_POINT ( 'NONE',  ( 0.6250000000000000000, 4.025000000000000355, -1.082531754730548190 ) ) ;
#794 = CARTESIAN_POINT ( 'NONE',  ( 7.115967435598910900E-17, 4.315624999385482496, -1.162125674203096759 ) ) ;
#795 = CARTESIAN_POINT ( 'NONE',  ( 0.5032151781250000511, 2.028124999385482408, -0.8715942556523226248 ) ) ;
#796 = CARTESIAN_POINT ( 'NONE',  ( -0.6250000000000004441, 2.449999999999999289, 1.082531754730547968 ) ) ;
#797 = CARTESIAN_POINT ( 'NONE',  ( -1.006430356250000324, 0.3031249993854829294, 0.5810628371015480464 ) ) ;
#798 = ADVANCED_FACE ( 'NONE', ( #142 ), #1407, .F. ) ;
#799 = CARTESIAN_POINT ( 'NONE',  ( -0.6249999999999995559, 2.693749998770965437, -1.082531754730548412 ) ) ;
#800 = DIRECTION ( 'NONE',  ( 8.659560562354977232E-17, 0.7071067811865441310, -0.7071067811865510144 ) ) ;
#801 =( BOUNDED_CURVE ( )  B_SPLINE_CURVE ( 2, ( #1973, #2930, #1501, #1959, #25, #1755, #1262, #2226, #3124 ),
 .UNSPECIFIED., .F., .F. ) 
 B_SPLINE_CURVE_WITH_KNOTS ( ( 3, 2, 2, 2, 3 ),
 ( 0.6833333333333333481, 0.6888888888888888840, 0.6999999999999999556, 0.7111111111111111382, 0.7166666666666666741 ),
 .UNSPECIFIED. ) 
 CURVE ( )  GEOMETRIC_REPRESENTATION_ITEM ( )  RATIONAL_B_SPLINE_CURVE ( ( 0.9330127018922194093, 0.9330127018922194093, 1.000000000000000000, 0.8660254037844387076, 1.000000000000000000, 0.8660254037844387076, 1.000000000000000000, 0.9330127018922194093, 0.9330127018922194093 ) ) 
 REPRESENTATION_ITEM ( '' )  );
#802 = ORIENTED_EDGE ( 'NONE', *, *, #2772, .F. ) ;
#803 = CARTESIAN_POINT ( 'NONE',  ( -2.651438096812266917E-16, -0.2125000000000001055, 1.443375672974064106 ) ) ;
#804 = CARTESIAN_POINT ( 'NONE',  ( -1.006430356250000324, -0.5968750006145171483, 0.5810628371015480464 ) ) ;
#805 = DIRECTION ( 'NONE',  ( 0.000000000000000000, 0.000000000000000000, 1.000000000000000000 ) ) ;
#806 = ORIENTED_EDGE ( 'NONE', *, *, #1476, .T. ) ;
#807 = EDGE_CURVE ( 'NONE', #1419, #1087, #1129, .T. ) ;
#808 = CARTESIAN_POINT ( 'NONE',  ( 1.006430356249999880, 4.240624999385482319, -0.5810628371015482685 ) ) ;
#809 = CARTESIAN_POINT ( 'NONE',  ( 0.5032151781249993849, 1.878124999385482718, 0.8715942556523230689 ) ) ;
#810 = CARTESIAN_POINT ( 'NONE',  ( 1.182913950368835732, 4.450000000000000178, -0.09527287314481953928 ) ) ;
#811 = CARTESIAN_POINT ( 'NONE',  ( 1.006430356249999880, 1.840624999385482630, 0.000000000000000000 ) ) ;
#812 = ORIENTED_EDGE ( 'NONE', *, *, #885, .T. ) ;
#813 = CARTESIAN_POINT ( 'NONE',  ( -1.250000000000000000, 4.156249998770965348, 0.7216878364870314977 ) ) ;
#814 = CARTESIAN_POINT ( 'NONE',  ( -0.5032151781250003841, 1.240624999385482763, 0.8715942556523225138 ) ) ;
#815 = ORIENTED_EDGE ( 'NONE', *, *, #390, .F. ) ;
#816 = CARTESIAN_POINT ( 'NONE',  ( 0.000000000000000000, 0.2600000000000000089, 0.000000000000000000 ) ) ;
#817 = CARTESIAN_POINT ( 'NONE',  ( 8.838126989374222236E-17, -0.4375000000000001110, -1.443375672974064106 ) ) ;
#818 = AXIS2_PLACEMENT_3D ( 'NONE', #1947, #945, #2888 ) ;
#819 = EDGE_CURVE ( 'NONE', #1301, #1215, #177, .T. ) ;
#820 = CARTESIAN_POINT ( 'NONE',  ( -1.006430356250000324, 0.3031249993854829294, 0.5810628371015480464 ) ) ;
#821 = DIRECTION ( 'NONE',  ( 0.000000000000000000, 0.7071067811865463515, 0.7071067811865487940 ) ) ;
#822 = AXIS2_PLACEMENT_3D ( 'NONE', #228, #2152, #1220 ) ;
#823 = ORIENTED_EDGE ( 'NONE', *, *, #894, .F. ) ;
#824 = LINE ( 'NONE', #1379, #719 ) ;
#825 = CARTESIAN_POINT ( 'NONE',  ( -1.006430356249999880, 1.278124999385482852, -1.232521714346292805E-16 ) ) ;
#826 = DIRECTION ( 'NONE',  ( 0.000000000000000000, 0.000000000000000000, 1.000000000000000000 ) ) ;
#827 = CARTESIAN_POINT ( 'NONE',  ( 0.5032151781249993849, 1.315624999385482941, 0.8715942556523230689 ) ) ;
#828 = EDGE_CURVE ( 'NONE', #2721, #936, #1634, .T. ) ;
#829 = CARTESIAN_POINT ( 'NONE',  ( -0.6250000000000004441, 3.293749998770965526, 1.082531754730547968 ) ) ;
#830 = CARTESIAN_POINT ( 'NONE',  ( 1.006430356249999880, 1.878124999385483163, -0.5810628371015482685 ) ) ;
#831 = EDGE_LOOP ( 'NONE', ( #1059, #2108, #2765, #1550 ) ) ;
#832 = CYLINDRICAL_SURFACE ( 'NONE', #1546, 1.249999999999999778 ) ;
#833 = CARTESIAN_POINT ( 'NONE',  ( -0.6250000000000004441, 0.6499999999999998002, 1.082531754730547968 ) ) ;
#834 = CARTESIAN_POINT ( 'NONE',  ( -1.006430356249999658, 0.2281249993854829183, -0.5810628371015486016 ) ) ;
#835 = DIRECTION ( 'NONE',  ( 0.000000000000000000, -0.000000000000000000, 1.000000000000000000 ) ) ;
#836 = CARTESIAN_POINT ( 'NONE',  ( 0.5032151781249999400, 3.378124999385482052, -0.8715942556523224027 ) ) ;
#837 = ORIENTED_EDGE ( 'NONE', *, *, #2123, .F. ) ;
#838 = EDGE_CURVE ( 'NONE', #985, #1315, #1894, .T. ) ;
#839 = CARTESIAN_POINT ( 'NONE',  ( 0.6250000000000000000, 1.718749998770965570, -1.082531754730548190 ) ) ;
#840 = DIRECTION ( 'NONE',  ( 0.000000000000000000, 1.000000000000000000, 0.000000000000000000 ) ) ;
#841 = CARTESIAN_POINT ( 'NONE',  ( -1.006430356250000102, 3.115624999385482319, 0.5810628371015480464 ) ) ;
#842 = CARTESIAN_POINT ( 'NONE',  ( 0.3349364905389027314, 0.4424038105676657562, -1.250000000000000222 ) ) ;
#843 = CARTESIAN_POINT ( 'NONE',  ( -0.5032151781249998290, 2.440624999385482496, -0.8715942556523227358 ) ) ;
#844 = CARTESIAN_POINT ( 'NONE',  ( 1.250000000000000000, 4.381249998770964993, -0.7216878364870319418 ) ) ;
#845 = CARTESIAN_POINT ( 'NONE',  ( 7.115967435598912132E-17, 2.853124999385482585, -1.162125674203096759 ) ) ;
#846 = EDGE_LOOP ( 'NONE', ( #1540, #1050, #2691, #96 ) ) ;
#847 = DIRECTION ( 'NONE',  ( 0.000000000000000000, 1.000000000000000000, 0.000000000000000000 ) ) ;
#848 = CARTESIAN_POINT ( 'NONE',  ( 1.249999999999999778, 1.699999999999999734, 0.000000000000000000 ) ) ;
#849 = ADVANCED_FACE ( 'NONE', ( #1671 ), #2051, .T. ) ;
#850 = CARTESIAN_POINT ( 'NONE',  ( -1.027976396711494544, 0.1490727005951452133, -0.5360256786125263684 ) ) ;
#851 = DIRECTION ( 'NONE',  ( -0.000000000000000000, -1.000000000000000000, -0.000000000000000000 ) ) ;
#852 = ORIENTED_EDGE ( 'NONE', *, *, #2683, .T. ) ;
#853 = CARTESIAN_POINT ( 'NONE',  ( 1.006430356249999880, 1.503124999385482718, 0.000000000000000000 ) ) ;
#854 = CARTESIAN_POINT ( 'NONE',  ( -0.08139545930519830053, 4.450000000000000178, -1.231414768192744091 ) ) ;
#855 = CARTESIAN_POINT ( 'NONE',  ( -1.006430356249999880, 1.615624999385482763, -1.232521714346292805E-16 ) ) ;
#856 = CARTESIAN_POINT ( 'NONE',  ( -1.250000000000000000, 3.706249998770965615, 0.7216878364870314977 ) ) ;
#857 = CARTESIAN_POINT ( 'NONE',  ( -0.5032151781249998290, 2.890624999385482674, -0.8715942556523227358 ) ) ;
#858 = CARTESIAN_POINT ( 'NONE',  ( 0.7499999999999996669, 5.900000000000000355, 0.4330127018922195758 ) ) ;
#859 = DIRECTION ( 'NONE',  ( -0.000000000000000000, -1.000000000000000000, -0.000000000000000000 ) ) ;
#860 = CARTESIAN_POINT ( 'NONE',  ( 8.838126989374222236E-17, 1.362499999999999600, -1.443375672974064106 ) ) ;
#861 = CARTESIAN_POINT ( 'NONE',  ( -2.876059855840641404E-15, 0.09943103339880443592, -1.099431033398803326 ) ) ;
#862 = CARTESIAN_POINT ( 'NONE',  ( 1.006430356249999880, 1.428124999385482541, -0.5810628371015482685 ) ) ;
#863 = CARTESIAN_POINT ( 'NONE',  ( 5.844888401996693425E-15, 5.200000000000000178, 0.8660254037844383745 ) ) ;
#864 = AXIS2_PLACEMENT_3D ( 'NONE', #1734, #705, #460 ) ;
#865 = ORIENTED_EDGE ( 'NONE', *, *, #1389, .F. ) ;
#866 = CARTESIAN_POINT ( 'NONE',  ( -0.5032151781249998290, 4.803124999385482319, -0.8715942556523227358 ) ) ;
#867 = AXIS2_PLACEMENT_3D ( 'NONE', #1091, #840, #1829 ) ;
#868 = CARTESIAN_POINT ( 'NONE',  ( 2.817957636530729931E-15, 1.981249998770966192, 1.249999999999999778 ) ) ;
#869 = DIRECTION ( 'NONE',  ( 0.8660254037844388186, 0.000000000000000000, -0.4999999999999996669 ) ) ;
#870 = CARTESIAN_POINT ( 'NONE',  ( 1.006430356249999880, 4.090624999385482852, 0.000000000000000000 ) ) ;
#871 = AXIS2_PLACEMENT_3D ( 'NONE', #478, #1423, #2377 ) ;
#872 = ORIENTED_EDGE ( 'NONE', *, *, #1950, .F. ) ;
#873 = PRODUCT_RELATED_PRODUCT_CATEGORY ( 'part', '', ( #2488 ) ) ;
#874 = CARTESIAN_POINT ( 'NONE',  ( 0.5032151781249993849, 4.128124999385482496, 0.8715942556523230689 ) ) ;
#875 = CARTESIAN_POINT ( 'NONE',  ( 0.3349364905389027314, 4.251346188203299903, 1.250000000000000000 ) ) ;
#876 = CARTESIAN_POINT ( 'NONE',  ( -0.5032151781250003841, -0.4468750006145170706, 0.8715942556523225138 ) ) ;
#877 = CARTESIAN_POINT ( 'NONE',  ( 1.006430356249999880, 0.9406249993854829405, 0.000000000000000000 ) ) ;
#878 = VERTEX_POINT ( 'NONE', #2651 ) ;
#879 = CARTESIAN_POINT ( 'NONE',  ( -2.651438096812266917E-16, 3.387499999999999734, 1.443375672974064106 ) ) ;
#880 = CARTESIAN_POINT ( 'NONE',  ( 1.743066579297358255E-16, 2.262499999999999289, -1.249999999999999556 ) ) ;
#881 = DIRECTION ( 'NONE',  ( 1.426724525445534452E-15, 0.6546536707079783080, -0.7559289460184533960 ) ) ;
#882 = ORIENTED_EDGE ( 'NONE', *, *, #1518, .F. ) ;
#883 = CARTESIAN_POINT ( 'NONE',  ( 0.7499999999999996669, 5.200000000000000178, 0.4330127018922195758 ) ) ;
#884 = CARTESIAN_POINT ( 'NONE',  ( -1.006430356249999658, 3.940624999385482941, -0.5810628371015486016 ) ) ;
#885 = EDGE_CURVE ( 'NONE', #3111, #2099, #706, .T. ) ;
#886 = CARTESIAN_POINT ( 'NONE',  ( -1.249999999999999556, 1.887499999999999956, -0.7216878364870324969 ) ) ;
#887 = LINE ( 'NONE', #168, #554 ) ;
#888 = EDGE_LOOP ( 'NONE', ( #76, #1028, #2433, #2507 ) ) ;
#889 = CARTESIAN_POINT ( 'NONE',  ( -0.6249999999999995559, 5.393749998770965171, -1.082531754730548412 ) ) ;
#890 = CARTESIAN_POINT ( 'NONE',  ( 0.5032151781250000511, 4.165624999385483029, -0.8715942556523226248 ) ) ;
#891 = LINE ( 'NONE', #2388, #1999 ) ;
#892 = CARTESIAN_POINT ( 'NONE',  ( -2.134790230679672777E-16, 3.190624999385482941, 1.162125674203096537 ) ) ;
#893 = CARTESIAN_POINT ( 'NONE',  ( -0.6250000000000004441, 1.099999999999999867, 1.082531754730547968 ) ) ;
#894 = EDGE_CURVE ( 'NONE', #1153, #1662, #1297, .T. ) ;
#895 = CARTESIAN_POINT ( 'NONE',  ( 3.195622062045156678E-16, 0.08733575058189312068, 1.087335750581891913 ) ) ;
#896 = LINE ( 'NONE', #1216, #1193 ) ;
#897 = CARTESIAN_POINT ( 'NONE',  ( 1.250000000000000000, 3.481249998770965526, -0.7216878364870319418 ) ) ;
#898 = CARTESIAN_POINT ( 'NONE',  ( 0.5032151781249993849, 3.678124999385481875, 0.8715942556523230689 ) ) ;
#899 = DIRECTION ( 'NONE',  ( 0.000000000000000000, 1.000000000000000000, 0.000000000000000000 ) ) ;
#900 = ORIENTED_EDGE ( 'NONE', *, *, #1887, .F. ) ;
#901 = CARTESIAN_POINT ( 'NONE',  ( 0.5032151781249993849, -0.3718750006145171150, 0.8715942556523230689 ) ) ;
#902 = CARTESIAN_POINT ( 'NONE',  ( 0.5032151781249993849, 4.015624999385482674, 0.8715942556523230689 ) ) ;
#903 = VERTEX_POINT ( 'NONE', #462 ) ;
#904 = CARTESIAN_POINT ( 'NONE',  ( 7.115967435598909667E-17, 4.315624999385482496, -1.162125674203096537 ) ) ;
#905 = CARTESIAN_POINT ( 'NONE',  ( -2.651438096812266917E-16, 1.587499999999999911, 1.443375672974064106 ) ) ;
#906 = CARTESIAN_POINT ( 'NONE',  ( -1.006430356249999658, 2.028124999385482852, -0.5810628371015486016 ) ) ;
#907 = CARTESIAN_POINT ( 'NONE',  ( 0.8929248095370285743, 0.006430356250002326919, 0.4643138448234802040 ) ) ;
#908 = CARTESIAN_POINT ( 'NONE',  ( 0.000000000000000000, 4.450000000000000178, -1.249999999999999778 ) ) ;
#909 = CARTESIAN_POINT ( 'NONE',  ( -7.855420050700094634E-14, 0.2420753175473025487, 1.242075317547301827 ) ) ;
#910 = FACE_OUTER_BOUND ( 'NONE', #2286, .T. ) ;
#911 = CYLINDRICAL_SURFACE ( 'NONE', #2356, 1.249999999999999778 ) ;
#912 = B_SPLINE_CURVE_WITH_KNOTS ( 'NONE', 3,
 ( #324, #1817, #2742, #2289, #810, #548, #2049, #1311 ),
 .UNSPECIFIED., .F., .F.,
 ( 4, 2, 2, 4 ),
 ( 1.050963310202307656E-17, 0.001110360295598847172, 0.001665540443398265662, 0.002220720591197683936 ),
 .UNSPECIFIED. ) ;
#913 = EDGE_LOOP ( 'NONE', ( #107, #802, #685, #1031 ) ) ;
#914 = CONICAL_SURFACE ( 'NONE', #249, 1.250000000000000000, 0.7853981633974500554 ) ;
#915 = CARTESIAN_POINT ( 'NONE',  ( -0.3349364905389030644, 3.576346188203299636, -1.249999999999999778 ) ) ;
#916 = CARTESIAN_POINT ( 'NONE',  ( -0.4588603583024440935, 0.006430356250002346001, 0.8957394897848675042 ) ) ;
#917 = CARTESIAN_POINT ( 'NONE',  ( -1.006430356249999658, -0.5218750006145170817, -1.232521714346292558E-16 ) ) ;
#918 = VERTEX_POINT ( 'NONE', #1931 ) ;
#919 =( BOUNDED_CURVE ( )  B_SPLINE_CURVE ( 2, ( #2977, #2716, #1506, #2007, #1732, #1267, #1979, #525, #2961 ),
 .UNSPECIFIED., .F., .T. ) 
 B_SPLINE_CURVE_WITH_KNOTS ( ( 3, 2, 2, 2, 3 ),
 ( 0.2500000000000000000, 0.2555555555555555358, 0.2666666666666666630, 0.2777777777777777901, 0.2833333333333333259 ),
 .UNSPECIFIED. ) 
 CURVE ( )  GEOMETRIC_REPRESENTATION_ITEM ( )  RATIONAL_B_SPLINE_CURVE ( ( 0.9330127018922194093, 0.9330127018922195203, 1.000000000000000000, 0.8660254037844387076, 1.000000000000000000, 0.8660254037844387076, 1.000000000000000000, 0.9330127018922194093, 0.9330127018922194093 ) ) 
 REPRESENTATION_ITEM ( '' )  );
#920 = AXIS2_PLACEMENT_3D ( 'NONE', #2457, #658, #2151 ) ;
#921 = CARTESIAN_POINT ( 'NONE',  ( 1.006430356249999880, 0.1906249993854829128, -0.5810628371015482685 ) ) ;
#922 = CARTESIAN_POINT ( 'NONE',  ( -0.7500000000000000000, 5.200000000000000178, 0.4330127018922193538 ) ) ;
#923 = ORIENTED_EDGE ( 'NONE', *, *, #445, .F. ) ;
#924 = CARTESIAN_POINT ( 'NONE',  ( 1.006430356249999436, 4.165624999385482141, 0.5810628371015487126 ) ) ;
#925 = CARTESIAN_POINT ( 'NONE',  ( -0.6250000000000004441, 3.799999999999999378, 1.082531754730547968 ) ) ;
#926 = CARTESIAN_POINT ( 'NONE',  ( 0.6250000000000000000, -0.5312500012290342077, -1.082531754730548190 ) ) ;
#927 = CARTESIAN_POINT ( 'NONE',  ( 0.1792301370652162607, 0.09167970450751110334, -1.091679704507510396 ) ) ;
#928 = CARTESIAN_POINT ( 'NONE',  ( -1.006430356249999658, 3.378124999385483385, -0.5810628371015486016 ) ) ;
#929 = CARTESIAN_POINT ( 'NONE',  ( -0.5861506039905441945, 0.2192415497208687336, 1.079945119176312307 ) ) ;
#930 = CARTESIAN_POINT ( 'NONE',  ( -0.6250000000000004441, 0.5937499987709657923, 1.082531754730547968 ) ) ;
#931 = CARTESIAN_POINT ( 'NONE',  ( -0.7500000000000002220, 5.900000000000000355, -0.4330127018922192983 ) ) ;
#932 = EDGE_CURVE ( 'NONE', #403, #2567, #1843, .T. ) ;
#933 = CARTESIAN_POINT ( 'NONE',  ( 2.817957636530729931E-15, 2.037499999999999645, 1.249999999999999778 ) ) ;
#934 = CARTESIAN_POINT ( 'NONE',  ( 1.191095495853194869E-15, 1.081249998770965837, 1.249999999999999778 ) ) ;
#935 = CARTESIAN_POINT ( 'NONE',  ( -0.5032151781249997180, 0.3031249993854828739, -0.8715942556523225138 ) ) ;
#936 = VERTEX_POINT ( 'NONE', #2029 ) ;
#937 = CARTESIAN_POINT ( 'NONE',  ( 1.249999999999999556, 5.206249998770965171, 0.7216878364870328300 ) ) ;
#938 = CARTESIAN_POINT ( 'NONE',  ( -1.006430356249999880, 4.315624999385482496, -1.232521714346292805E-16 ) ) ;
#939 = PLANE ( 'NONE',  #440 ) ;
#940 = CARTESIAN_POINT ( 'NONE',  ( 0.6250000000000000000, 3.574999999999999289, -1.082531754730548190 ) ) ;
#941 = ORIENTED_EDGE ( 'NONE', *, *, #1747, .F. ) ;
#942 = CARTESIAN_POINT ( 'NONE',  ( 1.250000000000000000, -0.5687500012290341855, -0.7216878364870319418 ) ) ;
#943 = CARTESIAN_POINT ( 'NONE',  ( -1.249999999999999556, 4.137499999999999289, -0.7216878364870324969 ) ) ;
#944 = EDGE_CURVE ( 'NONE', #2093, #1172, #792, .T. ) ;
#945 = DIRECTION ( 'NONE',  ( -1.000000000000000000, 0.000000000000000000, 1.251928832280966188E-16 ) ) ;
#946 = CARTESIAN_POINT ( 'NONE',  ( 1.775737858763661916E-16, 4.467157287525381548, -1.449999999999999956 ) ) ;
#947 = DIRECTION ( 'NONE',  ( 0.8660254037844387076, -0.000000000000000000, 0.4999999999999998890 ) ) ;
#948 = CARTESIAN_POINT ( 'NONE',  ( -1.006430356249999658, 5.290624999385483029, -0.5810628371015486016 ) ) ;
#949 = CARTESIAN_POINT ( 'NONE',  ( 6.245988575815533685E-15, 2.881249998770965437, 1.249999999999999778 ) ) ;
#950 = DIRECTION ( 'NONE',  ( -0.000000000000000000, -1.000000000000000000, -0.000000000000000000 ) ) ;
#951 = CARTESIAN_POINT ( 'NONE',  ( -0.6249999999999995559, 0.8937499987709656146, -1.082531754730548412 ) ) ;
#952 = CARTESIAN_POINT ( 'NONE',  ( -1.006430356249999658, -0.1093750006145171039, -0.5810628371015484905 ) ) ;
#953 = EDGE_LOOP ( 'NONE', ( #2682, #2673, #2291, #1486 ) ) ;
#954 = CARTESIAN_POINT ( 'NONE',  ( -0.5032151781250003841, 0.4531249993854828406, 0.8715942556523225138 ) ) ;
#955 = CARTESIAN_POINT ( 'NONE',  ( -2.134790230679673516E-16, 3.528124999385482852, 1.162125674203096759 ) ) ;
#956 = DIRECTION ( 'NONE',  ( 0.6546536707079763096, -0.6546536707079780859, -0.3779644730092269755 ) ) ;
#957 = CARTESIAN_POINT ( 'NONE',  ( -0.5032151781250002731, 4.503124999385482496, 0.8715942556523222917 ) ) ;
#958 = ORIENTED_EDGE ( 'NONE', *, *, #146, .F. ) ;
#959 = CARTESIAN_POINT ( 'NONE',  ( 0.6249999999999990008, 1.118749998770965703, 1.082531754730548634 ) ) ;
#960 = CARTESIAN_POINT ( 'NONE',  ( 0.000000000000000000, 0.2600000000000000089, 0.000000000000000000 ) ) ;
#961 = CARTESIAN_POINT ( 'NONE',  ( 1.006430356249999880, 3.228124999385483029, -0.5810628371015482685 ) ) ;
#962 = CARTESIAN_POINT ( 'NONE',  ( -0.3349364905389021763, 2.411153809338631326, 1.250000000000000666 ) ) ;
#963 = CARTESIAN_POINT ( 'NONE',  ( 1.006430356249999880, 2.740624999385482763, 0.000000000000000000 ) ) ;
#964 = CARTESIAN_POINT ( 'NONE',  ( 1.743066579297358255E-16, 0.4062499987709657367, -1.249999999999999556 ) ) ;
#965 = CARTESIAN_POINT ( 'NONE',  ( -0.3349364905389030644, 2.676346188203299725, -1.249999999999999778 ) ) ;
#966 = VERTEX_POINT ( 'NONE', #1090 ) ;
#967 = EDGE_CURVE ( 'NONE', #730, #1571, #1383, .T. ) ;
#968 = CARTESIAN_POINT ( 'NONE',  ( -1.249999999999999778, 1.868749998770965481, -1.530808498934191324E-16 ) ) ;
#969 = CARTESIAN_POINT ( 'NONE',  ( 2.817957636530729931E-15, 1.531249998770965792, 1.249999999999999778 ) ) ;
#970 = CARTESIAN_POINT ( 'NONE',  ( -1.006430356249999658, 1.278124999385482852, -1.232521714346292558E-16 ) ) ;
#971 = AXIS2_PLACEMENT_3D ( 'NONE', #1574, #3038, #1116 ) ;
#972 = CARTESIAN_POINT ( 'NONE',  ( -1.006430356249999880, 0.8281249993854827851, -1.232521714346292805E-16 ) ) ;
#973 = FACE_OUTER_BOUND ( 'NONE', #1306, .T. ) ;
#974 = CARTESIAN_POINT ( 'NONE',  ( -1.006430356249999658, 0.7906249993854828073, -0.5810628371015487126 ) ) ;
#975 = DIRECTION ( 'NONE',  ( 0.000000000000000000, 0.000000000000000000, -1.000000000000000000 ) ) ;
#976 = VECTOR ( 'NONE', #1319, 1000.000000000000000 ) ;
#977 = CARTESIAN_POINT ( 'NONE',  ( -0.5032151781250002731, 4.953124999385481786, 0.8715942556523222917 ) ) ;
#978 = VERTEX_POINT ( 'NONE', #1269 ) ;
#979 = CARTESIAN_POINT ( 'NONE',  ( -1.249999999999999778, 1.418749998770965526, -1.530808498934191324E-16 ) ) ;
#980 = CARTESIAN_POINT ( 'NONE',  ( 7.115967435598912132E-17, 0.6031249993854828073, -1.162125674203096759 ) ) ;
#981 = CARTESIAN_POINT ( 'NONE',  ( 1.006430356249999880, 3.640624999385482674, 0.000000000000000000 ) ) ;
#982 = CARTESIAN_POINT ( 'NONE',  ( 2.817957636530729931E-15, 2.037499999999999645, 1.249999999999999778 ) ) ;
#983 = CARTESIAN_POINT ( 'NONE',  ( 0.3349364905389002334, 2.692403810567665978, -1.250000000000001332 ) ) ;
#984 = PRODUCT_DEFINITION_CONTEXT ( 'detailed design', #2280, 'design' ) ;
#985 = VERTEX_POINT ( 'NONE', #2231 ) ;
#986 = PLANE ( 'NONE',  #2106 ) ;
#987 = CARTESIAN_POINT ( 'NONE',  ( 2.817957636530729931E-15, 2.431249998770966148, 1.249999999999999778 ) ) ;
#988 = CARTESIAN_POINT ( 'NONE',  ( 7.115967435598909667E-17, -0.1843750006145170872, -1.162125674203096537 ) ) ;
#989 = EDGE_CURVE ( 'NONE', #2468, #903, #17, .T. ) ;
#990 = CARTESIAN_POINT ( 'NONE',  ( -0.5032151781249998290, 2.553124999385482763, -0.8715942556523227358 ) ) ;
#991 = CARTESIAN_POINT ( 'NONE',  ( 7.115967435598912132E-17, 1.165624999385482807, -1.162125674203096759 ) ) ;
#992 = CARTESIAN_POINT ( 'NONE',  ( 1.249999999999999778, 2.993749998770965703, 0.000000000000000000 ) ) ;
#993 = CARTESIAN_POINT ( 'NONE',  ( 1.006430356249999436, 5.065624999385480720, 0.5810628371015487126 ) ) ;
#994 = VERTEX_POINT ( 'NONE', #209 ) ;
#995 = ORIENTED_EDGE ( 'NONE', *, *, #182, .T. ) ;
#996 = CARTESIAN_POINT ( 'NONE',  ( -2.651438096812266917E-16, 1.081249998770965615, 1.443375672974064106 ) ) ;
#997 = CARTESIAN_POINT ( 'NONE',  ( 0.04999999999999926031, 6.000000000000000000, 0.9526279441628818789 ) ) ;
#998 = CARTESIAN_POINT ( 'NONE',  ( -1.006430356249999880, 4.765624999385482674, -1.232521714346292805E-16 ) ) ;
#999 = EDGE_CURVE ( 'NONE', #2093, #1044, #727, .T. ) ;
#1000 = CARTESIAN_POINT ( 'NONE',  ( 1.250000000000000000, 3.087499999999999911, -0.7216878364870319418 ) ) ;
#1001 = ORIENTED_EDGE ( 'NONE', *, *, #2622, .F. ) ;
#1002 = CARTESIAN_POINT ( 'NONE',  ( -1.510657702057710537E-15, 0.8562499987709658589, -1.249999999999999778 ) ) ;
#1003 = CARTESIAN_POINT ( 'NONE',  ( 0.5032151781249992739, 1.878124999385482718, 0.8715942556523228468 ) ) ;
#1004 = CARTESIAN_POINT ( 'NONE',  ( 1.006430356249999880, 1.990624999385483207, -0.5810628371015482685 ) ) ;
#1005 = CARTESIAN_POINT ( 'NONE',  ( -0.6499999999999974687, 5.099999999999999645, 0.3752776749732590345 ) ) ;
#1006 = FACE_OUTER_BOUND ( 'NONE', #347, .T. ) ;
#1007 = CARTESIAN_POINT ( 'NONE',  ( -0.5032151781250003841, -0.1093750006145171039, 0.8715942556523225138 ) ) ;
#1008 = EDGE_LOOP ( 'NONE', ( #958, #3005, #216, #2220 ) ) ;
#1009 = CARTESIAN_POINT ( 'NONE',  ( -0.6249999999999995559, -0.006250001229034197678, -1.082531754730548412 ) ) ;
#1010 = LINE ( 'NONE', #1963, #1901 ) ;
#1011 = CARTESIAN_POINT ( 'NONE',  ( -2.134790230679673516E-16, 5.328124999385482674, 1.162125674203096759 ) ) ;
#1012 = ADVANCED_FACE ( 'NONE', ( #2923 ), #1200, .F. ) ;
#1013 = CARTESIAN_POINT ( 'NONE',  ( 1.026683093871655572, 0.2499999999999997224, 0.7130370430476419275 ) ) ;
#1014 = ORIENTED_EDGE ( 'NONE', *, *, #2924, .T. ) ;
#1015 = CARTESIAN_POINT ( 'NONE',  ( 2.025346705582189620E-16, 5.900000000000000355, -0.8660254037844384856 ) ) ;
#1016 = CARTESIAN_POINT ( 'NONE',  ( -0.6249999999999995559, 5.449999999999999289, -1.082531754730548412 ) ) ;
#1017 = CARTESIAN_POINT ( 'NONE',  ( -2.134790230679673516E-16, 0.9406249993854827185, 1.162125674203096759 ) ) ;
#1018 = CARTESIAN_POINT ( 'NONE',  ( 0.6249999999999990008, 0.2749999999999998557, 1.082531754730548634 ) ) ;
#1019 = CARTESIAN_POINT ( 'NONE',  ( 0.5032151781249999400, 5.628124999385482496, -0.8715942556523224027 ) ) ;
#1020 = CIRCLE ( 'NONE', #2453, 2.529289321881349473 ) ;
#1021 = EDGE_CURVE ( 'NONE', #2754, #2429, #1965, .T. ) ;
#1022 = AXIS2_PLACEMENT_3D ( 'NONE', #3100, #2866, #3132 ) ;
#1023 = CARTESIAN_POINT ( 'NONE',  ( 8.838126989374222236E-17, 1.756249998770965437, -1.443375672974064106 ) ) ;
#1024 = CARTESIAN_POINT ( 'NONE',  ( -0.8499999999999993117, 6.000000000000000000, -0.4907477288111813385 ) ) ;
#1025 = CARTESIAN_POINT ( 'NONE',  ( -1.006430356250000324, 4.353124999385482141, 0.5810628371015480464 ) ) ;
#1026 = CARTESIAN_POINT ( 'NONE',  ( 1.006430356249999880, 5.440624999385482496, 0.000000000000000000 ) ) ;
#1027 = EDGE_CURVE ( 'NONE', #2837, #1334, #2755, .T. ) ;
#1028 = ORIENTED_EDGE ( 'NONE', *, *, #1810, .T. ) ;
#1029 = VECTOR ( 'NONE', #2659, 1000.000000000000000 ) ;
#1030 = CARTESIAN_POINT ( 'NONE',  ( 0.6250000000000000000, 3.124999999999999112, -1.082531754730548190 ) ) ;
#1031 = ORIENTED_EDGE ( 'NONE', *, *, #2877, .T. ) ;
#1032 = CARTESIAN_POINT ( 'NONE',  ( 1.530808498934191324E-16, 4.467157287525381548, 1.249999999999999778 ) ) ;
#1033 = CARTESIAN_POINT ( 'NONE',  ( -1.006430356249999658, 2.590624999385482852, -0.5810628371015484905 ) ) ;
#1034 = EDGE_CURVE ( 'NONE', #2797, #1571, #225, .T. ) ;
#1035 = CARTESIAN_POINT ( 'NONE',  ( 1.250000000000000000, 4.437500000000000000, -0.7216878364870319418 ) ) ;
#1036 = ADVANCED_FACE ( 'NONE', ( #2183 ), #758, .T. ) ;
#1037 = CARTESIAN_POINT ( 'NONE',  ( 1.006430356249999880, 2.853124999385482585, 0.000000000000000000 ) ) ;
#1038 = CARTESIAN_POINT ( 'NONE',  ( -0.5032151781249998290, 3.003124999385482496, -0.8715942556523227358 ) ) ;
#1039 = CARTESIAN_POINT ( 'NONE',  ( 1.743066579297358255E-16, 2.262499999999999289, -1.249999999999999556 ) ) ;
#1040 = CARTESIAN_POINT ( 'NONE',  ( 0.5032151781250000511, 1.015624999385482896, -0.8715942556523226248 ) ) ;
#1041 = ORIENTED_EDGE ( 'NONE', *, *, #2587, .T. ) ;
#1042 = CARTESIAN_POINT ( 'NONE',  ( 8.838126989374222236E-17, 2.656249998770965348, -1.443375672974064106 ) ) ;
#1043 = CARTESIAN_POINT ( 'NONE',  ( 0.5032151781250000511, 0.1156249993854829433, -0.8715942556523226248 ) ) ;
#1044 = VERTEX_POINT ( 'NONE', #1255 ) ;
#1045 = CARTESIAN_POINT ( 'NONE',  ( -0.6250000000000004441, 0.1999999999999998723, 1.082531754730547968 ) ) ;
#1046 = EDGE_CURVE ( 'NONE', #2588, #936, #1746, .T. ) ;
#1047 = CARTESIAN_POINT ( 'NONE',  ( 7.115967435598910900E-17, -0.7468750006145170595, -1.162125674203096759 ) ) ;
#1048 = CARTESIAN_POINT ( 'NONE',  ( -0.6250000000000004441, 0.6499999999999998002, 1.082531754730547968 ) ) ;
#1049 =( BOUNDED_CURVE ( )  B_SPLINE_CURVE ( 2, ( #2736, #1828, #1051, #1321, #517, #99, #1089 ),
 .UNSPECIFIED., .F., .T. ) 
 B_SPLINE_CURVE_WITH_KNOTS ( ( 3, 2, 2, 3 ),
 ( 0.7833333333333333259, 0.7888888888888888618, 0.8000000000000000444, 0.8072955250736358890 ),
 .UNSPECIFIED. ) 
 CURVE ( )  GEOMETRIC_REPRESENTATION_ITEM ( )  RATIONAL_B_SPLINE_CURVE ( ( 0.9330127018922194093, 0.9330127018922194093, 1.000000000000000000, 0.8660254037844387076, 1.000000000000000000, 0.9120326476671217764, 0.9395835397633010011 ) ) 
 REPRESENTATION_ITEM ( '' )  );
#1050 = ORIENTED_EDGE ( 'NONE', *, *, #420, .F. ) ;
#1051 = CARTESIAN_POINT ( 'NONE',  ( 0.6249999999999990008, 4.325000000000000178, 1.082531754730548634 ) ) ;
#1052 = CARTESIAN_POINT ( 'NONE',  ( 1.006430356249999436, 2.365624999385482763, 0.5810628371015487126 ) ) ;
#1053 = CARTESIAN_POINT ( 'NONE',  ( 2.817957636530729931E-15, 1.137499999999999956, 1.249999999999999778 ) ) ;
#1054 = B_SPLINE_CURVE_WITH_KNOTS ( 'NONE', 3,
 ( #2847, #927, #2180, #3112, #2150, #3130, #193, #1147, #1913, #907 ),
 .UNSPECIFIED., .F., .F.,
 ( 4, 2, 2, 2, 4 ),
 ( 0.003874577220956399587, 0.004411883492605760994, 0.004949189764255121533, 0.005486496035904482940, 0.006023802307553843480 ),
 .UNSPECIFIED. ) ;
#1055 = CARTESIAN_POINT ( 'NONE',  ( 1.006430356249999658, 4.165624999385482141, 0.5810628371015489346 ) ) ;
#1056 = CARTESIAN_POINT ( 'NONE',  ( 0.5032151781250000511, 3.378124999385482052, -0.8715942556523226248 ) ) ;
#1057 = CARTESIAN_POINT ( 'NONE',  ( 1.530808498934191324E-16, 4.450000000000000178, 1.249999999999999778 ) ) ;
#1058 = CARTESIAN_POINT ( 'NONE',  ( 7.115967435598910900E-17, 1.503124999385482496, -1.162125674203096759 ) ) ;
#1059 = ORIENTED_EDGE ( 'NONE', *, *, #2953, .F. ) ;
#1060 = CARTESIAN_POINT ( 'NONE',  ( 8.838126989374222236E-17, 3.556249998770965703, -1.443375672974064106 ) ) ;
#1061 = CARTESIAN_POINT ( 'NONE',  ( 1.006430356249999880, 1.840624999385482630, 0.000000000000000000 ) ) ;
#1062 = ORIENTED_EDGE ( 'NONE', *, *, #1670, .T. ) ;
#1063 = DIRECTION ( 'NONE',  ( 0.000000000000000000, 0.000000000000000000, -1.000000000000000000 ) ) ;
#1064 = CARTESIAN_POINT ( 'NONE',  ( -0.8516431492459642927, 4.449999999999996625, 0.5517043588733526738 ) ) ;
#1065 = CARTESIAN_POINT ( 'NONE',  ( -1.250000000000000000, -0.7375000000000001554, 0.7216878364870314977 ) ) ;
#1066 = CARTESIAN_POINT ( 'NONE',  ( -0.5032151781249998290, 0.1906249993854829128, -0.8715942556523227358 ) ) ;
#1067 = CARTESIAN_POINT ( 'NONE',  ( -3.137519842735245599E-15, 1.812500000000000000, -1.249999999999999778 ) ) ;
#1068 = ORIENTED_EDGE ( 'NONE', *, *, #127, .T. ) ;
#1069 = CARTESIAN_POINT ( 'NONE',  ( 1.006430356249999658, 1.990624999385483207, -0.5810628371015482685 ) ) ;
#1070 =( BOUNDED_CURVE ( )  B_SPLINE_CURVE ( 2, ( #708, #211, #1181, #2654, #395, #1203, #227, #2166, #3115 ),
 .UNSPECIFIED., .F., .F. ) 
 B_SPLINE_CURVE_WITH_KNOTS ( ( 3, 2, 2, 2, 3 ),
 ( 0.6833333333333333481, 0.6888888888888888840, 0.6999999999999999556, 0.7111111111111111382, 0.7166666666666666741 ),
 .UNSPECIFIED. ) 
 CURVE ( )  GEOMETRIC_REPRESENTATION_ITEM ( )  RATIONAL_B_SPLINE_CURVE ( ( 0.9330127018922194093, 0.9330127018922194093, 1.000000000000000000, 0.8660254037844387076, 1.000000000000000000, 0.8660254037844387076, 1.000000000000000000, 0.9330127018922194093, 0.9330127018922194093 ) ) 
 REPRESENTATION_ITEM ( '' )  );
#1071 = ORIENTED_EDGE ( 'NONE', *, *, #1797, .T. ) ;
#1072 = CARTESIAN_POINT ( 'NONE',  ( 0.5032151781250000511, 4.728124999385482141, -0.8715942556523226248 ) ) ;
#1073 = CARTESIAN_POINT ( 'NONE',  ( -1.006430356249999658, 3.040624999385483029, -0.5810628371015487126 ) ) ;
#1074 = CARTESIAN_POINT ( 'NONE',  ( -0.7500000000000001110, 5.900000000000000355, -0.4330127018922193538 ) ) ;
#1075 = CARTESIAN_POINT ( 'NONE',  ( 1.006430356249999880, 1.878124999385483163, -0.5810628371015482685 ) ) ;
#1076 = EDGE_LOOP ( 'NONE', ( #450, #2019, #65, #1906 ) ) ;
#1077 = CARTESIAN_POINT ( 'NONE',  ( -2.651438096812266917E-16, 3.331249998770965615, 1.443375672974064106 ) ) ;
#1078 = CARTESIAN_POINT ( 'NONE',  ( 1.006430356249999658, 1.803124999385482763, 0.5810628371015489346 ) ) ;
#1079 = ORIENTED_EDGE ( 'NONE', *, *, #53, .T. ) ;
#1080 = FILL_AREA_STYLE_COLOUR ( '', #45 ) ;
#1081 = CARTESIAN_POINT ( 'NONE',  ( -0.3500891736333670567, 4.450000000000091660, 0.9524417085923293502 ) ) ;
#1082 = CARTESIAN_POINT ( 'NONE',  ( 1.250000000000000000, -0.06250000000000005551, -0.7216878364870319418 ) ) ;
#1083 = ADVANCED_FACE ( 'NONE', ( #585 ), #618, .T. ) ;
#1084 = VECTOR ( 'NONE', #674, 1000.000000000000000 ) ;
#1085 = CARTESIAN_POINT ( 'NONE',  ( -0.7499999999999980016, 5.200000000000000178, 0.4330127018922224624 ) ) ;
#1086 = VECTOR ( 'NONE', #653, 999.9999999999998863 ) ;
#1087 = VERTEX_POINT ( 'NONE', #3087 ) ;
#1088 = CARTESIAN_POINT ( 'NONE',  ( 2.817957636530729931E-15, 1.587500000000000133, 1.249999999999999778 ) ) ;
#1089 = CARTESIAN_POINT ( 'NONE',  ( 0.9632240381207813895, 4.450000000000000178, -0.7966802698613131284 ) ) ;
#1090 = CARTESIAN_POINT ( 'NONE',  ( 1.530808498934191571E-16, 4.450000000000000178, 1.250000000000000000 ) ) ;
#1091 = CARTESIAN_POINT ( 'NONE',  ( 0.000000000000000000, 6.000000000000000000, 0.000000000000000000 ) ) ;
#1092 = EDGE_CURVE ( 'NONE', #1588, #1729, #1815, .T. ) ;
#1093 = CARTESIAN_POINT ( 'NONE',  ( -1.006430356250000102, 2.215624999385482408, 0.5810628371015480464 ) ) ;
#1094 = CARTESIAN_POINT ( 'NONE',  ( -1.249999999999999778, 2.824999999999999734, -1.530808498934191324E-16 ) ) ;
#1095 = CARTESIAN_POINT ( 'NONE',  ( 0.5032151781249993849, 2.215624999385482408, 0.8715942556523230689 ) ) ;
#1096 = CARTESIAN_POINT ( 'NONE',  ( 1.250000000000000000, 3.931249998770965703, -0.7216878364870319418 ) ) ;
#1097 = CARTESIAN_POINT ( 'NONE',  ( 0.5032151781250000511, 3.265624999385482230, -0.8715942556523226248 ) ) ;
#1098 = ORIENTED_EDGE ( 'NONE', *, *, #2036, .F. ) ;
#1099 = CARTESIAN_POINT ( 'NONE',  ( 0.000000000000000000, 4.450000000000000178, -1.249999999999999778 ) ) ;
#1100 = CARTESIAN_POINT ( 'NONE',  ( 0.6249999999999990008, 2.524999999999999467, 1.082531754730548634 ) ) ;
#1101 = CARTESIAN_POINT ( 'NONE',  ( -1.006430356250000324, 2.103124999385483029, 0.5810628371015480464 ) ) ;
#1102 = DIRECTION ( 'NONE',  ( -0.3535533905932697341, -0.7071067811865489050, 0.6123724356957954695 ) ) ;
#1103 = CARTESIAN_POINT ( 'NONE',  ( -1.006430356250000324, 3.453124999385482230, 0.5810628371015480464 ) ) ;
#1104 = ORIENTED_EDGE ( 'NONE', *, *, #1620, .T. ) ;
#1105 = CARTESIAN_POINT ( 'NONE',  ( -0.3349364905389021763, 1.567403810567665756, 1.250000000000000666 ) ) ;
#1106 = CARTESIAN_POINT ( 'NONE',  ( -0.5032151781250003841, 3.153124999385482408, 0.8715942556523225138 ) ) ;
#1107 = CARTESIAN_POINT ( 'NONE',  ( 1.006430356249999880, 0.5281249993854828517, -0.5810628371015482685 ) ) ;
#1108 = CARTESIAN_POINT ( 'NONE',  ( -1.249999999999999778, 3.631249998770965881, -0.7216878364870323859 ) ) ;
#1109 = CARTESIAN_POINT ( 'NONE',  ( -1.006430356249999880, 2.515624999385482674, -1.232521714346292805E-16 ) ) ;
#1110 = ORIENTED_EDGE ( 'NONE', *, *, #1322, .F. ) ;
#1111 = CARTESIAN_POINT ( 'NONE',  ( 8.838126989374222236E-17, 3.162499999999999645, -1.443375672974064106 ) ) ;
#1112 = CARTESIAN_POINT ( 'NONE',  ( -0.9318779075252465738, 0.2026852229547370376, 0.7754892935979523783 ) ) ;
#1113 = DIRECTION ( 'NONE',  ( 0.000000000000000000, 1.000000000000000000, 0.000000000000000000 ) ) ;
#1114 = ORIENTED_EDGE ( 'NONE', *, *, #602, .F. ) ;
#1115 = CARTESIAN_POINT ( 'NONE',  ( -0.6250000000000004441, 1.549999999999999822, 1.082531754730547968 ) ) ;
#1116 = DIRECTION ( 'NONE',  ( 0.000000000000000000, 0.000000000000000000, -1.000000000000000000 ) ) ;
#1117 = CARTESIAN_POINT ( 'NONE',  ( 7.115967435598910900E-17, 3.753124999385482052, -1.162125674203096759 ) ) ;
#1118 = ORIENTED_EDGE ( 'NONE', *, *, #2131, .F. ) ;
#1119 = CARTESIAN_POINT ( 'NONE',  ( 1.743066579297358255E-16, 0.9124999999999997558, -1.249999999999999556 ) ) ;
#1120 = CARTESIAN_POINT ( 'NONE',  ( 1.249999999999999778, 4.343749998770965348, 0.000000000000000000 ) ) ;
#1121 = CARTESIAN_POINT ( 'NONE',  ( 1.006430356249999658, 2.703124999385482230, 0.5810628371015489346 ) ) ;
#1122 = CARTESIAN_POINT ( 'NONE',  ( 0.6249999999999990008, 5.168749998770965526, 1.082531754730548634 ) ) ;
#1123 = CARTESIAN_POINT ( 'NONE',  ( -1.006430356250000102, 2.553124999385482763, 0.5810628371015480464 ) ) ;
#1124 = ORIENTED_EDGE ( 'NONE', *, *, #1322, .T. ) ;
#1125 = CARTESIAN_POINT ( 'NONE',  ( 8.838126989374222236E-17, 2.712499999999999467, -1.443375672974064106 ) ) ;
#1126 = EDGE_CURVE ( 'NONE', #1676, #966, #3142, .T. ) ;
#1127 = CARTESIAN_POINT ( 'NONE',  ( 1.006430356249999880, 0.4906249993854828184, 0.000000000000000000 ) ) ;
#1128 = CARTESIAN_POINT ( 'NONE',  ( 0.000000000000000000, 0.000000000000000000, 0.000000000000000000 ) ) ;
#1129 = LINE ( 'NONE', #908, #2247 ) ;
#1130 = VECTOR ( 'NONE', #1441, 1000.000000000000000 ) ;
#1131 = EDGE_LOOP ( 'NONE', ( #2854, #1683, #1114, #760, #2932 ) ) ;
#1132 = CARTESIAN_POINT ( 'NONE',  ( 1.006430356249999658, 3.265624999385482230, 0.5810628371015489346 ) ) ;
#1133 = VECTOR ( 'NONE', #46, 1000.000000000000000 ) ;
#1134 = CARTESIAN_POINT ( 'NONE',  ( 0.3349364905389027314, 3.801346188203299725, 1.250000000000000000 ) ) ;
#1135 =( BOUNDED_CURVE ( )  B_SPLINE_CURVE ( 2, ( #1484, #2209, #10, #2418, #992, #1989, #219, #1212, #1940 ),
 .UNSPECIFIED., .F., .T. ) 
 B_SPLINE_CURVE_WITH_KNOTS ( ( 3, 2, 2, 2, 3 ),
 ( 0.5166666666666667185, 0.5222222222222222543, 0.5333333333333333259, 0.5444444444444443976, 0.5500000000000000444 ),
 .UNSPECIFIED. ) 
 CURVE ( )  GEOMETRIC_REPRESENTATION_ITEM ( )  RATIONAL_B_SPLINE_CURVE ( ( 0.9330127018922194093, 0.9330127018922200755, 1.000000000000000000, 0.8660254037844387076, 1.000000000000000000, 0.8660254037844387076, 1.000000000000000000, 0.9330127018922187432, 0.9330127018922194093 ) ) 
 REPRESENTATION_ITEM ( '' )  );
#1136 = CARTESIAN_POINT ( 'NONE',  ( 1.006430356249999658, 4.503124999385482496, 0.5810628371015489346 ) ) ;
#1137 = AXIS2_PLACEMENT_3D ( 'NONE', #2138, #427, #179 ) ;
#1138 = CARTESIAN_POINT ( 'NONE',  ( -0.3349364905389030644, 0.9325961894323340218, -1.249999999999999778 ) ) ;
#1139 = FACE_OUTER_BOUND ( 'NONE', #1131, .T. ) ;
#1140 = ADVANCED_FACE ( 'NONE', ( #431 ), #2871, .T. ) ;
#1141 = ORIENTED_EDGE ( 'NONE', *, *, #2959, .F. ) ;
#1142 = CARTESIAN_POINT ( 'NONE',  ( -0.5032151781250003841, 0.003124999385482863344, 0.8715942556523225138 ) ) ;
#1143 = CARTESIAN_POINT ( 'NONE',  ( -2.134790230679673516E-16, 3.978124999385482585, 1.162125674203096759 ) ) ;
#1144 = DIRECTION ( 'NONE',  ( 0.000000000000000000, 0.000000000000000000, 1.000000000000000000 ) ) ;
#1145 = CARTESIAN_POINT ( 'NONE',  ( 1.249999999999999556, 2.562499999999999556, 0.7216878364870328300 ) ) ;
#1146 = EDGE_CURVE ( 'NONE', #2024, #19, #2030, .T. ) ;
#1147 = CARTESIAN_POINT ( 'NONE',  ( 1.030678866660147630, 0.02282619877498762509, 0.1280175559528178852 ) ) ;
#1148 = CARTESIAN_POINT ( 'NONE',  ( -1.006430356249999880, 4.878124999385482496, -1.232521714346292805E-16 ) ) ;
#1149 = CARTESIAN_POINT ( 'NONE',  ( -1.249999999999999556, 1.437500000000000000, -0.7216878364870324969 ) ) ;
#1150 = CARTESIAN_POINT ( 'NONE',  ( -2.134790230679673516E-16, 5.328124999385482674, 1.162125674203096759 ) ) ;
#1151 = PLANE ( 'NONE',  #515 ) ;
#1152 = CARTESIAN_POINT ( 'NONE',  ( 0.000000000000000000, 5.829289321881343966, 0.000000000000000000 ) ) ;
#1153 = VERTEX_POINT ( 'NONE', #1678 ) ;
#1154 =( BOUNDED_CURVE ( )  B_SPLINE_CURVE ( 2, ( #1271, #2232, #2010, #2965, #32, #1996, #1048, #529, #2734 ),
 .UNSPECIFIED., .F., .T. ) 
 B_SPLINE_CURVE_WITH_KNOTS ( ( 3, 2, 2, 2, 3 ),
 ( 0.2166666666666666741, 0.2222222222222222099, 0.2333333333333333370, 0.2444444444444444364, 0.2500000000000000000 ),
 .UNSPECIFIED. ) 
 CURVE ( )  GEOMETRIC_REPRESENTATION_ITEM ( )  RATIONAL_B_SPLINE_CURVE ( ( 0.9330127018922194093, 0.9330127018922195203, 1.000000000000000000, 0.8660254037844387076, 1.000000000000000000, 0.8660254037844387076, 1.000000000000000000, 0.9330127018922191873, 0.9330127018922194093 ) ) 
 REPRESENTATION_ITEM ( '' )  );
#1155 = CARTESIAN_POINT ( 'NONE',  ( 0.5032151781250000511, -0.6718750006145171039, -0.8715942556523226248 ) ) ;
#1156 = CARTESIAN_POINT ( 'NONE',  ( -0.5032151781250003841, 3.490624999385482763, 0.8715942556523225138 ) ) ;
#1157 = LINE ( 'NONE', #2129, #2206 ) ;
#1158 = CARTESIAN_POINT ( 'NONE',  ( 7.115967435598909667E-17, 3.865624999385482763, -1.162125674203096537 ) ) ;
#1159 = CARTESIAN_POINT ( 'NONE',  ( -0.6249999999999995559, 2.299999999999999378, -1.082531754730548412 ) ) ;
#1160 = APPLICATION_PROTOCOL_DEFINITION ( 'draft international standard', 'automotive_design', 1998, #2280 ) ;
#1161 = CARTESIAN_POINT ( 'NONE',  ( 1.191095495853194869E-15, 0.6312499987709657701, 1.249999999999999778 ) ) ;
#1162 = CARTESIAN_POINT ( 'NONE',  ( 1.006430356249999658, 1.353124999385482585, 0.5810628371015489346 ) ) ;
#1163 = LINE ( 'NONE', #2136, #257 ) ;
#1164 = CARTESIAN_POINT ( 'NONE',  ( 0.6250000000000000000, 3.518749998770965171, -1.082531754730548190 ) ) ;
#1165 = CARTESIAN_POINT ( 'NONE',  ( -1.006430356249999880, 3.415624999385482141, -1.232521714346292805E-16 ) ) ;
#1166 = PLANE ( 'NONE',  #1137 ) ;
#1167 = CARTESIAN_POINT ( 'NONE',  ( 1.006430356249999880, 5.103124999385482141, 0.000000000000000000 ) ) ;
#1168 = FACE_OUTER_BOUND ( 'NONE', #913, .T. ) ;
#1169 = CARTESIAN_POINT ( 'NONE',  ( -1.006430356249999880, 4.438398020327246840, 0.1591805518406687880 ) ) ;
#1170 = CARTESIAN_POINT ( 'NONE',  ( 0.6250000000000000000, 2.168749998770965526, -1.082531754730548190 ) ) ;
#1171 = CARTESIAN_POINT ( 'NONE',  ( 0.000000000000000000, 4.450000000000000178, 0.000000000000000000 ) ) ;
#1172 = VERTEX_POINT ( 'NONE', #1807 ) ;
#1173 = CARTESIAN_POINT ( 'NONE',  ( 1.249999999999999556, 4.756249998770964993, 0.7216878364870328300 ) ) ;
#1174 = CARTESIAN_POINT ( 'NONE',  ( -0.1246171378368377963, 4.418838429997226314, 1.090177936127358027 ) ) ;
#1175 = ORIENTED_EDGE ( 'NONE', *, *, #1656, .T. ) ;
#1176 = CARTESIAN_POINT ( 'NONE',  ( -0.5032151781250002731, 3.603124999385482585, 0.8715942556523222917 ) ) ;
#1177 = CARTESIAN_POINT ( 'NONE',  ( -1.249999999999999778, 3.724999999999999201, -1.530808498934191324E-16 ) ) ;
#1178 =( BOUNDED_SURFACE ( )  B_SPLINE_SURFACE ( 1, 2, ( 
 ( #1404, #942, #926, #1911, #1685, #2627, #1928, #1697, #2647, #1453, #1760, #1266, #1471, #236, #724, #28, #1009, #1772, #3143, #1519, #2730, #1992, #1487, #2943, #2920, #2228, #2448, #2715, #2464, #2214, #1299, #755, #2240, #491, #2667, #250, #536, #1231, #3128, #1713, #1743, #2960, #768, #2933, #784, #996, #959, #2701, #1730, #524, #1252, #2474, #14, #2195, #979, #275, #476, #267, #2434, #1280, #289, #41, #1977, #1023, #507, #2006, #1535, #2485, #1505, #2903, #1944, #1962, #739, #2685, #2531, #2292, #1834, #2505, #2055, #2763, #340, #598, #56, #570, #1313, #2256, #3027, #1042, #799, #2517, #2559, #2779, #2798, #2020, #1848, #615, #582, #1341, #2813, #2275, #74, #1784, #1614, #355, #829, #1077, #2309, #2081, #105, #119, #307, #1060, #2038, #1108, #1579, #856, #2976, #1804, #376, #2987, #2745, #1096, #2548, #550, #1594, #1548, #2070, #813, #1563, #326, #1327, #90, #3016, #844, #1352, #3003, #2325, #1819, #1907, #1692, #2386, #1400, #2114, #1173, #2145, #2873, #169, #2398, #697, #629, #3061, #1876, #2640, #1366, #1122, #937, #1922, #2338, #1417, #386, #889, #2883, #2371, #135, #3107, #1888, #2840, #1866, #1681, #667, #648, #2097, #3045 ),
 ( #1645, #2589, #1155, #1630, #405, #1432, #2128, #3074, #876, #683, #901, #203, #1194, #2573, #2855, #1663, #2827, #1384, #2351, #2606, #1142, #422, #154, #187, #3090, #921, #2621, #434, #2160, #1245, #273, #1709, #954, #3122, #3137, #1466, #1449, #1211, #734, #1938, #763, #2224, #972, #233, #2698, #1017, #2663, #501, #780, #2190, #485, #2897, #1958, #520, #716, #1768, #471, #2174, #1513, #2430, #1225, #2236, #23, #1498, #2915, #1725, #2679, #2461, #1260, #36, #1482, #1987, #2001, #1004, #2444, #2939, #244, #1753, #2208, #2711, #2954, #8, #2470, #451, #1276, #2417, #217, #1971, #990, #2928, #751, #2568, #2821, #2834, #1860, #302, #1037, #2983, #2031, #3055, #2015, #2740, #382, #625, #2120, #2513, #2089, #1132, #144, #3068, #1625, #2758, #1309, #1376, #2346, #2109, #1558, #639, #898, #2971, #2268, #69, #2724, #533, #2481, #884, #3036, #1796, #1531, #322, #1872, #1055, #2251, #808, #2363, #794, #286, #1293, #1323, #2583, #1638, #2287, #396, #565, #52, #85, #1072, #1394, #866, #163, #1148, #1780, #546, #1542, #2498, #2167, #1167, #1702, #2199, #3116, #689, #948, #2632, #1932, #481, #2907, #442, #1653, #1442, #2655, #1688, #239, #2890 ) ),
 .UNSPECIFIED., .F., .F., .F. ) 
 B_SPLINE_SURFACE_WITH_KNOTS ( ( 2, 2 ),
 ( 3, 2, 2, 2, 2, 2, 2, 2, 2, 2, 2, 2, 2, 2, 2, 2, 2, 2, 2, 2, 2, 2, 2, 2, 2, 2, 2, 2, 2, 2, 2, 2, 2, 2, 2, 2, 2, 2, 2, 2, 2, 2, 2, 2, 2, 2, 2, 2, 2, 2, 2, 2, 2, 2, 2, 2, 2, 2, 2, 2, 2, 2, 2, 2, 2, 2, 2, 2, 2, 2, 2, 2, 2, 2, 2, 2, 2, 2, 2, 2, 2, 2, 2, 2, 2, 2, 3 ),
 ( 0.000000000000000000, 1.000000000000000000 ),
 ( 0.000000000000000000, 0.01111111111111111154, 0.02222222222222222307, 0.03333333333333333287, 0.04444444444444444614, 0.05555555555555555247, 0.06666666666666666574, 0.07777777777777777901, 0.08888888888888889228, 0.1000000000000000056, 0.1111111111111111049, 0.1222222222222222182, 0.1333333333333333315, 0.1444444444444444309, 0.1555555555555555580, 0.1666666666666666574, 0.1777777777777777846, 0.1888888888888888840, 0.2000000000000000111, 0.2111111111111111105, 0.2222222222222222099, 0.2333333333333333370, 0.2444444444444444364, 0.2555555555555555358, 0.2666666666666666630, 0.2777777777777777901, 0.2888888888888888618, 0.2999999999999999889, 0.3111111111111111160, 0.3222222222222222432, 0.3333333333333333148, 0.3444444444444444420, 0.3555555555555555691, 0.3666666666666666408, 0.3777777777777777679, 0.3888888888888888951, 0.4000000000000000222, 0.4111111111111110938, 0.4222222222222222210, 0.4333333333333333481, 0.4444444444444444198, 0.4555555555555555469, 0.4666666666666666741, 0.4777777777777778012, 0.4888888888888888729, 0.5000000000000000000, 0.5111111111111110716, 0.5222222222222222543, 0.5333333333333333259, 0.5444444444444443976, 0.5555555555555555802, 0.5666666666666666519, 0.5777777777777777235, 0.5888888888888889062, 0.5999999999999999778, 0.6111111111111111605, 0.6222222222222222321, 0.6333333333333333037, 0.6444444444444444864, 0.6555555555555555580, 0.6666666666666666297, 0.6777777777777778123, 0.6888888888888888840, 0.6999999999999999556, 0.7111111111111111382, 0.7222222222222222099, 0.7333333333333332815, 0.7444444444444444642, 0.7555555555555555358, 0.7666666666666667185, 0.7777777777777777901, 0.7888888888888888618, 0.8000000000000000444, 0.8111111111111111160, 0.8222222222222221877, 0.8333333333333333703, 0.8444444444444444420, 0.8555555555555555136, 0.8666666666666666963, 0.8777777777777777679, 0.8888888888888888395, 0.9000000000000000222, 0.9111111111111110938, 0.9222222222222222765, 0.9333333333333333481, 0.9444444444444444198, 0.9555555555555556024 ),
 .UNSPECIFIED. ) 
 GEOMETRIC_REPRESENTATION_ITEM ( )  RATIONAL_B_SPLINE_SURFACE ( (
 ( 1.000000000000000000, 0.8660254037844387076, 1.000000000000000000, 0.8660254037844387076, 1.000000000000000000, 0.8660254037844387076, 1.000000000000000000, 0.8660254037844387076, 1.000000000000000000, 0.8660254037844387076, 1.000000000000000000, 0.8660254037844387076, 1.000000000000000000, 0.8660254037844387076, 1.000000000000000000, 0.8660254037844387076, 1.000000000000000000, 0.8660254037844387076, 1.000000000000000000, 0.8660254037844387076, 1.000000000000000000, 0.8660254037844387076, 1.000000000000000000, 0.8660254037844387076, 1.000000000000000000, 0.8660254037844387076, 1.000000000000000000, 0.8660254037844387076, 1.000000000000000000, 0.8660254037844387076, 1.000000000000000000, 0.8660254037844387076, 1.000000000000000000, 0.8660254037844387076, 1.000000000000000000, 0.8660254037844387076, 1.000000000000000000, 0.8660254037844387076, 1.000000000000000000, 0.8660254037844387076, 1.000000000000000000, 0.8660254037844387076, 1.000000000000000000, 0.8660254037844387076, 1.000000000000000000, 0.8660254037844387076, 1.000000000000000000, 0.8660254037844387076, 1.000000000000000000, 0.8660254037844387076, 1.000000000000000000, 0.8660254037844387076, 1.000000000000000000, 0.8660254037844387076, 1.000000000000000000, 0.8660254037844387076, 1.000000000000000000, 0.8660254037844387076, 1.000000000000000000, 0.8660254037844387076, 1.000000000000000000, 0.8660254037844387076, 1.000000000000000000, 0.8660254037844387076, 1.000000000000000000, 0.8660254037844387076, 1.000000000000000000, 0.8660254037844387076, 1.000000000000000000, 0.8660254037844387076, 1.000000000000000000, 0.8660254037844387076, 1.000000000000000000, 0.8660254037844387076, 1.000000000000000000, 0.8660254037844387076, 1.000000000000000000, 0.8660254037844387076, 1.000000000000000000, 0.8660254037844387076, 1.000000000000000000, 0.8660254037844387076, 1.000000000000000000, 0.8660254037844387076, 1.000000000000000000, 0.8660254037844387076, 1.000000000000000000, 0.8660254037844387076, 1.000000000000000000, 0.8660254037844387076, 1.000000000000000000, 0.8660254037844387076, 1.000000000000000000, 0.8660254037844387076, 1.000000000000000000, 0.8660254037844387076, 1.000000000000000000, 0.8660254037844387076, 1.000000000000000000, 0.8660254037844387076, 1.000000000000000000, 0.8660254037844387076, 1.000000000000000000, 0.8660254037844387076, 1.000000000000000000, 0.8660254037844387076, 1.000000000000000000, 0.8660254037844387076, 1.000000000000000000, 0.8660254037844387076, 1.000000000000000000, 0.8660254037844387076, 1.000000000000000000, 0.8660254037844387076, 1.000000000000000000, 0.8660254037844387076, 1.000000000000000000, 0.8660254037844387076, 1.000000000000000000, 0.8660254037844387076, 1.000000000000000000, 0.8660254037844387076, 1.000000000000000000, 0.8660254037844387076, 1.000000000000000000, 0.8660254037844387076, 1.000000000000000000, 0.8660254037844387076, 1.000000000000000000, 0.8660254037844387076, 1.000000000000000000, 0.8660254037844387076, 1.000000000000000000, 0.8660254037844387076, 1.000000000000000000, 0.8660254037844387076, 1.000000000000000000, 0.8660254037844387076, 1.000000000000000000, 0.8660254037844387076, 1.000000000000000000, 0.8660254037844387076, 1.000000000000000000, 0.8660254037844387076, 1.000000000000000000, 0.8660254037844387076, 1.000000000000000000, 0.8660254037844387076, 1.000000000000000000, 0.8660254037844387076, 1.000000000000000000, 0.8660254037844387076, 1.000000000000000000, 0.8660254037844387076, 1.000000000000000000, 0.8660254037844387076, 1.000000000000000000, 0.8660254037844387076, 1.000000000000000000, 0.8660254037844387076, 1.000000000000000000, 0.8660254037844387076, 1.000000000000000000, 0.8660254037844387076, 1.000000000000000000, 0.8660254037844387076, 1.000000000000000000, 0.8660254037844387076, 1.000000000000000000, 0.8660254037844387076, 1.000000000000000000, 0.8660254037844387076, 1.000000000000000000),
 ( 1.000000000000000000, 0.8660254037844387076, 1.000000000000000000, 0.8660254037844387076, 1.000000000000000000, 0.8660254037844387076, 1.000000000000000000, 0.8660254037844387076, 1.000000000000000000, 0.8660254037844387076, 1.000000000000000000, 0.8660254037844387076, 1.000000000000000000, 0.8660254037844387076, 1.000000000000000000, 0.8660254037844387076, 1.000000000000000000, 0.8660254037844387076, 1.000000000000000000, 0.8660254037844387076, 1.000000000000000000, 0.8660254037844387076, 1.000000000000000000, 0.8660254037844387076, 1.000000000000000000, 0.8660254037844387076, 1.000000000000000000, 0.8660254037844387076, 1.000000000000000000, 0.8660254037844387076, 1.000000000000000000, 0.8660254037844387076, 1.000000000000000000, 0.8660254037844387076, 1.000000000000000000, 0.8660254037844387076, 1.000000000000000000, 0.8660254037844387076, 1.000000000000000000, 0.8660254037844387076, 1.000000000000000000, 0.8660254037844387076, 1.000000000000000000, 0.8660254037844387076, 1.000000000000000000, 0.8660254037844387076, 1.000000000000000000, 0.8660254037844387076, 1.000000000000000000, 0.8660254037844387076, 1.000000000000000000, 0.8660254037844387076, 1.000000000000000000, 0.8660254037844387076, 1.000000000000000000, 0.8660254037844387076, 1.000000000000000000, 0.8660254037844387076, 1.000000000000000000, 0.8660254037844387076, 1.000000000000000000, 0.8660254037844387076, 1.000000000000000000, 0.8660254037844387076, 1.000000000000000000, 0.8660254037844387076, 1.000000000000000000, 0.8660254037844387076, 1.000000000000000000, 0.8660254037844387076, 1.000000000000000000, 0.8660254037844387076, 1.000000000000000000, 0.8660254037844387076, 1.000000000000000000, 0.8660254037844387076, 1.000000000000000000, 0.8660254037844387076, 1.000000000000000000, 0.8660254037844387076, 1.000000000000000000, 0.8660254037844387076, 1.000000000000000000, 0.8660254037844387076, 1.000000000000000000, 0.8660254037844387076, 1.000000000000000000, 0.8660254037844387076, 1.000000000000000000, 0.8660254037844387076, 1.000000000000000000, 0.8660254037844387076, 1.000000000000000000, 0.8660254037844387076, 1.000000000000000000, 0.8660254037844387076, 1.000000000000000000, 0.8660254037844387076, 1.000000000000000000, 0.8660254037844387076, 1.000000000000000000, 0.8660254037844387076, 1.000000000000000000, 0.8660254037844387076, 1.000000000000000000, 0.8660254037844387076, 1.000000000000000000, 0.8660254037844387076, 1.000000000000000000, 0.8660254037844387076, 1.000000000000000000, 0.8660254037844387076, 1.000000000000000000, 0.8660254037844387076, 1.000000000000000000, 0.8660254037844387076, 1.000000000000000000, 0.8660254037844387076, 1.000000000000000000, 0.8660254037844387076, 1.000000000000000000, 0.8660254037844387076, 1.000000000000000000, 0.8660254037844387076, 1.000000000000000000, 0.8660254037844387076, 1.000000000000000000, 0.8660254037844387076, 1.000000000000000000, 0.8660254037844387076, 1.000000000000000000, 0.8660254037844387076, 1.000000000000000000, 0.8660254037844387076, 1.000000000000000000, 0.8660254037844387076, 1.000000000000000000, 0.8660254037844387076, 1.000000000000000000, 0.8660254037844387076, 1.000000000000000000, 0.8660254037844387076, 1.000000000000000000, 0.8660254037844387076, 1.000000000000000000, 0.8660254037844387076, 1.000000000000000000, 0.8660254037844387076, 1.000000000000000000, 0.8660254037844387076, 1.000000000000000000, 0.8660254037844387076, 1.000000000000000000, 0.8660254037844387076, 1.000000000000000000, 0.8660254037844387076, 1.000000000000000000, 0.8660254037844387076, 1.000000000000000000, 0.8660254037844387076, 1.000000000000000000, 0.8660254037844387076, 1.000000000000000000, 0.8660254037844387076, 1.000000000000000000, 0.8660254037844387076, 1.000000000000000000, 0.8660254037844387076, 1.000000000000000000, 0.8660254037844387076, 1.000000000000000000, 0.8660254037844387076, 1.000000000000000000) ) ) 
 REPRESENTATION_ITEM ( '' )  SURFACE ( )  );
#1179 = CARTESIAN_POINT ( 'NONE',  ( 0.000000000000000000, 4.450000000000000178, -1.249999999999999778 ) ) ;
#1180 = ADVANCED_FACE ( 'NONE', ( #2278 ), #832, .T. ) ;
#1181 = CARTESIAN_POINT ( 'NONE',  ( -0.6249999999999995559, 4.043749998770965526, -1.082531754730548412 ) ) ;
#1182 = CARTESIAN_POINT ( 'NONE',  ( -1.249999999999999778, 0.5187499987709657256, -1.530808498934191324E-16 ) ) ;
#1183 = DIRECTION ( 'NONE',  ( 0.000000000000000000, 0.000000000000000000, 1.000000000000000000 ) ) ;
#1184 = VECTOR ( 'NONE', #1701, 1000.000000000000000 ) ;
#1185 = VERTEX_POINT ( 'NONE', #1582 ) ;
#1186 = AXIS2_PLACEMENT_3D ( 'NONE', #709, #180, #1475 ) ;
#1187 = CARTESIAN_POINT ( 'NONE',  ( -2.134790230679673516E-16, 4.090624999385482852, 1.162125674203096759 ) ) ;
#1188 = CARTESIAN_POINT ( 'NONE',  ( -1.249999999999999778, 1.418749998770965526, -1.530808498934191324E-16 ) ) ;
#1189 = CARTESIAN_POINT ( 'NONE',  ( 1.006430356249999436, 0.1156249993854828462, 0.5810628371015487126 ) ) ;
#1190 = VECTOR ( 'NONE', #164, 1000.000000000000000 ) ;
#1191 = ORIENTED_EDGE ( 'NONE', *, *, #989, .F. ) ;
#1192 = ADVANCED_FACE ( 'NONE', ( #2041 ), #1851, .T. ) ;
#1193 = VECTOR ( 'NONE', #1881, 1000.000000000000000 ) ;
#1194 = CARTESIAN_POINT ( 'NONE',  ( 1.006430356249999880, -0.2968750006145170484, 0.000000000000000000 ) ) ;
#1195 = CARTESIAN_POINT ( 'NONE',  ( -1.006430356249999658, 3.828124999385482674, -0.5810628371015487126 ) ) ;
#1196 = ORIENTED_EDGE ( 'NONE', *, *, #894, .T. ) ;
#1197 = CARTESIAN_POINT ( 'NONE',  ( 0.6249999999999990008, 5.224999999999999645, 1.082531754730548634 ) ) ;
#1198 = ORIENTED_EDGE ( 'NONE', *, *, #2792, .F. ) ;
#1199 = CARTESIAN_POINT ( 'NONE',  ( 0.6249999999999990008, 0.6687499987709657479, 1.082531754730548634 ) ) ;
#1200 = PLANE ( 'NONE',  #818 ) ;
#1201 = CARTESIAN_POINT ( 'NONE',  ( 0.000000000000000000, 4.549999999999999822, 0.000000000000000000 ) ) ;
#1202 = CARTESIAN_POINT ( 'NONE',  ( -0.5032151781249998290, 2.890624999385482674, -0.8715942556523227358 ) ) ;
#1203 = CARTESIAN_POINT ( 'NONE',  ( -1.250000000000000000, 4.156249998770965348, 0.7216878364870316087 ) ) ;
#1204 = EDGE_CURVE ( 'NONE', #1509, #730, #1951, .T. ) ;
#1205 = DIRECTION ( 'NONE',  ( 0.000000000000000000, 0.000000000000000000, 1.000000000000000000 ) ) ;
#1206 = CARTESIAN_POINT ( 'NONE',  ( -0.3349364905389006219, 2.861153809338630172, 1.250000000000001332 ) ) ;
#1207 = CARTESIAN_POINT ( 'NONE',  ( 0.7500000000000035527, 5.200000000000000178, 0.4330127018922124149 ) ) ;
#1208 = CARTESIAN_POINT ( 'NONE',  ( 1.743066579297358255E-16, 1.306249998770965925, -1.249999999999999556 ) ) ;
#1209 = CARTESIAN_POINT ( 'NONE',  ( 7.115967435598909667E-17, 0.2656249993854829516, -1.162125674203096537 ) ) ;
#1210 = ORIENTED_EDGE ( 'NONE', *, *, #1034, .F. ) ;
#1211 = CARTESIAN_POINT ( 'NONE',  ( 1.006430356249999880, 0.6406249993854826741, -0.5810628371015482685 ) ) ;
#1212 = CARTESIAN_POINT ( 'NONE',  ( 0.3349364905389002334, 3.086153809338630705, -1.250000000000001332 ) ) ;
#1213 = CARTESIAN_POINT ( 'NONE',  ( 0.5032151781249993849, -0.03437500061451712746, 0.8715942556523230689 ) ) ;
#1214 = CARTESIAN_POINT ( 'NONE',  ( -1.249999999999999778, 4.625000000000000000, -1.530808498934191324E-16 ) ) ;
#1215 = VERTEX_POINT ( 'NONE', #1330 ) ;
#1216 = CARTESIAN_POINT ( 'NONE',  ( 0.000000000000000000, 4.450000000000000178, -1.249999999999999778 ) ) ;
#1217 = CARTESIAN_POINT ( 'NONE',  ( 0.5032151781250000511, 4.165624999385483029, -0.8715942556523226248 ) ) ;
#1218 = CARTESIAN_POINT ( 'NONE',  ( -0.3349364905389046743, 2.226346188203299992, -1.249999999999999112 ) ) ;
#1219 = CARTESIAN_POINT ( 'NONE',  ( -0.5032151781249998290, 3.340624999385482852, -0.8715942556523227358 ) ) ;
#1220 = DIRECTION ( 'NONE',  ( 0.000000000000000000, 0.000000000000000000, -1.000000000000000000 ) ) ;
#1221 = MANIFOLD_SOLID_BREP ( 'Cut-Extrude2', #296 ) ;
#1222 = CARTESIAN_POINT ( 'NONE',  ( 1.530808498934191324E-16, 4.450000000000000178, 1.249999999999999778 ) ) ;
#1223 = CARTESIAN_POINT ( 'NONE',  ( -0.3349364905389021763, 1.511153809338631415, 1.250000000000000666 ) ) ;
#1224 = CARTESIAN_POINT ( 'NONE',  ( 1.006430356249999658, 0.1906249993854829128, -0.5810628371015482685 ) ) ;
#1225 = CARTESIAN_POINT ( 'NONE',  ( 1.006430356249999880, 1.503124999385482718, 0.000000000000000000 ) ) ;
#1226 = CARTESIAN_POINT ( 'NONE',  ( -6.565550782020048959E-15, 2.712499999999999467, -1.249999999999999556 ) ) ;
#1227 = CARTESIAN_POINT ( 'NONE',  ( 0.5032151781249993849, 0.5281249993854828517, 0.8715942556523230689 ) ) ;
#1228 = CARTESIAN_POINT ( 'NONE',  ( -0.5357142857142861425, 5.685714285714285943, 0.3092947870658711573 ) ) ;
#1229 = CARTESIAN_POINT ( 'NONE',  ( -1.006430356249999880, -0.1843750006145170872, -1.232521714346292805E-16 ) ) ;
#1230 = ORIENTED_EDGE ( 'NONE', *, *, #2998, .T. ) ;
#1231 = CARTESIAN_POINT ( 'NONE',  ( 1.250000000000000000, 0.7812499987709656812, -0.7216878364870319418 ) ) ;
#1232 = CARTESIAN_POINT ( 'NONE',  ( 7.115967435598912132E-17, 0.1531249993854829350, -1.162125674203096759 ) ) ;
#1233 = CARTESIAN_POINT ( 'NONE',  ( 0.5032151781250000511, 5.065624999385482496, -0.8715942556523226248 ) ) ;
#1234 = CARTESIAN_POINT ( 'NONE',  ( 1.530808498934191324E-16, 4.450000000000000178, 1.249999999999999778 ) ) ;
#1235 = EDGE_CURVE ( 'NONE', #523, #1358, #3096, .T. ) ;
#1236 = CARTESIAN_POINT ( 'NONE',  ( 0.7499999999999996669, 5.900000000000000355, 0.4330127018922195758 ) ) ;
#1237 = CARTESIAN_POINT ( 'NONE',  ( -0.6250000000000004441, 2.843749998770965348, 1.082531754730547968 ) ) ;
#1238 = B_SPLINE_CURVE_WITH_KNOTS ( 'NONE', 3,
 ( #3020, #78, #1064, #1522, #2042, #1081, #2059, #1865, #1382, #1592 ),
 .UNSPECIFIED., .F., .F.,
 ( 4, 2, 2, 2, 4 ),
 ( 5.421010862427522170E-20, 0.0003916037671481014705, 0.0007832075342962029410, 0.001174811301444304412, 0.001566415068592406099 ),
 .UNSPECIFIED. ) ;
#1239 = ORIENTED_EDGE ( 'NONE', *, *, #1092, .F. ) ;
#1240 = DIRECTION ( 'NONE',  ( 0.7071067811865462405, -0.7071067811865489050, -7.170503671637475057E-15 ) ) ;
#1241 = CARTESIAN_POINT ( 'NONE',  ( -1.006430356249999658, 0.3781249993854828850, -1.232521714346292558E-16 ) ) ;
#1242 = CONICAL_SURFACE ( 'NONE', #2307, 1.260000000000000009, 0.7853981633974532750 ) ;
#1243 = ADVANCED_FACE ( 'NONE', ( #3119 ), #3104, .F. ) ;
#1244 = CARTESIAN_POINT ( 'NONE',  ( 0.000000000000000000, 0.000000000000000000, 0.000000000000000000 ) ) ;
#1245 = CARTESIAN_POINT ( 'NONE',  ( -1.006430356249999658, 0.3406249993854829072, -0.5810628371015486016 ) ) ;
#1246 = EDGE_CURVE ( 'NONE', #2519, #201, #278, .T. ) ;
#1247 = CARTESIAN_POINT ( 'NONE',  ( 1.006430356249999880, 1.053124999385482985, 0.000000000000000000 ) ) ;
#1248 = AXIS2_PLACEMENT_3D ( 'NONE', #690, #3101, #1183 ) ;
#1249 = CARTESIAN_POINT ( 'NONE',  ( 0.5032151781249999400, 4.728124999385482141, -0.8715942556523224027 ) ) ;
#1250 = ORIENTED_EDGE ( 'NONE', *, *, #746, .F. ) ;
#1251 = AXIS2_PLACEMENT_3D ( 'NONE', #2075, #851, #2804 ) ;
#1252 = CARTESIAN_POINT ( 'NONE',  ( 0.6250000000000000000, 1.268749998770965615, -1.082531754730548190 ) ) ;
#1253 = CARTESIAN_POINT ( 'NONE',  ( 1.006430356249999658, 0.02474694276174945265, 0.2460306301185497257 ) ) ;
#1254 = CARTESIAN_POINT ( 'NONE',  ( -1.006430356249999658, 3.378124999385483385, -0.5810628371015486016 ) ) ;
#1255 = CARTESIAN_POINT ( 'NONE',  ( -0.7500000000000000000, 5.900000000000000355, 0.4330127018922193538 ) ) ;
#1256 = CARTESIAN_POINT ( 'NONE',  ( 1.249999999999999334, 3.012499999999999734, 0.7216878364870328300 ) ) ;
#1257 = EDGE_LOOP ( 'NONE', ( #2524, #1464 ) ) ;
#1258 = CARTESIAN_POINT ( 'NONE',  ( 1.250000000000000000, 2.581249998770965615, -0.7216878364870319418 ) ) ;
#1259 = CARTESIAN_POINT ( 'NONE',  ( 0.5032151781249992739, 1.428124999385482763, 0.8715942556523228468 ) ) ;
#1260 = CARTESIAN_POINT ( 'NONE',  ( -0.5032151781250003841, 1.803124999385482763, 0.8715942556523225138 ) ) ;
#1261 = CARTESIAN_POINT ( 'NONE',  ( 1.006430356249999880, 0.6031249993854828073, 0.000000000000000000 ) ) ;
#1262 = CARTESIAN_POINT ( 'NONE',  ( -0.6250000000000004441, 3.799999999999999378, 1.082531754730547968 ) ) ;
#1263 = CARTESIAN_POINT ( 'NONE',  ( 0.5032151781250000511, 0.1156249993854829433, -0.8715942556523226248 ) ) ;
#1264 = ORIENTED_EDGE ( 'NONE', *, *, #2959, .T. ) ;
#1265 = EDGE_CURVE ( 'NONE', #2754, #2093, #1969, .T. ) ;
#1266 = CARTESIAN_POINT ( 'NONE',  ( 1.249999999999999556, -0.1937500012290342133, 0.7216878364870328300 ) ) ;
#1267 = CARTESIAN_POINT ( 'NONE',  ( 1.250000000000000000, 0.8374999999999999112, -0.7216878364870319418 ) ) ;
#1268 = CARTESIAN_POINT ( 'NONE',  ( -2.134790230679673516E-16, 3.528124999385482852, 1.162125674203096759 ) ) ;
#1269 = CARTESIAN_POINT ( 'NONE',  ( 0.9632240381207813895, 4.450000000000000178, -0.7966802698613131284 ) ) ;
#1270 =( BOUNDED_CURVE ( )  B_SPLINE_CURVE ( 2, ( #1445, #1138, #2111, #1690, #2585, #401, #2636, #2870, #2384 ),
 .UNSPECIFIED., .F., .T. ) 
 B_SPLINE_CURVE_WITH_KNOTS ( ( 3, 2, 2, 2, 3 ),
 ( 0.2833333333333333259, 0.2888888888888888618, 0.2999999999999999889, 0.3111111111111111160, 0.3166666666666667074 ),
 .UNSPECIFIED. ) 
 CURVE ( )  GEOMETRIC_REPRESENTATION_ITEM ( )  RATIONAL_B_SPLINE_CURVE ( ( 0.9330127018922194093, 0.9330127018922194093, 1.000000000000000000, 0.8660254037844387076, 1.000000000000000000, 0.8660254037844387076, 1.000000000000000000, 0.9330127018922189652, 0.9330127018922192983 ) ) 
 REPRESENTATION_ITEM ( '' )  );
#1271 = CARTESIAN_POINT ( 'NONE',  ( -1.510657702057710537E-15, 0.4624999999999998557, -1.249999999999999778 ) ) ;
#1272 = ORIENTED_EDGE ( 'NONE', *, *, #3138, .T. ) ;
#1273 = CARTESIAN_POINT ( 'NONE',  ( 0.000000000000000000, 0.2499999999999998890, 0.000000000000000000 ) ) ;
#1274 = CARTESIAN_POINT ( 'NONE',  ( -2.134790230679672777E-16, 2.290624999385483029, 1.162125674203096537 ) ) ;
#1275 = CARTESIAN_POINT ( 'NONE',  ( 0.6250000000000000000, 5.375000000000000000, -1.082531754730548190 ) ) ;
#1276 = CARTESIAN_POINT ( 'NONE',  ( 1.006430356249999880, 2.403124999385482852, 0.000000000000000000 ) ) ;
#1277 = CARTESIAN_POINT ( 'NONE',  ( -0.3349364905389006219, 2.467403810567665445, 1.250000000000001332 ) ) ;
#1278 = CARTESIAN_POINT ( 'NONE',  ( 7.115967435598909667E-17, 4.765624999385481786, -1.162125674203096537 ) ) ;
#1279 = ORIENTED_EDGE ( 'NONE', *, *, #2634, .F. ) ;
#1280 = CARTESIAN_POINT ( 'NONE',  ( 1.249999999999999556, 1.606249998770965526, 0.7216878364870328300 ) ) ;
#1281 = DIRECTION ( 'NONE',  ( -0.8660254037844387076, 0.000000000000000000, -0.4999999999999998890 ) ) ;
#1282 = CARTESIAN_POINT ( 'NONE',  ( -1.006430356250000324, 3.453124999385482230, 0.5810628371015480464 ) ) ;
#1283 = CARTESIAN_POINT ( 'NONE',  ( 1.250000000000000000, 0.8374999999999999112, -0.7216878364870319418 ) ) ;
#1284 = VERTEX_POINT ( 'NONE', #761 ) ;
#1285 = EDGE_CURVE ( 'NONE', #19, #2588, #1289, .T. ) ;
#1286 = CARTESIAN_POINT ( 'NONE',  ( -0.5032151781249998290, -0.7093750006145170817, -0.8715942556523227358 ) ) ;
#1287 = CARTESIAN_POINT ( 'NONE',  ( 0.5357142857142814796, 4.985714285714285765, -0.3092947870658778742 ) ) ;
#1288 = EDGE_CURVE ( 'NONE', #1329, #1527, #2675, .T. ) ;
#1289 =( BOUNDED_CURVE ( )  B_SPLINE_CURVE ( 2, ( #1723, #2677, #1985, #2413, #2188, #1750, #1462, #2694, #3135 ),
 .UNSPECIFIED., .F., .T. ) 
 B_SPLINE_CURVE_WITH_KNOTS ( ( 3, 2, 2, 2, 3 ),
 ( 0.6500000000000000222, 0.6555555555555555580, 0.6666666666666666297, 0.6777777777777778123, 0.6833333333333333481 ),
 .UNSPECIFIED. ) 
 CURVE ( )  GEOMETRIC_REPRESENTATION_ITEM ( )  RATIONAL_B_SPLINE_CURVE ( ( 0.9330127018922194093, 0.9330127018922194093, 1.000000000000000000, 0.8660254037844387076, 1.000000000000000000, 0.8660254037844387076, 1.000000000000000000, 0.9330127018922194093, 0.9330127018922194093 ) ) 
 REPRESENTATION_ITEM ( '' )  );
#1290 = ORIENTED_EDGE ( 'NONE', *, *, #1021, .F. ) ;
#1291 = LINE ( 'NONE', #1792, #2810 ) ;
#1292 = EDGE_CURVE ( 'NONE', #1571, #1087, #2991, .T. ) ;
#1293 = CARTESIAN_POINT ( 'NONE',  ( -1.006430356249999658, 4.390624999385482674, -0.5810628371015486016 ) ) ;
#1294 = CARTESIAN_POINT ( 'NONE',  ( 1.006430356249999880, 0.1906249993854829128, -0.5810628371015482685 ) ) ;
#1295 = DIRECTION ( 'NONE',  ( -0.3535533905932737864, 0.7071067811865471286, -0.6123724356957950254 ) ) ;
#1296 = CARTESIAN_POINT ( 'NONE',  ( -2.134790230679673516E-16, 0.8281249993854826741, 1.162125674203096759 ) ) ;
#1297 = CIRCLE ( 'NONE', #3093, 0.2000000000000000944 ) ;
#1298 = EDGE_CURVE ( 'NONE', #1185, #1284, #1346, .T. ) ;
#1299 = CARTESIAN_POINT ( 'NONE',  ( -1.249999999999999778, 0.5187499987709657256, -1.530808498934191324E-16 ) ) ;
#1300 = CARTESIAN_POINT ( 'NONE',  ( -1.006430356250000102, 0.3031249993854828739, 0.5810628371015480464 ) ) ;
#1301 = VERTEX_POINT ( 'NONE', #1015 ) ;
#1302 = CARTESIAN_POINT ( 'NONE',  ( 1.249999999999999778, 0.3499999999999998113, 0.000000000000000000 ) ) ;
#1303 = CARTESIAN_POINT ( 'NONE',  ( 0.7499999999999947820, 5.200000000000000178, -0.4330127018922277360 ) ) ;
#1304 = CARTESIAN_POINT ( 'NONE',  ( 0.5032151781250000511, -0.7843750006145170373, -0.8715942556523226248 ) ) ;
#1305 = CARTESIAN_POINT ( 'NONE',  ( 0.7499999999999996669, 5.200000000000000178, 0.4330127018922195758 ) ) ;
#1306 = EDGE_LOOP ( 'NONE', ( #1736, #264, #812, #1230 ) ) ;
#1307 = FACE_OUTER_BOUND ( 'NONE', #2319, .T. ) ;
#1308 =( BOUNDED_SURFACE ( )  B_SPLINE_SURFACE ( 1, 2, ( 
 ( #1554, #294, #1304, #1047, #1286, #2262, #2062, #804, #62, #2787, #1569, #2026, #1763, #332, #280, #2297, #1788, #2316, #587, #2244, #345, #2980, #2751, #556, #2510, #1318, #2282, #79, #1066, #834, #2043, #820, #1811, #2768, #3007, #1839, #1127, #633, #2803, #2818, #1601, #411, #2846, #621, #3032, #2357, #672, #1357, #1390, #1422, #1621, #140, #2552, #1371, #175, #363, #111, #2331, #124, #1162, #2086, #862, #2342, #1635, #654, #2104, #3050, #2577, #1650, #2595, #1892, #391, #1405, #2862, #2376, #2134, #3078, #906, #1668, #1101, #251, #740, #1978, #2179, #192, #1731, #492, #1912, #477, #1438, #1698, #2686, #2648, #3129, #1488, #2215, #963, #463, #1474, #2630, #1202, #1718, #226, #160, #3067, #3114, #2599, #707, #2379, #1457, #178, #3098, #1219, #928, #1165, #1103, #776, #298, #789, #530, #64, #2753, #560, #1117, #1900, #2092, #1412, #2824, #2852, #197, #3070, #1873, #870, #2868, #662, #2836, #2556, #626, #678, #1627, #1675, #2570, #1657, #1136, #641, #2584, #383, #1640, #2615, #2365, #147, #2154, #429, #399, #368, #1427, #130, #2394, #166, #2879, #3102, #1378, #1918, #2348, #1396, #1150, #2122, #2602, #691, #1360, #2335, #1823, #2749 ),
 ( #2992, #1317, #2718, #2535, #539, #2733, #1538, #1065, #310, #2296, #1787, #2279, #330, #2521, #2313, #817, #2023, #292, #1808, #2766, #1331, #803, #3006, #586, #94, #1082, #2009, #109, #1995, #527, #574, #1567, #1045, #2945, #553, #2060, #1302, #1523, #2260, #344, #2243, #771, #2477, #44, #833, #2784, #279, #1344, #1551, #1283, #2509, #60, #2963, #1775, #1880, #1649, #893, #2843, #1838, #2341, #1666, #2860, #389, #860, #2576, #2802, #670, #1619, #2101, #905, #2563, #1869, #848, #2829, #652, #632, #3021, #409, #379, #2609, #173, #1633, #3077, #1403, #425, #1388, #2355, #1421, #1159, #2389, #1891, #2593, #601, #157, #1100, #1145, #123, #1853, #2117, #1125, #3064, #2074, #2374, #619, #1599, #2132, #2551, #1369, #360, #1356, #2330, #1111, #2084, #3030, #2817, #138, #3048, #879, #438, #701, #285, #3126, #940, #2014, #779, #1695, #1177, #1767, #925, #2723, #1942, #545, #2969, #2626, #793, #1436, #2177, #2420, #686, #2900, #721, #1779, #2149, #51, #2710, #1035, #518, #2162, #3095, #2876, #1214, #1512, #1684, #1926, #2401, #532, #1530, #2644, #3110, #2469, #2739, #206, #272, #191, #2885, #221, #1197, #455, #2249, #1452, #1275, #2235, #1016 ) ),
 .UNSPECIFIED., .F., .F., .F. ) 
 B_SPLINE_SURFACE_WITH_KNOTS ( ( 2, 2 ),
 ( 3, 2, 2, 2, 2, 2, 2, 2, 2, 2, 2, 2, 2, 2, 2, 2, 2, 2, 2, 2, 2, 2, 2, 2, 2, 2, 2, 2, 2, 2, 2, 2, 2, 2, 2, 2, 2, 2, 2, 2, 2, 2, 2, 2, 2, 2, 2, 2, 2, 2, 2, 2, 2, 2, 2, 2, 2, 2, 2, 2, 2, 2, 2, 2, 2, 2, 2, 2, 2, 2, 2, 2, 2, 2, 2, 2, 2, 2, 2, 2, 2, 2, 2, 2, 2, 2, 3 ),
 ( 0.000000000000000000, 1.000000000000000000 ),
 ( 0.000000000000000000, 0.01111111111111111154, 0.02222222222222222307, 0.03333333333333333287, 0.04444444444444444614, 0.05555555555555555247, 0.06666666666666666574, 0.07777777777777777901, 0.08888888888888889228, 0.1000000000000000056, 0.1111111111111111049, 0.1222222222222222182, 0.1333333333333333315, 0.1444444444444444309, 0.1555555555555555580, 0.1666666666666666574, 0.1777777777777777846, 0.1888888888888888840, 0.2000000000000000111, 0.2111111111111111105, 0.2222222222222222099, 0.2333333333333333370, 0.2444444444444444364, 0.2555555555555555358, 0.2666666666666666630, 0.2777777777777777901, 0.2888888888888888618, 0.2999999999999999889, 0.3111111111111111160, 0.3222222222222222432, 0.3333333333333333148, 0.3444444444444444420, 0.3555555555555555691, 0.3666666666666666408, 0.3777777777777777679, 0.3888888888888888951, 0.4000000000000000222, 0.4111111111111110938, 0.4222222222222222210, 0.4333333333333333481, 0.4444444444444444198, 0.4555555555555555469, 0.4666666666666666741, 0.4777777777777778012, 0.4888888888888888729, 0.5000000000000000000, 0.5111111111111110716, 0.5222222222222222543, 0.5333333333333333259, 0.5444444444444443976, 0.5555555555555555802, 0.5666666666666666519, 0.5777777777777777235, 0.5888888888888889062, 0.5999999999999999778, 0.6111111111111111605, 0.6222222222222222321, 0.6333333333333333037, 0.6444444444444444864, 0.6555555555555555580, 0.6666666666666666297, 0.6777777777777778123, 0.6888888888888888840, 0.6999999999999999556, 0.7111111111111111382, 0.7222222222222222099, 0.7333333333333332815, 0.7444444444444444642, 0.7555555555555555358, 0.7666666666666667185, 0.7777777777777777901, 0.7888888888888888618, 0.8000000000000000444, 0.8111111111111111160, 0.8222222222222221877, 0.8333333333333333703, 0.8444444444444444420, 0.8555555555555555136, 0.8666666666666666963, 0.8777777777777777679, 0.8888888888888888395, 0.9000000000000000222, 0.9111111111111110938, 0.9222222222222222765, 0.9333333333333333481, 0.9444444444444444198, 0.9555555555555556024 ),
 .UNSPECIFIED. ) 
 GEOMETRIC_REPRESENTATION_ITEM ( )  RATIONAL_B_SPLINE_SURFACE ( (
 ( 1.000000000000000000, 0.8660254037844387076, 1.000000000000000000, 0.8660254037844387076, 1.000000000000000000, 0.8660254037844387076, 1.000000000000000000, 0.8660254037844387076, 1.000000000000000000, 0.8660254037844387076, 1.000000000000000000, 0.8660254037844387076, 1.000000000000000000, 0.8660254037844387076, 1.000000000000000000, 0.8660254037844387076, 1.000000000000000000, 0.8660254037844387076, 1.000000000000000000, 0.8660254037844387076, 1.000000000000000000, 0.8660254037844387076, 1.000000000000000000, 0.8660254037844387076, 1.000000000000000000, 0.8660254037844387076, 1.000000000000000000, 0.8660254037844387076, 1.000000000000000000, 0.8660254037844387076, 1.000000000000000000, 0.8660254037844387076, 1.000000000000000000, 0.8660254037844387076, 1.000000000000000000, 0.8660254037844387076, 1.000000000000000000, 0.8660254037844387076, 1.000000000000000000, 0.8660254037844387076, 1.000000000000000000, 0.8660254037844387076, 1.000000000000000000, 0.8660254037844387076, 1.000000000000000000, 0.8660254037844387076, 1.000000000000000000, 0.8660254037844387076, 1.000000000000000000, 0.8660254037844387076, 1.000000000000000000, 0.8660254037844387076, 1.000000000000000000, 0.8660254037844387076, 1.000000000000000000, 0.8660254037844387076, 1.000000000000000000, 0.8660254037844387076, 1.000000000000000000, 0.8660254037844387076, 1.000000000000000000, 0.8660254037844387076, 1.000000000000000000, 0.8660254037844387076, 1.000000000000000000, 0.8660254037844387076, 1.000000000000000000, 0.8660254037844387076, 1.000000000000000000, 0.8660254037844387076, 1.000000000000000000, 0.8660254037844387076, 1.000000000000000000, 0.8660254037844387076, 1.000000000000000000, 0.8660254037844387076, 1.000000000000000000, 0.8660254037844387076, 1.000000000000000000, 0.8660254037844387076, 1.000000000000000000, 0.8660254037844387076, 1.000000000000000000, 0.8660254037844387076, 1.000000000000000000, 0.8660254037844387076, 1.000000000000000000, 0.8660254037844387076, 1.000000000000000000, 0.8660254037844387076, 1.000000000000000000, 0.8660254037844387076, 1.000000000000000000, 0.8660254037844387076, 1.000000000000000000, 0.8660254037844387076, 1.000000000000000000, 0.8660254037844387076, 1.000000000000000000, 0.8660254037844387076, 1.000000000000000000, 0.8660254037844387076, 1.000000000000000000, 0.8660254037844387076, 1.000000000000000000, 0.8660254037844387076, 1.000000000000000000, 0.8660254037844387076, 1.000000000000000000, 0.8660254037844387076, 1.000000000000000000, 0.8660254037844387076, 1.000000000000000000, 0.8660254037844387076, 1.000000000000000000, 0.8660254037844387076, 1.000000000000000000, 0.8660254037844387076, 1.000000000000000000, 0.8660254037844387076, 1.000000000000000000, 0.8660254037844387076, 1.000000000000000000, 0.8660254037844387076, 1.000000000000000000, 0.8660254037844387076, 1.000000000000000000, 0.8660254037844387076, 1.000000000000000000, 0.8660254037844387076, 1.000000000000000000, 0.8660254037844387076, 1.000000000000000000, 0.8660254037844387076, 1.000000000000000000, 0.8660254037844387076, 1.000000000000000000, 0.8660254037844387076, 1.000000000000000000, 0.8660254037844387076, 1.000000000000000000, 0.8660254037844387076, 1.000000000000000000, 0.8660254037844387076, 1.000000000000000000, 0.8660254037844387076, 1.000000000000000000, 0.8660254037844387076, 1.000000000000000000, 0.8660254037844387076, 1.000000000000000000, 0.8660254037844387076, 1.000000000000000000, 0.8660254037844387076, 1.000000000000000000, 0.8660254037844387076, 1.000000000000000000, 0.8660254037844387076, 1.000000000000000000, 0.8660254037844387076, 1.000000000000000000, 0.8660254037844387076, 1.000000000000000000, 0.8660254037844387076, 1.000000000000000000, 0.8660254037844387076, 1.000000000000000000, 0.8660254037844387076, 1.000000000000000000, 0.8660254037844387076, 1.000000000000000000, 0.8660254037844387076, 1.000000000000000000),
 ( 1.000000000000000000, 0.8660254037844387076, 1.000000000000000000, 0.8660254037844387076, 1.000000000000000000, 0.8660254037844387076, 1.000000000000000000, 0.8660254037844387076, 1.000000000000000000, 0.8660254037844387076, 1.000000000000000000, 0.8660254037844387076, 1.000000000000000000, 0.8660254037844387076, 1.000000000000000000, 0.8660254037844387076, 1.000000000000000000, 0.8660254037844387076, 1.000000000000000000, 0.8660254037844387076, 1.000000000000000000, 0.8660254037844387076, 1.000000000000000000, 0.8660254037844387076, 1.000000000000000000, 0.8660254037844387076, 1.000000000000000000, 0.8660254037844387076, 1.000000000000000000, 0.8660254037844387076, 1.000000000000000000, 0.8660254037844387076, 1.000000000000000000, 0.8660254037844387076, 1.000000000000000000, 0.8660254037844387076, 1.000000000000000000, 0.8660254037844387076, 1.000000000000000000, 0.8660254037844387076, 1.000000000000000000, 0.8660254037844387076, 1.000000000000000000, 0.8660254037844387076, 1.000000000000000000, 0.8660254037844387076, 1.000000000000000000, 0.8660254037844387076, 1.000000000000000000, 0.8660254037844387076, 1.000000000000000000, 0.8660254037844387076, 1.000000000000000000, 0.8660254037844387076, 1.000000000000000000, 0.8660254037844387076, 1.000000000000000000, 0.8660254037844387076, 1.000000000000000000, 0.8660254037844387076, 1.000000000000000000, 0.8660254037844387076, 1.000000000000000000, 0.8660254037844387076, 1.000000000000000000, 0.8660254037844387076, 1.000000000000000000, 0.8660254037844387076, 1.000000000000000000, 0.8660254037844387076, 1.000000000000000000, 0.8660254037844387076, 1.000000000000000000, 0.8660254037844387076, 1.000000000000000000, 0.8660254037844387076, 1.000000000000000000, 0.8660254037844387076, 1.000000000000000000, 0.8660254037844387076, 1.000000000000000000, 0.8660254037844387076, 1.000000000000000000, 0.8660254037844387076, 1.000000000000000000, 0.8660254037844387076, 1.000000000000000000, 0.8660254037844387076, 1.000000000000000000, 0.8660254037844387076, 1.000000000000000000, 0.8660254037844387076, 1.000000000000000000, 0.8660254037844387076, 1.000000000000000000, 0.8660254037844387076, 1.000000000000000000, 0.8660254037844387076, 1.000000000000000000, 0.8660254037844387076, 1.000000000000000000, 0.8660254037844387076, 1.000000000000000000, 0.8660254037844387076, 1.000000000000000000, 0.8660254037844387076, 1.000000000000000000, 0.8660254037844387076, 1.000000000000000000, 0.8660254037844387076, 1.000000000000000000, 0.8660254037844387076, 1.000000000000000000, 0.8660254037844387076, 1.000000000000000000, 0.8660254037844387076, 1.000000000000000000, 0.8660254037844387076, 1.000000000000000000, 0.8660254037844387076, 1.000000000000000000, 0.8660254037844387076, 1.000000000000000000, 0.8660254037844387076, 1.000000000000000000, 0.8660254037844387076, 1.000000000000000000, 0.8660254037844387076, 1.000000000000000000, 0.8660254037844387076, 1.000000000000000000, 0.8660254037844387076, 1.000000000000000000, 0.8660254037844387076, 1.000000000000000000, 0.8660254037844387076, 1.000000000000000000, 0.8660254037844387076, 1.000000000000000000, 0.8660254037844387076, 1.000000000000000000, 0.8660254037844387076, 1.000000000000000000, 0.8660254037844387076, 1.000000000000000000, 0.8660254037844387076, 1.000000000000000000, 0.8660254037844387076, 1.000000000000000000, 0.8660254037844387076, 1.000000000000000000, 0.8660254037844387076, 1.000000000000000000, 0.8660254037844387076, 1.000000000000000000, 0.8660254037844387076, 1.000000000000000000, 0.8660254037844387076, 1.000000000000000000, 0.8660254037844387076, 1.000000000000000000, 0.8660254037844387076, 1.000000000000000000, 0.8660254037844387076, 1.000000000000000000, 0.8660254037844387076, 1.000000000000000000, 0.8660254037844387076, 1.000000000000000000, 0.8660254037844387076, 1.000000000000000000, 0.8660254037844387076, 1.000000000000000000) ) ) 
 REPRESENTATION_ITEM ( '' )  SURFACE ( )  );
#1309 = CARTESIAN_POINT ( 'NONE',  ( -0.5032151781249998290, 3.453124999385482674, -0.8715942556523227358 ) ) ;
#1310 = CARTESIAN_POINT ( 'NONE',  ( -0.5032151781250003841, 1.803124999385482763, 0.8715942556523225138 ) ) ;
#1311 = CARTESIAN_POINT ( 'NONE',  ( 0.9632240381207813895, 4.450000000000000178, -0.7966802698613131284 ) ) ;
#1312 = CARTESIAN_POINT ( 'NONE',  ( 1.006430356249999880, 0.9781249993854829183, -0.5810628371015482685 ) ) ;
#1313 = CARTESIAN_POINT ( 'NONE',  ( 1.249999999999999778, 2.543749998770965526, 0.000000000000000000 ) ) ;
#1314 = CARTESIAN_POINT ( 'NONE',  ( 1.006430356249999658, 1.353124999385482585, 0.5810628371015489346 ) ) ;
#1315 = VERTEX_POINT ( 'NONE', #2950 ) ;
#1316 = CARTESIAN_POINT ( 'NONE',  ( -0.5032151781249998290, 5.590624999385481964, -0.8715942556523227358 ) ) ;
#1317 = CARTESIAN_POINT ( 'NONE',  ( 1.250000000000000000, -0.9624999999999999112, -0.7216878364870319418 ) ) ;
#1318 = CARTESIAN_POINT ( 'NONE',  ( 1.006430356249999880, 0.07812499938548295164, -0.5810628371015482685 ) ) ;
#1319 = DIRECTION ( 'NONE',  ( -0.000000000000000000, 1.000000000000000000, -0.000000000000000000 ) ) ;
#1320 = ORIENTED_EDGE ( 'NONE', *, *, #2877, .F. ) ;
#1321 = CARTESIAN_POINT ( 'NONE',  ( 1.249999999999999334, 4.362499999999998934, 0.7216878364870328300 ) ) ;
#1322 = EDGE_CURVE ( 'NONE', #1527, #637, #183, .T. ) ;
#1323 = CARTESIAN_POINT ( 'NONE',  ( -1.006430356249999880, 4.428124999385482319, -1.232521714346292805E-16 ) ) ;
#1324 = CARTESIAN_POINT ( 'NONE',  ( 1.006430356249999880, 2.440624999385482941, -0.5810628371015482685 ) ) ;
#1325 = EDGE_CURVE ( 'NONE', #2624, #1329, #1291, .T. ) ;
#1326 = CARTESIAN_POINT ( 'NONE',  ( 1.006430356249999658, 0.4531249993854828406, 0.5810628371015489346 ) ) ;
#1327 = CARTESIAN_POINT ( 'NONE',  ( 0.6249999999999990008, 4.268749998770966059, 1.082531754730548634 ) ) ;
#1328 = CARTESIAN_POINT ( 'NONE',  ( 1.006430356249999880, 2.740624999385482763, 0.000000000000000000 ) ) ;
#1329 = VERTEX_POINT ( 'NONE', #301 ) ;
#1330 = CARTESIAN_POINT ( 'NONE',  ( 3.118897284534737679E-16, 6.000000000000000000, -0.9814954576223624549 ) ) ;
#1331 = CARTESIAN_POINT ( 'NONE',  ( -0.6250000000000004441, -0.2500000000000001110, 1.082531754730547968 ) ) ;
#1332 = CARTESIAN_POINT ( 'NONE',  ( 0.3349364905389027314, 3.857596189432333844, 1.250000000000000000 ) ) ;
#1333 = CARTESIAN_POINT ( 'NONE',  ( 1.191095495853194869E-15, 0.6874999999999997780, 1.249999999999999778 ) ) ;
#1334 = VERTEX_POINT ( 'NONE', #1032 ) ;
#1335 = ADVANCED_FACE ( 'NONE', ( #1307 ), #2301, .T. ) ;
#1336 = CARTESIAN_POINT ( 'NONE',  ( 3.054188269347799338E-16, 6.000000000000000000, -2.458578643762694416 ) ) ;
#1337 = CARTESIAN_POINT ( 'NONE',  ( 2.817957636530729931E-15, 1.137499999999999956, 1.249999999999999778 ) ) ;
#1338 = CARTESIAN_POINT ( 'NONE',  ( 0.000000000000000000, 4.467157287525381548, -1.249999999999999778 ) ) ;
#1339 = CARTESIAN_POINT ( 'NONE',  ( -1.006430356250000102, 3.565624999385481608, 0.5810628371015480464 ) ) ;
#1340 = CARTESIAN_POINT ( 'NONE',  ( -0.5032151781249998290, 1.090624999385482852, -0.8715942556523227358 ) ) ;
#1341 = CARTESIAN_POINT ( 'NONE',  ( 1.250000000000000000, 3.031249998770965348, -0.7216878364870319418 ) ) ;
#1342 = CARTESIAN_POINT ( 'NONE',  ( -2.134790230679673516E-16, 1.728124999385483029, 1.162125674203096759 ) ) ;
#1343 = VERTEX_POINT ( 'NONE', #335 ) ;
#1344 = CARTESIAN_POINT ( 'NONE',  ( 1.249999999999999556, 0.7624999999999997335, 0.7216878364870328300 ) ) ;
#1345 = DIRECTION ( 'NONE',  ( 0.000000000000000000, -0.6546536707079769757, -0.7559289460184546172 ) ) ;
#1346 = CIRCLE ( 'NONE', #2997, 1.249999999999999778 ) ;
#1347 = ORIENTED_EDGE ( 'NONE', *, *, #828, .F. ) ;
#1348 = CARTESIAN_POINT ( 'NONE',  ( 0.6249999999999990008, 3.818749998770964993, 1.082531754730548634 ) ) ;
#1349 = CARTESIAN_POINT ( 'NONE',  ( -0.5032151781250003841, 2.253124999385482941, 0.8715942556523225138 ) ) ;
#1350 = CARTESIAN_POINT ( 'NONE',  ( 0.1041666461827309431, 4.450000000000001954, -1.245652162452681289 ) ) ;
#1351 = CARTESIAN_POINT ( 'NONE',  ( -0.5032151781250003841, 2.140624999385482674, 0.8715942556523225138 ) ) ;
#1352 = CARTESIAN_POINT ( 'NONE',  ( 0.6250000000000000000, 4.418749998770965526, -1.082531754730548190 ) ) ;
#1353 = CARTESIAN_POINT ( 'NONE',  ( -2.134790230679673516E-16, 3.078124999385482674, 1.162125674203096759 ) ) ;
#1354 = EDGE_LOOP ( 'NONE', ( #497, #1196, #1444, #1604 ) ) ;
#1355 = CARTESIAN_POINT ( 'NONE',  ( -1.250000000000000000, 3.312499999999999556, 0.7216878364870316087 ) ) ;
#1356 = CARTESIAN_POINT ( 'NONE',  ( 1.250000000000000000, 3.087499999999999911, -0.7216878364870319418 ) ) ;
#1357 = CARTESIAN_POINT ( 'NONE',  ( 1.006430356249999658, 0.9031249993854826297, 0.5810628371015489346 ) ) ;
#1358 = VERTEX_POINT ( 'NONE', #1336 ) ;
#1359 = CARTESIAN_POINT ( 'NONE',  ( 1.743066579297358255E-16, 4.006249998770964993, -1.249999999999999556 ) ) ;
#1360 = CARTESIAN_POINT ( 'NONE',  ( 1.006430356249999880, 5.478124999385482141, -0.5810628371015482685 ) ) ;
#1361 = APPLICATION_CONTEXT ( 'automotive_design' ) ;
#1362 = CARTESIAN_POINT ( 'NONE',  ( 0.5032151781250000511, 2.928124999385483207, -0.8715942556523226248 ) ) ;
#1363 = CARTESIAN_POINT ( 'NONE',  ( 0.000000000000000000, 0.000000000000000000, 0.000000000000000000 ) ) ;
#1364 = CARTESIAN_POINT ( 'NONE',  ( -1.006430356249999658, 2.928124999385482319, -0.5810628371015486016 ) ) ;
#1365 = SHAPE_DEFINITION_REPRESENTATION ( #2775, #480 ) ;
#1366 = CARTESIAN_POINT ( 'NONE',  ( -2.651438096812266917E-16, 5.131249998770964993, 1.443375672974064106 ) ) ;
#1367 = CARTESIAN_POINT ( 'NONE',  ( 0.5032151781249993849, 2.215624999385482408, 0.8715942556523230689 ) ) ;
#1368 = ORIENTED_EDGE ( 'NONE', *, *, #1937, .F. ) ;
#1369 = CARTESIAN_POINT ( 'NONE',  ( 1.249999999999999556, 3.012499999999999289, 0.7216878364870328300 ) ) ;
#1370 = DIRECTION ( 'NONE',  ( 0.000000000000000000, 0.000000000000000000, 1.000000000000000000 ) ) ;
#1371 = CARTESIAN_POINT ( 'NONE',  ( -1.006430356249999658, 1.128124999385482718, -0.5810628371015486016 ) ) ;
#1372 = FACE_OUTER_BOUND ( 'NONE', #753, .T. ) ;
#1373 = CARTESIAN_POINT ( 'NONE',  ( 1.249999999999999778, 1.249999999999999778, 0.000000000000000000 ) ) ;
#1374 = EDGE_LOOP ( 'NONE', ( #3011, #2533, #2186, #2402 ) ) ;
#1375 = EDGE_CURVE ( 'NONE', #985, #978, #1049, .T. ) ;
#1376 = CARTESIAN_POINT ( 'NONE',  ( -1.006430356249999658, 3.490624999385482763, -0.5810628371015486016 ) ) ;
#1377 = CARTESIAN_POINT ( 'NONE',  ( 1.530808498934191571E-16, 4.549999999999999822, -1.250000000000000000 ) ) ;
#1378 = CARTESIAN_POINT ( 'NONE',  ( -1.006430356249999658, 5.178124999385482319, -0.5810628371015486016 ) ) ;
#1379 = CARTESIAN_POINT ( 'NONE',  ( -3.295775504228300077E-16, 5.200000000000000178, 0.8660254037844385966 ) ) ;
#1380 = CARTESIAN_POINT ( 'NONE',  ( -0.5032151781249998290, 4.353124999385482141, -0.8715942556523227358 ) ) ;
#1381 = DIRECTION ( 'NONE',  ( 0.000000000000000000, 0.000000000000000000, 1.000000000000000000 ) ) ;
#1382 = CARTESIAN_POINT ( 'NONE',  ( 0.1678856119163659733, 4.450000000000002842, 1.000986594048207667 ) ) ;
#1383 =( BOUNDED_CURVE ( )  B_SPLINE_CURVE ( 2, ( #2495, #1218, #1930, #1687, #510, #2629, #1440, #962, #441 ),
 .UNSPECIFIED., .F., .T. ) 
 B_SPLINE_CURVE_WITH_KNOTS ( ( 3, 2, 2, 2, 3 ),
 ( 0.4166666666666666852, 0.4222222222222222210, 0.4333333333333333481, 0.4444444444444444198, 0.4500000000000000111 ),
 .UNSPECIFIED. ) 
 CURVE ( )  GEOMETRIC_REPRESENTATION_ITEM ( )  RATIONAL_B_SPLINE_CURVE ( ( 0.9330127018922192983, 0.9330127018922196314, 1.000000000000000000, 0.8660254037844387076, 1.000000000000000000, 0.8660254037844387076, 1.000000000000000000, 0.9330127018922189652, 0.9330127018922192983 ) ) 
 REPRESENTATION_ITEM ( '' )  );
#1384 = CARTESIAN_POINT ( 'NONE',  ( -1.006430356249999658, -0.1093750006145171039, -0.5810628371015486016 ) ) ;
#1385 = CARTESIAN_POINT ( 'NONE',  ( 1.006430356249999658, 4.053124999385482319, 0.5810628371015489346 ) ) ;
#1386 = CARTESIAN_POINT ( 'NONE',  ( 0.2083333333333295678, 0.2499999999999997780, 1.232516621479087249 ) ) ;
#1387 = CARTESIAN_POINT ( 'NONE',  ( -0.5032151781250002731, 4.053124999385482319, 0.8715942556523222917 ) ) ;
#1388 = CARTESIAN_POINT ( 'NONE',  ( 1.250000000000000000, 2.187499999999999556, -0.7216878364870319418 ) ) ;
#1389 = EDGE_CURVE ( 'NONE', #2468, #1961, #2046, .T. ) ;
#1390 = CARTESIAN_POINT ( 'NONE',  ( 1.006430356249999880, 0.9406249993854829405, 0.000000000000000000 ) ) ;
#1391 = CARTESIAN_POINT ( 'NONE',  ( 0.000000000000000000, 5.829289321881343966, 0.000000000000000000 ) ) ;
#1392 = CARTESIAN_POINT ( 'NONE',  ( 1.249999999999999334, 3.406249998770964904, 0.7216878364870328300 ) ) ;
#1393 = VECTOR ( 'NONE', #2689, 1000.000000000000000 ) ;
#1394 = CARTESIAN_POINT ( 'NONE',  ( 7.115967435598910900E-17, 4.765624999385481786, -1.162125674203096759 ) ) ;
#1395 = VECTOR ( 'NONE', #2720, 1000.000000000000000 ) ;
#1396 = CARTESIAN_POINT ( 'NONE',  ( -0.5032151781250003841, 5.290624999385482141, 0.8715942556523225138 ) ) ;
#1397 = AXIS2_PLACEMENT_3D ( 'NONE', #2865, #2833, #638 ) ;
#1398 = CARTESIAN_POINT ( 'NONE',  ( 6.245988575815533685E-15, 2.487500000000000266, 1.249999999999999778 ) ) ;
#1399 = CARTESIAN_POINT ( 'NONE',  ( -1.064180513397581018, 4.450000000000002842, -0.04933983495350909715 ) ) ;
#1400 = CARTESIAN_POINT ( 'NONE',  ( -2.651438096812266917E-16, 4.681249998770965703, 1.443375672974064106 ) ) ;
#1401 = CARTESIAN_POINT ( 'NONE',  ( -0.3349364905389061731, 3.126346188203299015, -1.249999999999997780 ) ) ;
#1402 = CARTESIAN_POINT ( 'NONE',  ( -1.006430356249999658, 3.040624999385483029, -0.5810628371015484905 ) ) ;
#1403 = CARTESIAN_POINT ( 'NONE',  ( 1.249999999999999556, 2.112499999999999822, 0.7216878364870328300 ) ) ;
#1404 = CARTESIAN_POINT ( 'NONE',  ( 1.249999999999999778, -0.6062500012290341633, 0.000000000000000000 ) ) ;
#1405 = CARTESIAN_POINT ( 'NONE',  ( 1.006430356249999880, 1.840624999385482630, 0.000000000000000000 ) ) ;
#1406 = FACE_OUTER_BOUND ( 'NONE', #2028, .T. ) ;
#1407 = PLANE ( 'NONE',  #1801 ) ;
#1408 = DIRECTION ( 'NONE',  ( 0.000000000000000000, 0.7071067811865441310, 0.7071067811865510144 ) ) ;
#1409 = EDGE_CURVE ( 'NONE', #1044, #903, #2756, .T. ) ;
#1410 = CARTESIAN_POINT ( 'NONE',  ( -0.3349364905389030644, 0.4263461882033000028, -1.249999999999999778 ) ) ;
#1411 = CARTESIAN_POINT ( 'NONE',  ( -6.565550782020048959E-15, 2.712499999999999467, -1.249999999999999556 ) ) ;
#1412 = CARTESIAN_POINT ( 'NONE',  ( -1.006430356249999880, 3.865624999385482319, -1.232521714346292805E-16 ) ) ;
#1413 = CARTESIAN_POINT ( 'NONE',  ( 0.5032151781250000511, 4.278124999385482852, -0.8715942556523226248 ) ) ;
#1414 = DIRECTION ( 'NONE',  ( 0.000000000000000000, 1.000000000000000000, 0.000000000000000000 ) ) ;
#1415 = CARTESIAN_POINT ( 'NONE',  ( 0.6249999999999990008, 4.268749998770966059, 1.082531754730548634 ) ) ;
#1416 = VERTEX_POINT ( 'NONE', #2696 ) ;
#1417 = CARTESIAN_POINT ( 'NONE',  ( 0.6250000000000000000, 5.318749998770965881, -1.082531754730548190 ) ) ;
#1418 = EDGE_CURVE ( 'NONE', #456, #2754, #2299, .T. ) ;
#1419 = VERTEX_POINT ( 'NONE', #1226 ) ;
#1420 = CARTESIAN_POINT ( 'NONE',  ( 1.006430356249999658, 3.303124999385482319, 0.000000000000000000 ) ) ;
#1421 = CARTESIAN_POINT ( 'NONE',  ( 8.838126989374222236E-17, 2.262499999999999734, -1.443375672974064106 ) ) ;
#1422 = CARTESIAN_POINT ( 'NONE',  ( 1.006430356249999880, 0.9781249993854829183, -0.5810628371015482685 ) ) ;
#1423 = DIRECTION ( 'NONE',  ( -0.000000000000000000, -1.000000000000000000, -0.000000000000000000 ) ) ;
#1424 = CARTESIAN_POINT ( 'NONE',  ( 1.743066579297358255E-16, 4.062499999999999112, -1.249999999999999556 ) ) ;
#1425 = CARTESIAN_POINT ( 'NONE',  ( 1.743066579297358255E-16, 0.4062499987709657367, -1.249999999999999556 ) ) ;
#1426 = CARTESIAN_POINT ( 'NONE',  ( 0.6249999999999990008, 2.524999999999999467, 1.082531754730548634 ) ) ;
#1427 = CARTESIAN_POINT ( 'NONE',  ( 1.006430356249999658, 4.953124999385481786, 0.5810628371015489346 ) ) ;
#1428 = ADVANCED_FACE ( 'NONE', ( #973 ), #2835, .T. ) ;
#1429 = CARTESIAN_POINT ( 'NONE',  ( -0.6249999999999995559, 3.593749998770965348, -1.082531754730548412 ) ) ;
#1430 = CARTESIAN_POINT ( 'NONE',  ( -0.3349364905389030089, 1.061153809338631238, 1.249999999999999778 ) ) ;
#1431 = CARTESIAN_POINT ( 'NONE',  ( 0.5032151781249992739, 0.07812499938548284062, 0.8715942556523228468 ) ) ;
#1432 = CARTESIAN_POINT ( 'NONE',  ( -1.006430356249999658, -0.5593750006145170595, -0.5810628371015486016 ) ) ;
#1433 = CARTESIAN_POINT ( 'NONE',  ( 1.006430356249999880, 3.640624999385482674, 0.000000000000000000 ) ) ;
#1434 = CARTESIAN_POINT ( 'NONE',  ( -7.855420050700094634E-14, 0.2420753175473025487, 1.242075317547301827 ) ) ;
#1435 = CARTESIAN_POINT ( 'NONE',  ( -0.5032151781249997180, 3.453124999385482674, -0.8715942556523225138 ) ) ;
#1436 = CARTESIAN_POINT ( 'NONE',  ( 8.838126989374222236E-17, 4.062499999999999112, -1.443375672974064106 ) ) ;
#1437 = ORIENTED_EDGE ( 'NONE', *, *, #2416, .T. ) ;
#1438 = CARTESIAN_POINT ( 'NONE',  ( -1.006430356249999658, 2.478124999385482585, -0.5810628371015486016 ) ) ;
#1439 = CARTESIAN_POINT ( 'NONE',  ( 1.249999999999999778, 0.7437499987709657034, 0.000000000000000000 ) ) ;
#1440 = CARTESIAN_POINT ( 'NONE',  ( -0.6250000000000004441, 2.393749998770965171, 1.082531754730547968 ) ) ;
#1441 = DIRECTION ( 'NONE',  ( -0.000000000000000000, 1.000000000000000000, -0.000000000000000000 ) ) ;
#1442 = CARTESIAN_POINT ( 'NONE',  ( 1.006430356249999880, 5.553124999385482319, 0.000000000000000000 ) ) ;
#1443 = CARTESIAN_POINT ( 'NONE',  ( -1.250000000000000000, 2.806249998770965703, 0.7216878364870316087 ) ) ;
#1444 = ORIENTED_EDGE ( 'NONE', *, *, #359, .F. ) ;
#1445 = CARTESIAN_POINT ( 'NONE',  ( 1.743066579297358255E-16, 0.9124999999999997558, -1.249999999999999556 ) ) ;
#1446 = DIRECTION ( 'NONE',  ( -0.6546536707079766426, 0.6546536707079754214, 0.3779644730092308058 ) ) ;
#1447 = CARTESIAN_POINT ( 'NONE',  ( -2.134790230679672777E-16, 0.04062499938548285588, 1.162125674203096537 ) ) ;
#1448 = ORIENTED_EDGE ( 'NONE', *, *, #35, .F. ) ;
#1449 = CARTESIAN_POINT ( 'NONE',  ( 1.006430356249999880, 0.6031249993854828073, 0.000000000000000000 ) ) ;
#1450 = DIRECTION ( 'NONE',  ( 0.000000000000000000, 0.000000000000000000, 1.000000000000000000 ) ) ;
#1451 = CARTESIAN_POINT ( 'NONE',  ( -1.006430356250000324, -0.1468750006145170817, 0.5810628371015480464 ) ) ;
#1452 = CARTESIAN_POINT ( 'NONE',  ( 1.250000000000000000, 5.337499999999999467, -0.7216878364870319418 ) ) ;
#1453 = CARTESIAN_POINT ( 'NONE',  ( -2.651438096812266917E-16, -0.2687500012290341411, 1.443375672974064106 ) ) ;
#1454 = FACE_OUTER_BOUND ( 'NONE', #888, .T. ) ;
#1455 = CARTESIAN_POINT ( 'NONE',  ( 7.115967435598910900E-17, 3.303124999385482763, -1.162125674203096759 ) ) ;
#1456 = CARTESIAN_POINT ( 'NONE',  ( 0.000000000000000000, 4.450000000000000178, -1.249999999999999778 ) ) ;
#1457 = CARTESIAN_POINT ( 'NONE',  ( 1.006430356249999880, 3.228124999385483029, -0.5810628371015482685 ) ) ;
#1458 = DIRECTION ( 'NONE',  ( 0.000000000000000000, 0.000000000000000000, -1.000000000000000000 ) ) ;
#1459 = CARTESIAN_POINT ( 'NONE',  ( 0.4692198099778226994, 0.1592956228122393014, 1.064312265324670825 ) ) ;
#1460 = DIRECTION ( 'NONE',  ( -0.8660254037844388186, 0.000000000000000000, 0.4999999999999996669 ) ) ;
#1461 = FACE_OUTER_BOUND ( 'NONE', #2616, .T. ) ;
#1462 = CARTESIAN_POINT ( 'NONE',  ( 0.6250000000000000000, 3.574999999999999289, -1.082531754730548190 ) ) ;
#1463 = CARTESIAN_POINT ( 'NONE',  ( 0.5032151781249999400, 1.128124999385482941, -0.8715942556523224027 ) ) ;
#1464 = ORIENTED_EDGE ( 'NONE', *, *, #2131, .T. ) ;
#1465 = EDGE_CURVE ( 'NONE', #2624, #270, #2914, .T. ) ;
#1466 = CARTESIAN_POINT ( 'NONE',  ( 1.006430356249999658, 0.5656249993854828295, 0.5810628371015489346 ) ) ;
#1467 = DIRECTION ( 'NONE',  ( 3.129822080702410096E-15, 0.000000000000000000, 1.000000000000000000 ) ) ;
#1468 = DIRECTION ( 'NONE',  ( -0.000000000000000000, -1.000000000000000000, -0.000000000000000000 ) ) ;
#1469 = CARTESIAN_POINT ( 'NONE',  ( 1.006430356249999658, 0.003124999385482863344, 0.5810628371015489346 ) ) ;
#1470 = ORIENTED_EDGE ( 'NONE', *, *, #635, .F. ) ;
#1471 = CARTESIAN_POINT ( 'NONE',  ( 1.249999999999999778, -0.1562500012290341522, 0.000000000000000000 ) ) ;
#1472 = CARTESIAN_POINT ( 'NONE',  ( -1.006430356249999658, 0.2281249993854829183, -0.5810628371015487126 ) ) ;
#1473 = CARTESIAN_POINT ( 'NONE',  ( -2.134790230679673516E-16, 4.878124999385483385, 1.162125674203096759 ) ) ;
#1474 = CARTESIAN_POINT ( 'NONE',  ( 0.5032151781250000511, 2.815624999385482941, -0.8715942556523226248 ) ) ;
#1475 = DIRECTION ( 'NONE',  ( -0.8660254037844388186, 0.000000000000000000, 0.4999999999999996114 ) ) ;
#1476 = EDGE_CURVE ( 'NONE', #2277, #1758, #3037, .T. ) ;
#1477 = ORIENTED_EDGE ( 'NONE', *, *, #2869, .T. ) ;
#1478 = ADVANCED_FACE ( 'NONE', ( #2851 ), #2791, .T. ) ;
#1479 = CARTESIAN_POINT ( 'NONE',  ( -0.3349364905389021763, 1.961153809338631371, 1.250000000000000666 ) ) ;
#1480 = DIRECTION ( 'NONE',  ( -0.3535533905932737864, -0.7071067811865489050, -0.6123724356957930270 ) ) ;
#1481 = CARTESIAN_POINT ( 'NONE',  ( -2.134790230679672777E-16, 1.390624999385482452, 1.162125674203096537 ) ) ;
#1482 = CARTESIAN_POINT ( 'NONE',  ( 0.5032151781249993849, 1.878124999385482718, 0.8715942556523230689 ) ) ;
#1483 = CARTESIAN_POINT ( 'NONE',  ( 1.006430356249999880, 0.6406249993854828961, -0.5810628371015482685 ) ) ;
#1484 = CARTESIAN_POINT ( 'NONE',  ( 6.245988575815533685E-15, 2.881249998770965437, 1.249999999999999778 ) ) ;
#1485 = CARTESIAN_POINT ( 'NONE',  ( 7.115967435598910900E-17, 0.1531249993854829072, -1.162125674203096759 ) ) ;
#1486 = ORIENTED_EDGE ( 'NONE', *, *, #40, .T. ) ;
#1487 = CARTESIAN_POINT ( 'NONE',  ( 0.6249999999999990008, 0.2187499987709657367, 1.082531754730548634 ) ) ;
#1488 = CARTESIAN_POINT ( 'NONE',  ( 0.5032151781249993849, 2.665624999385482585, 0.8715942556523230689 ) ) ;
#1489 = CARTESIAN_POINT ( 'NONE',  ( -2.134790230679673516E-16, 0.8281249993854827851, 1.162125674203096759 ) ) ;
#1490 = CARTESIAN_POINT ( 'NONE',  ( 1.006430356249999658, 3.603124999385482585, 0.5810628371015489346 ) ) ;
#1491 = DIRECTION ( 'NONE',  ( -0.000000000000000000, -1.000000000000000000, -0.000000000000000000 ) ) ;
#1492 = CARTESIAN_POINT ( 'NONE',  ( 1.249999999999999778, 2.149999999999999467, 0.000000000000000000 ) ) ;
#1493 = ORIENTED_EDGE ( 'NONE', *, *, #1285, .F. ) ;
#1494 = FACE_OUTER_BOUND ( 'NONE', #2820, .T. ) ;
#1495 = CARTESIAN_POINT ( 'NONE',  ( 1.249999999999999334, 2.506249998770965437, 0.7216878364870328300 ) ) ;
#1496 = CARTESIAN_POINT ( 'NONE',  ( -1.006430356249999880, 1.765624999385482896, 0.5810628371015479354 ) ) ;
#1497 = AXIS2_PLACEMENT_3D ( 'NONE', #1201, #2889, #2165 ) ;
#1498 = CARTESIAN_POINT ( 'NONE',  ( 7.115967435598910900E-17, 1.615624999385482541, -1.162125674203096759 ) ) ;
#1499 = CARTESIAN_POINT ( 'NONE',  ( -0.5032151781249998290, 1.203124999385482896, -0.8715942556523227358 ) ) ;
#1500 = VECTOR ( 'NONE', #1468, 1000.000000000000000 ) ;
#1501 = CARTESIAN_POINT ( 'NONE',  ( -0.6249999999999995559, 3.649999999999999467, -1.082531754730548412 ) ) ;
#1502 = AXIS2_PLACEMENT_3D ( 'NONE', #1586, #2822, #1842 ) ;
#1503 = CARTESIAN_POINT ( 'NONE',  ( -0.5032151781249997180, 5.253124999385481608, -0.8715942556523225138 ) ) ;
#1504 = VECTOR ( 'NONE', #2898, 1000.000000000000000 ) ;
#1505 = CARTESIAN_POINT ( 'NONE',  ( -0.6250000000000004441, 1.943749998770965437, 1.082531754730547968 ) ) ;
#1506 = CARTESIAN_POINT ( 'NONE',  ( 0.6249999999999990008, 0.7249999999999997558, 1.082531754730548634 ) ) ;
#1507 = CARTESIAN_POINT ( 'NONE',  ( 1.006430356249999658, 4.953124999385481786, 0.5810628371015489346 ) ) ;
#1508 = CARTESIAN_POINT ( 'NONE',  ( 0.6249999999999990008, 2.974999999999999201, 1.082531754730548634 ) ) ;
#1509 = VERTEX_POINT ( 'NONE', #868 ) ;
#1510 = DIRECTION ( 'NONE',  ( 0.8660254037844385966, 0.000000000000000000, 0.5000000000000001110 ) ) ;
#1511 = CARTESIAN_POINT ( 'NONE',  ( -1.006430356249999658, 2.140624999385483118, -0.5810628371015484905 ) ) ;
#1512 = CARTESIAN_POINT ( 'NONE',  ( -1.250000000000000000, 4.662499999999998757, 0.7216878364870314977 ) ) ;
#1513 = CARTESIAN_POINT ( 'NONE',  ( 0.5032151781249993849, 1.428124999385482763, 0.8715942556523230689 ) ) ;
#1514 = CARTESIAN_POINT ( 'NONE',  ( -0.5032151781249998290, 0.3031249993854828739, -0.8715942556523227358 ) ) ;
#1515 = CARTESIAN_POINT ( 'NONE',  ( 2.817957636530729931E-15, 1.587500000000000133, 1.249999999999999778 ) ) ;
#1516 = ADVANCED_FACE ( 'NONE', ( #661 ), #1861, .F. ) ;
#1517 = CARTESIAN_POINT ( 'NONE',  ( -0.5032151781249998290, -0.2593750006145170706, -0.8715942556523227358 ) ) ;
#1518 = EDGE_CURVE ( 'NONE', #2429, #1172, #1626, .T. ) ;
#1519 = CARTESIAN_POINT ( 'NONE',  ( -1.250000000000000000, 0.1062499987709657756, 0.7216878364870314977 ) ) ;
#1520 = CARTESIAN_POINT ( 'NONE',  ( 2.963213184805508812E-15, 0.006430356250002243652, 1.006430356249999658 ) ) ;
#1521 = CARTESIAN_POINT ( 'NONE',  ( 1.006430356249999658, 3.153124999385482852, 0.5810628371015489346 ) ) ;
#1522 = CARTESIAN_POINT ( 'NONE',  ( -0.6842275550173799736, 4.449999999999995737, 0.7493373113707731958 ) ) ;
#1523 = CARTESIAN_POINT ( 'NONE',  ( 1.250000000000000000, 0.3874999999999997891, -0.7216878364870319418 ) ) ;
#1524 = CARTESIAN_POINT ( 'NONE',  ( -4.938688641342514686E-16, 3.837499999999999467, 1.249999999999999778 ) ) ;
#1525 = CARTESIAN_POINT ( 'NONE',  ( 0.6249999999999990008, 2.074999999999999734, 1.082531754730548634 ) ) ;
#1526 = EDGE_CURVE ( 'NONE', #1153, #2239, #2806, .T. ) ;
#1527 = VERTEX_POINT ( 'NONE', #349 ) ;
#1528 = CARTESIAN_POINT ( 'NONE',  ( 1.006430356249999658, 2.403124999385482852, 0.000000000000000000 ) ) ;
#1529 = EDGE_CURVE ( 'NONE', #624, #2099, #3085, .T. ) ;
#1530 = CARTESIAN_POINT ( 'NONE',  ( 1.249999999999999778, 4.849999999999999645, 0.000000000000000000 ) ) ;
#1531 = CARTESIAN_POINT ( 'NONE',  ( -0.5032151781250003841, 4.053124999385482319, 0.8715942556523225138 ) ) ;
#1532 = CARTESIAN_POINT ( 'NONE',  ( 0.5032151781250000511, 0.2281249993854829183, -0.8715942556523226248 ) ) ;
#1533 = CARTESIAN_POINT ( 'NONE',  ( -1.510657702057710537E-15, 0.4624999999999998557, -1.249999999999999778 ) ) ;
#1534 = CARTESIAN_POINT ( 'NONE',  ( 0.5032151781250000511, 0.5656249993854828295, -0.8715942556523226248 ) ) ;
#1535 = CARTESIAN_POINT ( 'NONE',  ( -1.249999999999999778, 1.868749998770965481, -1.530808498934191324E-16 ) ) ;
#1536 = CARTESIAN_POINT ( 'NONE',  ( -1.006430356250000102, 0.7531249993854827185, 0.5810628371015480464 ) ) ;
#1537 = VERTEX_POINT ( 'NONE', #745 ) ;
#1538 = CARTESIAN_POINT ( 'NONE',  ( -1.249999999999999778, -0.7750000000000001332, -1.530808498934191324E-16 ) ) ;
#1539 = CARTESIAN_POINT ( 'NONE',  ( 1.743066579297358255E-16, 4.006249998770964993, -1.249999999999999556 ) ) ;
#1540 = ORIENTED_EDGE ( 'NONE', *, *, #656, .F. ) ;
#1541 = CARTESIAN_POINT ( 'NONE',  ( 0.3349364905389042857, 1.551346188203299947, 1.249999999999999556 ) ) ;
#1542 = CARTESIAN_POINT ( 'NONE',  ( -2.134790230679673516E-16, 4.990624999385482319, 1.162125674203096759 ) ) ;
#1543 = CARTESIAN_POINT ( 'NONE',  ( 1.006430356249999658, 2.815624999385482052, 0.5810628371015489346 ) ) ;
#1544 = CARTESIAN_POINT ( 'NONE',  ( 0.6250000000000000000, 0.4249999999999998224, -1.082531754730548190 ) ) ;
#1545 = CARTESIAN_POINT ( 'NONE',  ( -1.006430356250000324, 0.7531249993854828295, 0.5810628371015480464 ) ) ;
#1546 = AXIS2_PLACEMENT_3D ( 'NONE', #2618, #859, #1063 ) ;
#1547 = VECTOR ( 'NONE', #2332, 1000.000000000000000 ) ;
#1548 = CARTESIAN_POINT ( 'NONE',  ( -1.249999999999999778, 4.081249998770966059, -0.7216878364870323859 ) ) ;
#1549 = CARTESIAN_POINT ( 'NONE',  ( -0.5032151781250003841, 1.690624999385482718, 0.8715942556523225138 ) ) ;
#1550 = ORIENTED_EDGE ( 'NONE', *, *, #1126, .T. ) ;
#1551 = CARTESIAN_POINT ( 'NONE',  ( 1.249999999999999778, 0.7999999999999999334, 0.000000000000000000 ) ) ;
#1552 = AXIS2_PLACEMENT_3D ( 'NONE', #1244, #1370, #671 ) ;
#1553 = PRODUCT_DEFINITION ( 'UNKNOWN', '', #2, #984 ) ;
#1554 = CARTESIAN_POINT ( 'NONE',  ( 1.006430356249999880, -0.8593750006145169928, 0.000000000000000000 ) ) ;
#1555 = CARTESIAN_POINT ( 'NONE',  ( 0.3349364905389042857, 2.057596189432334022, 1.249999999999999556 ) ) ;
#1556 = ORIENTED_EDGE ( 'NONE', *, *, #602, .T. ) ;
#1557 = DIRECTION ( 'NONE',  ( 0.000000000000000000, 0.000000000000000000, -1.000000000000000000 ) ) ;
#1558 = CARTESIAN_POINT ( 'NONE',  ( -0.5032151781250003841, 3.603124999385482585, 0.8715942556523225138 ) ) ;
#1559 = CARTESIAN_POINT ( 'NONE',  ( -2.134790230679673516E-16, 2.290624999385482585, 1.162125674203096759 ) ) ;
#1560 = DIRECTION ( 'NONE',  ( 0.000000000000000000, 1.000000000000000000, 0.000000000000000000 ) ) ;
#1561 = CARTESIAN_POINT ( 'NONE',  ( -0.5032151781250003841, 0.3406249993854829072, 0.8715942556523225138 ) ) ;
#1562 = VERTEX_POINT ( 'NONE', #2140 ) ;
#1563 = CARTESIAN_POINT ( 'NONE',  ( -0.6250000000000004441, 4.193749998770964993, 1.082531754730547968 ) ) ;
#1564 = CARTESIAN_POINT ( 'NONE',  ( -0.5032151781250003841, 3.040624999385483029, 0.8715942556523225138 ) ) ;
#1565 = ORIENTED_EDGE ( 'NONE', *, *, #635, .T. ) ;
#1566 = DIRECTION ( 'NONE',  ( 0.000000000000000000, 0.000000000000000000, -1.000000000000000000 ) ) ;
#1567 = CARTESIAN_POINT ( 'NONE',  ( -1.250000000000000000, 0.1624999999999998668, 0.7216878364870314977 ) ) ;
#1568 = ADVANCED_FACE ( 'NONE', ( #2867 ), #213, .T. ) ;
#1569 = CARTESIAN_POINT ( 'NONE',  ( 0.5032151781249993849, -0.4843750006145170484, 0.8715942556523230689 ) ) ;
#1570 = DIRECTION ( 'NONE',  ( 0.000000000000000000, 0.000000000000000000, -1.000000000000000000 ) ) ;
#1571 = VERTEX_POINT ( 'NONE', #2657 ) ;
#1572 = CARTESIAN_POINT ( 'NONE',  ( 1.249999999999999778, 1.643749998770965615, 0.000000000000000000 ) ) ;
#1573 = EDGE_CURVE ( 'NONE', #2797, #1419, #59, .T. ) ;
#1574 = CARTESIAN_POINT ( 'NONE',  ( 0.000000000000000000, 4.450000000000000178, 0.000000000000000000 ) ) ;
#1575 = EDGE_CURVE ( 'NONE', #994, #1858, #2168, .T. ) ;
#1576 = CARTESIAN_POINT ( 'NONE',  ( -0.5032151781249998290, 3.453124999385482674, -0.8715942556523227358 ) ) ;
#1577 = DIRECTION ( 'NONE',  ( -0.000000000000000000, -1.000000000000000000, -0.000000000000000000 ) ) ;
#1578 = CARTESIAN_POINT ( 'NONE',  ( -1.006430356250000324, 2.103124999385483029, 0.5810628371015480464 ) ) ;
#1579 = CARTESIAN_POINT ( 'NONE',  ( -1.249999999999999778, 3.668749998770965082, -1.530808498934191324E-16 ) ) ;
#1580 = CARTESIAN_POINT ( 'NONE',  ( 0.5032151781249993849, 3.115624999385482319, 0.8715942556523230689 ) ) ;
#1581 = ORIENTED_EDGE ( 'NONE', *, *, #2587, .F. ) ;
#1582 = CARTESIAN_POINT ( 'NONE',  ( 0.2083333333333295678, 0.2499999999999997780, 1.232516621479087249 ) ) ;
#1583 = CARTESIAN_POINT ( 'NONE',  ( 0.3349364905389019542, 1.792403810567665623, -1.250000000000000666 ) ) ;
#1584 = CARTESIAN_POINT ( 'NONE',  ( -1.006430356249999880, 3.565624999385482052, 0.5810628371015479354 ) ) ;
#1585 = ORIENTED_EDGE ( 'NONE', *, *, #2489, .T. ) ;
#1586 = CARTESIAN_POINT ( 'NONE',  ( -0.7500000000000006661, 5.200000000000000178, -0.4330127018922176330 ) ) ;
#1587 = LINE ( 'NONE', #2555, #1949 ) ;
#1588 = VERTEX_POINT ( 'NONE', #443 ) ;
#1589 = CARTESIAN_POINT ( 'NONE',  ( -2.134790230679673516E-16, 1.390624999385482674, 1.162125674203096759 ) ) ;
#1590 = CARTESIAN_POINT ( 'NONE',  ( 0.000000000000000000, 4.467157287525381548, 0.000000000000000000 ) ) ;
#1591 = CARTESIAN_POINT ( 'NONE',  ( -1.006430356249999880, 2.515624999385482674, -1.232521714346292805E-16 ) ) ;
#1592 = CARTESIAN_POINT ( 'NONE',  ( 0.2935421954858307703, 4.450000000000000178, 0.9626707856016304410 ) ) ;
#1593 = ORIENTED_EDGE ( 'NONE', *, *, #1887, .T. ) ;
#1594 = CARTESIAN_POINT ( 'NONE',  ( -0.6249999999999995559, 4.043749998770965526, -1.082531754730548412 ) ) ;
#1595 = CARTESIAN_POINT ( 'NONE',  ( -0.5032151781250003841, 2.140624999385482674, 0.8715942556523225138 ) ) ;
#1596 = ORIENTED_EDGE ( 'NONE', *, *, #1659, .T. ) ;
#1597 = TOROIDAL_SURFACE ( 'NONE', #1896, 2.458578643762694416, 0.1000000000000000056 ) ;
#1598 = DIRECTION ( 'NONE',  ( 0.000000000000000000, 0.000000000000000000, 1.000000000000000000 ) ) ;
#1599 = CARTESIAN_POINT ( 'NONE',  ( -0.6250000000000004441, 2.899999999999999911, 1.082531754730547968 ) ) ;
#1600 =( GEOMETRIC_REPRESENTATION_CONTEXT ( 3 ) GLOBAL_UNCERTAINTY_ASSIGNED_CONTEXT ( ( #2672 ) ) GLOBAL_UNIT_ASSIGNED_CONTEXT ( ( #2204, #2157, #2660 ) ) REPRESENTATION_CONTEXT ( 'NONE', 'WORKASPACE' ) );
#1601 = CARTESIAN_POINT ( 'NONE',  ( -0.5032151781249998290, 0.6406249993854827851, -0.8715942556523227358 ) ) ;
#1602 = FACE_OUTER_BOUND ( 'NONE', #1721, .T. ) ;
#1603 = VECTOR ( 'NONE', #2229, 1000.000000000000000 ) ;
#1604 = ORIENTED_EDGE ( 'NONE', *, *, #1027, .F. ) ;
#1605 = CIRCLE ( 'NONE', #2597, 2.529289321881349473 ) ;
#1606 = ADVANCED_FACE ( 'NONE', ( #1168 ), #911, .T. ) ;
#1607 = CARTESIAN_POINT ( 'NONE',  ( 1.249999999999999778, 3.893749998770965615, 0.000000000000000000 ) ) ;
#1608 = CARTESIAN_POINT ( 'NONE',  ( -0.7500000000000001110, 5.900000000000000355, -0.4330127018922194093 ) ) ;
#1609 = CARTESIAN_POINT ( 'NONE',  ( 0.000000000000000000, 4.450000000000000178, -1.250000000000000000 ) ) ;
#1610 = CARTESIAN_POINT ( 'NONE',  ( 1.006430356249999880, 1.990624999385482985, -0.5810628371015482685 ) ) ;
#1611 = CARTESIAN_POINT ( 'NONE',  ( 0.7499999999999996669, 5.900000000000000355, -0.4330127018922195758 ) ) ;
#1612 = CARTESIAN_POINT ( 'NONE',  ( 7.115967435598910900E-17, 2.853124999385482585, -1.162125674203096759 ) ) ;
#1613 = ORIENTED_EDGE ( 'NONE', *, *, #2077, .F. ) ;
#1614 = CARTESIAN_POINT ( 'NONE',  ( -1.249999999999999778, 3.218749998770965792, -1.530808498934191324E-16 ) ) ;
#1615 = CARTESIAN_POINT ( 'NONE',  ( 0.5032151781249993849, 1.315624999385482941, 0.8715942556523230689 ) ) ;
#1616 = CARTESIAN_POINT ( 'NONE',  ( -1.250000000000000000, 3.256249998770965437, 0.7216878364870316087 ) ) ;
#1617 = CARTESIAN_POINT ( 'NONE',  ( 2.817957636530729931E-15, 1.981249998770966192, 1.249999999999999778 ) ) ;
#1618 = ADVANCED_FACE ( 'NONE', ( #2425 ), #608, .F. ) ;
#1619 = CARTESIAN_POINT ( 'NONE',  ( -1.250000000000000000, 1.512500000000000178, 0.7216878364870314977 ) ) ;
#1620 = EDGE_CURVE ( 'NONE', #1301, #403, #2439, .T. ) ;
#1621 = CARTESIAN_POINT ( 'NONE',  ( 0.5032151781250000511, 1.015624999385482896, -0.8715942556523226248 ) ) ;
#1622 = CARTESIAN_POINT ( 'NONE',  ( 0.000000000000000000, 4.450000000000000178, -1.249999999999999778 ) ) ;
#1623 = CARTESIAN_POINT ( 'NONE',  ( 0.3349364905389042857, 1.157596189432334333, 1.249999999999999556 ) ) ;
#1624 = ORIENTED_EDGE ( 'NONE', *, *, #1465, .F. ) ;
#1625 = CARTESIAN_POINT ( 'NONE',  ( 0.5032151781250000511, 3.378124999385482052, -0.8715942556523226248 ) ) ;
#1626 = LINE ( 'NONE', #2540, #2594 ) ;
#1627 = CARTESIAN_POINT ( 'NONE',  ( -1.006430356250000324, 4.353124999385482141, 0.5810628371015480464 ) ) ;
#1628 = EDGE_CURVE ( 'NONE', #1087, #2040, #2564, .T. ) ;
#1629 = CARTESIAN_POINT ( 'NONE',  ( 7.115967435598912132E-17, 4.315624999385481608, -1.162125674203096759 ) ) ;
#1630 = CARTESIAN_POINT ( 'NONE',  ( 7.115967435598910900E-17, -0.6343750006145170151, -1.162125674203096759 ) ) ;
#1631 = CARTESIAN_POINT ( 'NONE',  ( -1.006430356249999880, 3.865624999385482319, -1.232521714346292805E-16 ) ) ;
#1632 = LINE ( 'NONE', #2575, #505 ) ;
#1633 = CARTESIAN_POINT ( 'NONE',  ( -2.651438096812266917E-16, 2.037499999999999645, 1.443375672974064106 ) ) ;
#1634 =( BOUNDED_CURVE ( )  B_SPLINE_CURVE ( 2, ( #3066, #393, #2848, #1392, #159, #897, #1164, #2137, #3081 ),
 .UNSPECIFIED., .F., .F. ) 
 B_SPLINE_CURVE_WITH_KNOTS ( ( 3, 2, 2, 2, 3 ),
 ( 0.5833333333333333703, 0.5888888888888889062, 0.5999999999999999778, 0.6111111111111111605, 0.6166666666666666963 ),
 .UNSPECIFIED. ) 
 CURVE ( )  GEOMETRIC_REPRESENTATION_ITEM ( )  RATIONAL_B_SPLINE_CURVE ( ( 0.9330127018922194093, 0.9330127018922200755, 1.000000000000000000, 0.8660254037844387076, 1.000000000000000000, 0.8660254037844387076, 1.000000000000000000, 0.9330127018922194093, 0.9330127018922194093 ) ) 
 REPRESENTATION_ITEM ( '' )  );
#1635 = CARTESIAN_POINT ( 'NONE',  ( 7.115967435598910900E-17, 1.503124999385482496, -1.162125674203096759 ) ) ;
#1636 = CARTESIAN_POINT ( 'NONE',  ( -0.8499999999999993117, 6.000000000000000000, -0.4330127018922193538 ) ) ;
#1637 = ORIENTED_EDGE ( 'NONE', *, *, #53, .F. ) ;
#1638 = CARTESIAN_POINT ( 'NONE',  ( -0.5032151781250003841, 4.503124999385482496, 0.8715942556523225138 ) ) ;
#1639 = DIRECTION ( 'NONE',  ( -0.000000000000000000, -1.000000000000000000, -0.000000000000000000 ) ) ;
#1640 = CARTESIAN_POINT ( 'NONE',  ( 7.115967435598910900E-17, 4.653124999385481075, -1.162125674203096759 ) ) ;
#1641 = CARTESIAN_POINT ( 'NONE',  ( 1.249999999999999778, 1.193749998770965659, 0.000000000000000000 ) ) ;
#1642 = CARTESIAN_POINT ( 'NONE',  ( -0.6250000000000004441, 1.999999999999999556, 1.082531754730547968 ) ) ;
#1643 = CARTESIAN_POINT ( 'NONE',  ( 1.006430356249999658, -0.7093750006145169706, -0.5810628371015482685 ) ) ;
#1644 = VERTEX_POINT ( 'NONE', #1933 ) ;
#1645 = CARTESIAN_POINT ( 'NONE',  ( 1.006430356249999880, -0.7468750006145170595, 0.000000000000000000 ) ) ;
#1646 = CARTESIAN_POINT ( 'NONE',  ( 7.115967435598912132E-17, 4.203124999385482674, -1.162125674203096759 ) ) ;
#1647 = CARTESIAN_POINT ( 'NONE',  ( 0.6500000000000023537, 5.099999999999999645, 0.3752776749732503192 ) ) ;
#1648 = CARTESIAN_POINT ( 'NONE',  ( -0.5032151781249997180, 3.903124999385482408, -0.8715942556523225138 ) ) ;
#1649 = CARTESIAN_POINT ( 'NONE',  ( -1.250000000000000000, 1.062499999999999556, 0.7216878364870314977 ) ) ;
#1650 = CARTESIAN_POINT ( 'NONE',  ( -0.5032151781250003841, 1.690624999385482718, 0.8715942556523225138 ) ) ;
#1651 = CARTESIAN_POINT ( 'NONE',  ( 0.6250000000000000000, 0.8187499987709656590, -1.082531754730548190 ) ) ;
#1652 = DIRECTION ( 'NONE',  ( 0.000000000000000000, 0.000000000000000000, -1.000000000000000000 ) ) ;
#1653 = CARTESIAN_POINT ( 'NONE',  ( 1.006430356249999658, 5.515624999385482674, 0.5810628371015489346 ) ) ;
#1654 = VECTOR ( 'NONE', #1467, 1000.000000000000000 ) ;
#1655 = DIRECTION ( 'NONE',  ( -0.000000000000000000, -1.000000000000000000, -0.000000000000000000 ) ) ;
#1656 = EDGE_CURVE ( 'NONE', #783, #456, #2891, .T. ) ;
#1657 = CARTESIAN_POINT ( 'NONE',  ( 0.5032151781249993849, 4.465624999385482852, 0.8715942556523230689 ) ) ;
#1658 = AXIS2_PLACEMENT_3D ( 'NONE', #1714, #1945, #2904 ) ;
#1659 = EDGE_CURVE ( 'NONE', #2429, #13, #3057, .T. ) ;
#1660 = DIRECTION ( 'NONE',  ( 0.8660254037844388186, 0.000000000000000000, -0.4999999999999996114 ) ) ;
#1661 = CARTESIAN_POINT ( 'NONE',  ( -0.5032151781249997180, -0.5968750006145170373, -0.8715942556523225138 ) ) ;
#1662 = VERTEX_POINT ( 'NONE', #1338 ) ;
#1663 = CARTESIAN_POINT ( 'NONE',  ( 7.115967435598910900E-17, -0.1843750006145170872, -1.162125674203096759 ) ) ;
#1664 = CARTESIAN_POINT ( 'NONE',  ( 0.8499999999999988676, 6.000000000000000000, 0.4330127018922195758 ) ) ;
#1665 = CARTESIAN_POINT ( 'NONE',  ( 1.006430356249999436, 2.815624999385482052, 0.5810628371015487126 ) ) ;
#1666 = CARTESIAN_POINT ( 'NONE',  ( 1.249999999999999778, 1.249999999999999778, 0.000000000000000000 ) ) ;
#1667 = CARTESIAN_POINT ( 'NONE',  ( 0.000000000000000000, 0.000000000000000000, 0.9999999999999974465 ) ) ;
#1668 = CARTESIAN_POINT ( 'NONE',  ( -1.006430356249999880, 2.065624999385482496, -1.232521714346292805E-16 ) ) ;
#1669 = CARTESIAN_POINT ( 'NONE',  ( -1.510657702057710537E-15, 0.8562499987709658589, -1.249999999999999778 ) ) ;
#1670 = EDGE_CURVE ( 'NONE', #1172, #903, #824, .T. ) ;
#1671 = FACE_OUTER_BOUND ( 'NONE', #605, .T. ) ;
#1672 = PLANE ( 'NONE',  #2155 ) ;
#1673 = CARTESIAN_POINT ( 'NONE',  ( 1.026683093871655572, 0.2499999999999997224, 0.7130370430476419275 ) ) ;
#1674 = CARTESIAN_POINT ( 'NONE',  ( 0.3349364905389057845, 2.507596189432333755, 1.249999999999997780 ) ) ;
#1675 = CARTESIAN_POINT ( 'NONE',  ( -0.5032151781250003841, 4.390624999385482674, 0.8715942556523225138 ) ) ;
#1676 = VERTEX_POINT ( 'NONE', #1609 ) ;
#1677 = CARTESIAN_POINT ( 'NONE',  ( 1.006430356249999658, 3.715624999385482408, 0.5810628371015489346 ) ) ;
#1678 = CARTESIAN_POINT ( 'NONE',  ( 2.350016359838069475E-16, 4.608578643762690774, -1.308578643762691396 ) ) ;
#1679 = DIRECTION ( 'NONE',  ( -0.000000000000000000, -1.000000000000000000, -0.000000000000000000 ) ) ;
#1680 = EDGE_LOOP ( 'NONE', ( #2035, #1175, #241, #3009, #1596, #2978 ) ) ;
#1681 = CARTESIAN_POINT ( 'NONE',  ( 1.249999999999999778, 5.693749998770964993, 0.000000000000000000 ) ) ;
#1682 = DIRECTION ( 'NONE',  ( 0.8660254037844385966, 0.000000000000000000, 0.5000000000000001110 ) ) ;
#1683 = ORIENTED_EDGE ( 'NONE', *, *, #2692, .T. ) ;
#1684 = CARTESIAN_POINT ( 'NONE',  ( -0.6250000000000004441, 4.699999999999999289, 1.082531754730547968 ) ) ;
#1685 = CARTESIAN_POINT ( 'NONE',  ( -0.6249999999999995559, -0.4562500012290341966, -1.082531754730548412 ) ) ;
#1686 = LINE ( 'NONE', #1179, #2254 ) ;
#1687 = CARTESIAN_POINT ( 'NONE',  ( -1.249999999999999556, 2.281249998770965792, -0.7216878364870324969 ) ) ;
#1688 = CARTESIAN_POINT ( 'NONE',  ( 0.5032151781250000511, 5.628124999385482496, -0.8715942556523226248 ) ) ;
#1689 = ORIENTED_EDGE ( 'NONE', *, *, #1573, .T. ) ;
#1690 = CARTESIAN_POINT ( 'NONE',  ( -1.249999999999999556, 0.9874999999999997113, -0.7216878364870324969 ) ) ;
#1691 = CARTESIAN_POINT ( 'NONE',  ( -1.006430356249999658, -0.07187500061451711220, -1.232521714346292558E-16 ) ) ;
#1692 = CARTESIAN_POINT ( 'NONE',  ( -1.250000000000000000, 4.606249998770964638, 0.7216878364870314977 ) ) ;
#1693 = CARTESIAN_POINT ( 'NONE',  ( -0.5032151781249998290, 3.340624999385482852, -0.8715942556523227358 ) ) ;
#1694 = CARTESIAN_POINT ( 'NONE',  ( 1.006430356249999658, 2.890624999385482674, -0.5810628371015482685 ) ) ;
#1695 = CARTESIAN_POINT ( 'NONE',  ( -1.249999999999999778, 3.687500000000000000, -0.7216878364870323859 ) ) ;
#1696 = ORIENTED_EDGE ( 'NONE', *, *, #1465, .T. ) ;
#1697 = CARTESIAN_POINT ( 'NONE',  ( -1.250000000000000000, -0.3437500012290342077, 0.7216878364870314977 ) ) ;
#1698 = CARTESIAN_POINT ( 'NONE',  ( -1.006430356249999880, 2.515624999385482674, -1.232521714346292805E-16 ) ) ;
#1699 = CARTESIAN_POINT ( 'NONE',  ( 1.191095495853194869E-15, 0.6312499987709657701, 1.249999999999999778 ) ) ;
#1700 = CARTESIAN_POINT ( 'NONE',  ( -1.006430356249999880, 3.865624999385482319, -1.232521714346292805E-16 ) ) ;
#1701 = DIRECTION ( 'NONE',  ( -0.000000000000000000, -1.000000000000000000, -0.000000000000000000 ) ) ;
#1702 = CARTESIAN_POINT ( 'NONE',  ( 1.006430356249999880, 5.140624999385482674, -0.5810628371015482685 ) ) ;
#1703 = AXIS2_PLACEMENT_3D ( 'NONE', #1831, #1295, #2544 ) ;
#1704 = VECTOR ( 'NONE', #1917, 1000.000000000000000 ) ;
#1705 = LINE ( 'NONE', #1222, #2908 ) ;
#1706 = CARTESIAN_POINT ( 'NONE',  ( 1.006430356249999658, 1.090624999385482852, -0.5810628371015482685 ) ) ;
#1707 =( GEOMETRIC_REPRESENTATION_CONTEXT ( 3 ) GLOBAL_UNCERTAINTY_ASSIGNED_CONTEXT ( ( #729 ) ) GLOBAL_UNIT_ASSIGNED_CONTEXT ( ( #110, #2281, #362 ) ) REPRESENTATION_CONTEXT ( 'NONE', 'WORKASPACE' ) );
#1708 = ORIENTED_EDGE ( 'NONE', *, *, #1518, .T. ) ;
#1709 = CARTESIAN_POINT ( 'NONE',  ( -1.006430356250000324, 0.4156249993854828628, 0.5810628371015480464 ) ) ;
#1710 = DIRECTION ( 'NONE',  ( -0.000000000000000000, -1.000000000000000000, -0.000000000000000000 ) ) ;
#1711 = CARTESIAN_POINT ( 'NONE',  ( -1.006430356249999658, 4.390624999385482674, -0.5810628371015484905 ) ) ;
#1712 = VERTEX_POINT ( 'NONE', #115 ) ;
#1713 = CARTESIAN_POINT ( 'NONE',  ( 8.838126989374222236E-17, 0.8562499987709657479, -1.443375672974064106 ) ) ;
#1714 = CARTESIAN_POINT ( 'NONE',  ( 0.000000000000000000, 4.467157287525381548, 0.000000000000000000 ) ) ;
#1715 = ADVANCED_FACE ( 'NONE', ( #2303, #2774 ), #2078, .T. ) ;
#1716 = CARTESIAN_POINT ( 'NONE',  ( -0.5032151781250003841, 4.390624999385482674, 0.8715942556523225138 ) ) ;
#1717 = EDGE_CURVE ( 'NONE', #201, #1329, #2697, .T. ) ;
#1718 = CARTESIAN_POINT ( 'NONE',  ( -1.006430356249999658, 2.928124999385482319, -0.5810628371015486016 ) ) ;
#1719 =( BOUNDED_CURVE ( )  B_SPLINE_CURVE ( 2, ( #2676, #1722, #214, #2693, #968, #2412, #498, #1479, #2426 ),
 .UNSPECIFIED., .F., .T. ) 
 B_SPLINE_CURVE_WITH_KNOTS ( ( 3, 2, 2, 2, 3 ),
 ( 0.3500000000000000333, 0.3555555555555555691, 0.3666666666666666408, 0.3777777777777777679, 0.3833333333333333592 ),
 .UNSPECIFIED. ) 
 CURVE ( )  GEOMETRIC_REPRESENTATION_ITEM ( )  RATIONAL_B_SPLINE_CURVE ( ( 0.9330127018922192983, 0.9330127018922196314, 1.000000000000000000, 0.8660254037844387076, 1.000000000000000000, 0.8660254037844387076, 1.000000000000000000, 0.9330127018922189652, 0.9330127018922192983 ) ) 
 REPRESENTATION_ITEM ( '' )  );
#1720 = LINE ( 'NONE', #1948, #205 ) ;
#1721 = EDGE_LOOP ( 'NONE', ( #2635, #282, #306, #1921 ) ) ;
#1722 = CARTESIAN_POINT ( 'NONE',  ( -0.3349364905389046743, 1.776346188203300036, -1.249999999999999112 ) ) ;
#1723 = CARTESIAN_POINT ( 'NONE',  ( -4.938688641342514686E-16, 3.387499999999999289, 1.249999999999999778 ) ) ;
#1724 = CARTESIAN_POINT ( 'NONE',  ( -2.134790230679672777E-16, 0.4906249993854828184, 1.162125674203096537 ) ) ;
#1725 = CARTESIAN_POINT ( 'NONE',  ( -1.006430356249999658, 1.690624999385482718, -0.5810628371015486016 ) ) ;
#1726 = CARTESIAN_POINT ( 'NONE',  ( -1.006430356250000102, 0.8656249993854827629, 0.5810628371015480464 ) ) ;
#1727 = FACE_OUTER_BOUND ( 'NONE', #2473, .T. ) ;
#1728 = CARTESIAN_POINT ( 'NONE',  ( -2.134790230679673516E-16, -0.07187500061451712607, 1.162125674203096759 ) ) ;
#1729 = VERTEX_POINT ( 'NONE', #895 ) ;
#1730 = CARTESIAN_POINT ( 'NONE',  ( 1.249999999999999778, 1.193749998770965659, 0.000000000000000000 ) ) ;
#1731 = CARTESIAN_POINT ( 'NONE',  ( 1.006430356249999880, 2.328124999385483118, -0.5810628371015482685 ) ) ;
#1732 = CARTESIAN_POINT ( 'NONE',  ( 1.249999999999999778, 0.7999999999999999334, 0.000000000000000000 ) ) ;
#1733 = CARTESIAN_POINT ( 'NONE',  ( 1.006430356249999658, 4.503124999385482496, 0.5810628371015489346 ) ) ;
#1734 = CARTESIAN_POINT ( 'NONE',  ( 0.000000000000000000, 4.467157287525381548, 1.449999999999999956 ) ) ;
#1735 = DIRECTION ( 'NONE',  ( 0.000000000000000000, 1.000000000000000000, 0.000000000000000000 ) ) ;
#1736 = ORIENTED_EDGE ( 'NONE', *, *, #838, .F. ) ;
#1737 = CARTESIAN_POINT ( 'NONE',  ( -0.7500000000000000000, 5.900000000000000355, 0.4330127018922193538 ) ) ;
#1738 = CARTESIAN_POINT ( 'NONE',  ( -1.249999999999999778, 0.9687499987709656812, -1.530808498934191324E-16 ) ) ;
#1739 = CARTESIAN_POINT ( 'NONE',  ( -1.006430356249999658, 1.728124999385482807, -1.232521714346292558E-16 ) ) ;
#1740 = CARTESIAN_POINT ( 'NONE',  ( -0.5032151781249997180, 5.703124999385481786, -0.8715942556523225138 ) ) ;
#1741 = VERTEX_POINT ( 'NONE', #1667 ) ;
#1742 = ORIENTED_EDGE ( 'NONE', *, *, #1529, .F. ) ;
#1743 = CARTESIAN_POINT ( 'NONE',  ( -0.6249999999999995559, 0.8937499987709656146, -1.082531754730548412 ) ) ;
#1744 = CARTESIAN_POINT ( 'NONE',  ( -0.5032151781249998290, 0.1906249993854829128, -0.8715942556523227358 ) ) ;
#1745 = CARTESIAN_POINT ( 'NONE',  ( 0.5032151781250000511, 3.265624999385482230, -0.8715942556523226248 ) ) ;
#1746 = LINE ( 'NONE', #1099, #2704 ) ;
#1747 = EDGE_CURVE ( 'NONE', #878, #783, #174, .T. ) ;
#1748 = CARTESIAN_POINT ( 'NONE',  ( 1.249999999999999112, 0.2734076355283591164, 0.3914889631357365007 ) ) ;
#1749 = ORIENTED_EDGE ( 'NONE', *, *, #2747, .F. ) ;
#1750 = CARTESIAN_POINT ( 'NONE',  ( 1.250000000000000000, 3.537499999999999645, -0.7216878364870319418 ) ) ;
#1751 = EDGE_CURVE ( 'NONE', #1644, #126, #457, .T. ) ;
#1752 = AXIS2_PLACEMENT_3D ( 'NONE', #2302, #2526, #869 ) ;
#1753 = CARTESIAN_POINT ( 'NONE',  ( -1.006430356249999658, 2.140624999385483118, -0.5810628371015486016 ) ) ;
#1754 = CARTESIAN_POINT ( 'NONE',  ( 1.006430356249999658, 1.015624999385482674, 0.5810628371015489346 ) ) ;
#1755 = CARTESIAN_POINT ( 'NONE',  ( -1.250000000000000000, 3.762499999999999289, 0.7216878364870316087 ) ) ;
#1756 = AXIS2_PLACEMENT_3D ( 'NONE', #2525, #2265, #2967 ) ;
#1757 = CARTESIAN_POINT ( 'NONE',  ( 1.006430356249999658, 5.553124999385482319, 0.000000000000000000 ) ) ;
#1758 = VERTEX_POINT ( 'NONE', #1161 ) ;
#1759 = AXIS2_PLACEMENT_3D ( 'NONE', #922, #684, #1682 ) ;
#1760 = CARTESIAN_POINT ( 'NONE',  ( 0.6249999999999990008, -0.2312500012290341911, 1.082531754730548634 ) ) ;
#1761 = CARTESIAN_POINT ( 'NONE',  ( -1.006430356250000324, 5.253124999385482496, 0.5810628371015480464 ) ) ;
#1762 = ADVANCED_FACE ( 'NONE', ( #2610 ), #1178, .T. ) ;
#1763 = CARTESIAN_POINT ( 'NONE',  ( 1.006430356249999880, -0.4093750006145170373, 0.000000000000000000 ) ) ;
#1764 = ORIENTED_EDGE ( 'NONE', *, *, #1526, .F. ) ;
#1765 = CARTESIAN_POINT ( 'NONE',  ( 1.250000000000000000, 1.681249998770965259, -0.7216878364870319418 ) ) ;
#1766 = CARTESIAN_POINT ( 'NONE',  ( 0.5032151781249992739, 2.328124999385482230, 0.8715942556523228468 ) ) ;
#1767 = CARTESIAN_POINT ( 'NONE',  ( -1.250000000000000000, 3.762499999999999289, 0.7216878364870314977 ) ) ;
#1768 = CARTESIAN_POINT ( 'NONE',  ( -1.006430356250000324, 1.315624999385482496, 0.5810628371015480464 ) ) ;
#1769 = CARTESIAN_POINT ( 'NONE',  ( 7.115967435598912132E-17, 0.7156249993854827407, -1.162125674203096759 ) ) ;
#1770 = CARTESIAN_POINT ( 'NONE',  ( 1.250000000000000000, 0.3874999999999998446, -0.7216878364870319418 ) ) ;
#1771 = CARTESIAN_POINT ( 'NONE',  ( 1.006430356249999658, 5.590624999385481964, -0.5810628371015482685 ) ) ;
#1772 = CARTESIAN_POINT ( 'NONE',  ( -1.249999999999999778, 0.03124999877096579226, -0.7216878364870323859 ) ) ;
#1773 = CARTESIAN_POINT ( 'NONE',  ( -2.134790230679673516E-16, 0.3781249993854828850, 1.162125674203096759 ) ) ;
#1774 = ORIENTED_EDGE ( 'NONE', *, *, #2037, .F. ) ;
#1775 = CARTESIAN_POINT ( 'NONE',  ( -1.249999999999999778, 0.9874999999999997113, -0.7216878364870323859 ) ) ;
#1776 = CARTESIAN_POINT ( 'NONE',  ( 1.250000000000000000, 0.3312499987709658922, -0.7216878364870319418 ) ) ;
#1777 = ORIENTED_EDGE ( 'NONE', *, *, #819, .T. ) ;
#1778 = DIRECTION ( 'NONE',  ( -0.000000000000000000, -1.000000000000000000, -0.000000000000000000 ) ) ;
#1779 = CARTESIAN_POINT ( 'NONE',  ( -2.651438096812266917E-16, 4.287499999999999645, 1.443375672974064106 ) ) ;
#1780 = CARTESIAN_POINT ( 'NONE',  ( -1.006430356250000324, 4.915624999385482141, 0.5810628371015480464 ) ) ;
#1781 = CARTESIAN_POINT ( 'NONE',  ( 1.006430356249999880, 2.403124999385482852, 0.000000000000000000 ) ) ;
#1782 = CARTESIAN_POINT ( 'NONE',  ( 1.249999999999999778, 0.3499999999999998113, 0.000000000000000000 ) ) ;
#1783 = CARTESIAN_POINT ( 'NONE',  ( -2.134790230679673516E-16, 1.278124999385482630, 1.162125674203096759 ) ) ;
#1784 = CARTESIAN_POINT ( 'NONE',  ( -1.249999999999999778, 3.181249998770965259, -0.7216878364870323859 ) ) ;
#1785 = DIRECTION ( 'NONE',  ( -2.488077204114848862E-15, 0.6546536707079763096, -0.7559289460184551723 ) ) ;
#1786 = ORIENTED_EDGE ( 'NONE', *, *, #2315, .T. ) ;
#1787 = CARTESIAN_POINT ( 'NONE',  ( 0.6249999999999990008, -0.6250000000000001110, 1.082531754730548634 ) ) ;
#1788 = CARTESIAN_POINT ( 'NONE',  ( -0.5032151781249998290, -0.2593750006145170706, -0.8715942556523227358 ) ) ;
#1789 = CARTESIAN_POINT ( 'NONE',  ( 6.245988575815533685E-15, 2.937500000000000444, 1.249999999999999778 ) ) ;
#1790 = B_SPLINE_CURVE_WITH_KNOTS ( 'NONE', 3,
 ( #909, #2391, #194, #929, #1915, #1112, #61, #2025, #575, #620, #1824, #850, #2979, #3031, #1855, #2786, #2536, #861 ),
 .UNSPECIFIED., .F., .F.,
 ( 4, 2, 2, 2, 2, 2, 2, 2, 4 ),
 ( 0.0002079560114440965647, 0.0006662836626331344967, 0.001124611313822172429, 0.001582938965011210144, 0.002041266616200247859, 0.002499594267389286008, 0.002957921918578323723, 0.003416249569767361872, 0.003874577220956399587 ),
 .UNSPECIFIED. ) ;
#1791 = ORIENTED_EDGE ( 'NONE', *, *, #266, .F. ) ;
#1792 = CARTESIAN_POINT ( 'NONE',  ( 0.000000000000000000, 4.450000000000000178, -1.249999999999999778 ) ) ;
#1793 = CARTESIAN_POINT ( 'NONE',  ( 7.115967435598909667E-17, 2.515624999385482230, -1.162125674203096537 ) ) ;
#1794 = CYLINDRICAL_SURFACE ( 'NONE', #2201, 1.249999999999999778 ) ;
#1795 = ADVANCED_FACE ( 'NONE', ( #676 ), #728, .F. ) ;
#1796 = CARTESIAN_POINT ( 'NONE',  ( -1.006430356250000324, 4.015624999385482674, 0.5810628371015480464 ) ) ;
#1797 = EDGE_CURVE ( 'NONE', #903, #126, #1720, .T. ) ;
#1798 = CARTESIAN_POINT ( 'NONE',  ( -1.006430356250000102, 1.315624999385482941, 0.5810628371015480464 ) ) ;
#1799 = DIRECTION ( 'NONE',  ( -0.000000000000000000, -1.000000000000000000, -0.000000000000000000 ) ) ;
#1800 = CARTESIAN_POINT ( 'NONE',  ( -2.134790230679673516E-16, 0.3781249993854828295, 1.162125674203096759 ) ) ;
#1801 = AXIS2_PLACEMENT_3D ( 'NONE', #863, #2612, #2566 ) ;
#1802 = ORIENTED_EDGE ( 'NONE', *, *, #2037, .T. ) ;
#1803 = VECTOR ( 'NONE', #1460, 1000.000000000000114 ) ;
#1804 = CARTESIAN_POINT ( 'NONE',  ( -2.651438096812266917E-16, 3.781249998770965792, 1.443375672974064106 ) ) ;
#1805 = CARTESIAN_POINT ( 'NONE',  ( -0.5032151781249998290, 2.440624999385482496, -0.8715942556523227358 ) ) ;
#1806 = EDGE_LOOP ( 'NONE', ( #3035, #328, #1191, #1581 ) ) ;
#1807 = CARTESIAN_POINT ( 'NONE',  ( 5.844888401996693425E-15, 5.200000000000000178, 0.8660254037844383745 ) ) ;
#1808 = CARTESIAN_POINT ( 'NONE',  ( -1.249999999999999778, -0.3250000000000000666, -1.530808498934191324E-16 ) ) ;
#1809 = CIRCLE ( 'NONE', #1397, 1.308578643762691396 ) ;
#1810 = EDGE_CURVE ( 'NONE', #1729, #1284, #3008, .T. ) ;
#1811 = CARTESIAN_POINT ( 'NONE',  ( -0.5032151781250003841, 0.3406249993854829072, 0.8715942556523225138 ) ) ;
#1812 = DIRECTION ( 'NONE',  ( -0.000000000000000000, -1.000000000000000000, -0.000000000000000000 ) ) ;
#1813 = ADVANCED_FACE ( 'NONE', ( #2424 ), #428, .T. ) ;
#1814 = ORIENTED_EDGE ( 'NONE', *, *, #513, .T. ) ;
#1815 = B_SPLINE_CURVE_WITH_KNOTS ( 'NONE', 3,
 ( #916, #1837, #77, #2801 ),
 .UNSPECIFIED., .F., .F.,
 ( 4, 4 ),
 ( 8.470329472543003391E-22, 0.0005070138172235330457 ),
 .UNSPECIFIED. ) ;
#1816 = CARTESIAN_POINT ( 'NONE',  ( 1.006430356249999880, 2.890624999385482674, -0.5810628371015482685 ) ) ;
#1817 = CARTESIAN_POINT ( 'NONE',  ( 0.6631107666595628114, 4.449999999999999289, 0.8980408189995650048 ) ) ;
#1818 = CARTESIAN_POINT ( 'NONE',  ( -1.006430356250000324, 1.203124999385482674, 0.5810628371015480464 ) ) ;
#1819 = CARTESIAN_POINT ( 'NONE',  ( -1.249999999999999778, 4.531249998770966236, -0.7216878364870323859 ) ) ;
#1820 = CARTESIAN_POINT ( 'NONE',  ( 1.006430356249999658, 3.153124999385482408, 0.5810628371015489346 ) ) ;
#1821 = ORIENTED_EDGE ( 'NONE', *, *, #317, .F. ) ;
#1822 = CARTESIAN_POINT ( 'NONE',  ( -3.137519842735245599E-15, 2.206249998770966059, -1.249999999999999778 ) ) ;
#1823 = CARTESIAN_POINT ( 'NONE',  ( 7.115967435598910900E-17, 5.553124999385482319, -1.162125674203096759 ) ) ;
#1824 = CARTESIAN_POINT ( 'NONE',  ( -1.144535608032716922, 0.1615461417777314945, -0.2508358237948861702 ) ) ;
#1825 = CYLINDRICAL_SURFACE ( 'NONE', #404, 1.249999999999999778 ) ;
#1826 = CARTESIAN_POINT ( 'NONE',  ( 0.5032151781249992739, 3.228124999385482141, 0.8715942556523228468 ) ) ;
#1827 = ORIENTED_EDGE ( 'NONE', *, *, #2170, .F. ) ;
#1828 = CARTESIAN_POINT ( 'NONE',  ( 0.3349364905389027314, 4.307596189432334910, 1.250000000000000000 ) ) ;
#1829 = DIRECTION ( 'NONE',  ( 0.000000000000000000, -0.000000000000000000, 1.000000000000000000 ) ) ;
#1830 = CARTESIAN_POINT ( 'NONE',  ( 1.006430356249999880, 3.303124999385482319, 0.000000000000000000 ) ) ;
#1831 = CARTESIAN_POINT ( 'NONE',  ( -3.295775504228300077E-16, 5.900000000000000355, 0.8660254037844385966 ) ) ;
#1832 = CARTESIAN_POINT ( 'NONE',  ( -1.006430356249999658, 2.478124999385482585, -0.5810628371015486016 ) ) ;
#1833 = ORIENTED_EDGE ( 'NONE', *, *, #317, .T. ) ;
#1834 = CARTESIAN_POINT ( 'NONE',  ( -0.6249999999999995559, 2.243749998770965259, -1.082531754730548412 ) ) ;
#1835 = CARTESIAN_POINT ( 'NONE',  ( 1.006430356249999658, 0.9031249993854826297, 0.5810628371015489346 ) ) ;
#1836 = ORIENTED_EDGE ( 'NONE', *, *, #2970, .T. ) ;
#1837 = CARTESIAN_POINT ( 'NONE',  ( -0.3223934502107468347, 0.03259530462576352289, 0.9950456537676870550 ) ) ;
#1838 = CARTESIAN_POINT ( 'NONE',  ( 0.6249999999999990008, 1.174999999999999822, 1.082531754730548634 ) ) ;
#1839 = CARTESIAN_POINT ( 'NONE',  ( 1.006430356249999658, 0.4531249993854828406, 0.5810628371015489346 ) ) ;
#1840 = LINE ( 'NONE', #3022, #1547 ) ;
#1841 = ORIENTED_EDGE ( 'NONE', *, *, #461, .T. ) ;
#1842 = DIRECTION ( 'NONE',  ( 0.7071067811865489050, -0.7071067811865462405, 0.000000000000000000 ) ) ;
#1843 = LINE ( 'NONE', #1608, #1998 ) ;
#1844 = CARTESIAN_POINT ( 'NONE',  ( -1.006430356249999658, 1.690624999385482718, -0.5810628371015487126 ) ) ;
#1845 = CARTESIAN_POINT ( 'NONE',  ( -0.2610808900420942824, 4.450000000000001954, -1.186361461905871773 ) ) ;
#1846 = ADVANCED_FACE ( 'NONE', ( #910 ), #1, .T. ) ;
#1847 = CARTESIAN_POINT ( 'NONE',  ( 1.006430356249999880, 2.740624999385482763, 0.000000000000000000 ) ) ;
#1848 = CARTESIAN_POINT ( 'NONE',  ( 0.6249999999999990008, 2.918749998770965082, 1.082531754730548634 ) ) ;
#1849 = CARTESIAN_POINT ( 'NONE',  ( 1.006430356249999880, 2.290624999385482585, 0.000000000000000000 ) ) ;
#1850 = ORIENTED_EDGE ( 'NONE', *, *, #1246, .F. ) ;
#1851 = CONICAL_SURFACE ( 'NONE', #2353, 1.260000000000000009, 0.7853981633974532750 ) ;
#1852 = DIRECTION ( 'NONE',  ( -0.000000000000000000, -1.000000000000000000, -0.000000000000000000 ) ) ;
#1853 = CARTESIAN_POINT ( 'NONE',  ( 1.250000000000000000, 2.637499999999999734, -0.7216878364870319418 ) ) ;
#1854 = VECTOR ( 'NONE', #788, 1000.000000000000227 ) ;
#1855 = CARTESIAN_POINT ( 'NONE',  ( -0.5921903426113694913, 0.1245023170583699490, -0.9680181853055459529 ) ) ;
#1856 = FACE_OUTER_BOUND ( 'NONE', #143, .T. ) ;
#1857 = AXIS2_PLACEMENT_3D ( 'NONE', #2769, #2831, #2578 ) ;
#1858 = VERTEX_POINT ( 'NONE', #2184 ) ;
#1859 = EDGE_CURVE ( 'NONE', #722, #523, #2408, .T. ) ;
#1860 = CARTESIAN_POINT ( 'NONE',  ( 0.5032151781249993849, 2.778124999385482408, 0.8715942556523230689 ) ) ;
#1861 = PLANE ( 'NONE',  #1502 ) ;
#1862 = DIRECTION ( 'NONE',  ( 0.8660254037844388186, 0.000000000000000000, -0.4999999999999997224 ) ) ;
#1863 = ORIENTED_EDGE ( 'NONE', *, *, #2982, .F. ) ;
#1864 = CARTESIAN_POINT ( 'NONE',  ( -0.5032151781250003841, 4.053124999385482319, 0.8715942556523225138 ) ) ;
#1865 = CARTESIAN_POINT ( 'NONE',  ( 0.03649184009148068175, 4.449999999999998401, 1.014147847399545777 ) ) ;
#1866 = CARTESIAN_POINT ( 'NONE',  ( 1.249999999999999556, 5.656249998770965348, 0.7216878364870328300 ) ) ;
#1867 = CARTESIAN_POINT ( 'NONE',  ( -1.006430356250000102, 1.203124999385482674, 0.5810628371015480464 ) ) ;
#1868 = ORIENTED_EDGE ( 'NONE', *, *, #1575, .F. ) ;
#1869 = CARTESIAN_POINT ( 'NONE',  ( 1.249999999999999556, 1.662499999999999867, 0.7216878364870328300 ) ) ;
#1870 = CARTESIAN_POINT ( 'NONE',  ( 0.3349364905389042857, 1.607596189432334510, 1.249999999999999556 ) ) ;
#1871 = VERTEX_POINT ( 'NONE', #964 ) ;
#1872 = CARTESIAN_POINT ( 'NONE',  ( 0.5032151781249993849, 4.128124999385482496, 0.8715942556523230689 ) ) ;
#1873 = CARTESIAN_POINT ( 'NONE',  ( 1.006430356249999658, 4.053124999385482319, 0.5810628371015489346 ) ) ;
#1874 = CARTESIAN_POINT ( 'NONE',  ( 7.115967435598912132E-17, 3.865624999385483207, -1.162125674203096759 ) ) ;
#1875 = ORIENTED_EDGE ( 'NONE', *, *, #2529, .F. ) ;
#1876 = CARTESIAN_POINT ( 'NONE',  ( -1.250000000000000000, 5.056249998770964815, 0.7216878364870314977 ) ) ;
#1877 = ADVANCED_FACE ( 'NONE', ( #1882 ), #2850, .T. ) ;
#1878 = EDGE_LOOP ( 'NONE', ( #1118, #2246, #1437, #3047, #1863 ) ) ;
#1879 = CARTESIAN_POINT ( 'NONE',  ( 0.5032151781249992739, 3.678124999385481875, 0.8715942556523228468 ) ) ;
#1880 = CARTESIAN_POINT ( 'NONE',  ( -1.249999999999999778, 1.024999999999999911, -1.530808498934191324E-16 ) ) ;
#1881 = DIRECTION ( 'NONE',  ( -0.000000000000000000, -1.000000000000000000, -0.000000000000000000 ) ) ;
#1882 = FACE_OUTER_BOUND ( 'NONE', #2447, .T. ) ;
#1883 = CARTESIAN_POINT ( 'NONE',  ( -0.3349364905389046743, 1.382596189432334199, -1.249999999999999112 ) ) ;
#1884 = CARTESIAN_POINT ( 'NONE',  ( 0.000000000000000000, 4.608578643762690774, 1.308578643762691396 ) ) ;
#1885 = CARTESIAN_POINT ( 'NONE',  ( 0.6250000000000000000, 4.418749998770965526, -1.082531754730548190 ) ) ;
#1886 = EDGE_LOOP ( 'NONE', ( #542, #1264, #469, #2169 ) ) ;
#1887 = EDGE_CURVE ( 'NONE', #1871, #1758, #2135, .T. ) ;
#1888 = CARTESIAN_POINT ( 'NONE',  ( -2.651438096812266917E-16, 5.581249998770965171, 1.443375672974064106 ) ) ;
#1889 = CARTESIAN_POINT ( 'NONE',  ( 0.5032151781250000511, 3.715624999385482408, -0.8715942556523226248 ) ) ;
#1890 = CARTESIAN_POINT ( 'NONE',  ( 0.06921732205107322677, 0.2447250375267531475, 1.244725037526756894 ) ) ;
#1891 = CARTESIAN_POINT ( 'NONE',  ( -1.249999999999999778, 2.374999999999999556, -1.530808498934191324E-16 ) ) ;
#1892 = CARTESIAN_POINT ( 'NONE',  ( 0.5032151781249993849, 1.765624999385482674, 0.8715942556523230689 ) ) ;
#1893 = CARTESIAN_POINT ( 'NONE',  ( 1.743066579297358255E-16, 4.062499999999999112, -1.249999999999999556 ) ) ;
#1894 = LINE ( 'NONE', #2864, #1084 ) ;
#1895 = EDGE_CURVE ( 'NONE', #994, #1301, #557, .T. ) ;
#1896 = AXIS2_PLACEMENT_3D ( 'NONE', #2305, #534, #2483 ) ;
#1897 = LINE ( 'NONE', #2409, #353 ) ;
#1898 = DIRECTION ( 'NONE',  ( -0.7071067811865483499, 0.7071067811865466846, 0.000000000000000000 ) ) ;
#1899 = CIRCLE ( 'NONE', #2308, 1.250000000000000000 ) ;
#1900 = CARTESIAN_POINT ( 'NONE',  ( -0.5032151781249998290, 3.790624999385482585, -0.8715942556523227358 ) ) ;
#1901 = VECTOR ( 'NONE', #1281, 1000.000000000000000 ) ;
#1902 = ORIENTED_EDGE ( 'NONE', *, *, #754, .T. ) ;
#1903 = CARTESIAN_POINT ( 'NONE',  ( 1.006430356249999880, 4.240624999385482319, -0.5810628371015482685 ) ) ;
#1904 = CARTESIAN_POINT ( 'NONE',  ( 0.000000000000000000, 4.450000000000000178, 0.000000000000000000 ) ) ;
#1905 = CARTESIAN_POINT ( 'NONE',  ( -1.006430356249999880, -0.4843750006145171039, 0.5810628371015479354 ) ) ;
#1906 = ORIENTED_EDGE ( 'NONE', *, *, #2452, .F. ) ;
#1907 = CARTESIAN_POINT ( 'NONE',  ( -1.249999999999999778, 4.568749998770965881, -1.530808498934191324E-16 ) ) ;
#1908 = CARTESIAN_POINT ( 'NONE',  ( 1.006430356249999880, 4.128124999385482496, -0.5810628371015482685 ) ) ;
#1909 = CARTESIAN_POINT ( 'NONE',  ( 0.1041666461827309431, 4.450000000000001954, -1.245652162452681289 ) ) ;
#1910 = CARTESIAN_POINT ( 'NONE',  ( -1.006430356249999658, 3.978124999385481697, -1.232521714346292558E-16 ) ) ;
#1911 = CARTESIAN_POINT ( 'NONE',  ( 8.838126989374222236E-17, -0.4937500012290341189, -1.443375672974064106 ) ) ;
#1912 = CARTESIAN_POINT ( 'NONE',  ( 7.115967435598910900E-17, 2.403124999385482408, -1.162125674203096759 ) ) ;
#1913 = CARTESIAN_POINT ( 'NONE',  ( 0.9843053257041838311, 0.01500114363038427927, 0.3071571496034276594 ) ) ;
#1914 = CARTESIAN_POINT ( 'NONE',  ( 1.249999999999999334, 1.212499999999999689, 0.7216878364870328300 ) ) ;
#1915 = CARTESIAN_POINT ( 'NONE',  ( -0.7162929205949752909, 0.2141791775844485435, 0.9922116007637519219 ) ) ;
#1916 = CARTESIAN_POINT ( 'NONE',  ( -0.3349364905389030089, 0.6111538093386316151, 1.249999999999999778 ) ) ;
#1917 = DIRECTION ( 'NONE',  ( -0.8660254037844388186, 0.000000000000000000, 0.4999999999999996114 ) ) ;
#1918 = CARTESIAN_POINT ( 'NONE',  ( -1.006430356249999880, 5.215624999385482852, -1.232521714346292805E-16 ) ) ;
#1919 = CARTESIAN_POINT ( 'NONE',  ( 1.006430356249999880, 4.203124999385482674, 0.000000000000000000 ) ) ;
#1920 = CARTESIAN_POINT ( 'NONE',  ( -1.006430356249999880, 0.8656249993854827629, 0.5810628371015479354 ) ) ;
#1921 = ORIENTED_EDGE ( 'NONE', *, *, #2924, .F. ) ;
#1922 = CARTESIAN_POINT ( 'NONE',  ( 1.249999999999999778, 5.243749998770964815, 0.000000000000000000 ) ) ;
#1923 = CARTESIAN_POINT ( 'NONE',  ( -1.006430356250000102, 4.353124999385482141, 0.5810628371015480464 ) ) ;
#1924 = CARTESIAN_POINT ( 'NONE',  ( -7.855420050700094634E-14, 0.2420753175473025487, 1.242075317547301827 ) ) ;
#1925 = CARTESIAN_POINT ( 'NONE',  ( 0.5032151781249999400, 2.928124999385483207, -0.8715942556523224027 ) ) ;
#1926 = CARTESIAN_POINT ( 'NONE',  ( -2.651438096812266917E-16, 4.737499999999999822, 1.443375672974064106 ) ) ;
#1927 = ORIENTED_EDGE ( 'NONE', *, *, #2407, .F. ) ;
#1928 = CARTESIAN_POINT ( 'NONE',  ( -1.249999999999999778, -0.3812500012290341300, -1.530808498934191324E-16 ) ) ;
#1929 = CARTESIAN_POINT ( 'NONE',  ( -1.249999999999999778, 4.174999999999999822, -1.530808498934191324E-16 ) ) ;
#1930 = CARTESIAN_POINT ( 'NONE',  ( -0.6249999999999995559, 2.243749998770965259, -1.082531754730548412 ) ) ;
#1931 = CARTESIAN_POINT ( 'NONE',  ( -3.137519842735245599E-15, 1.812500000000000000, -1.249999999999999778 ) ) ;
#1932 = CARTESIAN_POINT ( 'NONE',  ( -1.006430356250000324, 5.365624999385482319, 0.5810628371015480464 ) ) ;
#1933 = CARTESIAN_POINT ( 'NONE',  ( 0.8499999999999988676, 6.000000000000000000, 0.4907477288111818936 ) ) ;
#1934 = CARTESIAN_POINT ( 'NONE',  ( 0.000000000000000000, 6.000000000000000000, 0.000000000000000000 ) ) ;
#1935 = CARTESIAN_POINT ( 'NONE',  ( -1.006430356249999880, 0.4156249993854828628, 0.5810628371015479354 ) ) ;
#1936 = VERTEX_POINT ( 'NONE', #1305 ) ;
#1937 = EDGE_CURVE ( 'NONE', #2258, #624, #2947, .T. ) ;
#1938 = CARTESIAN_POINT ( 'NONE',  ( 7.115967435598910900E-17, 0.7156249993854828517, -1.162125674203096759 ) ) ;
#1939 = EDGE_CURVE ( 'NONE', #1858, #403, #295, .T. ) ;
#1940 = CARTESIAN_POINT ( 'NONE',  ( -6.565550782020048959E-15, 3.106249998770965970, -1.249999999999999556 ) ) ;
#1941 = CARTESIAN_POINT ( 'NONE',  ( 1.006430356249999880, -0.8593750006145169928, 0.000000000000000000 ) ) ;
#1942 = CARTESIAN_POINT ( 'NONE',  ( 0.6249999999999990008, 3.875000000000000000, 1.082531754730548634 ) ) ;
#1943 = ORIENTED_EDGE ( 'NONE', *, *, #1292, .F. ) ;
#1944 = CARTESIAN_POINT ( 'NONE',  ( 0.6249999999999990008, 2.018749998770965615, 1.082531754730548634 ) ) ;
#1945 = DIRECTION ( 'NONE',  ( 0.000000000000000000, 1.000000000000000000, 0.000000000000000000 ) ) ;
#1946 = CARTESIAN_POINT ( 'NONE',  ( 0.5032151781249993849, 3.565624999385482052, 0.8715942556523230689 ) ) ;
#1947 = CARTESIAN_POINT ( 'NONE',  ( -0.7500000000000001110, 5.200000000000000178, -0.4330127018922193538 ) ) ;
#1948 = CARTESIAN_POINT ( 'NONE',  ( 0.7499999999999997780, 5.900000000000000355, 0.4330127018922195758 ) ) ;
#1949 = VECTOR ( 'NONE', #564, 1000.000000000000000 ) ;
#1950 = EDGE_CURVE ( 'NONE', #2837, #1153, #2250, .T. ) ;
#1951 =( BOUNDED_CURVE ( )  B_SPLINE_CURVE ( 2, ( #1617, #2782, #2058, #185, #573, #329, #1170, #2520, #1822 ),
 .UNSPECIFIED., .F., .T. ) 
 B_SPLINE_CURVE_WITH_KNOTS ( ( 3, 2, 2, 2, 3 ),
 ( 0.3833333333333333592, 0.3888888888888888951, 0.4000000000000000222, 0.4111111111111110938, 0.4166666666666666852 ),
 .UNSPECIFIED. ) 
 CURVE ( )  GEOMETRIC_REPRESENTATION_ITEM ( )  RATIONAL_B_SPLINE_CURVE ( ( 0.9330127018922192983, 0.9330127018922196314, 1.000000000000000000, 0.8660254037844387076, 1.000000000000000000, 0.8660254037844387076, 1.000000000000000000, 0.9330127018922189652, 0.9330127018922192983 ) ) 
 REPRESENTATION_ITEM ( '' )  );
#1952 = ORIENTED_EDGE ( 'NONE', *, *, #1810, .F. ) ;
#1953 = CIRCLE ( 'NONE', #2652, 1.250000000000000000 ) ;
#1954 = CARTESIAN_POINT ( 'NONE',  ( -1.250000000000000000, 3.706249998770965615, 0.7216878364870316087 ) ) ;
#1955 = CARTESIAN_POINT ( 'NONE',  ( 1.006430356249999436, 1.465624999385482630, 0.5810628371015487126 ) ) ;
#1956 = VECTOR ( 'NONE', #2607, 1000.000000000000000 ) ;
#1957 = VECTOR ( 'NONE', #2475, 1000.000000000000000 ) ;
#1958 = CARTESIAN_POINT ( 'NONE',  ( -0.5032151781249998290, 1.203124999385482896, -0.8715942556523227358 ) ) ;
#1959 = CARTESIAN_POINT ( 'NONE',  ( -1.249999999999999556, 3.687500000000000000, -0.7216878364870324969 ) ) ;
#1960 = CARTESIAN_POINT ( 'NONE',  ( -1.006430356249999658, 5.328124999385482674, -1.232521714346292558E-16 ) ) ;
#1961 = VERTEX_POINT ( 'NONE', #2752 ) ;
#1962 = CARTESIAN_POINT ( 'NONE',  ( 1.249999999999999556, 2.056249998770965703, 0.7216878364870328300 ) ) ;
#1963 = CARTESIAN_POINT ( 'NONE',  ( 1.407786046523615928E-16, 5.900000000000000355, -0.8660254037844384856 ) ) ;
#1964 = CARTESIAN_POINT ( 'NONE',  ( -0.5032151781250003841, 3.490624999385482763, 0.8715942556523225138 ) ) ;
#1965 = LINE ( 'NONE', #743, #2591 ) ;
#1966 = CARTESIAN_POINT ( 'NONE',  ( -0.7500000000000001110, 5.200000000000000178, -0.4330127018922193538 ) ) ;
#1967 = ORIENTED_EDGE ( 'NONE', *, *, #1991, .T. ) ;
#1968 = PLANE ( 'NONE',  #920 ) ;
#1969 = LINE ( 'NONE', #467, #2000 ) ;
#1970 = CARTESIAN_POINT ( 'NONE',  ( 1.006430356249999658, 1.503124999385482718, 0.000000000000000000 ) ) ;
#1971 = CARTESIAN_POINT ( 'NONE',  ( 7.115967435598910900E-17, 2.515624999385482230, -1.162125674203096759 ) ) ;
#1972 = CARTESIAN_POINT ( 'NONE',  ( 0.5032151781250000511, 1.128124999385482941, -0.8715942556523226248 ) ) ;
#1973 = CARTESIAN_POINT ( 'NONE',  ( 1.743066579297358255E-16, 3.612499999999999378, -1.249999999999999556 ) ) ;
#1974 = CARTESIAN_POINT ( 'NONE',  ( -0.5032151781249997180, 4.803124999385482319, -0.8715942556523225138 ) ) ;
#1975 = ORIENTED_EDGE ( 'NONE', *, *, #390, .T. ) ;
#1976 = EDGE_LOOP ( 'NONE', ( #2261, #1637, #2872, #1708 ) ) ;
#1977 = CARTESIAN_POINT ( 'NONE',  ( 0.6250000000000000000, 1.718749998770965570, -1.082531754730548190 ) ) ;
#1978 = CARTESIAN_POINT ( 'NONE',  ( 0.5032151781249993849, 2.215624999385482408, 0.8715942556523230689 ) ) ;
#1979 = CARTESIAN_POINT ( 'NONE',  ( 0.6250000000000000000, 0.8749999999999998890, -1.082531754730548190 ) ) ;
#1980 = CARTESIAN_POINT ( 'NONE',  ( 1.006430356249999880, 3.678124999385483207, -0.5810628371015482685 ) ) ;
#1981 = CARTESIAN_POINT ( 'NONE',  ( -0.7500000000000000000, 5.200000000000000178, 0.4330127018922193538 ) ) ;
#1982 = CARTESIAN_POINT ( 'NONE',  ( 1.743066579297358255E-16, 3.162499999999999645, -1.249999999999999556 ) ) ;
#1983 = EDGE_CURVE ( 'NONE', #1284, #1871, #165, .T. ) ;
#1984 = ORIENTED_EDGE ( 'NONE', *, *, #2133, .T. ) ;
#1985 = CARTESIAN_POINT ( 'NONE',  ( 0.6249999999999990008, 3.424999999999999378, 1.082531754730548634 ) ) ;
#1986 = CARTESIAN_POINT ( 'NONE',  ( 1.006430356249999436, 1.915624999385482807, 0.5810628371015487126 ) ) ;
#1987 = CARTESIAN_POINT ( 'NONE',  ( 1.006430356249999658, 1.915624999385482807, 0.5810628371015489346 ) ) ;
#1988 = CARTESIAN_POINT ( 'NONE',  ( 1.006430356249999880, 0.1531249993854829350, 0.000000000000000000 ) ) ;
#1989 = CARTESIAN_POINT ( 'NONE',  ( 1.250000000000000000, 3.031249998770965348, -0.7216878364870319418 ) ) ;
#1990 = CARTESIAN_POINT ( 'NONE',  ( -1.006430356249999880, -0.6343750006145171261, -1.232521714346292805E-16 ) ) ;
#1991 = EDGE_CURVE ( 'NONE', #2815, #2333, #265, .T. ) ;
#1992 = CARTESIAN_POINT ( 'NONE',  ( -2.651438096812266917E-16, 0.1812499987709657590, 1.443375672974064106 ) ) ;
#1993 = CARTESIAN_POINT ( 'NONE',  ( 8.673617379884035472E-16, 4.985714285714288430, -0.6185895741317447571 ) ) ;
#1994 = CARTESIAN_POINT ( 'NONE',  ( 0.5032151781249993849, 5.365624999385482319, 0.8715942556523230689 ) ) ;
#1995 = CARTESIAN_POINT ( 'NONE',  ( -0.6249999999999995559, 0.04999999999999991257, -1.082531754730548412 ) ) ;
#1996 = CARTESIAN_POINT ( 'NONE',  ( -1.250000000000000000, 0.6124999999999997113, 0.7216878364870316087 ) ) ;
#1997 = ORIENTED_EDGE ( 'NONE', *, *, #2213, .F. ) ;
#1998 = VECTOR ( 'NONE', #2013, 1000.000000000000000 ) ;
#1999 = VECTOR ( 'NONE', #2372, 1000.000000000000000 ) ;
#2000 = VECTOR ( 'NONE', #1446, 1000.000000000000114 ) ;
#2001 = CARTESIAN_POINT ( 'NONE',  ( 1.006430356249999880, 1.953124999385482674, 0.000000000000000000 ) ) ;
#2002 = CARTESIAN_POINT ( 'NONE',  ( 0.000000000000000000, 0.2600000000000000089, 0.000000000000000000 ) ) ;
#2003 = VECTOR ( 'NONE', #1710, 1000.000000000000000 ) ;
#2004 = CARTESIAN_POINT ( 'NONE',  ( -1.006430356249999658, 4.840624999385481964, -0.5810628371015484905 ) ) ;
#2005 = VERTEX_POINT ( 'NONE', #256 ) ;
#2006 = CARTESIAN_POINT ( 'NONE',  ( -1.249999999999999778, 1.831249998770965837, -0.7216878364870323859 ) ) ;
#2007 = CARTESIAN_POINT ( 'NONE',  ( 1.249999999999999334, 0.7624999999999997335, 0.7216878364870328300 ) ) ;
#2008 = CARTESIAN_POINT ( 'NONE',  ( 1.006430356249999658, 4.053124999385482319, 0.5810628371015489346 ) ) ;
#2009 = CARTESIAN_POINT ( 'NONE',  ( 0.6250000000000000000, -0.02500000000000006384, -1.082531754730548190 ) ) ;
#2010 = CARTESIAN_POINT ( 'NONE',  ( -0.6249999999999995559, 0.4999999999999997780, -1.082531754730548412 ) ) ;
#2011 = EDGE_LOOP ( 'NONE', ( #3023, #584, #2503, #312 ) ) ;
#2012 = CARTESIAN_POINT ( 'NONE',  ( -1.006430356249999658, 2.628124999385482052, -1.232521714346292558E-16 ) ) ;
#2013 = DIRECTION ( 'NONE',  ( -0.6546536707079766426, 0.6546536707079783080, -0.3779644730092260874 ) ) ;
#2014 = CARTESIAN_POINT ( 'NONE',  ( 8.838126989374222236E-17, 3.612499999999999378, -1.443375672974064106 ) ) ;
#2015 = CARTESIAN_POINT ( 'NONE',  ( -0.5032151781249998290, 3.003124999385482496, -0.8715942556523227358 ) ) ;
#2016 = CARTESIAN_POINT ( 'NONE',  ( 1.006430356249999658, 2.365624999385482763, 0.5810628371015489346 ) ) ;
#2017 = CARTESIAN_POINT ( 'NONE',  ( -0.6249999999999995559, 2.299999999999999378, -1.082531754730548412 ) ) ;
#2018 = CARTESIAN_POINT ( 'NONE',  ( -1.006430356249999658, 0.2281249993854829183, -0.5810628371015486016 ) ) ;
#2019 = ORIENTED_EDGE ( 'NONE', *, *, #606, .T. ) ;
#2020 = CARTESIAN_POINT ( 'NONE',  ( -2.651438096812266917E-16, 2.881249998770965437, 1.443375672974064106 ) ) ;
#2021 = CARTESIAN_POINT ( 'NONE',  ( 1.743066579297358255E-16, 3.612499999999999378, -1.249999999999999556 ) ) ;
#2022 = ORIENTED_EDGE ( 'NONE', *, *, #754, .F. ) ;
#2023 = CARTESIAN_POINT ( 'NONE',  ( -0.6249999999999995559, -0.4000000000000000777, -1.082531754730548412 ) ) ;
#2024 = VERTEX_POINT ( 'NONE', #2511 ) ;
#2025 = CARTESIAN_POINT ( 'NONE',  ( -1.137915431763601326, 0.1843144763185148860, 0.3623421259555615337 ) ) ;
#2026 = CARTESIAN_POINT ( 'NONE',  ( 1.006430356249999658, -0.4468750006145171261, 0.5810628371015489346 ) ) ;
#2027 = CARTESIAN_POINT ( 'NONE',  ( 1.743066579297358255E-16, 0.4062499987709657367, -1.249999999999999556 ) ) ;
#2028 = EDGE_LOOP ( 'NONE', ( #291, #3073, #248, #2918 ) ) ;
#2029 = CARTESIAN_POINT ( 'NONE',  ( 1.743066579297358255E-16, 3.556249998770965259, -1.249999999999999556 ) ) ;
#2030 =( BOUNDED_CURVE ( )  B_SPLINE_CURVE ( 2, ( #2295, #600, #681, #2312, #418, #1355, #2329, #122, #2142 ),
 .UNSPECIFIED., .F., .T. ) 
 B_SPLINE_CURVE_WITH_KNOTS ( ( 3, 2, 2, 2, 3 ),
 ( 0.6166666666666666963, 0.6222222222222222321, 0.6333333333333333037, 0.6444444444444444864, 0.6500000000000000222 ),
 .UNSPECIFIED. ) 
 CURVE ( )  GEOMETRIC_REPRESENTATION_ITEM ( )  RATIONAL_B_SPLINE_CURVE ( ( 0.9330127018922194093, 0.9330127018922194093, 1.000000000000000000, 0.8660254037844387076, 1.000000000000000000, 0.8660254037844387076, 1.000000000000000000, 0.9330127018922194093, 0.9330127018922194093 ) ) 
 REPRESENTATION_ITEM ( '' )  );
#2031 = CARTESIAN_POINT ( 'NONE',  ( 0.5032151781250000511, 2.928124999385483207, -0.8715942556523226248 ) ) ;
#2032 = CARTESIAN_POINT ( 'NONE',  ( 0.5032151781249993849, 2.328124999385482230, 0.8715942556523230689 ) ) ;
#2033 = CARTESIAN_POINT ( 'NONE',  ( -6.565550782020048959E-15, 2.712499999999999467, -1.249999999999999556 ) ) ;
#2034 = CARTESIAN_POINT ( 'NONE',  ( 0.5032151781249993849, 1.765624999385482674, 0.8715942556523230689 ) ) ;
#2035 = ORIENTED_EDGE ( 'NONE', *, *, #1747, .T. ) ;
#2036 = EDGE_CURVE ( 'NONE', #966, #978, #1953, .T. ) ;
#2037 = EDGE_CURVE ( 'NONE', #1537, #2024, #80, .T. ) ;
#2038 = CARTESIAN_POINT ( 'NONE',  ( -0.6249999999999995559, 3.593749998770965348, -1.082531754730548412 ) ) ;
#2039 = CARTESIAN_POINT ( 'NONE',  ( -1.006430356249999658, 2.028124999385482852, -0.5810628371015487126 ) ) ;
#2040 = VERTEX_POINT ( 'NONE', #759 ) ;
#2041 = FACE_OUTER_BOUND ( 'NONE', #1878, .T. ) ;
#2042 = CARTESIAN_POINT ( 'NONE',  ( -0.5800215302969552456, 4.450000000000091660, 0.8326359721712415229 ) ) ;
#2043 = CARTESIAN_POINT ( 'NONE',  ( -1.006430356249999880, 0.2656249993854828961, -1.232521714346292805E-16 ) ) ;
#2044 = DIRECTION ( 'NONE',  ( -1.251928832280966188E-16, 0.000000000000000000, -1.000000000000000000 ) ) ;
#2045 = ORIENTED_EDGE ( 'NONE', *, *, #500, .F. ) ;
#2046 = LINE ( 'NONE', #66, #100 ) ;
#2047 = CARTESIAN_POINT ( 'NONE',  ( -1.006430356249999880, 2.215624999385482408, 0.5810628371015479354 ) ) ;
#2048 = CARTESIAN_POINT ( 'NONE',  ( 7.115967435598912132E-17, 3.415624999385482141, -1.162125674203096759 ) ) ;
#2049 = CARTESIAN_POINT ( 'NONE',  ( 1.067289995007268955, 4.450000000000000178, -0.6408958217273930114 ) ) ;
#2050 = CARTESIAN_POINT ( 'NONE',  ( 7.115967435598910900E-17, 1.953124999385483118, -1.162125674203096759 ) ) ;
#2051 = CONICAL_SURFACE ( 'NONE', #1497, 1.250000000000000000, 0.7853981633974500554 ) ;
#2052 = ORIENTED_EDGE ( 'NONE', *, *, #2692, .F. ) ;
#2053 =( BOUNDED_CURVE ( )  B_SPLINE_CURVE ( 2, ( #1053, #1623, #636, #1914, #1373, #210, #2344, #623, #688 ),
 .UNSPECIFIED., .F., .T. ) 
 B_SPLINE_CURVE_WITH_KNOTS ( ( 3, 2, 2, 2, 3 ),
 ( 0.3166666666666667074, 0.3222222222222222432, 0.3333333333333333148, 0.3444444444444444420, 0.3500000000000000333 ),
 .UNSPECIFIED. ) 
 CURVE ( )  GEOMETRIC_REPRESENTATION_ITEM ( )  RATIONAL_B_SPLINE_CURVE ( ( 0.9330127018922192983, 0.9330127018922196314, 1.000000000000000000, 0.8660254037844387076, 1.000000000000000000, 0.8660254037844387076, 1.000000000000000000, 0.9330127018922189652, 0.9330127018922192983 ) ) 
 REPRESENTATION_ITEM ( '' )  );
#2054 = VECTOR ( 'NONE', #821, 1000.000000000000000 ) ;
#2055 = CARTESIAN_POINT ( 'NONE',  ( -1.249999999999999778, 2.318749998770965437, -1.530808498934191324E-16 ) ) ;
#2056 = CARTESIAN_POINT ( 'NONE',  ( 1.006430356249999658, 2.703124999385482674, 0.5810628371015489346 ) ) ;
#2057 = ORIENTED_EDGE ( 'NONE', *, *, #2772, .T. ) ;
#2058 = CARTESIAN_POINT ( 'NONE',  ( 0.6249999999999990008, 2.018749998770965615, 1.082531754730548634 ) ) ;
#2059 = CARTESIAN_POINT ( 'NONE',  ( -0.2225894103038312533, 4.449999999999999289, 0.9900916448485905796 ) ) ;
#2060 = CARTESIAN_POINT ( 'NONE',  ( 1.249999999999999556, 0.3124999999999998890, 0.7216878364870328300 ) ) ;
#2061 = CONICAL_SURFACE ( 'NONE', #2952, 1.260000000000000009, 0.7853981633974532750 ) ;
#2062 = CARTESIAN_POINT ( 'NONE',  ( -1.006430356249999880, -0.6343750006145171261, -1.232521714346292805E-16 ) ) ;
#2063 = DIRECTION ( 'NONE',  ( 0.000000000000000000, 1.000000000000000000, 0.000000000000000000 ) ) ;
#2064 = ORIENTED_EDGE ( 'NONE', *, *, #2407, .T. ) ;
#2065 = DIRECTION ( 'NONE',  ( -0.8660254037844385966, 0.000000000000000000, -0.5000000000000002220 ) ) ;
#2066 = CARTESIAN_POINT ( 'NONE',  ( 0.5032151781249999400, 2.028124999385482408, -0.8715942556523224027 ) ) ;
#2067 = CARTESIAN_POINT ( 'NONE',  ( -1.006430356249999880, 1.728124999385482807, -1.232521714346292805E-16 ) ) ;
#2068 = CARTESIAN_POINT ( 'NONE',  ( -1.250000000000000000, 2.862499999999999822, 0.7216878364870316087 ) ) ;
#2069 = CARTESIAN_POINT ( 'NONE',  ( 7.115967435598910900E-17, 2.403124999385482408, -1.162125674203096759 ) ) ;
#2070 = CARTESIAN_POINT ( 'NONE',  ( -1.249999999999999778, 4.118749998770964815, -1.530808498934191324E-16 ) ) ;
#2071 = CARTESIAN_POINT ( 'NONE',  ( 0.5032151781250000511, 2.365624999385482763, -0.8715942556523226248 ) ) ;
#2072 = EDGE_LOOP ( 'NONE', ( #823, #872, #131, #3127 ) ) ;
#2073 = DIRECTION ( 'NONE',  ( -0.000000000000000000, -1.000000000000000000, -0.000000000000000000 ) ) ;
#2074 = CARTESIAN_POINT ( 'NONE',  ( -1.249999999999999778, 2.787499999999999645, -0.7216878364870323859 ) ) ;
#2075 = CARTESIAN_POINT ( 'NONE',  ( 0.000000000000000000, 4.450000000000000178, 0.000000000000000000 ) ) ;
#2076 = ORIENTED_EDGE ( 'NONE', *, *, #838, .T. ) ;
#2077 = EDGE_CURVE ( 'NONE', #1562, #2277, #1154, .T. ) ;
#2078 = PLANE ( 'NONE',  #867 ) ;
#2079 = CARTESIAN_POINT ( 'NONE',  ( -1.006430356250000102, 1.765624999385482896, 0.5810628371015480464 ) ) ;
#2080 = CARTESIAN_POINT ( 'NONE',  ( -0.5032151781250003841, 1.240624999385482763, 0.8715942556523225138 ) ) ;
#2081 = CARTESIAN_POINT ( 'NONE',  ( 1.249999999999999556, 3.406249998770964904, 0.7216878364870328300 ) ) ;
#2082 = CARTESIAN_POINT ( 'NONE',  ( -1.006430356250000102, 3.003124999385482941, 0.5810628371015480464 ) ) ;
#2083 = ORIENTED_EDGE ( 'NONE', *, *, #1717, .F. ) ;
#2084 = CARTESIAN_POINT ( 'NONE',  ( -0.6249999999999995559, 3.199999999999999734, -1.082531754730548412 ) ) ;
#2085 = EDGE_CURVE ( 'NONE', #878, #2005, #2478, .T. ) ;
#2086 = CARTESIAN_POINT ( 'NONE',  ( 1.006430356249999880, 1.390624999385482896, 0.000000000000000000 ) ) ;
#2087 = CARTESIAN_POINT ( 'NONE',  ( 0.000000000000000000, 4.450000000000000178, 0.000000000000000000 ) ) ;
#2088 = EDGE_LOOP ( 'NONE', ( #34, #1014 ) ) ;
#2089 = CARTESIAN_POINT ( 'NONE',  ( 0.5032151781249993849, 3.228124999385482141, 0.8715942556523230689 ) ) ;
#2090 = CARTESIAN_POINT ( 'NONE',  ( -1.249999999999999778, 1.474999999999999645, -1.530808498934191324E-16 ) ) ;
#2091 = PLANE ( 'NONE',  #1752 ) ;
#2092 = CARTESIAN_POINT ( 'NONE',  ( -1.006430356249999658, 3.828124999385482674, -0.5810628371015486016 ) ) ;
#2093 = VERTEX_POINT ( 'NONE', #541 ) ;
#2094 = FACE_OUTER_BOUND ( 'NONE', #1680, .T. ) ;
#2095 = CARTESIAN_POINT ( 'NONE',  ( -0.9573061252359558182, 4.450000000000001066, 0.3105914431648471030 ) ) ;
#2096 = CARTESIAN_POINT ( 'NONE',  ( -0.5032151781250003841, 2.590624999385482408, 0.8715942556523225138 ) ) ;
#2097 = CARTESIAN_POINT ( 'NONE',  ( 8.838126989374222236E-17, 5.806249998770965703, -1.443375672974064106 ) ) ;
#2098 = CARTESIAN_POINT ( 'NONE',  ( 0.5032151781250000511, 1.915624999385482585, -0.8715942556523226248 ) ) ;
#2099 = VERTEX_POINT ( 'NONE', #1539 ) ;
#2100 = CIRCLE ( 'NONE', #2646, 1.249999999999999778 ) ;
#2101 = CARTESIAN_POINT ( 'NONE',  ( -0.6250000000000004441, 1.549999999999999822, 1.082531754730547968 ) ) ;
#2102 = CIRCLE ( 'NONE', #717, 1.249999999999999778 ) ;
#2103 = AXIS2_PLACEMENT_3D ( 'NONE', #2637, #1480, #6 ) ;
#2104 = CARTESIAN_POINT ( 'NONE',  ( -1.006430356249999658, 1.578124999385482896, -0.5810628371015486016 ) ) ;
#2105 = PLANE ( 'NONE',  #3044 ) ;
#2106 = AXIS2_PLACEMENT_3D ( 'NONE', #1207, #1240, #2910 ) ;
#2107 = DIRECTION ( 'NONE',  ( -0.000000000000000000, -1.000000000000000000, -0.000000000000000000 ) ) ;
#2108 = ORIENTED_EDGE ( 'NONE', *, *, #359, .T. ) ;
#2109 = CARTESIAN_POINT ( 'NONE',  ( -1.006430356250000324, 3.565624999385482052, 0.5810628371015480464 ) ) ;
#2110 = CARTESIAN_POINT ( 'NONE',  ( 1.250000000000000000, 3.931249998770965703, -0.7216878364870319418 ) ) ;
#2111 = CARTESIAN_POINT ( 'NONE',  ( -0.6249999999999995559, 0.9499999999999998446, -1.082531754730548412 ) ) ;
#2112 = CARTESIAN_POINT ( 'NONE',  ( -0.5971120744271888325, 4.449999999999980638, -1.026738835382335457 ) ) ;
#2113 = ORIENTED_EDGE ( 'NONE', *, *, #932, .F. ) ;
#2114 = CARTESIAN_POINT ( 'NONE',  ( 0.6249999999999990008, 4.718749998770965348, 1.082531754730548634 ) ) ;
#2115 = CARTESIAN_POINT ( 'NONE',  ( -1.006430356249999880, 3.415624999385482141, -1.232521714346292805E-16 ) ) ;
#2116 = CARTESIAN_POINT ( 'NONE',  ( -1.249999999999999778, 3.218749998770965792, -1.530808498934191324E-16 ) ) ;
#2117 = CARTESIAN_POINT ( 'NONE',  ( 0.6250000000000000000, 2.674999999999999822, -1.082531754730548190 ) ) ;
#2118 = DIRECTION ( 'NONE',  ( -0.000000000000000000, -1.000000000000000000, -0.000000000000000000 ) ) ;
#2119 = CARTESIAN_POINT ( 'NONE',  ( 4.998677682249502374E-16, 5.099999999999999645, -0.7505553499465127398 ) ) ;
#2120 = CARTESIAN_POINT ( 'NONE',  ( -0.5032151781250003841, 3.153124999385482408, 0.8715942556523225138 ) ) ;
#2121 = CARTESIAN_POINT ( 'NONE',  ( -1.250000000000000000, 1.512499999999999956, 0.7216878364870316087 ) ) ;
#2122 = CARTESIAN_POINT ( 'NONE',  ( 0.5032151781249993849, 5.365624999385482319, 0.8715942556523230689 ) ) ;
#2123 = EDGE_CURVE ( 'NONE', #270, #918, #2783, .T. ) ;
#2124 = CARTESIAN_POINT ( 'NONE',  ( 0.3250000000000038414, 5.099999999999999645, 0.5629165124598813907 ) ) ;
#2125 = CARTESIAN_POINT ( 'NONE',  ( 0.000000000000000000, 5.099999999999999645, 0.000000000000000000 ) ) ;
#2126 = CARTESIAN_POINT ( 'NONE',  ( -0.9567127135053603570, 4.450000000000000178, -0.6005775792896509424 ) ) ;
#2127 = ORIENTED_EDGE ( 'NONE', *, *, #989, .T. ) ;
#2128 = CARTESIAN_POINT ( 'NONE',  ( -1.006430356249999880, -0.5218750006145170817, -1.232521714346292805E-16 ) ) ;
#2129 = CARTESIAN_POINT ( 'NONE',  ( 0.7499999999999996669, 5.900000000000000355, -0.4330127018922195758 ) ) ;
#2130 = CARTESIAN_POINT ( 'NONE',  ( 1.006430356249999658, 4.203124999385482674, 0.000000000000000000 ) ) ;
#2131 = EDGE_CURVE ( 'NONE', #2937, #1741, #665, .T. ) ;
#2132 = CARTESIAN_POINT ( 'NONE',  ( -2.651438096812266917E-16, 2.937499999999999556, 1.443375672974064106 ) ) ;
#2133 = EDGE_CURVE ( 'NONE', #2837, #722, #2523, .T. ) ;
#2134 = CARTESIAN_POINT ( 'NONE',  ( 7.115967435598910900E-17, 1.953124999385483118, -1.162125674203096759 ) ) ;
#2135 =( BOUNDED_CURVE ( )  B_SPLINE_CURVE ( 2, ( #1425, #1410, #2392, #195, #1182, #2382, #930, #1916, #2878 ),
 .UNSPECIFIED., .F., .T. ) 
 B_SPLINE_CURVE_WITH_KNOTS ( ( 3, 2, 2, 2, 3 ),
 ( 0.1499999999999999944, 0.1555555555555555580, 0.1666666666666666574, 0.1777777777777777846, 0.1833333333333333481 ),
 .UNSPECIFIED. ) 
 CURVE ( )  GEOMETRIC_REPRESENTATION_ITEM ( )  RATIONAL_B_SPLINE_CURVE ( ( 0.9330127018922194093, 0.9330127018922194093, 1.000000000000000000, 0.8660254037844387076, 1.000000000000000000, 0.8660254037844387076, 1.000000000000000000, 0.9330127018922191873, 0.9330127018922194093 ) ) 
 REPRESENTATION_ITEM ( '' )  );
#2136 = CARTESIAN_POINT ( 'NONE',  ( 1.543054966925665076E-16, 0.2600000000000000089, -1.260000000000000009 ) ) ;
#2137 = CARTESIAN_POINT ( 'NONE',  ( 0.3349364905389033975, 3.536153809338630882, -1.249999999999999556 ) ) ;
#2138 = CARTESIAN_POINT ( 'NONE',  ( 0.7499999999999996669, 5.200000000000000178, -0.4330127018922195758 ) ) ;
#2139 = DIRECTION ( 'NONE',  ( 0.8660254037844388186, 0.000000000000000000, -0.4999999999999996669 ) ) ;
#2140 = CARTESIAN_POINT ( 'NONE',  ( -1.510657702057710537E-15, 0.4624999999999998557, -1.249999999999999778 ) ) ;
#2141 = LINE ( 'NONE', #132, #2207 ) ;
#2142 = CARTESIAN_POINT ( 'NONE',  ( -4.938688641342514686E-16, 3.387499999999999289, 1.249999999999999778 ) ) ;
#2143 = CARTESIAN_POINT ( 'NONE',  ( 1.250000000000000000, 4.381249998770965881, -0.7216878364870319418 ) ) ;
#2144 = ORIENTED_EDGE ( 'NONE', *, *, #2785, .T. ) ;
#2145 = CARTESIAN_POINT ( 'NONE',  ( 1.249999999999999778, 4.793749998770965526, 0.000000000000000000 ) ) ;
#2146 = CARTESIAN_POINT ( 'NONE',  ( 1.006430356249999880, 3.678124999385482763, -0.5810628371015482685 ) ) ;
#2147 = ORIENTED_EDGE ( 'NONE', *, *, #146, .T. ) ;
#2148 = CARTESIAN_POINT ( 'NONE',  ( -0.5032151781249997180, 4.353124999385482141, -0.8715942556523225138 ) ) ;
#2149 = CARTESIAN_POINT ( 'NONE',  ( 0.6249999999999990008, 4.325000000000000178, 1.082531754730548634 ) ) ;
#2150 = CARTESIAN_POINT ( 'NONE',  ( 0.7982378221199915025, 0.06211327954185620615, -0.7231564072127760756 ) ) ;
#2151 = DIRECTION ( 'NONE',  ( -0.8660254037844385966, 0.000000000000000000, -0.5000000000000001110 ) ) ;
#2152 = DIRECTION ( 'NONE',  ( -0.000000000000000000, -1.000000000000000000, -0.000000000000000000 ) ) ;
#2153 = VECTOR ( 'NONE', #650, 1000.000000000000000 ) ;
#2154 = CARTESIAN_POINT ( 'NONE',  ( -1.006430356250000324, 4.803124999385481431, 0.5810628371015480464 ) ) ;
#2155 = AXIS2_PLACEMENT_3D ( 'NONE', #161, #2613, #947 ) ;
#2156 = CARTESIAN_POINT ( 'NONE',  ( -0.3349364905389046743, 1.832596189432334599, -1.249999999999999112 ) ) ;
#2157 =( NAMED_UNIT ( * ) PLANE_ANGLE_UNIT ( ) SI_UNIT ( $, .RADIAN. ) );
#2158 = CARTESIAN_POINT ( 'NONE',  ( 0.5032151781249999400, 0.2281249993854829183, -0.8715942556523224027 ) ) ;
#2159 = ORIENTED_EDGE ( 'NONE', *, *, #1246, .T. ) ;
#2160 = CARTESIAN_POINT ( 'NONE',  ( -0.5032151781249998290, 0.3031249993854828739, -0.8715942556523227358 ) ) ;
#2161 = PLANE ( 'NONE',  #767 ) ;
#2162 = CARTESIAN_POINT ( 'NONE',  ( 8.838126989374222236E-17, 4.512499999999998401, -1.443375672974064106 ) ) ;
#2163 = ORIENTED_EDGE ( 'NONE', *, *, #3080, .T. ) ;
#2164 = CARTESIAN_POINT ( 'NONE',  ( 0.3349364905389034530, 0.6513461882032999251, 1.249999999999999334 ) ) ;
#2165 = DIRECTION ( 'NONE',  ( 0.000000000000000000, 0.000000000000000000, 1.000000000000000000 ) ) ;
#2166 = CARTESIAN_POINT ( 'NONE',  ( -0.3349364905389037306, 4.211153809338631149, 1.249999999999999556 ) ) ;
#2167 = CARTESIAN_POINT ( 'NONE',  ( 1.006430356249999658, 5.065624999385480720, 0.5810628371015489346 ) ) ;
#2168 = LINE ( 'NONE', #181, #1803 ) ;
#2169 = ORIENTED_EDGE ( 'NONE', *, *, #2958, .F. ) ;
#2170 = EDGE_CURVE ( 'NONE', #1961, #2567, #634, .T. ) ;
#2171 = FACE_OUTER_BOUND ( 'NONE', #375, .T. ) ;
#2172 = CARTESIAN_POINT ( 'NONE',  ( -0.6250000000000004441, 1.493749998770965703, 1.082531754730547968 ) ) ;
#2173 = CARTESIAN_POINT ( 'NONE',  ( 0.5032151781249999400, 0.6781249993854827629, -0.8715942556523224027 ) ) ;
#2174 = CARTESIAN_POINT ( 'NONE',  ( -2.134790230679673516E-16, 1.390624999385482452, 1.162125674203096759 ) ) ;
#2175 = CARTESIAN_POINT ( 'NONE',  ( 0.000000000000000000, 4.450000000000000178, 0.000000000000000000 ) ) ;
#2176 = CARTESIAN_POINT ( 'NONE',  ( -1.006430356249999658, -0.6718750006145171039, -0.5810628371015486016 ) ) ;
#2177 = CARTESIAN_POINT ( 'NONE',  ( -0.6249999999999995559, 4.099999999999999645, -1.082531754730548412 ) ) ;
#2178 = ORIENTED_EDGE ( 'NONE', *, *, #2747, .T. ) ;
#2179 = CARTESIAN_POINT ( 'NONE',  ( 1.006430356249999658, 2.253124999385482941, 0.5810628371015489346 ) ) ;
#2180 = CARTESIAN_POINT ( 'NONE',  ( 0.3575708153222774688, 0.08378882308587116967, -1.038850776977284784 ) ) ;
#2181 = CARTESIAN_POINT ( 'NONE',  ( -1.006430356249999658, 4.728124999385483029, -0.5810628371015486016 ) ) ;
#2182 = EDGE_CURVE ( 'NONE', #13, #878, #1840, .T. ) ;
#2183 = FACE_OUTER_BOUND ( 'NONE', #1076, .T. ) ;
#2184 = CARTESIAN_POINT ( 'NONE',  ( -0.7500000000000006661, 5.200000000000000178, -0.4330127018922176330 ) ) ;
#2185 = CARTESIAN_POINT ( 'NONE',  ( 1.249999999999999334, 2.562499999999999556, 0.7216878364870328300 ) ) ;
#2186 = ORIENTED_EDGE ( 'NONE', *, *, #1670, .F. ) ;
#2187 = LINE ( 'NONE', #1737, #2314 ) ;
#2188 = CARTESIAN_POINT ( 'NONE',  ( 1.249999999999999778, 3.499999999999999556, 0.000000000000000000 ) ) ;
#2189 = CARTESIAN_POINT ( 'NONE',  ( 7.115967435598909667E-17, 1.165624999385482807, -1.162125674203096537 ) ) ;
#2190 = CARTESIAN_POINT ( 'NONE',  ( 1.006430356249999880, 1.090624999385482852, -0.5810628371015482685 ) ) ;
#2191 = CARTESIAN_POINT ( 'NONE',  ( 0.5032151781250000511, 0.6781249993854827629, -0.8715942556523226248 ) ) ;
#2192 = DIRECTION ( 'NONE',  ( 0.3535533905932742305, 0.7071067811865462405, 0.6123724356957959136 ) ) ;
#2193 = CARTESIAN_POINT ( 'NONE',  ( 1.006430356249999658, -0.4468750006145171261, 0.5810628371015489346 ) ) ;
#2194 = EDGE_LOOP ( 'NONE', ( #631, #738, #2064, #2159 ) ) ;
#2195 = CARTESIAN_POINT ( 'NONE',  ( -1.249999999999999778, 1.381249998770965659, -0.7216878364870323859 ) ) ;
#2196 = CARTESIAN_POINT ( 'NONE',  ( 0.5032151781249993849, 0.4156249993854828628, 0.8715942556523230689 ) ) ;
#2197 = CARTESIAN_POINT ( 'NONE',  ( -2.134790230679673516E-16, 3.078124999385482674, 1.162125674203096759 ) ) ;
#2198 = DIRECTION ( 'NONE',  ( -5.035498325101888273E-16, -0.6546536707079779749, -0.7559289460184538401 ) ) ;
#2199 = CARTESIAN_POINT ( 'NONE',  ( 0.5032151781250000511, 5.178124999385482319, -0.8715942556523226248 ) ) ;
#2200 = CARTESIAN_POINT ( 'NONE',  ( -0.3249999999999999556, 5.099999999999999645, -0.5629165124598836112 ) ) ;
#2201 = AXIS2_PLACEMENT_3D ( 'NONE', #114, #2823, #1557 ) ;
#2202 = ORIENTED_EDGE ( 'NONE', *, *, #2738, .F. ) ;
#2203 = LINE ( 'NONE', #731, #1029 ) ;
#2204 =( LENGTH_UNIT ( ) NAMED_UNIT ( * ) SI_UNIT ( .MILLI., .METRE. ) );
#2205 = CARTESIAN_POINT ( 'NONE',  ( 0.5032151781249992739, -0.3718750006145171150, 0.8715942556523228468 ) ) ;
#2206 = VECTOR ( 'NONE', #2857, 1000.000000000000000 ) ;
#2207 = VECTOR ( 'NONE', #1660, 1000.000000000000000 ) ;
#2208 = CARTESIAN_POINT ( 'NONE',  ( -1.006430356249999880, 2.178124999385482319, -1.232521714346292805E-16 ) ) ;
#2209 = CARTESIAN_POINT ( 'NONE',  ( 0.3349364905389057845, 2.901346188203299814, 1.249999999999997780 ) ) ;
#2210 = CARTESIAN_POINT ( 'NONE',  ( -2.134790230679672777E-16, 4.540624999385482141, 1.162125674203096537 ) ) ;
#2211 = ORIENTED_EDGE ( 'NONE', *, *, #1375, .T. ) ;
#2212 = ORIENTED_EDGE ( 'NONE', *, *, #967, .T. ) ;
#2213 = EDGE_CURVE ( 'NONE', #2024, #2311, #392, .T. ) ;
#2214 = CARTESIAN_POINT ( 'NONE',  ( -1.249999999999999778, 0.4812499987709657479, -0.7216878364870323859 ) ) ;
#2215 = CARTESIAN_POINT ( 'NONE',  ( 1.006430356249999658, 2.703124999385482230, 0.5810628371015489346 ) ) ;
#2216 = CARTESIAN_POINT ( 'NONE',  ( -1.006430356249999880, 0.2656249993854828961, -1.232521714346292805E-16 ) ) ;
#2217 = CARTESIAN_POINT ( 'NONE',  ( 1.006430356249999880, 4.090624999385482852, 0.000000000000000000 ) ) ;
#2218 =( BOUNDED_CURVE ( )  B_SPLINE_CURVE ( 2, ( #1039, #2253, #2017, #2270, #2985, #2973, #796, #1277, #2515 ),
 .UNSPECIFIED., .F., .F. ) 
 B_SPLINE_CURVE_WITH_KNOTS ( ( 3, 2, 2, 2, 3 ),
 ( 0.4833333333333333370, 0.4888888888888888729, 0.5000000000000000000, 0.5111111111111110716, 0.5166666666666667185 ),
 .UNSPECIFIED. ) 
 CURVE ( )  GEOMETRIC_REPRESENTATION_ITEM ( )  RATIONAL_B_SPLINE_CURVE ( ( 0.9330127018922194093, 0.9330127018922194093, 1.000000000000000000, 0.8660254037844387076, 1.000000000000000000, 0.8660254037844387076, 1.000000000000000000, 0.9330127018922187432, 0.9330127018922194093 ) ) 
 REPRESENTATION_ITEM ( '' )  );
#2219 = CARTESIAN_POINT ( 'NONE',  ( 2.025346705582189620E-16, 5.200000000000000178, -0.8660254037844384856 ) ) ;
#2220 = ORIENTED_EDGE ( 'NONE', *, *, #1983, .T. ) ;
#2221 = SURFACE_SIDE_STYLE ('',( #343 ) ) ;
#2222 = CARTESIAN_POINT ( 'NONE',  ( 1.006430356249999658, 1.540624999385482363, -0.5810628371015482685 ) ) ;
#2223 = EDGE_CURVE ( 'NONE', #4, #1676, #1899, .T. ) ;
#2224 = CARTESIAN_POINT ( 'NONE',  ( -1.006430356249999658, 0.7906249993854828073, -0.5810628371015486016 ) ) ;
#2225 = CARTESIAN_POINT ( 'NONE',  ( -1.006430356249999880, 0.3781249993854828850, -1.232521714346292805E-16 ) ) ;
#2226 = CARTESIAN_POINT ( 'NONE',  ( -0.3349364905389037306, 3.817403810567665090, 1.249999999999999556 ) ) ;
#2227 = CARTESIAN_POINT ( 'NONE',  ( 7.115967435598909667E-17, 5.665624999385482141, -1.162125674203096537 ) ) ;
#2228 = CARTESIAN_POINT ( 'NONE',  ( 1.250000000000000000, 0.3312499987709658922, -0.7216878364870319418 ) ) ;
#2229 = DIRECTION ( 'NONE',  ( -0.8660254037844388186, 0.000000000000000000, 0.4999999999999996669 ) ) ;
#2230 = CARTESIAN_POINT ( 'NONE',  ( 1.006430356249999880, 4.128124999385482496, -0.5810628371015482685 ) ) ;
#2231 = CARTESIAN_POINT ( 'NONE',  ( -4.938688641342514686E-16, 4.287499999999999645, 1.249999999999999778 ) ) ;
#2232 = CARTESIAN_POINT ( 'NONE',  ( -0.3349364905389038416, 0.4825961894323340107, -1.249999999999999334 ) ) ;
#2233 = ORIENTED_EDGE ( 'NONE', *, *, #1939, .F. ) ;
#2234 = DIRECTION ( 'NONE',  ( 0.000000000000000000, 1.000000000000000000, 0.000000000000000000 ) ) ;
#2235 = CARTESIAN_POINT ( 'NONE',  ( 8.838126989374222236E-17, 5.412499999999999645, -1.443375672974064106 ) ) ;
#2236 = CARTESIAN_POINT ( 'NONE',  ( 1.006430356249999880, 1.540624999385482363, -0.5810628371015482685 ) ) ;
#2237 = CARTESIAN_POINT ( 'NONE',  ( 0.1041666461827309431, 4.450000000000001954, -1.245652162452681289 ) ) ;
#2238 = CARTESIAN_POINT ( 'NONE',  ( -0.5032151781250002731, 5.403124999385481964, 0.8715942556523222917 ) ) ;
#2239 = VERTEX_POINT ( 'NONE', #588 ) ;
#2240 = CARTESIAN_POINT ( 'NONE',  ( -0.6250000000000004441, 0.5937499987709657923, 1.082531754730547968 ) ) ;
#2241 = CARTESIAN_POINT ( 'NONE',  ( 1.006430356249999880, 0.07812499938548295164, -0.5810628371015482685 ) ) ;
#2242 = CARTESIAN_POINT ( 'NONE',  ( 7.115967435598910900E-17, 4.203124999385482674, -1.162125674203096759 ) ) ;
#2243 = CARTESIAN_POINT ( 'NONE',  ( -0.6249999999999995559, 0.4999999999999997780, -1.082531754730548412 ) ) ;
#2244 = CARTESIAN_POINT ( 'NONE',  ( -1.006430356250000324, -0.1468750006145170817, 0.5810628371015480464 ) ) ;
#2245 = DIRECTION ( 'NONE',  ( 0.000000000000000000, 1.000000000000000000, 0.000000000000000000 ) ) ;
#2246 = ORIENTED_EDGE ( 'NONE', *, *, #2529, .T. ) ;
#2247 = VECTOR ( 'NONE', #2107, 1000.000000000000000 ) ;
#2248 = CARTESIAN_POINT ( 'NONE',  ( 2.817957636530729931E-15, 1.531249998770965792, 1.249999999999999778 ) ) ;
#2249 = CARTESIAN_POINT ( 'NONE',  ( 1.249999999999999778, 5.299999999999998934, 0.000000000000000000 ) ) ;
#2250 = CIRCLE ( 'NONE', #559, 1.308578643762691396 ) ;
#2251 = CARTESIAN_POINT ( 'NONE',  ( 1.006430356249999880, 4.203124999385482674, 0.000000000000000000 ) ) ;
#2252 = CARTESIAN_POINT ( 'NONE',  ( 1.006430356249999658, 0.5656249993854828295, 0.5810628371015489346 ) ) ;
#2253 = CARTESIAN_POINT ( 'NONE',  ( -0.3349364905389030644, 2.282596189432334111, -1.249999999999999778 ) ) ;
#2254 = VECTOR ( 'NONE', #2118, 1000.000000000000000 ) ;
#2255 = CARTESIAN_POINT ( 'NONE',  ( 1.006430356249999880, 0.9406249993854829405, 0.000000000000000000 ) ) ;
#2256 = CARTESIAN_POINT ( 'NONE',  ( 1.250000000000000000, 2.581249998770965615, -0.7216878364870319418 ) ) ;
#2257 = CARTESIAN_POINT ( 'NONE',  ( 0.8929248095370285743, 0.006430356250002326919, 0.4643138448234802040 ) ) ;
#2258 = VERTEX_POINT ( 'NONE', #364 ) ;
#2259 = CARTESIAN_POINT ( 'NONE',  ( 0.5032151781250000511, 5.515624999385482674, -0.8715942556523226248 ) ) ;
#2260 = CARTESIAN_POINT ( 'NONE',  ( 0.6250000000000000000, 0.4249999999999998224, -1.082531754730548190 ) ) ;
#2261 = ORIENTED_EDGE ( 'NONE', *, *, #698, .T. ) ;
#2262 = CARTESIAN_POINT ( 'NONE',  ( -1.006430356249999658, -0.6718750006145171039, -0.5810628371015486016 ) ) ;
#2263 = CARTESIAN_POINT ( 'NONE',  ( 1.250000000000000000, 2.187499999999999556, -0.7216878364870319418 ) ) ;
#2264 = ORIENTED_EDGE ( 'NONE', *, *, #1620, .F. ) ;
#2265 = DIRECTION ( 'NONE',  ( 0.7071067811865484609, 0.7071067811865465735, -8.852473668688283404E-17 ) ) ;
#2266 = ADVANCED_FACE ( 'NONE', ( #1856 ), #1825, .T. ) ;
#2267 = ADVANCED_FACE ( 'NONE', ( #622 ), #2565, .T. ) ;
#2268 = CARTESIAN_POINT ( 'NONE',  ( 1.006430356249999880, 3.753124999385482496, 0.000000000000000000 ) ) ;
#2269 = CARTESIAN_POINT ( 'NONE',  ( 1.006430356249999658, 3.265624999385482230, 0.5810628371015489346 ) ) ;
#2270 = CARTESIAN_POINT ( 'NONE',  ( -1.249999999999999556, 2.337499999999999911, -0.7216878364870324969 ) ) ;
#2271 = CARTESIAN_POINT ( 'NONE',  ( 1.006430356249999880, 1.390624999385482896, 0.000000000000000000 ) ) ;
#2272 = ORIENTED_EDGE ( 'NONE', *, *, #500, .T. ) ;
#2273 =( BOUNDED_CURVE ( )  B_SPLINE_CURVE ( 2, ( #1893, #2863, #673, #943, #1929, #2649, #3097, #2887, #704 ),
 .UNSPECIFIED., .F., .T. ) 
 B_SPLINE_CURVE_WITH_KNOTS ( ( 3, 2, 2, 2, 3 ),
 ( 0.7500000000000000000, 0.7555555555555555358, 0.7666666666666667185, 0.7777777777777777901, 0.7833333333333333259 ),
 .UNSPECIFIED. ) 
 CURVE ( )  GEOMETRIC_REPRESENTATION_ITEM ( )  RATIONAL_B_SPLINE_CURVE ( ( 0.9330127018922194093, 0.9330127018922194093, 1.000000000000000000, 0.8660254037844387076, 1.000000000000000000, 0.8660254037844387076, 1.000000000000000000, 0.9330127018922194093, 0.9330127018922194093 ) ) 
 REPRESENTATION_ITEM ( '' )  );
#2274 = ADVANCED_FACE ( 'NONE', ( #1372 ), #2105, .F. ) ;
#2275 = CARTESIAN_POINT ( 'NONE',  ( 8.838126989374222236E-17, 3.106249998770965082, -1.443375672974064106 ) ) ;
#2276 = CARTESIAN_POINT ( 'NONE',  ( -2.134790230679673516E-16, 1.278124999385482630, 1.162125674203096759 ) ) ;
#2277 = VERTEX_POINT ( 'NONE', #1333 ) ;
#2278 = FACE_OUTER_BOUND ( 'NONE', #2194, .T. ) ;
#2279 = CARTESIAN_POINT ( 'NONE',  ( 1.249999999999999556, -0.5875000000000001332, 0.7216878364870328300 ) ) ;
#2280 = APPLICATION_CONTEXT ( 'automotive_design' ) ;
#2281 =( NAMED_UNIT ( * ) PLANE_ANGLE_UNIT ( ) SI_UNIT ( $, .RADIAN. ) );
#2282 = CARTESIAN_POINT ( 'NONE',  ( 0.5032151781250000511, 0.1156249993854829433, -0.8715942556523226248 ) ) ;
#2283 = DIRECTION ( 'NONE',  ( 0.000000000000000000, 0.000000000000000000, 1.000000000000000000 ) ) ;
#2284 = ORIENTED_EDGE ( 'NONE', *, *, #2085, .F. ) ;
#2285 = CARTESIAN_POINT ( 'NONE',  ( -3.117081245895825248E-16, 5.900000000000000355, 0.8660254037844387076 ) ) ;
#2286 = EDGE_LOOP ( 'NONE', ( #309, #3141, #2045, #552 ) ) ;
#2287 = CARTESIAN_POINT ( 'NONE',  ( -2.134790230679673516E-16, 4.540624999385482141, 1.162125674203096759 ) ) ;
#2288 = CARTESIAN_POINT ( 'NONE',  ( -1.006430356249999880, 2.628124999385482052, -1.232521714346292805E-16 ) ) ;
#2289 = CARTESIAN_POINT ( 'NONE',  ( 1.165875267948706329, 4.449999999999999289, 0.09483159735459111006 ) ) ;
#2290 = CARTESIAN_POINT ( 'NONE',  ( -1.006430356249999880, 0.7156249993854827407, -1.232521714346292805E-16 ) ) ;
#2291 = ORIENTED_EDGE ( 'NONE', *, *, #1418, .F. ) ;
#2292 = CARTESIAN_POINT ( 'NONE',  ( 8.838126989374222236E-17, 2.206249998770965615, -1.443375672974064106 ) ) ;
#2293 = CARTESIAN_POINT ( 'NONE',  ( 1.006430356249999880, 0.9781249993854829183, -0.5810628371015482685 ) ) ;
#2294 = ORIENTED_EDGE ( 'NONE', *, *, #1717, .T. ) ;
#2295 = CARTESIAN_POINT ( 'NONE',  ( 1.743066579297358255E-16, 3.162499999999999645, -1.249999999999999556 ) ) ;
#2296 = CARTESIAN_POINT ( 'NONE',  ( -2.651438096812266917E-16, -0.6625000000000000888, 1.443375672974064106 ) ) ;
#2297 = CARTESIAN_POINT ( 'NONE',  ( 7.115967435598910900E-17, -0.2968750006145170484, -1.162125674203096759 ) ) ;
#2298 = DIRECTION ( 'NONE',  ( -0.000000000000000000, -1.000000000000000000, -0.000000000000000000 ) ) ;
#2299 = LINE ( 'NONE', #472, #1654 ) ;
#2300 = ORIENTED_EDGE ( 'NONE', *, *, #398, .T. ) ;
#2301 = PLANE ( 'NONE',  #1756 ) ;
#2302 = CARTESIAN_POINT ( 'NONE',  ( -3.295775504228300077E-16, 5.200000000000000178, 0.8660254037844385966 ) ) ;
#2303 = FACE_BOUND ( 'NONE', #531, .T. ) ;
#2304 = CARTESIAN_POINT ( 'NONE',  ( -0.5032151781250003841, 3.603124999385482585, 0.8715942556523225138 ) ) ;
#2305 = CARTESIAN_POINT ( 'NONE',  ( 0.000000000000000000, 5.899999999999999467, 0.000000000000000000 ) ) ;
#2306 = CARTESIAN_POINT ( 'NONE',  ( 1.006430356249999880, 2.328124999385483118, -0.5810628371015482685 ) ) ;
#2307 = AXIS2_PLACEMENT_3D ( 'NONE', #2002, #1560, #580 ) ;
#2308 = AXIS2_PLACEMENT_3D ( 'NONE', #3033, #1113, #141 ) ;
#2309 = CARTESIAN_POINT ( 'NONE',  ( 0.6249999999999990008, 3.368749998770965259, 1.082531754730548634 ) ) ;
#2310 = CARTESIAN_POINT ( 'NONE',  ( -1.006430356249999880, 2.065624999385482496, -1.232521714346292805E-16 ) ) ;
#2311 = VERTEX_POINT ( 'NONE', #2343 ) ;
#2312 = CARTESIAN_POINT ( 'NONE',  ( -1.249999999999999556, 3.237499999999999378, -0.7216878364870324969 ) ) ;
#2313 = CARTESIAN_POINT ( 'NONE',  ( 0.6250000000000000000, -0.4750000000000000333, -1.082531754730548190 ) ) ;
#2314 = VECTOR ( 'NONE', #5, 1000.000000000000000 ) ;
#2315 = EDGE_CURVE ( 'NONE', #2239, #722, #1605, .T. ) ;
#2316 = CARTESIAN_POINT ( 'NONE',  ( -1.006430356249999658, -0.2218750006145170650, -0.5810628371015486016 ) ) ;
#2317 = FACE_OUTER_BOUND ( 'NONE', #569, .T. ) ;
#2318 = VECTOR ( 'NONE', #262, 1000.000000000000114 ) ;
#2319 = EDGE_LOOP ( 'NONE', ( #2554, #1827, #572, #1141 ) ) ;
#2320 = CARTESIAN_POINT ( 'NONE',  ( 1.249999999999999334, 3.856249998770965082, 0.7216878364870328300 ) ) ;
#2321 = ADVANCED_FACE ( 'NONE', ( #95 ), #2537, .F. ) ;
#2322 = CARTESIAN_POINT ( 'NONE',  ( 1.006430356249999880, 1.540624999385482585, -0.5810628371015482685 ) ) ;
#2323 = DIRECTION ( 'NONE',  ( -0.000000000000000000, -1.000000000000000000, -0.000000000000000000 ) ) ;
#2324 = CARTESIAN_POINT ( 'NONE',  ( -0.5032151781249998290, 0.1906249993854829128, -0.8715942556523227358 ) ) ;
#2325 = CARTESIAN_POINT ( 'NONE',  ( -0.6249999999999995559, 4.493749998770964815, -1.082531754730548412 ) ) ;
#2326 = ADVANCED_FACE ( 'NONE', ( #2317 ), #112, .T. ) ;
#2327 = CARTESIAN_POINT ( 'NONE',  ( 0.5032151781250000511, 1.465624999385482852, -0.8715942556523226248 ) ) ;
#2328 = EDGE_LOOP ( 'NONE', ( #121, #2546, #2735, #258, #2144, #516, #1696, #3018, #2057, #1967, #1975, #1689, #702, #1802, #2479, #3106, #995, #1565, #1585, #2211, #2454, #2052, #715, #475 ) ) ;
#2329 = CARTESIAN_POINT ( 'NONE',  ( -0.6250000000000004441, 3.349999999999999645, 1.082531754730547968 ) ) ;
#2330 = CARTESIAN_POINT ( 'NONE',  ( 0.6250000000000000000, 3.124999999999999112, -1.082531754730548190 ) ) ;
#2331 = CARTESIAN_POINT ( 'NONE',  ( -2.134790230679673516E-16, 1.278124999385482630, 1.162125674203096759 ) ) ;
#2332 = DIRECTION ( 'NONE',  ( -1.014062354147580852E-14, 0.000000000000000000, -1.000000000000000000 ) ) ;
#2333 = VERTEX_POINT ( 'NONE', #880 ) ;
#2334 = FACE_OUTER_BOUND ( 'NONE', #846, .T. ) ;
#2335 = CARTESIAN_POINT ( 'NONE',  ( 0.5032151781250000511, 5.515624999385482674, -0.8715942556523226248 ) ) ;
#2336 = CARTESIAN_POINT ( 'NONE',  ( -0.5032151781249998290, 2.103124999385483029, -0.8715942556523227358 ) ) ;
#2337 = CARTESIAN_POINT ( 'NONE',  ( -1.006430356249999880, 2.965624999385482852, -1.232521714346292805E-16 ) ) ;
#2338 = CARTESIAN_POINT ( 'NONE',  ( 1.250000000000000000, 5.281249998770965348, -0.7216878364870319418 ) ) ;
#2339 = CARTESIAN_POINT ( 'NONE',  ( 1.006430356249999880, 1.428124999385482541, -0.5810628371015482685 ) ) ;
#2340 = EDGE_LOOP ( 'NONE', ( #1470, #2805, #668, #2728 ) ) ;
#2341 = CARTESIAN_POINT ( 'NONE',  ( 1.249999999999999556, 1.212499999999999689, 0.7216878364870328300 ) ) ;
#2342 = CARTESIAN_POINT ( 'NONE',  ( 0.5032151781250000511, 1.465624999385482852, -0.8715942556523226248 ) ) ;
#2343 = CARTESIAN_POINT ( 'NONE',  ( -6.565550782020048959E-15, 3.106249998770965970, -1.249999999999999556 ) ) ;
#2344 = CARTESIAN_POINT ( 'NONE',  ( 0.6250000000000000000, 1.324999999999999734, -1.082531754730548190 ) ) ;
#2345 = ORIENTED_EDGE ( 'NONE', *, *, #2643, .T. ) ;
#2346 = CARTESIAN_POINT ( 'NONE',  ( -1.006430356249999880, 3.528124999385481964, -1.232521714346292805E-16 ) ) ;
#2347 = DIRECTION ( 'NONE',  ( 0.000000000000000000, 0.000000000000000000, -1.000000000000000000 ) ) ;
#2348 = CARTESIAN_POINT ( 'NONE',  ( -1.006430356250000324, 5.253124999385482496, 0.5810628371015480464 ) ) ;
#2349 = CARTESIAN_POINT ( 'NONE',  ( 3.010890466536024908E-16, 5.899999999999999467, -2.458578643762694416 ) ) ;
#2350 = DIRECTION ( 'NONE',  ( 0.000000000000000000, 0.000000000000000000, -1.000000000000000000 ) ) ;
#2351 = CARTESIAN_POINT ( 'NONE',  ( -1.006430356249999880, -0.07187500061451711220, -1.232521714346292805E-16 ) ) ;
#2352 = DIRECTION ( 'NONE',  ( -0.000000000000000000, -1.000000000000000000, -0.000000000000000000 ) ) ;
#2353 = AXIS2_PLACEMENT_3D ( 'NONE', #816, #1414, #2816 ) ;
#2354 = CARTESIAN_POINT ( 'NONE',  ( -2.134790230679672777E-16, 4.090624999385482852, 1.162125674203096537 ) ) ;
#2355 = CARTESIAN_POINT ( 'NONE',  ( 0.6250000000000000000, 2.224999999999999645, -1.082531754730548190 ) ) ;
#2356 = AXIS2_PLACEMENT_3D ( 'NONE', #196, #2614, #240 ) ;
#2357 = CARTESIAN_POINT ( 'NONE',  ( -2.134790230679673516E-16, 0.8281249993854826741, 1.162125674203096759 ) ) ;
#2358 =( BOUNDED_CURVE ( )  B_SPLINE_CURVE ( 2, ( #417, #915, #1429, #3039, #2395, #1954, #3134, #483, #748 ),
 .UNSPECIFIED., .F., .F. ) 
 B_SPLINE_CURVE_WITH_KNOTS ( ( 3, 2, 2, 2, 3 ),
 ( 0.6166666666666666963, 0.6222222222222222321, 0.6333333333333333037, 0.6444444444444444864, 0.6500000000000000222 ),
 .UNSPECIFIED. ) 
 CURVE ( )  GEOMETRIC_REPRESENTATION_ITEM ( )  RATIONAL_B_SPLINE_CURVE ( ( 0.9330127018922194093, 0.9330127018922194093, 1.000000000000000000, 0.8660254037844387076, 1.000000000000000000, 0.8660254037844387076, 1.000000000000000000, 0.9330127018922194093, 0.9330127018922194093 ) ) 
 REPRESENTATION_ITEM ( '' )  );
#2359 = CARTESIAN_POINT ( 'NONE',  ( -1.510657702057710537E-15, 0.8562499987709658589, -1.249999999999999778 ) ) ;
#2360 = ADVANCED_FACE ( 'NONE', ( #1602 ), #2460, .T. ) ;
#2361 = AXIS2_PLACEMENT_3D ( 'NONE', #1085, #1102, #1345 ) ;
#2362 = DIRECTION ( 'NONE',  ( 1.000000000000000000, 0.000000000000000000, 0.000000000000000000 ) ) ;
#2363 = CARTESIAN_POINT ( 'NONE',  ( 0.5032151781250000511, 4.278124999385482852, -0.8715942556523226248 ) ) ;
#2364 = DIRECTION ( 'NONE',  ( 0.000000000000000000, 0.000000000000000000, -1.000000000000000000 ) ) ;
#2365 = CARTESIAN_POINT ( 'NONE',  ( -1.006430356249999658, 4.728124999385483029, -0.5810628371015486016 ) ) ;
#2366 = ADVANCED_FACE ( 'NONE', ( #2404 ), #3001, .F. ) ;
#2367 = CARTESIAN_POINT ( 'NONE',  ( 2.817957636530729931E-15, 2.037499999999999645, 1.249999999999999778 ) ) ;
#2368 = CARTESIAN_POINT ( 'NONE',  ( -0.6499999999999999112, 5.099999999999999645, -0.3752776749732549266 ) ) ;
#2369 = EDGE_CURVE ( 'NONE', #1758, #2519, #590, .T. ) ;
#2370 = ORIENTED_EDGE ( 'NONE', *, *, #1375, .F. ) ;
#2371 = CARTESIAN_POINT ( 'NONE',  ( -1.249999999999999778, 5.468749998770965348, -1.530808498934191324E-16 ) ) ;
#2372 = DIRECTION ( 'NONE',  ( -0.6546536707079791961, 0.6546536707079754214, -0.3779644730092266425 ) ) ;
#2373 = CARTESIAN_POINT ( 'NONE',  ( 1.006430356249999436, 3.715624999385482408, 0.5810628371015487126 ) ) ;
#2374 = CARTESIAN_POINT ( 'NONE',  ( -1.249999999999999778, 2.824999999999999734, -1.530808498934191324E-16 ) ) ;
#2375 = PRODUCT_CONTEXT ( 'NONE', #1361, 'mechanical' ) ;
#2376 = CARTESIAN_POINT ( 'NONE',  ( 0.5032151781250000511, 1.915624999385482585, -0.8715942556523226248 ) ) ;
#2377 = DIRECTION ( 'NONE',  ( 0.000000000000000000, 0.000000000000000000, -1.000000000000000000 ) ) ;
#2378 = CARTESIAN_POINT ( 'NONE',  ( 0.7499999999999996669, 5.200000000000000178, -0.4330127018922195758 ) ) ;
#2379 = CARTESIAN_POINT ( 'NONE',  ( 1.006430356249999880, 3.190624999385482941, 0.000000000000000000 ) ) ;
#2380 = FACE_OUTER_BOUND ( 'NONE', #611, .T. ) ;
#2381 =( BOUNDED_CURVE ( )  B_SPLINE_CURVE ( 2, ( #1524, #1332, #314, #2490, #2946, #2719, #2522, #528, #2993 ),
 .UNSPECIFIED., .F., .F. ) 
 B_SPLINE_CURVE_WITH_KNOTS ( ( 3, 2, 2, 2, 3 ),
 ( 0.7166666666666666741, 0.7222222222222222099, 0.7333333333333332815, 0.7444444444444444642, 0.7500000000000000000 ),
 .UNSPECIFIED. ) 
 CURVE ( )  GEOMETRIC_REPRESENTATION_ITEM ( )  RATIONAL_B_SPLINE_CURVE ( ( 0.9330127018922194093, 0.9330127018922194093, 1.000000000000000000, 0.8660254037844387076, 1.000000000000000000, 0.8660254037844387076, 1.000000000000000000, 0.9330127018922194093, 0.9330127018922194093 ) ) 
 REPRESENTATION_ITEM ( '' )  );
#2382 = CARTESIAN_POINT ( 'NONE',  ( -1.250000000000000000, 0.5562499987709658145, 0.7216878364870316087 ) ) ;
#2383 = DIRECTION ( 'NONE',  ( -0.000000000000000000, -1.000000000000000000, -0.000000000000000000 ) ) ;
#2384 = CARTESIAN_POINT ( 'NONE',  ( 2.817957636530729931E-15, 1.137499999999999956, 1.249999999999999778 ) ) ;
#2385 = ORIENTED_EDGE ( 'NONE', *, *, #2750, .F. ) ;
#2386 = CARTESIAN_POINT ( 'NONE',  ( -0.6250000000000004441, 4.643749998770965171, 1.082531754730547968 ) ) ;
#2387 = CARTESIAN_POINT ( 'NONE',  ( 0.2935421954858307703, 4.450000000000000178, 0.9626707856016304410 ) ) ;
#2388 = CARTESIAN_POINT ( 'NONE',  ( -0.5357142857142844772, 4.985714285714284877, -0.3092947870658688814 ) ) ;
#2389 = CARTESIAN_POINT ( 'NONE',  ( -1.249999999999999778, 2.337499999999999911, -0.7216878364870323859 ) ) ;
#2390 = FACE_OUTER_BOUND ( 'NONE', #666, .T. ) ;
#2391 = CARTESIAN_POINT ( 'NONE',  ( -0.1525525153950259838, 0.2362354289763645698, 1.236235428976355077 ) ) ;
#2392 = CARTESIAN_POINT ( 'NONE',  ( -0.6249999999999995559, 0.4437499987709657701, -1.082531754730548412 ) ) ;
#2393 = CARTESIAN_POINT ( 'NONE',  ( 0.000000000000000000, 4.450000000000000178, 0.000000000000000000 ) ) ;
#2394 = CARTESIAN_POINT ( 'NONE',  ( 1.006430356249999880, 5.028124999385481964, -0.5810628371015482685 ) ) ;
#2395 = CARTESIAN_POINT ( 'NONE',  ( -1.249999999999999778, 3.668749998770965082, -1.530808498934191324E-16 ) ) ;
#2396 = DIRECTION ( 'NONE',  ( 0.000000000000000000, 0.000000000000000000, 1.000000000000000000 ) ) ;
#2397 = CARTESIAN_POINT ( 'NONE',  ( 1.006430356249999658, 1.953124999385482674, 0.000000000000000000 ) ) ;
#2398 = CARTESIAN_POINT ( 'NONE',  ( 8.838126989374222236E-17, 4.906249998770964460, -1.443375672974064106 ) ) ;
#2399 = CARTESIAN_POINT ( 'NONE',  ( 0.000000000000000000, 4.467157287525381548, 0.000000000000000000 ) ) ;
#2400 = CARTESIAN_POINT ( 'NONE',  ( 0.5032151781249999400, 3.828124999385481786, -0.8715942556523224027 ) ) ;
#2401 = CARTESIAN_POINT ( 'NONE',  ( 0.6249999999999990008, 4.774999999999999467, 1.082531754730548634 ) ) ;
#2402 = ORIENTED_EDGE ( 'NONE', *, *, #944, .F. ) ;
#2403 = VECTOR ( 'NONE', #1577, 1000.000000000000000 ) ;
#2404 = FACE_OUTER_BOUND ( 'NONE', #1354, .T. ) ;
#2405 = ADVANCED_FACE ( 'NONE', ( #2390 ), #176, .T. ) ;
#2406 = CARTESIAN_POINT ( 'NONE',  ( -5.421010862427522170E-16, 5.685714285714285943, 0.6185895741317420926 ) ) ;
#2407 = EDGE_CURVE ( 'NONE', #2800, #2519, #896, .T. ) ;
#2408 = CIRCLE ( 'NONE', #1022, 0.09999999999999982514 ) ;
#2409 = CARTESIAN_POINT ( 'NONE',  ( 0.000000000000000000, 0.2600000000000000089, 1.260000000000000009 ) ) ;
#2410 = CARTESIAN_POINT ( 'NONE',  ( 3.195622062045156678E-16, 0.08733575058189312068, 1.087335750581891913 ) ) ;
#2411 = CARTESIAN_POINT ( 'NONE',  ( -0.6249999999999995559, 2.693749998770965437, -1.082531754730548412 ) ) ;
#2412 = CARTESIAN_POINT ( 'NONE',  ( -1.250000000000000000, 1.906249998770965792, 0.7216878364870316087 ) ) ;
#2413 = CARTESIAN_POINT ( 'NONE',  ( 1.249999999999999334, 3.462499999999999467, 0.7216878364870328300 ) ) ;
#2414 = CARTESIAN_POINT ( 'NONE',  ( -0.5032151781250002731, 0.4531249993854828406, 0.8715942556523222917 ) ) ;
#2415 = ORIENTED_EDGE ( 'NONE', *, *, #1895, .T. ) ;
#2416 = EDGE_CURVE ( 'NONE', #1712, #1416, #1054, .T. ) ;
#2417 = CARTESIAN_POINT ( 'NONE',  ( 1.006430356249999880, 2.440624999385483385, -0.5810628371015482685 ) ) ;
#2418 = CARTESIAN_POINT ( 'NONE',  ( 1.249999999999999334, 2.956249998770965615, 0.7216878364870328300 ) ) ;
#2419 = CARTESIAN_POINT ( 'NONE',  ( 1.006430356249999658, 4.653124999385481964, 0.000000000000000000 ) ) ;
#2420 = CARTESIAN_POINT ( 'NONE',  ( -1.249999999999999778, 4.137500000000000178, -0.7216878364870323859 ) ) ;
#2421 = EDGE_LOOP ( 'NONE', ( #1875, #2919, #342, #2345, #48, #2163, #1272 ) ) ;
#2422 = CARTESIAN_POINT ( 'NONE',  ( -0.5032151781250003841, 3.940624999385482496, 0.8715942556523225138 ) ) ;
#2423 = DIRECTION ( 'NONE',  ( 1.000000000000000000, -0.000000000000000000, 1.224646799147353207E-16 ) ) ;
#2424 = FACE_OUTER_BOUND ( 'NONE', #1008, .T. ) ;
#2425 = FACE_OUTER_BOUND ( 'NONE', #2072, .T. ) ;
#2426 = CARTESIAN_POINT ( 'NONE',  ( 2.817957636530729931E-15, 1.981249998770966192, 1.249999999999999778 ) ) ;
#2427 = PRESENTATION_STYLE_ASSIGNMENT (( #21 ) ) ;
#2428 = CARTESIAN_POINT ( 'NONE',  ( 1.006430356249999658, -0.2968750006145170484, 0.000000000000000000 ) ) ;
#2429 = VERTEX_POINT ( 'NONE', #687 ) ;
#2430 = CARTESIAN_POINT ( 'NONE',  ( 1.006430356249999658, 1.465624999385482630, 0.5810628371015489346 ) ) ;
#2431 = CARTESIAN_POINT ( 'NONE',  ( -1.006430356250000102, 0.4156249993854829183, 0.5810628371015480464 ) ) ;
#2432 = CARTESIAN_POINT ( 'NONE',  ( -1.006430356249999658, 5.290624999385483029, -0.5810628371015484905 ) ) ;
#2433 = ORIENTED_EDGE ( 'NONE', *, *, #1298, .F. ) ;
#2434 = CARTESIAN_POINT ( 'NONE',  ( 0.6249999999999990008, 1.568749998770965659, 1.082531754730548634 ) ) ;
#2435 = CARTESIAN_POINT ( 'NONE',  ( 0.6793006981136890943, 0.006430356250002228907, 0.7650846607189489834 ) ) ;
#2436 = CARTESIAN_POINT ( 'NONE',  ( -0.5032151781249998290, 5.140624999385482674, -0.8715942556523227358 ) ) ;
#2437 = DIRECTION ( 'NONE',  ( -0.000000000000000000, 1.000000000000000000, -0.000000000000000000 ) ) ;
#2438 = CARTESIAN_POINT ( 'NONE',  ( 0.7369120779132585231, 0.1971022433378767369, 0.9622163576495152970 ) ) ;
#2439 = LINE ( 'NONE', #931, #1704 ) ;
#2440 = ORIENTED_EDGE ( 'NONE', *, *, #170, .F. ) ;
#2441 = DIRECTION ( 'NONE',  ( 0.000000000000000000, 1.000000000000000000, 0.000000000000000000 ) ) ;
#2442 = CARTESIAN_POINT ( 'NONE',  ( -1.250000000000000000, 1.456249998770965393, 0.7216878364870316087 ) ) ;
#2443 = CARTESIAN_POINT ( 'NONE',  ( 0.5032151781249999400, 1.578124999385482674, -0.8715942556523224027 ) ) ;
#2444 = CARTESIAN_POINT ( 'NONE',  ( 0.5032151781250000511, 2.028124999385482408, -0.8715942556523226248 ) ) ;
#2445 = CARTESIAN_POINT ( 'NONE',  ( -1.006430356249999658, 4.428124999385482319, -1.232521714346292558E-16 ) ) ;
#2446 = ORIENTED_EDGE ( 'NONE', *, *, #1288, .T. ) ;
#2447 = EDGE_LOOP ( 'NONE', ( #1250, #646, #2294, #2909 ) ) ;
#2448 = CARTESIAN_POINT ( 'NONE',  ( 0.6250000000000000000, 0.3687499987709658145, -1.082531754730548190 ) ) ;
#2449 = CARTESIAN_POINT ( 'NONE',  ( 0.5032151781249993849, 0.8656249993854827629, 0.8715942556523230689 ) ) ;
#2450 = CARTESIAN_POINT ( 'NONE',  ( -2.134790230679673516E-16, 4.428124999385482319, 1.162125674203096759 ) ) ;
#2451 = DIRECTION ( 'NONE',  ( 0.000000000000000000, 0.000000000000000000, -1.000000000000000000 ) ) ;
#2452 = EDGE_CURVE ( 'NONE', #2333, #730, #1686, .T. ) ;
#2453 = AXIS2_PLACEMENT_3D ( 'NONE', #1152, #117, #1381 ) ;
#2454 = ORIENTED_EDGE ( 'NONE', *, *, #398, .F. ) ;
#2455 = VECTOR ( 'NONE', #2044, 1000.000000000000000 ) ;
#2456 =( BOUNDED_CURVE ( )  B_SPLINE_CURVE ( 2, ( #644, #2156, #3071, #886, #694, #430, #1642, #3103, #933 ),
 .UNSPECIFIED., .F., .T. ) 
 B_SPLINE_CURVE_WITH_KNOTS ( ( 3, 2, 2, 2, 3 ),
 ( 0.4166666666666666852, 0.4222222222222222210, 0.4333333333333333481, 0.4444444444444444198, 0.4500000000000000111 ),
 .UNSPECIFIED. ) 
 CURVE ( )  GEOMETRIC_REPRESENTATION_ITEM ( )  RATIONAL_B_SPLINE_CURVE ( ( 0.9330127018922192983, 0.9330127018922196314, 1.000000000000000000, 0.8660254037844387076, 1.000000000000000000, 0.8660254037844387076, 1.000000000000000000, 0.9330127018922189652, 0.9330127018922192983 ) ) 
 REPRESENTATION_ITEM ( '' )  );
#2457 = CARTESIAN_POINT ( 'NONE',  ( -0.7500000000000000000, 5.900000000000000355, 0.4330127018922193538 ) ) ;
#2458 = CARTESIAN_POINT ( 'NONE',  ( 0.3349364905389042857, 2.451346188203300080, 1.249999999999999556 ) ) ;
#2459 = CARTESIAN_POINT ( 'NONE',  ( -0.5032151781250002731, 1.803124999385482763, 0.8715942556523222917 ) ) ;
#2460 = TOROIDAL_SURFACE ( 'NONE', #2949, 2.458578643762694416, 0.1000000000000000056 ) ;
#2461 = CARTESIAN_POINT ( 'NONE',  ( -1.006430356250000324, 1.765624999385482896, 0.5810628371015480464 ) ) ;
#2462 = CYLINDRICAL_SURFACE ( 'NONE', #412, 1.249999999999999778 ) ;
#2463 = CARTESIAN_POINT ( 'NONE',  ( -0.5032151781250003841, -0.5593750006145170595, 0.8715942556523225138 ) ) ;
#2464 = CARTESIAN_POINT ( 'NONE',  ( -0.6249999999999995559, 0.4437499987709657701, -1.082531754730548412 ) ) ;
#2465 = CARTESIAN_POINT ( 'NONE',  ( 0.8077498687417777878, 0.006430356250002295694, 0.6281142971141954190 ) ) ;
#2466 = CARTESIAN_POINT ( 'NONE',  ( -1.006430356249999880, 5.215624999385482852, -1.232521714346292805E-16 ) ) ;
#2467 = CARTESIAN_POINT ( 'NONE',  ( 0.3349364905389033975, 2.242403810567665357, -1.249999999999999556 ) ) ;
#2468 = VERTEX_POINT ( 'NONE', #2628 ) ;
#2469 = CARTESIAN_POINT ( 'NONE',  ( 8.838126989374222236E-17, 4.962499999999998579, -1.443375672974064106 ) ) ;
#2470 = CARTESIAN_POINT ( 'NONE',  ( 0.5032151781249993849, 2.328124999385482230, 0.8715942556523230689 ) ) ;
#2471 = CARTESIAN_POINT ( 'NONE',  ( -1.006430356249999658, 1.240624999385482541, -0.5810628371015487126 ) ) ;
#2472 = CARTESIAN_POINT ( 'NONE',  ( 1.006430356249999658, 5.103124999385482141, 0.000000000000000000 ) ) ;
#2473 = EDGE_LOOP ( 'NONE', ( #1777, #1198, #2113, #2264 ) ) ;
#2474 = CARTESIAN_POINT ( 'NONE',  ( 8.838126989374222236E-17, 1.306249998770965703, -1.443375672974064106 ) ) ;
#2475 = DIRECTION ( 'NONE',  ( 0.8660254037844387076, 0.000000000000000000, 0.4999999999999998890 ) ) ;
#2476 = CARTESIAN_POINT ( 'NONE',  ( -1.006430356250000324, 3.903124999385482408, 0.5810628371015480464 ) ) ;
#2477 = CARTESIAN_POINT ( 'NONE',  ( -1.249999999999999778, 0.5749999999999997335, -1.530808498934191324E-16 ) ) ;
#2478 = LINE ( 'NONE', #1287, #1133 ) ;
#2479 = ORIENTED_EDGE ( 'NONE', *, *, #1146, .T. ) ;
#2480 = CARTESIAN_POINT ( 'NONE',  ( 1.006430356249999658, 2.440624999385483385, -0.5810628371015482685 ) ) ;
#2481 = CARTESIAN_POINT ( 'NONE',  ( -0.5032151781249998290, 3.903124999385482408, -0.8715942556523227358 ) ) ;
#2482 = CARTESIAN_POINT ( 'NONE',  ( 7.115967435598912132E-17, 0.2656249993854828961, -1.162125674203096759 ) ) ;
#2483 = DIRECTION ( 'NONE',  ( 0.000000000000000000, 0.000000000000000000, 1.000000000000000000 ) ) ;
#2484 = CARTESIAN_POINT ( 'NONE',  ( -0.5032151781250003841, 0.7906249993854828073, 0.8715942556523225138 ) ) ;
#2485 = CARTESIAN_POINT ( 'NONE',  ( -1.250000000000000000, 1.906249998770965792, 0.7216878364870314977 ) ) ;
#2486 = CARTESIAN_POINT ( 'NONE',  ( 1.006430356249999880, 0.04062499938548295997, 0.000000000000000000 ) ) ;
#2487 = ORIENTED_EDGE ( 'NONE', *, *, #1146, .F. ) ;
#2488 = PRODUCT ( 'Screw_ISO_10642_M2x6_A2', 'Screw_ISO_10642_M2x6_A2', '', ( #2375 ) ) ;
#2489 = EDGE_CURVE ( 'NONE', #3111, #985, #2273, .T. ) ;
#2490 = CARTESIAN_POINT ( 'NONE',  ( 1.249999999999999334, 3.912499999999999645, 0.7216878364870328300 ) ) ;
#2491 = CARTESIAN_POINT ( 'NONE',  ( 0.6250000000000000000, 0.3687499987709658145, -1.082531754730548190 ) ) ;
#2492 = ADVANCED_FACE ( 'NONE', ( #1454 ), #2061, .T. ) ;
#2493 = ORIENTED_EDGE ( 'NONE', *, *, #170, .T. ) ;
#2494 = AXIS2_PLACEMENT_3D ( 'NONE', #2990, #1852, #3019 ) ;
#2495 = CARTESIAN_POINT ( 'NONE',  ( -3.137519842735245599E-15, 2.206249998770966059, -1.249999999999999778 ) ) ;
#2496 = CARTESIAN_POINT ( 'NONE',  ( -3.137519842735245599E-15, 2.206249998770966059, -1.249999999999999778 ) ) ;
#2497 = VECTOR ( 'NONE', #703, 999.9999999999998863 ) ;
#2498 = CARTESIAN_POINT ( 'NONE',  ( 0.5032151781249993849, 5.028124999385482852, 0.8715942556523230689 ) ) ;
#2499 = CARTESIAN_POINT ( 'NONE',  ( 0.5032151781250000511, 2.478124999385482141, -0.8715942556523226248 ) ) ;
#2500 = PLANE ( 'NONE',  #1703 ) ;
#2501 = AXIS2_PLACEMENT_3D ( 'NONE', #2349, #2617, #150 ) ;
#2502 = CARTESIAN_POINT ( 'NONE',  ( -1.006430356249999880, 1.165624999385482807, -1.232521714346292805E-16 ) ) ;
#2503 = ORIENTED_EDGE ( 'NONE', *, *, #1235, .F. ) ;
#2504 = ADVANCED_FACE ( 'NONE', ( #1406 ), #2668, .T. ) ;
#2505 = CARTESIAN_POINT ( 'NONE',  ( -1.249999999999999778, 2.281249998770965792, -0.7216878364870323859 ) ) ;
#2506 = CARTESIAN_POINT ( 'NONE',  ( 7.115967435598912132E-17, 2.403124999385482852, -1.162125674203096759 ) ) ;
#2507 = ORIENTED_EDGE ( 'NONE', *, *, #33, .T. ) ;
#2508 = CARTESIAN_POINT ( 'NONE',  ( 7.115967435598910900E-17, 5.553124999385482319, -1.162125674203096759 ) ) ;
#2509 = CARTESIAN_POINT ( 'NONE',  ( 0.6250000000000000000, 0.8749999999999998890, -1.082531754730548190 ) ) ;
#2510 = CARTESIAN_POINT ( 'NONE',  ( 1.006430356249999880, 0.04062499938548295997, 0.000000000000000000 ) ) ;
#2511 = CARTESIAN_POINT ( 'NONE',  ( 1.743066579297358255E-16, 3.162499999999999645, -1.249999999999999556 ) ) ;
#2512 = ORIENTED_EDGE ( 'NONE', *, *, #461, .F. ) ;
#2513 = CARTESIAN_POINT ( 'NONE',  ( -2.134790230679673516E-16, 3.190624999385482941, 1.162125674203096759 ) ) ;
#2514 = CARTESIAN_POINT ( 'NONE',  ( 0.5032151781249993849, 1.428124999385482763, 0.8715942556523230689 ) ) ;
#2515 = CARTESIAN_POINT ( 'NONE',  ( 6.245988575815533685E-15, 2.487500000000000266, 1.249999999999999778 ) ) ;
#2516 = CARTESIAN_POINT ( 'NONE',  ( 1.006430356249999880, 0.4906249993854828184, 0.000000000000000000 ) ) ;
#2517 = CARTESIAN_POINT ( 'NONE',  ( -1.249999999999999778, 2.731249998770965526, -0.7216878364870323859 ) ) ;
#2518 = CARTESIAN_POINT ( 'NONE',  ( 1.006430356249999880, 3.190624999385482941, 0.000000000000000000 ) ) ;
#2519 = VERTEX_POINT ( 'NONE', #2359 ) ;
#2520 = CARTESIAN_POINT ( 'NONE',  ( 0.3349364905389019542, 2.186153809338631238, -1.250000000000000666 ) ) ;
#2521 = CARTESIAN_POINT ( 'NONE',  ( 1.250000000000000000, -0.5124999999999999556, -0.7216878364870319418 ) ) ;
#2522 = CARTESIAN_POINT ( 'NONE',  ( 0.6250000000000000000, 4.025000000000000355, -1.082531754730548190 ) ) ;
#2523 = LINE ( 'NONE', #2994, #2054 ) ;
#2524 = ORIENTED_EDGE ( 'NONE', *, *, #470, .T. ) ;
#2525 = CARTESIAN_POINT ( 'NONE',  ( -0.7500000000000001110, 5.900000000000000355, -0.4330127018922193538 ) ) ;
#2526 = DIRECTION ( 'NONE',  ( 0.4999999999999996669, 0.000000000000000000, 0.8660254037844388186 ) ) ;
#2527 = CARTESIAN_POINT ( 'NONE',  ( -1.006430356249999658, 3.490624999385482763, -0.5810628371015487126 ) ) ;
#2528 = CARTESIAN_POINT ( 'NONE',  ( -0.6249999999999995559, 2.750000000000000000, -1.082531754730548412 ) ) ;
#2529 = EDGE_CURVE ( 'NONE', #2937, #1712, #1163, .T. ) ;
#2530 = CARTESIAN_POINT ( 'NONE',  ( -2.134790230679673516E-16, 2.178124999385482763, 1.162125674203096759 ) ) ;
#2531 = CARTESIAN_POINT ( 'NONE',  ( 0.6250000000000000000, 2.168749998770965526, -1.082531754730548190 ) ) ;
#2532 = CARTESIAN_POINT ( 'NONE',  ( 1.006430356249999880, 3.228124999385483473, -0.5810628371015482685 ) ) ;
#2533 = ORIENTED_EDGE ( 'NONE', *, *, #1409, .T. ) ;
#2534 = FILL_AREA_STYLE ('',( #1080 ) ) ;
#2535 = CARTESIAN_POINT ( 'NONE',  ( 8.838126989374222236E-17, -0.8875000000000000666, -1.443375672974064106 ) ) ;
#2536 = CARTESIAN_POINT ( 'NONE',  ( -0.1528851086945866022, 0.1060429948662088978, -1.106042994866206719 ) ) ;
#2537 = PLANE ( 'NONE',  #2361 ) ;
#2538 = ORIENTED_EDGE ( 'NONE', *, *, #1204, .F. ) ;
#2539 = EDGE_CURVE ( 'NONE', #1416, #394, #321, .T. ) ;
#2540 = CARTESIAN_POINT ( 'NONE',  ( 4.228388472693467293E-15, 4.985714285714284877, 0.6185895741317397611 ) ) ;
#2541 = CARTESIAN_POINT ( 'NONE',  ( -3.295775504228300077E-16, 5.200000000000000178, 0.8660254037844385966 ) ) ;
#2542 = VECTOR ( 'NONE', #881, 1000.000000000000000 ) ;
#2543 = CARTESIAN_POINT ( 'NONE',  ( -1.006430356249999880, 3.528124999385481964, -1.232521714346292805E-16 ) ) ;
#2544 = DIRECTION ( 'NONE',  ( -0.8660254037844388186, 0.000000000000000000, 0.4999999999999996669 ) ) ;
#2545 = CARTESIAN_POINT ( 'NONE',  ( 7.115967435598910900E-17, 0.6031249993854828073, -1.162125674203096759 ) ) ;
#2546 = ORIENTED_EDGE ( 'NONE', *, *, #320, .T. ) ;
#2547 = AXIS2_PLACEMENT_3D ( 'NONE', #640, #1655, #2347 ) ;
#2548 = CARTESIAN_POINT ( 'NONE',  ( 0.6250000000000000000, 3.968749998770964904, -1.082531754730548190 ) ) ;
#2549 = CARTESIAN_POINT ( 'NONE',  ( 0.5032151781250000511, 2.815624999385482941, -0.8715942556523226248 ) ) ;
#2550 = ORIENTED_EDGE ( 'NONE', *, *, #31, .T. ) ;
#2551 = CARTESIAN_POINT ( 'NONE',  ( 0.6249999999999990008, 2.974999999999999201, 1.082531754730548634 ) ) ;
#2552 = CARTESIAN_POINT ( 'NONE',  ( -0.5032151781249998290, 1.090624999385482852, -0.8715942556523227358 ) ) ;
#2553 = CARTESIAN_POINT ( 'NONE',  ( 0.6250000000000000000, 1.774999999999999689, -1.082531754730548190 ) ) ;
#2554 = ORIENTED_EDGE ( 'NONE', *, *, #932, .T. ) ;
#2555 = CARTESIAN_POINT ( 'NONE',  ( 1.530808498934191324E-16, 4.450000000000000178, 1.249999999999999778 ) ) ;
#2556 = CARTESIAN_POINT ( 'NONE',  ( -0.5032151781249998290, 4.240624999385482319, -0.8715942556523227358 ) ) ;
#2557 = CARTESIAN_POINT ( 'NONE',  ( -1.006430356249999880, 2.178124999385482319, -1.232521714346292805E-16 ) ) ;
#2558 = CARTESIAN_POINT ( 'NONE',  ( -0.5032151781249998290, 2.890624999385482674, -0.8715942556523227358 ) ) ;
#2559 = CARTESIAN_POINT ( 'NONE',  ( -1.249999999999999778, 2.768749998770965171, -1.530808498934191324E-16 ) ) ;
#2560 = CARTESIAN_POINT ( 'NONE',  ( -0.5032151781249998290, 1.990624999385482763, -0.8715942556523227358 ) ) ;
#2561 = CARTESIAN_POINT ( 'NONE',  ( 6.245988575815533685E-15, 3.331249998770965171, 1.249999999999999778 ) ) ;
#2562 = CARTESIAN_POINT ( 'NONE',  ( 0.000000000000000000, 4.450000000000000178, 0.000000000000000000 ) ) ;
#2563 = CARTESIAN_POINT ( 'NONE',  ( 0.6249999999999990008, 1.624999999999999778, 1.082531754730548634 ) ) ;
#2564 =( BOUNDED_CURVE ( )  B_SPLINE_CURVE ( 2, ( #3117, #965, #2411, #2633, #710, #1443, #1237, #1206, #949 ),
 .UNSPECIFIED., .F., .T. ) 
 B_SPLINE_CURVE_WITH_KNOTS ( ( 3, 2, 2, 2, 3 ),
 ( 0.4833333333333333370, 0.4888888888888888729, 0.5000000000000000000, 0.5111111111111110716, 0.5166666666666667185 ),
 .UNSPECIFIED. ) 
 CURVE ( )  GEOMETRIC_REPRESENTATION_ITEM ( )  RATIONAL_B_SPLINE_CURVE ( ( 0.9330127018922194093, 0.9330127018922194093, 1.000000000000000000, 0.8660254037844387076, 1.000000000000000000, 0.8660254037844387076, 1.000000000000000000, 0.9330127018922187432, 0.9330127018922194093 ) ) 
 REPRESENTATION_ITEM ( '' )  );
#2565 = CYLINDRICAL_SURFACE ( 'NONE', #1857, 1.249999999999999778 ) ;
#2566 = DIRECTION ( 'NONE',  ( 0.000000000000000000, -0.6546536707079740891, -0.7559289460184570597 ) ) ;
#2567 = VERTEX_POINT ( 'NONE', #1024 ) ;
#2568 = CARTESIAN_POINT ( 'NONE',  ( -1.006430356250000324, 2.665624999385482585, 0.5810628371015480464 ) ) ;
#2569 = DIRECTION ( 'NONE',  ( 5.089751338750813590E-15, 0.6546536707079755324, 0.7559289460184558385 ) ) ;
#2570 = CARTESIAN_POINT ( 'NONE',  ( -2.134790230679673516E-16, 4.428124999385482319, 1.162125674203096759 ) ) ;
#2571 = CARTESIAN_POINT ( 'NONE',  ( -1.006430356249999658, 3.940624999385482941, -0.5810628371015487126 ) ) ;
#2572 = CARTESIAN_POINT ( 'NONE',  ( -4.938688641342514686E-16, 3.781249998770965348, 1.249999999999999778 ) ) ;
#2573 = CARTESIAN_POINT ( 'NONE',  ( 1.006430356249999880, -0.2593750006145170706, -0.5810628371015482685 ) ) ;
#2574 = CARTESIAN_POINT ( 'NONE',  ( 1.006430356249999658, 3.603124999385482585, 0.5810628371015489346 ) ) ;
#2575 = CARTESIAN_POINT ( 'NONE',  ( 1.530808498934191324E-16, 4.450000000000000178, 1.249999999999999778 ) ) ;
#2576 = CARTESIAN_POINT ( 'NONE',  ( -0.6249999999999995559, 1.399999999999999689, -1.082531754730548412 ) ) ;
#2577 = CARTESIAN_POINT ( 'NONE',  ( -1.006430356250000324, 1.653124999385482852, 0.5810628371015480464 ) ) ;
#2578 = DIRECTION ( 'NONE',  ( 0.000000000000000000, 0.000000000000000000, -1.000000000000000000 ) ) ;
#2579 = EDGE_LOOP ( 'NONE', ( #1368, #2832, #2942, #1477 ) ) ;
#2580 = FACE_OUTER_BOUND ( 'NONE', #2790, .T. ) ;
#2581 =( BOUNDED_CURVE ( )  B_SPLINE_CURVE ( 2, ( #261, #781, #2712, #502, #1988, #1294, #1532, #2482, #1514, #24, #2225, #2431, #287, #2929, #1227, #2252, #1261, #1483, #2191, #1769, #2940, #974, #735, #1726, #2680, #764, #486, #1754, #1247, #9, #1972, #991, #1499, #2471, #825, #1798, #2808, #1589, #2514, #3024, #853, #2322, #2776, #2999, #101, #1844, #2067, #2079, #1310, #2984, #809, #612, #337, #1610, #795, #566, #2336, #2759, #2557, #1093, #1349, #1559, #2032, #2016, #1781, #1324, #2499, #116, #2794, #323, #2288, #3013, #371, #86, #303, #1543, #579, #1816, #1362, #2972, #1038, #1073, #2741, #841, #1106, #547, #594, #2269, #1830, #70, #1056, #2048, #1576, #2527, #2543, #1339, #2304, #351, #2603, #1677, #680, #167, #2826, #1874, #198, #2571, #447, #384, #1864, #1187, #874, #3058, #1919, #1903, #1413, #1629, #1380, #627, #184, #1169, #2880 ),
 .UNSPECIFIED., .F., .T. ) 
 B_SPLINE_CURVE_WITH_KNOTS ( ( 3, 2, 2, 2, 2, 2, 2, 2, 2, 2, 2, 2, 2, 2, 2, 2, 2, 2, 2, 2, 2, 2, 2, 2, 2, 2, 2, 2, 2, 2, 2, 2, 2, 2, 2, 2, 2, 2, 2, 2, 2, 2, 2, 2, 2, 2, 2, 2, 2, 2, 2, 2, 2, 2, 2, 2, 2, 2, 2, 2, 3 ),
 ( 0.1116650973789114210, 0.1222222222222222182, 0.1333333333333333315, 0.1444444444444444309, 0.1555555555555555580, 0.1666666666666666574, 0.1777777777777777846, 0.1888888888888888840, 0.2000000000000000111, 0.2111111111111110827, 0.2222222222222222099, 0.2333333333333333370, 0.2444444444444444364, 0.2555555555555555358, 0.2666666666666666630, 0.2777777777777777901, 0.2888888888888888618, 0.2999999999999999889, 0.3111111111111111160, 0.3222222222222222432, 0.3333333333333333148, 0.3444444444444444420, 0.3555555555555555691, 0.3666666666666665853, 0.3777777777777777679, 0.3888888888888888395, 0.4000000000000000222, 0.4111111111111110938, 0.4222222222222221655, 0.4333333333333333481, 0.4444444444444444198, 0.4555555555555554914, 0.4666666666666666741, 0.4777777777777777457, 0.4888888888888888173, 0.5000000000000000000, 0.5111111111111110716, 0.5222222222222222543, 0.5333333333333333259, 0.5444444444444443976, 0.5555555555555555802, 0.5666666666666667629, 0.5777777777777778345, 0.5888888888888889062, 0.5999999999999999778, 0.6111111111111112715, 0.6222222222222222321, 0.6333333333333333037, 0.6444444444444444864, 0.6555555555555555580, 0.6666666666666666297, 0.6777777777777778123, 0.6888888888888888840, 0.6999999999999999556, 0.7111111111111111382, 0.7222222222222222099, 0.7333333333333332815, 0.7444444444444444642, 0.7555555555555555358, 0.7666666666666667185, 0.7700385130834559444 ),
 .UNSPECIFIED. ) 
 CURVE ( )  GEOMETRIC_REPRESENTATION_ITEM ( )  RATIONAL_B_SPLINE_CURVE ( ( 0.9873064783447828008, 0.8727052115728148873, 1.000000000000000000, 0.8660254037844387076, 1.000000000000000000, 0.8660254037844387076, 1.000000000000000000, 0.8660254037844387076, 1.000000000000000000, 0.8660254037844387076, 1.000000000000000000, 0.8660254037844387076, 1.000000000000000000, 0.8660254037844387076, 1.000000000000000000, 0.8660254037844387076, 1.000000000000000000, 0.8660254037844387076, 1.000000000000000000, 0.8660254037844387076, 1.000000000000000000, 0.8660254037844387076, 1.000000000000000000, 0.8660254037844387076, 1.000000000000000000, 0.8660254037844387076, 1.000000000000000000, 0.8660254037844387076, 1.000000000000000000, 0.8660254037844387076, 1.000000000000000000, 0.8660254037844387076, 1.000000000000000000, 0.8660254037844387076, 1.000000000000000000, 0.8660254037844387076, 1.000000000000000000, 0.8660254037844387076, 1.000000000000000000, 0.8660254037844387076, 1.000000000000000000, 0.8660254037844387076, 1.000000000000000000, 0.8660254037844387076, 1.000000000000000000, 0.8660254037844387076, 1.000000000000000000, 0.8660254037844387076, 1.000000000000000000, 0.8660254037844387076, 1.000000000000000000, 0.8660254037844387076, 1.000000000000000000, 0.8660254037844387076, 1.000000000000000000, 0.8660254037844387076, 1.000000000000000000, 0.8660254037844387076, 1.000000000000000000, 0.8660254037844387076, 1.000000000000000000, 0.8660254037844387076, 1.000000000000000000, 0.8660254037844387076, 1.000000000000000000, 0.8660254037844387076, 1.000000000000000000, 0.8660254037844387076, 1.000000000000000000, 0.8660254037844387076, 1.000000000000000000, 0.8660254037844387076, 1.000000000000000000, 0.8660254037844387076, 1.000000000000000000, 0.8660254037844387076, 1.000000000000000000, 0.8660254037844387076, 1.000000000000000000, 0.8660254037844387076, 1.000000000000000000, 0.8660254037844387076, 1.000000000000000000, 0.8660254037844387076, 1.000000000000000000, 0.8660254037844387076, 1.000000000000000000, 0.8660254037844387076, 1.000000000000000000, 0.8660254037844387076, 1.000000000000000000, 0.8660254037844387076, 1.000000000000000000, 0.8660254037844387076, 1.000000000000000000, 0.8660254037844387076, 1.000000000000000000, 0.8660254037844387076, 1.000000000000000000, 0.8660254037844387076, 1.000000000000000000, 0.8660254037844387076, 1.000000000000000000, 0.8660254037844387076, 1.000000000000000000, 0.8660254037844387076, 1.000000000000000000, 0.8660254037844387076, 1.000000000000000000, 0.8660254037844387076, 1.000000000000000000, 0.8660254037844387076, 1.000000000000000000, 0.8660254037844387076, 1.000000000000000000, 0.8660254037844387076, 1.000000000000000000, 0.8660254037844387076, 1.000000000000000000, 0.9593432414028797428, 0.9433623850486730911 ) ) 
 REPRESENTATION_ITEM ( '' )  );
#2582 = EDGE_CURVE ( 'NONE', #783, #994, #3144, .T. ) ;
#2583 = CARTESIAN_POINT ( 'NONE',  ( -1.006430356250000324, 4.465624999385481964, 0.5810628371015480464 ) ) ;
#2584 = CARTESIAN_POINT ( 'NONE',  ( 1.006430356249999880, 4.578124999385482674, -0.5810628371015482685 ) ) ;
#2585 = CARTESIAN_POINT ( 'NONE',  ( -1.249999999999999778, 1.024999999999999911, -1.530808498934191324E-16 ) ) ;
#2586 = FACE_OUTER_BOUND ( 'NONE', #299, .T. ) ;
#2587 = EDGE_CURVE ( 'NONE', #1644, #2468, #237, .T. ) ;
#2588 = VERTEX_POINT ( 'NONE', #2021 ) ;
#2589 = CARTESIAN_POINT ( 'NONE',  ( 1.006430356249999880, -0.7093750006145169706, -0.5810628371015482685 ) ) ;
#2590 = CARTESIAN_POINT ( 'NONE',  ( -1.006430356249999658, 4.278124999385482852, -0.5810628371015487126 ) ) ;
#2591 = VECTOR ( 'NONE', #254, 1000.000000000000114 ) ;
#2592 = CARTESIAN_POINT ( 'NONE',  ( -1.006430356249999880, 4.015624999385482674, 0.5810628371015479354 ) ) ;
#2593 = CARTESIAN_POINT ( 'NONE',  ( -1.250000000000000000, 2.412499999999999645, 0.7216878364870314977 ) ) ;
#2594 = VECTOR ( 'NONE', #2569, 999.9999999999998863 ) ;
#2595 = CARTESIAN_POINT ( 'NONE',  ( -2.134790230679673516E-16, 1.728124999385482807, 1.162125674203096759 ) ) ;
#2596 = DIRECTION ( 'NONE',  ( 0.000000000000000000, 0.000000000000000000, 1.000000000000000000 ) ) ;
#2597 = AXIS2_PLACEMENT_3D ( 'NONE', #1391, #2298, #3051 ) ;
#2598 = LINE ( 'NONE', #2378, #1130 ) ;
#2599 = CARTESIAN_POINT ( 'NONE',  ( 0.5032151781249993849, 3.115624999385482319, 0.8715942556523230689 ) ) ;
#2600 = LINE ( 'NONE', #414, #2812 ) ;
#2601 = DIRECTION ( 'NONE',  ( -0.000000000000000000, -1.000000000000000000, -0.000000000000000000 ) ) ;
#2602 = CARTESIAN_POINT ( 'NONE',  ( 1.006430356249999658, 5.403124999385481964, 0.5810628371015489346 ) ) ;
#2603 = CARTESIAN_POINT ( 'NONE',  ( 0.5032151781249993849, 3.678124999385481875, 0.8715942556523230689 ) ) ;
#2604 = CARTESIAN_POINT ( 'NONE',  ( -1.006430356249999658, -0.5593750006145170595, -0.5810628371015484905 ) ) ;
#2605 = ORIENTED_EDGE ( 'NONE', *, *, #1389, .T. ) ;
#2606 = CARTESIAN_POINT ( 'NONE',  ( -1.006430356250000324, -0.03437500061451712746, 0.5810628371015480464 ) ) ;
#2607 = DIRECTION ( 'NONE',  ( 0.000000000000000000, 0.000000000000000000, 1.000000000000000000 ) ) ;
#2608 = CARTESIAN_POINT ( 'NONE',  ( -0.5032151781249997180, 3.003124999385482496, -0.8715942556523225138 ) ) ;
#2609 = CARTESIAN_POINT ( 'NONE',  ( -1.250000000000000000, 1.962499999999999689, 0.7216878364870314977 ) ) ;
#2610 = FACE_OUTER_BOUND ( 'NONE', #155, .T. ) ;
#2611 = CARTESIAN_POINT ( 'NONE',  ( 0.3349364905389027314, 0.8361538093386317039, -1.250000000000000222 ) ) ;
#2612 = DIRECTION ( 'NONE',  ( 0.3535533905932779497, -0.7071067811865487940, 0.6123724356957906956 ) ) ;
#2613 = DIRECTION ( 'NONE',  ( -0.3535533905932740639, 0.7071067811865469066, 0.6123724356957951365 ) ) ;
#2614 = DIRECTION ( 'NONE',  ( -0.000000000000000000, -1.000000000000000000, -0.000000000000000000 ) ) ;
#2615 = CARTESIAN_POINT ( 'NONE',  ( -0.5032151781249998290, 4.690624999385482496, -0.8715942556523227358 ) ) ;
#2616 = EDGE_LOOP ( 'NONE', ( #1836, #2284, #2839, #1079 ) ) ;
#2617 = DIRECTION ( 'NONE',  ( 1.000000000000000000, -0.000000000000000000, 1.224646799147353207E-16 ) ) ;
#2618 = CARTESIAN_POINT ( 'NONE',  ( 0.000000000000000000, 4.450000000000000178, 0.000000000000000000 ) ) ;
#2619 = CARTESIAN_POINT ( 'NONE',  ( -1.006430356249999880, -0.03437500061451712746, 0.5810628371015479354 ) ) ;
#2620 = ORIENTED_EDGE ( 'NONE', *, *, #2036, .T. ) ;
#2621 = CARTESIAN_POINT ( 'NONE',  ( 0.5032151781250000511, 0.2281249993854829183, -0.8715942556523226248 ) ) ;
#2622 = EDGE_CURVE ( 'NONE', #1215, #1343, #2746, .T. ) ;
#2623 = LINE ( 'NONE', #2884, #2656 ) ;
#2624 = VERTEX_POINT ( 'NONE', #769 ) ;
#2625 = CARTESIAN_POINT ( 'NONE',  ( 1.006430356249999658, 2.853124999385482585, 0.000000000000000000 ) ) ;
#2626 = CARTESIAN_POINT ( 'NONE',  ( 1.250000000000000000, 3.987499999999999378, -0.7216878364870319418 ) ) ;
#2627 = CARTESIAN_POINT ( 'NONE',  ( -1.249999999999999778, -0.4187500012290342188, -0.7216878364870323859 ) ) ;
#2628 = CARTESIAN_POINT ( 'NONE',  ( -3.808937427483791958E-16, 6.000000000000000000, 0.9814954576223628990 ) ) ;
#2629 = CARTESIAN_POINT ( 'NONE',  ( -1.250000000000000000, 2.356249998770965526, 0.7216878364870316087 ) ) ;
#2630 = CARTESIAN_POINT ( 'NONE',  ( 7.115967435598910900E-17, 2.853124999385482585, -1.162125674203096759 ) ) ;
#2631 = LINE ( 'NONE', #883, #775 ) ;
#2632 = CARTESIAN_POINT ( 'NONE',  ( -1.006430356249999880, 5.328124999385482674, -1.232521714346292805E-16 ) ) ;
#2633 = CARTESIAN_POINT ( 'NONE',  ( -1.249999999999999556, 2.731249998770965526, -0.7216878364870324969 ) ) ;
#2634 = EDGE_CURVE ( 'NONE', #2277, #2800, #919, .T. ) ;
#2635 = ORIENTED_EDGE ( 'NONE', *, *, #2770, .F. ) ;
#2636 = CARTESIAN_POINT ( 'NONE',  ( -0.6250000000000004441, 1.099999999999999867, 1.082531754730547968 ) ) ;
#2637 = CARTESIAN_POINT ( 'NONE',  ( 2.025346705582189620E-16, 5.200000000000000178, -0.8660254037844384856 ) ) ;
#2638 = CARTESIAN_POINT ( 'NONE',  ( -2.134790230679672777E-16, 0.9406249993854827185, 1.162125674203096537 ) ) ;
#2639 = ORIENTED_EDGE ( 'NONE', *, *, #1126, .F. ) ;
#2640 = CARTESIAN_POINT ( 'NONE',  ( -0.6250000000000004441, 5.093749998770965348, 1.082531754730547968 ) ) ;
#2641 = PLANE ( 'NONE',  #1759 ) ;
#2642 = CARTESIAN_POINT ( 'NONE',  ( -1.006430356249999658, 3.940624999385482941, -0.5810628371015484905 ) ) ;
#2643 = EDGE_CURVE ( 'NONE', #394, #1588, #519, .T. ) ;
#2644 = CARTESIAN_POINT ( 'NONE',  ( 1.250000000000000000, 4.887499999999999289, -0.7216878364870319418 ) ) ;
#2645 = ORIENTED_EDGE ( 'NONE', *, *, #1288, .F. ) ;
#2646 = AXIS2_PLACEMENT_3D ( 'NONE', #1590, #1799, #826 ) ;
#2647 = CARTESIAN_POINT ( 'NONE',  ( -0.6250000000000004441, -0.3062500012290341744, 1.082531754730547968 ) ) ;
#2648 = CARTESIAN_POINT ( 'NONE',  ( -0.5032151781250003841, 2.590624999385482408, 0.8715942556523225138 ) ) ;
#2649 = CARTESIAN_POINT ( 'NONE',  ( -1.250000000000000000, 4.212499999999999467, 0.7216878364870316087 ) ) ;
#2650 = CARTESIAN_POINT ( 'NONE',  ( 7.115967435598910900E-17, 3.753124999385482052, -1.162125674203096759 ) ) ;
#2651 = CARTESIAN_POINT ( 'NONE',  ( 0.6499999999999948042, 5.099999999999999645, -0.3752776749732640860 ) ) ;
#2652 = AXIS2_PLACEMENT_3D ( 'NONE', #744, #1735, #805 ) ;
#2653 =( BOUNDED_CURVE ( )  B_SPLINE_CURVE ( 2, ( #407, #1401, #617, #137, #2116, #1616, #3092, #387, #2561 ),
 .UNSPECIFIED., .F., .T. ) 
 B_SPLINE_CURVE_WITH_KNOTS ( ( 3, 2, 2, 2, 3 ),
 ( 0.5500000000000000444, 0.5555555555555555802, 0.5666666666666666519, 0.5777777777777777235, 0.5833333333333333703 ),
 .UNSPECIFIED. ) 
 CURVE ( )  GEOMETRIC_REPRESENTATION_ITEM ( )  RATIONAL_B_SPLINE_CURVE ( ( 0.9330127018922194093, 0.9330127018922200755, 1.000000000000000000, 0.8660254037844387076, 1.000000000000000000, 0.8660254037844387076, 1.000000000000000000, 0.9330127018922187432, 0.9330127018922194093 ) ) 
 REPRESENTATION_ITEM ( '' )  );
#2654 = CARTESIAN_POINT ( 'NONE',  ( -1.249999999999999556, 4.081249998770965171, -0.7216878364870324969 ) ) ;
#2655 = CARTESIAN_POINT ( 'NONE',  ( 1.006430356249999880, 5.590624999385481964, -0.5810628371015482685 ) ) ;
#2656 = VECTOR ( 'NONE', #2955, 1000.000000000000000 ) ;
#2657 = CARTESIAN_POINT ( 'NONE',  ( 2.817957636530729931E-15, 2.431249998770966148, 1.249999999999999778 ) ) ;
#2658 = CARTESIAN_POINT ( 'NONE',  ( 1.250000000000000000, 1.231249998770965970, -0.7216878364870319418 ) ) ;
#2659 = DIRECTION ( 'NONE',  ( 1.251928832280966188E-16, 0.000000000000000000, 1.000000000000000000 ) ) ;
#2660 =( NAMED_UNIT ( * ) SI_UNIT ( $, .STERADIAN. ) SOLID_ANGLE_UNIT ( ) );
#2661 = CARTESIAN_POINT ( 'NONE',  ( 7.115967435598909667E-17, 0.7156249993854828517, -1.162125674203096537 ) ) ;
#2662 = ORIENTED_EDGE ( 'NONE', *, *, #2622, .T. ) ;
#2663 = CARTESIAN_POINT ( 'NONE',  ( 0.5032151781249993849, 0.9781249993854826963, 0.8715942556523230689 ) ) ;
#2664 = FACE_OUTER_BOUND ( 'NONE', #2340, .T. ) ;
#2665 = CARTESIAN_POINT ( 'NONE',  ( -1.006430356249999880, 5.365624999385482319, 0.5810628371015479354 ) ) ;
#2666 = EDGE_LOOP ( 'NONE', ( #365, #591, #27, #207 ) ) ;
#2667 = CARTESIAN_POINT ( 'NONE',  ( 0.6249999999999990008, 0.6687499987709657479, 1.082531754730548634 ) ) ;
#2668 = CYLINDRICAL_SURFACE ( 'NONE', #871, 1.249999999999999778 ) ;
#2669 = CARTESIAN_POINT ( 'NONE',  ( 7.115967435598910900E-17, 5.103124999385482141, -1.162125674203096759 ) ) ;
#2670 = CARTESIAN_POINT ( 'NONE',  ( 0.3768440147703828180, 0.1458698891138678344, 1.086148558627645144 ) ) ;
#2671 = CARTESIAN_POINT ( 'NONE',  ( 6.245988575815533685E-15, 2.487500000000000266, 1.249999999999999778 ) ) ;
#2672 = UNCERTAINTY_MEASURE_WITH_UNIT (LENGTH_MEASURE( 1.000000000000000082E-05 ), #2204, 'distance_accuracy_value', 'NONE');
#2673 = ORIENTED_EDGE ( 'NONE', *, *, #1265, .F. ) ;
#2674 = CARTESIAN_POINT ( 'NONE',  ( 0.3349364905389033975, 1.286153809338631326, -1.249999999999999556 ) ) ;
#2675 =( BOUNDED_CURVE ( )  B_SPLINE_CURVE ( 2, ( #1208, #231, #2707, #199, #1188, #2442, #2172, #1223, #969 ),
 .UNSPECIFIED., .F., .T. ) 
 B_SPLINE_CURVE_WITH_KNOTS ( ( 3, 2, 2, 2, 3 ),
 ( 0.2833333333333333259, 0.2888888888888888618, 0.2999999999999999889, 0.3111111111111111160, 0.3166666666666667074 ),
 .UNSPECIFIED. ) 
 CURVE ( )  GEOMETRIC_REPRESENTATION_ITEM ( )  RATIONAL_B_SPLINE_CURVE ( ( 0.9330127018922194093, 0.9330127018922194093, 1.000000000000000000, 0.8660254037844387076, 1.000000000000000000, 0.8660254037844387076, 1.000000000000000000, 0.9330127018922189652, 0.9330127018922192983 ) ) 
 REPRESENTATION_ITEM ( '' )  );
#2676 = CARTESIAN_POINT ( 'NONE',  ( -3.137519842735245599E-15, 1.756249998770965437, -1.249999999999999778 ) ) ;
#2677 = CARTESIAN_POINT ( 'NONE',  ( 0.3349364905389027314, 3.407596189432333667, 1.250000000000000000 ) ) ;
#2678 = CARTESIAN_POINT ( 'NONE',  ( -0.5032151781249997180, 1.203124999385482896, -0.8715942556523225138 ) ) ;
#2679 = CARTESIAN_POINT ( 'NONE',  ( -1.006430356249999880, 1.728124999385482807, -1.232521714346292805E-16 ) ) ;
#2680 = CARTESIAN_POINT ( 'NONE',  ( -0.5032151781250003841, 0.9031249993854827407, 0.8715942556523225138 ) ) ;
#2681 = CARTESIAN_POINT ( 'NONE',  ( -1.006430356249999880, 4.465624999385481964, 0.5810628371015479354 ) ) ;
#2682 = ORIENTED_EDGE ( 'NONE', *, *, #2958, .T. ) ;
#2683 = EDGE_CURVE ( 'NONE', #446, #1301, #1010, .T. ) ;
#2684 = ORIENTED_EDGE ( 'NONE', *, *, #35, .T. ) ;
#2685 = CARTESIAN_POINT ( 'NONE',  ( 1.250000000000000000, 2.131249998770965437, -0.7216878364870319418 ) ) ;
#2686 = CARTESIAN_POINT ( 'NONE',  ( -1.006430356250000324, 2.553124999385482763, 0.5810628371015480464 ) ) ;
#2687 = CARTESIAN_POINT ( 'NONE',  ( 0.5032151781250000511, 0.5656249993854828295, -0.8715942556523226248 ) ) ;
#2688 = CARTESIAN_POINT ( 'NONE',  ( 0.5032151781249993849, 3.115624999385482319, 0.8715942556523230689 ) ) ;
#2689 = DIRECTION ( 'NONE',  ( -0.000000000000000000, -1.000000000000000000, -0.000000000000000000 ) ) ;
#2690 = CARTESIAN_POINT ( 'NONE',  ( 1.530808498934191324E-16, 4.450000000000000178, 1.249999999999999778 ) ) ;
#2691 = ORIENTED_EDGE ( 'NONE', *, *, #807, .T. ) ;
#2692 = EDGE_CURVE ( 'NONE', #1416, #357, #609, .T. ) ;
#2693 = CARTESIAN_POINT ( 'NONE',  ( -1.249999999999999556, 1.831249998770965837, -0.7216878364870324969 ) ) ;
#2694 = CARTESIAN_POINT ( 'NONE',  ( 0.3349364905389033975, 3.592403810567665445, -1.249999999999999556 ) ) ;
#2695 = CARTESIAN_POINT ( 'NONE',  ( -1.006430356249999658, 0.8281249993854827851, -1.232521714346292558E-16 ) ) ;
#2696 = CARTESIAN_POINT ( 'NONE',  ( 0.8929248095370285743, 0.006430356250002326919, 0.4643138448234802040 ) ) ;
#2697 =( BOUNDED_CURVE ( )  B_SPLINE_CURVE ( 2, ( #149, #2793, #369, #643, #1641, #2658, #693, #2674, #679 ),
 .UNSPECIFIED., .F., .F. ) 
 B_SPLINE_CURVE_WITH_KNOTS ( ( 3, 2, 2, 2, 3 ),
 ( 0.2500000000000000000, 0.2555555555555555358, 0.2666666666666666630, 0.2777777777777777901, 0.2833333333333333259 ),
 .UNSPECIFIED. ) 
 CURVE ( )  GEOMETRIC_REPRESENTATION_ITEM ( )  RATIONAL_B_SPLINE_CURVE ( ( 0.9330127018922194093, 0.9330127018922195203, 1.000000000000000000, 0.8660254037844387076, 1.000000000000000000, 0.8660254037844387076, 1.000000000000000000, 0.9330127018922194093, 0.9330127018922194093 ) ) 
 REPRESENTATION_ITEM ( '' )  );
#2698 = CARTESIAN_POINT ( 'NONE',  ( -0.5032151781250003841, 0.9031249993854827407, 0.8715942556523225138 ) ) ;
#2699 = LINE ( 'NONE', #2725, #2003 ) ;
#2700 = CARTESIAN_POINT ( 'NONE',  ( 0.5032151781250000511, -0.7843750006145170373, -0.8715942556523226248 ) ) ;
#2701 = CARTESIAN_POINT ( 'NONE',  ( 1.249999999999999556, 1.156249998770965348, 0.7216878364870328300 ) ) ;
#2702 = CARTESIAN_POINT ( 'NONE',  ( -0.5032151781249998290, 0.6406249993854827851, -0.8715942556523227358 ) ) ;
#2703 = CARTESIAN_POINT ( 'NONE',  ( -1.006430356250000324, 4.803124999385481431, 0.5810628371015480464 ) ) ;
#2704 = VECTOR ( 'NONE', #2073, 1000.000000000000000 ) ;
#2705 = ORIENTED_EDGE ( 'NONE', *, *, #828, .T. ) ;
#2706 = AXIS2_PLACEMENT_3D ( 'NONE', #2393, #2383, #3084 ) ;
#2707 = CARTESIAN_POINT ( 'NONE',  ( -0.6249999999999995559, 1.343749998770965570, -1.082531754730548412 ) ) ;
#2708 = CARTESIAN_POINT ( 'NONE',  ( 7.115967435598909667E-17, 2.065624999385482496, -1.162125674203096537 ) ) ;
#2709 = AXIS2_PLACEMENT_3D ( 'NONE', #158, #3065, #426 ) ;
#2710 = CARTESIAN_POINT ( 'NONE',  ( 1.249999999999999778, 4.399999999999999467, 0.000000000000000000 ) ) ;
#2711 = CARTESIAN_POINT ( 'NONE',  ( -1.006430356250000324, 2.215624999385482408, 0.5810628371015480464 ) ) ;
#2712 = CARTESIAN_POINT ( 'NONE',  ( 0.5032151781249993849, 0.07812499938548284062, 0.8715942556523230689 ) ) ;
#2713 = DIRECTION ( 'NONE',  ( -0.000000000000000000, -1.000000000000000000, -0.000000000000000000 ) ) ;
#2714 = CARTESIAN_POINT ( 'NONE',  ( 0.5032151781249992739, 5.028124999385482852, 0.8715942556523228468 ) ) ;
#2715 = CARTESIAN_POINT ( 'NONE',  ( 8.838126989374222236E-17, 0.4062499987709657923, -1.443375672974064106 ) ) ;
#2716 = CARTESIAN_POINT ( 'NONE',  ( 0.3349364905389034530, 0.7075961894323338219, 1.249999999999999334 ) ) ;
#2717 = CARTESIAN_POINT ( 'NONE',  ( 0.5032151781249993849, 4.915624999385483029, 0.8715942556523230689 ) ) ;
#2718 = CARTESIAN_POINT ( 'NONE',  ( 0.6250000000000000000, -0.9250000000000000444, -1.082531754730548190 ) ) ;
#2719 = CARTESIAN_POINT ( 'NONE',  ( 1.250000000000000000, 3.987500000000000266, -0.7216878364870319418 ) ) ;
#2720 = DIRECTION ( 'NONE',  ( -0.000000000000000000, 1.000000000000000000, -0.000000000000000000 ) ) ;
#2721 = VERTEX_POINT ( 'NONE', #188 ) ;
#2722 = CARTESIAN_POINT ( 'NONE',  ( 0.3349364905389019542, 1.736153809338631060, -1.250000000000000666 ) ) ;
#2723 = CARTESIAN_POINT ( 'NONE',  ( -2.651438096812266917E-16, 3.837499999999999911, 1.443375672974064106 ) ) ;
#2724 = CARTESIAN_POINT ( 'NONE',  ( 0.5032151781250000511, 3.828124999385481786, -0.8715942556523226248 ) ) ;
#2725 = CARTESIAN_POINT ( 'NONE',  ( 1.530808498934191324E-16, 4.450000000000000178, 1.249999999999999778 ) ) ;
#2726 = CARTESIAN_POINT ( 'NONE',  ( 0.2083333333333295678, 0.2499999999999997502, 1.232516621479087249 ) ) ;
#2727 = CARTESIAN_POINT ( 'NONE',  ( 1.006430356249999658, 2.253124999385482941, 0.5810628371015489346 ) ) ;
#2728 = ORIENTED_EDGE ( 'NONE', *, *, #885, .F. ) ;
#2729 = ADVANCED_FACE ( 'NONE', ( #3091 ), #2641, .F. ) ;
#2730 = CARTESIAN_POINT ( 'NONE',  ( -0.6250000000000004441, 0.1437499987709657534, 1.082531754730547968 ) ) ;
#2731 = CARTESIAN_POINT ( 'NONE',  ( 1.006430356249999658, 0.4531249993854828406, 0.5810628371015489346 ) ) ;
#2732 = ORIENTED_EDGE ( 'NONE', *, *, #2452, .T. ) ;
#2733 = CARTESIAN_POINT ( 'NONE',  ( -1.249999999999999778, -0.8125000000000001110, -0.7216878364870323859 ) ) ;
#2734 = CARTESIAN_POINT ( 'NONE',  ( 1.191095495853194869E-15, 0.6874999999999997780, 1.249999999999999778 ) ) ;
#2735 = ORIENTED_EDGE ( 'NONE', *, *, #2077, .T. ) ;
#2736 = CARTESIAN_POINT ( 'NONE',  ( -4.938688641342514686E-16, 4.287499999999999645, 1.249999999999999778 ) ) ;
#2737 = CARTESIAN_POINT ( 'NONE',  ( -0.5032151781250002731, 2.703124999385482674, 0.8715942556523222917 ) ) ;
#2738 = EDGE_CURVE ( 'NONE', #1662, #1676, #2623, .T. ) ;
#2739 = CARTESIAN_POINT ( 'NONE',  ( -0.6249999999999995559, 4.999999999999999112, -1.082531754730548412 ) ) ;
#2740 = CARTESIAN_POINT ( 'NONE',  ( -1.006430356249999658, 3.040624999385483029, -0.5810628371015486016 ) ) ;
#2741 = CARTESIAN_POINT ( 'NONE',  ( -1.006430356249999880, 3.078124999385483118, -1.232521714346292805E-16 ) ) ;
#2742 = CARTESIAN_POINT ( 'NONE',  ( 0.9758202212088565863, 4.449999999999997513, 0.6174675056344924862 ) ) ;
#2743 = CARTESIAN_POINT ( 'NONE',  ( -1.006430356249999658, 1.578124999385482896, -0.5810628371015486016 ) ) ;
#2744 = ORIENTED_EDGE ( 'NONE', *, *, #83, .T. ) ;
#2745 = CARTESIAN_POINT ( 'NONE',  ( 1.249999999999999778, 3.893749998770965615, 0.000000000000000000 ) ) ;
#2746 = LINE ( 'NONE', #2921, #1957 ) ;
#2747 = EDGE_CURVE ( 'NONE', #1936, #126, #245, .T. ) ;
#2748 = ORIENTED_EDGE ( 'NONE', *, *, #2970, .F. ) ;
#2749 = CARTESIAN_POINT ( 'NONE',  ( -0.5032151781249998290, 5.590624999385481964, -0.8715942556523227358 ) ) ;
#2750 = EDGE_CURVE ( 'NONE', #270, #1527, #2699, .T. ) ;
#2751 = CARTESIAN_POINT ( 'NONE',  ( 0.5032151781249993849, -0.03437500061451712746, 0.8715942556523230689 ) ) ;
#2752 = CARTESIAN_POINT ( 'NONE',  ( -0.8499999999999992006, 6.000000000000000000, 0.4907477288111814495 ) ) ;
#2753 = CARTESIAN_POINT ( 'NONE',  ( 1.006430356249999880, 3.678124999385483207, -0.5810628371015482685 ) ) ;
#2754 = VERTEX_POINT ( 'NONE', #1005 ) ;
#2755 = CIRCLE ( 'NONE', #864, 0.2000000000000000944 ) ;
#2756 = LINE ( 'NONE', #2285, #297 ) ;
#2757 = VECTOR ( 'NONE', #1812, 1000.000000000000000 ) ;
#2758 = CARTESIAN_POINT ( 'NONE',  ( 7.115967435598910900E-17, 3.415624999385482141, -1.162125674203096759 ) ) ;
#2759 = CARTESIAN_POINT ( 'NONE',  ( -1.006430356249999658, 2.140624999385483118, -0.5810628371015487126 ) ) ;
#2760 = FACE_OUTER_BOUND ( 'NONE', #1806, .T. ) ;
#2761 = CARTESIAN_POINT ( 'NONE',  ( 1.006430356249999880, 1.428124999385482541, -0.5810628371015482685 ) ) ;
#2762 = EDGE_CURVE ( 'NONE', #1588, #790, #2581, .T. ) ;
#2763 = CARTESIAN_POINT ( 'NONE',  ( -1.250000000000000000, 2.356249998770965526, 0.7216878364870314977 ) ) ;
#2764 = CARTESIAN_POINT ( 'NONE',  ( -2.134790230679673516E-16, 2.628124999385482496, 1.162125674203096759 ) ) ;
#2765 = ORIENTED_EDGE ( 'NONE', *, *, #2738, .T. ) ;
#2766 = CARTESIAN_POINT ( 'NONE',  ( -1.250000000000000000, -0.2875000000000000888, 0.7216878364870314977 ) ) ;
#2767 = PLANE ( 'NONE',  #153 ) ;
#2768 = CARTESIAN_POINT ( 'NONE',  ( -2.134790230679673516E-16, 0.3781249993854828295, 1.162125674203096759 ) ) ;
#2769 = CARTESIAN_POINT ( 'NONE',  ( 0.000000000000000000, 4.450000000000000178, 0.000000000000000000 ) ) ;
#2770 = EDGE_CURVE ( 'NONE', #2239, #1358, #208, .T. ) ;
#2771 = EDGE_LOOP ( 'NONE', ( #1062, #1071, #1749, #786 ) ) ;
#2772 = EDGE_CURVE ( 'NONE', #918, #2815, #2456, .T. ) ;
#2773 = CARTESIAN_POINT ( 'NONE',  ( 0.6250000000000000000, 2.618749998770965259, -1.082531754730548190 ) ) ;
#2774 = FACE_OUTER_BOUND ( 'NONE', #2088, .T. ) ;
#2775 = PRODUCT_DEFINITION_SHAPE ( 'NONE', 'NONE',  #1553 ) ;
#2776 = CARTESIAN_POINT ( 'NONE',  ( 0.5032151781250000511, 1.578124999385482674, -0.8715942556523226248 ) ) ;
#2777 = FACE_OUTER_BOUND ( 'NONE', #2421, .T. ) ;
#2778 = CARTESIAN_POINT ( 'NONE',  ( 0.5032151781250000511, 1.915624999385482585, -0.8715942556523226248 ) ) ;
#2779 = CARTESIAN_POINT ( 'NONE',  ( -1.250000000000000000, 2.806249998770965259, 0.7216878364870314977 ) ) ;
#2780 = CARTESIAN_POINT ( 'NONE',  ( -1.006430356250000102, 1.653124999385482852, 0.5810628371015480464 ) ) ;
#2781 = ORIENTED_EDGE ( 'NONE', *, *, #2792, .T. ) ;
#2782 = CARTESIAN_POINT ( 'NONE',  ( 0.3349364905389042857, 2.001346188203300347, 1.249999999999999556 ) ) ;
#2783 =( BOUNDED_CURVE ( )  B_SPLINE_CURVE ( 2, ( #81, #1870, #603, #2788, #576, #380, #2553, #1583, #1067 ),
 .UNSPECIFIED., .F., .T. ) 
 B_SPLINE_CURVE_WITH_KNOTS ( ( 3, 2, 2, 2, 3 ),
 ( 0.3833333333333333592, 0.3888888888888888951, 0.4000000000000000222, 0.4111111111111110938, 0.4166666666666666852 ),
 .UNSPECIFIED. ) 
 CURVE ( )  GEOMETRIC_REPRESENTATION_ITEM ( )  RATIONAL_B_SPLINE_CURVE ( ( 0.9330127018922192983, 0.9330127018922196314, 1.000000000000000000, 0.8660254037844387076, 1.000000000000000000, 0.8660254037844387076, 1.000000000000000000, 0.9330127018922189652, 0.9330127018922192983 ) ) 
 REPRESENTATION_ITEM ( '' )  );
#2784 = CARTESIAN_POINT ( 'NONE',  ( -2.651438096812266917E-16, 0.6874999999999997780, 1.443375672974064106 ) ) ;
#2785 = EDGE_CURVE ( 'NONE', #2800, #682, #1270, .T. ) ;
#2786 = CARTESIAN_POINT ( 'NONE',  ( -0.3082921198776791827, 0.1126373996304257108, -1.079889392378891033 ) ) ;
#2787 = CARTESIAN_POINT ( 'NONE',  ( -2.134790230679673516E-16, -0.5218750006145170817, 1.162125674203096759 ) ) ;
#2788 = CARTESIAN_POINT ( 'NONE',  ( 1.249999999999999334, 1.662499999999999867, 0.7216878364870328300 ) ) ;
#2789 = CARTESIAN_POINT ( 'NONE',  ( 7.115967435598909667E-17, 3.415624999385482141, -1.162125674203096537 ) ) ;
#2790 = EDGE_LOOP ( 'NONE', ( #2178, #1068, #2022, #2748 ) ) ;
#2791 = CYLINDRICAL_SURFACE ( 'NONE', #772, 1.249999999999999778 ) ;
#2792 = EDGE_CURVE ( 'NONE', #2567, #1215, #2141, .T. ) ;
#2793 = CARTESIAN_POINT ( 'NONE',  ( 0.3349364905389034530, 1.101346188203299770, 1.249999999999999334 ) ) ;
#2794 = CARTESIAN_POINT ( 'NONE',  ( -0.5032151781249998290, 2.553124999385482763, -0.8715942556523227358 ) ) ;
#2795 = CARTESIAN_POINT ( 'NONE',  ( -0.3349364905389006219, 2.917403810567665623, 1.250000000000001332 ) ) ;
#2796 = CARTESIAN_POINT ( 'NONE',  ( -0.5032151781249998290, 1.540624999385482807, -0.8715942556523227358 ) ) ;
#2797 = VERTEX_POINT ( 'NONE', #1398 ) ;
#2798 = CARTESIAN_POINT ( 'NONE',  ( -0.6250000000000004441, 2.843749998770965348, 1.082531754730547968 ) ) ;
#2799 = CARTESIAN_POINT ( 'NONE',  ( 7.115967435598912132E-17, 1.953124999385483340, -1.162125674203096759 ) ) ;
#2800 = VERTEX_POINT ( 'NONE', #1119 ) ;
#2801 = CARTESIAN_POINT ( 'NONE',  ( 3.195622062045156678E-16, 0.08733575058189312068, 1.087335750581891913 ) ) ;
#2802 = CARTESIAN_POINT ( 'NONE',  ( -1.249999999999999778, 1.437500000000000000, -0.7216878364870323859 ) ) ;
#2803 = CARTESIAN_POINT ( 'NONE',  ( 0.5032151781250000511, 0.5656249993854828295, -0.8715942556523226248 ) ) ;
#2804 = DIRECTION ( 'NONE',  ( 0.000000000000000000, 0.000000000000000000, -1.000000000000000000 ) ) ;
#2805 = ORIENTED_EDGE ( 'NONE', *, *, #1937, .T. ) ;
#2806 = LINE ( 'NONE', #1377, #1190 ) ;
#2807 = VECTOR ( 'NONE', #2198, 1000.000000000000114 ) ;
#2808 = CARTESIAN_POINT ( 'NONE',  ( -0.5032151781250003841, 1.353124999385482807, 0.8715942556523225138 ) ) ;
#2809 = CARTESIAN_POINT ( 'NONE',  ( 1.006430356249999880, 2.778124999385482408, -0.5810628371015482685 ) ) ;
#2810 = VECTOR ( 'NONE', #1778, 1000.000000000000000 ) ;
#2811 = B_SPLINE_CURVE_WITH_KNOTS ( 'NONE', 3,
 ( #1386, #436, #1890, #1434 ),
 .UNSPECIFIED., .F., .F.,
 ( 4, 4 ),
 ( 0.000000000000000000, 0.0002079560114440965647 ),
 .UNSPECIFIED. ) ;
#2812 = VECTOR ( 'NONE', #1408, 999.9999999999998863 ) ;
#2813 = CARTESIAN_POINT ( 'NONE',  ( 0.6250000000000000000, 3.068749998770965437, -1.082531754730548190 ) ) ;
#2814 = CARTESIAN_POINT ( 'NONE',  ( 0.5032151781249993849, 1.765624999385482674, 0.8715942556523230689 ) ) ;
#2815 = VERTEX_POINT ( 'NONE', #2367 ) ;
#2816 = DIRECTION ( 'NONE',  ( 0.000000000000000000, 0.000000000000000000, 1.000000000000000000 ) ) ;
#2817 = CARTESIAN_POINT ( 'NONE',  ( -1.249999999999999778, 3.274999999999999467, -1.530808498934191324E-16 ) ) ;
#2818 = CARTESIAN_POINT ( 'NONE',  ( 7.115967435598910900E-17, 0.6031249993854828073, -1.162125674203096759 ) ) ;
#2819 = DIRECTION ( 'NONE',  ( 0.000000000000000000, 0.000000000000000000, -1.000000000000000000 ) ) ;
#2820 = EDGE_LOOP ( 'NONE', ( #2127, #433, #1791, #865 ) ) ;
#2821 = CARTESIAN_POINT ( 'NONE',  ( -0.5032151781250003841, 2.703124999385482674, 0.8715942556523225138 ) ) ;
#2822 = DIRECTION ( 'NONE',  ( -0.7071067811865462405, -0.7071067811865489050, 2.213118417172060115E-15 ) ) ;
#2823 = DIRECTION ( 'NONE',  ( -0.000000000000000000, -1.000000000000000000, -0.000000000000000000 ) ) ;
#2824 = CARTESIAN_POINT ( 'NONE',  ( -1.006430356250000324, 3.903124999385482408, 0.5810628371015480464 ) ) ;
#2825 = DIRECTION ( 'NONE',  ( 0.8660254037844345998, 0.000000000000000000, -0.5000000000000068834 ) ) ;
#2826 = CARTESIAN_POINT ( 'NONE',  ( 0.5032151781250000511, 3.828124999385481786, -0.8715942556523226248 ) ) ;
#2827 = CARTESIAN_POINT ( 'NONE',  ( -0.5032151781249998290, -0.1468750006145171094, -0.8715942556523227358 ) ) ;
#2828 = CARTESIAN_POINT ( 'NONE',  ( -4.938688641342514686E-16, 3.387499999999999289, 1.249999999999999778 ) ) ;
#2829 = CARTESIAN_POINT ( 'NONE',  ( 1.250000000000000000, 1.737499999999999822, -0.7216878364870319418 ) ) ;
#2830 = ADVANCED_FACE ( 'NONE', ( #2094 ), #1151, .T. ) ;
#2831 = DIRECTION ( 'NONE',  ( -0.000000000000000000, -1.000000000000000000, -0.000000000000000000 ) ) ;
#2832 = ORIENTED_EDGE ( 'NONE', *, *, #182, .F. ) ;
#2833 = DIRECTION ( 'NONE',  ( 0.000000000000000000, 1.000000000000000000, 0.000000000000000000 ) ) ;
#2834 = CARTESIAN_POINT ( 'NONE',  ( -2.134790230679673516E-16, 2.740624999385483207, 1.162125674203096759 ) ) ;
#2835 = CYLINDRICAL_SURFACE ( 'NONE', #2547, 1.249999999999999778 ) ;
#2836 = CARTESIAN_POINT ( 'NONE',  ( 7.115967435598910900E-17, 4.203124999385482674, -1.162125674203096759 ) ) ;
#2837 = VERTEX_POINT ( 'NONE', #1884 ) ;
#2838 = CARTESIAN_POINT ( 'NONE',  ( -0.7438831293531656952, 4.449999999999999289, -0.9034923206298287601 ) ) ;
#2839 = ORIENTED_EDGE ( 'NONE', *, *, #2182, .F. ) ;
#2840 = CARTESIAN_POINT ( 'NONE',  ( 0.6249999999999990008, 5.618749998770965703, 1.082531754730548634 ) ) ;
#2841 = CARTESIAN_POINT ( 'NONE',  ( 0.000000000000000000, 4.450000000000000178, -1.249999999999999778 ) ) ;
#2842 = CARTESIAN_POINT ( 'NONE',  ( 1.006430356249999658, 3.340624999385482408, -0.5810628371015482685 ) ) ;
#2843 = CARTESIAN_POINT ( 'NONE',  ( -2.651438096812266917E-16, 1.137499999999999734, 1.443375672974064106 ) ) ;
#2844 = APPLICATION_PROTOCOL_DEFINITION ( 'draft international standard', 'automotive_design', 1998, #1361 ) ;
#2845 = CARTESIAN_POINT ( 'NONE',  ( 0.3249999999999977351, 5.099999999999999645, -0.5629165124598882741 ) ) ;
#2846 = CARTESIAN_POINT ( 'NONE',  ( -1.006430356249999880, 0.7156249993854827407, -1.232521714346292805E-16 ) ) ;
#2847 = CARTESIAN_POINT ( 'NONE',  ( -2.876059855840641404E-15, 0.09943103339880443592, -1.099431033398803326 ) ) ;
#2848 = CARTESIAN_POINT ( 'NONE',  ( 0.6249999999999990008, 3.368749998770965259, 1.082531754730548634 ) ) ;
#2849 = CARTESIAN_POINT ( 'NONE',  ( 0.7499999999999996669, 5.200000000000000178, 0.4330127018922195758 ) ) ;
#2850 = CYLINDRICAL_SURFACE ( 'NONE', #453, 1.249999999999999778 ) ;
#2851 = FACE_OUTER_BOUND ( 'NONE', #3053, .T. ) ;
#2852 = CARTESIAN_POINT ( 'NONE',  ( -0.5032151781250003841, 3.940624999385482496, 0.8715942556523225138 ) ) ;
#2853 = CARTESIAN_POINT ( 'NONE',  ( 0.5032151781249999400, -0.6718750006145171039, -0.8715942556523224027 ) ) ;
#2854 = ORIENTED_EDGE ( 'NONE', *, *, #2539, .F. ) ;
#2855 = CARTESIAN_POINT ( 'NONE',  ( 0.5032151781250000511, -0.2218750006145170650, -0.8715942556523226248 ) ) ;
#2856 = CARTESIAN_POINT ( 'NONE',  ( -0.5032151781250003841, 4.390624999385482674, 0.8715942556523225138 ) ) ;
#2857 = DIRECTION ( 'NONE',  ( 0.000000000000000000, 0.000000000000000000, -1.000000000000000000 ) ) ;
#2858 = VECTOR ( 'NONE', #2437, 1000.000000000000000 ) ;
#2859 = CARTESIAN_POINT ( 'NONE',  ( -0.5032151781250002731, 3.153124999385482408, 0.8715942556523222917 ) ) ;
#2860 = CARTESIAN_POINT ( 'NONE',  ( 1.250000000000000000, 1.287499999999999645, -0.7216878364870319418 ) ) ;
#2861 =( BOUNDED_CURVE ( )  B_SPLINE_CURVE ( 2, ( #2033, #87, #2528, #102, #1094, #2068, #3014, #2795, #595 ),
 .UNSPECIFIED., .F., .T. ) 
 B_SPLINE_CURVE_WITH_KNOTS ( ( 3, 2, 2, 2, 3 ),
 ( 0.5500000000000000444, 0.5555555555555555802, 0.5666666666666666519, 0.5777777777777777235, 0.5833333333333333703 ),
 .UNSPECIFIED. ) 
 CURVE ( )  GEOMETRIC_REPRESENTATION_ITEM ( )  RATIONAL_B_SPLINE_CURVE ( ( 0.9330127018922194093, 0.9330127018922200755, 1.000000000000000000, 0.8660254037844387076, 1.000000000000000000, 0.8660254037844387076, 1.000000000000000000, 0.9330127018922187432, 0.9330127018922194093 ) ) 
 REPRESENTATION_ITEM ( '' )  );
#2862 = CARTESIAN_POINT ( 'NONE',  ( 1.006430356249999880, 1.878124999385483163, -0.5810628371015482685 ) ) ;
#2863 = CARTESIAN_POINT ( 'NONE',  ( -0.3349364905389030644, 4.082596189432333489, -1.249999999999999778 ) ) ;
#2864 = CARTESIAN_POINT ( 'NONE',  ( 1.530808498934191324E-16, 4.450000000000000178, 1.249999999999999778 ) ) ;
#2865 = CARTESIAN_POINT ( 'NONE',  ( 0.000000000000000000, 4.608578643762690774, 0.000000000000000000 ) ) ;
#2866 = DIRECTION ( 'NONE',  ( -1.000000000000000000, 0.000000000000000000, 0.000000000000000000 ) ) ;
#2867 = FACE_OUTER_BOUND ( 'NONE', #2579, .T. ) ;
#2868 = CARTESIAN_POINT ( 'NONE',  ( 1.006430356249999880, 4.128124999385482496, -0.5810628371015482685 ) ) ;
#2869 = EDGE_CURVE ( 'NONE', #936, #624, #2358, .T. ) ;
#2870 = CARTESIAN_POINT ( 'NONE',  ( -0.3349364905389021763, 1.117403810567665579, 1.250000000000000666 ) ) ;
#2871 = CYLINDRICAL_SURFACE ( 'NONE', #604, 1.249999999999999778 ) ;
#2872 = ORIENTED_EDGE ( 'NONE', *, *, #1659, .F. ) ;
#2873 = CARTESIAN_POINT ( 'NONE',  ( 1.250000000000000000, 4.831249998770966059, -0.7216878364870319418 ) ) ;
#2874 = CARTESIAN_POINT ( 'NONE',  ( -1.006430356250000102, 3.903124999385482408, 0.5810628371015480464 ) ) ;
#2875 = ORIENTED_EDGE ( 'NONE', *, *, #2133, .F. ) ;
#2876 = CARTESIAN_POINT ( 'NONE',  ( -1.249999999999999778, 4.587499999999999467, -0.7216878364870323859 ) ) ;
#2877 = EDGE_CURVE ( 'NONE', #637, #1509, #1719, .T. ) ;
#2878 = CARTESIAN_POINT ( 'NONE',  ( 1.191095495853194869E-15, 0.6312499987709657701, 1.249999999999999778 ) ) ;
#2879 = CARTESIAN_POINT ( 'NONE',  ( 7.115967435598910900E-17, 5.103124999385482141, -1.162125674203096759 ) ) ;
#2880 = CARTESIAN_POINT ( 'NONE',  ( -0.9573061252359558182, 4.450000000000000178, 0.3105914431648471585 ) ) ;
#2881 = CARTESIAN_POINT ( 'NONE',  ( 1.006430356249999436, -0.3343750006145170817, 0.5810628371015487126 ) ) ;
#2882 = ORIENTED_EDGE ( 'NONE', *, *, #2170, .T. ) ;
#2883 = CARTESIAN_POINT ( 'NONE',  ( -1.249999999999999778, 5.431249998770965703, -0.7216878364870323859 ) ) ;
#2884 = CARTESIAN_POINT ( 'NONE',  ( 0.000000000000000000, 4.450000000000000178, -1.249999999999999778 ) ) ;
#2885 = CARTESIAN_POINT ( 'NONE',  ( -0.6250000000000004441, 5.149999999999999467, 1.082531754730547968 ) ) ;
#2886 = ORIENTED_EDGE ( 'NONE', *, *, #1325, .T. ) ;
#2887 = CARTESIAN_POINT ( 'NONE',  ( -0.3349364905389037306, 4.267403810567665268, 1.249999999999999556 ) ) ;
#2888 = DIRECTION ( 'NONE',  ( 1.251928832280966188E-16, 0.000000000000000000, 1.000000000000000000 ) ) ;
#2889 = DIRECTION ( 'NONE',  ( 0.000000000000000000, 1.000000000000000000, 0.000000000000000000 ) ) ;
#2890 = CARTESIAN_POINT ( 'NONE',  ( -0.5032151781249998290, 5.703124999385481786, -0.8715942556523227358 ) ) ;
#2891 = LINE ( 'NONE', #2200, #1854 ) ;
#2892 = DIRECTION ( 'NONE',  ( 0.000000000000000000, 0.000000000000000000, -1.000000000000000000 ) ) ;
#2893 = DIRECTION ( 'NONE',  ( 0.000000000000000000, 1.000000000000000000, 0.000000000000000000 ) ) ;
#2894 = CARTESIAN_POINT ( 'NONE',  ( -2.134790230679672777E-16, -0.4093750006145170928, 1.162125674203096537 ) ) ;
#2895 = ORIENTED_EDGE ( 'NONE', *, *, #2369, .F. ) ;
#2896 = ADVANCED_FACE ( 'NONE', ( #1461 ), #986, .F. ) ;
#2897 = CARTESIAN_POINT ( 'NONE',  ( 7.115967435598910900E-17, 1.165624999385482807, -1.162125674203096759 ) ) ;
#2898 = DIRECTION ( 'NONE',  ( -0.000000000000000000, 1.000000000000000000, -0.000000000000000000 ) ) ;
#2899 = CARTESIAN_POINT ( 'NONE',  ( -1.006430356249999658, 4.878124999385482496, -1.232521714346292558E-16 ) ) ;
#2900 = CARTESIAN_POINT ( 'NONE',  ( -1.250000000000000000, 4.212499999999999467, 0.7216878364870314977 ) ) ;
#2901 = EDGE_LOOP ( 'NONE', ( #2493, #39, #941, #482 ) ) ;
#2902 = PRESENTATION_LAYER_ASSIGNMENT (  '', '', ( #293 ) ) ;
#2903 = CARTESIAN_POINT ( 'NONE',  ( -2.651438096812266917E-16, 1.981249998770965748, 1.443375672974064106 ) ) ;
#2904 = DIRECTION ( 'NONE',  ( 0.000000000000000000, 0.000000000000000000, 1.000000000000000000 ) ) ;
#2905 = CARTESIAN_POINT ( 'NONE',  ( 1.006430356249999880, 5.028124999385481964, -0.5810628371015482685 ) ) ;
#2906 = AXIS2_PLACEMENT_3D ( 'NONE', #1128, #125, #1570 ) ;
#2907 = CARTESIAN_POINT ( 'NONE',  ( -2.134790230679673516E-16, 5.440624999385482496, 1.162125674203096759 ) ) ;
#2908 = VECTOR ( 'NONE', #242, 1000.000000000000000 ) ;
#2909 = ORIENTED_EDGE ( 'NONE', *, *, #1325, .F. ) ;
#2910 = DIRECTION ( 'NONE',  ( 0.7071067811865489050, 0.7071067811865462405, 0.000000000000000000 ) ) ;
#2911 = CARTESIAN_POINT ( 'NONE',  ( -0.3349364905389038416, 0.8763461882032997918, -1.249999999999999334 ) ) ;
#2912 = CARTESIAN_POINT ( 'NONE',  ( 0.5032151781249999400, -0.2218750006145170650, -0.8715942556523224027 ) ) ;
#2913 = ADVANCED_FACE ( 'NONE', ( #2171 ), #466, .T. ) ;
#2914 =( BOUNDED_CURVE ( )  B_SPLINE_CURVE ( 2, ( #128, #1883, #98, #1149, #2090, #2121, #1115, #1105, #1088 ),
 .UNSPECIFIED., .F., .T. ) 
 B_SPLINE_CURVE_WITH_KNOTS ( ( 3, 2, 2, 2, 3 ),
 ( 0.3500000000000000333, 0.3555555555555555691, 0.3666666666666666408, 0.3777777777777777679, 0.3833333333333333592 ),
 .UNSPECIFIED. ) 
 CURVE ( )  GEOMETRIC_REPRESENTATION_ITEM ( )  RATIONAL_B_SPLINE_CURVE ( ( 0.9330127018922192983, 0.9330127018922196314, 1.000000000000000000, 0.8660254037844387076, 1.000000000000000000, 0.8660254037844387076, 1.000000000000000000, 0.9330127018922189652, 0.9330127018922192983 ) ) 
 REPRESENTATION_ITEM ( '' )  );
#2915 = CARTESIAN_POINT ( 'NONE',  ( -0.5032151781249998290, 1.653124999385482852, -0.8715942556523227358 ) ) ;
#2916 = DIRECTION ( 'NONE',  ( 0.000000000000000000, 1.000000000000000000, 0.000000000000000000 ) ) ;
#2917 = CARTESIAN_POINT ( 'NONE',  ( 7.115967435598910900E-17, -0.7468750006145170595, -1.162125674203096759 ) ) ;
#2918 = ORIENTED_EDGE ( 'NONE', *, *, #807, .F. ) ;
#2919 = ORIENTED_EDGE ( 'NONE', *, *, #470, .F. ) ;
#2920 = CARTESIAN_POINT ( 'NONE',  ( 1.249999999999999778, 0.2937499987709658034, 0.000000000000000000 ) ) ;
#2921 = CARTESIAN_POINT ( 'NONE',  ( 0.7999999999999992673, 6.000000000000000000, -0.5196152422706626917 ) ) ;
#2922 = CARTESIAN_POINT ( 'NONE',  ( -0.5032151781249998290, 3.790624999385482585, -0.8715942556523227358 ) ) ;
#2923 = FACE_OUTER_BOUND ( 'NONE', #1886, .T. ) ;
#2924 = EDGE_CURVE ( 'NONE', #1358, #523, #610, .T. ) ;
#2925 = CARTESIAN_POINT ( 'NONE',  ( 1.743066579297358255E-16, 2.262499999999999289, -1.249999999999999556 ) ) ;
#2926 = ORIENTED_EDGE ( 'NONE', *, *, #1526, .T. ) ;
#2927 = CARTESIAN_POINT ( 'NONE',  ( -1.006430356249999658, 0.3406249993854829072, -0.5810628371015484905 ) ) ;
#2928 = CARTESIAN_POINT ( 'NONE',  ( -1.006430356249999658, 2.590624999385482852, -0.5810628371015486016 ) ) ;
#2929 = CARTESIAN_POINT ( 'NONE',  ( -2.134790230679673516E-16, 0.4906249993854828184, 1.162125674203096759 ) ) ;
#2930 = CARTESIAN_POINT ( 'NONE',  ( -0.3349364905389030644, 3.632596189432334199, -1.249999999999999778 ) ) ;
#2931 = CARTESIAN_POINT ( 'NONE',  ( 7.115967435598909667E-17, 5.215624999385481075, -1.162125674203096537 ) ) ;
#2932 = ORIENTED_EDGE ( 'NONE', *, *, #2643, .F. ) ;
#2933 = CARTESIAN_POINT ( 'NONE',  ( -1.250000000000000000, 1.006249998770965437, 0.7216878364870314977 ) ) ;
#2934 = CARTESIAN_POINT ( 'NONE',  ( -0.07900481095863445824, 0.006430356250002434472, 1.006430356250000324 ) ) ;
#2935 = CARTESIAN_POINT ( 'NONE',  ( -1.006430356249999880, 4.315624999385482496, -1.232521714346292805E-16 ) ) ;
#2936 = CARTESIAN_POINT ( 'NONE',  ( 1.249999999999999778, 3.049999999999999822, 0.000000000000000000 ) ) ;
#2937 = VERTEX_POINT ( 'NONE', #230 ) ;
#2938 = CARTESIAN_POINT ( 'NONE',  ( 1.006430356249999658, 0.6406249993854826741, -0.5810628371015482685 ) ) ;
#2939 = CARTESIAN_POINT ( 'NONE',  ( 7.115967435598910900E-17, 2.065624999385482496, -1.162125674203096759 ) ) ;
#2940 = CARTESIAN_POINT ( 'NONE',  ( -0.5032151781249998290, 0.7531249993854827185, -0.8715942556523227358 ) ) ;
#2941 = CARTESIAN_POINT ( 'NONE',  ( -1.006430356249999880, 4.915624999385482141, 0.5810628371015479354 ) ) ;
#2942 = ORIENTED_EDGE ( 'NONE', *, *, #1046, .T. ) ;
#2943 = CARTESIAN_POINT ( 'NONE',  ( 1.249999999999999556, 0.2562499987709657145, 0.7216878364870328300 ) ) ;
#2944 = CARTESIAN_POINT ( 'NONE',  ( -0.5032151781250003841, 3.040624999385483029, 0.8715942556523225138 ) ) ;
#2945 = CARTESIAN_POINT ( 'NONE',  ( -2.651438096812266917E-16, 0.2374999999999998779, 1.443375672974064106 ) ) ;
#2946 = CARTESIAN_POINT ( 'NONE',  ( 1.249999999999999778, 3.949999999999999734, 0.000000000000000000 ) ) ;
#2947 = LINE ( 'NONE', #2690, #511 ) ;
#2948 = ORIENTED_EDGE ( 'NONE', *, *, #1895, .F. ) ;
#2949 = AXIS2_PLACEMENT_3D ( 'NONE', #439, #655, #2596 ) ;
#2950 = CARTESIAN_POINT ( 'NONE',  ( -4.938688641342514686E-16, 4.231249998770966414, 1.249999999999999778 ) ) ;
#2951 = CARTESIAN_POINT ( 'NONE',  ( -1.006430356249999658, 2.178124999385482319, -1.232521714346292558E-16 ) ) ;
#2952 = AXIS2_PLACEMENT_3D ( 'NONE', #960, #725, #458 ) ;
#2953 = EDGE_CURVE ( 'NONE', #1334, #966, #1705, .T. ) ;
#2954 = CARTESIAN_POINT ( 'NONE',  ( -0.5032151781250003841, 2.253124999385482941, 0.8715942556523225138 ) ) ;
#2955 = DIRECTION ( 'NONE',  ( -0.000000000000000000, -1.000000000000000000, -0.000000000000000000 ) ) ;
#2956 = CARTESIAN_POINT ( 'NONE',  ( -2.134790230679672777E-16, 4.990624999385482319, 1.162125674203096537 ) ) ;
#2957 = ORIENTED_EDGE ( 'NONE', *, *, #1983, .F. ) ;
#2958 = EDGE_CURVE ( 'NONE', #1858, #2093, #2203, .T. ) ;
#2959 = EDGE_CURVE ( 'NONE', #403, #1044, #2187, .T. ) ;
#2960 = CARTESIAN_POINT ( 'NONE',  ( -1.249999999999999778, 0.9312499987709657034, -0.7216878364870323859 ) ) ;
#2961 = CARTESIAN_POINT ( 'NONE',  ( 1.743066579297358255E-16, 0.9124999999999997558, -1.249999999999999556 ) ) ;
#2962 = CARTESIAN_POINT ( 'NONE',  ( 0.5032151781249993849, 4.465624999385482852, 0.8715942556523230689 ) ) ;
#2963 = CARTESIAN_POINT ( 'NONE',  ( -0.6249999999999995559, 0.9499999999999998446, -1.082531754730548412 ) ) ;
#2964 = ADVANCED_FACE ( 'NONE', ( #1494 ), #1968, .T. ) ;
#2965 = CARTESIAN_POINT ( 'NONE',  ( -1.249999999999999556, 0.5374999999999997558, -0.7216878364870324969 ) ) ;
#2966 = ORIENTED_EDGE ( 'NONE', *, *, #2953, .T. ) ;
#2967 = DIRECTION ( 'NONE',  ( -1.251928832280966188E-16, 0.000000000000000000, -1.000000000000000000 ) ) ;
#2968 = CARTESIAN_POINT ( 'NONE',  ( -1.006430356249999880, 2.665624999385482585, 0.5810628371015479354 ) ) ;
#2969 = CARTESIAN_POINT ( 'NONE',  ( 1.249999999999999778, 3.949999999999999734, 0.000000000000000000 ) ) ;
#2970 = EDGE_CURVE ( 'NONE', #1936, #2005, #2631, .T. ) ;
#2971 = CARTESIAN_POINT ( 'NONE',  ( 1.006430356249999658, 3.715624999385482408, 0.5810628371015489346 ) ) ;
#2972 = CARTESIAN_POINT ( 'NONE',  ( 7.115967435598912132E-17, 2.965624999385482408, -1.162125674203096759 ) ) ;
#2973 = CARTESIAN_POINT ( 'NONE',  ( -1.250000000000000000, 2.412499999999999645, 0.7216878364870316087 ) ) ;
#2974 = CARTESIAN_POINT ( 'NONE',  ( 0.5032151781250000511, 1.465624999385482852, -0.8715942556523226248 ) ) ;
#2975 = EDGE_LOOP ( 'NONE', ( #1493, #2684, #2705, #504 ) ) ;
#2976 = CARTESIAN_POINT ( 'NONE',  ( -0.6250000000000004441, 3.743749998770965259, 1.082531754730547968 ) ) ;
#2977 = CARTESIAN_POINT ( 'NONE',  ( 1.191095495853194869E-15, 0.6874999999999997780, 1.249999999999999778 ) ) ;
#2978 = ORIENTED_EDGE ( 'NONE', *, *, #2182, .T. ) ;
#2979 = CARTESIAN_POINT ( 'NONE',  ( -0.9410471752082329999, 0.1425972676612625722, -0.6658460444729491501 ) ) ;
#2980 = CARTESIAN_POINT ( 'NONE',  ( -2.134790230679673516E-16, -0.07187500061451712607, 1.162125674203096759 ) ) ;
#2981 = ORIENTED_EDGE ( 'NONE', *, *, #1476, .F. ) ;
#2982 = EDGE_CURVE ( 'NONE', #1741, #394, #1897, .T. ) ;
#2983 = CARTESIAN_POINT ( 'NONE',  ( 1.006430356249999880, 2.890624999385482674, -0.5810628371015482685 ) ) ;
#2984 = CARTESIAN_POINT ( 'NONE',  ( -2.134790230679673516E-16, 1.840624999385482408, 1.162125674203096759 ) ) ;
#2985 = CARTESIAN_POINT ( 'NONE',  ( -1.249999999999999778, 2.374999999999999556, -1.530808498934191324E-16 ) ) ;
#2986 = CARTESIAN_POINT ( 'NONE',  ( 1.006430356249999658, 1.803124999385482763, 0.5810628371015489346 ) ) ;
#2987 = CARTESIAN_POINT ( 'NONE',  ( 1.249999999999999556, 3.856249998770965082, 0.7216878364870328300 ) ) ;
#2988 = CARTESIAN_POINT ( 'NONE',  ( -1.006430356249999880, 1.165624999385482807, -1.232521714346292805E-16 ) ) ;
#2989 = ORIENTED_EDGE ( 'NONE', *, *, #1265, .T. ) ;
#2990 = CARTESIAN_POINT ( 'NONE',  ( 0.000000000000000000, 4.450000000000000178, 0.000000000000000000 ) ) ;
#2991 =( BOUNDED_CURVE ( )  B_SPLINE_CURVE ( 2, ( #987, #2458, #749, #1495, #259, #1258, #2773, #578, #3010 ),
 .UNSPECIFIED., .F., .T. ) 
 B_SPLINE_CURVE_WITH_KNOTS ( ( 3, 2, 2, 2, 3 ),
 ( 0.4500000000000000111, 0.4555555555555555469, 0.4666666666666666741, 0.4777777777777778012, 0.4833333333333333370 ),
 .UNSPECIFIED. ) 
 CURVE ( )  GEOMETRIC_REPRESENTATION_ITEM ( )  RATIONAL_B_SPLINE_CURVE ( ( 0.9330127018922192983, 0.9330127018922196314, 1.000000000000000000, 0.8660254037844387076, 1.000000000000000000, 0.8660254037844387076, 1.000000000000000000, 0.9330127018922194093, 0.9330127018922194093 ) ) 
 REPRESENTATION_ITEM ( '' )  );
#2992 = CARTESIAN_POINT ( 'NONE',  ( 1.249999999999999778, -1.000000000000000000, 0.000000000000000000 ) ) ;
#2993 = CARTESIAN_POINT ( 'NONE',  ( 1.743066579297358255E-16, 4.062499999999999112, -1.249999999999999556 ) ) ;
#2994 = CARTESIAN_POINT ( 'NONE',  ( 0.000000000000000000, 4.549999999999999822, 1.250000000000000000 ) ) ;
#2995 = EDGE_LOOP ( 'NONE', ( #2981, #1613, #2147, #1593 ) ) ;
#2996 = AXIS2_PLACEMENT_3D ( 'NONE', #1363, #1679, #133 ) ;
#2997 = AXIS2_PLACEMENT_3D ( 'NONE', #1273, #2234, #791 ) ;
#2998 = EDGE_CURVE ( 'NONE', #2099, #1315, #1070, .T. ) ;
#2999 = CARTESIAN_POINT ( 'NONE',  ( 7.115967435598912132E-17, 1.615624999385482319, -1.162125674203096759 ) ) ;
#3000 = CARTESIAN_POINT ( 'NONE',  ( 0.2935421954858307703, 4.450000000000000178, 0.9626707856016304410 ) ) ;
#3001 = TOROIDAL_SURFACE ( 'NONE', #1658, 1.449999999999999956, 0.2000000000000000111 ) ;
#3002 = CARTESIAN_POINT ( 'NONE',  ( -0.5032151781249998290, 1.990624999385482763, -0.8715942556523227358 ) ) ;
#3003 = CARTESIAN_POINT ( 'NONE',  ( 8.838126989374222236E-17, 4.456249998770965171, -1.443375672974064106 ) ) ;
#3004 = CARTESIAN_POINT ( 'NONE',  ( 1.006430356249999880, 2.778124999385482852, -0.5810628371015482685 ) ) ;
#3005 = ORIENTED_EDGE ( 'NONE', *, *, #320, .F. ) ;
#3006 = CARTESIAN_POINT ( 'NONE',  ( 0.6249999999999990008, -0.1750000000000001277, 1.082531754730548634 ) ) ;
#3007 = CARTESIAN_POINT ( 'NONE',  ( 0.5032151781249993849, 0.4156249993854828628, 0.8715942556523230689 ) ) ;
#3008 = B_SPLINE_CURVE_WITH_KNOTS ( 'NONE', 3,
 ( #2410, #212, #464, #2670, #1459, #2438, #3083, #1673 ),
 .UNSPECIFIED., .F., .F.,
 ( 4, 2, 2, 4 ),
 ( 0.0005070138172235330457, 0.0007937282531687328861, 0.001080442689113932618, 0.001653871561004332299 ),
 .UNSPECIFIED. ) ;
#3009 = ORIENTED_EDGE ( 'NONE', *, *, #1021, .T. ) ;
#3010 = CARTESIAN_POINT ( 'NONE',  ( 1.743066579297358255E-16, 2.656249998770964904, -1.249999999999999556 ) ) ;
#3011 = ORIENTED_EDGE ( 'NONE', *, *, #999, .T. ) ;
#3012 = DIRECTION ( 'NONE',  ( -0.000000000000000000, 1.000000000000000000, -0.000000000000000000 ) ) ;
#3013 = CARTESIAN_POINT ( 'NONE',  ( -1.006430356250000102, 2.665624999385482585, 0.5810628371015480464 ) ) ;
#3014 = CARTESIAN_POINT ( 'NONE',  ( -0.6250000000000004441, 2.899999999999999911, 1.082531754730547968 ) ) ;
#3015 = CARTESIAN_POINT ( 'NONE',  ( 7.115967435598910900E-17, 1.053124999385482985, -1.162125674203096759 ) ) ;
#3016 = CARTESIAN_POINT ( 'NONE',  ( 1.249999999999999778, 4.343749998770965348, 0.000000000000000000 ) ) ;
#3017 = CARTESIAN_POINT ( 'NONE',  ( -1.006430356249999880, 1.615624999385482763, -1.232521714346292805E-16 ) ) ;
#3018 = ORIENTED_EDGE ( 'NONE', *, *, #2123, .T. ) ;
#3019 = DIRECTION ( 'NONE',  ( 0.000000000000000000, 0.000000000000000000, -1.000000000000000000 ) ) ;
#3020 = CARTESIAN_POINT ( 'NONE',  ( -0.9573061252359558182, 4.450000000000001066, 0.3105914431648471030 ) ) ;
#3021 = CARTESIAN_POINT ( 'NONE',  ( -0.6249999999999995559, 1.849999999999999645, -1.082531754730548412 ) ) ;
#3022 = CARTESIAN_POINT ( 'NONE',  ( 0.6499999999999985789, 5.099999999999999645, -6.591405301959260314E-15 ) ) ;
#3023 = ORIENTED_EDGE ( 'NONE', *, *, #2315, .F. ) ;
#3024 = CARTESIAN_POINT ( 'NONE',  ( 1.006430356249999658, 1.465624999385482630, 0.5810628371015489346 ) ) ;
#3025 = CARTESIAN_POINT ( 'NONE',  ( 1.006430356249999658, 1.353124999385482585, 0.5810628371015489346 ) ) ;
#3026 = CARTESIAN_POINT ( 'NONE',  ( 1.530808498934191324E-16, 4.450000000000000178, 1.249999999999999778 ) ) ;
#3027 = CARTESIAN_POINT ( 'NONE',  ( 0.6250000000000000000, 2.618749998770965259, -1.082531754730548190 ) ) ;
#3028 = CARTESIAN_POINT ( 'NONE',  ( 1.006430356249999658, 2.253124999385482941, 0.5810628371015489346 ) ) ;
#3029 = DIRECTION ( 'NONE',  ( 0.6546536707079817496, 0.6546536707079754214, 0.3779644730092219795 ) ) ;
#3030 = CARTESIAN_POINT ( 'NONE',  ( -1.249999999999999778, 3.237499999999999378, -0.7216878364870323859 ) ) ;
#3031 = CARTESIAN_POINT ( 'NONE',  ( -0.7236603236209044887, 0.1301213823689255644, -0.8814092691508428334 ) ) ;
#3032 = CARTESIAN_POINT ( 'NONE',  ( -0.5032151781250003841, 0.7906249993854828073, 0.8715942556523225138 ) ) ;
#3033 = CARTESIAN_POINT ( 'NONE',  ( 0.000000000000000000, 4.450000000000000178, 0.000000000000000000 ) ) ;
#3034 = CARTESIAN_POINT ( 'NONE',  ( -0.9573061252359558182, 4.450000000000001066, 0.3105914431648471030 ) ) ;
#3035 = ORIENTED_EDGE ( 'NONE', *, *, #1751, .T. ) ;
#3036 = CARTESIAN_POINT ( 'NONE',  ( -1.006430356249999880, 3.978124999385481697, -1.232521714346292805E-16 ) ) ;
#3037 = LINE ( 'NONE', #3069, #152 ) ;
#3038 = DIRECTION ( 'NONE',  ( -0.000000000000000000, -1.000000000000000000, -0.000000000000000000 ) ) ;
#3039 = CARTESIAN_POINT ( 'NONE',  ( -1.249999999999999556, 3.631249998770966325, -0.7216878364870324969 ) ) ;
#3040 = DIRECTION ( 'NONE',  ( 0.6546536707079764206, 0.6546536707079778639, -0.3779644730092271976 ) ) ;
#3041 = EDGE_CURVE ( 'NONE', #1153, #2837, #1809, .T. ) ;
#3042 = CARTESIAN_POINT ( 'NONE',  ( 0.5032151781249993849, 2.665624999385482585, 0.8715942556523230689 ) ) ;
#3043 = MECHANICAL_DESIGN_GEOMETRIC_PRESENTATION_REPRESENTATION (  '', ( #293 ), #1600 ) ;
#3044 = AXIS2_PLACEMENT_3D ( 'NONE', #333, #2063, #835 ) ;
#3045 = CARTESIAN_POINT ( 'NONE',  ( -0.6249999999999995559, 5.843749998770964460, -1.082531754730548412 ) ) ;
#3046 = CARTESIAN_POINT ( 'NONE',  ( 1.006430356249999880, 2.328124999385483118, -0.5810628371015482685 ) ) ;
#3047 = ORIENTED_EDGE ( 'NONE', *, *, #2539, .T. ) ;
#3048 = CARTESIAN_POINT ( 'NONE',  ( -0.6250000000000004441, 3.349999999999999645, 1.082531754730547968 ) ) ;
#3049 = ADVANCED_FACE ( 'NONE', ( #2580 ), #675, .F. ) ;
#3050 = CARTESIAN_POINT ( 'NONE',  ( -1.006430356249999880, 1.615624999385482763, -1.232521714346292805E-16 ) ) ;
#3051 = DIRECTION ( 'NONE',  ( 0.000000000000000000, 0.000000000000000000, 1.000000000000000000 ) ) ;
#3052 = CARTESIAN_POINT ( 'NONE',  ( -4.336808689942017736E-16, 5.685714285714286831, -0.6185895741317433139 ) ) ;
#3053 = EDGE_LOOP ( 'NONE', ( #1774, #3133, #1833, #1997 ) ) ;
#3054 = ADVANCED_FACE ( 'NONE', ( #3099 ), #1672, .T. ) ;
#3055 = CARTESIAN_POINT ( 'NONE',  ( 7.115967435598910900E-17, 2.965624999385482408, -1.162125674203096759 ) ) ;
#3056 = CARTESIAN_POINT ( 'NONE',  ( 0.3349364905389033975, 3.986153809338631060, -1.249999999999999556 ) ) ;
#3057 = LINE ( 'NONE', #2124, #47 ) ;
#3058 = CARTESIAN_POINT ( 'NONE',  ( 1.006430356249999658, 4.165624999385482141, 0.5810628371015489346 ) ) ;
#3059 = CARTESIAN_POINT ( 'NONE',  ( -1.037291989956366622, 4.450000000000014388, 0.1403842920549069617 ) ) ;
#3060 = EDGE_LOOP ( 'NONE', ( #489, #882, #1290, #2989 ) ) ;
#3061 = CARTESIAN_POINT ( 'NONE',  ( -1.249999999999999778, 5.018749998770965171, -1.530808498934191324E-16 ) ) ;
#3062 = DIRECTION ( 'NONE',  ( -0.000000000000000000, -1.000000000000000000, -0.000000000000000000 ) ) ;
#3063 = CARTESIAN_POINT ( 'NONE',  ( -2.134790230679672777E-16, 3.640624999385482230, 1.162125674203096537 ) ) ;
#3064 = CARTESIAN_POINT ( 'NONE',  ( -0.6249999999999995559, 2.750000000000000000, -1.082531754730548412 ) ) ;
#3065 = DIRECTION ( 'NONE',  ( -0.000000000000000000, -1.000000000000000000, -0.000000000000000000 ) ) ;
#3066 = CARTESIAN_POINT ( 'NONE',  ( 6.245988575815533685E-15, 3.331249998770965171, 1.249999999999999778 ) ) ;
#3067 = CARTESIAN_POINT ( 'NONE',  ( -0.5032151781250003841, 3.040624999385483029, 0.8715942556523225138 ) ) ;
#3068 = CARTESIAN_POINT ( 'NONE',  ( 1.006430356249999880, 3.340624999385482408, -0.5810628371015482685 ) ) ;
#3069 = CARTESIAN_POINT ( 'NONE',  ( 1.530808498934191324E-16, 4.450000000000000178, 1.249999999999999778 ) ) ;
#3070 = CARTESIAN_POINT ( 'NONE',  ( 0.5032151781249993849, 4.015624999385482674, 0.8715942556523230689 ) ) ;
#3071 = CARTESIAN_POINT ( 'NONE',  ( -0.6249999999999995559, 1.849999999999999645, -1.082531754730548412 ) ) ;
#3072 = CYLINDRICAL_SURFACE ( 'NONE', #202, 1.249999999999999778 ) ;
#3073 = ORIENTED_EDGE ( 'NONE', *, *, #1034, .T. ) ;
#3074 = CARTESIAN_POINT ( 'NONE',  ( -1.006430356250000324, -0.4843750006145171039, 0.5810628371015480464 ) ) ;
#3075 = CARTESIAN_POINT ( 'NONE',  ( -0.5032151781250003841, 3.940624999385482496, 0.8715942556523225138 ) ) ;
#3076 = LINE ( 'NONE', #1664, #1956 ) ;
#3077 = CARTESIAN_POINT ( 'NONE',  ( 0.6249999999999990008, 2.074999999999999734, 1.082531754730548634 ) ) ;
#3078 = CARTESIAN_POINT ( 'NONE',  ( -0.5032151781249998290, 1.990624999385482763, -0.8715942556523227358 ) ) ;
#3079 = CARTESIAN_POINT ( 'NONE',  ( 1.250000000000000000, 0.7812499987709656812, -0.7216878364870319418 ) ) ;
#3080 = EDGE_CURVE ( 'NONE', #1729, #222, #2600, .T. ) ;
#3081 = CARTESIAN_POINT ( 'NONE',  ( 1.743066579297358255E-16, 3.556249998770964815, -1.249999999999999556 ) ) ;
#3082 = DIRECTION ( 'NONE',  ( 0.000000000000000000, 0.7071067811865441310, 0.7071067811865510144 ) ) ;
#3083 = CARTESIAN_POINT ( 'NONE',  ( 0.8967337314367799239, 0.2232260276161862900, 0.8532111742040439095 ) ) ;
#3084 = DIRECTION ( 'NONE',  ( 0.000000000000000000, 0.000000000000000000, -1.000000000000000000 ) ) ;
#3085 =( BOUNDED_CURVE ( )  B_SPLINE_CURVE ( 2, ( #145, #1134, #1348, #2320, #1607, #2110, #367, #3056, #1359 ),
 .UNSPECIFIED., .F., .F. ) 
 B_SPLINE_CURVE_WITH_KNOTS ( ( 3, 2, 2, 2, 3 ),
 ( 0.6500000000000000222, 0.6555555555555555580, 0.6666666666666666297, 0.6777777777777778123, 0.6833333333333333481 ),
 .UNSPECIFIED. ) 
 CURVE ( )  GEOMETRIC_REPRESENTATION_ITEM ( )  RATIONAL_B_SPLINE_CURVE ( ( 0.9330127018922194093, 0.9330127018922194093, 1.000000000000000000, 0.8660254037844387076, 1.000000000000000000, 0.8660254037844387076, 1.000000000000000000, 0.9330127018922194093, 0.9330127018922194093 ) ) 
 REPRESENTATION_ITEM ( '' )  );
#3086 = DIRECTION ( 'NONE',  ( 0.000000000000000000, -0.000000000000000000, 1.000000000000000000 ) ) ;
#3087 = CARTESIAN_POINT ( 'NONE',  ( 1.743066579297358255E-16, 2.656249998770964904, -1.249999999999999556 ) ) ;
#3088 = ORIENTED_EDGE ( 'NONE', *, *, #3041, .T. ) ;
#3089 = ADVANCED_FACE ( 'NONE', ( #2380 ), #1166, .F. ) ;
#3090 = CARTESIAN_POINT ( 'NONE',  ( 1.006430356249999880, 0.1531249993854829350, 0.000000000000000000 ) ) ;
#3091 = FACE_OUTER_BOUND ( 'NONE', #1374, .T. ) ;
#3092 = CARTESIAN_POINT ( 'NONE',  ( -0.6250000000000004441, 3.293749998770965526, 1.082531754730547968 ) ) ;
#3093 = AXIS2_PLACEMENT_3D ( 'NONE', #946, #2423, #3113 ) ;
#3094 = CARTESIAN_POINT ( 'NONE',  ( 7.115967435598909667E-17, 2.965624999385482408, -1.162125674203096537 ) ) ;
#3095 = CARTESIAN_POINT ( 'NONE',  ( -0.6249999999999995559, 4.549999999999998934, -1.082531754730548412 ) ) ;
#3096 = CIRCLE ( 'NONE', #350, 2.458578643762694416 ) ;
#3097 = CARTESIAN_POINT ( 'NONE',  ( -0.6250000000000004441, 4.249999999999999112, 1.082531754730547968 ) ) ;
#3098 = CARTESIAN_POINT ( 'NONE',  ( 7.115967435598910900E-17, 3.303124999385482763, -1.162125674203096759 ) ) ;
#3099 = FACE_OUTER_BOUND ( 'NONE', #58, .T. ) ;
#3100 = CARTESIAN_POINT ( 'NONE',  ( 0.000000000000000000, 5.899999999999999467, 2.458578643762694416 ) ) ;
#3101 = DIRECTION ( 'NONE',  ( 0.000000000000000000, 1.000000000000000000, 0.000000000000000000 ) ) ;
#3102 = CARTESIAN_POINT ( 'NONE',  ( -0.5032151781249998290, 5.140624999385482674, -0.8715942556523227358 ) ) ;
#3103 = CARTESIAN_POINT ( 'NONE',  ( -0.3349364905389021763, 2.017403810567665712, 1.250000000000000666 ) ) ;
#3104 = PLANE ( 'NONE',  #2103 ) ;
#3105 = CARTESIAN_POINT ( 'NONE',  ( -0.5032151781249997180, 0.7531249993854827185, -0.8715942556523225138 ) ) ;
#3106 = ORIENTED_EDGE ( 'NONE', *, *, #1285, .T. ) ;
#3107 = CARTESIAN_POINT ( 'NONE',  ( -0.6250000000000004441, 5.543749998770964638, 1.082531754730547968 ) ) ;
#3108 = CARTESIAN_POINT ( 'NONE',  ( 1.006430356249999880, 4.090624999385482852, 0.000000000000000000 ) ) ;
#3109 = DIRECTION ( 'NONE',  ( 0.8660254037844388186, 0.000000000000000000, -0.4999999999999996114 ) ) ;
#3110 = CARTESIAN_POINT ( 'NONE',  ( 0.6250000000000000000, 4.924999999999999822, -1.082531754730548190 ) ) ;
#3111 = VERTEX_POINT ( 'NONE', #1424 ) ;
#3112 = CARTESIAN_POINT ( 'NONE',  ( 0.6678220125532464690, 0.06979478304524761034, -0.8549527759653441361 ) ) ;
#3113 = DIRECTION ( 'NONE',  ( 1.224646799147351975E-16, 0.000000000000000000, -1.000000000000000000 ) ) ;
#3114 = CARTESIAN_POINT ( 'NONE',  ( -2.134790230679673516E-16, 3.078124999385482674, 1.162125674203096759 ) ) ;
#3115 = CARTESIAN_POINT ( 'NONE',  ( -4.938688641342514686E-16, 4.231249998770966414, 1.249999999999999778 ) ) ;
#3116 = CARTESIAN_POINT ( 'NONE',  ( 7.115967435598910900E-17, 5.215624999385481075, -1.162125674203096759 ) ) ;
#3117 = CARTESIAN_POINT ( 'NONE',  ( 1.743066579297358255E-16, 2.656249998770964904, -1.249999999999999556 ) ) ;
#3118 = CARTESIAN_POINT ( 'NONE',  ( 0.000000000000000000, 4.450000000000000178, 0.000000000000000000 ) ) ;
#3119 = FACE_OUTER_BOUND ( 'NONE', #2666, .T. ) ;
#3120 = CARTESIAN_POINT ( 'NONE',  ( 1.006430356249999658, -0.2593750006145170706, -0.5810628371015482685 ) ) ;
#3121 = ORIENTED_EDGE ( 'NONE', *, *, #2998, .F. ) ;
#3122 = CARTESIAN_POINT ( 'NONE',  ( -2.134790230679673516E-16, 0.4906249993854828184, 1.162125674203096759 ) ) ;
#3123 = CARTESIAN_POINT ( 'NONE',  ( -1.006430356249999658, 3.378124999385482941, -0.5810628371015487126 ) ) ;
#3124 = CARTESIAN_POINT ( 'NONE',  ( -4.938688641342514686E-16, 3.837499999999999467, 1.249999999999999778 ) ) ;
#3125 = CARTESIAN_POINT ( 'NONE',  ( -1.006430356250000324, -0.5968750006145171483, 0.5810628371015480464 ) ) ;
#3126 = CARTESIAN_POINT ( 'NONE',  ( 1.250000000000000000, 3.537500000000000089, -0.7216878364870319418 ) ) ;
#3127 = ORIENTED_EDGE ( 'NONE', *, *, #83, .F. ) ;
#3128 = CARTESIAN_POINT ( 'NONE',  ( 0.6250000000000000000, 0.8187499987709656590, -1.082531754730548190 ) ) ;
#3129 = CARTESIAN_POINT ( 'NONE',  ( -2.134790230679673516E-16, 2.628124999385482941, 1.162125674203096759 ) ) ;
#3130 = CARTESIAN_POINT ( 'NONE',  ( 0.9775989194676191207, 0.04597724872791272149, -0.4128231448075037058 ) ) ;
#3131 = CARTESIAN_POINT ( 'NONE',  ( 1.006430356249999880, 4.990624999385482319, 0.000000000000000000 ) ) ;
#3132 = DIRECTION ( 'NONE',  ( 0.000000000000000000, 0.000000000000000000, 1.000000000000000000 ) ) ;
#3133 = ORIENTED_EDGE ( 'NONE', *, *, #656, .T. ) ;
#3134 = CARTESIAN_POINT ( 'NONE',  ( -0.6250000000000004441, 3.743749998770965259, 1.082531754730547968 ) ) ;
#3135 = CARTESIAN_POINT ( 'NONE',  ( 1.743066579297358255E-16, 3.612499999999999378, -1.249999999999999556 ) ) ;
#3136 = CARTESIAN_POINT ( 'NONE',  ( -1.006430356249999658, 1.240624999385482763, -0.5810628371015484905 ) ) ;
#3137 = CARTESIAN_POINT ( 'NONE',  ( 0.5032151781249993849, 0.5281249993854828517, 0.8715942556523230689 ) ) ;
#3138 = EDGE_CURVE ( 'NONE', #222, #1712, #1790, .T. ) ;
#3139 = CARTESIAN_POINT ( 'NONE',  ( 0.7499999999999996669, 5.200000000000000178, -0.4330127018922195758 ) ) ;
#3140 = CARTESIAN_POINT ( 'NONE',  ( 1.006430356249999880, -0.4093750006145170373, 0.000000000000000000 ) ) ;
#3141 = ORIENTED_EDGE ( 'NONE', *, *, #139, .F. ) ;
#3142 = CIRCLE ( 'NONE', #506, 1.250000000000000000 ) ;
#3143 = CARTESIAN_POINT ( 'NONE',  ( -1.249999999999999778, 0.06874999877096578393, -1.530808498934191324E-16 ) ) ;
#3144 = LINE ( 'NONE', #1993, #300 ) ;
#3145 = CARTESIAN_POINT ( 'NONE',  ( 1.006430356249999880, 3.190624999385482941, 0.000000000000000000 ) ) ;
#3146 = ADVANCED_FACE ( 'NONE', ( #555 ), #2767, .F. ) ;
ENDSEC;
END-ISO-10303-21;
